OMPL version 
Experiment wasserstein
5 experiment properties
Q_value double = 0.200000
R double = 0.100000
R_bad_value double = 5.000000
bias_value double = 0.200000
first_solution bool = 0
Running on Vivaldi
Starting at 2024-07-06 19:25:54
<<<|
Properties of the state space 'R2_BELIEFRealVectorSpace0'
  - signature: 2 1 2 
  - dimension: 2
  - extent: 141.421
  - sanity checks for state space passed
  - probability of valid states: 0.814
  - average length of a valid motion: 32.3516
  - average number of samples drawn per second: sampleUniform()=2.34593e+07 sampleUniformNear()=2.46591e+07 sampleGaussian()=1.19419e+07
Settings for the state space 'R2_BELIEFRealVectorSpace0'
  - state validity check resolution: 1%
  - valid segment count factor: 1
  - state space:
Real vector state space 'R2_BELIEFRealVectorSpace0' of dimension 2 with bounds: 
  - min: 0 0 
  - max: 100 100 

Declared parameters:
longest_valid_segment_fraction = 0.01
max_control_duration = 20
min_control_duration = 1
projection.cellsize.0 = 5
projection.cellsize.1 = 5
projection.cellsize_factor = 0
propagation_step_size = 0.1
valid_segment_count_factor = 1
Valid state sampler named uniform with parameters:
nr_attempts = 100
  - control space:
Real vector control space 'RealVectorControl[R2_BELIEFRealVectorSpace0]' with bounds: 
  - min: -10 -10 0 
  - max: 10 10 1 
  - can propagate backward: no
  - propagation step size: 0.1
  - propagation duration: [1, 20]
Planner KPIECE1 specs:
Multithreaded:                 No
Reports approximate solutions: Yes
Can optimize solutions:        No
Aware of the following parameters: bad_score_factor border_fraction goal_bias good_score_factor max_close_samples
Declared parameters for planner KPIECE1:
bad_score_factor = 0.45
border_fraction = 0.8
goal_bias = 0.05
good_score_factor = 0.9
max_close_samples = 30
Start states:
RealVectorState [90 1]
Goal region, threshold = 10, memory address = 0xd11940
Optimization Objective: Path Length @0xd11040
Optimization Threshold: 0
Average state cost: 0
There are 1 solutions

Properties of benchmarked planners:
Planner SSBT specs:
Multithreaded:                 No
Reports approximate solutions: Yes
Can optimize solutions:        No
Aware of the following parameters: goal_bias pruning_radius selection_radius
Planner mod_RRT specs:
Multithreaded:                 No
Reports approximate solutions: Yes
Can optimize solutions:        No
Aware of the following parameters: goal_bias intermediate_states
|>>>
<<<|
Architecture:                       x86_64
CPU op-mode(s):                     32-bit, 64-bit
Byte Order:                         Little Endian
Address sizes:                      39 bits physical, 48 bits virtual
CPU(s):                             16
On-line CPU(s) list:                0-15
Thread(s) per core:                 2
Core(s) per socket:                 8
Socket(s):                          1
NUMA node(s):                       1
Vendor ID:                          GenuineIntel
CPU family:                         6
Model:                              167
Model name:                         11th Gen Intel(R) Core(TM) i7-11700K @ 3.60GHz
Stepping:                           1
CPU MHz:                            3600.000
CPU max MHz:                        5000.0000
CPU min MHz:                        800.0000
BogoMIPS:                           7200.00
Virtualization:                     VT-x
L1d cache:                          384 KiB
L1i cache:                          256 KiB
L2 cache:                           4 MiB
L3 cache:                           16 MiB
NUMA node0 CPU(s):                  0-15
Vulnerability Gather data sampling: Mitigation; Microcode
Vulnerability Itlb multihit:        Not affected
Vulnerability L1tf:                 Not affected
Vulnerability Mds:                  Not affected
Vulnerability Meltdown:             Not affected
Vulnerability Mmio stale data:      Mitigation; Clear CPU buffers; SMT vulnerable
Vulnerability Retbleed:             Mitigation; Enhanced IBRS
Vulnerability Spec rstack overflow: Not affected
Vulnerability Spec store bypass:    Mitigation; Speculative Store Bypass disabled via prctl and seccomp
Vulnerability Spectre v1:           Mitigation; usercopy/swapgs barriers and __user pointer sanitization
Vulnerability Spectre v2:           Mitigation; Enhanced IBRS, IBPB conditional, RSB filling, PBRSB-eIBRS SW sequence
Vulnerability Srbds:                Not affected
Vulnerability Tsx async abort:      Not affected
Flags:                              fpu vme de pse tsc msr pae mce cx8 apic sep mtrr pge mca cmov pat pse36 clflush dts acpi mmx fxsr sse sse2 ss ht tm pbe syscall nx pdpe1gb rdtscp lm constant_tsc art arch_perfmon pebs bts rep_good nopl xtopology nonstop_tsc cpuid aperfmperf tsc_known_freq pni pclmulqdq dtes64 monitor ds_cpl vmx smx est tm2 ssse3 sdbg fma cx16 xtpr pdcm pcid sse4_1 sse4_2 x2apic movbe popcnt tsc_deadline_timer aes xsave avx f16c rdrand lahf_lm abm 3dnowprefetch cpuid_fault epb invpcid_single ssbd ibrs ibpb stibp ibrs_enhanced tpr_shadow vnmi flexpriority ept vpid ept_ad fsgsbase tsc_adjust bmi1 avx2 smep bmi2 erms invpcid mpx avx512f avx512dq rdseed adx smap avx512ifma clflushopt intel_pt avx512cd sha_ni avx512bw avx512vl xsaveopt xsavec xgetbv1 xsaves dtherm ida arat pln pts hwp hwp_notify hwp_act_window hwp_epp hwp_pkg_req avx512vbmi umip pku ospke avx512_vbmi2 gfni vaes vpclmulqdq avx512_vnni avx512_bitalg avx512_vpopcntdq rdpid fsrm md_clear flush_l1d arch_capabilities
|>>>
10943687569353796 is the random seed
10 seconds per run
1000 MB per run
100 runs per planner
1028.52 seconds spent to collect the data
1 enum type
status|Unknown status|Invalid start|Invalid goal|Unrecognized goal type|Timeout|Approximate solution|Exact solution|Crash|Unknown status
2 planners
control_SSBT
11 common properties
goal_bias = 0.05
longest_valid_segment_fraction = 0.01
max_control_duration = 20
min_control_duration = 1
projection.cellsize.0 = 5
projection.cellsize.1 = 5
projection.cellsize_factor = 0
propagation_step_size = 0.1
pruning_radius = 1
selection_radius = 5
valid_segment_count_factor = 1
15 properties for each run
approximate solution BOOLEAN
best cost REAL
correct solution BOOLEAN
graph motions INTEGER
graph states INTEGER
memory REAL
solution clearance REAL
solution difference REAL
solution length REAL
solution path length REAL
solution segments INTEGER
solved BOOLEAN
status ENUM
time REAL
valid segment fraction REAL
100 runs
0; 225.408027; 1; 18780; 18782; 30.168; 0; 0; 9.5; 96.4825; 10; 1; 6; 10.032; 0; 
0; 225.822339; 1; 19733; 19735; 33.3125; 0; 0; 9.5; 97.785; 9; 1; 6; 10.0338; 0; 
0; 228.588454; 1; 19610; 19612; 37.4336; 0; 0; 9.6; 97.87; 9; 1; 6; 10.0243; 0; 
0; 225.562503; 1; 19405; 19407; 38.7227; 0; 0; 9.5; 88.8221; 8; 1; 6; 10.0269; 0; 
0; 224.434852; 1; 19145; 19147; 38.4297; 0; 0; 9.4; 95.3939; 10; 1; 6; 10.0749; 0; 
0; 231.383398; 1; 19630; 19632; 38.7109; 0; 0; 9.7; 97.9794; 10; 1; 6; 10.0315; 0; 
0; 248.548454; 1; 19521; 19523; 39.8008; 0; 0; 10.8; 92.3629; 12; 1; 6; 10.1023; 0; 
0; 227.437795; 1; 18990; 18992; 40.918; 0; 0; 9.4; 94.8006; 10; 1; 6; 10.0398; 0; 
0; 227.140690; 1; 18179; 18181; 41.8477; 0; 0; 9.3; 98.4991; 10; 1; 6; 10.0373; 0; 
0; 239.036897; 1; 18951; 18953; 42.5898; 0; 0; 10; 98.7385; 11; 1; 6; 10.0776; 0; 
0; 238.233478; 1; 18778; 18780; 46.1953; 0; 0; 10.1; 96.587; 10; 1; 6; 10.0593; 0; 
0; 232.603723; 1; 18292; 18294; 47.4844; 0; 0; 9.7; 95.4805; 11; 1; 6; 10.0449; 0; 
0; 237.965553; 1; 18930; 18932; 47.1641; 0; 0; 10.2; 93.3056; 10; 1; 6; 10.0298; 0; 
0; 229.546966; 1; 19182; 19184; 47.9375; 0; 0; 9.7; 92.493; 10; 1; 6; 10.0244; 0; 
0; 239.010758; 1; 18675; 18677; 51.0273; 0; 0; 10.2; 94.8295; 9; 1; 6; 10.0212; 0; 
0; 234.349869; 1; 17906; 17908; 53.6055; 0; 0; 9.7; 97.8841; 11; 1; 6; 10.0584; 0; 
0; 223.930738; 1; 17924; 17926; 53.6055; 0; 0; 9.4; 96.4804; 8; 1; 6; 10.0731; 0; 
0; 231.142902; 1; 18220; 18222; 52.7656; 0; 0; 9.5; 100.549; 10; 1; 6; 10.0617; 0; 
0; 222.961577; 1; 19139; 19141; 53.9414; 0; 0; 9.4; 95.2956; 8; 1; 6; 10.0383; 0; 
0; 237.677540; 1; 18800; 18802; 56.7734; 0; 0; 10.1; 98.6259; 11; 1; 6; 10.0729; 0; 
0; 234.565592; 1; 18615; 18617; 58.8359; 0; 0; 9.8; 95.8141; 11; 1; 6; 10.0887; 0; 
0; 232.861224; 1; 18567; 18569; 58.7891; 0; 0; 9.9; 93.3968; 10; 1; 6; 10.0527; 0; 
0; 237.412418; 1; 19419; 19421; 58.7891; 0; 0; 10; 101.619; 11; 1; 6; 10.0541; 0; 
0; 239.422233; 1; 19307; 19309; 61.8789; 0; 0; 10.1; 99.0363; 10; 1; 6; 10.0837; 0; 
0; 220.200167; 1; 18887; 18889; 64.457; 0; 0; 9.3; 92.7956; 7; 1; 6; 10.049; 0; 
0; 228.666339; 1; 18923; 18925; 63.5078; 0; 0; 9.6; 97.9919; 9; 1; 6; 10.0674; 0; 
0; 225.887973; 1; 19742; 19744; 63.5078; 0; 0; 9.4; 99.8108; 9; 1; 6; 10.1052; 0; 
0; 235.120447; 1; 19464; 19466; 67.1133; 0; 0; 9.9; 99.1133; 8; 1; 6; 10.0051; 0; 
0; 227.090516; 1; 18280; 18282; 68.918; 0; 0; 9.7; 92.8415; 10; 1; 6; 10.0968; 0; 
0; 242.846973; 1; 19253; 19255; 68.0273; 0; 0; 10.2; 99.2372; 9; 1; 6; 10.0702; 0; 
0; 241.581560; 1; 18430; 18432; 68.1719; 0; 0; 10.2; 99.1859; 9; 1; 6; 10.0041; 0; 
0; 232.879106; 1; 18537; 18539; 68.8633; 0; 0; 9.9; 96.8364; 12; 1; 6; 10.0314; 0; 
0; 244.243302; 1; 18729; 18731; 71.9492; 0; 0; 10.4; 97.8296; 10; 1; 6; 10.0163; 0; 
0; 232.434308; 1; 18875; 18877; 74.7852; 0; 0; 9.6; 94.0402; 9; 1; 6; 10.0353; 0; 
0; 226.928724; 1; 19684; 19686; 73.8594; 0; 0; 9.6; 89.477; 8; 1; 6; 10.0666; 0; 
0; 237.951249; 1; 18382; 18384; 76.1719; 0; 0; 10; 99.3373; 11; 1; 6; 10.0664; 0; 
0; 226.712470; 1; 19787; 19789; 77.9766; 0; 0; 9.6; 94.6341; 10; 1; 6; 10.0705; 0; 
0; 223.052700; 1; 18851; 18853; 78.4922; 0; 0; 9.4; 93.5071; 8; 1; 6; 10.0351; 0; 
0; 245.663880; 1; 18766; 18768; 80.0391; 0; 0; 10.5; 94.8704; 12; 1; 6; 10.0896; 0; 
0; 235.721617; 1; 18678; 18680; 79.5742; 0; 0; 10; 97.1924; 10; 1; 6; 10.0632; 0; 
0; 233.260322; 1; 18578; 18580; 80.0781; 0; 0; 9.7; 98.9189; 9; 1; 6; 10.052; 0; 
0; 239.393079; 1; 18537; 18539; 80.7578; 0; 0; 10.1; 100.166; 12; 1; 6; 10.0507; 0; 
0; 238.129549; 1; 19443; 19445; 83.8477; 0; 0; 10; 99.337; 12; 1; 6; 10.0315; 0; 
0; 234.765795; 1; 18759; 18761; 86.4258; 0; 0; 9.9; 96.9135; 11; 1; 6; 10.0599; 0; 
0; 239.424305; 1; 18705; 18707; 85.4844; 0; 0; 10.3; 95.1554; 11; 1; 6; 10.0597; 0; 
0; 227.824260; 1; 18212; 18214; 86.4805; 0; 0; 9.6; 96.4484; 8; 1; 6; 10.0606; 0; 
0; 227.099199; 1; 19018; 19020; 86.6797; 0; 0; 9.5; 92.4937; 10; 1; 6; 10.0818; 0; 
0; 235.274306; 1; 18691; 18693; 88.0078; 0; 0; 9.8; 96.312; 11; 1; 6; 10.0657; 0; 
0; 228.961362; 1; 18476; 18478; 88.9609; 0; 0; 9.7; 91.7001; 9; 1; 6; 10.072; 0; 
0; 226.748259; 1; 19355; 19357; 90.0586; 0; 0; 9.5; 95.6217; 8; 1; 6; 10.0755; 0; 
0; 233.340321; 1; 18811; 18813; 93.4062; 0; 0; 9.9; 91.4215; 10; 1; 6; 10.0584; 0; 
0; 228.076267; 1; 18102; 18104; 95.2109; 0; 0; 9.7; 94.4705; 8; 1; 6; 10.0078; 0; 
0; 236.911692; 1; 18996; 18998; 94.4375; 0; 0; 9.9; 98.5997; 13; 1; 6; 10.0352; 0; 
0; 220.673021; 1; 17954; 17956; 95.1055; 0; 0; 9.3; 92.3087; 9; 1; 6; 10.0699; 0; 
0; 230.874784; 1; 18418; 18420; 95.6641; 0; 0; 9.5; 97.8702; 9; 1; 6; 10.0123; 0; 
0; 236.178694; 1; 18890; 18892; 97.0234; 0; 0; 10; 92.4866; 9; 1; 6; 10.0443; 0; 
0; 230.771846; 1; 19295; 19297; 100.629; 0; 0; 9.8; 91.1859; 11; 1; 6; 10.0574; 0; 
0; 231.153932; 1; 18159; 18161; 102.691; 0; 0; 9.6; 98.4124; 7; 1; 6; 10.1068; 0; 
0; 255.158254; 1; 18987; 18989; 101.738; 0; 0; 10.9; 103.932; 13; 1; 6; 10.0762; 0; 
0; 240.453031; 1; 18962; 18964; 101.992; 0; 0; 10.4; 91.7983; 8; 1; 6; 10.0383; 0; 
0; 229.400293; 1; 18450; 18452; 102.957; 0; 0; 9.7; 99.2047; 8; 1; 6; 10.0165; 0; 
0; 256.976027; 1; 18688; 18690; 104.031; 0; 0; 11.2; 90.4356; 10; 1; 6; 10.0856; 0; 
0; 223.191760; 1; 18380; 18382; 105.426; 0; 0; 9.5; 90.8474; 7; 1; 6; 10.0592; 0; 
0; 226.477899; 1; 18957; 18959; 106.297; 0; 0; 9.5; 91.5655; 8; 1; 6; 10.0665; 0; 
0; 229.527698; 1; 18703; 18705; 107.715; 0; 0; 9.6; 101.236; 10; 1; 6; 10.0795; 0; 
0; 248.373042; 1; 18422; 18424; 110.805; 0; 0; 10.7; 96.7916; 11; 1; 6; 10.0393; 0; 
0; 231.042737; 1; 18991; 18993; 113.641; 0; 0; 9.6; 94.2161; 12; 1; 6; 10.0444; 0; 
0; 231.922439; 1; 19171; 19173; 112.668; 0; 0; 9.6; 92.3426; 9; 1; 6; 10.0533; 0; 
0; 242.341558; 1; 18590; 18592; 112.668; 0; 0; 10.5; 91.0085; 10; 1; 6; 10.0262; 0; 
0; 240.468475; 1; 18410; 18412; 113.262; 0; 0; 10.1; 102.259; 10; 1; 6; 10.0246; 0; 
0; 245.818398; 1; 19308; 19310; 114.465; 0; 0; 10.5; 98.8767; 10; 1; 6; 10.0503; 0; 
0; 224.038701; 1; 18299; 18301; 118.328; 0; 0; 9.5; 92.166; 12; 1; 6; 10.0905; 0; 
0; 226.632602; 1; 18644; 18646; 116.605; 0; 0; 9.7; 91.6719; 7; 1; 6; 10.0699; 0; 
0; 229.581271; 1; 18976; 18978; 117.984; 0; 0; 9.6; 98.0519; 10; 1; 6; 10.0538; 0; 
0; 233.579684; 1; 18524; 18526; 119.348; 0; 0; 9.9; 95.1343; 10; 1; 6; 10.0294; 0; 
0; 245.547670; 1; 18705; 18707; 120.16; 0; 0; 10.6; 95.4958; 8; 1; 6; 10.0606; 0; 
0; 241.831647; 1; 18891; 18893; 121.574; 0; 0; 10.4; 94.755; 12; 1; 6; 10.0378; 0; 
0; 235.208921; 1; 19466; 19468; 124.664; 0; 0; 9.8; 100.182; 11; 1; 6; 10.0686; 0; 
0; 242.222006; 1; 18127; 18129; 127.238; 0; 0; 10.2; 101.803; 11; 1; 6; 10.0414; 0; 
0; 224.645214; 1; 18866; 18868; 126.254; 0; 0; 9.4; 93.7608; 8; 1; 6; 10.068; 0; 
0; 232.731756; 1; 19091; 19093; 126.559; 0; 0; 9.8; 93.8706; 11; 1; 6; 10.0061; 0; 
0; 226.735421; 1; 18416; 18418; 127.555; 0; 0; 9.6; 90.6597; 8; 1; 6; 10.0359; 0; 
0; 231.740796; 1; 19052; 19054; 128.359; 0; 0; 9.9; 92.2907; 10; 1; 6; 10.0411; 0; 
0; 221.922859; 1; 18715; 18717; 129.848; 0; 0; 9.4; 90.057; 6; 1; 6; 10.0733; 0; 
0; 233.703365; 1; 18590; 18592; 130.777; 0; 0; 9.7; 105.462; 13; 1; 6; 10.0731; 0; 
0; 235.934007; 1; 17637; 17639; 131.602; 0; 0; 10; 96.6046; 10; 1; 6; 10.0858; 0; 
0; 235.684520; 1; 18060; 18062; 132.516; 0; 0; 10.1; 95.2575; 11; 1; 6; 10.0072; 0; 
0; 235.099814; 1; 17892; 17894; 134.148; 0; 0; 10; 98.291; 12; 1; 6; 10.1021; 0; 
0; 238.972661; 1; 17934; 17936; 136.211; 0; 0; 10.1; 94.139; 11; 1; 6; 10.0567; 0; 
0; 230.951607; 1; 17926; 17928; 135.383; 0; 0; 9.8; 93.3009; 8; 1; 6; 10.0914; 0; 
0; 241.239832; 1; 18621; 18623; 136.082; 0; 0; 10.2; 96.4752; 8; 1; 6; 10.0929; 0; 
0; 235.236678; 1; 18708; 18710; 137.348; 0; 0; 9.8; 96.0014; 9; 1; 6; 10.101; 0; 
0; 235.632367; 1; 17932; 17934; 140.422; 0; 0; 10.1; 93.3092; 9; 1; 6; 10.0262; 0; 
0; 235.278642; 1; 18363; 18365; 143; 0; 0; 10; 95.9307; 8; 1; 6; 10.1014; 0; 
0; 242.773677; 1; 17491; 17493; 142.109; 0; 0; 10.3; 94.1768; 11; 1; 6; 10.0126; 0; 
0; 242.565127; 1; 17529; 17531; 142.109; 0; 0; 10; 98.0345; 10; 1; 6; 10.0916; 0; 
0; 235.963211; 1; 17905; 17907; 143.324; 0; 0; 10; 96.2362; 10; 1; 6; 10.0982; 0; 
0; 227.663690; 1; 17748; 17750; 144.289; 0; 0; 9.4; 94.0058; 10; 1; 6; 10.0268; 0; 
0; 230.735078; 1; 18522; 18524; 144.984; 0; 0; 9.7; 95.1275; 11; 1; 6; 10.0174; 0; 
0; 237.693139; 1; 17705; 17707; 146.426; 0; 0; 10; 99.7866; 9; 1; 6; 10.1061; 0; 
2 progress properties for each run
best cost REAL
time REAL
100 runs
inf,0.0500677,;1051.626483,0.10014,;1051.626483,0.15024,;1051.626483,0.200319,;1026.844214,0.250403,;1026.844214,0.30049,;1026.844214,0.350611,;1026.844214,0.400701,;1026.844214,0.450818,;1026.844214,0.500892,;929.457603,0.55098,;507.752818,0.601022,;507.752818,0.651104,;507.752818,0.701182,;507.752818,0.751263,;467.721240,0.801336,;437.105085,0.85141,;437.105085,0.901483,;436.630256,0.951558,;436.630256,1.00164,;436.630256,1.05172,;436.630256,1.1018,;436.630256,1.15189,;436.630256,1.20199,;436.630256,1.25208,;436.630256,1.30218,;436.630256,1.35225,;436.630256,1.40235,;436.630256,1.45244,;436.630256,1.50253,;436.630256,1.55262,;436.630256,1.6027,;436.630256,1.65278,;436.630256,1.70287,;436.630256,1.75295,;436.630256,1.80304,;436.630256,1.85312,;436.630256,1.9032,;436.630256,1.9533,;436.630256,2.00337,;436.630256,2.05346,;436.630256,2.10358,;351.574342,2.15368,;351.574342,2.20381,;351.574342,2.2539,;351.574342,2.30398,;351.574342,2.35407,;351.574342,2.40418,;351.574342,2.45427,;351.574342,2.50436,;351.574342,2.55444,;314.971917,2.60452,;314.971917,2.65465,;314.971917,2.70474,;314.971917,2.75483,;314.971917,2.80492,;314.971917,2.855,;314.971917,2.9051,;314.971917,2.95522,;314.971917,3.00531,;314.971917,3.05539,;314.971917,3.10549,;304.791800,3.15558,;304.791800,3.20568,;304.791800,3.25577,;304.791800,3.30586,;304.791800,3.35594,;304.791800,3.40606,;304.791800,3.45612,;304.791800,3.50621,;304.791800,3.5563,;304.791800,3.60638,;304.791800,3.65647,;304.791800,3.70655,;304.791800,3.75665,;304.791800,3.80677,;304.791800,3.85687,;304.791800,3.90698,;304.791800,3.95709,;304.791800,4.00721,;304.791800,4.05729,;304.791800,4.10738,;304.791800,4.15747,;304.791800,4.20756,;304.791800,4.25765,;304.791800,4.30773,;304.791800,4.35783,;304.791800,4.40791,;304.791800,4.45801,;304.791800,4.50809,;304.791800,4.5582,;304.791800,4.60829,;304.791800,4.65837,;304.791800,4.70846,;304.791800,4.75855,;304.791800,4.80863,;236.331509,4.85872,;236.331509,4.90879,;236.331509,4.95889,;236.331509,5.00897,;236.331509,5.05905,;236.331509,5.10914,;236.331509,5.15923,;236.331509,5.20931,;236.331509,5.25939,;236.331509,5.30947,;236.331509,5.35956,;236.331509,5.40965,;236.331509,5.45973,;236.331509,5.50982,;236.331509,5.55991,;236.331509,5.61,;236.331509,5.66009,;236.331509,5.71017,;236.331509,5.76026,;236.331509,5.81034,;236.331509,5.86043,;236.331509,5.91052,;236.331509,5.9606,;236.331509,6.01069,;236.331509,6.06078,;236.331509,6.11087,;236.331509,6.16096,;236.331509,6.21104,;236.331509,6.26113,;236.331509,6.31125,;236.331509,6.36133,;236.331509,6.41141,;236.331509,6.46151,;236.331509,6.51164,;236.331509,6.56175,;236.331509,6.61186,;236.331509,6.66197,;236.331509,6.71209,;236.331509,6.7622,;236.331509,6.81228,;236.331509,6.8624,;236.331509,6.91249,;236.331509,6.96263,;236.331509,7.01273,;236.331509,7.06286,;236.331509,7.11294,;236.331509,7.1631,;236.331509,7.2132,;236.331509,7.26327,;236.331509,7.31337,;236.331509,7.36348,;236.331509,7.4136,;236.331509,7.46372,;236.331509,7.5138,;236.331509,7.56388,;236.331509,7.61399,;231.445843,7.66411,;231.445843,7.71419,;225.408027,7.76427,;225.408027,7.81438,;225.408027,7.86447,;225.408027,7.91455,;225.408027,7.96464,;225.408027,8.01472,;225.408027,8.0648,;225.408027,8.11492,;225.408027,8.16503,;225.408027,8.21515,;225.408027,8.26523,;225.408027,8.31537,;225.408027,8.36548,;225.408027,8.4156,;225.408027,8.46569,;225.408027,8.51578,;225.408027,8.56587,;225.408027,8.61597,;225.408027,8.66604,;225.408027,8.71614,;225.408027,8.76626,;225.408027,8.81634,;225.408027,8.86646,;225.408027,8.91655,;225.408027,8.96664,;225.408027,9.01677,;225.408027,9.06685,;225.408027,9.11695,;225.408027,9.16708,;225.408027,9.21719,;225.408027,9.26728,;225.408027,9.31736,;225.408027,9.36747,;225.408027,9.41755,;225.408027,9.46764,;225.408027,9.51773,;225.408027,9.56782,;225.408027,9.61794,;225.408027,9.66803,;225.408027,9.71815,;225.408027,9.76827,;225.408027,9.8184,;225.408027,9.86847,;225.408027,9.91856,;225.408027,9.96865,;225.408027,10.0187,;
795.570009,0.0500944,;795.570009,0.100202,;785.842362,0.15029,;761.931252,0.20037,;761.931252,0.250469,;761.931252,0.300542,;761.931252,0.350626,;740.520441,0.400741,;740.520441,0.450815,;717.686225,0.50091,;717.686225,0.551028,;717.686225,0.601137,;717.686225,0.651207,;466.291153,0.701312,;466.291153,0.751398,;466.291153,0.801491,;437.043610,0.851569,;437.043610,0.90164,;408.380970,0.951756,;408.380970,1.00184,;408.380970,1.05192,;408.380970,1.10201,;408.380970,1.15209,;401.718491,1.20217,;401.718491,1.25229,;401.718491,1.30238,;401.718491,1.35248,;401.718491,1.40258,;401.718491,1.45269,;401.718491,1.50276,;401.718491,1.55284,;399.919804,1.60295,;399.919804,1.65304,;399.919804,1.70312,;399.919804,1.75322,;399.919804,1.80329,;280.186263,1.85341,;280.186263,1.9035,;280.186263,1.95353,;280.186263,2.00361,;280.186263,2.05368,;280.186263,2.10379,;280.186263,2.15388,;280.186263,2.20399,;280.186263,2.25408,;280.186263,2.30418,;280.186263,2.35427,;280.186263,2.40437,;280.186263,2.45449,;280.186263,2.5046,;280.186263,2.55469,;280.186263,2.6048,;280.186263,2.65487,;280.186263,2.70495,;280.186263,2.75505,;280.186263,2.80514,;280.186263,2.85523,;280.186263,2.90535,;280.186263,2.95546,;280.186263,3.00559,;280.186263,3.0557,;280.186263,3.10577,;280.186263,3.15589,;280.186263,3.206,;280.186263,3.25608,;280.186263,3.30617,;280.186263,3.35625,;280.186263,3.40637,;280.186263,3.45649,;280.186263,3.5066,;280.186263,3.55672,;280.186263,3.60683,;280.186263,3.65696,;280.186263,3.70708,;266.960657,3.75719,;266.960657,3.8073,;266.960657,3.85742,;266.960657,3.90754,;266.960657,3.95762,;266.960657,4.00773,;266.960657,4.05781,;266.960657,4.10792,;266.960657,4.15803,;266.960657,4.20815,;266.960657,4.25824,;266.960657,4.30835,;266.960657,4.35846,;266.960657,4.40858,;266.960657,4.4587,;266.960657,4.50882,;266.960657,4.55894,;266.960657,4.60905,;266.960657,4.65917,;266.960657,4.70925,;266.960657,4.75934,;266.960657,4.80946,;266.960657,4.85957,;266.960657,4.90965,;266.960657,4.95975,;266.960657,5.00982,;266.960657,5.0599,;266.960657,5.11002,;266.960657,5.16013,;266.960657,5.21021,;266.960657,5.26029,;266.960657,5.31038,;266.960657,5.36048,;266.960657,5.41056,;266.960657,5.46064,;266.960657,5.51075,;266.960657,5.56087,;244.692522,5.61095,;244.692522,5.66106,;244.692522,5.71115,;244.692522,5.76123,;244.692522,5.81131,;244.692522,5.86139,;244.692522,5.91147,;244.692522,5.96156,;244.692522,6.01169,;244.692522,6.06176,;239.115526,6.11187,;239.115526,6.16194,;239.115526,6.21204,;232.696609,6.26212,;232.696609,6.3122,;232.696609,6.36229,;232.696609,6.41239,;232.696609,6.4625,;232.696609,6.51263,;232.696609,6.56271,;232.696609,6.61283,;232.696609,6.66291,;230.853547,6.71298,;230.853547,6.76309,;230.853547,6.81317,;230.853547,6.86325,;230.853547,6.91333,;230.853547,6.96341,;230.853547,7.01348,;230.853547,7.06362,;230.853547,7.11369,;230.853547,7.16378,;225.822339,7.21386,;225.822339,7.26393,;225.822339,7.31401,;225.822339,7.36412,;225.822339,7.41421,;225.822339,7.46432,;225.822339,7.51443,;225.822339,7.5646,;225.822339,7.61468,;225.822339,7.66477,;225.822339,7.71484,;225.822339,7.76495,;225.822339,7.81506,;225.822339,7.86515,;225.822339,7.91523,;225.822339,7.96534,;225.822339,8.01542,;225.822339,8.0655,;225.822339,8.11557,;225.822339,8.16565,;225.822339,8.21573,;225.822339,8.2658,;225.822339,8.3159,;225.822339,8.36598,;225.822339,8.41607,;225.822339,8.46616,;225.822339,8.51623,;225.822339,8.56631,;225.822339,8.61641,;225.822339,8.66649,;225.822339,8.71661,;225.822339,8.76669,;225.822339,8.81677,;225.822339,8.86686,;225.822339,8.91697,;225.822339,8.96708,;225.822339,9.01715,;225.822339,9.06723,;225.822339,9.11731,;225.822339,9.16741,;225.822339,9.21751,;225.822339,9.26766,;225.822339,9.31773,;225.822339,9.3678,;225.822339,9.41787,;225.822339,9.46794,;225.822339,9.51802,;225.822339,9.56814,;225.822339,9.61822,;225.822339,9.6683,;225.822339,9.71838,;225.822339,9.76852,;225.822339,9.81861,;225.822339,9.8687,;225.822339,9.91882,;225.822339,9.96889,;225.822339,10.019,;
439.731760,0.0500552,;439.731760,0.100128,;439.731760,0.150216,;420.780575,0.2003,;420.780575,0.250389,;420.780575,0.300476,;420.780575,0.35057,;420.780575,0.400652,;420.780575,0.450735,;420.780575,0.50082,;420.780575,0.550914,;420.780575,0.600991,;405.930177,0.651073,;405.930177,0.701157,;405.930177,0.751233,;405.930177,0.801314,;405.930177,0.851394,;405.930177,0.901479,;405.930177,0.951563,;405.930177,1.00164,;405.930177,1.05172,;405.930177,1.1018,;405.930177,1.15188,;405.930177,1.20196,;405.930177,1.25204,;405.930177,1.30215,;405.930177,1.35224,;405.930177,1.40234,;405.930177,1.45242,;405.930177,1.50253,;405.930177,1.55264,;405.930177,1.60272,;357.264180,1.65284,;357.264180,1.70293,;335.101126,1.75304,;335.101126,1.80315,;335.101126,1.85326,;335.101126,1.90337,;335.101126,1.95349,;335.101126,2.0036,;335.101126,2.05371,;335.101126,2.10382,;335.101126,2.15392,;335.101126,2.20404,;335.101126,2.25413,;335.101126,2.30424,;335.101126,2.35433,;335.101126,2.40441,;335.101126,2.45454,;335.101126,2.50465,;335.101126,2.5548,;335.101126,2.60491,;335.101126,2.65501,;335.101126,2.7051,;335.101126,2.7552,;335.101126,2.80528,;335.101126,2.8554,;335.101126,2.90548,;335.101126,2.95559,;335.101126,3.00567,;335.101126,3.05579,;335.101126,3.10588,;315.342620,3.156,;315.342620,3.20611,;315.342620,3.25622,;315.342620,3.30634,;315.342620,3.35646,;315.342620,3.40657,;315.342620,3.45665,;315.342620,3.50676,;315.342620,3.55688,;315.342620,3.607,;315.342620,3.65712,;315.342620,3.70723,;315.342620,3.75735,;293.445601,3.80743,;293.445601,3.85752,;293.445601,3.9076,;293.445601,3.95769,;293.445601,4.00777,;293.445601,4.05786,;293.445601,4.10795,;293.445601,4.15804,;293.445601,4.20816,;274.026908,4.25826,;274.026908,4.30836,;274.026908,4.35848,;273.805459,4.40861,;273.805459,4.45873,;273.805459,4.50885,;273.805459,4.55895,;273.805459,4.60907,;273.805459,4.65919,;273.805459,4.7093,;273.805459,4.75938,;273.805459,4.8095,;273.805459,4.8596,;273.805459,4.90972,;273.805459,4.95984,;273.805459,5.00993,;273.805459,5.06002,;273.805459,5.11011,;273.805459,5.16023,;273.273986,5.21032,;273.273986,5.26044,;273.273986,5.31052,;273.273986,5.36061,;273.273986,5.4107,;271.872182,5.46081,;271.872182,5.51089,;254.388718,5.56099,;254.388718,5.61114,;254.388718,5.66125,;254.388718,5.71133,;254.388718,5.76141,;254.388718,5.81153,;254.388718,5.8616,;254.388718,5.91171,;254.388718,5.9618,;254.388718,6.01189,;254.388718,6.06198,;254.388718,6.11203,;254.388718,6.16213,;254.388718,6.21221,;254.388718,6.2623,;254.388718,6.3124,;254.388718,6.36249,;254.388718,6.41262,;254.388718,6.4627,;254.388718,6.51279,;254.388718,6.56287,;254.388718,6.61297,;254.388718,6.66307,;254.388718,6.71319,;254.388718,6.76328,;254.388718,6.81337,;254.388718,6.86347,;254.388718,6.91355,;254.388718,6.96366,;254.388718,7.01374,;254.388718,7.06385,;254.388718,7.11394,;254.388718,7.16405,;254.388718,7.21415,;228.588454,7.26426,;228.588454,7.31435,;228.588454,7.36447,;228.588454,7.41456,;228.588454,7.46467,;228.588454,7.51477,;228.588454,7.56488,;228.588454,7.615,;228.588454,7.66509,;228.588454,7.71521,;228.588454,7.7653,;228.588454,7.81542,;228.588454,7.86552,;228.588454,7.91564,;228.588454,7.96571,;228.588454,8.01583,;228.588454,8.06592,;228.588454,8.11604,;228.588454,8.16615,;228.588454,8.21626,;228.588454,8.26634,;228.588454,8.31646,;228.588454,8.36658,;228.588454,8.41669,;228.588454,8.46681,;228.588454,8.51694,;228.588454,8.56702,;228.588454,8.61711,;228.588454,8.66723,;228.588454,8.71731,;228.588454,8.7674,;228.588454,8.81752,;228.588454,8.86764,;228.588454,8.91776,;228.588454,8.96788,;228.588454,9.018,;228.588454,9.06812,;228.588454,9.11824,;228.588454,9.16836,;228.588454,9.21848,;228.588454,9.26859,;228.588454,9.31869,;228.588454,9.36881,;228.588454,9.41892,;228.588454,9.46905,;228.588454,9.51917,;228.588454,9.56926,;228.588454,9.61939,;228.588454,9.66952,;228.588454,9.71964,;228.588454,9.76976,;228.588454,9.81984,;228.588454,9.86993,;228.588454,9.92001,;228.588454,9.97012,;228.588454,10.0202,;
inf,0.0500563,;791.230872,0.100174,;791.230872,0.150256,;791.230872,0.200339,;791.230872,0.250454,;429.523697,0.30051,;429.523697,0.350594,;414.888143,0.400674,;414.888143,0.450809,;414.888143,0.500888,;414.888143,0.550968,;414.888143,0.601046,;414.888143,0.651117,;414.888143,0.701191,;414.888143,0.751268,;414.888143,0.801354,;414.888143,0.851437,;414.888143,0.901551,;414.888143,0.951665,;414.888143,1.00178,;335.058687,1.05185,;335.058687,1.10193,;335.058687,1.15205,;335.058687,1.20218,;335.058687,1.25225,;335.058687,1.30232,;334.866146,1.35241,;334.866146,1.40249,;334.866146,1.4526,;334.866146,1.50269,;334.866146,1.55278,;334.866146,1.60287,;334.866146,1.65293,;334.866146,1.70305,;334.866146,1.75312,;334.866146,1.80324,;334.866146,1.85331,;334.866146,1.90339,;284.444291,1.95347,;284.444291,2.00354,;284.444291,2.05361,;284.444291,2.1037,;284.444291,2.15377,;284.444291,2.20385,;284.444291,2.25394,;284.444291,2.30407,;284.444291,2.35417,;284.444291,2.40425,;284.444291,2.45433,;284.444291,2.50441,;284.444291,2.5545,;284.444291,2.60458,;284.444291,2.65469,;284.444291,2.70481,;284.444291,2.75489,;284.444291,2.80497,;284.444291,2.85505,;275.782638,2.90513,;275.782638,2.95521,;275.782638,3.00533,;275.782638,3.05544,;275.782638,3.10552,;275.782638,3.15561,;275.782638,3.20569,;275.782638,3.25577,;275.782638,3.3059,;275.782638,3.35601,;275.782638,3.40613,;275.782638,3.45622,;275.782638,3.5063,;275.782638,3.55643,;275.782638,3.60651,;275.782638,3.6566,;275.782638,3.7067,;275.782638,3.75678,;275.782638,3.80687,;275.782638,3.85695,;275.782638,3.90703,;275.782638,3.95711,;275.782638,4.00719,;253.933298,4.05727,;253.933298,4.10738,;253.933298,4.15751,;253.933298,4.2076,;253.933298,4.2577,;253.933298,4.30779,;253.933298,4.35787,;253.933298,4.40794,;253.933298,4.45803,;253.933298,4.50813,;253.933298,4.55822,;253.933298,4.60834,;253.933298,4.65846,;239.024929,4.70858,;239.024929,4.75869,;239.024929,4.80878,;239.024929,4.85889,;239.024929,4.90897,;239.024929,4.95908,;239.024929,5.00916,;237.252575,5.05928,;237.252575,5.10937,;237.252575,5.15949,;237.252575,5.20958,;237.252575,5.25966,;237.252575,5.30975,;237.252575,5.35984,;237.252575,5.40996,;237.252575,5.46008,;237.252575,5.51019,;237.252575,5.56027,;237.252575,5.61035,;237.252575,5.66047,;237.252575,5.71056,;237.252575,5.76068,;237.252575,5.8108,;237.252575,5.86093,;237.252575,5.91104,;237.252575,5.96112,;237.252575,6.01126,;237.049933,6.06139,;237.049933,6.11152,;237.049933,6.1616,;237.049933,6.21173,;225.562503,6.26181,;225.562503,6.31189,;225.562503,6.36199,;225.562503,6.41211,;225.562503,6.4622,;225.562503,6.51232,;225.562503,6.56241,;225.562503,6.61254,;225.562503,6.66266,;225.562503,6.71274,;225.562503,6.76282,;225.562503,6.81287,;225.562503,6.86295,;225.562503,6.91304,;225.562503,6.96312,;225.562503,7.0132,;225.562503,7.0633,;225.562503,7.1134,;225.562503,7.16353,;225.562503,7.21362,;225.562503,7.2637,;225.562503,7.31378,;225.562503,7.36387,;225.562503,7.41395,;225.562503,7.46404,;225.562503,7.51414,;225.562503,7.56422,;225.562503,7.61432,;225.562503,7.66443,;225.562503,7.71453,;225.562503,7.76461,;225.562503,7.81471,;225.562503,7.86483,;225.562503,7.91495,;225.562503,7.96503,;225.562503,8.01511,;225.562503,8.06521,;225.562503,8.11534,;225.562503,8.16543,;225.562503,8.21555,;225.562503,8.26565,;225.562503,8.31577,;225.562503,8.36587,;225.562503,8.41598,;225.562503,8.46607,;225.562503,8.51616,;225.562503,8.56628,;225.562503,8.6164,;225.562503,8.66651,;225.562503,8.71661,;225.562503,8.76671,;225.562503,8.81683,;225.562503,8.86695,;225.562503,8.91703,;225.562503,8.96715,;225.562503,9.01723,;225.562503,9.06736,;225.562503,9.11745,;225.562503,9.16755,;225.562503,9.21765,;225.562503,9.26774,;225.562503,9.31784,;225.562503,9.36796,;225.562503,9.41805,;225.562503,9.46817,;225.562503,9.5183,;225.562503,9.56839,;225.562503,9.61847,;225.562503,9.6686,;225.562503,9.71869,;225.562503,9.76882,;225.562503,9.81891,;225.562503,9.86899,;225.562503,9.91912,;225.562503,9.96923,;225.562503,10.0193,;
inf,0.0500672,;854.224056,0.100168,;513.728481,0.15027,;513.728481,0.200368,;513.728481,0.250463,;513.728481,0.300565,;513.728481,0.350679,;513.728481,0.40072,;513.728481,0.450838,;513.728481,0.50093,;513.728481,0.551016,;513.728481,0.601109,;513.728481,0.651191,;513.728481,0.701267,;506.999989,0.751383,;506.999989,0.801457,;506.999989,0.851592,;506.999989,0.901704,;506.999989,0.95178,;506.999989,1.00189,;506.999989,1.05199,;506.999989,1.1021,;506.999989,1.15219,;506.999989,1.20231,;506.999989,1.25241,;504.017911,1.30252,;504.017911,1.35262,;504.017911,1.40274,;504.017911,1.45283,;504.017911,1.50295,;504.017911,1.55307,;504.017911,1.60318,;504.017911,1.65331,;504.017911,1.70343,;504.017911,1.75354,;504.017911,1.80359,;504.017911,1.85371,;504.017911,1.90379,;504.017911,1.95391,;504.017911,2.00401,;504.017911,2.05412,;504.017911,2.10421,;504.017911,2.15432,;504.017911,2.2044,;504.017911,2.25453,;334.904078,2.30463,;334.904078,2.35477,;334.904078,2.40487,;334.904078,2.45499,;272.474326,2.50511,;271.652849,2.55519,;271.652849,2.60529,;271.652849,2.65538,;271.652849,2.70547,;271.652849,2.75556,;271.652849,2.80568,;271.652849,2.85576,;271.652849,2.90587,;250.445967,2.95597,;250.445967,3.00606,;250.445967,3.05616,;250.445967,3.10628,;250.445967,3.15637,;250.445967,3.20649,;250.445967,3.25658,;250.445967,3.3067,;250.445967,3.35683,;250.445967,3.40694,;250.445967,3.45705,;250.445967,3.50714,;250.445967,3.55726,;250.445967,3.60736,;250.445967,3.65745,;250.445967,3.70753,;250.445967,3.75761,;250.445967,3.8077,;250.445967,3.85777,;250.445967,3.90786,;250.445967,3.95794,;250.445967,4.00803,;250.445967,4.05812,;250.445967,4.10821,;250.445967,4.15832,;250.445967,4.20844,;248.995408,4.25855,;248.995408,4.30864,;248.995408,4.35877,;248.995408,4.40886,;248.995408,4.45899,;248.995408,4.5091,;248.995408,4.55922,;248.995408,4.60934,;248.995408,4.65945,;248.995408,4.70956,;248.995408,4.75964,;248.995408,4.80977,;248.995408,4.85985,;248.995408,4.90998,;248.995408,4.96008,;248.995408,5.0102,;248.995408,5.06029,;248.995408,5.11041,;248.995408,5.1605,;248.995408,5.21063,;248.995408,5.26076,;248.995408,5.31084,;248.995408,5.36092,;248.995408,5.41101,;248.995408,5.46111,;248.995408,5.51124,;248.995408,5.56133,;248.995408,5.61146,;248.995408,5.66158,;248.995408,5.71166,;248.995408,5.76178,;248.995408,5.81188,;248.995408,5.86199,;248.995408,5.91208,;248.995408,5.96219,;248.995408,6.01227,;248.995408,6.06235,;248.995408,6.11247,;248.995408,6.16259,;248.995408,6.21269,;248.995408,6.2628,;248.944408,6.3129,;248.944408,6.36297,;248.944408,6.41308,;248.944408,6.46315,;248.944408,6.51325,;248.944408,6.56333,;248.944408,6.61346,;248.944408,6.66355,;248.944408,6.71363,;248.944408,6.76376,;248.944408,6.81387,;248.944408,6.86396,;248.944408,6.91406,;248.944408,6.96415,;248.944408,7.01423,;248.944408,7.0643,;248.944408,7.1144,;248.944408,7.16452,;248.944408,7.21459,;248.944408,7.26469,;248.944408,7.31477,;248.944408,7.36486,;248.944408,7.41498,;248.944408,7.46509,;248.944408,7.5152,;248.944408,7.5653,;244.754455,7.61537,;244.754455,7.66546,;244.754455,7.71554,;244.754455,7.76566,;244.754455,7.81574,;244.754455,7.86583,;244.754455,7.91592,;244.754455,7.96604,;244.754455,8.01611,;244.754455,8.06619,;244.754455,8.11627,;244.754455,8.16634,;244.754455,8.21641,;237.547647,8.26649,;237.547647,8.31658,;237.068479,8.3667,;237.068479,8.41679,;237.068479,8.46688,;237.068479,8.51697,;237.068479,8.56709,;237.068479,8.61717,;237.068479,8.66731,;237.068479,8.71739,;237.068479,8.76751,;236.402046,8.81761,;236.402046,8.86769,;236.402046,8.91781,;236.402046,8.96789,;236.402046,9.01797,;236.402046,9.06807,;236.402046,9.11819,;236.402046,9.16828,;236.402046,9.21839,;236.402046,9.26847,;236.402046,9.31859,;236.402046,9.36867,;236.402046,9.41878,;236.402046,9.46887,;236.402046,9.51896,;236.402046,9.56905,;236.402046,9.61916,;236.402046,9.66927,;236.402046,9.71935,;224.434852,9.76945,;224.434852,9.81956,;224.434852,9.86967,;224.434852,9.91974,;224.434852,9.96985,;224.434852,10.0199,;224.434852,10.07,;
inf,0.0500569,;925.330290,0.100172,;545.887057,0.150286,;545.887057,0.200407,;545.887057,0.250492,;545.887057,0.300567,;545.887057,0.350655,;545.887057,0.400742,;545.887057,0.450857,;545.887057,0.50095,;545.730469,0.551063,;545.730469,0.601173,;545.730469,0.651282,;545.730469,0.701356,;545.730469,0.751469,;545.730469,0.801543,;545.730469,0.851657,;545.730469,0.901754,;545.730469,0.951868,;545.730469,1.00194,;545.730469,1.05207,;545.730469,1.10216,;545.730469,1.15228,;545.730469,1.20236,;545.730469,1.25247,;545.730469,1.30256,;545.730469,1.35264,;545.730469,1.40276,;545.730469,1.45285,;545.730469,1.50296,;545.730469,1.55304,;545.730469,1.60314,;545.730469,1.65321,;545.730469,1.70329,;545.730469,1.75337,;545.730469,1.80345,;545.730469,1.85354,;545.730469,1.90363,;533.665765,1.95373,;533.665765,2.00382,;533.665765,2.05391,;533.665765,2.10403,;533.665765,2.1541,;533.665765,2.20419,;329.288822,2.25428,;329.288822,2.3044,;329.288822,2.35452,;329.288822,2.40459,;329.288822,2.4547,;329.288822,2.50479,;329.288822,2.55491,;329.288822,2.60503,;329.288822,2.65515,;329.288822,2.70526,;329.288822,2.75538,;326.154751,2.80545,;326.154751,2.85555,;326.154751,2.90564,;305.949536,2.95575,;244.629318,3.00585,;244.629318,3.05598,;244.629318,3.10608,;244.629318,3.15616,;244.629318,3.20625,;244.629318,3.25636,;244.629318,3.30644,;244.629318,3.35655,;244.629318,3.40664,;244.629318,3.45672,;244.629318,3.50682,;244.629318,3.55694,;244.629318,3.60706,;244.629318,3.65718,;244.629318,3.70731,;244.629318,3.7574,;244.629318,3.80751,;244.629318,3.85761,;244.629318,3.90773,;244.629318,3.95781,;244.629318,4.00792,;244.629318,4.05801,;244.629318,4.10809,;244.629318,4.15818,;244.629318,4.20826,;244.629318,4.25835,;244.629318,4.30847,;244.629318,4.35855,;244.629318,4.40864,;244.629318,4.45873,;244.629318,4.50886,;244.629318,4.55898,;244.629318,4.60908,;244.629318,4.65919,;244.629318,4.70926,;244.629318,4.75935,;244.629318,4.80943,;244.629318,4.85953,;244.629318,4.90962,;244.629318,4.95971,;244.629318,5.0098,;244.629318,5.0599,;244.629318,5.10999,;241.172258,5.16012,;241.172258,5.21021,;241.172258,5.26032,;241.172258,5.31042,;241.172258,5.3605,;241.172258,5.41057,;241.172258,5.46066,;241.172258,5.51077,;239.517320,5.56089,;239.517320,5.61101,;239.517320,5.66113,;239.517320,5.71125,;239.517320,5.76133,;239.517320,5.81145,;239.517320,5.86157,;239.517320,5.91165,;239.517320,5.96175,;239.517320,6.0119,;239.517320,6.062,;239.517320,6.11211,;239.517320,6.16221,;239.517320,6.21233,;239.517320,6.26242,;239.517320,6.31255,;239.517320,6.36264,;239.517320,6.41276,;239.517320,6.46288,;239.517320,6.513,;239.517320,6.5631,;239.517320,6.61319,;239.517320,6.66331,;239.517320,6.71339,;233.783716,6.76349,;233.783716,6.81358,;233.783716,6.86366,;233.783716,6.91377,;233.783716,6.96388,;233.783716,7.01399,;233.783716,7.06411,;233.783716,7.11423,;233.783716,7.16435,;233.783716,7.21444,;233.783716,7.26457,;233.783716,7.31469,;233.783716,7.36478,;233.783716,7.4149,;233.783716,7.46501,;233.783716,7.51513,;233.783716,7.56523,;233.783716,7.61535,;233.783716,7.66543,;233.783716,7.71554,;233.783716,7.76565,;233.783716,7.81577,;233.783716,7.86589,;233.783716,7.916,;233.783716,7.96612,;233.783716,8.01623,;233.783716,8.06631,;233.783716,8.11645,;233.783716,8.16656,;233.783716,8.21667,;233.783716,8.26678,;233.783716,8.3169,;231.383398,8.36702,;231.383398,8.4171,;231.383398,8.46723,;231.383398,8.51731,;231.383398,8.56743,;231.383398,8.6175,;231.383398,8.66761,;231.383398,8.71773,;231.383398,8.76784,;231.383398,8.81795,;231.383398,8.86806,;231.383398,8.91818,;231.383398,8.96829,;231.383398,9.01841,;231.383398,9.06852,;231.383398,9.11864,;231.383398,9.16876,;231.383398,9.21887,;231.383398,9.26896,;231.383398,9.31908,;231.383398,9.36919,;231.383398,9.41932,;231.383398,9.4694,;231.383398,9.51951,;231.383398,9.5696,;231.383398,9.61972,;231.383398,9.66983,;231.383398,9.71994,;231.383398,9.77005,;231.383398,9.82017,;231.383398,9.87025,;231.383398,9.92033,;231.383398,9.97046,;231.383398,10.0206,;
inf,0.0500702,;1079.391696,0.100187,;1079.391696,0.150297,;1003.044249,0.20037,;1003.044249,0.250444,;1003.044249,0.300515,;1003.044249,0.350624,;1003.044249,0.400734,;1003.044249,0.450821,;1003.044249,0.500919,;1003.044249,0.551038,;540.304921,0.601131,;540.304921,0.651208,;540.304921,0.701326,;540.304921,0.751438,;540.304921,0.80155,;538.762846,0.851642,;507.935633,0.901748,;507.935633,0.951831,;507.935633,1.00191,;507.935633,1.05203,;507.935633,1.10214,;507.935633,1.15221,;507.935633,1.20232,;507.935633,1.2524,;507.935633,1.30253,;507.935633,1.35261,;507.935633,1.40273,;507.935633,1.4528,;507.935633,1.50291,;507.935633,1.553,;507.935633,1.60311,;507.935633,1.6532,;507.935633,1.70332,;507.935633,1.7534,;507.935633,1.80354,;507.935633,1.85363,;507.935633,1.90374,;507.935633,1.95383,;492.058994,2.00395,;492.058994,2.05407,;492.058994,2.10415,;407.884223,2.15424,;407.884223,2.20432,;398.401497,2.25444,;398.401497,2.30453,;398.401497,2.35466,;398.401497,2.40476,;398.401497,2.45488,;290.813350,2.50496,;290.813350,2.55509,;290.813350,2.60518,;290.813350,2.65529,;290.813350,2.7054,;290.813350,2.75551,;290.813350,2.80564,;290.813350,2.85576,;290.813350,2.90588,;290.813350,2.95596,;290.813350,3.00605,;290.813350,3.05617,;289.311517,3.1063,;289.311517,3.15638,;289.311517,3.2065,;289.311517,3.2566,;289.311517,3.30671,;289.311517,3.3568,;289.311517,3.40689,;289.311517,3.45698,;279.017356,3.50709,;279.017356,3.55718,;279.017356,3.6073,;279.017356,3.65742,;279.017356,3.70753,;279.017356,3.75762,;279.017356,3.80775,;279.017356,3.85783,;279.017356,3.90793,;279.017356,3.95802,;279.017356,4.00815,;279.017356,4.05827,;279.017356,4.10835,;265.437490,4.15844,;265.437490,4.20852,;265.437490,4.25864,;265.437490,4.30876,;259.979572,4.35888,;259.979572,4.40897,;259.979572,4.45907,;259.979572,4.50917,;259.979572,4.55929,;259.979572,4.60941,;259.979572,4.65953,;259.979572,4.70961,;259.979572,4.75974,;259.979572,4.80984,;259.979572,4.85997,;259.979572,4.91005,;248.548454,4.96014,;248.548454,5.01026,;248.548454,5.06034,;248.548454,5.11043,;248.548454,5.16052,;248.548454,5.21065,;248.548454,5.26075,;248.548454,5.31087,;248.548454,5.36095,;248.548454,5.41107,;248.548454,5.46119,;248.548454,5.51131,;248.548454,5.56142,;248.548454,5.61154,;248.548454,5.66166,;248.548454,5.71174,;248.548454,5.76183,;248.548454,5.81193,;248.548454,5.86202,;248.548454,5.91211,;248.548454,5.96222,;248.548454,6.0123,;248.548454,6.06242,;248.548454,6.11251,;248.548454,6.16264,;248.548454,6.21276,;248.548454,6.26288,;248.548454,6.313,;248.548454,6.36313,;248.548454,6.41325,;248.548454,6.46337,;248.548454,6.5135,;248.548454,6.56362,;248.548454,6.61375,;248.548454,6.66387,;248.548454,6.71399,;248.548454,6.76411,;248.548454,6.81423,;248.548454,6.8644,;248.548454,6.91452,;248.548454,6.96462,;248.548454,7.0147,;248.548454,7.06478,;248.548454,7.11488,;248.548454,7.16502,;248.548454,7.21514,;248.548454,7.26525,;248.548454,7.31536,;248.548454,7.36546,;248.548454,7.41556,;248.548454,7.46566,;248.548454,7.51576,;248.548454,7.56586,;248.548454,7.61596,;248.548454,7.66606,;248.548454,7.71616,;248.548454,7.76628,;248.548454,7.81637,;248.548454,7.86646,;248.548454,7.91656,;248.548454,7.96664,;248.548454,8.01673,;248.548454,8.06685,;248.548454,8.11693,;248.548454,8.16705,;248.548454,8.21715,;248.548454,8.26724,;248.548454,8.31733,;248.548454,8.36745,;248.548454,8.41758,;248.548454,8.46767,;248.548454,8.5178,;248.548454,8.56788,;248.548454,8.61797,;248.548454,8.66807,;248.548454,8.71819,;248.548454,8.76827,;248.548454,8.81845,;248.548454,8.86853,;248.548454,8.91866,;248.548454,8.96876,;248.548454,9.01887,;248.548454,9.06897,;248.548454,9.11905,;248.548454,9.16915,;248.548454,9.21928,;248.548454,9.26936,;248.548454,9.31948,;248.548454,9.36958,;248.548454,9.4197,;248.548454,9.46982,;248.548454,9.51989,;248.548454,9.57001,;248.548454,9.62009,;248.548454,9.67021,;248.548454,9.72033,;248.548454,9.77044,;248.548454,9.82052,;248.548454,9.87062,;248.548454,9.92071,;248.548454,9.97083,;248.548454,10.0209,;248.548454,10.0711,;
inf,0.0500561,;748.430504,0.100128,;748.430504,0.150209,;742.221198,0.200281,;739.441549,0.25035,;739.441549,0.300461,;560.900277,0.350549,;560.900277,0.400676,;560.900277,0.45076,;560.900277,0.500842,;560.900277,0.550973,;560.900277,0.601063,;560.900277,0.651151,;560.900277,0.701244,;560.900277,0.751329,;477.089989,0.801424,;477.089989,0.851514,;477.089989,0.901631,;477.089989,0.951719,;477.089989,1.00183,;477.089989,1.05192,;477.089989,1.10201,;477.089989,1.15209,;477.089989,1.20218,;477.089989,1.25229,;477.089989,1.30238,;477.089989,1.35246,;477.089989,1.40258,;477.089989,1.45269,;477.089989,1.50276,;477.089989,1.55284,;477.089989,1.60293,;477.089989,1.65301,;477.089989,1.70314,;477.089989,1.75322,;477.089989,1.80334,;477.089989,1.85342,;477.089989,1.90353,;477.089989,1.95362,;477.089989,2.00373,;477.089989,2.05382,;477.089989,2.10393,;477.089989,2.15401,;477.089989,2.20413,;477.089989,2.25424,;477.089989,2.30431,;477.089989,2.3544,;477.089989,2.40449,;477.089989,2.45458,;298.254859,2.5047,;298.254859,2.55477,;298.254859,2.60484,;298.254859,2.65491,;298.254859,2.70499,;298.254859,2.75507,;298.254859,2.80517,;298.254859,2.85526,;298.254859,2.90535,;298.254859,2.95543,;298.254859,3.00552,;283.979850,3.05564,;283.979850,3.10571,;283.979850,3.15579,;283.979850,3.20587,;283.979850,3.25599,;283.979850,3.3061,;283.979850,3.35619,;283.979850,3.40628,;283.979850,3.45636,;283.979850,3.50647,;283.979850,3.55655,;283.979850,3.60666,;283.979850,3.65674,;283.979850,3.70686,;283.979850,3.75697,;283.979850,3.80708,;283.979850,3.8572,;283.979850,3.90731,;283.979850,3.95739,;283.979850,4.00747,;283.979850,4.05753,;283.979850,4.10765,;283.979850,4.15776,;263.138884,4.20784,;263.138884,4.25792,;263.138884,4.308,;263.138884,4.35809,;263.138884,4.40817,;263.138884,4.45826,;263.138884,4.50835,;263.138884,4.55847,;263.138884,4.60854,;263.138884,4.65863,;263.138884,4.70875,;263.138884,4.75882,;263.138884,4.80891,;263.138884,4.859,;263.138884,4.90909,;263.138884,4.95918,;263.138884,5.00926,;263.138884,5.05935,;263.138884,5.10943,;262.252818,5.15951,;262.252818,5.2096,;262.252818,5.2597,;249.885163,5.30979,;249.885163,5.35988,;249.885163,5.40996,;249.885163,5.46005,;249.885163,5.51013,;249.885163,5.56022,;249.885163,5.61031,;249.885163,5.6604,;240.895054,5.71049,;240.895054,5.76057,;240.895054,5.81066,;240.895054,5.86075,;240.895054,5.91085,;240.895054,5.96096,;240.895054,6.01108,;240.895054,6.0612,;240.895054,6.11132,;240.895054,6.16143,;240.895054,6.21152,;240.895054,6.26164,;240.895054,6.31177,;240.895054,6.36188,;240.895054,6.412,;240.895054,6.46212,;240.895054,6.51222,;240.895054,6.56234,;240.895054,6.61246,;240.895054,6.66253,;240.895054,6.71261,;240.895054,6.76274,;240.895054,6.81286,;240.895054,6.86298,;240.895054,6.91309,;240.895054,6.96318,;240.895054,7.01331,;240.895054,7.06342,;240.895054,7.11354,;240.895054,7.16363,;240.895054,7.21373,;240.895054,7.26381,;240.895054,7.31393,;240.895054,7.36405,;240.895054,7.41416,;240.895054,7.46427,;240.895054,7.51439,;240.895054,7.56445,;240.895054,7.61457,;240.895054,7.6647,;240.895054,7.71482,;240.895054,7.76493,;240.895054,7.81505,;240.895054,7.86514,;240.895054,7.91526,;240.895054,7.96539,;240.895054,8.01551,;240.895054,8.06562,;240.895054,8.11574,;240.895054,8.16582,;240.895054,8.21591,;240.895054,8.266,;240.895054,8.31608,;240.895054,8.36617,;240.895054,8.41625,;240.895054,8.46634,;240.895054,8.5164,;240.895054,8.56648,;240.895054,8.61656,;240.895054,8.66665,;240.895054,8.71673,;240.895054,8.76681,;240.895054,8.8169,;240.895054,8.86698,;240.895054,8.91706,;240.895054,8.96714,;240.895054,9.01723,;240.895054,9.06732,;240.895054,9.1174,;240.895054,9.16748,;240.895054,9.21757,;240.895054,9.26765,;240.895054,9.31774,;240.895054,9.36783,;240.895054,9.41791,;240.895054,9.46799,;240.895054,9.51808,;240.895054,9.56816,;238.128496,9.61825,;238.128496,9.66833,;238.128496,9.71841,;238.128496,9.76849,;227.437795,9.81858,;227.437795,9.86865,;227.437795,9.91874,;227.437795,9.96882,;227.437795,10.0189,;
inf,0.0500742,;inf,0.100188,;416.195759,0.150305,;375.041466,0.200416,;355.520381,0.250505,;355.520381,0.300623,;355.520381,0.350735,;355.520381,0.400842,;353.461124,0.450927,;353.461124,0.50102,;353.461124,0.5511,;353.461124,0.601189,;353.461124,0.651305,;353.461124,0.701383,;346.647743,0.751513,;346.647743,0.801595,;346.647743,0.851705,;346.647743,0.901784,;346.647743,0.951874,;346.647743,1.00196,;346.647743,1.05204,;346.647743,1.10213,;346.647743,1.15221,;346.647743,1.20232,;346.647743,1.25243,;346.647743,1.30252,;346.647743,1.35263,;346.647743,1.40274,;346.647743,1.45285,;346.647743,1.50293,;328.947470,1.55305,;328.947470,1.60312,;328.947470,1.65323,;303.609738,1.70332,;303.609738,1.75344,;303.609738,1.80355,;303.609738,1.85366,;303.609738,1.90377,;303.609738,1.95389,;303.609738,2.004,;303.609738,2.05408,;303.609738,2.10418,;303.609738,2.15426,;303.609738,2.20434,;303.609738,2.25442,;303.609738,2.3045,;303.609738,2.35457,;289.850217,2.40465,;289.850217,2.45473,;289.850217,2.5048,;289.850217,2.55488,;289.850217,2.60497,;289.850217,2.65505,;289.850217,2.70513,;289.850217,2.75521,;289.850217,2.8053,;289.850217,2.85536,;289.850217,2.90544,;289.850217,2.95555,;289.850217,3.00567,;289.850217,3.05578,;289.850217,3.10586,;289.850217,3.15597,;289.850217,3.20608,;289.850217,3.25619,;289.850217,3.30632,;289.850217,3.35645,;289.850217,3.40655,;289.850217,3.45665,;289.850217,3.50675,;289.850217,3.55684,;242.518811,3.60696,;242.518811,3.65705,;242.518811,3.70716,;242.518811,3.75728,;242.518811,3.8074,;242.518811,3.85748,;242.518811,3.90759,;242.518811,3.95769,;242.518811,4.0078,;242.518811,4.05791,;242.518811,4.10802,;242.518811,4.15811,;242.518811,4.20823,;242.518811,4.25834,;242.518811,4.30843,;242.518811,4.35855,;242.518811,4.40864,;242.518811,4.45873,;242.518811,4.50886,;242.518811,4.55897,;242.518811,4.60905,;242.518811,4.65917,;242.518811,4.70929,;242.518811,4.75938,;242.518811,4.80946,;242.518811,4.85954,;242.518811,4.90964,;235.862617,4.95975,;235.862617,5.00984,;235.862617,5.05995,;235.862617,5.11003,;235.862617,5.16011,;235.862617,5.21019,;235.862617,5.26027,;235.862617,5.31037,;235.862617,5.36046,;235.862617,5.41054,;235.862617,5.46065,;235.862617,5.51076,;235.862617,5.56088,;235.862617,5.61099,;235.862617,5.6611,;235.862617,5.71121,;235.862617,5.76133,;235.862617,5.81148,;235.862617,5.86155,;235.862617,5.91167,;235.862617,5.96175,;235.862617,6.01187,;235.862617,6.06195,;235.862617,6.11208,;235.862617,6.16216,;235.862617,6.21228,;235.862617,6.26237,;235.862617,6.31248,;235.862617,6.36258,;235.862617,6.41269,;235.862617,6.46281,;235.862617,6.51292,;235.862617,6.56303,;235.862617,6.61314,;235.862617,6.66325,;235.862617,6.71332,;235.862617,6.76341,;235.862617,6.81349,;235.862617,6.86356,;235.862617,6.91364,;235.862617,6.96372,;235.862617,7.01381,;235.862617,7.0639,;235.862617,7.11398,;235.862617,7.16406,;235.862617,7.21415,;235.862617,7.26425,;235.862617,7.31434,;235.862617,7.36442,;235.862617,7.41451,;235.862617,7.46461,;235.862617,7.51469,;235.862617,7.56481,;235.862617,7.6149,;235.862617,7.66499,;235.862617,7.71511,;235.862617,7.76519,;235.862617,7.81527,;235.862617,7.86535,;235.862617,7.91543,;235.862617,7.9655,;235.862617,8.01561,;235.862617,8.06569,;235.862617,8.11578,;235.862617,8.1659,;235.862617,8.21602,;235.862617,8.26613,;235.862617,8.31624,;235.862617,8.36634,;235.862617,8.41645,;235.862617,8.46658,;235.862617,8.51666,;235.862617,8.56679,;235.862617,8.61687,;235.862617,8.66694,;235.862617,8.71706,;235.862617,8.76714,;235.862617,8.81728,;235.862617,8.86739,;227.140690,8.91747,;227.140690,8.96755,;227.140690,9.01765,;227.140690,9.06772,;227.140690,9.1178,;227.140690,9.16788,;227.140690,9.21797,;227.140690,9.26806,;227.140690,9.31816,;227.140690,9.36827,;227.140690,9.41835,;227.140690,9.46844,;227.140690,9.51853,;227.140690,9.56864,;227.140690,9.61874,;227.140690,9.66885,;227.140690,9.71896,;227.140690,9.76906,;227.140690,9.81923,;227.140690,9.86929,;227.140690,9.91937,;227.140690,9.96945,;227.140690,10.0195,;
inf,0.0500643,;inf,0.100142,;inf,0.150216,;792.939553,0.200285,;779.552385,0.250383,;779.552385,0.30049,;775.541627,0.350605,;479.442945,0.400719,;463.218887,0.450803,;463.218887,0.500918,;463.218887,0.550994,;451.728170,0.601111,;451.728170,0.6512,;451.728170,0.701277,;451.728170,0.751392,;451.728170,0.801506,;451.728170,0.851626,;451.728170,0.901737,;451.728170,0.95185,;451.728170,1.00196,;451.728170,1.05205,;451.728170,1.10217,;451.728170,1.15228,;451.728170,1.20239,;446.263781,1.2525,;446.263781,1.30258,;446.263781,1.3527,;446.263781,1.40279,;446.263781,1.45292,;446.263781,1.503,;326.157695,1.55313,;312.065116,1.60324,;312.065116,1.65336,;312.065116,1.70347,;312.065116,1.75359,;312.065116,1.80377,;312.065116,1.85384,;312.065116,1.90395,;254.453067,1.95404,;254.453067,2.00416,;254.453067,2.05426,;254.453067,2.10433,;254.453067,2.15441,;254.453067,2.2045,;254.453067,2.25462,;254.453067,2.3047,;254.453067,2.35482,;254.453067,2.40491,;254.453067,2.45501,;254.453067,2.50514,;254.453067,2.55523,;254.453067,2.60535,;254.453067,2.65546,;254.453067,2.70559,;254.453067,2.75571,;254.453067,2.80578,;254.453067,2.85589,;254.453067,2.90597,;254.453067,2.95608,;254.453067,3.00616,;254.453067,3.05626,;254.453067,3.10636,;254.453067,3.15647,;254.453067,3.20656,;254.453067,3.25672,;254.453067,3.30681,;254.453067,3.35692,;254.453067,3.40703,;254.453067,3.45714,;254.453067,3.50725,;254.453067,3.55736,;254.453067,3.60747,;254.453067,3.65759,;254.453067,3.7077,;254.453067,3.75778,;254.453067,3.80785,;254.453067,3.85793,;254.453067,3.90802,;254.453067,3.95811,;254.453067,4.00825,;254.453067,4.05837,;254.453067,4.10848,;254.453067,4.1586,;254.453067,4.20872,;254.453067,4.25881,;254.453067,4.3089,;254.453067,4.359,;254.453067,4.40908,;254.453067,4.45921,;254.453067,4.50929,;254.453067,4.55938,;254.453067,4.60951,;254.453067,4.65963,;254.453067,4.70975,;254.453067,4.75987,;254.453067,4.80996,;254.453067,4.86007,;254.453067,4.91018,;254.453067,4.9603,;254.453067,5.01038,;254.453067,5.0605,;254.453067,5.11058,;254.453067,5.1607,;254.453067,5.21081,;254.453067,5.2609,;254.453067,5.31102,;254.453067,5.36113,;254.453067,5.41125,;254.453067,5.46133,;254.453067,5.51145,;254.453067,5.56154,;254.453067,5.61163,;254.453067,5.66173,;254.453067,5.71186,;254.453067,5.76194,;254.453067,5.81205,;254.453067,5.86214,;254.453067,5.91225,;254.453067,5.96234,;254.453067,6.01246,;254.453067,6.06254,;254.453067,6.11265,;254.453067,6.16274,;254.453067,6.21286,;254.453067,6.26296,;254.453067,6.31308,;254.453067,6.36323,;254.453067,6.41334,;254.453067,6.46347,;254.453067,6.51359,;248.306983,6.56368,;248.306983,6.61377,;248.306983,6.66385,;239.234196,6.71393,;239.234196,6.76402,;239.234196,6.81412,;239.234196,6.86424,;239.234196,6.91434,;239.234196,6.96443,;239.234196,7.01453,;239.234196,7.06466,;239.234196,7.11476,;239.234196,7.16485,;239.234196,7.21497,;239.234196,7.26506,;239.234196,7.31515,;239.234196,7.36527,;239.234196,7.41538,;239.234196,7.46546,;239.234196,7.51556,;239.234196,7.56564,;239.234196,7.61573,;239.234196,7.66582,;239.234196,7.71594,;239.234196,7.76606,;239.234196,7.81619,;239.234196,7.86628,;239.234196,7.9164,;239.234196,7.96649,;239.234196,8.01661,;239.234196,8.0667,;239.234196,8.11682,;239.234196,8.16689,;239.234196,8.217,;239.234196,8.26709,;239.234196,8.31717,;239.234196,8.36729,;239.234196,8.41741,;239.234196,8.46753,;239.234196,8.51762,;239.234196,8.56771,;239.234196,8.61779,;239.234196,8.66792,;239.234196,8.71799,;239.234196,8.76811,;239.036897,8.81823,;239.036897,8.86835,;239.036897,8.91843,;239.036897,8.96857,;239.036897,9.01867,;239.036897,9.06879,;239.036897,9.11891,;239.036897,9.16898,;239.036897,9.21906,;239.036897,9.26918,;239.036897,9.31926,;239.036897,9.36937,;239.036897,9.4195,;239.036897,9.46962,;239.036897,9.51974,;239.036897,9.56982,;239.036897,9.61991,;239.036897,9.67001,;239.036897,9.72016,;239.036897,9.77025,;239.036897,9.82035,;239.036897,9.87044,;239.036897,9.92056,;239.036897,9.97067,;239.036897,10.0208,;239.036897,10.0709,;
inf,0.0500934,;960.251644,0.100165,;959.780574,0.150287,;959.780574,0.200368,;959.780574,0.250467,;916.893923,0.300548,;916.893923,0.350662,;916.893923,0.400747,;886.241958,0.45087,;886.241958,0.500948,;886.241958,0.551065,;886.241958,0.601182,;886.241958,0.651303,;886.241958,0.701409,;886.241958,0.75148,;886.241958,0.801562,;849.080335,0.851646,;849.080335,0.901766,;849.080335,0.95184,;849.080335,1.00195,;849.080335,1.05202,;849.080335,1.10213,;849.080335,1.15225,;849.080335,1.20236,;849.080335,1.25245,;849.080335,1.30257,;340.576557,1.35264,;340.576557,1.40276,;340.576557,1.45285,;340.576557,1.50296,;340.576557,1.55308,;340.576557,1.60316,;340.576557,1.65323,;340.576557,1.70329,;325.303871,1.7534,;325.303871,1.80351,;310.016656,1.8536,;310.016656,1.90368,;310.016656,1.95377,;310.016656,2.00386,;310.016656,2.05394,;310.016656,2.10403,;310.016656,2.15412,;310.016656,2.2042,;310.016656,2.25428,;310.016656,2.30437,;310.016656,2.35449,;310.016656,2.40457,;310.016656,2.45469,;310.016656,2.50477,;310.016656,2.55489,;310.016656,2.60496,;310.016656,2.65504,;310.016656,2.70515,;310.016656,2.75523,;256.906955,2.8053,;256.906955,2.85537,;256.906955,2.90548,;256.906955,2.95556,;256.906955,3.00568,;256.906955,3.05576,;249.915012,3.10583,;243.347197,3.15591,;243.347197,3.20599,;243.347197,3.2561,;243.327314,3.30621,;243.327314,3.3563,;243.327314,3.40641,;243.327314,3.45651,;243.327314,3.50662,;243.327314,3.5567,;243.327314,3.60678,;243.327314,3.65686,;243.327314,3.70698,;243.327314,3.75709,;243.327314,3.80716,;243.327314,3.85724,;243.327314,3.90732,;243.327314,3.95743,;243.327314,4.00752,;243.249611,4.05761,;243.249611,4.10771,;243.249611,4.15782,;243.249611,4.20791,;243.249611,4.25803,;243.249611,4.30812,;243.249611,4.35823,;243.249611,4.40832,;243.249611,4.45841,;243.249611,4.50848,;243.249611,4.55859,;243.249611,4.60868,;243.249611,4.65878,;243.249611,4.7089,;243.249611,4.75898,;243.249611,4.80906,;243.249611,4.85915,;243.249611,4.90926,;243.249611,4.95934,;243.249611,5.00946,;243.249611,5.05954,;243.249611,5.10963,;243.249611,5.15973,;243.249611,5.20985,;243.249611,5.25993,;243.249611,5.31003,;243.249611,5.36011,;243.249611,5.41022,;243.249611,5.46032,;243.249611,5.51041,;243.249611,5.5605,;243.249611,5.61058,;243.249611,5.66071,;243.249611,5.71083,;243.249611,5.76094,;243.249611,5.81106,;243.249611,5.86117,;243.249611,5.91123,;243.249611,5.96139,;243.249611,6.01147,;243.249611,6.06155,;243.249611,6.11164,;243.249611,6.16175,;243.249611,6.21183,;243.249611,6.26195,;243.249611,6.31203,;243.249611,6.36215,;243.249611,6.41227,;243.249611,6.46236,;243.249611,6.51246,;243.249611,6.56257,;243.249611,6.61265,;243.249611,6.66273,;243.249611,6.71283,;243.249611,6.76291,;243.249611,6.813,;243.249611,6.86308,;243.249611,6.91316,;243.249611,6.96329,;243.249611,7.01341,;243.249611,7.06349,;243.249611,7.11357,;243.249611,7.16366,;243.249611,7.21378,;238.233478,7.26386,;238.233478,7.31394,;238.233478,7.36401,;238.233478,7.41409,;238.233478,7.46419,;238.233478,7.51429,;238.233478,7.56439,;238.233478,7.6145,;238.233478,7.6646,;238.233478,7.71471,;238.233478,7.7648,;238.233478,7.81492,;238.233478,7.86501,;238.233478,7.9151,;238.233478,7.96519,;238.233478,8.01525,;238.233478,8.06533,;238.233478,8.11541,;238.233478,8.16549,;238.233478,8.21557,;238.233478,8.26569,;238.233478,8.31578,;238.233478,8.36587,;238.233478,8.41597,;238.233478,8.46605,;238.233478,8.51614,;238.233478,8.56622,;238.233478,8.61634,;238.233478,8.66647,;238.233478,8.71655,;238.233478,8.76667,;238.233478,8.81678,;238.233478,8.86689,;238.233478,8.91701,;238.233478,8.96713,;238.233478,9.01722,;238.233478,9.06734,;238.233478,9.11746,;238.233478,9.16757,;238.233478,9.21769,;238.233478,9.26778,;238.233478,9.31787,;238.233478,9.36799,;238.233478,9.4181,;238.233478,9.46819,;238.233478,9.51827,;238.233478,9.56837,;238.233478,9.61852,;238.233478,9.6686,;238.233478,9.71871,;238.233478,9.76883,;238.233478,9.81894,;238.233478,9.86905,;238.233478,9.91914,;238.233478,9.96923,;238.233478,10.0193,;
598.391816,0.0500637,;598.391816,0.100147,;594.669083,0.150235,;594.669083,0.200315,;594.669083,0.25041,;594.669083,0.30051,;594.669083,0.350597,;592.151548,0.400684,;592.151548,0.450803,;592.151548,0.500893,;592.151548,0.551015,;592.151548,0.601126,;592.151548,0.651207,;592.151548,0.701331,;592.151548,0.751412,;592.151548,0.801516,;592.151548,0.851633,;592.151548,0.901749,;518.725019,0.951837,;518.725019,1.00195,;518.725019,1.05202,;518.725019,1.10212,;518.725019,1.1522,;518.725019,1.20231,;518.725019,1.25243,;502.312675,1.30254,;502.312675,1.35265,;502.312675,1.40272,;502.312675,1.4528,;502.312675,1.50288,;502.312675,1.55297,;502.312675,1.60307,;502.312675,1.65316,;502.312675,1.70324,;502.312675,1.75333,;502.312675,1.80345,;502.312675,1.85354,;502.312675,1.90366,;502.312675,1.95378,;502.312675,2.00386,;502.312675,2.05398,;502.312675,2.1041,;502.312675,2.15422,;502.312675,2.2043,;502.312675,2.25441,;502.312675,2.3045,;502.312675,2.35462,;502.312675,2.40471,;502.312675,2.4548,;502.312675,2.5049,;502.312675,2.55499,;502.312675,2.60508,;502.312675,2.65524,;502.312675,2.70533,;502.312675,2.75545,;502.312675,2.80555,;502.312675,2.85562,;502.312675,2.90571,;291.861287,2.9558,;291.861287,3.00589,;291.861287,3.05599,;291.861287,3.1061,;291.861287,3.15618,;291.861287,3.20629,;291.861287,3.25637,;291.861287,3.30647,;291.861287,3.35657,;291.861287,3.40669,;291.861287,3.45677,;291.861287,3.50684,;291.861287,3.55692,;291.861287,3.60702,;291.861287,3.65711,;291.861287,3.70723,;291.861287,3.75731,;291.861287,3.80743,;291.861287,3.85756,;291.861287,3.90765,;291.861287,3.95778,;291.861287,4.00789,;291.861287,4.05801,;262.243786,4.10808,;262.243786,4.15816,;262.243786,4.20824,;262.243786,4.25833,;262.243786,4.30841,;262.243786,4.3585,;262.243786,4.40859,;262.243786,4.45872,;262.243786,4.50881,;262.243786,4.55894,;262.243786,4.60906,;262.243786,4.65915,;262.243786,4.70923,;262.243786,4.75932,;262.243786,4.80942,;262.243786,4.8595,;262.243786,4.90959,;262.243786,4.95968,;262.243786,5.00976,;262.243786,5.05988,;262.243786,5.10998,;262.243786,5.16006,;262.243786,5.21015,;262.243786,5.26023,;262.243786,5.31031,;262.243786,5.3604,;262.243786,5.41049,;246.069072,5.4606,;246.069072,5.51075,;246.069072,5.56083,;246.069072,5.61094,;246.069072,5.66103,;246.069072,5.71116,;246.069072,5.76125,;246.069072,5.81137,;246.069072,5.86146,;246.069072,5.91158,;246.069072,5.96169,;246.069072,6.01181,;246.069072,6.06188,;246.069072,6.11201,;246.069072,6.16213,;246.069072,6.21221,;246.069072,6.26229,;246.069072,6.3124,;246.069072,6.36252,;246.069072,6.4126,;246.069072,6.46268,;246.069072,6.51278,;246.069072,6.56288,;246.069072,6.613,;246.069072,6.66309,;246.069072,6.71319,;246.069072,6.76327,;246.069072,6.81337,;246.069072,6.86349,;246.069072,6.91358,;246.069072,6.96368,;246.069072,7.01378,;246.069072,7.06387,;246.069072,7.114,;246.069072,7.16413,;246.069072,7.21423,;246.069072,7.26432,;246.069072,7.3144,;246.069072,7.36452,;246.069072,7.41461,;246.069072,7.46471,;246.069072,7.51484,;246.069072,7.56497,;246.069072,7.61509,;246.069072,7.66519,;246.069072,7.7153,;246.069072,7.76542,;246.069072,7.81553,;246.069072,7.86565,;246.069072,7.91578,;246.069072,7.96588,;246.069072,8.01596,;246.069072,8.06609,;246.069072,8.11617,;246.069072,8.16629,;246.069072,8.21638,;246.069072,8.26651,;246.069072,8.31662,;246.069072,8.36674,;246.069072,8.41686,;246.069072,8.46695,;246.069072,8.51707,;246.069072,8.56717,;246.069072,8.61727,;246.069072,8.66735,;246.069072,8.71744,;246.069072,8.76756,;246.069072,8.81768,;246.069072,8.86776,;246.069072,8.91788,;246.069072,8.968,;246.069072,9.01809,;246.069072,9.06818,;246.069072,9.1183,;246.069072,9.16838,;246.069072,9.21846,;246.069072,9.26854,;246.069072,9.31863,;246.069072,9.36873,;246.069072,9.41882,;246.069072,9.46891,;246.069072,9.519,;246.069072,9.56908,;246.069072,9.61919,;246.069072,9.66929,;246.069072,9.71941,;246.069072,9.7695,;246.069072,9.81958,;246.069072,9.86968,;246.069072,9.91977,;246.069072,9.96989,;232.603723,10.02,;
inf,0.0500936,;906.753082,0.100211,;903.817654,0.150297,;903.817654,0.200381,;779.459460,0.250473,;779.459460,0.300587,;779.459460,0.350708,;779.459460,0.400817,;779.459460,0.450933,;779.459460,0.501047,;779.459460,0.551165,;779.459460,0.601249,;779.459460,0.651364,;779.459460,0.701435,;779.459460,0.751548,;779.459460,0.801633,;779.459460,0.851751,;779.459460,0.901842,;779.459460,0.951953,;779.459460,1.00205,;565.227357,1.05216,;552.672994,1.10225,;552.672994,1.15234,;552.672994,1.20244,;552.672994,1.25257,;324.110803,1.30269,;324.110803,1.35281,;324.110803,1.40293,;315.348158,1.45302,;315.348158,1.5031,;315.348158,1.55318,;315.348158,1.60325,;315.348158,1.65332,;315.348158,1.70344,;315.348158,1.75352,;315.348158,1.80361,;315.348158,1.8537,;315.348158,1.90378,;308.828470,1.95386,;308.828470,2.00396,;291.393500,2.05405,;291.393500,2.10413,;291.393500,2.15422,;291.393500,2.20434,;291.393500,2.25443,;291.393500,2.30455,;291.393500,2.35464,;291.393500,2.40473,;291.393500,2.45482,;291.393500,2.50489,;284.446137,2.55503,;284.446137,2.60511,;284.446137,2.65522,;244.044445,2.70532,;244.044445,2.75544,;244.044445,2.80553,;244.044445,2.85565,;244.044445,2.90575,;244.044445,2.95586,;244.044445,3.00596,;244.044445,3.05607,;244.044445,3.10616,;244.044445,3.15627,;244.044445,3.20638,;244.044445,3.2565,;244.044445,3.30662,;244.044445,3.35673,;244.044445,3.40685,;244.044445,3.45693,;244.044445,3.50703,;244.044445,3.55711,;244.044445,3.60723,;244.044445,3.65733,;244.044445,3.70744,;244.044445,3.75753,;244.044445,3.80766,;244.044445,3.85776,;244.044445,3.90787,;244.044445,3.95798,;244.044445,4.00806,;244.044445,4.05817,;244.044445,4.10829,;244.044445,4.15839,;244.044445,4.20851,;244.044445,4.2586,;244.044445,4.30868,;244.044445,4.35878,;244.044445,4.40887,;244.044445,4.45899,;244.044445,4.50907,;244.044445,4.55915,;244.044445,4.60926,;244.044445,4.65934,;244.044445,4.70943,;244.044445,4.75951,;244.044445,4.8096,;244.044445,4.85972,;244.044445,4.90982,;244.044445,4.95994,;244.044445,5.01007,;244.044445,5.06016,;244.044445,5.11027,;244.044445,5.16037,;244.044445,5.21047,;244.044445,5.26056,;244.044445,5.31068,;244.044445,5.36085,;244.044445,5.41098,;244.044445,5.46106,;244.044445,5.51117,;244.044445,5.56127,;244.044445,5.61138,;244.044445,5.66146,;244.044445,5.71155,;244.044445,5.76166,;244.044445,5.81176,;244.044445,5.86186,;244.044445,5.91199,;244.044445,5.96208,;244.044445,6.01218,;244.044445,6.06232,;244.044445,6.11244,;244.044445,6.16255,;244.044445,6.21267,;244.044445,6.26279,;244.044445,6.31291,;244.044445,6.36303,;244.044445,6.41312,;244.044445,6.46321,;244.044445,6.5133,;244.044445,6.5634,;244.044445,6.61348,;244.044445,6.66357,;244.044445,6.71367,;239.949320,6.76376,;239.949320,6.81384,;239.949320,6.86395,;239.949320,6.91404,;239.949320,6.96414,;239.949320,7.01422,;239.949320,7.06431,;239.949320,7.11442,;239.949320,7.16455,;239.949320,7.21464,;239.949320,7.26472,;239.949320,7.31485,;239.949320,7.36488,;239.949320,7.41501,;239.949320,7.46512,;239.949320,7.51524,;239.949320,7.56535,;239.949320,7.61546,;239.949320,7.66558,;237.965553,7.71569,;237.965553,7.7658,;237.965553,7.81592,;237.965553,7.86601,;237.965553,7.9161,;237.965553,7.96618,;237.965553,8.01626,;237.965553,8.06637,;237.965553,8.11648,;237.965553,8.16656,;237.965553,8.21664,;237.965553,8.26677,;237.965553,8.31686,;237.965553,8.36697,;237.965553,8.41704,;237.965553,8.46714,;237.965553,8.51723,;237.965553,8.56735,;237.965553,8.61743,;237.965553,8.66755,;237.965553,8.71765,;237.965553,8.76777,;237.965553,8.81788,;237.965553,8.86795,;237.965553,8.91804,;237.965553,8.96815,;237.965553,9.01822,;237.965553,9.06831,;237.965553,9.11839,;237.965553,9.1685,;237.965553,9.21859,;237.965553,9.26867,;237.965553,9.31876,;237.965553,9.36889,;237.965553,9.419,;237.965553,9.46912,;237.965553,9.51923,;237.965553,9.56934,;237.965553,9.61946,;237.965553,9.66955,;237.965553,9.71966,;237.965553,9.76973,;237.965553,9.81981,;237.965553,9.86992,;237.965553,9.92004,;237.965553,9.97013,;237.965553,10.0203,;
inf,0.0500586,;860.626062,0.100175,;860.626062,0.150289,;855.086103,0.200362,;855.086103,0.250478,;855.086103,0.300597,;833.112498,0.350723,;833.112498,0.400818,;833.112498,0.450934,;833.112498,0.501051,;824.382853,0.551166,;824.382853,0.601238,;824.382853,0.651351,;603.584329,0.701476,;603.584329,0.751599,;580.890919,0.801687,;580.890919,0.851798,;580.890919,0.901914,;580.890919,0.952043,;580.890919,1.00216,;580.890919,1.05223,;580.890919,1.10231,;580.890919,1.15239,;310.170800,1.20251,;310.170800,1.25259,;310.170800,1.30268,;310.170800,1.35277,;310.170800,1.40286,;310.170800,1.45297,;310.170800,1.50309,;310.170800,1.55318,;310.170800,1.60327,;310.170800,1.65338,;310.170800,1.7035,;310.170800,1.75359,;310.170800,1.80371,;310.170800,1.85382,;310.170800,1.90394,;310.170800,1.95404,;310.170800,2.00413,;310.170800,2.05421,;310.170800,2.10429,;310.170800,2.15438,;310.170800,2.20447,;310.170800,2.25457,;310.170800,2.30467,;310.170800,2.35478,;310.170800,2.40487,;310.170800,2.45499,;310.170800,2.50509,;310.170800,2.55521,;310.170800,2.60529,;310.170800,2.65539,;310.170800,2.70549,;310.170800,2.75561,;310.170800,2.8057,;310.170800,2.85581,;310.170800,2.9059,;310.170800,2.95603,;310.170800,3.00616,;310.170800,3.05623,;310.170800,3.10635,;310.170800,3.15642,;310.170800,3.20651,;310.170800,3.2566,;310.170800,3.30672,;310.170800,3.35682,;310.170800,3.4069,;310.170800,3.457,;310.170800,3.50708,;310.170800,3.5572,;310.170800,3.60731,;273.894611,3.6574,;273.894611,3.70753,;273.894611,3.7576,;273.894611,3.80767,;273.894611,3.85774,;273.894611,3.90785,;273.894611,3.95797,;273.894611,4.00806,;273.894611,4.05814,;273.894611,4.10823,;273.894611,4.15835,;273.894611,4.20842,;273.894611,4.25853,;273.894611,4.30861,;273.894611,4.35872,;273.894611,4.4088,;273.894611,4.45889,;273.894611,4.50898,;273.894611,4.55907,;273.894611,4.60915,;269.861892,4.65923,;269.861892,4.70931,;269.861892,4.7594,;269.861892,4.8095,;269.861892,4.85959,;269.861892,4.90969,;268.591264,4.95978,;268.421636,5.00987,;268.421636,5.05997,;268.421636,5.11006,;268.421636,5.16015,;268.421636,5.21025,;268.421636,5.26037,;268.421636,5.31047,;268.421636,5.36056,;268.421636,5.41068,;268.421636,5.46077,;268.421636,5.51085,;268.421636,5.56094,;268.421636,5.61104,;268.421636,5.66112,;268.421636,5.71123,;268.421636,5.76132,;268.421636,5.81145,;268.421636,5.86154,;268.421636,5.91164,;268.421636,5.96176,;268.421636,6.01188,;268.421636,6.06197,;268.421636,6.11209,;268.421636,6.16221,;258.541606,6.21229,;258.541606,6.26237,;258.541606,6.31245,;258.541606,6.36258,;258.541606,6.41267,;258.541606,6.4628,;258.541606,6.51289,;258.541606,6.56302,;250.205188,6.61311,;250.205188,6.6632,;250.205188,6.71329,;250.205188,6.7634,;250.205188,6.81349,;250.205188,6.86358,;250.205188,6.91367,;250.205188,6.96376,;250.205188,7.01386,;250.205188,7.06393,;250.205188,7.11403,;250.205188,7.16412,;250.205188,7.21422,;250.205188,7.2643,;250.205188,7.3144,;250.205188,7.3645,;250.205188,7.41459,;235.848274,7.46469,;235.848274,7.51477,;235.848274,7.56486,;235.848274,7.61496,;235.848274,7.66505,;235.848274,7.71515,;235.848274,7.76525,;235.848274,7.81534,;235.848274,7.86544,;235.848274,7.91555,;229.546966,7.96564,;229.546966,8.01572,;229.546966,8.06582,;229.546966,8.11592,;229.546966,8.16601,;229.546966,8.21609,;229.546966,8.26618,;229.546966,8.31627,;229.546966,8.36636,;229.546966,8.41644,;229.546966,8.46651,;229.546966,8.5166,;229.546966,8.56668,;229.546966,8.61676,;229.546966,8.66684,;229.546966,8.71692,;229.546966,8.767,;229.546966,8.81708,;229.546966,8.86715,;229.546966,8.91723,;229.546966,8.96731,;229.546966,9.01739,;229.546966,9.06747,;229.546966,9.11754,;229.546966,9.16762,;229.546966,9.21769,;229.546966,9.26778,;229.546966,9.31785,;229.546966,9.36797,;229.546966,9.41806,;229.546966,9.46815,;229.546966,9.51825,;229.546966,9.56833,;229.546966,9.61841,;229.546966,9.66849,;229.546966,9.71857,;229.546966,9.76865,;229.546966,9.81873,;229.546966,9.86881,;229.546966,9.91889,;229.546966,9.96894,;229.546966,10.019,;
inf,0.0500993,;579.101502,0.100175,;579.101502,0.150249,;579.101502,0.200329,;579.101502,0.250441,;545.726736,0.300527,;545.726736,0.3506,;545.726736,0.400685,;545.726736,0.450798,;545.726736,0.50088,;545.726736,0.550995,;545.726736,0.601104,;545.726736,0.651196,;545.726736,0.701266,;545.726736,0.751374,;545.726736,0.801481,;545.726736,0.851552,;545.726736,0.901634,;545.726736,0.951725,;545.726736,1.00181,;545.726736,1.05193,;545.726736,1.10205,;545.726736,1.15216,;545.726736,1.20225,;545.726736,1.25237,;545.726736,1.30248,;383.731442,1.35257,;383.731442,1.40268,;383.731442,1.45276,;362.316317,1.50289,;356.168280,1.55299,;356.168280,1.6031,;356.168280,1.65321,;356.168280,1.7033,;356.168280,1.75341,;356.168280,1.80348,;356.168280,1.85357,;356.168280,1.90366,;356.168280,1.95378,;356.168280,2.00388,;356.168280,2.05396,;356.168280,2.10404,;356.168280,2.15411,;356.168280,2.20418,;356.168280,2.25429,;356.168280,2.30437,;356.168280,2.35451,;268.326963,2.4046,;268.326963,2.45472,;268.326963,2.50481,;268.326963,2.55493,;268.326963,2.60504,;264.126216,2.65515,;264.126216,2.70522,;264.126216,2.75531,;264.126216,2.80538,;244.061906,2.85545,;244.061906,2.90553,;244.061906,2.95564,;244.061906,3.00571,;244.061906,3.0558,;244.061906,3.10593,;244.061906,3.15602,;244.061906,3.2061,;244.061906,3.25618,;244.061906,3.30628,;244.061906,3.35638,;244.061906,3.40647,;244.061906,3.45657,;244.061906,3.50672,;244.061906,3.55682,;244.061906,3.60694,;244.061906,3.65705,;244.061906,3.70713,;244.061906,3.75729,;244.061906,3.80737,;244.061906,3.85749,;244.061906,3.9076,;244.061906,3.95771,;244.061906,4.00782,;244.061906,4.05791,;244.061906,4.10799,;244.061906,4.1581,;244.061906,4.20819,;244.061906,4.25827,;244.061906,4.30838,;244.061906,4.35847,;244.061906,4.40859,;244.061906,4.4587,;244.061906,4.50883,;244.061906,4.55894,;244.061906,4.60906,;244.061906,4.65917,;244.061906,4.70928,;244.061906,4.75937,;244.061906,4.8095,;244.061906,4.85962,;244.061906,4.90971,;244.061906,4.95983,;244.061906,5.00996,;244.061906,5.06004,;244.061906,5.11017,;244.061906,5.16025,;244.061906,5.21037,;244.061906,5.26045,;244.061906,5.3106,;244.061906,5.3607,;244.061906,5.41082,;244.061906,5.46091,;244.061906,5.51099,;244.061906,5.56108,;244.061906,5.61117,;244.061906,5.66126,;244.061906,5.71137,;244.061906,5.7615,;244.061906,5.8116,;244.061906,5.86168,;244.061906,5.9118,;244.061906,5.96192,;244.061906,6.01204,;244.061906,6.06214,;244.061906,6.11222,;244.061906,6.16234,;244.061906,6.21246,;244.061906,6.26258,;244.061906,6.31267,;244.061906,6.3628,;244.061906,6.41292,;244.061906,6.46304,;244.061906,6.51313,;244.061906,6.56325,;244.061906,6.61338,;244.061906,6.6635,;244.061906,6.7136,;244.061906,6.76372,;244.061906,6.81384,;244.061906,6.86396,;244.061906,6.91409,;244.061906,6.96416,;244.061906,7.01428,;244.061906,7.06436,;244.061906,7.11447,;244.061906,7.16455,;244.061906,7.21469,;244.061906,7.26477,;244.061906,7.31489,;244.061906,7.36498,;244.061906,7.41508,;244.061906,7.46518,;244.061906,7.51529,;244.061906,7.56538,;244.061906,7.61546,;244.061906,7.66554,;239.010758,7.71562,;239.010758,7.76572,;239.010758,7.81584,;239.010758,7.86592,;239.010758,7.91606,;239.010758,7.96615,;239.010758,8.01624,;239.010758,8.06632,;239.010758,8.11641,;239.010758,8.16653,;239.010758,8.21661,;239.010758,8.26669,;239.010758,8.31678,;239.010758,8.3669,;239.010758,8.41698,;239.010758,8.46706,;239.010758,8.51716,;239.010758,8.56726,;239.010758,8.61736,;239.010758,8.66745,;239.010758,8.71757,;239.010758,8.7677,;239.010758,8.81781,;239.010758,8.86789,;239.010758,8.91801,;239.010758,8.96809,;239.010758,9.01821,;239.010758,9.0683,;239.010758,9.11838,;239.010758,9.16848,;239.010758,9.21855,;239.010758,9.26864,;239.010758,9.31874,;239.010758,9.36886,;239.010758,9.41898,;239.010758,9.46909,;239.010758,9.51921,;239.010758,9.56932,;239.010758,9.61941,;239.010758,9.6695,;239.010758,9.71961,;239.010758,9.76973,;239.010758,9.81985,;239.010758,9.86998,;239.010758,9.92008,;239.010758,9.97019,;239.010758,10.0203,;
inf,0.0500681,;414.020707,0.100189,;414.020707,0.150279,;414.020707,0.200395,;414.020707,0.25051,;414.020707,0.300622,;414.020707,0.350744,;414.020707,0.400853,;414.020707,0.450927,;414.020707,0.500999,;414.020707,0.55108,;414.020707,0.60117,;414.020707,0.651256,;414.020707,0.701341,;414.020707,0.751427,;414.020707,0.801542,;414.020707,0.851622,;360.806749,0.901716,;360.806749,0.95178,;309.247822,1.00187,;309.247822,1.05198,;309.247822,1.1021,;309.247822,1.15221,;309.247822,1.20232,;309.247822,1.2524,;309.247822,1.30253,;309.247822,1.35264,;309.247822,1.40276,;309.247822,1.45286,;309.247822,1.50294,;309.247822,1.55306,;309.247822,1.60314,;309.247822,1.65326,;309.247822,1.70335,;307.883693,1.75346,;307.883693,1.80355,;307.883693,1.85367,;307.883693,1.90375,;307.883693,1.95387,;307.883693,2.00397,;307.883693,2.05406,;307.883693,2.10418,;307.883693,2.15429,;307.883693,2.20439,;307.883693,2.25447,;307.883693,2.30457,;307.883693,2.35467,;307.883693,2.40478,;307.883693,2.45485,;307.883693,2.50496,;307.883693,2.55503,;307.883693,2.60514,;307.883693,2.65523,;307.883693,2.70535,;307.883693,2.75543,;307.883693,2.80554,;292.282670,2.85563,;292.282670,2.90575,;292.282670,2.95586,;292.282670,3.00598,;292.282670,3.05609,;292.282670,3.1062,;290.064733,3.15631,;290.064733,3.20642,;290.064733,3.25653,;259.132274,3.30663,;259.132274,3.35671,;259.132274,3.40685,;259.132274,3.45696,;259.132274,3.50703,;259.132274,3.55714,;259.132274,3.60723,;259.132274,3.65734,;259.132274,3.70743,;259.132274,3.75755,;259.132274,3.80764,;259.132274,3.85773,;259.132274,3.90784,;259.132274,3.95792,;259.132274,4.00803,;259.132274,4.05815,;259.132274,4.10823,;259.132274,4.15831,;259.132274,4.20842,;259.132274,4.2585,;259.132274,4.30859,;259.132274,4.3587,;259.132274,4.40882,;259.132274,4.45886,;259.132274,4.50896,;259.132274,4.55904,;259.132274,4.60916,;259.132274,4.65925,;259.132274,4.70937,;259.132274,4.75947,;259.132274,4.80959,;259.132274,4.85969,;259.132274,4.90977,;259.132274,4.95988,;259.132274,5.01,;259.132274,5.0601,;259.132274,5.1102,;259.132274,5.1603,;259.132274,5.21042,;259.132274,5.26053,;259.132274,5.31065,;259.132274,5.36078,;259.132274,5.41086,;259.132274,5.46097,;259.132274,5.51106,;259.132274,5.56117,;259.132274,5.61127,;259.132274,5.66139,;255.056420,5.71152,;255.056420,5.76164,;255.056420,5.81176,;255.056420,5.86188,;255.056420,5.91199,;255.056420,5.96211,;255.056420,6.0122,;255.056420,6.06232,;255.056420,6.11241,;255.056420,6.16252,;255.056420,6.21262,;255.056420,6.26272,;255.056420,6.3128,;255.056420,6.36287,;255.056420,6.41295,;235.171862,6.46303,;235.171862,6.51311,;235.171862,6.56322,;235.171862,6.61332,;235.171862,6.6634,;235.171862,6.71349,;235.171862,6.76356,;235.171862,6.81364,;235.171862,6.86377,;235.171862,6.91385,;235.171862,6.96396,;235.171862,7.01405,;235.171862,7.06414,;235.171862,7.11422,;235.171862,7.16431,;235.171862,7.21443,;235.171862,7.26451,;235.171862,7.31459,;235.171862,7.36471,;235.171862,7.41481,;235.171862,7.46493,;235.171862,7.515,;235.171862,7.56508,;235.171862,7.61515,;235.171862,7.66526,;235.171862,7.71535,;235.171862,7.76542,;235.171862,7.81551,;235.171862,7.86562,;235.171862,7.91572,;235.171862,7.96584,;235.171862,8.01593,;235.171862,8.06605,;235.171862,8.11616,;235.171862,8.16627,;235.171862,8.21639,;235.171862,8.26651,;235.171862,8.31659,;235.171862,8.36662,;235.171862,8.4167,;235.171862,8.46678,;235.171862,8.51687,;235.171862,8.56695,;235.171862,8.61703,;235.171862,8.66711,;235.171862,8.71719,;235.171862,8.76727,;235.171862,8.81735,;235.171862,8.86743,;235.171862,8.91752,;235.171862,8.96761,;235.171862,9.01775,;235.171862,9.06784,;235.171862,9.11796,;235.171862,9.16805,;235.171862,9.21813,;235.171862,9.26825,;235.171862,9.31833,;235.171862,9.36841,;235.171862,9.4185,;235.171862,9.46858,;235.171862,9.51866,;235.171862,9.56874,;235.171862,9.61882,;235.171862,9.66891,;235.171862,9.71899,;234.349869,9.76907,;234.349869,9.81915,;234.349869,9.86923,;234.349869,9.91932,;234.349869,9.96939,;234.349869,10.0195,;
768.991138,0.0500571,;768.991138,0.100164,;768.991138,0.15024,;768.991138,0.200329,;768.991138,0.250425,;768.991138,0.300537,;272.129808,0.350611,;272.129808,0.400729,;272.129808,0.45082,;272.129808,0.50093,;272.129808,0.55102,;272.129808,0.60113,;272.129808,0.651219,;272.129808,0.701328,;272.129808,0.751439,;272.129808,0.801545,;272.129808,0.85162,;272.129808,0.901737,;272.129808,0.951845,;272.129808,1.00196,;272.129808,1.05205,;272.129808,1.10212,;272.129808,1.15223,;272.129808,1.20232,;272.129808,1.25244,;272.129808,1.30253,;272.129808,1.35264,;272.129808,1.40274,;272.129808,1.45283,;272.129808,1.50292,;272.129808,1.55302,;272.129808,1.60309,;272.129808,1.65317,;272.129808,1.70328,;272.129808,1.75337,;272.129808,1.80344,;272.129808,1.8535,;272.129808,1.90359,;272.129808,1.95373,;272.129808,2.00382,;272.129808,2.05392,;272.129808,2.10401,;272.129808,2.15409,;272.129808,2.20418,;272.129808,2.25427,;272.129808,2.30439,;272.129808,2.35447,;248.386536,2.40456,;248.386536,2.45464,;248.386536,2.50475,;248.386536,2.55486,;248.386536,2.60498,;248.386536,2.65506,;248.386536,2.70515,;248.386536,2.75524,;248.386536,2.80535,;234.202796,2.85543,;234.202796,2.90551,;234.202796,2.95561,;234.202796,3.00573,;234.202796,3.05581,;234.202796,3.10592,;234.202796,3.15603,;234.202796,3.2061,;234.202796,3.25619,;234.202796,3.30628,;234.202796,3.35637,;234.202796,3.40646,;234.202796,3.45656,;234.202796,3.50665,;234.202796,3.55674,;234.202796,3.60684,;234.202796,3.65692,;234.202796,3.707,;234.202796,3.75709,;234.202796,3.80718,;234.202796,3.85726,;234.202796,3.90734,;234.202796,3.95744,;234.202796,4.00751,;234.202796,4.0576,;234.202796,4.10769,;234.202796,4.15778,;234.202796,4.20787,;234.202796,4.25792,;234.202796,4.30801,;234.202796,4.3581,;234.202796,4.40819,;234.202796,4.45828,;234.202796,4.50837,;234.202796,4.55846,;234.202796,4.60856,;234.202796,4.65864,;234.202796,4.70873,;234.202796,4.75882,;234.202796,4.8089,;234.202796,4.85898,;234.202796,4.90907,;234.202796,4.95916,;234.202796,5.00926,;234.202796,5.05935,;234.202796,5.10942,;234.202796,5.15951,;234.202796,5.20959,;234.202796,5.25967,;234.202796,5.30979,;234.202796,5.35986,;227.480769,5.40991,;227.480769,5.45998,;227.480769,5.51006,;227.480769,5.56013,;227.480769,5.6102,;227.480769,5.66028,;227.480769,5.71035,;227.480769,5.76042,;227.480769,5.8105,;227.480769,5.86057,;227.480769,5.91065,;227.480769,5.96072,;227.480769,6.01079,;227.480769,6.06086,;227.480769,6.11094,;227.480769,6.16101,;227.480769,6.21108,;227.480769,6.26116,;227.480769,6.31124,;227.480769,6.36129,;227.480769,6.41138,;227.480769,6.46147,;227.480769,6.51159,;227.480769,6.56168,;227.480769,6.6118,;227.480769,6.66191,;227.480769,6.71202,;227.480769,6.76209,;227.480769,6.81217,;227.480769,6.86224,;227.480769,6.91232,;227.480769,6.96235,;227.480769,7.01244,;227.480769,7.06253,;227.480769,7.11266,;227.480769,7.16276,;227.480769,7.21284,;227.480769,7.26296,;227.480769,7.31305,;227.480769,7.36314,;227.480769,7.41322,;227.480769,7.46333,;227.480769,7.51349,;227.480769,7.56356,;227.480769,7.61364,;227.480769,7.66371,;227.480769,7.71379,;227.480769,7.76388,;227.480769,7.81391,;227.480769,7.86403,;227.480769,7.91411,;227.480769,7.96424,;227.480769,8.01433,;223.930738,8.06445,;223.930738,8.11454,;223.930738,8.16463,;223.930738,8.21473,;223.930738,8.26484,;223.930738,8.31492,;223.930738,8.36504,;223.930738,8.41513,;223.930738,8.46524,;223.930738,8.51532,;223.930738,8.56539,;223.930738,8.61546,;223.930738,8.66554,;223.930738,8.71561,;223.930738,8.76568,;223.930738,8.81579,;223.930738,8.8659,;223.930738,8.91602,;223.930738,8.9661,;223.930738,9.01621,;223.930738,9.0663,;223.930738,9.11641,;223.930738,9.16651,;223.930738,9.21662,;223.930738,9.2667,;223.930738,9.31682,;223.930738,9.36691,;223.930738,9.41703,;223.930738,9.46714,;223.930738,9.51725,;223.930738,9.56737,;223.930738,9.61748,;223.930738,9.66759,;223.930738,9.7177,;223.930738,9.76778,;223.930738,9.81786,;223.930738,9.86798,;223.930738,9.91805,;223.930738,9.96816,;223.930738,10.0182,;223.930738,10.0683,;
636.504436,0.0500576,;636.504436,0.100136,;636.504436,0.150213,;636.504436,0.200292,;636.504436,0.25038,;636.504436,0.300492,;636.504436,0.350563,;636.504436,0.40064,;636.504436,0.450725,;636.504436,0.500812,;636.504436,0.5509,;636.504436,0.600977,;636.504436,0.651064,;572.603375,0.701184,;572.603375,0.751265,;572.603375,0.801342,;572.603375,0.851456,;530.722418,0.901528,;530.722418,0.9516,;530.722418,1.00168,;530.722418,1.05177,;530.722418,1.10187,;530.722418,1.15195,;530.722418,1.20203,;530.722418,1.25211,;530.722418,1.30219,;530.722418,1.3523,;530.722418,1.40238,;530.722418,1.45245,;265.178275,1.50253,;265.178275,1.55261,;265.178275,1.60268,;265.178275,1.65276,;265.178275,1.70284,;265.178275,1.75293,;265.178275,1.803,;265.178275,1.85309,;265.178275,1.90317,;265.178275,1.95325,;265.178275,2.00333,;265.178275,2.05343,;258.125701,2.10355,;258.125701,2.15366,;258.125701,2.20374,;258.125701,2.25383,;258.125701,2.30395,;258.125701,2.35403,;258.125701,2.40412,;258.125701,2.45421,;258.125701,2.50433,;258.125701,2.55442,;258.125701,2.60455,;258.125701,2.65464,;258.125701,2.70476,;258.125701,2.75485,;258.125701,2.80493,;258.125701,2.85501,;258.125701,2.90513,;258.125701,2.95524,;258.125701,3.00535,;258.125701,3.05547,;258.125701,3.10559,;258.125701,3.1557,;258.125701,3.20582,;258.125701,3.2559,;258.125701,3.30598,;258.125701,3.35607,;258.125701,3.40615,;258.125701,3.45625,;258.125701,3.50636,;258.125701,3.55644,;258.125701,3.60657,;258.125701,3.65668,;258.125701,3.70676,;258.125701,3.75686,;258.125701,3.80695,;258.125701,3.85706,;258.125701,3.90717,;258.125701,3.95726,;258.125701,4.00735,;258.125701,4.05747,;258.125701,4.10758,;258.125701,4.15769,;258.125701,4.20777,;258.125701,4.25787,;258.125701,4.30799,;258.125701,4.35807,;258.125701,4.40818,;258.125701,4.45826,;258.125701,4.50835,;258.125701,4.55843,;258.125701,4.6085,;258.125701,4.65859,;258.125701,4.70871,;258.125701,4.75883,;258.125701,4.80894,;258.125701,4.85903,;258.125701,4.90914,;258.125701,4.95926,;258.125701,5.00937,;258.125701,5.05945,;258.125701,5.10954,;258.125701,5.15965,;258.125701,5.20976,;258.125701,5.25988,;258.125701,5.30996,;258.125701,5.36003,;258.125701,5.4101,;258.125701,5.46019,;258.125701,5.51028,;258.125701,5.56037,;258.125701,5.61045,;258.125701,5.66053,;258.125701,5.71062,;258.125701,5.76071,;258.125701,5.8108,;258.125701,5.86092,;258.125701,5.91099,;258.125701,5.96107,;258.125701,6.01116,;258.125701,6.06124,;258.125701,6.11132,;258.125701,6.16141,;258.125701,6.21149,;258.125701,6.26158,;258.125701,6.31166,;258.125701,6.36174,;258.125701,6.41182,;258.125701,6.4619,;258.125701,6.51199,;258.125701,6.56206,;258.125701,6.61214,;258.125701,6.66223,;258.125701,6.71231,;258.125701,6.76239,;258.125701,6.81247,;258.125701,6.86255,;258.125701,6.91263,;258.125701,6.96271,;258.125701,7.01279,;258.125701,7.06287,;258.125701,7.11295,;258.125701,7.16303,;258.125701,7.21311,;258.022037,7.26319,;255.792288,7.31328,;255.792288,7.36335,;255.792288,7.41343,;255.792288,7.46355,;255.792288,7.51363,;255.792288,7.56375,;255.792288,7.61383,;255.792288,7.66392,;255.792288,7.714,;255.792288,7.76407,;255.792288,7.81416,;255.792288,7.86428,;255.792288,7.91439,;255.792288,7.96447,;255.792288,8.01457,;255.792288,8.06465,;255.792288,8.11473,;255.792288,8.16482,;255.792288,8.2149,;255.792288,8.26498,;255.792288,8.31506,;255.792288,8.36514,;255.792288,8.41522,;255.792288,8.46531,;255.792288,8.51539,;255.792288,8.56547,;255.792288,8.61554,;255.792288,8.66563,;255.792288,8.71571,;255.792288,8.76579,;239.735200,8.81587,;239.735200,8.86595,;239.735200,8.91604,;239.735200,8.96611,;231.142902,9.0162,;231.142902,9.06628,;231.142902,9.11636,;231.142902,9.16645,;231.142902,9.21653,;231.142902,9.26661,;231.142902,9.31669,;231.142902,9.36677,;231.142902,9.41685,;231.142902,9.46692,;231.142902,9.517,;231.142902,9.56708,;231.142902,9.61715,;231.142902,9.66724,;231.142902,9.71732,;231.142902,9.7674,;231.142902,9.81748,;231.142902,9.86756,;231.142902,9.91764,;231.142902,9.96771,;231.142902,10.0178,;
396.798083,0.0500898,;350.507867,0.100183,;350.507867,0.150269,;350.507867,0.200352,;336.050463,0.250469,;336.050463,0.300574,;336.050463,0.35066,;336.050463,0.40075,;336.050463,0.450859,;336.050463,0.501005,;336.050463,0.55108,;336.050463,0.601158,;336.050463,0.651245,;336.050463,0.70132,;336.050463,0.7514,;336.050463,0.801474,;336.050463,0.851559,;336.050463,0.901644,;336.050463,0.951726,;336.050463,1.00181,;316.504126,1.0519,;316.504126,1.10197,;316.504126,1.15206,;316.504126,1.20217,;316.504126,1.25229,;316.504126,1.30236,;316.504126,1.35247,;316.504126,1.40255,;314.978055,1.45266,;314.978055,1.50273,;314.978055,1.55285,;310.955455,1.60292,;310.955455,1.65303,;307.553547,1.7031,;307.553547,1.75319,;307.553547,1.80328,;307.553547,1.8534,;287.037312,1.90349,;287.037312,1.9536,;287.037312,2.00367,;287.037312,2.05376,;287.037312,2.10388,;287.037312,2.15397,;287.037312,2.20406,;287.037312,2.25416,;287.037312,2.30425,;287.037312,2.35438,;287.037312,2.40447,;287.037312,2.45459,;287.037312,2.50468,;273.818142,2.55476,;273.818142,2.60484,;263.432058,2.65491,;263.432058,2.70499,;263.432058,2.75509,;263.432058,2.80517,;263.432058,2.85529,;263.432058,2.9054,;263.432058,2.95549,;263.432058,3.00557,;263.432058,3.05565,;263.432058,3.10577,;263.432058,3.15588,;263.432058,3.206,;263.432058,3.2561,;263.432058,3.30622,;263.432058,3.35629,;263.432058,3.4064,;263.432058,3.45653,;263.432058,3.50662,;263.432058,3.55665,;263.432058,3.60672,;263.432058,3.6568,;263.432058,3.70689,;263.432058,3.75705,;263.432058,3.80712,;263.432058,3.8572,;263.432058,3.90728,;263.432058,3.95743,;263.432058,4.00751,;263.432058,4.0576,;263.432058,4.1077,;263.432058,4.15777,;263.432058,4.20787,;263.432058,4.25796,;263.432058,4.30808,;263.432058,4.35816,;263.432058,4.40828,;263.432058,4.45836,;263.432058,4.5085,;263.432058,4.55862,;263.432058,4.6087,;247.567523,4.65881,;235.102595,4.70891,;235.102595,4.75899,;235.102595,4.8091,;235.102595,4.85919,;235.102595,4.90931,;235.102595,4.9594,;235.102595,5.00952,;235.102595,5.05961,;222.961577,5.10973,;222.961577,5.15982,;222.961577,5.20994,;222.961577,5.26005,;222.961577,5.31013,;222.961577,5.36024,;222.961577,5.41035,;222.961577,5.46047,;222.961577,5.51059,;222.961577,5.56068,;222.961577,5.61081,;222.961577,5.66092,;222.961577,5.71104,;222.961577,5.76115,;222.961577,5.81126,;222.961577,5.86139,;222.961577,5.91148,;222.961577,5.96161,;222.961577,6.01172,;222.961577,6.06184,;222.961577,6.11196,;222.961577,6.16208,;222.961577,6.21216,;222.961577,6.26229,;222.961577,6.3124,;222.961577,6.36251,;222.961577,6.41262,;222.961577,6.46271,;222.961577,6.5128,;222.961577,6.56286,;222.961577,6.61299,;222.961577,6.66307,;222.961577,6.71317,;222.961577,6.7633,;222.961577,6.81338,;222.961577,6.86345,;222.961577,6.91354,;222.961577,6.96363,;222.961577,7.0137,;222.961577,7.06378,;222.961577,7.11389,;222.961577,7.16399,;222.961577,7.21408,;222.961577,7.26416,;222.961577,7.31425,;222.961577,7.36435,;222.961577,7.41446,;222.961577,7.46455,;222.961577,7.51463,;222.961577,7.56472,;222.961577,7.61485,;222.961577,7.66494,;222.961577,7.71502,;222.961577,7.76515,;222.961577,7.81524,;222.961577,7.86537,;222.961577,7.91546,;222.961577,7.96554,;222.961577,8.01563,;222.961577,8.06573,;222.961577,8.11582,;222.961577,8.16594,;222.961577,8.21602,;222.961577,8.2661,;222.961577,8.3162,;222.961577,8.36632,;222.961577,8.41643,;222.961577,8.46655,;222.961577,8.51664,;222.961577,8.56676,;222.961577,8.61688,;222.961577,8.66696,;222.961577,8.71708,;222.961577,8.76721,;222.961577,8.81733,;222.961577,8.86744,;222.961577,8.91752,;222.961577,8.96763,;222.961577,9.01775,;222.961577,9.06784,;222.961577,9.11797,;222.961577,9.16806,;222.961577,9.21819,;222.961577,9.26828,;222.961577,9.31839,;222.961577,9.36848,;222.961577,9.41859,;222.961577,9.4687,;222.961577,9.51882,;222.961577,9.56895,;222.961577,9.61903,;222.961577,9.66913,;222.961577,9.7192,;222.961577,9.76932,;222.961577,9.81941,;222.961577,9.86951,;222.961577,9.91962,;222.961577,9.96974,;222.961577,10.0198,;
inf,0.0501048,;484.295870,0.100225,;385.820825,0.150356,;373.607885,0.200471,;367.659103,0.250584,;367.659103,0.300691,;367.659103,0.350804,;367.659103,0.400898,;367.659103,0.451018,;367.659103,0.501132,;367.659103,0.551211,;367.659103,0.601302,;367.659103,0.651395,;367.659103,0.701504,;367.659103,0.751582,;367.659103,0.801695,;367.659103,0.851811,;367.659103,0.901926,;367.659103,0.952049,;367.659103,1.00217,;367.659103,1.05226,;367.659103,1.10237,;367.659103,1.15245,;367.659103,1.20256,;367.659103,1.25266,;367.659103,1.30279,;367.659103,1.3529,;367.659103,1.40301,;367.659103,1.45309,;367.659103,1.5032,;367.659103,1.55329,;367.659103,1.6034,;367.659103,1.65349,;367.659103,1.70357,;301.544182,1.75367,;301.544182,1.80376,;301.544182,1.85386,;301.544182,1.90395,;301.544182,1.95405,;301.544182,2.00415,;301.544182,2.05424,;301.544182,2.10432,;301.544182,2.1544,;301.544182,2.20452,;301.544182,2.25461,;301.544182,2.30473,;301.544182,2.35483,;301.544182,2.40496,;301.544182,2.45507,;301.544182,2.50519,;301.544182,2.55531,;301.544182,2.60542,;301.544182,2.65554,;301.544182,2.70565,;301.544182,2.75573,;300.340256,2.80586,;300.340256,2.85595,;300.340256,2.90607,;286.221002,2.95617,;286.221002,3.00629,;271.316773,3.05641,;271.316773,3.10653,;271.316773,3.15662,;271.316773,3.2067,;271.316773,3.25683,;271.316773,3.30694,;271.316773,3.35706,;271.316773,3.40715,;271.316773,3.45723,;271.316773,3.50732,;271.316773,3.55742,;271.316773,3.60752,;271.316773,3.65763,;271.316773,3.70772,;271.316773,3.75782,;271.316773,3.80792,;271.316773,3.85801,;271.316773,3.90809,;271.316773,3.95821,;271.316773,4.0083,;271.316773,4.05842,;271.316773,4.10851,;271.316773,4.15859,;271.316773,4.20872,;271.316773,4.25882,;271.316773,4.3089,;271.316773,4.35899,;271.316773,4.40908,;253.055884,4.45917,;253.055884,4.50929,;253.055884,4.5594,;253.055884,4.60952,;253.055884,4.6596,;253.055884,4.70968,;253.055884,4.75977,;253.055884,4.80986,;253.055884,4.85996,;253.055884,4.91005,;253.055884,4.96013,;253.055884,5.01022,;253.055884,5.06034,;253.055884,5.11046,;253.055884,5.16055,;253.055884,5.21065,;253.055884,5.26075,;253.055884,5.31087,;253.055884,5.36098,;251.281127,5.41108,;251.281127,5.46116,;251.281127,5.51127,;251.281127,5.56135,;251.281127,5.6114,;251.281127,5.6615,;251.281127,5.71159,;251.281127,5.76167,;251.281127,5.81176,;251.281127,5.86189,;251.281127,5.91199,;251.281127,5.96215,;251.281127,6.01225,;251.281127,6.06237,;251.281127,6.11246,;251.281127,6.16259,;251.281127,6.21268,;251.281127,6.26277,;251.281127,6.31285,;251.281127,6.36293,;251.281127,6.41301,;251.281127,6.46309,;251.281127,6.51318,;251.281127,6.56326,;251.281127,6.61334,;251.281127,6.66344,;251.281127,6.71357,;246.986058,6.76365,;246.986058,6.81378,;246.986058,6.86387,;246.986058,6.914,;246.986058,6.96409,;246.986058,7.01422,;246.986058,7.06434,;246.986058,7.11443,;246.986058,7.16455,;246.986058,7.21466,;246.986058,7.26478,;246.986058,7.3149,;246.986058,7.36502,;246.986058,7.41512,;246.986058,7.46523,;246.986058,7.51533,;246.986058,7.56543,;246.986058,7.61551,;246.986058,7.66566,;246.986058,7.71576,;246.986058,7.76588,;246.986058,7.81599,;246.986058,7.86608,;246.986058,7.91617,;246.986058,7.9663,;246.986058,8.01641,;246.986058,8.06653,;246.986058,8.11665,;246.986058,8.16675,;246.986058,8.21684,;244.828856,8.26696,;244.828856,8.31708,;244.828856,8.36722,;244.828856,8.41733,;244.828856,8.4674,;244.828856,8.51747,;244.828856,8.56755,;244.828856,8.61766,;244.828856,8.66776,;244.828856,8.71788,;244.828856,8.76799,;244.828856,8.81807,;244.828856,8.86815,;244.828856,8.91825,;244.828856,8.96835,;244.828856,9.01847,;244.828856,9.06856,;244.828856,9.11868,;237.677540,9.16876,;237.677540,9.21886,;237.677540,9.26894,;237.677540,9.31903,;237.677540,9.36915,;237.677540,9.41924,;237.677540,9.46933,;237.677540,9.5194,;237.677540,9.56948,;237.677540,9.61956,;237.677540,9.66968,;237.677540,9.71977,;237.677540,9.7699,;237.677540,9.82,;237.677540,9.87013,;237.677540,9.92025,;237.677540,9.97037,;237.677540,10.0205,;237.677540,10.0706,;
inf,0.0500969,;878.697512,0.10017,;830.751984,0.150252,;830.751984,0.200327,;812.259663,0.250404,;812.259663,0.300487,;575.580921,0.350536,;575.580921,0.400657,;575.580921,0.450767,;575.580921,0.500889,;575.580921,0.550997,;575.580921,0.601081,;575.580921,0.651227,;575.580921,0.701298,;575.580921,0.751385,;575.580921,0.801478,;538.949575,0.851579,;538.949575,0.901669,;538.949575,0.951793,;534.885969,1.00188,;534.885969,1.05197,;534.885969,1.10208,;534.885969,1.15219,;534.885969,1.2023,;534.885969,1.25238,;534.885969,1.30251,;534.885969,1.35262,;534.885969,1.40273,;534.885969,1.45281,;534.885969,1.50292,;534.352154,1.55302,;534.352154,1.60314,;533.813141,1.65322,;533.813141,1.70332,;533.813141,1.75341,;533.813141,1.8035,;533.813141,1.85358,;533.813141,1.9037,;533.813141,1.95379,;533.813141,2.0039,;533.813141,2.05398,;533.813141,2.10411,;533.813141,2.15419,;330.844728,2.20429,;330.844728,2.25436,;258.851567,2.30444,;258.851567,2.35456,;258.851567,2.40468,;258.851567,2.45479,;258.851567,2.5049,;258.851567,2.55501,;258.851567,2.60512,;258.851567,2.65523,;258.851567,2.70531,;258.851567,2.75541,;258.851567,2.8055,;258.851567,2.85562,;258.851567,2.90571,;258.851567,2.95583,;258.851567,3.00594,;258.851567,3.05605,;258.851567,3.10617,;258.851567,3.15624,;258.851567,3.20636,;258.851567,3.25647,;258.851567,3.30658,;258.851567,3.35671,;258.851567,3.40682,;258.851567,3.45694,;258.851567,3.50706,;258.851567,3.55714,;258.851567,3.60725,;258.851567,3.65735,;258.851567,3.70746,;258.851567,3.75758,;258.851567,3.80768,;258.851567,3.85777,;258.851567,3.90789,;258.851567,3.958,;258.851567,4.00812,;258.851567,4.05824,;258.851567,4.10835,;258.851567,4.15846,;258.851567,4.20857,;258.851567,4.25869,;258.851567,4.30881,;258.851567,4.35892,;258.851567,4.409,;258.851567,4.45912,;258.851567,4.50919,;249.512244,4.55928,;249.512244,4.60939,;249.512244,4.6595,;249.512244,4.70959,;249.512244,4.75971,;249.512244,4.80982,;249.512244,4.85989,;249.512244,4.91,;249.512244,4.96011,;249.512244,5.0102,;249.512244,5.06031,;249.512244,5.11042,;249.512244,5.16053,;246.266582,5.21062,;246.266582,5.26074,;246.266582,5.31085,;246.266582,5.36098,;246.266582,5.41108,;246.266582,5.46116,;246.266582,5.51127,;246.266582,5.56138,;246.266582,5.61149,;246.266582,5.6616,;246.266582,5.71171,;245.105354,5.7618,;245.105354,5.81191,;245.105354,5.86199,;245.105354,5.91207,;245.105354,5.96216,;245.105354,6.01226,;245.105354,6.06235,;245.105354,6.11247,;245.105354,6.16258,;245.105354,6.21269,;245.105354,6.2628,;245.105354,6.31288,;245.105354,6.36296,;245.105354,6.41309,;245.105354,6.46318,;245.105354,6.51327,;245.105354,6.56335,;245.105354,6.61345,;245.105354,6.66357,;245.105354,6.71365,;245.105354,6.76374,;245.105354,6.81383,;245.105354,6.86394,;245.105354,6.91403,;245.105354,6.96414,;245.105354,7.01423,;245.105354,7.06432,;245.105354,7.11444,;245.105354,7.16455,;245.105354,7.21466,;245.105354,7.26478,;245.105354,7.31488,;245.105354,7.36499,;245.105354,7.41511,;245.105354,7.46522,;245.105354,7.51529,;245.105354,7.56541,;245.105354,7.61549,;245.105354,7.6656,;245.105354,7.71572,;245.105354,7.76581,;245.105354,7.81589,;245.105354,7.86599,;245.105354,7.91607,;245.105354,7.96618,;245.105354,8.0163,;245.105354,8.06641,;245.105354,8.11648,;245.105354,8.16656,;245.105354,8.21664,;245.105354,8.26674,;242.691114,8.31682,;242.691114,8.36692,;242.691114,8.41701,;242.691114,8.46713,;242.691114,8.5172,;242.691114,8.56728,;242.691114,8.61737,;242.691114,8.66745,;242.691114,8.71755,;242.691114,8.76763,;242.691114,8.81773,;242.691114,8.86785,;242.691114,8.91793,;242.691114,8.9681,;242.691114,9.01821,;242.691114,9.06832,;242.691114,9.11839,;242.691114,9.16851,;242.691114,9.21859,;242.691114,9.26871,;242.691114,9.31879,;242.691114,9.36892,;242.691114,9.41902,;242.691114,9.46913,;242.691114,9.51924,;242.691114,9.56932,;242.691114,9.61944,;234.565592,9.66953,;234.565592,9.71965,;234.565592,9.76974,;234.565592,9.81985,;234.565592,9.86994,;234.565592,9.92005,;234.565592,9.97015,;234.565592,10.0202,;234.565592,10.0703,;
344.619517,0.0500574,;344.619517,0.10015,;344.619517,0.150229,;344.619517,0.200343,;298.213712,0.250427,;298.213712,0.300519,;298.213712,0.350611,;298.213712,0.400729,;298.213712,0.450825,;298.213712,0.500937,;298.213712,0.551014,;298.213712,0.601091,;298.213712,0.651205,;298.213712,0.701295,;298.213712,0.751377,;298.213712,0.801452,;298.213712,0.851527,;298.213712,0.901642,;298.213712,0.951721,;298.213712,1.0018,;298.213712,1.05188,;298.213712,1.10196,;298.213712,1.15204,;298.213712,1.20211,;298.213712,1.25219,;298.213712,1.30227,;298.213712,1.35235,;298.213712,1.4025,;298.213712,1.45259,;298.213712,1.50268,;298.213712,1.55277,;298.213712,1.60286,;298.213712,1.65295,;298.213712,1.70304,;298.213712,1.75313,;298.213712,1.80323,;298.213712,1.85331,;298.213712,1.90343,;264.897681,1.95356,;264.897681,2.00367,;264.897681,2.05376,;264.897681,2.10388,;264.897681,2.15396,;264.897681,2.20403,;264.897681,2.25411,;264.897681,2.30423,;264.897681,2.35433,;264.897681,2.40441,;264.897681,2.4545,;264.897681,2.5046,;264.897681,2.5547,;264.897681,2.60482,;264.897681,2.6549,;264.897681,2.70498,;264.897681,2.75508,;264.897681,2.8052,;264.897681,2.85529,;264.897681,2.90541,;264.897681,2.95555,;264.897681,3.00563,;264.897681,3.05575,;264.897681,3.10587,;264.897681,3.15598,;264.897681,3.20606,;264.897681,3.25618,;264.897681,3.30627,;264.897681,3.35635,;264.897681,3.40647,;264.897681,3.45659,;264.897681,3.5067,;264.897681,3.55679,;264.897681,3.60691,;264.897681,3.65699,;264.897681,3.70707,;264.897681,3.75714,;264.897681,3.80727,;264.897681,3.85736,;264.897681,3.90746,;264.897681,3.95755,;264.897681,4.00769,;264.897681,4.05781,;264.897681,4.10789,;264.897681,4.158,;264.897681,4.2081,;264.897681,4.2582,;264.897681,4.30828,;264.897681,4.35837,;264.897681,4.40847,;264.897681,4.45855,;264.897681,4.50862,;264.897681,4.55871,;264.897681,4.60883,;264.897681,4.65892,;264.897681,4.70902,;264.897681,4.75911,;264.897681,4.80922,;264.897681,4.85931,;264.897681,4.90944,;264.897681,4.95952,;264.897681,5.00962,;264.897681,5.05975,;251.395205,5.10986,;251.395205,5.15994,;251.395205,5.21003,;251.395205,5.26016,;251.395205,5.31024,;251.395205,5.36033,;251.395205,5.41041,;251.395205,5.4605,;251.395205,5.51058,;251.395205,5.56066,;251.395205,5.61077,;251.395205,5.6609,;251.395205,5.71098,;251.395205,5.76107,;251.395205,5.81117,;251.395205,5.86127,;251.395205,5.91135,;251.395205,5.96144,;251.395205,6.01157,;251.395205,6.06166,;249.447122,6.11174,;249.447122,6.16186,;249.447122,6.21195,;243.277531,6.26204,;243.277531,6.31212,;243.277531,6.3622,;243.277531,6.41229,;243.277531,6.46238,;243.277531,6.51246,;243.277531,6.56259,;243.277531,6.61267,;243.277531,6.66276,;243.277531,6.71287,;243.277531,6.76296,;243.277531,6.81304,;243.277531,6.86313,;243.277531,6.91321,;243.277531,6.9633,;243.277531,7.01338,;243.277531,7.06349,;243.277531,7.11358,;243.277531,7.16369,;243.277531,7.21376,;243.277531,7.26384,;243.277531,7.31394,;243.277531,7.36406,;243.277531,7.41414,;243.277531,7.46425,;243.277531,7.51434,;243.277531,7.56445,;243.277531,7.61456,;243.277531,7.66467,;243.277531,7.71474,;243.277531,7.76482,;243.277531,7.81493,;243.277531,7.86502,;243.277531,7.91511,;243.277531,7.96522,;243.248116,8.01533,;243.248116,8.06541,;243.248116,8.1155,;243.248116,8.16558,;243.248116,8.21565,;243.248116,8.26575,;243.248116,8.31583,;243.248116,8.36592,;243.248116,8.41604,;243.248116,8.46611,;243.248116,8.51618,;243.248116,8.56629,;243.248116,8.6164,;243.248116,8.66649,;243.248116,8.71661,;243.248116,8.7667,;243.248116,8.81682,;243.248116,8.86691,;243.248116,8.91702,;243.248116,8.96713,;243.248116,9.01725,;243.248116,9.06734,;232.861224,9.11745,;232.861224,9.16756,;232.861224,9.21765,;232.861224,9.26776,;232.861224,9.31787,;232.861224,9.36798,;232.861224,9.41806,;232.861224,9.46817,;232.861224,9.51824,;232.861224,9.56839,;232.861224,9.61847,;232.861224,9.66858,;232.861224,9.71868,;232.861224,9.76875,;232.861224,9.81886,;232.861224,9.86898,;232.861224,9.91906,;232.861224,9.96914,;232.861224,10.0192,;
inf,0.0500656,;777.520182,0.100147,;777.520182,0.150226,;777.520182,0.200337,;733.921623,0.250413,;733.921623,0.300486,;733.921623,0.350558,;733.921623,0.400631,;733.921623,0.450714,;733.921623,0.500794,;600.904379,0.550876,;459.065760,0.60099,;459.065760,0.651072,;459.065760,0.701169,;459.065760,0.751256,;459.065760,0.801334,;459.065760,0.851423,;459.065760,0.901537,;459.065760,0.951656,;459.065760,1.00174,;459.065760,1.05182,;319.018408,1.10196,;319.018408,1.15205,;319.018408,1.20213,;319.018408,1.25222,;319.018408,1.3023,;319.018408,1.35239,;319.018408,1.40247,;319.018408,1.45254,;319.018408,1.50263,;319.018408,1.5527,;319.018408,1.60278,;319.018408,1.65286,;319.018408,1.70294,;319.018408,1.75303,;319.018408,1.80316,;319.018408,1.85327,;319.018408,1.90334,;319.018408,1.95342,;312.098495,2.00351,;312.098495,2.05363,;312.098495,2.10374,;312.098495,2.15386,;312.098495,2.20397,;312.098495,2.25405,;312.098495,2.30418,;312.098495,2.35429,;312.098495,2.40437,;312.098495,2.45445,;312.098495,2.50457,;253.792805,2.55466,;253.792805,2.60478,;253.792805,2.65488,;253.792805,2.70498,;253.792805,2.75508,;253.792805,2.80519,;253.792805,2.85531,;253.792805,2.90539,;253.792805,2.95546,;253.792805,3.00553,;253.792805,3.05562,;253.792805,3.10571,;253.792805,3.1558,;253.792805,3.20588,;253.792805,3.25597,;253.792805,3.30605,;253.792805,3.35614,;253.792805,3.40622,;253.792805,3.45629,;253.792805,3.50637,;253.792805,3.55644,;253.792805,3.60652,;253.792805,3.65664,;253.792805,3.70673,;253.792805,3.75682,;253.792805,3.80692,;253.792805,3.85701,;253.792805,3.90711,;253.792805,3.9572,;253.792805,4.00733,;253.792805,4.0574,;253.792805,4.10749,;253.792805,4.15758,;253.792805,4.20767,;253.792805,4.25776,;253.792805,4.30784,;253.792805,4.35792,;253.792805,4.40799,;253.792805,4.45807,;253.792805,4.50815,;253.792805,4.55823,;253.792805,4.60831,;253.792805,4.65838,;253.792805,4.70848,;253.792805,4.75856,;253.792805,4.80865,;253.792805,4.85872,;253.792805,4.9088,;253.792805,4.95888,;253.792805,5.00896,;253.792805,5.05904,;253.792805,5.10911,;253.792805,5.15919,;253.792805,5.20927,;253.792805,5.25935,;253.792805,5.30942,;253.792805,5.3595,;253.792805,5.40958,;253.792805,5.45966,;253.792805,5.50974,;253.792805,5.55982,;253.792805,5.60989,;253.792805,5.65998,;253.792805,5.71005,;253.792805,5.76014,;253.792805,5.81026,;253.792805,5.86033,;253.792805,5.91041,;253.792805,5.9605,;253.792805,6.01058,;253.792805,6.06069,;253.792805,6.11079,;253.792805,6.16087,;253.792805,6.21095,;253.792805,6.26104,;253.792805,6.31111,;253.792805,6.36119,;253.792805,6.41126,;253.792805,6.46133,;253.792805,6.51142,;253.792805,6.56149,;253.792805,6.61157,;253.792805,6.66167,;253.792805,6.71176,;253.792805,6.76188,;253.792805,6.812,;251.264945,6.86212,;251.264945,6.91225,;251.264945,6.96235,;251.264945,7.01247,;251.264945,7.06259,;251.264945,7.1127,;251.264945,7.16283,;251.264945,7.21294,;251.264945,7.2631,;251.264945,7.31318,;248.675531,7.36331,;248.675531,7.41343,;248.675531,7.46352,;248.675531,7.51364,;248.675531,7.56373,;248.675531,7.61385,;248.675531,7.66394,;248.675531,7.71402,;248.675531,7.76414,;248.675531,7.81426,;248.675531,7.86437,;248.675531,7.91445,;248.675531,7.96454,;248.675531,8.01462,;248.675531,8.06471,;248.675531,8.11481,;248.675531,8.16494,;248.675531,8.21503,;248.675531,8.26512,;248.675531,8.31524,;248.675531,8.36536,;248.675531,8.41548,;237.412418,8.46561,;237.412418,8.51572,;237.412418,8.56585,;237.412418,8.61594,;237.412418,8.66606,;237.412418,8.71617,;237.412418,8.76629,;237.412418,8.81641,;237.412418,8.86649,;237.412418,8.91661,;237.412418,8.96671,;237.412418,9.01683,;237.412418,9.06692,;237.412418,9.11704,;237.412418,9.16714,;237.412418,9.21722,;237.412418,9.26732,;237.412418,9.31741,;237.412418,9.36753,;237.412418,9.41765,;237.412418,9.46777,;237.412418,9.51785,;237.412418,9.56798,;237.412418,9.6181,;237.412418,9.66821,;237.412418,9.71833,;237.412418,9.76845,;237.412418,9.81853,;237.412418,9.86865,;237.412418,9.91874,;237.412418,9.96882,;237.412418,10.0189,;
inf,0.0501018,;362.096397,0.100176,;362.096397,0.150292,;362.096397,0.20037,;336.110941,0.250474,;336.110941,0.30059,;336.110941,0.350686,;336.110941,0.400776,;336.110941,0.450874,;336.110941,0.500991,;336.110941,0.551107,;336.110941,0.601219,;336.110941,0.65134,;336.110941,0.701462,;336.110941,0.751588,;336.110941,0.8017,;336.110941,0.851816,;336.110941,0.901895,;336.110941,0.952015,;336.110941,1.00212,;336.110941,1.05223,;336.110941,1.10235,;336.110941,1.15246,;336.110941,1.20256,;336.110941,1.25264,;331.600778,1.30276,;272.599738,1.35287,;272.599738,1.40299,;272.599738,1.45311,;272.599738,1.5032,;272.599738,1.55331,;272.599738,1.60339,;272.599738,1.65351,;272.599738,1.7036,;272.599738,1.75372,;272.599738,1.80382,;272.599738,1.85391,;272.599738,1.90402,;272.599738,1.95413,;272.599738,2.00425,;272.599738,2.05437,;272.599738,2.10446,;272.599738,2.15459,;272.599738,2.2047,;272.599738,2.25482,;272.599738,2.30495,;272.599738,2.35507,;272.599738,2.40518,;272.599738,2.45526,;272.599738,2.50538,;272.599738,2.55546,;272.599738,2.60557,;272.599738,2.65567,;272.599738,2.70575,;272.599738,2.75584,;272.599738,2.80596,;272.599738,2.85605,;272.599738,2.90614,;272.599738,2.95623,;272.599738,3.00635,;272.599738,3.05645,;272.599738,3.10654,;272.599738,3.15663,;272.599738,3.20673,;272.599738,3.2568,;272.599738,3.30689,;272.599738,3.35696,;272.599738,3.40704,;272.599738,3.45712,;272.599738,3.5072,;272.599738,3.55728,;272.599738,3.60736,;272.599738,3.65746,;272.599738,3.70753,;272.599738,3.75769,;272.599738,3.80777,;272.599738,3.85786,;272.599738,3.90797,;272.599738,3.95805,;266.539727,4.00813,;266.539727,4.05821,;266.539727,4.10829,;266.539727,4.15838,;266.539727,4.20845,;266.539727,4.25854,;266.539727,4.30862,;266.539727,4.35871,;266.539727,4.40879,;266.539727,4.45887,;266.539727,4.50895,;261.416227,4.55904,;261.416227,4.60912,;261.416227,4.65922,;261.416227,4.70931,;261.416227,4.75939,;261.416227,4.80948,;261.416227,4.85956,;261.416227,4.90968,;261.416227,4.95976,;261.416227,5.00984,;261.416227,5.05992,;261.416227,5.11,;261.416227,5.16008,;261.416227,5.21016,;261.416227,5.26025,;261.416227,5.31033,;261.416227,5.36042,;261.416227,5.41051,;261.416227,5.46059,;261.416227,5.51067,;261.416227,5.56076,;261.416227,5.61089,;261.416227,5.66101,;261.416227,5.71113,;261.416227,5.76125,;261.416227,5.81137,;261.416227,5.86148,;261.416227,5.9116,;261.416227,5.96172,;261.416227,6.01182,;259.255456,6.06195,;259.255456,6.11206,;259.255456,6.16219,;259.255456,6.2123,;259.255456,6.26239,;259.255456,6.3125,;259.255456,6.36262,;259.255456,6.41274,;259.255456,6.46285,;259.255456,6.51297,;259.255456,6.56308,;259.255456,6.6132,;259.255456,6.66326,;248.199416,6.71338,;248.199416,6.76346,;248.199416,6.81357,;248.199416,6.86367,;248.199416,6.91379,;248.199416,6.96389,;248.199416,7.01402,;248.199416,7.06413,;248.199416,7.11425,;248.199416,7.16434,;248.199416,7.21446,;248.199416,7.26456,;248.199416,7.31465,;248.199416,7.36474,;248.199416,7.41483,;248.199416,7.46495,;248.199416,7.51504,;248.199416,7.56516,;248.199416,7.61528,;248.199416,7.66542,;248.199416,7.71556,;248.199416,7.76566,;248.199416,7.81576,;248.199416,7.86589,;248.199416,7.91598,;248.199416,7.96607,;248.199416,8.01615,;248.199416,8.06622,;248.199416,8.11633,;248.199416,8.16645,;248.199416,8.21655,;248.199416,8.26667,;248.199416,8.31676,;248.199416,8.36686,;248.199416,8.41695,;248.199416,8.46706,;248.199416,8.51716,;248.199416,8.56723,;239.422233,8.61736,;239.422233,8.66743,;239.422233,8.71753,;239.422233,8.76762,;239.422233,8.81774,;239.422233,8.86783,;239.422233,8.91793,;239.422233,8.96803,;239.422233,9.01812,;239.422233,9.06822,;239.422233,9.11834,;239.422233,9.16843,;239.422233,9.21856,;239.422233,9.26869,;239.422233,9.31881,;239.422233,9.36891,;239.422233,9.41903,;239.422233,9.46915,;239.422233,9.51921,;239.422233,9.56929,;239.422233,9.61936,;239.422233,9.66948,;239.422233,9.71958,;239.422233,9.7697,;239.422233,9.8198,;239.422233,9.86989,;239.422233,9.91998,;239.422233,9.97007,;239.422233,10.0202,;239.422233,10.0703,;
inf,0.050069,;774.479745,0.100154,;774.479745,0.150238,;774.479745,0.200338,;762.341081,0.250429,;762.341081,0.300521,;762.341081,0.350595,;723.290115,0.4007,;723.290115,0.4508,;378.966400,0.500886,;349.944994,0.550992,;349.944994,0.601076,;349.944994,0.651173,;349.944994,0.701261,;349.944994,0.751339,;349.944994,0.801422,;341.807667,0.851511,;341.807667,0.901622,;341.807667,0.951734,;341.807667,1.00186,;341.807667,1.05198,;341.807667,1.10209,;341.807667,1.15217,;341.807667,1.20229,;341.807667,1.25236,;341.807667,1.30245,;341.807667,1.35254,;341.807667,1.40263,;341.807667,1.45272,;341.807667,1.5028,;341.807667,1.55287,;341.807667,1.60295,;341.807667,1.65307,;341.807667,1.70317,;341.807667,1.75327,;341.807667,1.80336,;341.807667,1.85345,;341.807667,1.90358,;341.807667,1.95366,;341.807667,2.00378,;341.807667,2.05388,;283.268376,2.10399,;283.268376,2.15411,;283.268376,2.20422,;283.268376,2.25434,;283.268376,2.30445,;283.268376,2.35456,;283.268376,2.40464,;283.268376,2.45476,;279.709942,2.50488,;279.709942,2.55495,;279.709942,2.60505,;279.709942,2.65518,;279.709942,2.70528,;279.709942,2.75541,;279.709942,2.80551,;279.709942,2.85563,;279.709942,2.90575,;279.709942,2.95587,;279.709942,3.00597,;279.709942,3.05608,;279.709942,3.1062,;279.709942,3.15629,;279.709942,3.20641,;279.709942,3.25653,;279.709942,3.30665,;279.709942,3.35676,;279.709942,3.40688,;279.709942,3.45696,;279.709942,3.50708,;279.709942,3.55718,;279.709942,3.60729,;279.709942,3.65739,;279.709942,3.70746,;279.709942,3.75755,;279.709942,3.80762,;279.709942,3.85771,;271.653995,3.90779,;271.653995,3.95788,;271.653995,4.00799,;271.653995,4.05811,;255.183904,4.10821,;255.183904,4.15834,;255.183904,4.20842,;255.183904,4.25854,;255.183904,4.30863,;255.183904,4.35872,;255.183904,4.4088,;255.183904,4.45892,;255.183904,4.50902,;255.183904,4.55914,;255.183904,4.60923,;255.183904,4.65931,;255.183904,4.7094,;255.183904,4.75948,;255.183904,4.80957,;255.183904,4.85969,;255.183904,4.90981,;255.183904,4.95992,;255.183904,5.01004,;228.895443,5.06016,;228.895443,5.1103,;228.895443,5.16041,;228.895443,5.2105,;228.895443,5.26063,;228.895443,5.31074,;228.895443,5.36082,;228.895443,5.41095,;228.895443,5.46104,;228.895443,5.51114,;228.895443,5.56123,;228.895443,5.61131,;228.895443,5.66141,;228.895443,5.7115,;228.895443,5.7616,;228.895443,5.81174,;228.895443,5.86184,;228.895443,5.91197,;228.895443,5.96205,;228.895443,6.01217,;228.895443,6.0623,;228.895443,6.11242,;228.895443,6.16251,;228.895443,6.21264,;228.895443,6.26276,;228.895443,6.31284,;228.895443,6.36293,;228.895443,6.41301,;228.895443,6.4631,;228.895443,6.51318,;228.895443,6.56328,;228.895443,6.61336,;228.895443,6.66345,;228.895443,6.71354,;228.895443,6.76362,;228.895443,6.81371,;228.895443,6.86379,;228.895443,6.91388,;228.895443,6.96396,;228.895443,7.01405,;228.895443,7.06413,;228.895443,7.11422,;228.895443,7.16431,;228.895443,7.21439,;228.895443,7.26448,;228.895443,7.31456,;228.895443,7.36465,;228.895443,7.41473,;228.895443,7.46482,;228.895443,7.5149,;228.895443,7.56499,;228.895443,7.61508,;228.895443,7.66516,;228.895443,7.71525,;224.355591,7.76534,;224.355591,7.81542,;224.355591,7.86551,;224.355591,7.9156,;224.355591,7.96568,;224.355591,8.01576,;224.355591,8.06585,;224.355591,8.11594,;224.355591,8.16602,;224.355591,8.21611,;224.355591,8.26619,;224.355591,8.31627,;224.355591,8.36636,;224.355591,8.41644,;224.355591,8.46652,;224.355591,8.51661,;224.355591,8.56669,;224.355591,8.61677,;224.355591,8.66685,;224.355591,8.71694,;224.355591,8.76702,;224.355591,8.81712,;224.355591,8.8672,;224.355591,8.91728,;224.355591,8.96736,;220.200167,9.01746,;220.200167,9.06755,;220.200167,9.11767,;220.200167,9.16779,;220.200167,9.21788,;220.200167,9.26799,;220.200167,9.31809,;220.200167,9.36822,;220.200167,9.41831,;220.200167,9.46842,;220.200167,9.51852,;220.200167,9.56861,;220.200167,9.61874,;220.200167,9.66882,;220.200167,9.71893,;220.200167,9.76901,;220.200167,9.81911,;220.200167,9.86921,;220.200167,9.91932,;220.200167,9.96941,;220.200167,10.0195,;
368.055435,0.0500652,;368.055435,0.100194,;368.055435,0.150266,;368.055435,0.200395,;368.055435,0.250475,;368.055435,0.300556,;368.055435,0.350664,;330.146687,0.400737,;330.146687,0.450844,;330.146687,0.500934,;330.146687,0.551017,;330.146687,0.601093,;330.146687,0.651259,;330.146687,0.701331,;309.609174,0.751415,;309.609174,0.801528,;309.609174,0.851643,;309.609174,0.901763,;309.609174,0.951878,;307.561264,1.00199,;307.561264,1.0521,;283.250641,1.10221,;282.490177,1.15232,;282.490177,1.20244,;282.490177,1.25253,;282.490177,1.30264,;273.182823,1.35276,;265.019632,1.40287,;265.019632,1.45292,;265.019632,1.50304,;265.019632,1.55311,;265.019632,1.60327,;265.019632,1.65334,;265.019632,1.70343,;265.019632,1.75351,;265.019632,1.80364,;265.019632,1.85372,;265.019632,1.90383,;265.019632,1.95391,;265.019632,2.00399,;265.019632,2.05408,;265.019632,2.10417,;265.019632,2.15428,;265.019632,2.20439,;265.019632,2.2545,;265.019632,2.30461,;265.019632,2.3547,;265.019632,2.40485,;265.019632,2.45493,;265.019632,2.50501,;265.019632,2.55508,;265.019632,2.60517,;265.019632,2.65526,;265.019632,2.70539,;265.019632,2.7555,;265.019632,2.80559,;265.019632,2.8557,;265.019632,2.90579,;265.019632,2.9559,;265.019632,3.00598,;265.019632,3.0561,;265.019632,3.10619,;265.019632,3.1563,;265.019632,3.20642,;265.019632,3.2565,;265.019632,3.30661,;265.019632,3.35672,;265.019632,3.40683,;265.019632,3.45696,;265.019632,3.50709,;265.019632,3.55716,;265.019632,3.60727,;265.019632,3.65737,;265.019632,3.70748,;265.019632,3.75757,;265.019632,3.80769,;265.019632,3.85778,;265.019632,3.90786,;265.019632,3.95795,;265.019632,4.00803,;265.019632,4.05812,;265.019632,4.10823,;265.019632,4.15832,;265.019632,4.20845,;265.019632,4.25853,;265.019632,4.30864,;265.019632,4.35873,;265.019632,4.40884,;265.019632,4.45895,;265.019632,4.50903,;265.019632,4.55914,;265.019632,4.60925,;265.019632,4.65934,;265.019632,4.70944,;263.035372,4.75953,;263.035372,4.80961,;236.670042,4.85972,;236.670042,4.90982,;236.670042,4.95993,;236.670042,5.01002,;236.670042,5.06014,;236.670042,5.11023,;236.670042,5.16032,;236.670042,5.2104,;236.670042,5.26051,;236.670042,5.31062,;236.670042,5.36069,;236.670042,5.4108,;236.670042,5.46089,;236.670042,5.51099,;236.670042,5.56107,;236.670042,5.61118,;236.670042,5.66126,;236.670042,5.71139,;236.670042,5.76147,;236.670042,5.81158,;236.670042,5.86166,;236.670042,5.91174,;236.670042,5.96186,;236.670042,6.01197,;236.670042,6.06211,;236.670042,6.11223,;236.670042,6.16234,;236.670042,6.21244,;236.670042,6.26253,;236.670042,6.31261,;236.670042,6.3627,;236.670042,6.41279,;236.670042,6.46291,;236.670042,6.51299,;236.670042,6.5631,;236.670042,6.61318,;228.666339,6.66327,;228.666339,6.71336,;228.666339,6.76345,;228.666339,6.81357,;228.666339,6.86369,;228.666339,6.91378,;228.666339,6.96391,;228.666339,7.01399,;228.666339,7.06408,;228.666339,7.11418,;228.666339,7.1643,;228.666339,7.21442,;228.666339,7.26455,;228.666339,7.31467,;228.666339,7.36476,;228.666339,7.41489,;228.666339,7.46503,;228.666339,7.51515,;228.666339,7.56527,;228.666339,7.61537,;228.666339,7.66549,;228.666339,7.71561,;228.666339,7.76571,;228.666339,7.81584,;228.666339,7.86594,;228.666339,7.91607,;228.666339,7.96617,;228.666339,8.01633,;228.666339,8.06642,;228.666339,8.11654,;228.666339,8.16663,;228.666339,8.21669,;228.666339,8.26677,;228.666339,8.31689,;228.666339,8.36701,;228.666339,8.41709,;228.666339,8.4672,;228.666339,8.51729,;228.666339,8.56742,;228.666339,8.61753,;228.666339,8.66765,;228.666339,8.71775,;228.666339,8.76784,;228.666339,8.81796,;228.666339,8.86808,;228.666339,8.9182,;228.666339,8.96831,;228.666339,9.0184,;228.666339,9.06852,;228.666339,9.11863,;228.666339,9.16875,;228.666339,9.21887,;228.666339,9.26896,;228.666339,9.31904,;228.666339,9.36912,;228.666339,9.41925,;228.666339,9.46936,;228.666339,9.51948,;228.666339,9.56959,;228.666339,9.61972,;228.666339,9.66981,;228.666339,9.71993,;228.666339,9.77001,;228.666339,9.82009,;228.666339,9.87018,;228.666339,9.92027,;228.666339,9.97034,;228.666339,10.0204,;
inf,0.0500945,;978.404515,0.10019,;978.404515,0.150303,;547.034799,0.200418,;547.034799,0.250528,;547.034799,0.300612,;547.034799,0.350725,;547.034799,0.400834,;547.034799,0.450928,;547.034799,0.501039,;442.171521,0.551115,;442.171521,0.60119,;442.171521,0.651269,;442.171521,0.70138,;442.171521,0.75147,;442.171521,0.80159,;442.171521,0.851682,;442.171521,0.901799,;442.171521,0.951914,;442.171521,1.00201,;442.171521,1.05211,;442.171521,1.10221,;442.171521,1.1523,;442.171521,1.20242,;442.171521,1.25253,;442.171521,1.30265,;442.171521,1.35277,;423.070053,1.40289,;423.070053,1.45298,;423.070053,1.50306,;423.070053,1.55315,;423.070053,1.60325,;423.070053,1.65336,;423.070053,1.70344,;423.070053,1.75356,;423.070053,1.80365,;423.070053,1.85376,;423.070053,1.90384,;423.070053,1.95392,;423.070053,2.00401,;255.886540,2.05412,;255.757231,2.1042,;255.757231,2.15433,;255.757231,2.20441,;255.757231,2.25453,;255.757231,2.30462,;255.757231,2.35471,;255.757231,2.4048,;255.757231,2.45489,;255.757231,2.505,;255.757231,2.55512,;255.757231,2.6052,;255.757231,2.65528,;255.757231,2.70538,;255.757231,2.75547,;255.757231,2.80559,;255.757231,2.85569,;255.757231,2.9058,;255.757231,2.95592,;255.757231,3.00604,;255.757231,3.05617,;255.757231,3.10629,;255.757231,3.15641,;255.757231,3.2065,;237.575842,3.25661,;237.575842,3.30671,;233.063311,3.35681,;233.063311,3.40692,;233.063311,3.45701,;233.063311,3.50709,;233.063311,3.55717,;233.063311,3.60725,;233.063311,3.65733,;233.063311,3.70741,;233.063311,3.75753,;233.063311,3.80764,;230.111811,3.85772,;230.111811,3.9078,;226.034779,3.95788,;226.034779,4.00796,;226.034779,4.05804,;226.034779,4.10812,;226.034779,4.1582,;226.034779,4.20829,;226.034779,4.25839,;226.034779,4.30851,;226.034779,4.3586,;226.034779,4.40872,;226.034779,4.45883,;226.034779,4.50895,;226.034779,4.55903,;226.034779,4.60912,;226.034779,4.65921,;226.034779,4.7093,;226.034779,4.7594,;226.034779,4.80949,;226.034779,4.85957,;226.034779,4.90965,;226.034779,4.95974,;226.034779,5.00984,;226.034779,5.05994,;226.034779,5.11,;226.034779,5.16009,;226.034779,5.21018,;226.034779,5.2603,;226.034779,5.31038,;226.034779,5.36047,;226.034779,5.41056,;226.034779,5.46068,;226.034779,5.51077,;226.034779,5.56085,;226.034779,5.61093,;226.034779,5.66101,;226.034779,5.7111,;226.034779,5.76122,;226.034779,5.81131,;226.034779,5.86143,;226.034779,5.91152,;226.034779,5.96163,;226.034779,6.01172,;226.034779,6.06184,;226.034779,6.11194,;226.034779,6.16203,;226.034779,6.21213,;226.034779,6.26229,;226.034779,6.31238,;226.034779,6.36252,;226.034779,6.4126,;226.034779,6.46268,;226.034779,6.51275,;226.034779,6.56283,;226.034779,6.61291,;226.034779,6.66298,;226.034779,6.71306,;226.034779,6.76314,;226.034779,6.81322,;226.034779,6.8633,;226.034779,6.91338,;226.034779,6.96345,;226.034779,7.01353,;226.034779,7.06361,;226.034779,7.11368,;226.034779,7.16376,;226.034779,7.21384,;226.034779,7.26391,;226.034779,7.31399,;226.034779,7.36407,;226.034779,7.41415,;226.034779,7.46423,;226.034779,7.51431,;226.034779,7.56439,;225.887973,7.61447,;225.887973,7.66455,;225.887973,7.71464,;225.887973,7.76472,;225.887973,7.8148,;225.887973,7.86487,;225.887973,7.91495,;225.887973,7.96503,;225.887973,8.0151,;225.887973,8.06519,;225.887973,8.11529,;225.887973,8.16537,;225.887973,8.21546,;225.887973,8.26555,;225.887973,8.31564,;225.887973,8.36574,;225.887973,8.41583,;225.887973,8.46592,;225.887973,8.51601,;225.887973,8.5661,;225.887973,8.61619,;225.887973,8.66628,;225.887973,8.71637,;225.887973,8.76646,;225.887973,8.81655,;225.887973,8.86665,;225.887973,8.91673,;225.887973,8.96683,;225.887973,9.01692,;225.887973,9.06701,;225.887973,9.11709,;225.887973,9.16718,;225.887973,9.21727,;225.887973,9.26736,;225.887973,9.31746,;225.887973,9.36756,;225.887973,9.41765,;225.887973,9.46774,;225.887973,9.51786,;225.887973,9.56798,;225.887973,9.61806,;225.887973,9.66814,;225.887973,9.71823,;225.887973,9.76831,;225.887973,9.8184,;225.887973,9.86852,;225.887973,9.9186,;225.887973,9.96869,;225.887973,10.0188,;225.887973,10.0689,;
inf,0.0501084,;inf,0.100197,;873.886694,0.150288,;873.886694,0.200382,;803.561130,0.250499,;803.561130,0.300573,;803.561130,0.350654,;803.561130,0.400733,;803.561130,0.45084,;411.416618,0.500966,;411.416618,0.551045,;411.416618,0.60117,;411.416618,0.651299,;411.416618,0.701384,;411.416618,0.751468,;411.416618,0.801554,;399.258392,0.851632,;399.258392,0.901721,;399.258392,0.951851,;366.031961,1.00195,;366.031961,1.05203,;366.031961,1.10211,;366.031961,1.1522,;366.031961,1.20227,;366.031961,1.25238,;366.031961,1.30248,;366.031961,1.3526,;361.540318,1.40271,;346.196679,1.45279,;346.196679,1.50288,;346.196679,1.55298,;346.196679,1.60307,;346.196679,1.65316,;319.167711,1.70328,;319.167711,1.7534,;319.167711,1.80348,;319.167711,1.8536,;319.167711,1.90368,;319.167711,1.95378,;319.167711,2.00387,;319.167711,2.05392,;319.167711,2.10402,;319.167711,2.15412,;319.167711,2.20422,;319.167711,2.25431,;319.167711,2.30443,;319.167711,2.35452,;319.167711,2.40464,;319.167711,2.45476,;319.167711,2.50484,;319.167711,2.55496,;319.167711,2.60508,;319.167711,2.65519,;319.167711,2.70528,;319.167711,2.75543,;319.167711,2.80555,;319.167711,2.85563,;319.167711,2.90575,;319.167711,2.95584,;319.167711,3.00597,;319.167711,3.05609,;319.167711,3.10623,;319.167711,3.15633,;319.167711,3.20641,;319.167711,3.2565,;304.051325,3.30659,;304.051325,3.35668,;304.051325,3.40678,;304.051325,3.45686,;304.051325,3.507,;304.051325,3.55711,;304.051325,3.60723,;304.051325,3.65735,;304.051325,3.70746,;304.051325,3.75758,;304.051325,3.80767,;304.051325,3.85778,;290.182810,3.90791,;290.182810,3.958,;290.182810,4.00808,;290.182810,4.0582,;290.182810,4.10829,;263.515876,4.15841,;263.515876,4.20851,;263.515876,4.25863,;263.515876,4.30875,;263.515876,4.35887,;263.515876,4.40898,;263.515876,4.45908,;263.515876,4.50921,;263.515876,4.5593,;263.515876,4.60943,;263.515876,4.65951,;263.515876,4.70962,;263.515876,4.75971,;263.515876,4.80983,;245.498324,4.85992,;240.788433,4.91005,;240.788433,4.96013,;240.788433,5.01022,;240.788433,5.06031,;240.788433,5.11044,;240.788433,5.16053,;240.788433,5.21066,;240.788433,5.26075,;240.788433,5.31087,;240.788433,5.36098,;240.788433,5.41107,;240.788433,5.46116,;240.788433,5.51126,;240.788433,5.56136,;240.788433,5.61145,;235.972923,5.66157,;235.972923,5.71165,;235.972923,5.76177,;235.972923,5.81188,;235.972923,5.86197,;235.972923,5.91206,;235.972923,5.96219,;235.972923,6.01232,;235.972923,6.0624,;235.972923,6.11248,;235.972923,6.1626,;235.972923,6.21271,;235.972923,6.26279,;235.972923,6.31288,;235.972923,6.36296,;235.972923,6.41305,;235.972923,6.46317,;235.972923,6.51329,;235.972923,6.56337,;235.972923,6.61347,;235.972923,6.66355,;235.972923,6.71367,;235.972923,6.76377,;235.972923,6.81386,;235.972923,6.86395,;235.972923,6.91403,;235.972923,6.96412,;235.972923,7.01424,;235.972923,7.06436,;235.972923,7.11444,;235.972923,7.16458,;235.972923,7.21472,;235.972923,7.26484,;235.972923,7.31492,;235.972923,7.36501,;235.972923,7.41509,;235.972923,7.46521,;235.972923,7.51529,;235.972923,7.56539,;235.120447,7.61547,;235.120447,7.66559,;235.120447,7.71568,;235.120447,7.76577,;235.120447,7.81586,;235.120447,7.86596,;235.120447,7.91609,;235.120447,7.96617,;235.120447,8.01627,;235.120447,8.06637,;235.120447,8.11646,;235.120447,8.16655,;235.120447,8.21667,;235.120447,8.2668,;235.120447,8.31692,;235.120447,8.36705,;235.120447,8.41716,;235.120447,8.46728,;235.120447,8.51737,;235.120447,8.56746,;235.120447,8.61758,;235.120447,8.66766,;235.120447,8.71775,;235.120447,8.76784,;235.120447,8.81797,;235.120447,8.86806,;235.120447,8.91815,;235.120447,8.96825,;235.120447,9.01833,;235.120447,9.06841,;235.120447,9.11849,;235.120447,9.16857,;235.120447,9.21866,;235.120447,9.26876,;235.120447,9.31885,;235.120447,9.36898,;235.120447,9.41909,;235.120447,9.46921,;235.120447,9.51934,;235.120447,9.56946,;235.120447,9.61956,;235.120447,9.66965,;235.120447,9.71974,;235.120447,9.76982,;235.120447,9.8199,;235.120447,9.86998,;235.120447,9.92006,;235.120447,9.97015,;
inf,0.0500729,;837.678303,0.100165,;760.591280,0.150281,;760.591280,0.200394,;760.591280,0.25052,;760.591280,0.300614,;760.591280,0.350725,;760.591280,0.400836,;760.591280,0.450954,;381.379346,0.501037,;381.379346,0.551128,;381.379346,0.601257,;381.379346,0.651333,;381.379346,0.701423,;381.379346,0.751539,;381.379346,0.801651,;381.379346,0.851769,;381.379346,0.901857,;381.379346,0.951939,;381.379346,1.00205,;381.379346,1.05214,;381.379346,1.10224,;381.379346,1.15235,;342.824359,1.20246,;342.824359,1.25261,;342.824359,1.30273,;342.824359,1.35281,;342.824359,1.40289,;336.081543,1.45298,;336.081543,1.50307,;336.081543,1.55316,;336.081543,1.60325,;336.081543,1.65336,;336.081543,1.70345,;336.081543,1.75355,;336.081543,1.80366,;336.081543,1.85374,;336.081543,1.90383,;336.081543,1.95392,;336.081543,2.00399,;336.081543,2.05409,;336.081543,2.10421,;336.081543,2.15432,;336.081543,2.20443,;336.081543,2.25454,;336.081543,2.3046,;317.960485,2.35468,;317.960485,2.40475,;317.960485,2.45487,;317.960485,2.50495,;317.960485,2.55504,;317.960485,2.60513,;317.960485,2.65524,;317.960485,2.70533,;317.960485,2.75546,;317.960485,2.80553,;317.960485,2.85561,;317.960485,2.90569,;264.065580,2.95581,;264.065580,3.00588,;264.065580,3.05596,;264.065580,3.10605,;258.205798,3.15617,;258.205798,3.20629,;258.205798,3.25637,;258.205798,3.30647,;258.205798,3.35657,;258.205798,3.40666,;258.205798,3.45674,;251.655014,3.50682,;251.655014,3.55695,;251.655014,3.60704,;251.655014,3.65712,;251.655014,3.70724,;251.655014,3.75732,;251.655014,3.8074,;251.655014,3.85748,;251.655014,3.90761,;251.655014,3.95772,;251.655014,4.00783,;251.655014,4.05795,;251.655014,4.10804,;251.655014,4.15816,;251.655014,4.20824,;251.655014,4.25832,;251.655014,4.3084,;249.325869,4.35852,;249.325869,4.40861,;249.325869,4.45869,;247.169441,4.50877,;247.169441,4.55889,;243.286631,4.60896,;243.286631,4.65909,;243.286631,4.70917,;243.286631,4.75929,;243.286631,4.80938,;243.286631,4.8595,;243.286631,4.9096,;243.286631,4.95971,;243.286631,5.0098,;243.286631,5.05988,;243.286631,5.11,;243.286631,5.16012,;243.286631,5.21023,;243.286631,5.26034,;243.286631,5.31047,;243.286631,5.36058,;243.286631,5.41069,;243.286631,5.46078,;243.286631,5.51086,;243.286631,5.56097,;243.286631,5.61108,;243.286631,5.66119,;243.286631,5.7113,;243.286631,5.7614,;243.286631,5.81152,;243.286631,5.86159,;227.090516,5.91171,;227.090516,5.96184,;227.090516,6.01194,;227.090516,6.06205,;227.090516,6.11218,;227.090516,6.16231,;227.090516,6.21243,;227.090516,6.26255,;227.090516,6.31263,;227.090516,6.36272,;227.090516,6.4128,;227.090516,6.4629,;227.090516,6.51298,;227.090516,6.56306,;227.090516,6.61315,;227.090516,6.66328,;227.090516,6.71337,;227.090516,6.7635,;227.090516,6.81362,;227.090516,6.86374,;227.090516,6.91383,;227.090516,6.96396,;227.090516,7.01406,;227.090516,7.06416,;227.090516,7.11425,;227.090516,7.16435,;227.090516,7.21447,;227.090516,7.2646,;227.090516,7.31471,;227.090516,7.3648,;227.090516,7.41489,;227.090516,7.46499,;227.090516,7.51507,;227.090516,7.56517,;227.090516,7.61527,;227.090516,7.66535,;227.090516,7.71547,;227.090516,7.76557,;227.090516,7.81566,;227.090516,7.86575,;227.090516,7.91584,;227.090516,7.96593,;227.090516,8.01601,;227.090516,8.0661,;227.090516,8.1162,;227.090516,8.16629,;227.090516,8.21638,;227.090516,8.26647,;227.090516,8.31655,;227.090516,8.36664,;227.090516,8.41672,;227.090516,8.46681,;227.090516,8.51689,;227.090516,8.56698,;227.090516,8.61707,;227.090516,8.66717,;227.090516,8.71726,;227.090516,8.76739,;227.090516,8.81746,;227.090516,8.86755,;227.090516,8.91763,;227.090516,8.96772,;227.090516,9.01781,;227.090516,9.06791,;227.090516,9.11804,;227.090516,9.16813,;227.090516,9.21823,;227.090516,9.26835,;227.090516,9.31847,;227.090516,9.36861,;227.090516,9.41868,;227.090516,9.46877,;227.090516,9.51888,;227.090516,9.56897,;227.090516,9.61907,;227.090516,9.66919,;227.090516,9.7193,;227.090516,9.7694,;227.090516,9.81953,;227.090516,9.86962,;227.090516,9.91971,;227.090516,9.96981,;227.090516,10.0199,;227.090516,10.07,;
inf,0.0500982,;inf,0.100142,;890.444896,0.150252,;890.444896,0.200327,;856.356572,0.250437,;856.356572,0.30051,;856.356572,0.350599,;769.795048,0.400694,;769.795048,0.45081,;769.795048,0.500881,;769.448189,0.550971,;769.448189,0.601085,;769.448189,0.651197,;769.448189,0.701284,;769.448189,0.751397,;769.448189,0.801487,;769.448189,0.85157,;769.448189,0.901675,;734.923336,0.951784,;734.923336,1.0019,;312.177929,1.05201,;310.474336,1.10213,;310.474336,1.15221,;310.474336,1.20229,;310.474336,1.25237,;310.474336,1.30246,;310.474336,1.35253,;310.474336,1.40262,;310.474336,1.45271,;310.474336,1.50283,;310.474336,1.55291,;310.474336,1.60305,;302.483927,1.65313,;302.483927,1.70321,;302.483927,1.7533,;302.483927,1.80341,;302.483927,1.8535,;302.483927,1.90362,;302.483927,1.9537,;302.483927,2.00382,;294.668214,2.05393,;294.668214,2.10404,;294.668214,2.15415,;294.668214,2.20426,;294.668214,2.25438,;294.668214,2.30447,;294.668214,2.35458,;294.668214,2.4047,;294.668214,2.45478,;294.668214,2.5049,;294.668214,2.55501,;294.668214,2.6051,;294.668214,2.65521,;294.668214,2.7053,;294.668214,2.75542,;294.668214,2.80553,;294.668214,2.85561,;294.668214,2.90572,;294.668214,2.95583,;294.668214,3.00595,;294.668214,3.05602,;261.409226,3.10613,;261.409226,3.15621,;261.345353,3.20632,;261.345353,3.2564,;261.345353,3.30649,;261.345353,3.35659,;261.345353,3.40671,;261.345353,3.45679,;261.345353,3.50689,;261.345353,3.55698,;248.215236,3.60706,;248.215236,3.65713,;248.215236,3.70726,;248.215236,3.75734,;248.215236,3.80748,;248.215236,3.8576,;248.215236,3.9077,;248.215236,3.95781,;248.215236,4.00792,;248.215236,4.05801,;248.215236,4.10809,;248.215236,4.15822,;248.215236,4.20829,;248.215236,4.25837,;248.215236,4.30846,;248.215236,4.35857,;248.215236,4.40864,;248.215236,4.45875,;248.215236,4.50885,;248.215236,4.55899,;248.215236,4.60906,;248.215236,4.65913,;248.215236,4.70922,;248.215236,4.75933,;248.215236,4.80944,;248.215236,4.85955,;248.215236,4.90967,;248.215236,4.95978,;248.215236,5.0099,;248.215236,5.06001,;248.215236,5.11012,;248.215236,5.1602,;248.215236,5.21028,;248.215236,5.26036,;248.215236,5.31047,;248.215236,5.36056,;248.215236,5.41067,;248.215236,5.46076,;248.215236,5.51084,;248.215236,5.56092,;248.215236,5.61103,;248.215236,5.66111,;248.215236,5.71121,;248.215236,5.76134,;248.215236,5.81145,;248.215236,5.86153,;248.215236,5.91163,;248.215236,5.9617,;248.215236,6.01181,;248.215236,6.06193,;248.215236,6.11205,;248.215236,6.16216,;248.215236,6.21223,;248.215236,6.26235,;248.215236,6.31243,;247.950551,6.36254,;247.950551,6.41265,;247.950551,6.46277,;247.950551,6.5129,;247.950551,6.56302,;247.950551,6.61313,;247.950551,6.66325,;247.950551,6.71336,;247.950551,6.76348,;247.950551,6.8136,;247.950551,6.86371,;247.950551,6.91383,;247.950551,6.96394,;247.950551,7.01406,;247.950551,7.06415,;247.950551,7.11423,;247.950551,7.1643,;247.950551,7.21443,;247.950551,7.26455,;247.950551,7.31466,;247.950551,7.36475,;247.950551,7.41487,;247.950551,7.46495,;247.950551,7.51507,;247.950551,7.5652,;247.950551,7.61532,;247.950551,7.66544,;247.950551,7.71553,;242.846973,7.76562,;242.846973,7.81571,;242.846973,7.86581,;242.846973,7.9159,;242.846973,7.96603,;242.846973,8.01616,;242.846973,8.06627,;242.846973,8.11635,;242.846973,8.16642,;242.846973,8.21653,;242.846973,8.26661,;242.846973,8.3167,;242.846973,8.36681,;242.846973,8.4169,;242.846973,8.46702,;242.846973,8.51714,;242.846973,8.56722,;242.846973,8.6173,;242.846973,8.6674,;242.846973,8.71749,;242.846973,8.76757,;242.846973,8.81767,;242.846973,8.86776,;242.846973,8.91784,;242.846973,8.96796,;242.846973,9.01805,;242.846973,9.06811,;242.846973,9.1182,;242.846973,9.16828,;242.846973,9.2184,;242.846973,9.26849,;242.846973,9.31861,;242.846973,9.3687,;242.846973,9.41882,;242.846973,9.46891,;242.846973,9.51903,;242.846973,9.56911,;242.846973,9.61922,;242.846973,9.66935,;242.846973,9.71943,;242.846973,9.76952,;242.846973,9.81961,;242.846973,9.86971,;242.846973,9.9198,;242.846973,9.96989,;242.846973,10.02,;
431.331768,0.050096,;431.331768,0.100182,;431.331768,0.150265,;431.331768,0.200348,;418.676591,0.250482,;418.676591,0.300553,;418.676591,0.350632,;418.676591,0.400712,;418.676591,0.45083,;418.676591,0.500918,;418.676591,0.551011,;418.676591,0.601104,;418.676591,0.651195,;418.676591,0.701269,;292.559293,0.751351,;292.559293,0.801437,;292.559293,0.851558,;292.559293,0.901642,;292.559293,0.951758,;292.559293,1.00188,;292.559293,1.05196,;292.559293,1.10205,;292.559293,1.15217,;292.559293,1.20229,;292.559293,1.25238,;292.559293,1.3025,;287.807924,1.35257,;287.807924,1.40264,;287.807924,1.45272,;287.807924,1.50281,;287.807924,1.55293,;287.807924,1.60303,;287.807924,1.65315,;287.807924,1.70324,;287.807924,1.75331,;287.807924,1.80344,;287.807924,1.85352,;287.807924,1.90364,;281.199525,1.95373,;281.199525,2.00381,;281.199525,2.05391,;281.199525,2.10403,;281.199525,2.15414,;281.199525,2.20426,;281.199525,2.25435,;281.199525,2.30444,;281.199525,2.35456,;281.199525,2.40464,;281.199525,2.45476,;281.199525,2.50483,;281.199525,2.55494,;281.199525,2.60504,;281.199525,2.65515,;281.199525,2.70527,;281.199525,2.75535,;281.199525,2.80547,;281.199525,2.85556,;276.841667,2.90571,;276.841667,2.95579,;276.841667,3.00591,;276.841667,3.05602,;276.841667,3.10615,;276.841667,3.15627,;276.841667,3.2064,;276.841667,3.25651,;276.841667,3.30663,;276.841667,3.35672,;276.841667,3.40684,;276.841667,3.45696,;276.841667,3.50707,;276.841667,3.5572,;276.841667,3.60732,;276.841667,3.65744,;276.841667,3.70756,;276.841667,3.75769,;241.581560,3.80778,;241.581560,3.85788,;241.581560,3.908,;241.581560,3.95811,;241.581560,4.00824,;241.581560,4.05836,;241.581560,4.10848,;241.581560,4.1586,;241.581560,4.20867,;241.581560,4.25879,;241.581560,4.30887,;241.581560,4.35896,;241.581560,4.40909,;241.581560,4.4592,;241.581560,4.5093,;241.581560,4.55938,;241.581560,4.60949,;241.581560,4.65961,;241.581560,4.70973,;241.581560,4.75985,;241.581560,4.80998,;241.581560,4.8601,;241.581560,4.91019,;241.581560,4.96031,;241.581560,5.0104,;241.581560,5.06052,;241.581560,5.11063,;241.581560,5.16071,;241.581560,5.21079,;241.581560,5.2609,;241.581560,5.31098,;241.581560,5.36107,;241.581560,5.41116,;241.581560,5.46131,;241.581560,5.51143,;241.581560,5.56151,;241.581560,5.61163,;241.581560,5.66172,;241.581560,5.71184,;241.581560,5.76193,;241.581560,5.81205,;241.581560,5.86214,;241.581560,5.91227,;241.581560,5.96238,;241.581560,6.0125,;241.581560,6.06258,;241.581560,6.11271,;241.581560,6.16282,;241.581560,6.21291,;241.581560,6.26302,;241.581560,6.31314,;241.581560,6.36326,;241.581560,6.41338,;241.581560,6.46352,;241.581560,6.51364,;241.581560,6.56373,;241.581560,6.61379,;241.581560,6.66388,;241.581560,6.71397,;241.581560,6.76405,;241.581560,6.81413,;241.581560,6.86422,;241.581560,6.91435,;241.581560,6.96444,;241.581560,7.01456,;241.581560,7.06463,;241.581560,7.11475,;241.581560,7.16483,;241.581560,7.21492,;241.581560,7.26501,;241.581560,7.31512,;241.581560,7.3652,;241.581560,7.41529,;241.581560,7.46538,;241.581560,7.51551,;241.581560,7.5656,;241.581560,7.61569,;241.581560,7.66578,;241.581560,7.71591,;241.581560,7.76599,;241.581560,7.81609,;241.581560,7.86619,;241.581560,7.91629,;241.581560,7.96641,;241.581560,8.01652,;241.581560,8.06665,;241.581560,8.11673,;241.581560,8.16685,;241.581560,8.21694,;241.581560,8.26706,;241.581560,8.31716,;241.581560,8.36728,;241.581560,8.41737,;241.581560,8.46749,;241.581560,8.51761,;241.581560,8.56772,;241.581560,8.61785,;241.581560,8.66796,;241.581560,8.71808,;241.581560,8.76817,;241.581560,8.8183,;241.581560,8.86842,;241.581560,8.91858,;241.581560,8.96862,;241.581560,9.01871,;241.581560,9.0688,;241.581560,9.11889,;241.581560,9.16898,;241.581560,9.2191,;241.581560,9.26922,;241.581560,9.31934,;241.581560,9.36944,;241.581560,9.41956,;241.581560,9.46968,;241.581560,9.5198,;241.581560,9.56989,;241.581560,9.62002,;241.581560,9.67015,;241.581560,9.72023,;241.581560,9.77031,;241.581560,9.8204,;241.581560,9.87049,;241.581560,9.9206,;241.581560,9.97068,;
785.617770,0.0500723,;785.617770,0.100186,;785.617770,0.150273,;785.617770,0.200399,;785.617770,0.250509,;785.617770,0.300625,;743.581952,0.350708,;731.967072,0.400807,;731.967072,0.450896,;731.967072,0.500986,;427.094278,0.551103,;382.170192,0.601194,;382.170192,0.651309,;382.170192,0.701399,;382.170192,0.751511,;382.170192,0.801603,;382.170192,0.851716,;382.170192,0.901829,;382.170192,0.951942,;382.170192,1.00206,;382.170192,1.05217,;382.170192,1.10229,;382.170192,1.15237,;382.170192,1.20249,;382.170192,1.25259,;380.507521,1.30267,;380.507521,1.35276,;380.507521,1.40288,;358.689463,1.45297,;358.689463,1.50308,;358.689463,1.55319,;358.689463,1.60331,;358.689463,1.6534,;358.689463,1.70351,;312.868845,1.75364,;312.868845,1.80375,;312.868845,1.85387,;312.868845,1.90399,;312.868845,1.95408,;312.868845,2.00412,;289.524042,2.05426,;289.524042,2.10433,;289.524042,2.15445,;285.266992,2.20454,;285.266992,2.25463,;285.266992,2.30472,;285.266992,2.35485,;285.266992,2.40494,;285.266992,2.45506,;285.266992,2.50516,;285.266992,2.55528,;285.266992,2.60537,;285.266992,2.65549,;285.266992,2.7056,;285.266992,2.75572,;285.266992,2.80583,;285.266992,2.85595,;285.266992,2.90604,;285.266992,2.95616,;285.266992,3.00627,;285.266992,3.05635,;285.266992,3.10643,;285.266992,3.15651,;285.266992,3.20659,;285.266992,3.25668,;285.266992,3.30679,;285.266992,3.35688,;256.217636,3.407,;256.217636,3.45707,;256.217636,3.50716,;256.217636,3.55725,;256.217636,3.60737,;256.217636,3.65745,;256.217636,3.70757,;256.217636,3.75766,;256.217636,3.80775,;256.217636,3.85787,;256.217636,3.90798,;256.217636,3.95806,;256.217636,4.00815,;256.217636,4.05825,;256.217636,4.10834,;253.559341,4.15843,;253.559341,4.20851,;253.559341,4.25859,;253.559341,4.30869,;253.559341,4.3588,;253.559341,4.40889,;253.559341,4.45902,;253.559341,4.50911,;253.559341,4.5592,;253.559341,4.6093,;253.559341,4.65942,;253.559341,4.70951,;253.559341,4.75959,;253.559341,4.80968,;253.559341,4.85976,;253.559341,4.90985,;253.559341,4.95996,;253.559341,5.01003,;253.559341,5.06015,;253.559341,5.11024,;253.559341,5.16033,;253.559341,5.21044,;253.559341,5.26056,;253.559341,5.31067,;253.559341,5.36077,;253.559341,5.41087,;253.559341,5.46098,;253.559341,5.5111,;253.559341,5.56119,;253.559341,5.61128,;253.559341,5.66137,;251.565327,5.71148,;251.565327,5.76156,;251.565327,5.81164,;251.565327,5.86175,;251.565327,5.91187,;251.565327,5.96198,;251.565327,6.0121,;236.379339,6.06218,;236.379339,6.11227,;236.379339,6.16238,;236.379339,6.21246,;236.379339,6.26257,;236.379339,6.31265,;236.379339,6.36278,;236.379339,6.41286,;236.379339,6.46298,;236.379339,6.51309,;236.379339,6.56321,;236.379339,6.61332,;236.379339,6.66343,;236.379339,6.71352,;236.379339,6.76365,;236.379339,6.81373,;236.379339,6.86381,;236.379339,6.91389,;236.379339,6.96401,;236.379339,7.01409,;236.379339,7.06422,;236.379339,7.11431,;236.379339,7.1644,;236.379339,7.21448,;236.379339,7.2646,;236.379339,7.31469,;236.379339,7.36479,;236.379339,7.41489,;236.379339,7.46501,;236.379339,7.5151,;236.379339,7.56523,;236.379339,7.61531,;236.379339,7.66542,;236.379339,7.71554,;236.379339,7.76566,;236.379339,7.81577,;236.379339,7.86589,;236.379339,7.91601,;236.379339,7.9661,;236.379339,8.01622,;236.379339,8.0663,;236.379339,8.11638,;236.379339,8.16648,;236.379339,8.21658,;236.379339,8.2667,;236.379339,8.31679,;236.379339,8.36691,;236.379339,8.417,;236.379339,8.46711,;236.379339,8.51724,;236.379339,8.56736,;236.379339,8.61745,;236.379339,8.66757,;236.379339,8.71766,;236.379339,8.76779,;236.379339,8.81789,;236.379339,8.86801,;236.379339,8.91813,;236.379339,8.96825,;236.379339,9.01836,;236.379339,9.06843,;236.379339,9.11855,;236.379339,9.16863,;236.379339,9.21872,;236.379339,9.2688,;236.379339,9.31888,;232.879106,9.36899,;232.879106,9.41907,;232.879106,9.46916,;232.879106,9.51932,;232.879106,9.56943,;232.879106,9.61954,;232.879106,9.66966,;232.879106,9.71974,;232.879106,9.76985,;232.879106,9.81994,;232.879106,9.87004,;232.879106,9.92013,;232.879106,9.97024,;232.879106,10.0203,;
inf,0.0500708,;963.288992,0.100187,;538.168238,0.1503,;474.903277,0.200412,;474.903277,0.250529,;474.903277,0.300606,;474.903277,0.350731,;474.903277,0.400828,;474.903277,0.450982,;474.903277,0.501077,;474.903277,0.551152,;474.903277,0.601245,;474.903277,0.651365,;474.903277,0.701476,;474.903277,0.75159,;474.903277,0.801703,;474.903277,0.851817,;474.903277,0.90193,;474.903277,0.952049,;474.903277,1.00216,;474.903277,1.05227,;474.903277,1.10239,;474.903277,1.15251,;474.903277,1.20262,;356.738917,1.25274,;356.738917,1.30285,;356.738917,1.35298,;356.738917,1.40309,;356.738917,1.4532,;356.738917,1.50332,;356.738917,1.55339,;356.738917,1.60351,;356.738917,1.65361,;356.738917,1.70372,;356.738917,1.75384,;356.738917,1.80392,;356.738917,1.85404,;356.738917,1.90416,;356.738917,1.95427,;356.738917,2.00438,;356.738917,2.0545,;356.738917,2.10458,;356.738917,2.1547,;247.598570,2.20477,;247.598570,2.25489,;247.598570,2.30498,;247.598570,2.35506,;247.598570,2.40516,;247.598570,2.45528,;247.598570,2.50538,;247.598570,2.55549,;247.598570,2.60558,;247.598570,2.6557,;247.598570,2.70581,;247.598570,2.75589,;247.598570,2.806,;247.598570,2.85613,;247.598570,2.90624,;247.598570,2.95636,;247.598570,3.00647,;247.598570,3.05655,;247.598570,3.10667,;247.598570,3.15675,;247.598570,3.20685,;247.598570,3.25695,;247.598570,3.30707,;247.598570,3.35715,;247.598570,3.40723,;247.598570,3.45733,;247.598570,3.50745,;247.598570,3.55754,;247.598570,3.60766,;247.598570,3.65774,;247.598570,3.70786,;247.598570,3.75798,;247.598570,3.80806,;247.598570,3.85816,;247.598570,3.90827,;247.598570,3.95839,;247.598570,4.00852,;247.598570,4.05864,;247.598570,4.10872,;247.598570,4.15883,;247.598570,4.20893,;247.598570,4.25901,;247.598570,4.30911,;247.598570,4.3592,;247.598570,4.40933,;247.598570,4.45941,;247.598570,4.50951,;247.598570,4.55962,;247.598570,4.60972,;247.598570,4.6598,;247.598570,4.70992,;247.598570,4.76,;247.598570,4.81012,;247.598570,4.86024,;247.598570,4.91036,;247.598570,4.96044,;247.598570,5.01055,;247.598570,5.06064,;247.598570,5.11075,;247.598570,5.16084,;247.598570,5.21092,;247.598570,5.26103,;247.598570,5.31112,;247.598570,5.36121,;247.598570,5.41128,;247.598570,5.4614,;247.598570,5.51148,;247.598570,5.56156,;247.598570,5.61164,;247.598570,5.66177,;247.598570,5.71185,;247.598570,5.76197,;247.598570,5.81206,;247.598570,5.86216,;247.598570,5.91226,;247.598570,5.96235,;247.598570,6.01248,;247.598570,6.06257,;247.598570,6.11266,;247.598570,6.16274,;247.598570,6.21284,;247.598570,6.26295,;247.598570,6.31304,;247.598570,6.36314,;247.598570,6.41323,;247.598570,6.46333,;247.598570,6.51345,;247.598570,6.56356,;247.598570,6.61364,;247.598570,6.66375,;247.598570,6.71384,;247.598570,6.76393,;247.598570,6.81401,;247.598570,6.86413,;247.598570,6.91425,;247.598570,6.96435,;247.598570,7.01447,;247.598570,7.06452,;247.598570,7.11465,;247.598570,7.16473,;247.598570,7.21485,;247.598570,7.26494,;247.598570,7.31507,;247.598570,7.36516,;246.357216,7.41529,;246.357216,7.46538,;246.357216,7.51546,;246.357216,7.56558,;246.357216,7.61566,;246.357216,7.66574,;246.357216,7.71584,;246.357216,7.76594,;246.357216,7.81606,;246.357216,7.86618,;246.357216,7.91629,;246.357216,7.96638,;246.357216,8.01652,;246.357216,8.06664,;246.357216,8.11676,;246.357216,8.16685,;246.357216,8.21694,;246.357216,8.26704,;246.357216,8.31713,;246.357216,8.36724,;246.357216,8.41734,;246.357216,8.46747,;246.357216,8.51759,;246.357216,8.56771,;246.357216,8.61779,;246.357216,8.66791,;246.357216,8.71799,;246.357216,8.7681,;246.357216,8.81822,;246.357216,8.86833,;246.357216,8.91845,;246.357216,8.96853,;246.357216,9.0186,;246.357216,9.06869,;244.243302,9.11878,;244.243302,9.16888,;244.243302,9.21898,;244.243302,9.26907,;244.243302,9.31919,;244.243302,9.36928,;244.243302,9.41938,;244.243302,9.46948,;244.243302,9.51956,;244.243302,9.56967,;244.243302,9.61978,;244.243302,9.66985,;244.243302,9.71998,;244.243302,9.77007,;244.243302,9.82015,;244.243302,9.87024,;244.243302,9.92035,;244.243302,9.97046,;
inf,0.0500751,;927.264200,0.100191,;927.264200,0.150295,;927.264200,0.200406,;432.778402,0.25049,;432.778402,0.300564,;432.778402,0.35065,;432.778402,0.400766,;412.477199,0.450887,;412.477199,0.500997,;412.477199,0.551107,;412.477199,0.601233,;412.477199,0.651354,;412.477199,0.701464,;412.477199,0.751579,;412.477199,0.801668,;412.477199,0.851778,;412.477199,0.901861,;412.477199,0.951949,;412.477199,1.00202,;412.477199,1.05211,;412.477199,1.10219,;412.477199,1.15231,;412.477199,1.20239,;412.477199,1.25248,;412.477199,1.30256,;412.477199,1.35271,;412.477199,1.40279,;412.477199,1.45286,;412.477199,1.50293,;412.477199,1.55301,;412.477199,1.60309,;412.477199,1.65318,;412.477199,1.70327,;412.477199,1.75334,;412.477199,1.80342,;412.477199,1.8535,;354.968175,1.9036,;354.968175,1.95369,;354.968175,2.00378,;324.352982,2.05387,;324.352982,2.10396,;324.352982,2.15403,;324.352982,2.20411,;324.352982,2.25424,;324.352982,2.30435,;324.352982,2.35442,;324.352982,2.4045,;324.352982,2.45457,;324.352982,2.50465,;324.352982,2.55472,;324.352982,2.60483,;324.352982,2.6549,;324.352982,2.70498,;324.352982,2.75506,;324.352982,2.80515,;324.352982,2.85523,;324.352982,2.9053,;324.352982,2.95538,;324.352982,3.00545,;324.352982,3.05557,;324.352982,3.10565,;324.352982,3.15577,;248.083305,3.20585,;246.952134,3.25594,;246.952134,3.30603,;246.952134,3.35612,;246.952134,3.40621,;246.952134,3.4563,;246.952134,3.50638,;246.952134,3.55647,;246.952134,3.60656,;246.952134,3.65665,;246.952134,3.70674,;246.952134,3.75682,;246.952134,3.80691,;246.952134,3.85699,;246.952134,3.90707,;246.952134,3.95716,;246.952134,4.00725,;246.952134,4.05733,;246.952134,4.10745,;246.952134,4.15754,;246.952134,4.20767,;246.952134,4.25774,;246.952134,4.30782,;246.952134,4.35791,;246.952134,4.408,;246.952134,4.45809,;246.952134,4.50818,;246.952134,4.55826,;246.952134,4.60834,;246.952134,4.65843,;246.952134,4.70853,;246.952134,4.75861,;246.952134,4.80869,;236.902378,4.85877,;236.902378,4.90885,;236.902378,4.95893,;236.902378,5.00906,;236.902378,5.05915,;236.902378,5.10923,;236.902378,5.15934,;236.902378,5.20941,;236.902378,5.25953,;236.902378,5.30961,;236.902378,5.35973,;236.902378,5.40982,;236.902378,5.45994,;236.902378,5.51003,;236.902378,5.56014,;236.902378,5.61021,;236.902378,5.66032,;236.902378,5.7104,;236.902378,5.7605,;236.902378,5.81059,;236.902378,5.86068,;236.902378,5.9108,;236.902378,5.96091,;236.902378,6.01102,;236.902378,6.06113,;236.902378,6.11125,;236.902378,6.16128,;236.902378,6.2114,;236.902378,6.26148,;236.902378,6.31159,;236.902378,6.36168,;236.902378,6.41179,;236.902378,6.46187,;236.902378,6.51196,;236.902378,6.56208,;236.902378,6.61219,;236.902378,6.66228,;236.902378,6.71239,;236.902378,6.76249,;236.902378,6.8126,;232.434308,6.86268,;232.434308,6.9128,;232.434308,6.96291,;232.434308,7.01303,;232.434308,7.06311,;232.434308,7.1132,;232.434308,7.1633,;232.434308,7.21333,;232.434308,7.26341,;232.434308,7.31348,;232.434308,7.36359,;232.434308,7.4137,;232.434308,7.46382,;232.434308,7.5139,;232.434308,7.56398,;232.434308,7.61408,;232.434308,7.66417,;232.434308,7.71426,;232.434308,7.76436,;232.434308,7.81446,;232.434308,7.86453,;232.434308,7.91463,;232.434308,7.96475,;232.434308,8.01483,;232.434308,8.06496,;232.434308,8.11505,;232.434308,8.16515,;232.434308,8.21527,;232.434308,8.26534,;232.434308,8.31545,;232.434308,8.36555,;232.434308,8.41566,;232.434308,8.46575,;232.434308,8.51587,;232.434308,8.56594,;232.434308,8.61606,;232.434308,8.66614,;232.434308,8.71627,;232.434308,8.76638,;232.434308,8.8165,;232.434308,8.8666,;232.434308,8.91668,;232.434308,8.96678,;232.434308,9.01686,;232.434308,9.06694,;232.434308,9.11703,;232.434308,9.16712,;232.434308,9.2172,;232.434308,9.26727,;232.434308,9.31734,;232.434308,9.36742,;232.434308,9.4175,;232.434308,9.46759,;232.434308,9.51766,;232.434308,9.56778,;232.434308,9.6179,;232.434308,9.66802,;232.434308,9.71811,;232.434308,9.76819,;232.434308,9.81827,;232.434308,9.86836,;232.434308,9.91847,;232.434308,9.96856,;232.434308,10.0187,;
inf,0.0501005,;inf,0.100189,;808.585554,0.150269,;808.585554,0.200352,;417.453456,0.250453,;417.453456,0.300552,;417.040224,0.350651,;417.040224,0.400736,;417.040224,0.450812,;417.040224,0.500918,;417.040224,0.550997,;417.040224,0.601114,;417.040224,0.651227,;407.599746,0.701339,;407.599746,0.751453,;407.599746,0.801565,;407.599746,0.851679,;407.599746,0.901797,;407.599746,0.951873,;407.599746,1.00199,;407.599746,1.05208,;407.599746,1.10221,;407.599746,1.15232,;407.599746,1.20244,;407.599746,1.25255,;407.599746,1.30269,;407.599746,1.35279,;407.599746,1.40292,;407.599746,1.453,;407.599746,1.50308,;407.599746,1.55316,;407.599746,1.60324,;407.599746,1.65331,;407.599746,1.70342,;407.599746,1.75354,;347.116720,1.80362,;347.116720,1.8537,;347.116720,1.90378,;347.116720,1.95385,;347.116720,2.00397,;343.362738,2.05405,;343.362738,2.10414,;343.362738,2.15423,;343.362738,2.20431,;343.362738,2.25444,;343.362738,2.30456,;343.362738,2.35467,;343.362738,2.40478,;343.362738,2.4549,;343.362738,2.50502,;338.453785,2.55514,;338.453785,2.60525,;338.453785,2.65536,;338.453785,2.70548,;338.453785,2.75559,;338.453785,2.80568,;338.453785,2.85581,;338.453785,2.90596,;315.212273,2.95604,;315.212273,3.00612,;315.212273,3.05622,;315.212273,3.10633,;315.212273,3.15641,;315.212273,3.20649,;315.212273,3.25661,;315.212273,3.30672,;315.212273,3.35683,;315.212273,3.40691,;315.212273,3.45703,;315.212273,3.50714,;315.212273,3.55725,;315.212273,3.60733,;315.212273,3.65744,;315.212273,3.70754,;286.036026,3.75765,;286.036026,3.80772,;286.036026,3.8578,;286.036026,3.90787,;286.036026,3.95795,;286.036026,4.00806,;286.036026,4.05818,;286.036026,4.10826,;286.036026,4.15838,;280.125189,4.20847,;280.125189,4.25856,;280.125189,4.30867,;280.125189,4.35878,;280.125189,4.40886,;280.125189,4.45898,;280.125189,4.50906,;280.125189,4.55918,;280.125189,4.60933,;280.125189,4.65941,;280.125189,4.70948,;280.125189,4.75959,;280.125189,4.80967,;280.125189,4.85974,;280.125189,4.90985,;274.689443,4.95993,;274.689443,5.01001,;274.689443,5.0601,;274.689443,5.11019,;274.689443,5.16028,;274.689443,5.21036,;274.689443,5.26043,;263.069060,5.31051,;259.830154,5.36058,;259.830154,5.41069,;259.830154,5.46081,;259.830154,5.51092,;259.830154,5.56099,;259.830154,5.6111,;245.379185,5.66121,;245.379185,5.7113,;245.379185,5.76138,;245.379185,5.81146,;245.379185,5.86157,;245.379185,5.91169,;245.379185,5.9618,;245.379185,6.01187,;245.379185,6.06194,;245.379185,6.11203,;245.379185,6.16214,;245.379185,6.21223,;245.379185,6.26235,;245.379185,6.31244,;245.379185,6.36255,;245.379185,6.41266,;245.379185,6.46278,;245.379185,6.51289,;245.379185,6.56301,;245.379185,6.61312,;245.379185,6.66324,;245.379185,6.71335,;245.379185,6.76346,;245.379185,6.81357,;245.379185,6.86369,;245.379185,6.91377,;245.379185,6.96386,;245.379185,7.01403,;245.379185,7.06411,;245.379185,7.11423,;245.379185,7.16431,;245.379185,7.21443,;245.379185,7.26452,;245.379185,7.31463,;245.379185,7.36473,;245.379185,7.41485,;245.379185,7.46494,;245.379185,7.51505,;245.379185,7.56516,;245.379185,7.61528,;245.379185,7.6654,;245.379185,7.71548,;245.379185,7.76559,;245.379185,7.81572,;245.379185,7.8658,;245.379185,7.91588,;245.379185,7.966,;245.379185,8.01607,;245.379185,8.06618,;245.379185,8.11627,;245.379185,8.16639,;245.379185,8.21648,;245.379185,8.26656,;245.379185,8.31667,;245.379185,8.36678,;245.379185,8.41687,;245.379185,8.46698,;245.379185,8.51707,;245.379185,8.56719,;245.379185,8.61731,;245.379185,8.66743,;245.379185,8.71754,;245.379185,8.76764,;240.224696,8.81776,;240.224696,8.86784,;240.224696,8.91793,;240.224696,8.96802,;240.224696,9.0181,;240.224696,9.06818,;240.224696,9.1183,;226.928724,9.16839,;226.928724,9.2185,;226.928724,9.26862,;226.928724,9.31873,;226.928724,9.36883,;226.928724,9.41894,;226.928724,9.46903,;226.928724,9.51912,;226.928724,9.5692,;226.928724,9.61931,;226.928724,9.66942,;226.928724,9.71954,;226.928724,9.76965,;226.928724,9.8197,;226.928724,9.86977,;226.928724,9.91985,;226.928724,9.96997,;226.928724,10.0201,;
inf,0.0500988,;868.341198,0.100175,;835.669789,0.150296,;835.669789,0.200373,;832.824817,0.250492,;754.932638,0.300574,;754.932638,0.350688,;619.262649,0.400777,;583.068327,0.450886,;583.068327,0.500977,;583.068327,0.551094,;582.033874,0.601188,;497.359400,0.651306,;497.359400,0.701424,;497.359400,0.751543,;497.359400,0.801661,;497.359400,0.85178,;497.359400,0.901895,;497.359400,0.952012,;497.359400,1.00212,;497.359400,1.05218,;497.359400,1.10229,;497.359400,1.15237,;496.542190,1.20248,;496.542190,1.25258,;496.542190,1.3027,;496.542190,1.35279,;496.542190,1.40291,;496.542190,1.45304,;496.542190,1.50316,;496.542190,1.55324,;496.542190,1.60333,;496.542190,1.65345,;496.542190,1.70357,;493.490308,1.75369,;493.490308,1.8038,;493.490308,1.85392,;493.490308,1.90404,;493.490308,1.95413,;493.490308,2.00419,;493.490308,2.05436,;493.490308,2.1045,;493.490308,2.15458,;493.490308,2.20466,;493.490308,2.25474,;493.490308,2.30481,;480.134698,2.35489,;480.134698,2.40497,;480.134698,2.45506,;480.134698,2.5052,;480.134698,2.55532,;480.134698,2.6054,;480.134698,2.65546,;480.134698,2.70553,;480.134698,2.75561,;480.134698,2.80569,;480.134698,2.85578,;480.134698,2.90588,;480.134698,2.95597,;469.287986,3.00606,;469.287986,3.05617,;469.287986,3.10626,;269.410735,3.15634,;269.410735,3.20646,;269.410735,3.25658,;269.410735,3.30667,;269.410735,3.35679,;269.410735,3.40688,;269.410735,3.45697,;269.410735,3.50705,;269.410735,3.55714,;269.410735,3.60724,;269.410735,3.65734,;269.410735,3.70746,;269.410735,3.75755,;269.410735,3.80763,;269.410735,3.85773,;269.410735,3.90781,;269.410735,3.95795,;269.410735,4.00809,;269.410735,4.05817,;269.410735,4.10825,;255.069139,4.15833,;255.069139,4.20841,;255.069139,4.2585,;255.069139,4.30863,;255.069139,4.35872,;255.069139,4.40882,;255.069139,4.45892,;255.069139,4.50902,;255.069139,4.55911,;255.069139,4.6092,;255.069139,4.6593,;255.069139,4.70939,;255.069139,4.75952,;255.069139,4.80961,;255.069139,4.85972,;255.069139,4.90982,;243.864462,4.9599,;243.864462,5.00999,;243.864462,5.06007,;243.864462,5.11015,;243.864462,5.16023,;243.864462,5.21032,;243.864462,5.26041,;243.864462,5.31049,;243.864462,5.36058,;243.864462,5.41068,;243.864462,5.46077,;243.864462,5.51087,;243.864462,5.56095,;243.864462,5.61106,;243.864462,5.66115,;243.864462,5.71123,;243.864462,5.76135,;243.864462,5.81143,;243.864462,5.86155,;243.864462,5.91167,;243.864462,5.96175,;243.864462,6.01185,;243.864462,6.06194,;243.864462,6.11204,;243.864462,6.16213,;243.864462,6.21221,;243.864462,6.2623,;243.864462,6.31238,;243.864462,6.3625,;243.864462,6.41259,;243.864462,6.46268,;243.864462,6.51277,;243.864462,6.56287,;243.864462,6.61297,;243.864462,6.66306,;243.864462,6.71316,;243.864462,6.76324,;243.864462,6.81335,;243.864462,6.86344,;243.864462,6.91356,;243.864462,6.96368,;243.864462,7.01379,;243.864462,7.06392,;243.864462,7.11403,;243.864462,7.16418,;243.864462,7.21425,;243.864462,7.26434,;243.864462,7.31445,;243.864462,7.36455,;243.864462,7.41467,;243.864462,7.46476,;243.864462,7.51487,;243.864462,7.56497,;243.864462,7.61509,;243.864462,7.66518,;243.864462,7.7153,;243.864462,7.76538,;243.864462,7.8155,;243.864462,7.86562,;243.864462,7.91571,;243.864462,7.9658,;243.864462,8.01586,;243.864462,8.06592,;243.864462,8.11605,;243.864462,8.16617,;243.864462,8.21625,;243.864462,8.26636,;237.951249,8.31646,;237.951249,8.36658,;237.951249,8.41666,;237.951249,8.46677,;237.951249,8.51685,;237.951249,8.56697,;237.951249,8.61708,;237.951249,8.6672,;237.951249,8.71732,;237.951249,8.76743,;237.951249,8.81756,;237.951249,8.86765,;237.951249,8.91777,;237.951249,8.9679,;237.951249,9.01802,;237.951249,9.06814,;237.951249,9.11822,;237.951249,9.1683,;237.951249,9.21841,;237.951249,9.26853,;237.951249,9.31866,;237.951249,9.36877,;237.951249,9.41889,;237.951249,9.46899,;237.951249,9.51911,;237.951249,9.56923,;237.951249,9.61935,;237.951249,9.66947,;237.951249,9.71955,;237.951249,9.76963,;237.951249,9.8197,;237.951249,9.86982,;237.951249,9.91991,;237.951249,9.97003,;237.951249,10.0202,;
403.709302,0.0500563,;403.709302,0.100139,;403.709302,0.150217,;403.709302,0.200298,;403.709302,0.250416,;403.709302,0.30049,;403.709302,0.35057,;403.709302,0.400683,;403.709302,0.450797,;403.709302,0.5009,;403.709302,0.550956,;403.709302,0.601063,;403.709302,0.651139,;403.709302,0.701221,;403.709302,0.751306,;403.709302,0.801385,;403.709302,0.851502,;403.709302,0.901572,;403.709302,0.951647,;387.730437,1.00173,;387.730437,1.0518,;371.306115,1.10188,;371.306115,1.15196,;371.306115,1.20204,;371.306115,1.25212,;369.497131,1.3022,;369.497131,1.35229,;369.497131,1.40237,;369.497131,1.45246,;369.497131,1.50254,;369.497131,1.55261,;369.497131,1.60269,;369.497131,1.65277,;369.497131,1.70285,;369.497131,1.75293,;369.497131,1.80302,;369.497131,1.8531,;369.497131,1.90318,;369.497131,1.95326,;369.497131,2.00335,;369.497131,2.05343,;369.497131,2.10351,;369.497131,2.15358,;369.497131,2.20366,;251.662342,2.25374,;251.662342,2.30382,;251.662342,2.3539,;251.662342,2.40398,;251.662342,2.45407,;251.662342,2.50415,;251.662342,2.55424,;251.662342,2.60432,;251.662342,2.65437,;251.662342,2.70445,;251.662342,2.75454,;251.662342,2.80464,;251.662342,2.85475,;251.662342,2.90483,;251.662342,2.95491,;251.662342,3.00499,;251.662342,3.05508,;251.662342,3.10516,;251.662342,3.15524,;251.662342,3.20532,;251.662342,3.2554,;251.662342,3.30548,;251.662342,3.35557,;251.662342,3.40565,;251.662342,3.45573,;251.662342,3.50582,;251.662342,3.5559,;251.662342,3.60598,;251.662342,3.65606,;251.662342,3.70614,;251.662342,3.75622,;251.662342,3.8063,;251.662342,3.85638,;251.662342,3.90645,;251.662342,3.95653,;251.662342,4.00661,;251.662342,4.05669,;251.662342,4.10678,;251.662342,4.15686,;251.662342,4.20695,;251.662342,4.25705,;245.832724,4.30717,;245.832724,4.35726,;245.832724,4.40735,;245.832724,4.45747,;245.832724,4.50759,;245.832724,4.55767,;245.832724,4.60777,;245.832724,4.65789,;245.832724,4.70798,;245.832724,4.7581,;245.832724,4.80818,;245.832724,4.85827,;245.832724,4.90836,;245.832724,4.95846,;245.832724,5.00855,;245.832724,5.05867,;245.832724,5.10876,;245.832724,5.15884,;245.832724,5.20892,;245.832724,5.25901,;245.832724,5.30914,;245.832724,5.35922,;245.832724,5.40934,;245.832724,5.45947,;245.832724,5.50955,;245.832724,5.55969,;245.832724,5.60978,;243.512248,5.65988,;243.512248,5.70997,;243.512248,5.76006,;243.512248,5.81018,;243.512248,5.86028,;234.057670,5.9104,;234.057670,5.96052,;234.057670,6.01063,;234.057670,6.06075,;234.057670,6.11088,;234.057670,6.161,;234.057670,6.21111,;234.057670,6.2612,;234.057670,6.31129,;234.057670,6.36139,;234.057670,6.41148,;234.057670,6.46158,;234.057670,6.51168,;234.057670,6.56179,;234.057670,6.61187,;234.057670,6.66199,;234.057670,6.71208,;234.057670,6.7622,;234.057670,6.81233,;234.057670,6.86246,;234.057670,6.91254,;234.057670,6.96264,;234.057670,7.01276,;234.057670,7.06284,;234.057670,7.11298,;234.057670,7.16306,;234.057670,7.21315,;234.057670,7.26324,;234.057670,7.31333,;234.057670,7.36343,;234.057670,7.41355,;234.057670,7.46365,;234.057670,7.51374,;234.057670,7.56383,;234.057670,7.61391,;234.057670,7.66399,;234.057670,7.71412,;234.057670,7.76423,;234.057670,7.81436,;234.057670,7.86448,;234.057670,7.91461,;234.057670,7.96473,;234.057670,8.01485,;234.057670,8.06498,;234.057670,8.11506,;234.057670,8.16515,;234.057670,8.21525,;234.057670,8.26535,;234.057670,8.31543,;234.057670,8.36557,;234.057670,8.41568,;234.057670,8.4658,;234.057670,8.51589,;234.057670,8.56603,;234.057670,8.61612,;234.057670,8.66621,;234.057670,8.7163,;234.057670,8.76642,;234.057670,8.81654,;234.057670,8.86666,;234.057670,8.91678,;226.712470,8.96686,;226.712470,9.01698,;226.712470,9.06706,;226.712470,9.11718,;226.712470,9.16726,;226.712470,9.21736,;226.712470,9.26746,;226.712470,9.31755,;226.712470,9.36765,;226.712470,9.41778,;226.712470,9.46787,;226.712470,9.518,;226.712470,9.56809,;226.712470,9.61816,;226.712470,9.66826,;226.712470,9.71835,;226.712470,9.76848,;226.712470,9.81857,;226.712470,9.86867,;226.712470,9.91876,;226.712470,9.96885,;226.712470,10.0189,;226.712470,10.069,;
inf,0.0500668,;inf,0.100143,;519.147453,0.150221,;519.147453,0.200299,;519.147453,0.250382,;519.147453,0.300459,;519.147453,0.350577,;508.118282,0.400671,;508.118282,0.450792,;508.118282,0.500903,;508.118282,0.550987,;508.118282,0.601071,;508.118282,0.651158,;508.118282,0.701273,;508.118282,0.751354,;508.118282,0.801444,;508.118282,0.851571,;508.118282,0.901683,;508.118282,0.951766,;508.118282,1.00187,;508.118282,1.05194,;508.118282,1.10206,;479.535457,1.15214,;479.535457,1.20222,;479.535457,1.25231,;479.535457,1.3024,;479.535457,1.35251,;479.535457,1.40258,;474.653613,1.45267,;474.653613,1.50279,;474.653613,1.55287,;474.653613,1.60296,;474.653613,1.65309,;474.653613,1.70318,;474.653613,1.7533,;474.653613,1.80338,;474.653613,1.85351,;474.653613,1.90362,;474.653613,1.95372,;474.653613,2.00383,;474.653613,2.05391,;474.653613,2.10399,;474.653613,2.1541,;474.653613,2.20419,;474.653613,2.25428,;474.653613,2.30438,;474.653613,2.35449,;474.653613,2.40461,;474.653613,2.45473,;474.653613,2.50482,;474.653613,2.55494,;474.653613,2.60506,;474.653613,2.65517,;474.653613,2.70529,;473.996388,2.75541,;473.996388,2.80553,;473.996388,2.85563,;285.547253,2.90571,;285.547253,2.95583,;285.547253,3.00594,;261.919254,3.05602,;261.919254,3.1061,;261.919254,3.1562,;261.919254,3.20631,;261.919254,3.25639,;261.919254,3.30648,;261.919254,3.35656,;261.919254,3.40669,;261.919254,3.45682,;243.460002,3.50694,;243.460002,3.55702,;243.460002,3.6071,;243.460002,3.65719,;243.460002,3.70728,;243.460002,3.75738,;243.460002,3.8075,;243.460002,3.85761,;243.460002,3.9077,;243.460002,3.95779,;243.460002,4.00789,;243.460002,4.05798,;243.460002,4.10806,;243.460002,4.15819,;243.460002,4.20831,;243.460002,4.25843,;243.460002,4.30853,;243.460002,4.35864,;243.460002,4.40876,;243.460002,4.45887,;243.460002,4.509,;243.460002,4.55909,;243.460002,4.60918,;243.460002,4.6593,;243.460002,4.70941,;243.460002,4.75949,;243.460002,4.80961,;242.745514,4.85972,;242.745514,4.90984,;233.406284,4.95996,;233.406284,5.01008,;223.052700,5.06017,;223.052700,5.11023,;223.052700,5.16032,;223.052700,5.2104,;223.052700,5.26049,;223.052700,5.31057,;223.052700,5.36065,;223.052700,5.41076,;223.052700,5.46085,;223.052700,5.51095,;223.052700,5.56105,;223.052700,5.61117,;223.052700,5.66128,;223.052700,5.71141,;223.052700,5.76154,;223.052700,5.81162,;223.052700,5.86173,;223.052700,5.91181,;223.052700,5.96189,;223.052700,6.01197,;223.052700,6.06209,;223.052700,6.11221,;223.052700,6.16229,;223.052700,6.21239,;223.052700,6.26251,;223.052700,6.31261,;223.052700,6.36273,;223.052700,6.41281,;223.052700,6.46293,;223.052700,6.51305,;223.052700,6.56317,;223.052700,6.61329,;223.052700,6.66338,;223.052700,6.7135,;223.052700,6.76362,;223.052700,6.8137,;223.052700,6.86383,;223.052700,6.91393,;223.052700,6.96401,;223.052700,7.0141,;223.052700,7.06418,;223.052700,7.11431,;223.052700,7.16443,;223.052700,7.21454,;223.052700,7.26468,;223.052700,7.31477,;223.052700,7.36489,;223.052700,7.415,;223.052700,7.46511,;223.052700,7.5152,;223.052700,7.56531,;223.052700,7.61543,;223.052700,7.66554,;223.052700,7.71563,;223.052700,7.76575,;223.052700,7.81583,;223.052700,7.86591,;223.052700,7.91599,;223.052700,7.96611,;223.052700,8.0162,;223.052700,8.06629,;223.052700,8.11638,;223.052700,8.16649,;223.052700,8.21657,;223.052700,8.26665,;223.052700,8.31673,;223.052700,8.36685,;223.052700,8.41694,;223.052700,8.46703,;223.052700,8.51718,;223.052700,8.56727,;223.052700,8.61736,;223.052700,8.66748,;223.052700,8.71757,;223.052700,8.76769,;223.052700,8.81781,;223.052700,8.8679,;223.052700,8.91802,;223.052700,8.9681,;223.052700,9.01823,;223.052700,9.06834,;223.052700,9.11846,;223.052700,9.16858,;223.052700,9.21867,;223.052700,9.26877,;223.052700,9.31889,;223.052700,9.36902,;223.052700,9.41914,;223.052700,9.46926,;223.052700,9.51936,;223.052700,9.56948,;223.052700,9.61958,;223.052700,9.6697,;223.052700,9.71984,;223.052700,9.76996,;223.052700,9.82005,;223.052700,9.87014,;223.052700,9.92024,;223.052700,9.97036,;223.052700,10.0205,;
inf,0.0500972,;613.014044,0.100188,;613.014044,0.1503,;613.014044,0.200389,;613.014044,0.250497,;613.014044,0.300588,;613.014044,0.350703,;613.014044,0.400827,;604.259715,0.450961,;604.259715,0.501073,;604.259715,0.551188,;604.259715,0.601278,;604.259715,0.651337,;604.259715,0.701413,;604.259715,0.751487,;604.259715,0.801606,;604.259715,0.851701,;604.259715,0.901796,;604.259715,0.951889,;457.774093,1.00197,;457.774093,1.05207,;457.774093,1.10219,;457.774093,1.15228,;457.774093,1.20237,;457.774093,1.25246,;453.880813,1.30256,;453.880813,1.35264,;453.880813,1.40275,;449.557911,1.45282,;449.557911,1.50292,;449.557911,1.55301,;404.078036,1.60311,;404.078036,1.6532,;404.078036,1.7033,;404.078036,1.75339,;404.078036,1.80348,;404.078036,1.85358,;404.078036,1.90368,;404.078036,1.95379,;404.078036,2.00389,;404.078036,2.054,;404.078036,2.10408,;404.078036,2.15419,;404.078036,2.20428,;400.295681,2.25436,;400.295681,2.30445,;400.295681,2.35457,;400.295681,2.40467,;400.295681,2.45479,;400.295681,2.50489,;400.295681,2.55501,;400.295681,2.60515,;400.295681,2.65527,;400.295681,2.70535,;400.295681,2.75543,;400.295681,2.80555,;400.295681,2.85564,;400.295681,2.90576,;400.295681,2.95584,;400.295681,3.00594,;400.295681,3.05604,;400.295681,3.10616,;400.295681,3.15623,;400.295681,3.20636,;400.295681,3.25645,;400.295681,3.30654,;400.295681,3.35663,;400.295681,3.40675,;400.295681,3.45685,;400.295681,3.50694,;400.295681,3.55706,;400.295681,3.60719,;400.295681,3.65731,;400.295681,3.70738,;400.295681,3.75748,;400.295681,3.80756,;400.295681,3.85765,;400.295681,3.90776,;324.854706,3.95785,;324.854706,4.00796,;324.854706,4.05808,;324.854706,4.10818,;324.854706,4.15831,;292.834417,4.2084,;292.834417,4.25852,;292.834417,4.30864,;292.834417,4.35876,;292.834417,4.40885,;292.834417,4.45893,;292.834417,4.50905,;292.834417,4.55916,;292.834417,4.60928,;292.834417,4.65938,;292.834417,4.70946,;292.834417,4.75955,;292.834417,4.80967,;292.834417,4.85976,;292.834417,4.9099,;292.834417,4.96003,;292.834417,5.01013,;292.834417,5.06024,;292.834417,5.11036,;264.071120,5.16048,;264.071120,5.21059,;264.071120,5.26068,;264.071120,5.31081,;264.071120,5.36089,;264.071120,5.41102,;264.071120,5.46113,;256.057377,5.51125,;256.057377,5.56137,;256.057377,5.61148,;256.057377,5.66157,;256.057377,5.71166,;256.057377,5.76178,;256.057377,5.81188,;253.865588,5.86201,;253.865588,5.9121,;253.865588,5.9622,;253.865588,6.01236,;253.865588,6.06247,;253.865588,6.1126,;253.865588,6.16272,;253.865588,6.21285,;248.575923,6.26292,;248.575923,6.31302,;248.575923,6.36312,;248.575923,6.41322,;248.575923,6.4633,;248.575923,6.51339,;248.575923,6.56348,;248.575923,6.61361,;248.575923,6.66369,;248.575923,6.7138,;248.575923,6.76389,;248.575923,6.81401,;248.575923,6.86409,;248.575923,6.91418,;248.575923,6.96428,;248.575923,7.0144,;248.575923,7.06448,;248.575923,7.11461,;248.575923,7.16472,;248.575923,7.21484,;248.575923,7.26496,;248.575923,7.31507,;245.663880,7.36519,;245.663880,7.41531,;245.663880,7.4654,;245.663880,7.51549,;245.663880,7.56561,;245.663880,7.6157,;245.663880,7.66583,;245.663880,7.71593,;245.663880,7.76602,;245.663880,7.81613,;245.663880,7.86622,;245.663880,7.91633,;245.663880,7.96645,;245.663880,8.01655,;245.663880,8.06667,;245.663880,8.11678,;245.663880,8.1669,;245.663880,8.21701,;245.663880,8.26718,;245.663880,8.31734,;245.663880,8.36743,;245.663880,8.41752,;245.663880,8.4676,;245.663880,8.51769,;245.663880,8.56778,;245.663880,8.61788,;245.663880,8.66797,;245.663880,8.71807,;245.663880,8.7682,;245.663880,8.81832,;245.663880,8.8684,;245.663880,8.91852,;245.663880,8.96864,;245.663880,9.01876,;245.663880,9.06888,;245.663880,9.119,;245.663880,9.16912,;245.663880,9.21921,;245.663880,9.26934,;245.663880,9.31942,;245.663880,9.36951,;245.663880,9.4196,;245.663880,9.46972,;245.663880,9.51981,;245.663880,9.56994,;245.663880,9.62003,;245.663880,9.67013,;245.663880,9.72025,;245.663880,9.77034,;245.663880,9.82047,;245.663880,9.87059,;245.663880,9.92071,;245.663880,9.97083,;245.663880,10.0209,;245.663880,10.071,;
467.196134,0.0501076,;467.196134,0.100216,;461.649071,0.150327,;461.649071,0.200436,;461.649071,0.250524,;461.649071,0.300614,;461.649071,0.350698,;461.649071,0.400811,;411.085348,0.450897,;411.085348,0.501008,;411.085348,0.551125,;411.085348,0.601233,;411.085348,0.651316,;411.085348,0.701352,;407.209981,0.751459,;407.209981,0.801531,;407.209981,0.851641,;407.209981,0.901735,;407.209981,0.951853,;396.184216,1.00193,;396.184216,1.05202,;396.184216,1.10211,;396.184216,1.15219,;396.184216,1.20227,;396.184216,1.25236,;396.184216,1.30244,;396.184216,1.35256,;396.184216,1.40264,;396.184216,1.45272,;396.184216,1.5028,;396.184216,1.55289,;396.184216,1.60297,;396.184216,1.65304,;396.184216,1.70311,;396.184216,1.75322,;396.184216,1.8033,;396.184216,1.85339,;396.184216,1.90347,;396.184216,1.95355,;396.184216,2.00367,;396.184216,2.05375,;396.184216,2.10387,;396.184216,2.15395,;396.184216,2.20403,;396.184216,2.2541,;299.783882,2.30419,;299.783882,2.35427,;299.783882,2.40437,;299.783882,2.45446,;271.756224,2.50453,;271.756224,2.55461,;271.756224,2.60473,;271.756224,2.65481,;271.756224,2.70489,;271.756224,2.755,;271.756224,2.80508,;271.756224,2.85519,;271.756224,2.90527,;271.756224,2.95537,;267.603731,3.00549,;267.603731,3.05556,;267.603731,3.10564,;267.603731,3.15576,;267.603731,3.20588,;267.603731,3.25599,;267.603731,3.30608,;267.603731,3.35618,;267.603731,3.40627,;267.603731,3.45636,;267.603731,3.50645,;267.603731,3.55654,;267.603731,3.60666,;267.603731,3.65675,;267.603731,3.70683,;267.603731,3.75692,;267.603731,3.80701,;267.603731,3.85709,;267.603731,3.90718,;240.806120,3.9573,;240.806120,4.00741,;240.806120,4.05749,;240.806120,4.10757,;240.806120,4.15766,;240.806120,4.20779,;240.806120,4.25789,;240.806120,4.30798,;240.806120,4.35808,;240.806120,4.40819,;240.806120,4.45831,;240.806120,4.50842,;240.806120,4.55853,;240.806120,4.60864,;240.806120,4.65873,;240.806120,4.70885,;240.806120,4.75896,;240.806120,4.80908,;240.806120,4.85919,;240.806120,4.9093,;240.806120,4.9594,;240.806120,5.00948,;240.806120,5.05957,;240.806120,5.10966,;240.806120,5.15978,;240.806120,5.20988,;240.806120,5.26,;240.806120,5.31009,;240.806120,5.3602,;240.806120,5.41029,;240.806120,5.46041,;240.806120,5.5105,;240.806120,5.56061,;240.806120,5.61073,;240.806120,5.66086,;240.806120,5.71098,;240.806120,5.76109,;240.806120,5.8112,;240.806120,5.86128,;236.723272,5.91139,;236.723272,5.96146,;236.723272,6.01157,;236.723272,6.06166,;235.721617,6.11177,;235.721617,6.16187,;235.721617,6.21199,;235.721617,6.26207,;235.721617,6.31214,;235.721617,6.36222,;235.721617,6.41233,;235.721617,6.46245,;235.721617,6.51253,;235.721617,6.56265,;235.721617,6.61277,;235.721617,6.66288,;235.721617,6.71298,;235.721617,6.76308,;235.721617,6.81318,;235.721617,6.86327,;235.721617,6.91332,;235.721617,6.96342,;235.721617,7.0135,;235.721617,7.06358,;235.721617,7.11367,;235.721617,7.16375,;235.721617,7.21384,;235.721617,7.26393,;235.721617,7.31402,;235.721617,7.3641,;235.721617,7.41419,;235.721617,7.46428,;235.721617,7.51436,;235.721617,7.56448,;235.721617,7.6146,;235.721617,7.66473,;235.721617,7.71482,;235.721617,7.7649,;235.721617,7.815,;235.721617,7.86509,;235.721617,7.91519,;235.721617,7.96528,;235.721617,8.01539,;235.721617,8.06547,;235.721617,8.11555,;235.721617,8.16567,;235.721617,8.21576,;235.721617,8.26585,;235.721617,8.31597,;235.721617,8.36606,;235.721617,8.41618,;235.721617,8.46626,;235.721617,8.51634,;235.721617,8.56643,;235.721617,8.61655,;235.721617,8.66666,;235.721617,8.71678,;235.721617,8.76686,;235.721617,8.81698,;235.721617,8.8671,;235.721617,8.91721,;235.721617,8.96732,;235.721617,9.01736,;235.721617,9.06745,;235.721617,9.11752,;235.721617,9.16764,;235.721617,9.21772,;235.721617,9.2678,;235.721617,9.31788,;235.721617,9.36797,;235.721617,9.41811,;235.721617,9.46823,;235.721617,9.51835,;235.721617,9.56843,;235.721617,9.61853,;235.721617,9.66864,;235.721617,9.71873,;235.721617,9.76887,;235.721617,9.81898,;235.721617,9.8691,;235.721617,9.91922,;235.721617,9.96932,;235.721617,10.0194,;
inf,0.0500968,;840.264296,0.100178,;834.625263,0.150298,;792.420345,0.200387,;792.420345,0.250511,;757.967901,0.300613,;757.967901,0.350727,;757.967901,0.400817,;757.967901,0.450927,;757.967901,0.501037,;757.967901,0.551156,;757.967901,0.601273,;757.967901,0.651386,;757.967901,0.701496,;745.919045,0.751592,;745.919045,0.80171,;332.003496,0.851791,;332.003496,0.9019,;332.003496,0.952019,;332.003496,1.00214,;332.003496,1.05223,;332.003496,1.10235,;332.003496,1.15244,;332.003496,1.20255,;332.003496,1.25268,;328.814218,1.3028,;328.814218,1.35292,;328.814218,1.40303,;328.814218,1.45313,;328.814218,1.50325,;328.814218,1.55337,;328.814218,1.60346,;328.814218,1.65355,;328.814218,1.70368,;328.814218,1.7538,;328.814218,1.80392,;328.814218,1.85406,;328.814218,1.90419,;328.814218,1.9543,;326.170662,2.00442,;326.170662,2.05454,;326.170662,2.10465,;326.170662,2.15477,;326.170662,2.20486,;326.170662,2.25497,;326.170662,2.30505,;326.170662,2.35513,;326.170662,2.40521,;326.170662,2.4553,;326.170662,2.50542,;326.170662,2.55554,;326.170662,2.60567,;326.170662,2.65578,;326.170662,2.7059,;315.734705,2.75602,;315.734705,2.80613,;315.734705,2.85621,;315.734705,2.90633,;315.734705,2.95644,;315.734705,3.00653,;315.734705,3.05665,;315.734705,3.10677,;315.734705,3.15689,;315.734705,3.20701,;315.734705,3.25714,;294.463293,3.30726,;294.463293,3.35734,;290.542820,3.40746,;290.542820,3.45758,;281.773397,3.50771,;281.773397,3.55782,;281.773397,3.60794,;281.773397,3.65802,;281.773397,3.70814,;281.773397,3.75826,;281.773397,3.80838,;281.773397,3.8585,;281.773397,3.9086,;281.773397,3.95871,;281.773397,4.0088,;279.725695,4.05889,;279.725695,4.10897,;279.725695,4.15906,;279.725695,4.20917,;279.725695,4.25929,;279.725695,4.30938,;279.725695,4.3595,;279.725695,4.40962,;279.725695,4.45974,;279.725695,4.50983,;261.112992,4.55991,;256.351374,4.61003,;256.351374,4.66012,;256.351374,4.7102,;256.351374,4.76029,;256.351374,4.81038,;256.351374,4.86052,;256.351374,4.9106,;256.351374,4.96068,;256.351374,5.01077,;256.351374,5.06085,;256.351374,5.11094,;256.351374,5.16104,;256.351374,5.21109,;256.351374,5.26125,;256.351374,5.31133,;256.351374,5.3614,;256.351374,5.41149,;256.351374,5.46157,;256.351374,5.51167,;256.351374,5.56178,;256.351374,5.61187,;256.351374,5.66196,;256.351374,5.71205,;256.351374,5.76217,;256.351374,5.81229,;256.351374,5.86241,;256.351374,5.9125,;256.351374,5.96262,;256.351374,6.01274,;256.351374,6.06286,;256.351374,6.11295,;256.351374,6.16304,;256.351374,6.21317,;256.351374,6.26326,;256.351374,6.31336,;233.260322,6.36345,;233.260322,6.41354,;233.260322,6.46362,;233.260322,6.51372,;233.260322,6.5638,;233.260322,6.61389,;233.260322,6.66398,;233.260322,6.71402,;233.260322,6.76411,;233.260322,6.81419,;233.260322,6.86427,;233.260322,6.91435,;233.260322,6.96447,;233.260322,7.01455,;233.260322,7.06468,;233.260322,7.11476,;233.260322,7.16483,;233.260322,7.21491,;233.260322,7.26499,;233.260322,7.31507,;233.260322,7.36515,;233.260322,7.41523,;233.260322,7.46531,;233.260322,7.51539,;233.260322,7.56547,;233.260322,7.61555,;233.260322,7.66563,;233.260322,7.71571,;233.260322,7.76579,;233.260322,7.81586,;233.260322,7.86594,;233.260322,7.91603,;233.260322,7.96616,;233.260322,8.01625,;233.260322,8.06633,;233.260322,8.11643,;233.260322,8.16652,;233.260322,8.21661,;233.260322,8.2667,;233.260322,8.31679,;233.260322,8.36688,;233.260322,8.41697,;233.260322,8.4671,;233.260322,8.51717,;233.260322,8.56726,;233.260322,8.61735,;233.260322,8.66743,;233.260322,8.71751,;233.260322,8.76759,;233.260322,8.81768,;233.260322,8.86776,;233.260322,8.91785,;233.260322,8.96793,;233.260322,9.01806,;233.260322,9.06815,;233.260322,9.11827,;233.260322,9.16836,;233.260322,9.21854,;233.260322,9.26863,;233.260322,9.31872,;233.260322,9.36881,;233.260322,9.4189,;233.260322,9.46899,;233.260322,9.5191,;233.260322,9.56919,;233.260322,9.61928,;233.260322,9.66938,;233.260322,9.71946,;233.260322,9.76954,;233.260322,9.81962,;233.260322,9.86973,;233.260322,9.91982,;233.260322,9.96991,;233.260322,10.02,;
inf,0.0500563,;425.135348,0.100137,;425.135348,0.150221,;425.135348,0.200297,;425.135348,0.25044,;425.135348,0.300527,;425.135348,0.350642,;425.135348,0.400753,;425.135348,0.450866,;425.135348,0.500977,;425.135348,0.551092,;425.135348,0.601197,;425.135348,0.651279,;425.135348,0.701389,;425.135348,0.751468,;425.135348,0.801543,;425.135348,0.851622,;293.260735,0.901699,;293.260735,0.951815,;293.260735,1.0019,;293.260735,1.05201,;293.260735,1.10214,;293.260735,1.15222,;293.260735,1.20233,;293.260735,1.25244,;293.260735,1.30255,;293.260735,1.35267,;293.260735,1.40278,;293.260735,1.45285,;293.260735,1.50296,;293.260735,1.55308,;288.619676,1.60319,;288.619676,1.65328,;282.406178,1.7034,;274.289914,1.75347,;274.289914,1.80359,;274.289914,1.85367,;274.289914,1.90383,;274.289914,1.95391,;274.289914,2.00402,;274.289914,2.05412,;274.289914,2.1042,;274.289914,2.15429,;274.289914,2.20438,;274.289914,2.25446,;274.289914,2.30457,;274.289914,2.35467,;274.289914,2.40478,;274.289914,2.4549,;274.289914,2.50497,;274.289914,2.55508,;274.289914,2.6052,;274.289914,2.65528,;274.289914,2.70537,;274.289914,2.75549,;274.289914,2.80556,;274.289914,2.85564,;274.289914,2.90569,;274.289914,2.95582,;274.289914,3.00591,;274.289914,3.056,;274.289914,3.10609,;274.289914,3.1562,;274.289914,3.20631,;274.289914,3.25642,;274.289914,3.30653,;274.289914,3.35664,;274.289914,3.40672,;274.289914,3.45679,;274.289914,3.50688,;274.289914,3.55698,;274.289914,3.60707,;274.289914,3.65715,;274.289914,3.70724,;274.289914,3.75733,;274.289914,3.8074,;274.289914,3.8575,;274.289914,3.90758,;256.956240,3.95771,;256.956240,4.00783,;256.956240,4.05792,;256.956240,4.10801,;256.956240,4.15809,;256.956240,4.20821,;256.956240,4.25833,;255.122727,4.30844,;255.122727,4.35853,;255.122727,4.40864,;255.122727,4.45876,;255.122727,4.50884,;244.038782,4.55895,;244.038782,4.60903,;244.038782,4.65912,;244.038782,4.7092,;244.038782,4.75928,;244.038782,4.80936,;244.038782,4.85945,;244.038782,4.90957,;244.038782,4.95969,;244.038782,5.00978,;244.038782,5.05987,;244.038782,5.10997,;244.038782,5.16008,;244.038782,5.21017,;244.038782,5.26028,;244.038782,5.3104,;244.038782,5.36051,;244.038782,5.4106,;244.038782,5.46071,;244.038782,5.51083,;244.038782,5.56094,;244.038782,5.61107,;244.038782,5.66119,;244.038782,5.71132,;240.671751,5.76136,;240.671751,5.81147,;240.671751,5.86159,;240.671751,5.91169,;240.671751,5.96177,;240.671751,6.01186,;240.671751,6.06195,;240.671751,6.11207,;240.671751,6.16217,;240.671751,6.21229,;240.671751,6.26239,;240.671751,6.31251,;240.671751,6.3626,;240.671751,6.41269,;240.671751,6.46278,;240.671751,6.51291,;240.671751,6.563,;240.671751,6.61313,;240.671751,6.66324,;240.671751,6.71337,;240.671751,6.76349,;240.671751,6.8136,;239.393079,6.86375,;239.393079,6.91383,;239.393079,6.96395,;239.393079,7.01404,;239.393079,7.06415,;239.393079,7.11424,;239.393079,7.16434,;239.393079,7.21442,;239.393079,7.2645,;239.393079,7.31463,;239.393079,7.36474,;239.393079,7.41484,;239.393079,7.46498,;239.393079,7.51507,;239.393079,7.56515,;239.393079,7.61523,;239.393079,7.66535,;239.393079,7.71545,;239.393079,7.76553,;239.393079,7.8156,;239.393079,7.86568,;239.393079,7.91576,;239.393079,7.96584,;239.393079,8.01594,;239.393079,8.06604,;239.393079,8.11613,;239.393079,8.16623,;239.393079,8.21633,;239.393079,8.26642,;239.393079,8.31655,;239.393079,8.36667,;239.393079,8.41678,;239.393079,8.46686,;239.393079,8.51695,;239.393079,8.56707,;239.393079,8.61716,;239.393079,8.66728,;239.393079,8.71732,;239.393079,8.76739,;239.393079,8.81747,;239.393079,8.86759,;239.393079,8.91768,;239.393079,8.96781,;239.393079,9.0179,;239.393079,9.068,;239.393079,9.1181,;239.393079,9.16823,;239.393079,9.21834,;239.393079,9.26843,;239.393079,9.31855,;239.393079,9.36864,;239.393079,9.41877,;239.393079,9.46887,;239.393079,9.51897,;239.393079,9.56909,;239.393079,9.61921,;239.393079,9.66934,;239.393079,9.71947,;239.393079,9.76954,;239.393079,9.81963,;239.393079,9.86975,;239.393079,9.91984,;239.393079,9.96994,;239.393079,10.0201,;
428.461843,0.0500703,;428.461843,0.100184,;428.461843,0.150295,;428.461843,0.200415,;428.461843,0.250536,;428.461843,0.30065,;428.461843,0.350747,;420.749633,0.400822,;420.749633,0.450943,;420.749633,0.501035,;420.749633,0.551149,;414.441636,0.601244,;414.441636,0.651356,;403.066850,0.701446,;403.066850,0.751563,;403.066850,0.801673,;403.066850,0.851752,;393.233016,0.901835,;393.233016,0.951976,;393.233016,1.00209,;393.233016,1.05218,;393.233016,1.10227,;393.233016,1.15235,;393.233016,1.20247,;393.233016,1.25254,;393.233016,1.30262,;393.233016,1.35271,;393.233016,1.4028,;393.233016,1.45292,;393.233016,1.50304,;393.233016,1.55313,;393.233016,1.60325,;338.394964,1.65335,;324.113678,1.70346,;324.113678,1.75355,;324.113678,1.80367,;324.113678,1.85379,;324.113678,1.90391,;324.113678,1.95403,;324.113678,2.00415,;324.113678,2.05427,;324.113678,2.10437,;324.113678,2.15447,;324.113678,2.20455,;324.113678,2.25467,;282.519049,2.30476,;282.519049,2.35487,;282.519049,2.40497,;282.519049,2.45508,;282.519049,2.50517,;282.519049,2.55526,;282.519049,2.60537,;282.519049,2.65549,;282.519049,2.70558,;282.519049,2.7557,;282.519049,2.80579,;282.519049,2.85593,;282.519049,2.90601,;280.835048,2.9561,;280.835048,3.00623,;280.835048,3.05635,;280.835048,3.10647,;280.835048,3.15654,;280.835048,3.20663,;280.835048,3.25672,;280.835048,3.30684,;280.835048,3.35693,;280.835048,3.40704,;280.835048,3.45714,;280.835048,3.50723,;280.835048,3.55733,;280.835048,3.60745,;280.835048,3.65757,;280.835048,3.70772,;280.835048,3.7578,;280.835048,3.80792,;280.835048,3.85804,;280.835048,3.90813,;280.835048,3.95822,;280.835048,4.00836,;280.835048,4.05847,;280.835048,4.1086,;280.835048,4.15871,;280.835048,4.2088,;280.835048,4.25892,;280.835048,4.30903,;280.835048,4.35915,;280.835048,4.40926,;280.835048,4.45937,;280.835048,4.50949,;280.835048,4.55961,;273.199698,4.60973,;273.199698,4.65984,;273.199698,4.70991,;273.199698,4.76,;273.199698,4.81012,;273.199698,4.8602,;273.199698,4.91029,;273.199698,4.96037,;273.199698,5.01049,;273.199698,5.06057,;273.199698,5.11069,;273.199698,5.16078,;273.199698,5.2109,;273.199698,5.26098,;273.199698,5.31106,;273.199698,5.36116,;273.199698,5.41129,;273.199698,5.46137,;273.199698,5.51149,;273.199698,5.56161,;273.199698,5.61168,;273.199698,5.66176,;273.199698,5.71188,;273.199698,5.76196,;273.199698,5.81204,;273.199698,5.8622,;273.199698,5.91232,;273.199698,5.96244,;273.199698,6.01252,;273.199698,6.06263,;273.199698,6.11272,;273.199698,6.16283,;273.199698,6.21295,;269.504003,6.26304,;269.504003,6.31313,;269.504003,6.36326,;269.504003,6.41337,;269.504003,6.46349,;269.504003,6.51358,;269.504003,6.5637,;269.504003,6.61382,;269.504003,6.66394,;269.504003,6.71402,;269.504003,6.76411,;269.504003,6.81423,;269.504003,6.86436,;269.504003,6.91444,;260.600210,6.96453,;260.600210,7.01464,;260.600210,7.06476,;260.600210,7.11488,;260.600210,7.16496,;260.600210,7.21508,;260.600210,7.2652,;260.600210,7.31532,;260.600210,7.36541,;260.600210,7.4155,;260.600210,7.46561,;260.600210,7.51573,;260.600210,7.56583,;260.600210,7.61595,;260.600210,7.66605,;238.129549,7.71617,;238.129549,7.76628,;238.129549,7.81642,;238.129549,7.86653,;238.129549,7.91661,;238.129549,7.96673,;238.129549,8.01682,;238.129549,8.06694,;238.129549,8.11704,;238.129549,8.16717,;238.129549,8.21727,;238.129549,8.26735,;238.129549,8.31746,;238.129549,8.36755,;238.129549,8.41763,;238.129549,8.46772,;238.129549,8.5178,;238.129549,8.56789,;238.129549,8.61797,;238.129549,8.66805,;238.129549,8.71817,;238.129549,8.76825,;238.129549,8.81836,;238.129549,8.86844,;238.129549,8.91855,;238.129549,8.96867,;238.129549,9.01874,;238.129549,9.06884,;238.129549,9.11894,;238.129549,9.16904,;238.129549,9.21912,;238.129549,9.26921,;238.129549,9.31931,;238.129549,9.3694,;238.129549,9.41954,;238.129549,9.46963,;238.129549,9.51973,;238.129549,9.56982,;238.129549,9.61994,;238.129549,9.67003,;238.129549,9.72014,;238.129549,9.77026,;238.129549,9.82038,;238.129549,9.8705,;238.129549,9.92059,;238.129549,9.97072,;238.129549,10.0208,;
inf,0.050068,;430.093218,0.100179,;422.573668,0.150306,;422.573668,0.200414,;422.573668,0.25052,;422.573668,0.300601,;422.573668,0.350692,;422.573668,0.40078,;422.573668,0.450889,;422.573668,0.501015,;422.573668,0.55112,;422.573668,0.601191,;422.573668,0.651303,;422.573668,0.701394,;422.573668,0.751512,;422.573668,0.801602,;422.573668,0.851714,;422.573668,0.901789,;422.573668,0.951911,;422.573668,1.002,;422.573668,1.05208,;422.573668,1.10218,;422.573668,1.15229,;422.573668,1.20238,;422.573668,1.25249,;422.573668,1.30258,;422.573668,1.3527,;420.628109,1.40278,;420.628109,1.45289,;420.628109,1.503,;420.628109,1.55309,;420.628109,1.60318,;420.628109,1.65329,;420.628109,1.70338,;420.628109,1.75347,;420.628109,1.80355,;281.277313,1.85364,;281.277313,1.90373,;281.277313,1.95382,;281.277313,2.0039,;281.277313,2.05398,;281.277313,2.10406,;281.277313,2.15414,;281.277313,2.20422,;281.277313,2.2543,;276.441495,2.30439,;276.441495,2.35446,;276.441495,2.40455,;276.441495,2.45463,;276.441495,2.50473,;276.441495,2.55481,;276.441495,2.60491,;276.441495,2.65499,;276.441495,2.70511,;276.441495,2.75523,;276.441495,2.8053,;276.441495,2.85542,;276.441495,2.90549,;276.441495,2.95563,;276.441495,3.0057,;276.441495,3.05579,;276.441495,3.10588,;276.441495,3.15599,;276.441495,3.20608,;276.441495,3.25619,;276.441495,3.30628,;276.441495,3.35637,;276.441495,3.40647,;276.441495,3.45655,;276.441495,3.50665,;276.441495,3.55677,;276.441495,3.60685,;276.441495,3.65697,;276.441495,3.70708,;276.441495,3.75716,;276.441495,3.80728,;276.441495,3.85736,;276.441495,3.90747,;276.441495,3.95757,;276.441495,4.00769,;276.441495,4.05776,;276.416377,4.10788,;276.416377,4.15797,;276.416377,4.20808,;276.416377,4.25816,;276.416377,4.30828,;276.416377,4.35837,;276.416377,4.40849,;276.416377,4.4586,;276.416377,4.50872,;276.416377,4.55882,;276.416377,4.60893,;248.578824,4.65904,;248.578824,4.70912,;248.578824,4.75924,;248.578824,4.80931,;248.578824,4.85944,;248.578824,4.90952,;248.578824,4.95964,;248.578824,5.00972,;248.578824,5.05982,;248.578824,5.10991,;248.578824,5.16002,;248.578824,5.21011,;248.578824,5.26023,;248.578824,5.31032,;248.578824,5.3604,;248.578824,5.41048,;248.578824,5.46056,;248.578824,5.51069,;248.578824,5.56077,;248.578824,5.61085,;248.578824,5.66096,;248.578824,5.71109,;248.578824,5.76117,;248.578824,5.81126,;248.578824,5.86135,;248.578824,5.91146,;248.578824,5.96158,;248.578824,6.0117,;248.578824,6.06179,;248.578824,6.1119,;248.578824,6.162,;248.578824,6.21211,;248.578824,6.26223,;248.578824,6.31234,;248.578824,6.36247,;248.578824,6.41256,;248.578824,6.46269,;248.578824,6.51282,;248.578824,6.56293,;248.578824,6.61305,;248.578824,6.66317,;248.578824,6.71325,;248.578824,6.76337,;248.578824,6.81346,;248.578824,6.86359,;248.578824,6.91368,;248.578824,6.96381,;248.578824,7.01389,;248.578824,7.06401,;248.578824,7.11409,;248.578824,7.16421,;248.578824,7.2143,;248.578824,7.26438,;248.578824,7.31446,;248.578824,7.36455,;248.578824,7.41463,;248.578824,7.46472,;248.578824,7.5148,;248.578824,7.56489,;248.578824,7.61497,;248.578824,7.66506,;248.578824,7.7152,;248.578824,7.76528,;248.578824,7.8154,;248.578824,7.86552,;248.578824,7.9156,;248.578824,7.96569,;248.578824,8.01578,;248.578824,8.06587,;247.327919,8.11596,;247.327919,8.16608,;247.327919,8.21617,;247.327919,8.26625,;247.327919,8.31633,;247.327919,8.36643,;247.327919,8.41652,;247.327919,8.4666,;247.327919,8.51668,;247.327919,8.56677,;247.327919,8.61684,;247.327919,8.66693,;247.327919,8.71701,;247.327919,8.76709,;247.327919,8.81717,;247.327919,8.86726,;247.327919,8.91735,;247.327919,8.96744,;247.327919,9.01752,;247.327919,9.06761,;247.327919,9.11768,;241.348178,9.16778,;241.348178,9.21785,;241.348178,9.26794,;241.348178,9.31802,;241.348178,9.36811,;241.348178,9.41819,;241.348178,9.46828,;241.348178,9.51835,;241.348178,9.56844,;241.348178,9.61852,;241.348178,9.66861,;241.348178,9.71869,;241.348178,9.76878,;241.348178,9.81886,;241.348178,9.86896,;241.348178,9.91904,;234.765795,9.96914,;234.765795,10.0192,;
inf,0.0500947,;441.991977,0.100208,;441.991977,0.150319,;413.487403,0.200387,;413.487403,0.250499,;413.487403,0.30058,;413.487403,0.350673,;412.767591,0.40075,;412.767591,0.45082,;412.767591,0.500929,;412.767591,0.550958,;410.590879,0.60107,;410.590879,0.651146,;375.996172,0.701258,;375.996172,0.751379,;375.996172,0.801451,;375.960162,0.851532,;375.960162,0.90162,;375.960162,0.951704,;375.960162,1.00179,;375.960162,1.05188,;375.960162,1.10196,;375.960162,1.15205,;375.960162,1.20214,;375.960162,1.25221,;375.960162,1.30229,;375.960162,1.35242,;375.960162,1.4025,;375.960162,1.45262,;375.960162,1.50273,;375.960162,1.5528,;375.960162,1.60292,;375.960162,1.65302,;375.960162,1.7031,;375.960162,1.75318,;375.960162,1.80326,;370.570500,1.85333,;370.570500,1.90342,;370.570500,1.95353,;370.570500,2.00363,;370.570500,2.05375,;370.570500,2.10384,;370.570500,2.15396,;370.570500,2.20404,;370.570500,2.25416,;323.217154,2.30423,;323.217154,2.35434,;323.217154,2.40445,;323.217154,2.45456,;323.217154,2.50468,;323.217154,2.55475,;323.217154,2.60486,;323.217154,2.65498,;323.217154,2.70509,;323.217154,2.75517,;323.217154,2.80524,;323.217154,2.85531,;305.569303,2.9054,;305.569303,2.95548,;305.569303,3.00557,;305.569303,3.05564,;305.569303,3.10573,;305.569303,3.1558,;305.569303,3.20588,;305.569303,3.25598,;305.569303,3.3061,;305.569303,3.35621,;305.569303,3.40633,;305.569303,3.45644,;305.569303,3.50655,;305.569303,3.55667,;305.569303,3.60675,;305.569303,3.65687,;305.569303,3.70698,;305.569303,3.75709,;305.569303,3.80717,;305.569303,3.85725,;305.569303,3.90734,;305.569303,3.95746,;305.569303,4.00753,;305.569303,4.05764,;305.569303,4.10776,;305.569303,4.15785,;305.569303,4.20793,;302.835478,4.25805,;302.835478,4.30813,;302.835478,4.35825,;280.928056,4.40837,;280.928056,4.45847,;280.928056,4.50859,;280.928056,4.55868,;280.928056,4.60879,;280.928056,4.6589,;280.928056,4.70901,;280.928056,4.75908,;280.928056,4.8092,;280.928056,4.85928,;280.928056,4.90936,;280.928056,4.95947,;280.928056,5.00957,;280.928056,5.05967,;280.928056,5.10977,;280.928056,5.15989,;280.928056,5.21,;280.928056,5.26009,;280.928056,5.3102,;280.928056,5.36029,;280.928056,5.41037,;280.928056,5.46044,;280.928056,5.51052,;280.928056,5.5606,;280.928056,5.61068,;280.928056,5.66077,;280.928056,5.71084,;280.928056,5.76097,;280.928056,5.81104,;280.928056,5.86113,;280.928056,5.91121,;280.928056,5.9613,;280.928056,6.01139,;280.928056,6.0615,;280.928056,6.11159,;280.928056,6.16167,;280.928056,6.21175,;280.928056,6.26183,;280.928056,6.31192,;259.501755,6.36203,;259.501755,6.41212,;259.501755,6.46221,;259.501755,6.51234,;259.501755,6.56246,;259.501755,6.61257,;259.501755,6.66269,;259.501755,6.7128,;259.501755,6.76291,;259.501755,6.81299,;259.501755,6.86308,;259.501755,6.91316,;259.501755,6.96324,;259.501755,7.01332,;259.501755,7.06342,;259.501755,7.11351,;259.501755,7.1636,;259.501755,7.21372,;259.501755,7.2638,;259.501755,7.31389,;259.501755,7.364,;259.501755,7.41407,;259.501755,7.46415,;259.501755,7.51422,;259.501755,7.56433,;259.501755,7.61441,;259.501755,7.66449,;259.501755,7.71458,;259.501755,7.76466,;259.501755,7.81474,;259.501755,7.86485,;259.501755,7.91497,;259.501755,7.9651,;259.501755,8.01518,;244.792777,8.06529,;244.792777,8.11538,;244.792777,8.16547,;244.792777,8.21556,;244.792777,8.26568,;244.792777,8.31575,;244.792777,8.36582,;244.792777,8.41593,;244.792777,8.46605,;244.792777,8.51614,;244.792777,8.56629,;244.792777,8.61641,;244.792777,8.66653,;244.792777,8.71664,;244.792777,8.76672,;244.792777,8.81683,;244.792777,8.86692,;244.792777,8.91704,;244.792777,8.96711,;244.792777,9.01722,;244.792777,9.06733,;244.792777,9.11741,;244.792777,9.16751,;244.792777,9.21759,;244.792777,9.26768,;244.792777,9.31778,;244.792777,9.3679,;239.424305,9.41799,;239.424305,9.46807,;239.424305,9.51819,;239.424305,9.56827,;239.424305,9.61836,;239.424305,9.66847,;239.424305,9.71855,;239.424305,9.76863,;239.424305,9.81871,;239.424305,9.86879,;239.424305,9.91892,;239.424305,9.96903,;239.424305,10.0191,;
422.428803,0.0501103,;422.428803,0.100227,;403.236841,0.150334,;403.236841,0.200442,;403.236841,0.250551,;403.236841,0.300661,;403.236841,0.350781,;403.236841,0.400886,;403.236841,0.451001,;403.236841,0.501109,;403.236841,0.551232,;403.236841,0.60134,;403.236841,0.651461,;403.236841,0.701572,;403.236841,0.751686,;403.236841,0.801792,;403.236841,0.851901,;403.236841,0.902016,;403.236841,0.952097,;403.236841,1.00221,;403.236841,1.05232,;403.236841,1.10243,;403.236841,1.15255,;403.236841,1.20266,;403.236841,1.25277,;403.236841,1.3029,;403.236841,1.35301,;403.236841,1.40312,;403.236841,1.45323,;403.236841,1.50334,;403.236841,1.55345,;403.236841,1.60357,;403.236841,1.65364,;403.236841,1.70373,;403.236841,1.75381,;400.753195,1.80388,;400.753195,1.85393,;400.753195,1.90405,;400.753195,1.95413,;396.203048,2.00421,;396.203048,2.05429,;396.203048,2.1044,;299.629760,2.15448,;299.629760,2.20459,;299.629760,2.25467,;299.629760,2.30478,;285.245350,2.3549,;285.245350,2.40498,;285.245350,2.45507,;285.245350,2.50516,;285.245350,2.55525,;285.245350,2.60536,;285.245350,2.65545,;285.245350,2.70557,;285.245350,2.75566,;285.245350,2.80573,;285.245350,2.8558,;285.245350,2.90588,;278.956010,2.95596,;278.956010,3.00606,;278.956010,3.05618,;278.956010,3.10625,;278.956010,3.15636,;278.956010,3.20647,;278.956010,3.25659,;264.002111,3.30667,;264.002111,3.35679,;264.002111,3.40688,;264.002111,3.457,;264.002111,3.50711,;264.002111,3.55722,;264.002111,3.60733,;236.986655,3.65741,;236.986655,3.70749,;236.986655,3.75758,;236.986655,3.80768,;236.986655,3.85777,;236.986655,3.90789,;236.986655,3.95796,;236.986655,4.00804,;236.986655,4.05813,;236.986655,4.10826,;236.986655,4.15835,;236.986655,4.20843,;236.986655,4.25852,;236.986655,4.30864,;236.986655,4.35874,;231.870980,4.40886,;231.870980,4.45894,;231.870980,4.50906,;231.870980,4.55914,;231.870980,4.60926,;231.870980,4.65937,;231.870980,4.70948,;231.870980,4.75959,;231.870980,4.80971,;231.870980,4.8598,;231.870980,4.90987,;231.870980,4.96002,;231.870980,5.01011,;231.870980,5.06023,;231.870980,5.11031,;231.870980,5.16043,;231.870980,5.21053,;231.870980,5.26062,;231.870980,5.31073,;231.870980,5.36085,;231.870980,5.41094,;231.870980,5.46103,;231.870980,5.51114,;231.870980,5.56127,;231.870980,5.61136,;231.870980,5.66148,;231.870980,5.71156,;231.870980,5.76165,;231.870980,5.81176,;231.870980,5.86184,;231.870980,5.91196,;231.870980,5.96204,;231.870980,6.01215,;231.870980,6.06223,;231.870980,6.11231,;231.870980,6.16241,;231.870980,6.21249,;231.870980,6.26259,;231.870980,6.31271,;231.870980,6.36281,;231.870980,6.41294,;231.870980,6.46306,;227.824260,6.51315,;227.824260,6.56326,;227.824260,6.61338,;227.824260,6.66346,;227.824260,6.71355,;227.824260,6.76367,;227.824260,6.81373,;227.824260,6.86381,;227.824260,6.91388,;227.824260,6.96396,;227.824260,7.01405,;227.824260,7.06417,;227.824260,7.11427,;227.824260,7.16435,;227.824260,7.21444,;227.824260,7.26456,;227.824260,7.31464,;227.824260,7.36473,;227.824260,7.41482,;227.824260,7.46494,;227.824260,7.51506,;227.824260,7.56517,;227.824260,7.6153,;227.824260,7.66541,;227.824260,7.71553,;227.824260,7.76564,;227.824260,7.81577,;227.824260,7.86584,;227.824260,7.91598,;227.824260,7.9661,;227.824260,8.01622,;227.824260,8.06631,;227.824260,8.11643,;227.824260,8.16653,;227.824260,8.21665,;227.824260,8.26675,;227.824260,8.31687,;227.824260,8.36696,;227.824260,8.41708,;227.824260,8.46718,;227.824260,8.51727,;227.824260,8.5674,;227.824260,8.61749,;227.824260,8.66759,;227.824260,8.71766,;227.824260,8.76779,;227.824260,8.81787,;227.824260,8.86799,;227.824260,8.91809,;227.824260,8.96825,;227.824260,9.01834,;227.824260,9.06847,;227.824260,9.11856,;227.824260,9.16868,;227.824260,9.21877,;227.824260,9.26885,;227.824260,9.31894,;227.824260,9.36906,;227.824260,9.41915,;227.824260,9.46927,;227.824260,9.51939,;227.824260,9.56952,;227.824260,9.61964,;227.824260,9.66974,;227.824260,9.71983,;227.824260,9.76991,;227.824260,9.81999,;227.824260,9.87017,;227.824260,9.92024,;227.824260,9.97036,;227.824260,10.0204,;
inf,0.0500965,;inf,0.100219,;979.770596,0.150345,;979.770596,0.200426,;516.922697,0.250543,;516.922697,0.300629,;516.922697,0.350716,;418.187864,0.400802,;418.187864,0.450888,;418.187864,0.50098,;418.187864,0.551075,;418.187864,0.601209,;418.187864,0.651322,;418.187864,0.701418,;388.474833,0.751538,;388.474833,0.801629,;388.474833,0.851746,;388.474833,0.901844,;388.474833,0.951933,;388.474833,1.00203,;388.474833,1.05212,;388.474833,1.10224,;388.474833,1.15233,;388.474833,1.20244,;388.474833,1.25254,;388.474833,1.30266,;388.474833,1.35274,;388.474833,1.40286,;386.509661,1.45296,;386.509661,1.50308,;386.509661,1.55317,;386.509661,1.6033,;386.509661,1.65342,;386.509661,1.70354,;358.656653,1.75366,;358.656653,1.80378,;358.656653,1.85391,;358.656653,1.90403,;358.656653,1.95412,;358.656653,2.00425,;358.656653,2.05437,;358.656653,2.10448,;358.656653,2.1546,;358.656653,2.20471,;358.656653,2.25483,;358.656653,2.30495,;358.656653,2.35508,;358.656653,2.4052,;358.656653,2.45531,;358.656653,2.50543,;358.656653,2.55555,;358.656653,2.60566,;358.656653,2.6558,;262.927921,2.70592,;262.927921,2.75604,;262.927921,2.80616,;257.721608,2.85624,;248.997940,2.90635,;248.997940,2.95643,;248.997940,3.00655,;248.997940,3.05665,;244.379642,3.10677,;244.379642,3.15687,;244.379642,3.20699,;244.379642,3.25711,;244.379642,3.30724,;244.379642,3.35732,;244.379642,3.40745,;244.379642,3.45754,;244.379642,3.50766,;244.379642,3.55775,;244.379642,3.60788,;244.379642,3.658,;244.379642,3.70812,;244.379642,3.75824,;244.379642,3.80832,;244.379642,3.85844,;244.379642,3.90856,;244.379642,3.95865,;244.379642,4.00878,;244.379642,4.0589,;244.379642,4.109,;244.379642,4.15909,;244.379642,4.20923,;244.379642,4.25934,;244.379642,4.30947,;244.379642,4.35959,;244.379642,4.40971,;244.379642,4.45983,;244.379642,4.50991,;244.379642,4.56004,;244.379642,4.61016,;244.379642,4.66019,;244.379642,4.71032,;244.379642,4.7604,;244.379642,4.81052,;244.379642,4.86061,;244.379642,4.91074,;244.379642,4.96083,;244.379642,5.01095,;244.379642,5.06104,;244.379642,5.11112,;244.379642,5.16121,;244.379642,5.21133,;244.379642,5.26142,;244.379642,5.31155,;244.379642,5.36163,;244.379642,5.41175,;244.379642,5.46187,;244.379642,5.51196,;244.379642,5.56204,;244.379642,5.61213,;244.379642,5.66225,;244.379642,5.71233,;244.379642,5.76245,;244.379642,5.81257,;244.379642,5.86266,;244.379642,5.91276,;244.379642,5.96284,;244.379642,6.01292,;244.379642,6.06301,;244.379642,6.11311,;244.379642,6.16324,;244.379642,6.21334,;244.379642,6.26348,;244.379642,6.3136,;244.379642,6.36368,;244.379642,6.41376,;244.379642,6.46389,;244.379642,6.51401,;244.379642,6.56408,;244.379642,6.6142,;244.379642,6.66428,;244.379642,6.71437,;244.379642,6.76445,;244.379642,6.81454,;244.379642,6.86464,;244.379642,6.91473,;244.379642,6.96483,;244.379642,7.01492,;244.379642,7.06501,;244.379642,7.11514,;244.379642,7.16523,;244.379642,7.21532,;244.379642,7.26542,;244.379642,7.31554,;244.379642,7.36564,;244.379642,7.41573,;244.379642,7.46584,;244.379642,7.51596,;244.379642,7.56608,;244.379642,7.61622,;244.379642,7.6663,;244.379642,7.71638,;244.379642,7.7665,;244.379642,7.8166,;244.379642,7.86672,;233.497709,7.9168,;233.497709,7.96689,;233.497709,8.01698,;233.497709,8.06708,;233.497709,8.11717,;233.497709,8.16725,;233.497709,8.21733,;233.497709,8.26745,;233.497709,8.31752,;233.497709,8.36765,;233.497709,8.41773,;233.497709,8.46784,;233.497709,8.51792,;233.497709,8.56801,;233.497709,8.61811,;233.497709,8.66819,;233.497709,8.71832,;233.497709,8.7684,;233.497709,8.81848,;233.497709,8.86858,;233.497709,8.9187,;233.497709,8.9688,;233.497709,9.01892,;233.497709,9.06901,;233.497709,9.11909,;233.497709,9.16921,;233.497709,9.2193,;233.497709,9.2694,;233.497709,9.31952,;233.497709,9.36961,;233.497709,9.41974,;233.497709,9.46986,;233.497709,9.51998,;233.497709,9.5701,;233.497709,9.62019,;233.497709,9.67031,;233.497709,9.72038,;233.497709,9.77047,;233.497709,9.82057,;233.497709,9.87069,;227.099199,9.92077,;227.099199,9.97089,;227.099199,10.021,;227.099199,10.0711,;
inf,0.0500957,;965.184456,0.100217,;965.184456,0.150298,;961.205713,0.200413,;961.205713,0.250488,;961.205713,0.300597,;961.205713,0.350672,;961.205713,0.400806,;961.205713,0.450894,;961.205713,0.501012,;961.205713,0.551166,;960.907561,0.601283,;960.907561,0.651357,;712.650940,0.701429,;712.650940,0.751501,;679.371369,0.80162,;679.371369,0.851694,;679.371369,0.901822,;679.371369,0.951907,;679.371369,1.002,;679.371369,1.05207,;679.371369,1.10217,;679.371369,1.15226,;679.371369,1.20235,;679.371369,1.25244,;679.371369,1.30252,;659.591020,1.3526,;659.591020,1.40267,;659.591020,1.45276,;655.194932,1.50285,;655.194932,1.55297,;576.844822,1.60304,;576.844822,1.65312,;576.844822,1.70319,;538.586591,1.75328,;538.586591,1.80336,;538.586591,1.85351,;538.586591,1.90359,;538.586591,1.95375,;538.586591,2.00386,;538.586591,2.05395,;538.586591,2.10405,;538.586591,2.15414,;538.586591,2.20422,;538.586591,2.2543,;538.586591,2.30438,;498.144713,2.35447,;425.682132,2.40455,;425.682132,2.45463,;425.682132,2.50471,;425.682132,2.55479,;425.682132,2.6049,;415.018964,2.655,;415.018964,2.70508,;415.018964,2.75518,;391.936452,2.80526,;391.936452,2.85539,;391.936452,2.9055,;391.936452,2.95559,;391.936452,3.00569,;391.936452,3.05579,;391.936452,3.1059,;391.936452,3.15598,;391.936452,3.20609,;391.936452,3.2562,;391.936452,3.30629,;391.936452,3.3564,;391.936452,3.40648,;391.936452,3.4566,;391.936452,3.50667,;391.936452,3.55681,;391.936452,3.6069,;391.936452,3.65698,;391.936452,3.70711,;391.936452,3.75717,;391.936452,3.8073,;391.936452,3.85738,;391.936452,3.90749,;391.936452,3.9576,;391.936452,4.00771,;391.936452,4.05779,;391.936452,4.10787,;391.936452,4.15795,;391.936452,4.20804,;391.936452,4.25812,;391.936452,4.30821,;391.936452,4.3583,;391.936452,4.40839,;391.936452,4.45845,;391.936452,4.50857,;391.936452,4.55864,;391.936452,4.60875,;391.936452,4.65885,;391.936452,4.70896,;391.936452,4.75904,;391.936452,4.80916,;390.496444,4.85925,;390.496444,4.90937,;390.496444,4.95946,;390.496444,5.00958,;390.496444,5.05969,;390.496444,5.10978,;300.338535,5.15987,;300.338535,5.20995,;297.076907,5.26006,;277.301857,5.31018,;277.301857,5.36029,;269.872882,5.41041,;269.872882,5.4605,;269.872882,5.51057,;269.872882,5.56066,;251.806139,5.61075,;251.806139,5.66085,;251.806139,5.71095,;251.806139,5.76102,;251.806139,5.81109,;251.806139,5.86117,;251.806139,5.91124,;251.806139,5.96131,;251.806139,6.01139,;242.691046,6.06148,;242.691046,6.1116,;242.691046,6.16171,;242.691046,6.2118,;242.691046,6.26192,;242.691046,6.312,;242.691046,6.36209,;242.691046,6.4122,;242.691046,6.46227,;242.691046,6.51238,;242.691046,6.56246,;242.691046,6.61257,;242.691046,6.66264,;242.691046,6.71273,;242.691046,6.76282,;242.691046,6.81294,;242.691046,6.86301,;242.691046,6.9131,;242.691046,6.96319,;242.691046,7.01331,;242.691046,7.06343,;242.691046,7.11354,;242.691046,7.16362,;242.691046,7.21371,;242.691046,7.26379,;242.691046,7.31393,;242.691046,7.36401,;242.691046,7.4141,;242.691046,7.46421,;242.691046,7.51429,;242.691046,7.56438,;242.691046,7.61445,;242.691046,7.66456,;242.691046,7.71464,;242.691046,7.76471,;242.691046,7.8148,;242.691046,7.86487,;242.691046,7.91495,;242.691046,7.96506,;242.691046,8.01518,;242.691046,8.06526,;242.691046,8.11535,;242.691046,8.16546,;242.691046,8.21553,;242.691046,8.26566,;242.691046,8.31577,;242.691046,8.36589,;242.691046,8.41601,;242.691046,8.46612,;242.691046,8.51624,;242.691046,8.56632,;242.691046,8.61644,;242.691046,8.66652,;242.691046,8.71663,;242.691046,8.7667,;242.691046,8.81681,;242.691046,8.8669,;242.691046,8.91701,;242.691046,8.96711,;242.691046,9.01722,;242.691046,9.06732,;242.691046,9.11743,;242.691046,9.16751,;242.691046,9.21763,;242.691046,9.26774,;242.691046,9.31781,;242.691046,9.36792,;242.691046,9.41802,;242.691046,9.46813,;242.691046,9.51824,;242.691046,9.56835,;242.691046,9.61848,;242.691046,9.66859,;242.691046,9.71871,;242.691046,9.76882,;242.691046,9.81892,;242.691046,9.86905,;235.274306,9.91913,;235.274306,9.96925,;235.274306,10.0193,;
852.975202,0.0500977,;852.975202,0.100204,;811.649411,0.150312,;811.649411,0.200421,;811.649411,0.25053,;811.649411,0.300649,;809.038051,0.350774,;809.038051,0.400833,;702.579341,0.450919,;702.579341,0.500996,;702.579341,0.551084,;702.579341,0.601194,;523.712430,0.651309,;514.209303,0.701379,;472.242899,0.751465,;472.242899,0.801549,;472.242899,0.851671,;435.672725,0.901783,;435.672725,0.951897,;435.672725,1.00201,;435.672725,1.05213,;435.672725,1.10224,;435.672725,1.15235,;435.672725,1.20246,;435.672725,1.25258,;435.672725,1.30267,;435.672725,1.35279,;435.672725,1.40288,;435.672725,1.45296,;435.672725,1.50308,;264.022074,1.55317,;264.022074,1.60325,;264.022074,1.65336,;264.022074,1.70344,;264.022074,1.75354,;264.022074,1.80363,;264.022074,1.85371,;264.022074,1.90387,;264.022074,1.95396,;264.022074,2.00407,;264.022074,2.05419,;260.247682,2.1043,;260.247682,2.15441,;260.247682,2.20453,;260.247682,2.25464,;260.247682,2.30473,;260.247682,2.35485,;260.247682,2.40493,;260.247682,2.45505,;260.247682,2.50513,;260.247682,2.55525,;260.247682,2.60535,;260.247682,2.65547,;260.247682,2.70557,;260.247682,2.75566,;260.247682,2.80577,;260.247682,2.85588,;260.247682,2.90597,;260.247682,2.95605,;260.247682,3.00614,;260.247682,3.05626,;260.247682,3.10638,;260.247682,3.15651,;260.247682,3.20663,;260.247682,3.2567,;260.247682,3.3068,;260.247682,3.35688,;260.247682,3.407,;260.247682,3.4571,;260.247682,3.50721,;260.247682,3.55731,;260.247682,3.60743,;260.247682,3.65752,;260.247682,3.70765,;257.431437,3.75774,;257.431437,3.80783,;254.647959,3.85791,;254.647959,3.90802,;254.647959,3.95812,;254.647959,4.00823,;254.647959,4.05832,;254.647959,4.1084,;254.647959,4.15848,;254.647959,4.20857,;254.647959,4.25869,;254.647959,4.30877,;254.647959,4.35886,;254.647959,4.40894,;254.647959,4.45906,;254.647959,4.50915,;254.647959,4.55927,;254.647959,4.60937,;254.647959,4.65948,;254.647959,4.70958,;254.647959,4.75966,;254.647959,4.80975,;254.647959,4.85984,;254.647959,4.90993,;254.647959,4.96004,;248.903452,5.01013,;248.903452,5.06025,;248.903452,5.11033,;248.903452,5.16042,;246.530180,5.21054,;246.530180,5.26065,;246.530180,5.31072,;246.530180,5.36083,;246.530180,5.41094,;246.530180,5.46102,;246.530180,5.51114,;246.530180,5.56121,;246.530180,5.61133,;246.530180,5.66144,;246.530180,5.71152,;246.530180,5.76161,;246.530180,5.81174,;246.530180,5.86181,;246.530180,5.91192,;246.530180,5.96201,;246.530180,6.0121,;246.530180,6.06223,;246.530180,6.11235,;246.530180,6.16247,;246.530180,6.21258,;246.530180,6.26266,;246.530180,6.31275,;228.961362,6.36286,;228.961362,6.41293,;228.961362,6.46306,;228.961362,6.51315,;228.961362,6.5633,;228.961362,6.61341,;228.961362,6.66349,;228.961362,6.71358,;228.961362,6.7637,;228.961362,6.81383,;228.961362,6.86391,;228.961362,6.91404,;228.961362,6.96411,;228.961362,7.01421,;228.961362,7.06428,;228.961362,7.11438,;228.961362,7.16449,;228.961362,7.21458,;228.961362,7.2647,;228.961362,7.31479,;228.961362,7.36487,;228.961362,7.41499,;228.961362,7.46506,;228.961362,7.51519,;228.961362,7.56529,;228.961362,7.6154,;228.961362,7.6655,;228.961362,7.71558,;228.961362,7.76566,;228.961362,7.8158,;228.961362,7.86588,;228.961362,7.91602,;228.961362,7.96611,;228.961362,8.01619,;228.961362,8.06628,;228.961362,8.11637,;228.961362,8.16649,;228.961362,8.21658,;228.961362,8.26668,;228.961362,8.31676,;228.961362,8.36684,;228.961362,8.41692,;228.961362,8.46701,;228.961362,8.5171,;228.961362,8.56722,;228.961362,8.6173,;228.961362,8.66741,;228.961362,8.7175,;228.961362,8.76763,;228.961362,8.81771,;228.961362,8.86783,;228.961362,8.9179,;228.961362,8.96798,;228.961362,9.0181,;228.961362,9.06821,;228.961362,9.11832,;228.961362,9.16843,;228.961362,9.21851,;228.961362,9.26859,;228.961362,9.31869,;228.961362,9.36878,;228.961362,9.41887,;228.961362,9.469,;228.961362,9.51908,;228.961362,9.56916,;228.961362,9.61924,;228.961362,9.66933,;228.961362,9.71941,;228.961362,9.76951,;228.961362,9.8196,;228.961362,9.86968,;228.961362,9.91976,;228.961362,9.96984,;228.961362,10.0199,;228.961362,10.07,;
inf,0.050105,;438.724088,0.100186,;410.515489,0.150279,;410.515489,0.200354,;405.270463,0.250426,;405.270463,0.30045,;405.270463,0.350557,;405.270463,0.400624,;405.270463,0.450707,;405.270463,0.500795,;405.270463,0.55087,;405.270463,0.600943,;405.270463,0.651026,;405.270463,0.701152,;399.479626,0.751264,;399.479626,0.801345,;399.479626,0.851423,;399.479626,0.901502,;399.479626,0.951617,;399.479626,1.00173,;399.479626,1.05184,;399.479626,1.10195,;399.479626,1.15206,;399.479626,1.20217,;337.004536,1.25225,;337.004536,1.30236,;337.004536,1.35247,;337.004536,1.40255,;337.004536,1.45262,;337.004536,1.50273,;337.004536,1.55285,;337.004536,1.60296,;337.004536,1.65306,;337.004536,1.70317,;337.004536,1.75326,;308.170098,1.80335,;308.170098,1.85343,;308.170098,1.90355,;302.662376,1.95363,;301.396540,2.00374,;301.396540,2.05382,;301.396540,2.10391,;301.396540,2.154,;298.280984,2.20412,;298.280984,2.25422,;298.280984,2.30434,;298.280984,2.35445,;298.280984,2.40452,;298.280984,2.45461,;298.280984,2.50469,;298.280984,2.55477,;298.280984,2.60486,;298.280984,2.65498,;298.280984,2.70507,;298.280984,2.75518,;298.280984,2.80527,;298.280984,2.85538,;298.280984,2.90553,;298.280984,2.95563,;298.280984,3.0057,;298.280984,3.05581,;298.280984,3.10592,;298.280984,3.15604,;298.280984,3.20616,;298.280984,3.25624,;298.280984,3.30635,;298.280984,3.35647,;298.280984,3.40654,;298.280984,3.45662,;298.280984,3.50674,;298.280984,3.55682,;298.280984,3.60691,;298.280984,3.657,;298.280984,3.70713,;298.280984,3.75721,;257.123050,3.8073,;257.123050,3.85739,;257.123050,3.9075,;257.123050,3.9576,;257.123050,4.00771,;257.123050,4.05782,;257.123050,4.10792,;257.123050,4.15804,;251.941648,4.20815,;251.941648,4.25826,;251.941648,4.30837,;251.941648,4.35848,;251.941648,4.40856,;251.941648,4.45867,;251.941648,4.50874,;251.941648,4.55885,;251.941648,4.60894,;251.941648,4.65905,;251.941648,4.70914,;251.941648,4.75925,;251.941648,4.80934,;251.941648,4.85946,;251.941648,4.90955,;251.941648,4.95966,;251.941648,5.00975,;251.941648,5.05986,;251.941648,5.10997,;251.941648,5.16004,;251.941648,5.21016,;237.601865,5.26027,;237.601865,5.31035,;237.601865,5.36047,;237.601865,5.41055,;237.601865,5.46063,;237.601865,5.51075,;237.601865,5.56085,;237.601865,5.61093,;237.601865,5.66102,;237.601865,5.7111,;237.601865,5.76122,;237.601865,5.81132,;237.601865,5.8614,;237.601865,5.91149,;237.601865,5.96156,;237.601865,6.01167,;237.601865,6.06175,;237.601865,6.11182,;237.601865,6.16189,;237.601865,6.212,;237.601865,6.26208,;237.601865,6.31217,;237.601865,6.36227,;237.601865,6.41238,;237.601865,6.46245,;237.601865,6.51253,;237.601865,6.56261,;237.601865,6.61269,;237.601865,6.6628,;237.601865,6.71287,;237.601865,6.76298,;237.601865,6.81307,;237.601865,6.86316,;237.601865,6.91323,;237.601865,6.96332,;237.601865,7.0134,;237.601865,7.06351,;237.601865,7.11359,;237.601865,7.16368,;237.601865,7.21376,;237.601865,7.26384,;237.601865,7.31395,;237.601865,7.36406,;237.601865,7.41416,;237.601865,7.46428,;237.601865,7.51439,;237.601865,7.56452,;237.601865,7.61462,;237.601865,7.66469,;237.601865,7.7148,;237.601865,7.76488,;237.601865,7.81506,;237.601865,7.86515,;237.601865,7.91526,;237.601865,7.96535,;237.601865,8.01551,;237.601865,8.06562,;237.601865,8.11572,;237.601865,8.16581,;237.601865,8.21594,;237.601865,8.26605,;237.601865,8.31616,;237.601865,8.36627,;237.601865,8.41639,;237.601865,8.46647,;237.601865,8.51656,;237.601865,8.56664,;237.601865,8.61671,;237.601865,8.66679,;237.601865,8.71686,;237.601865,8.76696,;237.601865,8.81703,;237.601865,8.86711,;237.601865,8.91724,;237.601865,8.96737,;237.601865,9.01748,;237.601865,9.06759,;237.601865,9.11768,;237.601865,9.16776,;237.601865,9.21787,;237.601865,9.26794,;237.601865,9.31802,;237.601865,9.36811,;237.601865,9.41819,;237.601865,9.46827,;237.601865,9.51835,;237.601865,9.56847,;237.601865,9.61859,;237.601865,9.66867,;237.601865,9.71875,;237.601865,9.76885,;228.307453,9.81896,;228.307453,9.86905,;228.307453,9.91917,;228.307453,9.96926,;226.748259,10.0194,;226.748259,10.0695,;
inf,0.0500567,;706.901982,0.100139,;706.901982,0.150224,;706.901982,0.200342,;706.901982,0.250469,;618.593887,0.300541,;590.423571,0.350619,;499.651904,0.400696,;499.651904,0.450775,;499.651904,0.500867,;499.651904,0.550947,;482.687120,0.601032,;482.687120,0.651113,;482.687120,0.701204,;482.687120,0.751282,;306.969151,0.801355,;306.969151,0.851439,;306.969151,0.90153,;306.969151,0.951655,;306.969151,1.00175,;306.969151,1.05183,;306.969151,1.10196,;306.969151,1.15204,;306.969151,1.20216,;306.969151,1.25225,;306.969151,1.30236,;306.969151,1.35245,;306.969151,1.40255,;306.969151,1.45267,;245.996499,1.5028,;245.996499,1.55288,;245.996499,1.60296,;245.996499,1.65305,;245.996499,1.70313,;245.996499,1.75321,;245.996499,1.80333,;245.996499,1.85341,;245.996499,1.90348,;245.996499,1.95356,;245.996499,2.00364,;245.996499,2.05378,;245.996499,2.10386,;245.996499,2.15396,;245.996499,2.20405,;245.996499,2.25413,;245.996499,2.30422,;245.996499,2.35432,;245.996499,2.40441,;245.996499,2.45453,;245.996499,2.50465,;245.996499,2.55477,;245.996499,2.60486,;245.996499,2.65498,;245.996499,2.7051,;245.996499,2.75522,;242.635278,2.80534,;242.635278,2.85541,;242.635278,2.90549,;242.635278,2.95556,;242.635278,3.00568,;242.635278,3.05571,;242.635278,3.10583,;242.635278,3.15591,;242.635278,3.20603,;242.635278,3.25613,;242.635278,3.30625,;242.635278,3.35634,;242.635278,3.40646,;242.635278,3.45655,;242.635278,3.50667,;242.635278,3.55676,;242.635278,3.60688,;242.635278,3.65696,;242.635278,3.70708,;242.635278,3.75717,;242.635278,3.80729,;242.635278,3.8574,;242.635278,3.90751,;242.635278,3.9576,;242.635278,4.00767,;242.635278,4.05779,;242.635278,4.10787,;242.635278,4.15799,;242.635278,4.20808,;242.635278,4.2582,;242.635278,4.30828,;242.635278,4.35841,;242.635278,4.4085,;242.635278,4.45862,;242.635278,4.50874,;242.635278,4.55886,;242.635278,4.60895,;242.635278,4.65906,;242.635278,4.70916,;242.635278,4.75928,;242.635278,4.80939,;242.635278,4.85951,;242.635278,4.90963,;242.635278,4.95968,;242.635278,5.00979,;242.635278,5.05991,;242.635278,5.11003,;242.635278,5.16011,;242.635278,5.2102,;242.635278,5.26028,;242.635278,5.3104,;242.635278,5.36049,;242.635278,5.41061,;239.242855,5.46069,;239.242855,5.51081,;239.242855,5.56088,;239.242855,5.611,;239.242855,5.66112,;239.242855,5.71122,;239.242855,5.76135,;239.242855,5.81143,;239.242855,5.86156,;239.242855,5.91167,;239.242855,5.96177,;239.242855,6.01185,;239.242855,6.06192,;239.242855,6.11203,;239.242855,6.16215,;239.242855,6.21227,;239.242855,6.26235,;239.242855,6.31247,;239.242855,6.36259,;239.242855,6.41267,;239.242855,6.46275,;239.242855,6.51285,;239.242855,6.56293,;239.242855,6.61305,;239.242855,6.6632,;239.242855,6.71328,;239.242855,6.7634,;239.242855,6.81351,;239.242855,6.8636,;239.242855,6.9137,;239.242855,6.96378,;239.242855,7.01388,;239.242855,7.06396,;239.242855,7.11409,;239.242855,7.16419,;239.242855,7.21431,;239.242855,7.26441,;239.242855,7.31453,;239.242855,7.36462,;239.242855,7.41474,;239.242855,7.46482,;239.242855,7.51494,;239.242855,7.56505,;239.242855,7.61517,;239.242855,7.6653,;239.242855,7.7154,;239.242855,7.76548,;239.242855,7.81558,;239.242855,7.86567,;239.242855,7.91575,;239.242855,7.96583,;239.242855,8.01591,;239.242855,8.06604,;239.242855,8.11614,;239.242855,8.16625,;239.242855,8.21634,;239.242855,8.26647,;235.164033,8.31657,;235.164033,8.36669,;235.164033,8.41678,;235.164033,8.46688,;235.164033,8.517,;235.164033,8.56712,;235.164033,8.61724,;235.164033,8.66736,;235.164033,8.71748,;235.164033,8.7676,;235.164033,8.81772,;235.164033,8.8678,;235.164033,8.91791,;235.164033,8.96801,;235.164033,9.01811,;235.164033,9.06824,;235.164033,9.11836,;233.340321,9.16845,;233.340321,9.21857,;233.340321,9.26866,;233.340321,9.31879,;233.340321,9.3689,;233.340321,9.41903,;233.340321,9.46912,;233.340321,9.51924,;233.340321,9.56933,;233.340321,9.61943,;233.340321,9.66954,;233.340321,9.71967,;233.340321,9.76979,;233.340321,9.81987,;233.340321,9.86998,;233.340321,9.92007,;233.340321,9.97018,;233.340321,10.0203,;
492.009363,0.0500753,;433.511734,0.100186,;433.511734,0.150265,;433.511734,0.200358,;433.511734,0.250435,;433.511734,0.300512,;433.511734,0.350603,;433.511734,0.4007,;433.511734,0.450792,;398.583173,0.500877,;398.583173,0.550952,;398.583173,0.601068,;398.583173,0.65115,;398.583173,0.701229,;398.583173,0.75132,;398.583173,0.801404,;398.583173,0.851522,;398.583173,0.901608,;398.583173,0.951748,;398.583173,1.00183,;398.583173,1.05194,;341.587668,1.10204,;341.587668,1.15216,;341.587668,1.20225,;308.586913,1.25237,;308.586913,1.30245,;308.586913,1.35254,;308.586913,1.40263,;308.586913,1.4528,;308.586913,1.5029,;308.586913,1.55301,;308.586913,1.6031,;305.694591,1.65322,;305.694591,1.70334,;305.694591,1.75342,;305.694591,1.80353,;305.694591,1.85365,;303.352628,1.90375,;303.352628,1.95383,;303.352628,2.00395,;303.352628,2.05405,;303.352628,2.10415,;298.784184,2.15425,;298.784184,2.20436,;298.784184,2.25448,;298.784184,2.30459,;298.784184,2.35471,;290.461867,2.40483,;290.461867,2.45491,;290.461867,2.50502,;290.461867,2.55511,;290.461867,2.6052,;290.461867,2.65531,;290.461867,2.70543,;290.461867,2.75555,;290.461867,2.80566,;290.461867,2.85574,;290.461867,2.90582,;290.461867,2.9559,;290.461867,3.00598,;290.461867,3.05606,;290.461867,3.10614,;290.461867,3.15622,;290.461867,3.20631,;290.461867,3.2564,;290.461867,3.30649,;281.552237,3.35658,;281.552237,3.4067,;281.552237,3.45678,;281.552237,3.50689,;281.552237,3.55697,;281.552237,3.60709,;281.552237,3.65717,;281.552237,3.70729,;281.552237,3.75738,;281.552237,3.80751,;281.552237,3.85763,;281.552237,3.90772,;281.552237,3.9578,;281.552237,4.00792,;281.552237,4.05801,;281.552237,4.1081,;281.552237,4.15819,;281.552237,4.20829,;281.552237,4.25838,;281.552237,4.30847,;281.552237,4.35859,;281.552237,4.40871,;281.552237,4.45879,;281.552237,4.50891,;281.552237,4.55902,;281.552237,4.60913,;281.552237,4.65929,;281.552237,4.7094,;281.552237,4.75951,;281.552237,4.80956,;281.552237,4.85964,;275.895201,4.90972,;275.895201,4.95984,;275.895201,5.00993,;266.505866,5.06005,;266.505866,5.11013,;266.505866,5.16022,;266.505866,5.21031,;266.505866,5.26039,;266.505866,5.31047,;266.505866,5.36055,;266.505866,5.41064,;253.719286,5.46072,;253.719286,5.5108,;253.719286,5.56088,;228.076267,5.61096,;228.076267,5.66104,;228.076267,5.71112,;228.076267,5.7612,;228.076267,5.81128,;228.076267,5.86138,;228.076267,5.91146,;228.076267,5.96155,;228.076267,6.01164,;228.076267,6.06173,;228.076267,6.11182,;228.076267,6.16191,;228.076267,6.21202,;228.076267,6.26212,;228.076267,6.31222,;228.076267,6.36236,;228.076267,6.41244,;228.076267,6.46252,;228.076267,6.5126,;228.076267,6.56268,;228.076267,6.61276,;228.076267,6.66284,;228.076267,6.71293,;228.076267,6.76301,;228.076267,6.8131,;228.076267,6.86318,;228.076267,6.91327,;228.076267,6.96337,;228.076267,7.01346,;228.076267,7.06356,;228.076267,7.11363,;228.076267,7.16372,;228.076267,7.21381,;228.076267,7.2639,;228.076267,7.314,;228.076267,7.36409,;228.076267,7.41418,;228.076267,7.46427,;228.076267,7.51436,;228.076267,7.56445,;228.076267,7.61455,;228.076267,7.66463,;228.076267,7.71473,;228.076267,7.76483,;228.076267,7.81491,;228.076267,7.86499,;228.076267,7.91509,;228.076267,7.96519,;228.076267,8.01527,;228.076267,8.06535,;228.076267,8.11543,;228.076267,8.16553,;228.076267,8.21563,;228.076267,8.26571,;228.076267,8.31581,;228.076267,8.3659,;228.076267,8.41602,;228.076267,8.46612,;228.076267,8.51624,;228.076267,8.56636,;228.076267,8.61647,;228.076267,8.66657,;228.076267,8.71669,;228.076267,8.76677,;228.076267,8.81691,;228.076267,8.867,;228.076267,8.91713,;228.076267,8.96724,;228.076267,9.01733,;228.076267,9.06745,;228.076267,9.11758,;228.076267,9.16766,;228.076267,9.21778,;228.076267,9.26788,;228.076267,9.31798,;228.076267,9.36807,;228.076267,9.41817,;228.076267,9.46829,;228.076267,9.51837,;228.076267,9.56845,;228.076267,9.61854,;228.076267,9.66864,;228.076267,9.71874,;228.076267,9.76887,;228.076267,9.81898,;228.076267,9.8691,;228.076267,9.91922,;228.076267,9.96933,;
inf,0.0500627,;499.780687,0.100149,;402.484230,0.150237,;402.484230,0.200309,;402.484230,0.250392,;402.484230,0.300475,;367.714461,0.350555,;367.714461,0.400633,;367.714461,0.450739,;365.647461,0.500821,;365.647461,0.550942,;365.472215,0.601038,;365.472215,0.651156,;365.472215,0.701246,;365.472215,0.751361,;365.472215,0.801447,;365.472215,0.851561,;365.472215,0.901686,;365.472215,0.951807,;365.472215,1.0019,;365.472215,1.05202,;365.472215,1.10211,;365.472215,1.15226,;365.472215,1.20235,;365.472215,1.25244,;365.472215,1.30253,;365.472215,1.35261,;365.472215,1.40271,;365.472215,1.4528,;365.472215,1.50291,;365.472215,1.55299,;365.472215,1.60307,;365.472215,1.65314,;365.472215,1.70324,;365.472215,1.75332,;365.472215,1.8034,;365.472215,1.85348,;365.472215,1.9036,;317.479263,1.95372,;317.479263,2.00385,;317.479263,2.05395,;317.419907,2.10404,;317.419907,2.15414,;317.419907,2.20425,;317.419907,2.25437,;317.419907,2.30447,;317.419907,2.35459,;317.419907,2.40467,;317.419907,2.45478,;311.676062,2.50486,;311.676062,2.55498,;311.676062,2.60506,;311.676062,2.6552,;311.676062,2.7053,;311.676062,2.75541,;311.676062,2.80551,;311.676062,2.8556,;311.676062,2.90568,;311.676062,2.9558,;241.091972,3.00592,;241.091972,3.05603,;241.091972,3.10615,;241.091972,3.15626,;241.091972,3.20634,;241.091972,3.25647,;241.091972,3.30659,;241.091972,3.35666,;241.091972,3.40678,;241.091972,3.45686,;241.091972,3.50699,;241.091972,3.55709,;241.091972,3.60721,;241.091972,3.65733,;241.091972,3.70742,;241.091972,3.75752,;241.091972,3.8076,;241.091972,3.85772,;241.091972,3.90782,;241.091972,3.9579,;241.091972,4.00801,;241.091972,4.05809,;241.091972,4.10818,;241.091972,4.15827,;241.091972,4.20834,;241.091972,4.25843,;241.091972,4.30851,;241.091972,4.35859,;241.091972,4.40868,;241.091972,4.45877,;241.091972,4.50886,;241.091972,4.55895,;241.091972,4.60904,;241.091972,4.65918,;241.091972,4.70927,;241.091972,4.75938,;241.091972,4.80946,;241.091972,4.85958,;241.091972,4.90968,;241.091972,4.9598,;241.091972,5.00989,;241.091972,5.05998,;241.091972,5.11008,;241.091972,5.16019,;241.091972,5.21032,;241.091972,5.26043,;241.091972,5.31056,;241.091972,5.36067,;241.091972,5.41077,;241.091972,5.46085,;241.091972,5.51096,;241.091972,5.56104,;241.091972,5.61117,;241.091972,5.66128,;241.091972,5.7114,;241.091972,5.76149,;241.091972,5.81157,;241.091972,5.86167,;241.091972,5.91177,;241.091972,5.96187,;241.091972,6.01198,;241.091972,6.06207,;241.091972,6.11215,;241.091972,6.16225,;241.091972,6.21234,;241.091972,6.26247,;241.091972,6.31259,;241.091972,6.36268,;241.091972,6.41277,;241.091972,6.46285,;241.091972,6.51296,;241.091972,6.56304,;241.091972,6.61314,;241.091972,6.66326,;241.091972,6.71336,;241.091972,6.76345,;241.091972,6.81354,;241.091972,6.86363,;241.091972,6.91373,;241.091972,6.96385,;241.091972,7.01394,;241.091972,7.06403,;241.091972,7.11416,;241.091972,7.16429,;241.091972,7.21441,;241.091972,7.2645,;241.091972,7.31462,;241.091972,7.3647,;241.091972,7.41478,;241.091972,7.46486,;241.091972,7.51494,;241.091972,7.56502,;241.091972,7.61511,;241.091972,7.6652,;241.091972,7.71532,;241.091972,7.76541,;241.091972,7.81553,;241.091972,7.86562,;241.091972,7.91574,;241.091972,7.96582,;241.091972,8.01591,;241.091972,8.06601,;241.091972,8.11613,;241.091972,8.16624,;241.091972,8.21635,;241.091972,8.26647,;241.091972,8.31659,;241.091972,8.36667,;241.091972,8.41676,;241.091972,8.46688,;241.091972,8.51696,;241.091972,8.56708,;241.091972,8.61717,;241.091972,8.66729,;241.091972,8.71737,;241.091972,8.76745,;241.091972,8.81754,;239.479687,8.86762,;239.479687,8.91774,;239.479687,8.96786,;239.479687,9.01796,;239.479687,9.06809,;239.479687,9.11821,;239.479687,9.1683,;239.479687,9.21843,;239.479687,9.26852,;236.911692,9.31864,;236.911692,9.36876,;236.911692,9.41885,;236.911692,9.46894,;236.911692,9.51907,;236.911692,9.56915,;236.911692,9.61927,;236.911692,9.66936,;236.911692,9.71949,;236.911692,9.76958,;236.911692,9.81966,;236.911692,9.86974,;236.911692,9.91983,;236.911692,9.96991,;236.911692,10.02,;
inf,0.0500571,;555.062027,0.100168,;540.131239,0.150246,;540.131239,0.200356,;540.131239,0.250485,;540.131239,0.300602,;540.131239,0.350694,;540.131239,0.400807,;540.131239,0.450881,;540.131239,0.500953,;540.131239,0.55104,;540.131239,0.601128,;540.131239,0.651245,;540.131239,0.701356,;540.131239,0.751469,;540.131239,0.801586,;540.131239,0.851704,;540.131239,0.901785,;540.131239,0.951879,;540.131239,1.00199,;540.131239,1.05206,;540.131239,1.10214,;540.131239,1.15221,;540.131239,1.2023,;540.131239,1.25239,;540.131239,1.30248,;540.131239,1.35257,;540.131239,1.40266,;540.131239,1.45275,;254.448357,1.50283,;254.448357,1.55291,;254.448357,1.603,;254.448357,1.65309,;254.448357,1.70318,;248.208700,1.75326,;248.208700,1.80334,;247.727603,1.85342,;247.727603,1.9035,;247.727603,1.95359,;247.727603,2.00368,;247.727603,2.05377,;247.727603,2.10389,;247.727603,2.15396,;247.727603,2.20404,;247.727603,2.25413,;247.727603,2.30421,;247.727603,2.3543,;247.727603,2.40439,;247.727603,2.45448,;247.727603,2.50462,;247.727603,2.5547,;247.727603,2.60482,;247.727603,2.6549,;247.727603,2.70499,;247.727603,2.75509,;247.727603,2.80518,;247.727603,2.8553,;247.727603,2.90542,;247.727603,2.95554,;247.727603,3.00565,;247.727603,3.05576,;247.727603,3.10588,;247.727603,3.15601,;247.727603,3.20609,;247.310826,3.25618,;247.310826,3.30627,;247.310826,3.35636,;247.310826,3.40645,;247.310826,3.45657,;247.310826,3.50666,;247.310826,3.55678,;247.310826,3.60687,;247.310826,3.65697,;247.310826,3.70706,;247.310826,3.75715,;247.310826,3.80725,;247.310826,3.85733,;247.310826,3.90743,;247.310826,3.95752,;247.310826,4.00764,;247.310826,4.05776,;247.310826,4.10788,;247.310826,4.158,;247.310826,4.20812,;247.310826,4.25821,;247.310826,4.30832,;247.310826,4.35844,;247.310826,4.40856,;247.310826,4.45865,;247.310826,4.50874,;231.944404,4.55886,;231.944404,4.60898,;231.944404,4.65908,;231.944404,4.70919,;231.944404,4.75928,;231.944404,4.8094,;226.423586,4.85953,;226.423586,4.9096,;226.423586,4.95969,;226.423586,5.00981,;226.423586,5.05993,;226.423586,5.11,;226.423586,5.16012,;226.423586,5.21019,;220.673021,5.26031,;220.673021,5.3104,;220.673021,5.36048,;220.673021,5.41057,;220.673021,5.46069,;220.673021,5.51077,;220.673021,5.56089,;220.673021,5.61098,;220.673021,5.6611,;220.673021,5.71119,;220.673021,5.76129,;220.673021,5.81141,;220.673021,5.86152,;220.673021,5.91163,;220.673021,5.96175,;220.673021,6.01183,;220.673021,6.06197,;220.673021,6.11205,;220.673021,6.16212,;220.673021,6.21226,;220.673021,6.26235,;220.673021,6.31245,;220.673021,6.36253,;220.673021,6.41269,;220.673021,6.46281,;220.673021,6.51293,;220.673021,6.56302,;220.673021,6.6131,;220.673021,6.66321,;220.673021,6.7133,;220.673021,6.76339,;220.673021,6.81348,;220.673021,6.86357,;220.673021,6.91367,;220.673021,6.96376,;220.673021,7.01388,;220.673021,7.06397,;220.673021,7.11406,;220.673021,7.16415,;220.673021,7.21424,;220.673021,7.26435,;220.673021,7.31445,;220.673021,7.36453,;220.673021,7.41462,;220.673021,7.46474,;220.673021,7.51483,;220.673021,7.56495,;220.673021,7.61505,;220.673021,7.66516,;220.673021,7.71529,;220.673021,7.7654,;220.673021,7.81553,;220.673021,7.86565,;220.673021,7.91576,;220.673021,7.96588,;220.673021,8.016,;220.673021,8.06608,;220.673021,8.11621,;220.673021,8.16631,;220.673021,8.21643,;220.673021,8.26651,;220.673021,8.3166,;220.673021,8.3667,;220.673021,8.41678,;220.673021,8.46687,;220.673021,8.51699,;220.673021,8.56708,;220.673021,8.61716,;220.673021,8.66728,;220.673021,8.71736,;220.673021,8.76744,;220.673021,8.81757,;220.673021,8.86768,;220.673021,8.91777,;220.673021,8.96788,;220.673021,9.01797,;220.673021,9.06808,;220.673021,9.11816,;220.673021,9.16828,;220.673021,9.21837,;220.673021,9.26847,;220.673021,9.31857,;220.673021,9.36869,;220.673021,9.41879,;220.673021,9.46891,;220.673021,9.519,;220.673021,9.56914,;220.673021,9.61925,;220.673021,9.66937,;220.673021,9.71949,;220.673021,9.7696,;220.673021,9.8197,;220.673021,9.86981,;220.673021,9.91993,;220.673021,9.97,;220.673021,10.0201,;
380.059804,0.0500761,;380.059804,0.1002,;380.059804,0.150302,;380.059804,0.200408,;336.400455,0.250482,;336.400455,0.300594,;336.400455,0.350702,;336.400455,0.400816,;336.400455,0.450925,;336.400455,0.501039,;336.400455,0.551123,;336.400455,0.601183,;336.400455,0.651268,;336.400455,0.701353,;336.400455,0.751456,;336.400455,0.801544,;336.400455,0.851658,;336.400455,0.901771,;336.400455,0.951889,;330.932915,1.00198,;330.932915,1.0521,;330.932915,1.10221,;324.115305,1.15232,;324.115305,1.20242,;324.115305,1.25253,;324.115305,1.30265,;324.115305,1.35276,;324.115305,1.40287,;324.115305,1.45295,;324.115305,1.50306,;324.115305,1.55315,;324.115305,1.60326,;324.115305,1.65334,;300.840987,1.70346,;300.840987,1.75358,;300.840987,1.80369,;300.840987,1.8538,;300.840987,1.90392,;258.437975,1.954,;258.437975,2.00407,;258.437975,2.05418,;258.437975,2.1043,;258.437975,2.15441,;258.437975,2.20449,;258.437975,2.25461,;258.437975,2.30471,;258.437975,2.35479,;258.437975,2.40488,;258.437975,2.45496,;258.437975,2.50504,;258.437975,2.55516,;258.437975,2.60523,;258.437975,2.65535,;258.437975,2.70547,;258.437975,2.75555,;258.437975,2.80564,;258.437975,2.85573,;258.437975,2.90583,;239.847183,2.95595,;239.847183,3.00605,;239.847183,3.05613,;239.847183,3.10624,;239.847183,3.15634,;239.847183,3.20646,;239.847183,3.25657,;239.847183,3.30666,;239.847183,3.35676,;239.847183,3.40688,;239.847183,3.45696,;239.847183,3.50708,;239.847183,3.55716,;239.847183,3.60726,;239.847183,3.65734,;239.847183,3.70746,;239.847183,3.75758,;239.847183,3.8077,;239.847183,3.85782,;239.847183,3.90793,;239.847183,3.95802,;239.847183,4.0081,;239.847183,4.05819,;239.847183,4.10831,;239.847183,4.15843,;239.847183,4.20851,;239.847183,4.2586,;239.847183,4.3087,;239.847183,4.35883,;239.847183,4.40893,;239.847183,4.45901,;239.847183,4.50913,;239.847183,4.55924,;239.847183,4.60933,;239.847183,4.65945,;238.401096,4.70957,;238.401096,4.75969,;238.401096,4.80981,;238.401096,4.85993,;238.401096,4.91005,;238.401096,4.96017,;238.401096,5.01029,;238.401096,5.06038,;238.401096,5.11051,;238.401096,5.16064,;238.401096,5.21071,;238.401096,5.26083,;238.401096,5.31092,;238.401096,5.36104,;238.401096,5.41113,;238.401096,5.46123,;238.401096,5.51132,;238.401096,5.56141,;238.401096,5.6115,;238.401096,5.66158,;238.401096,5.71175,;238.401096,5.76187,;238.401096,5.81199,;238.401096,5.86211,;238.401096,5.91223,;238.401096,5.96233,;238.401096,6.01246,;238.401096,6.06258,;238.401096,6.11269,;238.401096,6.16281,;238.401096,6.21293,;238.401096,6.26305,;238.401096,6.31317,;238.401096,6.36326,;238.401096,6.41335,;238.401096,6.46343,;238.401096,6.51353,;238.401096,6.56366,;238.401096,6.61373,;238.401096,6.66385,;238.401096,6.71398,;238.401096,6.76409,;238.401096,6.81421,;238.401096,6.86433,;238.401096,6.91442,;238.401096,6.96455,;238.401096,7.01464,;238.401096,7.06473,;238.401096,7.11484,;238.401096,7.16493,;238.401096,7.21502,;238.401096,7.26515,;238.401096,7.31525,;238.401096,7.36533,;238.401096,7.41545,;238.401096,7.46555,;238.401096,7.51566,;238.401096,7.56574,;238.401096,7.61582,;238.401096,7.66591,;238.401096,7.71604,;238.401096,7.76612,;238.401096,7.81623,;238.401096,7.86636,;238.401096,7.91645,;230.874784,7.96656,;230.874784,8.01664,;230.874784,8.06672,;230.874784,8.11684,;230.874784,8.16695,;230.874784,8.21703,;230.874784,8.2671,;230.874784,8.31722,;230.874784,8.36739,;230.874784,8.41746,;230.874784,8.46756,;230.874784,8.51765,;230.874784,8.56773,;230.874784,8.61783,;230.874784,8.66792,;230.874784,8.718,;230.874784,8.76809,;230.874784,8.81817,;230.874784,8.86825,;230.874784,8.91834,;230.874784,8.96842,;230.874784,9.01851,;230.874784,9.06858,;230.874784,9.1187,;230.874784,9.16879,;230.874784,9.21888,;230.874784,9.26897,;230.874784,9.31904,;230.874784,9.36912,;230.874784,9.41928,;230.874784,9.46936,;230.874784,9.51948,;230.874784,9.56959,;230.874784,9.61968,;230.874784,9.66976,;230.874784,9.71989,;230.874784,9.77002,;230.874784,9.82014,;230.874784,9.87022,;230.874784,9.92031,;230.874784,9.97039,;
463.089586,0.0500738,;456.343519,0.100193,;456.343519,0.150302,;456.343519,0.200381,;456.343519,0.250462,;456.343519,0.300565,;456.343519,0.350643,;456.343519,0.400719,;456.343519,0.450796,;456.343519,0.50087,;456.343519,0.550947,;456.343519,0.601036,;456.343519,0.651113,;456.343519,0.701192,;456.343519,0.75128,;456.343519,0.801356,;456.343519,0.851437,;452.773529,0.901524,;297.327344,0.951609,;265.784849,1.0017,;265.784849,1.05179,;265.784849,1.1019,;265.784849,1.15198,;265.784849,1.20206,;265.784849,1.25218,;265.784849,1.30229,;265.784849,1.35236,;265.784849,1.40244,;265.784849,1.45252,;263.604459,1.50262,;263.604459,1.55273,;263.604459,1.60285,;263.604459,1.65294,;263.604459,1.70303,;263.604459,1.75312,;263.604459,1.80321,;263.604459,1.85329,;263.604459,1.90339,;263.604459,1.9535,;259.974094,2.00361,;259.974094,2.05369,;259.974094,2.1038,;259.974094,2.15387,;259.974094,2.20398,;259.974094,2.25405,;259.974094,2.30413,;259.974094,2.35422,;259.974094,2.4043,;259.974094,2.45438,;259.974094,2.50446,;255.088950,2.55454,;255.088950,2.60463,;255.088950,2.65471,;255.088950,2.70479,;255.088950,2.75492,;255.088950,2.80501,;255.088950,2.85509,;255.088950,2.9052,;255.088950,2.9553,;255.088950,3.00537,;255.088950,3.05545,;255.088950,3.10553,;255.088950,3.15562,;255.088950,3.20571,;255.088950,3.2558,;255.088950,3.30592,;255.088950,3.35604,;255.088950,3.40612,;255.088950,3.45621,;255.088950,3.50631,;255.088950,3.55639,;255.088950,3.60648,;255.088950,3.65656,;255.088950,3.70664,;255.088950,3.75675,;255.088950,3.80682,;255.088950,3.8569,;255.088950,3.90702,;255.088950,3.95712,;255.088950,4.00723,;255.088950,4.05731,;255.088950,4.10744,;255.088950,4.15752,;255.088950,4.20763,;255.088950,4.25772,;255.088950,4.30781,;255.088950,4.35789,;255.088950,4.40798,;255.088950,4.45808,;255.088950,4.50817,;255.088950,4.55825,;255.088950,4.60837,;255.088950,4.65846,;255.088950,4.70853,;255.088950,4.75865,;255.088950,4.80874,;255.088950,4.85882,;255.088950,4.9089,;255.088950,4.95899,;255.088950,5.00908,;255.088950,5.05917,;255.088950,5.10927,;252.635704,5.15938,;252.635704,5.20948,;252.635704,5.25956,;252.635704,5.30964,;252.635704,5.35972,;252.635704,5.40983,;252.635704,5.4599,;252.635704,5.51001,;252.635704,5.56009,;252.635704,5.61018,;252.635704,5.66026,;247.908652,5.71035,;247.908652,5.76042,;247.908652,5.81052,;247.908652,5.8606,;247.908652,5.91071,;247.908652,5.9608,;247.908652,6.0109,;247.908652,6.06097,;247.908652,6.11109,;247.908652,6.16118,;247.908652,6.2113,;247.908652,6.26138,;247.908652,6.31147,;247.908652,6.36158,;247.908652,6.4117,;247.908652,6.46179,;247.908652,6.51192,;247.908652,6.56203,;247.908652,6.61215,;247.908652,6.66223,;247.908652,6.71237,;247.908652,6.76244,;247.908652,6.81253,;247.908652,6.8626,;247.908652,6.91268,;244.203168,6.96279,;244.203168,7.01286,;244.203168,7.06295,;244.203168,7.11308,;244.203168,7.16315,;244.203168,7.21325,;244.203168,7.26336,;244.203168,7.31347,;244.203168,7.36359,;244.203168,7.41368,;244.203168,7.4638,;244.203168,7.51387,;244.203168,7.56398,;244.203168,7.6141,;244.203168,7.66417,;244.203168,7.71426,;244.203168,7.76436,;244.203168,7.81445,;244.203168,7.86453,;244.203168,7.91465,;244.203168,7.96472,;244.203168,8.01484,;244.203168,8.06493,;244.203168,8.11505,;244.203168,8.16516,;244.203168,8.21528,;244.203168,8.26537,;244.203168,8.31548,;244.203168,8.3656,;244.203168,8.41571,;244.203168,8.4658,;243.379788,8.51591,;243.379788,8.56603,;243.379788,8.61614,;243.379788,8.66626,;243.379788,8.71639,;243.379788,8.76648,;243.379788,8.81656,;243.379788,8.86667,;243.379788,8.91675,;243.379788,8.96686,;243.379788,9.01695,;243.379788,9.06706,;243.379788,9.11715,;243.379788,9.16727,;243.379788,9.21739,;243.379788,9.2675,;243.379788,9.31758,;240.380933,9.3677,;240.380933,9.41779,;240.380933,9.46788,;240.380933,9.51798,;240.380933,9.56805,;239.870467,9.61814,;236.178694,9.66823,;236.178694,9.71831,;236.178694,9.7684,;236.178694,9.81848,;236.178694,9.86851,;236.178694,9.91859,;236.178694,9.96867,;236.178694,10.0188,;
inf,0.0500568,;456.652616,0.10013,;456.652616,0.150169,;456.652616,0.200256,;456.652616,0.250351,;456.652616,0.300428,;412.526058,0.350519,;412.526058,0.400626,;412.526058,0.450711,;412.526058,0.500807,;412.526058,0.550934,;412.526058,0.600984,;412.526058,0.6511,;412.526058,0.701174,;412.526058,0.751288,;412.526058,0.801375,;412.526058,0.851494,;412.526058,0.901587,;412.526058,0.95172,;412.526058,1.00181,;412.526058,1.05189,;390.963886,1.10201,;390.963886,1.1521,;390.963886,1.20219,;390.963886,1.25229,;390.963886,1.30238,;390.963886,1.35248,;390.963886,1.40258,;390.963886,1.45267,;390.963886,1.50276,;390.963886,1.55285,;390.963886,1.60294,;390.963886,1.65302,;390.963886,1.70311,;390.963886,1.75321,;390.963886,1.80332,;390.963886,1.85341,;360.292886,1.9035,;360.292886,1.95359,;360.292886,2.00368,;360.292886,2.05378,;360.292886,2.10388,;360.292886,2.15397,;360.292886,2.20407,;360.292886,2.25416,;360.292886,2.30424,;360.292886,2.35432,;360.292886,2.40441,;360.292886,2.4545,;360.292886,2.50461,;360.292886,2.5547,;360.292886,2.6048,;360.292886,2.6549,;358.343430,2.70498,;358.343430,2.75507,;358.343430,2.80516,;358.343430,2.85529,;358.343430,2.90537,;358.343430,2.95545,;354.162960,3.00553,;354.162960,3.05564,;354.162960,3.10572,;354.162960,3.1558,;354.162960,3.20588,;354.162960,3.256,;354.162960,3.30609,;354.162960,3.35618,;354.162960,3.40627,;354.162960,3.45638,;354.162960,3.50647,;354.162960,3.55656,;354.162960,3.60668,;354.162960,3.65676,;354.162960,3.70688,;354.162960,3.75697,;354.162960,3.80705,;354.162960,3.85713,;354.162960,3.90725,;354.162960,3.95736,;354.162960,4.00748,;354.162960,4.05756,;354.162960,4.10767,;309.000848,4.15775,;309.000848,4.20787,;309.000848,4.25798,;309.000848,4.3081,;259.441298,4.35819,;259.441298,4.40827,;259.441298,4.45836,;259.441298,4.50848,;259.441298,4.55859,;259.441298,4.60872,;258.695090,4.65881,;258.695090,4.7089,;258.695090,4.75903,;258.695090,4.80911,;258.695090,4.8592,;258.695090,4.9093,;258.695090,4.95942,;258.695090,5.00952,;258.695090,5.05963,;258.695090,5.10972,;258.695090,5.15985,;258.695090,5.20994,;258.695090,5.26006,;258.695090,5.31018,;258.695090,5.36029,;258.695090,5.41037,;258.695090,5.46046,;254.991366,5.51055,;254.991366,5.56065,;254.991366,5.61074,;254.991366,5.66084,;254.991366,5.71093,;254.991366,5.76102,;254.886530,5.81111,;254.886530,5.86119,;254.886530,5.91129,;254.886530,5.96142,;254.886530,6.01151,;254.886530,6.0616,;249.388455,6.11169,;249.388455,6.16178,;249.388455,6.2119,;249.388455,6.26199,;249.388455,6.3121,;249.388455,6.3622,;249.388455,6.41229,;249.388455,6.46239,;247.788839,6.51249,;247.788839,6.5626,;247.788839,6.6127,;247.788839,6.66282,;247.788839,6.71294,;247.788839,6.76305,;247.788839,6.81313,;247.788839,6.86324,;247.788839,6.91332,;247.788839,6.96343,;247.788839,7.01352,;247.788839,7.06361,;247.788839,7.1137,;247.788839,7.16378,;247.788839,7.21386,;247.788839,7.26398,;247.788839,7.31406,;247.788839,7.36413,;247.788839,7.41421,;247.788839,7.46433,;247.788839,7.51441,;247.788839,7.56453,;247.788839,7.61461,;243.568436,7.66469,;243.568436,7.71478,;243.568436,7.7649,;243.568436,7.81499,;243.568436,7.86508,;243.568436,7.9152,;243.568436,7.9653,;242.806346,8.01541,;242.806346,8.06551,;230.771846,8.11563,;230.771846,8.16572,;230.771846,8.21582,;230.771846,8.26594,;230.771846,8.31606,;230.771846,8.36616,;230.771846,8.41629,;230.771846,8.46638,;230.771846,8.5165,;230.771846,8.56662,;230.771846,8.61674,;230.771846,8.66686,;230.771846,8.71698,;230.771846,8.7671,;230.771846,8.81718,;230.771846,8.86731,;230.771846,8.91739,;230.771846,8.9675,;230.771846,9.01758,;230.771846,9.0677,;230.771846,9.11778,;230.771846,9.1679,;230.771846,9.21799,;230.771846,9.26811,;230.771846,9.3182,;230.771846,9.36831,;230.771846,9.4184,;230.771846,9.46853,;230.771846,9.51863,;230.771846,9.56875,;230.771846,9.61886,;230.771846,9.669,;230.771846,9.71909,;230.771846,9.76917,;230.771846,9.81929,;230.771846,9.86938,;230.771846,9.9195,;230.771846,9.96959,;230.771846,10.0197,;
inf,0.0500631,;804.890219,0.10015,;804.890219,0.150246,;804.890219,0.200356,;804.890219,0.250465,;804.890219,0.300576,;589.621002,0.350646,;589.621002,0.400738,;589.621002,0.450853,;589.621002,0.500961,;589.621002,0.551041,;589.621002,0.601125,;589.621002,0.65129,;589.621002,0.701405,;589.621002,0.751521,;589.621002,0.801636,;589.621002,0.85175,;589.621002,0.901868,;589.621002,0.951982,;589.621002,1.0021,;589.621002,1.05221,;589.621002,1.1023,;589.621002,1.15242,;589.621002,1.2025,;589.621002,1.25262,;589.621002,1.30271,;589.621002,1.35281,;589.621002,1.40294,;589.621002,1.45303,;456.302189,1.50316,;456.302189,1.55324,;456.302189,1.60332,;433.953462,1.65341,;431.685406,1.70349,;431.685406,1.75358,;431.685406,1.80366,;431.685406,1.85375,;431.685406,1.90388,;431.685406,1.95397,;431.685406,2.0041,;431.685406,2.05417,;431.685406,2.10425,;431.685406,2.15432,;431.685406,2.20444,;431.685406,2.25452,;431.685406,2.30459,;431.685406,2.35467,;431.685406,2.40475,;269.805113,2.45484,;269.805113,2.50491,;269.805113,2.55499,;269.805113,2.60506,;269.805113,2.65514,;269.805113,2.70522,;269.805113,2.7553,;269.805113,2.80538,;269.805113,2.85546,;269.805113,2.90554,;269.805113,2.95561,;269.805113,3.00569,;269.805113,3.05577,;269.805113,3.10584,;269.805113,3.15592,;269.805113,3.20601,;269.805113,3.25609,;269.805113,3.30617,;269.805113,3.35625,;269.805113,3.40633,;269.805113,3.45641,;269.805113,3.50649,;269.805113,3.55658,;269.805113,3.60665,;269.805113,3.65673,;269.805113,3.70682,;244.294910,3.7569,;244.294910,3.80698,;244.294910,3.85706,;244.294910,3.90714,;244.294910,3.95722,;244.294910,4.0073,;244.294910,4.05739,;244.294910,4.10748,;244.294910,4.15757,;244.294910,4.20766,;244.294910,4.25774,;244.294910,4.30781,;244.294910,4.35789,;244.294910,4.40798,;244.294910,4.45806,;244.294910,4.50814,;244.294910,4.55822,;244.294910,4.6083,;244.294910,4.65838,;244.294910,4.70846,;244.294910,4.75855,;244.294910,4.80862,;244.294910,4.8587,;244.294910,4.90878,;244.294910,4.95886,;244.294910,5.00894,;244.294910,5.05902,;244.294910,5.1091,;244.294910,5.15919,;244.294910,5.20928,;244.294910,5.25937,;244.294910,5.30946,;244.294910,5.35955,;244.294910,5.40964,;244.294910,5.45974,;244.294910,5.50982,;244.294910,5.55991,;244.294910,5.60998,;244.294910,5.66006,;244.294910,5.71014,;244.294910,5.76022,;244.294910,5.81031,;244.294910,5.86039,;244.294910,5.91047,;244.294910,5.96055,;244.294910,6.01063,;244.294910,6.06071,;244.294910,6.11078,;244.294910,6.16086,;244.294910,6.21093,;244.294910,6.26101,;244.294910,6.31109,;244.294910,6.36117,;244.294910,6.41126,;244.294910,6.46134,;231.153932,6.51142,;231.153932,6.5615,;231.153932,6.61157,;231.153932,6.66165,;231.153932,6.71172,;231.153932,6.7618,;231.153932,6.81188,;231.153932,6.86196,;231.153932,6.91204,;231.153932,6.96212,;231.153932,7.01219,;231.153932,7.06228,;231.153932,7.11236,;231.153932,7.16244,;231.153932,7.21251,;231.153932,7.26259,;231.153932,7.31267,;231.153932,7.36275,;231.153932,7.41284,;231.153932,7.46293,;231.153932,7.513,;231.153932,7.56308,;231.153932,7.61316,;231.153932,7.66324,;231.153932,7.71332,;231.153932,7.7634,;231.153932,7.81348,;231.153932,7.86356,;231.153932,7.91364,;231.153932,7.96372,;231.153932,8.0138,;231.153932,8.06389,;231.153932,8.11396,;231.153932,8.16406,;231.153932,8.21415,;231.153932,8.26423,;231.153932,8.31432,;231.153932,8.3644,;231.153932,8.41448,;231.153932,8.46456,;231.153932,8.51464,;231.153932,8.56472,;231.153932,8.6148,;231.153932,8.66488,;231.153932,8.71496,;231.153932,8.76504,;231.153932,8.81512,;231.153932,8.8652,;231.153932,8.91529,;231.153932,8.96537,;231.153932,9.0155,;231.153932,9.06557,;231.153932,9.11566,;231.153932,9.16576,;231.153932,9.21587,;231.153932,9.26597,;231.153932,9.31609,;231.153932,9.36618,;231.153932,9.41627,;231.153932,9.46637,;231.153932,9.51648,;231.153932,9.56657,;231.153932,9.61668,;231.153932,9.66677,;231.153932,9.71685,;231.153932,9.76699,;231.153932,9.81707,;231.153932,9.86719,;231.153932,9.91728,;231.153932,9.9674,;231.153932,10.0175,;231.153932,10.0676,;
477.732227,0.0500662,;477.732227,0.100152,;477.732227,0.150229,;477.732227,0.205737,;477.732227,0.255847,;477.732227,0.305933,;477.732227,0.356098,;477.732227,0.406213,;477.732227,0.456294,;477.732227,0.50639,;477.732227,0.556477,;477.732227,0.606555,;477.732227,0.656636,;477.732227,0.706767,;477.732227,0.756878,;477.732227,0.806993,;477.732227,0.857121,;477.732227,0.907241,;477.732227,0.957337,;477.732227,1.00742,;477.732227,1.05751,;477.732227,1.1076,;477.732227,1.15768,;477.732227,1.20777,;477.732227,1.25786,;477.732227,1.30796,;477.732227,1.35806,;477.732227,1.40819,;477.732227,1.45829,;477.732227,1.5084,;477.732227,1.55849,;477.732227,1.60862,;465.675470,1.65872,;465.675470,1.7088,;465.675470,1.75889,;465.675470,1.80901,;465.675470,1.8591,;465.675470,1.90922,;465.675470,1.95933,;465.675470,2.00944,;465.675470,2.05955,;325.516252,2.10964,;325.516252,2.15975,;325.516252,2.20983,;325.516252,2.25992,;325.516252,2.31,;325.516252,2.36012,;325.516252,2.41024,;325.516252,2.46033,;325.516252,2.51042,;325.516252,2.56054,;325.516252,2.61063,;325.516252,2.66071,;325.516252,2.71081,;325.516252,2.7609,;325.516252,2.811,;325.516252,2.86108,;325.516252,2.91121,;325.516252,2.96132,;325.516252,3.01144,;325.516252,3.06153,;325.516252,3.11164,;325.516252,3.16173,;325.516252,3.21184,;325.516252,3.26193,;325.516252,3.31206,;325.516252,3.36217,;325.516252,3.41226,;288.992935,3.46236,;288.992935,3.51248,;288.992935,3.56257,;288.992935,3.61269,;288.992935,3.66279,;288.992935,3.71291,;288.992935,3.763,;288.992935,3.81312,;288.992935,3.86324,;288.992935,3.91332,;288.992935,3.9634,;288.992935,4.01352,;288.992935,4.06364,;288.992935,4.11372,;288.992935,4.16384,;278.959073,4.21392,;278.959073,4.26403,;278.959073,4.31413,;278.959073,4.36423,;278.959073,4.41431,;278.959073,4.46444,;278.959073,4.51453,;278.959073,4.56465,;278.959073,4.61478,;278.959073,4.66485,;278.959073,4.71493,;278.959073,4.76504,;278.959073,4.81512,;278.959073,4.86521,;278.959073,4.91531,;278.959073,4.96543,;278.959073,5.01554,;278.959073,5.06568,;278.959073,5.11576,;278.959073,5.16588,;278.959073,5.21597,;278.959073,5.26606,;278.959073,5.31619,;278.959073,5.36631,;278.959073,5.41643,;278.959073,5.46655,;278.959073,5.51666,;278.959073,5.56677,;278.959073,5.61685,;278.959073,5.66695,;278.959073,5.71708,;278.959073,5.76719,;278.959073,5.81731,;278.959073,5.86742,;278.959073,5.91753,;278.959073,5.96764,;278.959073,6.01776,;278.959073,6.06786,;278.959073,6.11794,;262.149591,6.16801,;262.149591,6.21809,;262.149591,6.26817,;262.149591,6.31825,;262.149591,6.36837,;261.987521,6.41846,;255.158254,6.46857,;255.158254,6.51868,;255.158254,6.5688,;255.158254,6.61889,;255.158254,6.66901,;255.158254,6.71909,;255.158254,6.76921,;255.158254,6.81933,;255.158254,6.86943,;255.158254,6.91951,;255.158254,6.96961,;255.158254,7.01971,;255.158254,7.06978,;255.158254,7.11987,;255.158254,7.16997,;255.158254,7.22006,;255.158254,7.27015,;255.158254,7.32024,;255.158254,7.37034,;255.158254,7.42043,;255.158254,7.47052,;255.158254,7.52064,;255.158254,7.57072,;255.158254,7.62084,;255.158254,7.67092,;255.158254,7.72101,;255.158254,7.7711,;255.158254,7.82119,;255.158254,7.87131,;255.158254,7.9214,;255.158254,7.97149,;255.158254,8.02159,;255.158254,8.07169,;255.158254,8.12177,;255.158254,8.17189,;255.158254,8.22197,;255.158254,8.27206,;255.158254,8.32214,;255.158254,8.37223,;255.158254,8.42233,;255.158254,8.47242,;255.158254,8.52251,;255.158254,8.5726,;255.158254,8.62268,;255.158254,8.67276,;255.158254,8.72286,;255.158254,8.77295,;255.158254,8.82304,;255.158254,8.87313,;255.158254,8.92322,;255.158254,8.97331,;255.158254,9.02344,;255.158254,9.07355,;255.158254,9.12367,;255.158254,9.17374,;255.158254,9.22383,;255.158254,9.27391,;255.158254,9.32402,;255.158254,9.37415,;255.158254,9.42427,;255.158254,9.47437,;255.158254,9.52449,;255.158254,9.5746,;255.158254,9.62472,;255.158254,9.67482,;255.158254,9.72494,;255.158254,9.77503,;255.158254,9.82514,;255.158254,9.87526,;255.158254,9.92534,;255.158254,9.97547,;255.158254,10.0256,;255.158254,10.0757,;
587.920219,0.0500692,;494.189863,0.100148,;385.505949,0.150266,;385.505949,0.200349,;385.505949,0.250433,;385.505949,0.300508,;385.505949,0.350621,;385.505949,0.400706,;385.505949,0.450826,;385.505949,0.500919,;385.505949,0.551002,;385.505949,0.601085,;385.505949,0.651211,;385.505949,0.701332,;385.505949,0.751407,;385.505949,0.801494,;385.505949,0.851609,;385.505949,0.901695,;385.505949,0.951811,;385.505949,1.00192,;385.505949,1.05203,;385.505949,1.10215,;385.505949,1.15227,;385.505949,1.20239,;385.505949,1.25248,;385.505949,1.3026,;385.505949,1.35268,;355.983955,1.40279,;355.983955,1.45289,;355.983955,1.503,;355.983955,1.55308,;355.983955,1.60316,;313.384103,1.65325,;313.384103,1.70337,;313.384103,1.75344,;313.384103,1.80356,;313.384103,1.85365,;313.384103,1.90373,;313.384103,1.95381,;278.071153,2.00392,;278.071153,2.05404,;278.071153,2.10416,;278.071153,2.15426,;278.071153,2.20436,;278.071153,2.25447,;278.071153,2.30455,;278.071153,2.35467,;278.071153,2.40476,;278.071153,2.45488,;278.071153,2.50499,;278.071153,2.5551,;278.071153,2.60522,;278.071153,2.65533,;278.071153,2.70541,;278.071153,2.75552,;278.071153,2.80565,;278.071153,2.85576,;278.071153,2.90588,;278.071153,2.95599,;278.071153,3.00611,;278.071153,3.05622,;278.071153,3.10634,;278.071153,3.15644,;278.071153,3.20656,;278.071153,3.25664,;278.071153,3.30676,;278.071153,3.35685,;278.071153,3.40693,;278.071153,3.45702,;278.071153,3.50713,;278.071153,3.55722,;278.071153,3.60731,;278.071153,3.6574,;266.495522,3.70752,;266.495522,3.75761,;266.495522,3.80773,;266.495522,3.85785,;252.890161,3.90796,;252.890161,3.95813,;252.890161,4.00825,;252.890161,4.05836,;252.890161,4.10848,;252.890161,4.1586,;252.890161,4.20868,;252.890161,4.2588,;252.890161,4.30892,;252.890161,4.35903,;252.890161,4.40914,;252.890161,4.45926,;252.890161,4.50938,;252.890161,4.55949,;252.890161,4.60959,;252.890161,4.65971,;252.890161,4.70983,;252.890161,4.75991,;252.890161,4.81004,;251.923909,4.86015,;251.923909,4.91024,;251.923909,4.96035,;251.923909,5.01047,;251.923909,5.06054,;251.923909,5.11067,;251.923909,5.16076,;251.923909,5.21088,;251.923909,5.26097,;251.923909,5.3111,;251.923909,5.3612,;251.923909,5.41132,;251.923909,5.46141,;251.923909,5.5115,;251.923909,5.56161,;251.923909,5.61172,;251.923909,5.66184,;251.923909,5.71196,;251.923909,5.76207,;251.923909,5.81218,;251.923909,5.86231,;251.923909,5.91243,;251.923909,5.96258,;251.923909,6.01266,;251.923909,6.06275,;251.923909,6.11283,;251.923909,6.16292,;251.923909,6.21301,;251.923909,6.26309,;251.923909,6.31318,;251.923909,6.36326,;251.923909,6.41334,;251.923909,6.46343,;251.923909,6.51356,;251.923909,6.56368,;251.923909,6.61377,;251.923909,6.66385,;251.923909,6.71392,;251.923909,6.764,;251.923909,6.81407,;251.923909,6.86415,;251.923909,6.91423,;251.923909,6.96431,;251.923909,7.01439,;251.923909,7.06454,;251.923909,7.11466,;251.923909,7.16474,;240.453031,7.21487,;240.453031,7.26497,;240.453031,7.31505,;240.453031,7.36514,;240.453031,7.41526,;240.453031,7.46535,;240.453031,7.51548,;240.453031,7.56559,;240.453031,7.6157,;240.453031,7.66583,;240.453031,7.71595,;240.453031,7.76606,;240.453031,7.81616,;240.453031,7.86627,;240.453031,7.91639,;240.453031,7.96651,;240.453031,8.01663,;240.453031,8.06674,;240.453031,8.11684,;240.453031,8.16692,;240.453031,8.21701,;240.453031,8.26709,;240.453031,8.31718,;240.453031,8.36728,;240.453031,8.4174,;240.453031,8.46751,;240.453031,8.5176,;240.453031,8.56768,;240.453031,8.61777,;240.453031,8.66785,;240.453031,8.71793,;240.453031,8.76805,;240.453031,8.81813,;240.453031,8.86825,;240.453031,8.91837,;240.453031,8.9685,;240.453031,9.01863,;240.453031,9.06871,;240.453031,9.11883,;240.453031,9.16892,;240.453031,9.21902,;240.453031,9.2691,;240.453031,9.3192,;240.453031,9.36929,;240.453031,9.41939,;240.453031,9.46948,;240.453031,9.51958,;240.453031,9.56967,;240.453031,9.61976,;240.453031,9.66985,;240.453031,9.71999,;240.453031,9.77011,;240.453031,9.82022,;240.453031,9.8703,;240.453031,9.92041,;240.453031,9.97057,;240.453031,10.0206,;
761.342734,0.0500899,;743.659897,0.100164,;743.659897,0.150235,;743.659897,0.20032,;743.659897,0.250396,;743.659897,0.300535,;743.659897,0.350605,;743.659897,0.400688,;743.659897,0.450761,;743.659897,0.500846,;743.659897,0.550917,;743.659897,0.60103,;743.659897,0.651121,;733.152255,0.7012,;733.152255,0.75129,;733.152255,0.801385,;680.426636,0.851477,;680.426636,0.901586,;680.426636,0.951712,;673.245456,1.0018,;673.245456,1.0519,;377.454403,1.10197,;350.355339,1.15206,;350.355339,1.20214,;350.355339,1.25225,;350.355339,1.30233,;350.355339,1.35245,;350.355339,1.40253,;350.355339,1.45266,;350.355339,1.50274,;350.355339,1.55286,;350.355339,1.60296,;350.355339,1.65307,;350.355339,1.7032,;350.355339,1.75328,;350.355339,1.80336,;350.355339,1.85348,;350.355339,1.90357,;350.355339,1.95365,;350.355339,2.00375,;350.355339,2.05388,;329.520056,2.10396,;329.520056,2.15406,;329.520056,2.20414,;329.520056,2.25422,;329.520056,2.3043,;329.520056,2.35438,;329.520056,2.40447,;329.520056,2.45455,;329.520056,2.50467,;329.520056,2.55475,;329.520056,2.60483,;329.520056,2.65495,;281.062855,2.70505,;281.062855,2.75514,;281.062855,2.80523,;273.726465,2.85534,;273.726465,2.90545,;273.726465,2.95555,;273.726465,3.00564,;273.726465,3.05572,;273.726465,3.10584,;273.726465,3.15595,;273.726465,3.20604,;273.726465,3.25613,;273.726465,3.30618,;273.726465,3.35629,;273.726465,3.40636,;273.726465,3.45648,;273.726465,3.50656,;273.726465,3.55664,;273.726465,3.60673,;264.115833,3.65685,;264.115833,3.70692,;264.115833,3.75701,;264.115833,3.80709,;264.115833,3.85717,;264.115833,3.90725,;264.115833,3.95733,;264.115833,4.0074,;264.115833,4.05748,;264.115833,4.10756,;264.115833,4.15764,;264.115833,4.20772,;264.115833,4.25784,;264.115833,4.30792,;264.115833,4.35803,;264.115833,4.40814,;264.115833,4.45823,;264.115833,4.5083,;264.115833,4.55837,;264.115833,4.60845,;262.472603,4.65853,;262.472603,4.70865,;262.472603,4.75872,;262.472603,4.8088,;262.472603,4.85888,;262.472603,4.90897,;262.472603,4.95907,;262.472603,5.00916,;262.472603,5.05925,;262.472603,5.10938,;262.472603,5.15946,;262.472603,5.20958,;262.472603,5.25969,;262.472603,5.3098,;262.472603,5.35991,;262.472603,5.40999,;262.472603,5.46011,;262.472603,5.51019,;262.472603,5.56026,;262.472603,5.61033,;262.472603,5.66042,;262.472603,5.71051,;238.713196,5.7606,;238.713196,5.8107,;238.713196,5.86079,;234.356441,5.91088,;234.356441,5.961,;234.356441,6.01112,;234.356441,6.0612,;234.356441,6.11129,;234.356441,6.16138,;234.356441,6.21149,;234.356441,6.26158,;234.356441,6.31169,;234.356441,6.36177,;234.356441,6.4119,;234.356441,6.462,;234.356441,6.51209,;234.356441,6.56219,;234.356441,6.6123,;234.356441,6.66237,;234.356441,6.71249,;234.356441,6.76257,;234.356441,6.81269,;234.356441,6.86277,;234.356441,6.91289,;234.356441,6.96298,;234.356441,7.01309,;234.356441,7.0632,;234.356441,7.11333,;234.356441,7.16341,;234.356441,7.21353,;234.356441,7.26362,;234.356441,7.31373,;234.356441,7.36384,;234.356441,7.41395,;234.356441,7.46406,;234.356441,7.5142,;234.356441,7.56431,;234.356441,7.61439,;234.356441,7.6645,;234.356441,7.71461,;234.356441,7.76473,;234.356441,7.81481,;234.356441,7.86493,;234.356441,7.91503,;234.356441,7.96514,;234.356441,8.01521,;234.356441,8.06532,;234.356441,8.11544,;234.356441,8.16555,;234.356441,8.21566,;234.356441,8.26578,;234.356441,8.31589,;234.356441,8.36601,;234.356441,8.41613,;234.356441,8.46618,;234.356441,8.51626,;234.356441,8.56634,;234.356441,8.61646,;234.356441,8.66654,;234.356441,8.71662,;234.356441,8.7667,;234.356441,8.81679,;234.356441,8.86689,;234.356441,8.91696,;234.356441,8.96704,;234.356441,9.01714,;234.356441,9.06726,;234.356441,9.11737,;234.356441,9.16746,;234.356441,9.21754,;234.356441,9.26763,;234.356441,9.31771,;234.356441,9.36787,;234.356441,9.41796,;234.356441,9.46804,;234.356441,9.51819,;229.400293,9.5683,;229.400293,9.61838,;229.400293,9.66848,;229.400293,9.71859,;229.400293,9.76871,;229.400293,9.8188,;229.400293,9.86892,;229.400293,9.91903,;229.400293,9.96914,;
inf,0.0500572,;845.019153,0.100144,;845.019153,0.150221,;845.019153,0.200307,;835.075723,0.250406,;835.075723,0.30052,;835.075723,0.350647,;835.075723,0.40076,;835.075723,0.450881,;835.075723,0.500991,;824.531903,0.551066,;805.862861,0.601138,;784.620921,0.651221,;784.620921,0.7013,;784.620921,0.751373,;768.161808,0.80148,;768.161808,0.851601,;768.161808,0.901676,;768.161808,0.951755,;297.865545,1.00185,;297.865545,1.05196,;297.865545,1.10204,;297.865545,1.15211,;297.865545,1.20221,;297.865545,1.25231,;297.865545,1.3024,;297.865545,1.35249,;297.865545,1.40261,;297.865545,1.45271,;297.865545,1.50283,;297.865545,1.55295,;297.865545,1.60305,;297.865545,1.65314,;297.865545,1.70323,;297.865545,1.75332,;297.865545,1.8034,;297.865545,1.8535,;294.961003,1.90359,;294.961003,1.95368,;294.961003,2.00377,;294.961003,2.05385,;294.961003,2.10394,;294.961003,2.15402,;294.961003,2.20414,;294.961003,2.25423,;294.961003,2.30431,;294.961003,2.35444,;294.961003,2.40456,;294.961003,2.45466,;294.961003,2.50477,;294.961003,2.55486,;294.961003,2.60498,;294.961003,2.65507,;294.961003,2.70515,;281.962853,2.75524,;281.962853,2.80533,;281.962853,2.85545,;281.962853,2.90554,;279.711845,2.95564,;279.711845,3.00573,;279.711845,3.05585,;279.711845,3.10595,;279.711845,3.15606,;279.711845,3.20616,;279.711845,3.25625,;279.711845,3.30634,;279.711845,3.35643,;279.711845,3.40653,;279.711845,3.45666,;278.225506,3.50674,;274.109491,3.55687,;274.109491,3.60698,;274.109491,3.65707,;269.014586,3.70718,;269.014586,3.75732,;269.014586,3.8074,;269.014586,3.85756,;269.014586,3.90768,;269.014586,3.95777,;269.014586,4.00788,;269.014586,4.05797,;269.014586,4.1081,;269.014586,4.15819,;269.014586,4.20832,;269.014586,4.25845,;269.014586,4.30858,;262.793467,4.3587,;262.793467,4.40883,;262.793467,4.45892,;262.793467,4.50904,;262.793467,4.55916,;262.793467,4.60925,;262.793467,4.65937,;262.793467,4.70945,;262.793467,4.7596,;262.793467,4.80968,;262.793467,4.85976,;262.793467,4.90984,;262.793467,4.95992,;262.793467,5.00999,;262.793467,5.06008,;262.793467,5.11016,;262.793467,5.16025,;262.793467,5.21033,;262.793467,5.26045,;262.793467,5.31053,;262.793467,5.36066,;262.793467,5.41077,;262.793467,5.4609,;262.670598,5.51102,;262.670598,5.56114,;262.670598,5.61123,;262.670598,5.66132,;262.670598,5.7114,;262.670598,5.76149,;262.670598,5.81161,;262.670598,5.86169,;262.670598,5.91181,;262.670598,5.96189,;262.670598,6.01202,;262.670598,6.06211,;262.670598,6.11221,;262.670598,6.16231,;262.670598,6.21241,;262.670598,6.26249,;262.670598,6.31259,;262.670598,6.36268,;262.670598,6.41275,;262.670598,6.46284,;262.670598,6.51292,;262.670598,6.56305,;262.670598,6.61313,;262.670598,6.66323,;262.670598,6.71331,;262.670598,6.76341,;262.670598,6.81353,;262.670598,6.86362,;262.670598,6.91371,;262.670598,6.96379,;262.670598,7.01391,;262.670598,7.064,;262.670598,7.11408,;262.670598,7.16417,;262.670598,7.21425,;262.670598,7.26433,;262.670598,7.31443,;262.670598,7.36455,;262.670598,7.41467,;262.670598,7.46475,;262.670598,7.51483,;262.670598,7.56494,;262.670598,7.61504,;262.670598,7.66517,;262.670598,7.71527,;262.670598,7.76536,;262.670598,7.81548,;262.670598,7.86557,;259.020037,7.91569,;259.020037,7.96576,;259.020037,8.01584,;259.020037,8.06594,;259.020037,8.11602,;259.020037,8.16611,;259.020037,8.2162,;259.020037,8.26628,;259.020037,8.3164,;259.020037,8.36649,;259.020037,8.41657,;259.020037,8.46669,;259.020037,8.5168,;259.020037,8.56691,;259.020037,8.61702,;259.020037,8.66713,;259.020037,8.71725,;259.020037,8.76733,;259.020037,8.81742,;259.020037,8.86754,;259.020037,8.91758,;259.020037,8.9677,;259.020037,9.01778,;259.020037,9.06787,;259.020037,9.11797,;259.020037,9.16808,;259.020037,9.21815,;259.020037,9.26824,;259.020037,9.31834,;259.020037,9.36842,;259.020037,9.41855,;259.020037,9.46864,;256.976027,9.51874,;256.976027,9.56883,;256.976027,9.61892,;256.976027,9.66902,;256.976027,9.71912,;256.976027,9.76921,;256.976027,9.81933,;256.976027,9.86941,;256.976027,9.91953,;256.976027,9.96964,;256.976027,10.0197,;256.976027,10.0698,;
inf,0.0500989,;926.781407,0.100189,;911.740282,0.150264,;911.740282,0.200383,;911.740282,0.250475,;911.740282,0.300584,;911.740282,0.350655,;911.740282,0.400753,;354.250154,0.450843,;354.250154,0.500932,;354.250154,0.551047,;354.250154,0.601155,;354.250154,0.651237,;354.250154,0.70132,;302.647178,0.751442,;302.647178,0.801528,;302.647178,0.851578,;302.647178,0.90169,;302.647178,0.951767,;302.647178,1.00188,;302.647178,1.05199,;302.647178,1.1021,;302.647178,1.15226,;302.647178,1.20238,;302.647178,1.2525,;302.647178,1.30261,;302.647178,1.35272,;302.647178,1.40284,;302.647178,1.45295,;302.647178,1.50307,;302.647178,1.55316,;302.647178,1.60325,;302.647178,1.65337,;302.647178,1.70346,;302.647178,1.75358,;302.647178,1.80369,;302.647178,1.85377,;302.647178,1.90387,;302.647178,1.954,;302.647178,2.00409,;302.647178,2.05422,;302.647178,2.10434,;302.647178,2.15446,;302.647178,2.20457,;302.647178,2.25465,;302.647178,2.30477,;302.647178,2.35485,;302.647178,2.40494,;302.647178,2.45505,;302.647178,2.50515,;302.647178,2.55523,;302.647178,2.60534,;284.829443,2.65543,;284.829443,2.70553,;284.829443,2.75562,;284.829443,2.80574,;284.829443,2.85583,;284.829443,2.90595,;284.829443,2.95607,;284.829443,3.00616,;280.245245,3.0563,;271.372286,3.1064,;271.372286,3.1565,;271.372286,3.20656,;271.372286,3.25663,;271.372286,3.30672,;243.235623,3.35683,;243.235623,3.40692,;243.235623,3.45701,;243.235623,3.50713,;243.235623,3.55725,;243.235623,3.60735,;243.235623,3.65746,;243.235623,3.70756,;243.235623,3.75769,;243.235623,3.80778,;243.235623,3.8579,;243.235623,3.90802,;243.235623,3.95814,;243.235623,4.00826,;243.235623,4.05834,;243.235623,4.10846,;243.235623,4.15855,;243.235623,4.20867,;243.235623,4.25875,;243.235623,4.30887,;243.235623,4.35896,;243.235623,4.40908,;243.235623,4.45917,;243.235623,4.50929,;243.235623,4.55937,;243.235623,4.60949,;243.235623,4.65959,;243.235623,4.70971,;243.235623,4.7598,;243.235623,4.80986,;243.235623,4.86,;243.235623,4.91009,;243.235623,4.96017,;243.235623,5.01025,;243.235623,5.06037,;243.235623,5.11046,;243.235623,5.16055,;243.235623,5.21063,;243.235623,5.26074,;243.235623,5.31083,;243.235623,5.36092,;243.235623,5.41101,;243.235623,5.4611,;243.235623,5.51119,;243.235623,5.56128,;243.235623,5.61137,;243.235623,5.66149,;243.235623,5.71157,;243.235623,5.76169,;243.235623,5.81178,;242.944187,5.86189,;242.944187,5.91203,;242.944187,5.96211,;242.944187,6.0122,;242.944187,6.06232,;242.944187,6.11243,;242.944187,6.16256,;242.944187,6.21265,;242.944187,6.26273,;242.944187,6.3128,;242.944187,6.36288,;242.944187,6.41296,;242.944187,6.46305,;242.944187,6.51315,;242.944187,6.56325,;242.944187,6.61334,;242.944187,6.66342,;242.944187,6.71351,;242.944187,6.7636,;242.944187,6.81372,;242.944187,6.86384,;242.944187,6.91395,;242.944187,6.96405,;242.944187,7.01416,;242.944187,7.06428,;242.944187,7.1144,;242.944187,7.16452,;242.944187,7.21459,;242.944187,7.26471,;242.944187,7.31479,;242.944187,7.36491,;242.944187,7.415,;242.944187,7.46512,;242.944187,7.51521,;242.944187,7.56529,;242.944187,7.61539,;242.944187,7.66551,;242.944187,7.7156,;242.944187,7.76572,;242.944187,7.81582,;242.944187,7.86593,;242.944187,7.91602,;242.944187,7.96614,;242.944187,8.01625,;242.944187,8.06634,;242.944187,8.11646,;242.944187,8.16656,;233.015274,8.21665,;233.015274,8.26673,;233.015274,8.31684,;233.015274,8.36693,;233.015274,8.41705,;233.015274,8.46714,;233.015274,8.51722,;233.015274,8.56732,;233.015274,8.61744,;233.015274,8.66753,;233.015274,8.71765,;223.191760,8.76774,;223.191760,8.81786,;223.191760,8.86797,;223.191760,8.91809,;223.191760,8.96822,;223.191760,9.01831,;223.191760,9.0684,;223.191760,9.11851,;223.191760,9.1686,;223.191760,9.21869,;223.191760,9.26881,;223.191760,9.3189,;223.191760,9.36902,;223.191760,9.41913,;223.191760,9.46923,;223.191760,9.51931,;223.191760,9.56942,;223.191760,9.61953,;223.191760,9.66965,;223.191760,9.71976,;223.191760,9.76984,;223.191760,9.81992,;223.191760,9.87,;223.191760,9.92009,;223.191760,9.97018,;223.191760,10.0203,;
inf,0.0500939,;726.125473,0.100186,;299.008812,0.150297,;299.008812,0.200371,;299.008812,0.250483,;299.008812,0.30059,;299.008812,0.350708,;299.008812,0.400816,;299.008812,0.450898,;299.008812,0.501022,;299.008812,0.551094,;299.008812,0.601175,;299.008812,0.651308,;299.008812,0.701381,;299.008812,0.751461,;299.008812,0.801551,;299.008812,0.851642,;299.008812,0.901734,;299.008812,0.951819,;299.008812,1.00194,;299.008812,1.05202,;299.008812,1.10213,;299.008812,1.15225,;299.008812,1.20235,;299.008812,1.25245,;282.334494,1.30252,;282.334494,1.35263,;282.334494,1.40271,;282.334494,1.45282,;282.334494,1.50292,;282.334494,1.55301,;282.334494,1.60308,;282.334494,1.65317,;282.334494,1.70326,;282.334494,1.75338,;282.334494,1.80346,;282.334494,1.85353,;282.334494,1.90361,;282.334494,1.95369,;282.334494,2.00378,;282.334494,2.05386,;282.334494,2.10394,;282.334494,2.15402,;282.334494,2.20411,;282.334494,2.25419,;282.334494,2.30427,;282.334494,2.35436,;282.334494,2.40444,;282.334494,2.45452,;282.334494,2.50459,;282.334494,2.55469,;282.334494,2.60478,;282.334494,2.65487,;282.334494,2.70496,;282.334494,2.75504,;282.334494,2.80512,;282.334494,2.85519,;282.334494,2.90528,;282.334494,2.95536,;282.334494,3.00549,;282.334494,3.05557,;282.334494,3.1057,;282.334494,3.15579,;282.334494,3.20591,;282.334494,3.256,;282.334494,3.30609,;282.334494,3.35619,;282.334494,3.40631,;282.334494,3.45638,;282.334494,3.50645,;282.334494,3.55657,;282.334494,3.60668,;282.334494,3.65678,;282.334494,3.70685,;282.334494,3.75697,;282.334494,3.80704,;282.334494,3.85712,;282.334494,3.90721,;282.334494,3.95731,;282.334494,4.00741,;282.334494,4.05753,;282.334494,4.10761,;282.334494,4.15773,;282.334494,4.20781,;282.334494,4.25788,;282.334494,4.30795,;282.334494,4.35802,;282.334494,4.40809,;282.334494,4.45816,;282.334494,4.50823,;265.139456,4.55831,;265.139456,4.60839,;265.139456,4.65847,;265.139456,4.70855,;265.139456,4.75863,;265.139456,4.80871,;265.139456,4.8588,;265.139456,4.9089,;265.139456,4.95899,;265.139456,5.0091,;265.139456,5.05918,;265.139456,5.10929,;265.139456,5.15941,;265.139456,5.20952,;265.139456,5.25964,;255.843545,5.30974,;255.843545,5.35986,;255.843545,5.40994,;255.843545,5.46005,;255.843545,5.51016,;255.843545,5.56028,;255.843545,5.61039,;255.843545,5.66051,;255.843545,5.71062,;255.843545,5.76073,;255.843545,5.81084,;255.843545,5.86096,;255.843545,5.91104,;245.413833,5.96115,;243.356581,6.01123,;243.356581,6.06134,;243.356581,6.11146,;243.356581,6.16156,;243.356581,6.21168,;243.356581,6.2618,;243.356581,6.31192,;243.356581,6.36203,;243.356581,6.41214,;243.356581,6.46226,;243.356581,6.51238,;243.356581,6.56249,;243.356581,6.61261,;243.356581,6.66272,;237.254900,6.71282,;237.254900,6.76294,;237.254900,6.81302,;237.254900,6.8631,;237.254900,6.9132,;226.477899,6.96328,;226.477899,7.01335,;226.477899,7.06346,;226.477899,7.11354,;226.477899,7.16364,;226.477899,7.21372,;226.477899,7.26384,;226.477899,7.31396,;226.477899,7.36404,;226.477899,7.41416,;226.477899,7.46428,;226.477899,7.51438,;226.477899,7.56445,;226.477899,7.61457,;226.477899,7.66465,;226.477899,7.71477,;226.477899,7.76488,;226.477899,7.81496,;226.477899,7.86508,;226.477899,7.91516,;226.477899,7.96528,;226.477899,8.01538,;226.477899,8.06549,;226.477899,8.11561,;226.477899,8.16572,;226.477899,8.21583,;226.477899,8.26594,;226.477899,8.31602,;226.477899,8.3661,;226.477899,8.4162,;226.477899,8.46631,;226.477899,8.5164,;226.477899,8.56651,;226.477899,8.61659,;226.477899,8.66668,;226.477899,8.71678,;226.477899,8.76686,;226.477899,8.81697,;226.477899,8.86705,;226.477899,8.91717,;226.477899,8.96728,;226.477899,9.0174,;226.477899,9.06749,;226.477899,9.11761,;226.477899,9.1677,;226.477899,9.21779,;226.477899,9.26788,;226.477899,9.31797,;226.477899,9.36807,;226.477899,9.41819,;226.477899,9.4683,;226.477899,9.51839,;226.477899,9.56848,;226.477899,9.6186,;226.477899,9.66869,;226.477899,9.71881,;226.477899,9.76893,;226.477899,9.81901,;226.477899,9.86912,;226.477899,9.91921,;226.477899,9.96933,;226.477899,10.0194,;
inf,0.0500947,;807.005220,0.100179,;807.005220,0.150299,;807.005220,0.200372,;807.005220,0.250452,;606.612539,0.300545,;606.612539,0.350657,;606.612539,0.400748,;606.612539,0.450819,;606.612539,0.500895,;602.879769,0.551004,;602.879769,0.601112,;602.879769,0.651198,;602.879769,0.701285,;586.637489,0.751406,;586.637489,0.801518,;586.637489,0.851629,;586.637489,0.901713,;586.637489,0.951832,;586.637489,1.00196,;571.172464,1.05203,;571.172464,1.10215,;571.172464,1.15224,;571.172464,1.20233,;571.172464,1.25242,;571.172464,1.30252,;571.172464,1.35261,;571.172464,1.40269,;571.172464,1.45278,;570.127678,1.50287,;566.617614,1.55296,;541.578361,1.60305,;541.578361,1.65314,;541.578361,1.70322,;541.578361,1.75331,;541.578361,1.8034,;541.156584,1.85349,;541.156584,1.90358,;541.156584,1.95366,;541.156584,2.00376,;541.156584,2.05386,;541.156584,2.10395,;541.156584,2.15403,;541.156584,2.20411,;541.156584,2.25419,;541.156584,2.30428,;541.156584,2.35436,;541.156584,2.40444,;541.156584,2.45453,;541.156584,2.50462,;541.156584,2.55471,;541.156584,2.60479,;364.051662,2.65487,;364.051662,2.70497,;364.051662,2.75506,;364.051662,2.80515,;364.051662,2.85524,;364.051662,2.90533,;361.969545,2.95542,;361.969545,3.00551,;361.969545,3.0556,;361.969545,3.10569,;361.969545,3.15578,;361.969545,3.20587,;361.969545,3.25595,;361.969545,3.30604,;246.518583,3.35612,;246.518583,3.40621,;246.518583,3.4563,;246.518583,3.50638,;246.518583,3.55646,;246.518583,3.60658,;246.518583,3.65667,;246.518583,3.70677,;246.518583,3.75686,;246.518583,3.80699,;246.518583,3.85708,;246.518583,3.90717,;246.518583,3.95727,;246.518583,4.00735,;246.518583,4.05743,;246.518583,4.10753,;246.518583,4.15766,;246.518583,4.20779,;246.518583,4.25791,;246.518583,4.30799,;246.518583,4.35807,;246.518583,4.40814,;246.518583,4.45826,;246.518583,4.50834,;246.518583,4.55846,;246.518583,4.60855,;246.518583,4.65867,;246.518583,4.70877,;246.518583,4.75886,;246.518583,4.80895,;246.518583,4.85904,;246.518583,4.90913,;246.518583,4.95922,;246.518583,5.00932,;246.518583,5.05941,;246.518583,5.1095,;246.518583,5.15959,;246.518583,5.20968,;246.518583,5.25977,;246.518583,5.30985,;246.518583,5.35993,;246.518583,5.41,;246.518583,5.46009,;246.518583,5.51018,;246.518583,5.56028,;246.518583,5.61041,;246.518583,5.6605,;246.518583,5.71062,;246.518583,5.76072,;246.518583,5.81084,;239.928042,5.86093,;239.928042,5.91105,;239.928042,5.96114,;239.928042,6.01123,;239.928042,6.06131,;239.928042,6.11139,;239.928042,6.16147,;239.928042,6.21158,;239.928042,6.26166,;239.928042,6.31178,;239.928042,6.3619,;239.928042,6.41194,;239.275298,6.46203,;239.275298,6.51211,;239.275298,6.56222,;239.275298,6.61232,;239.275298,6.66241,;239.275298,6.71251,;239.275298,6.76263,;239.275298,6.81271,;239.275298,6.86283,;239.275298,6.91295,;239.275298,6.96304,;239.275298,7.01317,;239.275298,7.06328,;239.275298,7.11338,;239.275298,7.16346,;239.275298,7.21358,;239.275298,7.2637,;239.275298,7.31381,;239.275298,7.36389,;239.275298,7.414,;239.275298,7.46408,;239.275298,7.5142,;239.275298,7.56427,;239.275298,7.61436,;229.527698,7.66445,;229.527698,7.71454,;229.527698,7.76463,;229.527698,7.81475,;229.527698,7.86487,;229.527698,7.91498,;229.527698,7.96507,;229.527698,8.0152,;229.527698,8.06532,;229.527698,8.11544,;229.527698,8.16552,;229.527698,8.21565,;229.527698,8.26574,;229.527698,8.31586,;229.527698,8.36596,;229.527698,8.41604,;229.527698,8.46613,;229.527698,8.51626,;229.527698,8.56635,;229.527698,8.61647,;229.527698,8.66659,;229.527698,8.71672,;229.527698,8.76684,;229.527698,8.81695,;229.527698,8.86707,;229.527698,8.91719,;229.527698,8.96729,;229.527698,9.01741,;229.527698,9.06752,;229.527698,9.11761,;229.527698,9.16774,;229.527698,9.21786,;229.527698,9.26795,;229.527698,9.31803,;229.527698,9.3681,;229.527698,9.41823,;229.527698,9.46832,;229.527698,9.51844,;229.527698,9.56854,;229.527698,9.61867,;229.527698,9.66876,;229.527698,9.71888,;229.527698,9.76897,;229.527698,9.81908,;229.527698,9.8692,;229.527698,9.91928,;229.527698,9.96936,;229.527698,10.0195,;229.527698,10.0696,;
inf,0.0500929,;571.866065,0.100179,;521.703745,0.150267,;521.703745,0.200364,;521.703745,0.250446,;521.703745,0.300542,;521.703745,0.35065,;521.703745,0.400733,;521.703745,0.450854,;521.703745,0.500964,;521.703745,0.551076,;521.703745,0.601168,;521.703745,0.651249,;521.703745,0.701328,;521.703745,0.751444,;521.703745,0.801529,;521.703745,0.85164,;521.703745,0.901714,;521.703745,0.95179,;521.703745,1.00188,;521.703745,1.05196,;521.703745,1.10208,;521.703745,1.15215,;521.703745,1.20228,;521.703745,1.25236,;521.703745,1.30246,;521.703745,1.35255,;521.703745,1.40264,;473.807066,1.45272,;473.807066,1.50281,;473.807066,1.55293,;473.807066,1.60304,;473.807066,1.65312,;473.807066,1.70323,;473.807066,1.75334,;473.807066,1.80341,;473.807066,1.85352,;473.807066,1.90364,;473.807066,1.95375,;473.807066,2.00382,;415.173546,2.05397,;415.173546,2.10408,;415.173546,2.15419,;415.173546,2.20427,;415.173546,2.25437,;406.143944,2.30445,;406.143944,2.35456,;406.143944,2.40465,;406.143944,2.45477,;406.143944,2.50488,;406.143944,2.555,;385.737008,2.60511,;385.737008,2.6552,;383.220221,2.70532,;383.220221,2.75543,;383.220221,2.80555,;381.520760,2.85567,;308.360398,2.90579,;308.360398,2.95592,;308.360398,3.00603,;308.360398,3.05612,;308.360398,3.10623,;308.360398,3.15631,;303.874940,3.20642,;299.778986,3.25653,;299.778986,3.30665,;299.778986,3.35676,;299.186578,3.40688,;299.186578,3.45699,;299.186578,3.50711,;299.186578,3.55722,;299.186578,3.60734,;299.186578,3.65744,;299.186578,3.70752,;299.186578,3.75764,;299.186578,3.80776,;299.186578,3.85787,;299.186578,3.90792,;286.551032,3.95804,;286.551032,4.00816,;286.551032,4.05825,;286.551032,4.10837,;286.551032,4.1585,;286.551032,4.20862,;276.323512,4.25873,;276.323512,4.30885,;276.323512,4.35892,;276.323512,4.409,;276.323512,4.45908,;276.323512,4.50921,;276.323512,4.55929,;276.323512,4.60941,;276.323512,4.6595,;276.323512,4.7096,;276.323512,4.75969,;276.323512,4.80981,;276.323512,4.8599,;276.323512,4.90998,;276.323512,4.96006,;276.323512,5.01015,;276.323512,5.06026,;276.323512,5.11038,;276.323512,5.16046,;276.323512,5.21058,;276.323512,5.26067,;276.323512,5.31078,;276.323512,5.36087,;276.323512,5.41099,;276.323512,5.46111,;276.323512,5.51123,;276.323512,5.56135,;276.323512,5.61146,;276.323512,5.66158,;276.323512,5.7117,;276.323512,5.76181,;276.323512,5.81187,;276.323512,5.862,;276.323512,5.91208,;276.323512,5.96219,;276.323512,6.01229,;276.323512,6.06241,;276.323512,6.1125,;276.323512,6.16259,;276.323512,6.21268,;259.815395,6.26278,;259.815395,6.31286,;259.815395,6.36299,;259.815395,6.41307,;259.815395,6.46322,;259.815395,6.51332,;259.815395,6.56344,;259.815395,6.61356,;259.815395,6.66364,;259.815395,6.71373,;259.815395,6.76385,;259.815395,6.81397,;259.815395,6.86409,;259.815395,6.91421,;259.815395,6.96431,;259.815395,7.01439,;259.815395,7.06449,;259.815395,7.11458,;259.815395,7.16467,;259.815395,7.21479,;259.815395,7.26491,;259.815395,7.31499,;259.815395,7.36508,;259.815395,7.41517,;259.815395,7.46529,;259.815395,7.51537,;259.815395,7.56549,;259.815395,7.61558,;259.815395,7.6657,;259.815395,7.71581,;259.815395,7.76591,;259.815395,7.81599,;259.815395,7.86607,;259.815395,7.91616,;259.815395,7.96624,;259.815395,8.01633,;259.815395,8.06641,;259.815395,8.1165,;259.815395,8.1666,;259.815395,8.21668,;259.815395,8.2668,;259.815395,8.31689,;259.815395,8.36702,;259.815395,8.41712,;259.815395,8.4672,;259.815395,8.5173,;259.815395,8.56743,;259.815395,8.61751,;259.815395,8.66763,;259.815395,8.71775,;259.815395,8.76787,;259.815395,8.81799,;259.815395,8.86807,;259.815395,8.91819,;259.815395,8.96832,;259.815395,9.01844,;259.815395,9.06857,;248.440032,9.11867,;248.440032,9.16877,;248.440032,9.21886,;248.440032,9.26899,;248.440032,9.31907,;248.440032,9.36916,;248.440032,9.41925,;248.440032,9.46934,;248.440032,9.51946,;248.440032,9.56954,;248.440032,9.61962,;248.440032,9.66971,;248.440032,9.71983,;248.440032,9.76994,;248.440032,9.82002,;248.440032,9.87011,;248.440032,9.92019,;248.373042,9.9703,;248.373042,10.0204,;
inf,0.0500978,;inf,0.100208,;inf,0.150321,;815.007654,0.200404,;815.007654,0.250523,;815.007654,0.300602,;815.007654,0.350749,;806.698376,0.400863,;786.514261,0.450974,;786.514261,0.501084,;786.514261,0.551157,;786.514261,0.601271,;786.514261,0.651381,;786.514261,0.701484,;786.514261,0.751602,;786.514261,0.801692,;786.514261,0.851766,;777.069239,0.901882,;758.230639,0.952006,;758.230639,1.00212,;758.230639,1.0522,;758.230639,1.10232,;758.230639,1.1524,;701.874585,1.20248,;701.874585,1.2526,;701.874585,1.30268,;701.874585,1.35281,;701.874585,1.4029,;701.874585,1.45298,;674.463897,1.50306,;674.463897,1.55317,;674.463897,1.60325,;674.463897,1.65332,;674.463897,1.7034,;674.463897,1.75349,;674.463897,1.80357,;667.406357,1.85368,;667.406357,1.90376,;667.406357,1.95384,;321.795166,2.00396,;321.795166,2.05404,;321.795166,2.10417,;321.795166,2.15424,;321.795166,2.20436,;321.795166,2.25447,;321.795166,2.30459,;321.795166,2.35467,;288.534678,2.40479,;288.534678,2.4549,;288.534678,2.50501,;273.818642,2.55516,;273.818642,2.60528,;273.818642,2.6554,;273.818642,2.70549,;264.721273,2.75558,;264.721273,2.80567,;264.721273,2.85575,;264.721273,2.90584,;264.721273,2.95593,;264.721273,3.00601,;264.721273,3.05609,;264.721273,3.10618,;264.721273,3.15627,;264.721273,3.20636,;264.721273,3.25645,;264.721273,3.30654,;264.721273,3.35661,;264.721273,3.40669,;264.721273,3.45683,;264.721273,3.50695,;264.721273,3.55703,;264.721273,3.60715,;264.721273,3.65723,;264.721273,3.70731,;264.721273,3.75739,;264.721273,3.80747,;264.721273,3.85756,;264.721273,3.90765,;237.326068,3.95774,;237.326068,4.00786,;237.326068,4.05795,;237.326068,4.10806,;237.326068,4.15819,;237.326068,4.20827,;237.326068,4.25836,;237.326068,4.30845,;237.326068,4.35854,;237.326068,4.40866,;237.326068,4.45878,;237.326068,4.5089,;237.326068,4.55898,;237.326068,4.60904,;237.326068,4.65912,;237.326068,4.70921,;237.326068,4.75938,;237.326068,4.80954,;237.326068,4.85966,;237.326068,4.90978,;237.326068,4.95986,;237.326068,5.00997,;237.326068,5.06009,;237.326068,5.11021,;237.326068,5.16033,;237.326068,5.21045,;237.326068,5.26057,;237.326068,5.31066,;237.326068,5.36078,;237.326068,5.4109,;237.326068,5.46101,;237.326068,5.5111,;237.326068,5.56126,;237.326068,5.61135,;237.326068,5.66143,;237.326068,5.71151,;237.326068,5.76161,;237.326068,5.81169,;237.326068,5.86178,;237.326068,5.9119,;237.326068,5.96197,;237.326068,6.01209,;237.326068,6.06216,;237.326068,6.11225,;237.326068,6.16233,;237.326068,6.21243,;237.326068,6.26251,;237.326068,6.31258,;237.326068,6.36267,;237.326068,6.41275,;237.326068,6.46291,;237.326068,6.51303,;237.326068,6.56314,;237.326068,6.61326,;237.326068,6.66334,;237.326068,6.71345,;237.326068,6.76356,;237.326068,6.81368,;237.326068,6.86379,;237.326068,6.91391,;237.326068,6.96403,;237.326068,7.01411,;237.326068,7.0642,;237.326068,7.11429,;237.326068,7.16441,;237.326068,7.2145,;231.042737,7.2646,;231.042737,7.31469,;231.042737,7.36481,;231.042737,7.41492,;231.042737,7.465,;231.042737,7.51511,;231.042737,7.56523,;231.042737,7.61532,;231.042737,7.66544,;231.042737,7.71557,;231.042737,7.76568,;231.042737,7.8158,;231.042737,7.86593,;231.042737,7.91604,;231.042737,7.96613,;231.042737,8.01624,;231.042737,8.06636,;231.042737,8.11649,;231.042737,8.16658,;231.042737,8.2167,;231.042737,8.26679,;231.042737,8.31689,;231.042737,8.367,;231.042737,8.41712,;231.042737,8.46724,;231.042737,8.51736,;231.042737,8.56748,;231.042737,8.6176,;231.042737,8.66771,;231.042737,8.71783,;231.042737,8.76795,;231.042737,8.81806,;231.042737,8.86818,;231.042737,8.91829,;231.042737,8.96838,;231.042737,9.01848,;231.042737,9.06857,;231.042737,9.11866,;231.042737,9.16877,;231.042737,9.2189,;231.042737,9.26898,;231.042737,9.31907,;231.042737,9.36919,;231.042737,9.4193,;231.042737,9.46938,;231.042737,9.51947,;231.042737,9.56956,;231.042737,9.61964,;231.042737,9.66973,;231.042737,9.71982,;231.042737,9.76991,;231.042737,9.82,;231.042737,9.87007,;231.042737,9.92015,;231.042737,9.97024,;231.042737,10.0203,;
543.616002,0.050066,;543.616002,0.100185,;543.616002,0.150294,;543.616002,0.200418,;530.716660,0.250496,;530.716660,0.300574,;530.716660,0.350671,;530.716660,0.400794,;530.716660,0.450911,;529.601000,0.500993,;529.601000,0.551108,;529.601000,0.601187,;529.601000,0.651308,;529.601000,0.701383,;529.601000,0.751467,;529.601000,0.801554,;529.601000,0.851664,;529.601000,0.90176,;353.433464,0.951877,;353.433464,1.00196,;336.621870,1.05204,;336.621870,1.10217,;336.621870,1.15225,;336.621870,1.20232,;336.621870,1.25241,;336.621870,1.30248,;336.621870,1.35255,;336.621870,1.40263,;327.878545,1.45271,;312.505381,1.50279,;312.505381,1.55286,;312.505381,1.60293,;270.573574,1.65301,;270.573574,1.70308,;270.573574,1.75316,;270.573574,1.80323,;270.573574,1.85331,;270.573574,1.90338,;270.573574,1.95346,;270.573574,2.00354,;270.573574,2.05361,;270.573574,2.10369,;270.573574,2.15376,;270.573574,2.20387,;270.573574,2.25395,;270.573574,2.30403,;264.429755,2.35411,;264.429755,2.40419,;264.429755,2.45428,;264.429755,2.50436,;263.233769,2.55445,;263.233769,2.60457,;263.233769,2.65469,;263.233769,2.70478,;263.233769,2.75491,;263.233769,2.80502,;263.233769,2.85514,;263.233769,2.90526,;263.233769,2.95537,;263.233769,3.00545,;263.233769,3.05554,;263.233769,3.10562,;263.233769,3.15571,;263.233769,3.20579,;263.233769,3.25587,;263.233769,3.30597,;263.233769,3.35609,;263.233769,3.40618,;263.233769,3.45629,;263.233769,3.50639,;263.233769,3.55651,;263.233769,3.6066,;239.889480,3.65673,;239.889480,3.70687,;239.889480,3.75699,;239.889480,3.8071,;239.889480,3.85722,;239.889480,3.90734,;239.889480,3.95746,;239.889480,4.00758,;239.889480,4.05769,;239.889480,4.10781,;239.889480,4.15794,;239.889480,4.20805,;239.889480,4.25817,;239.889480,4.30827,;239.889480,4.35835,;239.889480,4.40845,;239.889480,4.45856,;239.889480,4.50867,;239.889480,4.55876,;239.889480,4.60888,;239.889480,4.65896,;239.889480,4.70908,;239.889480,4.75917,;239.889480,4.80926,;239.889480,4.85935,;239.889480,4.90942,;239.685693,4.9595,;239.685693,5.00963,;239.685693,5.05973,;239.685693,5.10983,;239.685693,5.15991,;239.685693,5.21,;239.685693,5.26012,;239.685693,5.31026,;239.685693,5.36038,;239.685693,5.41047,;239.685693,5.46057,;239.685693,5.51067,;239.685693,5.56079,;239.685693,5.61087,;239.685693,5.66098,;239.685693,5.71106,;239.685693,5.76115,;239.685693,5.81123,;239.685693,5.8613,;239.685693,5.91138,;239.685693,5.96146,;239.685693,6.01158,;239.685693,6.06167,;239.685693,6.1118,;239.685693,6.16189,;239.685693,6.21201,;239.685693,6.26209,;239.685693,6.3122,;239.685693,6.36232,;239.685693,6.41244,;239.685693,6.46253,;239.685693,6.51268,;239.685693,6.5628,;239.685693,6.61292,;236.644439,6.66304,;236.644439,6.71315,;236.644439,6.76326,;236.644439,6.81334,;236.644439,6.86343,;236.644439,6.91351,;236.644439,6.96363,;236.644439,7.01373,;236.644439,7.06382,;236.644439,7.11392,;236.644439,7.16402,;236.644439,7.21413,;236.644439,7.26425,;236.644439,7.31436,;232.890559,7.36448,;232.890559,7.41459,;232.890559,7.46471,;232.890559,7.51479,;232.890559,7.56489,;232.890559,7.61497,;232.890559,7.66506,;232.890559,7.71515,;232.890559,7.76524,;232.890559,7.81534,;232.890559,7.86541,;232.890559,7.91551,;232.890559,7.9656,;232.890559,8.01572,;232.890559,8.06581,;232.890559,8.11592,;232.890559,8.166,;232.890559,8.21612,;232.890559,8.26624,;232.890559,8.31637,;232.890559,8.36646,;232.890559,8.41655,;232.890559,8.46667,;232.890559,8.5168,;232.890559,8.56691,;232.890559,8.61699,;232.890559,8.66708,;232.890559,8.7172,;232.890559,8.7673,;232.890559,8.81737,;232.890559,8.86749,;232.890559,8.91759,;232.890559,8.96772,;232.890559,9.01781,;232.890559,9.06792,;232.890559,9.11802,;231.922439,9.16814,;231.922439,9.21822,;231.922439,9.26836,;231.922439,9.31844,;231.922439,9.36856,;231.922439,9.41864,;231.922439,9.46875,;231.922439,9.51883,;231.922439,9.56892,;231.922439,9.61901,;231.922439,9.66913,;231.922439,9.71925,;231.922439,9.76933,;231.922439,9.81944,;231.922439,9.86952,;231.922439,9.9196,;231.922439,9.96969,;231.922439,10.0198,;
inf,0.0500666,;inf,0.100146,;473.114879,0.150258,;473.114879,0.200348,;473.114879,0.250451,;473.114879,0.300569,;473.114879,0.35068,;406.401212,0.40079,;406.401212,0.450852,;384.740619,0.500962,;384.740619,0.551036,;384.740619,0.601144,;384.740619,0.651235,;384.740619,0.701346,;384.740619,0.751437,;384.740619,0.801547,;384.740619,0.851641,;384.740619,0.901756,;384.740619,0.951866,;384.740619,1.00197,;384.740619,1.05209,;384.740619,1.1022,;384.740619,1.15231,;384.740619,1.2024,;384.740619,1.25252,;384.740619,1.30263,;384.740619,1.35275,;379.649429,1.40286,;379.649429,1.45298,;379.649429,1.50306,;379.649429,1.55318,;379.649429,1.60325,;379.649429,1.65336,;379.649429,1.70344,;379.649429,1.75353,;379.649429,1.80361,;379.649429,1.8537,;379.649429,1.90381,;379.649429,1.95389,;372.923729,2.00397,;372.923729,2.05409,;372.923729,2.1042,;372.923729,2.15429,;372.923729,2.20437,;372.923729,2.25448,;372.923729,2.30464,;372.923729,2.35475,;372.923729,2.40486,;372.923729,2.45493,;372.923729,2.50504,;372.923729,2.55513,;372.923729,2.60525,;372.923729,2.65534,;372.923729,2.70542,;372.923729,2.75551,;372.923729,2.80562,;372.923729,2.8557,;372.923729,2.90582,;372.923729,2.95592,;372.923729,3.00603,;372.923729,3.05612,;372.923729,3.10622,;372.923729,3.15633,;372.923729,3.20644,;292.924311,3.25657,;292.924311,3.30669,;292.924311,3.35681,;292.924311,3.40685,;292.924311,3.45693,;292.924311,3.50701,;292.924311,3.55713,;292.924311,3.60723,;292.924311,3.6573,;292.924311,3.70738,;292.924311,3.75746,;292.924311,3.80755,;292.924311,3.85763,;292.924311,3.90772,;292.924311,3.95783,;292.924311,4.00793,;287.004477,4.05804,;287.004477,4.10815,;287.004477,4.15827,;287.004477,4.20839,;287.004477,4.25852,;287.004477,4.3086,;266.180377,4.35872,;266.180377,4.40885,;266.180377,4.45893,;266.180377,4.50902,;266.180377,4.55912,;266.180377,4.60924,;266.180377,4.65936,;266.180377,4.70946,;266.180377,4.75955,;266.180377,4.80967,;266.180377,4.85979,;266.180377,4.90991,;266.180377,4.96003,;266.180377,5.01015,;266.180377,5.06025,;266.180377,5.11424,;266.180377,5.16435,;266.180377,5.21444,;266.180377,5.26454,;266.180377,5.31463,;266.180377,5.36472,;266.180377,5.41481,;266.180377,5.4649,;266.180377,5.51499,;266.180377,5.56508,;266.180377,5.61518,;266.180377,5.66527,;266.180377,5.71536,;266.180377,5.76545,;266.180377,5.81553,;266.180377,5.86562,;266.180377,5.91572,;266.180377,5.96581,;266.180377,6.0159,;266.180377,6.066,;266.180377,6.11609,;264.621902,6.16617,;264.621902,6.21627,;264.621902,6.26637,;261.772848,6.31646,;261.772848,6.36654,;261.772848,6.41663,;261.772848,6.46672,;261.772848,6.51681,;261.772848,6.5669,;261.772848,6.61699,;261.772848,6.66707,;261.772848,6.71716,;261.772848,6.76725,;261.772848,6.81734,;261.772848,6.86742,;261.772848,6.91751,;261.772848,6.96761,;261.772848,7.0177,;261.772848,7.06779,;261.772848,7.11792,;255.485457,7.16802,;255.485457,7.21811,;255.485457,7.2682,;255.485457,7.31829,;255.485457,7.36839,;255.485457,7.41847,;255.485457,7.46856,;248.295781,7.51868,;248.295781,7.56876,;248.295781,7.61882,;248.295781,7.6689,;248.295781,7.71897,;248.295781,7.76906,;248.295781,7.81917,;248.295781,7.86923,;248.295781,7.91931,;248.295781,7.9694,;248.295781,8.01948,;247.006710,8.06957,;247.006710,8.11967,;247.006710,8.16976,;247.006710,8.21985,;247.006710,8.26993,;247.006710,8.32002,;247.006710,8.37011,;247.006710,8.42019,;247.006710,8.47029,;242.341558,8.52037,;242.341558,8.57046,;242.341558,8.62055,;242.341558,8.67064,;242.341558,8.72073,;242.341558,8.77081,;242.341558,8.8209,;242.341558,8.87099,;242.341558,8.92107,;242.341558,8.97117,;242.341558,9.02124,;242.341558,9.07132,;242.341558,9.12141,;242.341558,9.1715,;242.341558,9.22162,;242.341558,9.2717,;242.341558,9.32181,;242.341558,9.3719,;242.341558,9.42202,;242.341558,9.4721,;242.341558,9.5222,;242.341558,9.57232,;242.341558,9.62244,;242.341558,9.67257,;242.341558,9.72269,;242.341558,9.7728,;242.341558,9.82285,;242.341558,9.87297,;242.341558,9.92309,;242.341558,9.97321,;242.341558,10.0233,;
inf,0.0500654,;1028.539795,0.100152,;1016.238994,0.150243,;1016.238994,0.200328,;966.905234,0.250416,;966.905234,0.300499,;947.778862,0.350586,;947.778862,0.400675,;604.380108,0.450761,;592.675350,0.500858,;592.675350,0.550957,;504.480159,0.601051,;504.480159,0.651134,;504.480159,0.701224,;504.480159,0.751309,;504.480159,0.801395,;504.480159,0.851472,;504.480159,0.901548,;504.480159,0.951588,;504.480159,1.00167,;504.480159,1.05175,;317.374067,1.10186,;317.374067,1.15194,;306.439165,1.20206,;306.439165,1.25214,;306.439165,1.30226,;306.439165,1.35234,;306.439165,1.40243,;306.439165,1.45252,;306.439165,1.50263,;306.439165,1.5527,;306.439165,1.60282,;306.439165,1.65293,;306.439165,1.703,;290.166368,1.75312,;290.166368,1.80319,;290.166368,1.85331,;290.166368,1.90342,;290.166368,1.95353,;290.166368,2.00358,;290.166368,2.05365,;290.166368,2.10372,;290.166368,2.15384,;290.166368,2.20395,;290.166368,2.25407,;290.166368,2.30415,;290.166368,2.35427,;290.166368,2.40436,;290.166368,2.45445,;290.166368,2.50456,;290.166368,2.55465,;280.826589,2.60473,;280.826589,2.65484,;280.826589,2.70495,;280.826589,2.75505,;280.826589,2.80516,;280.826589,2.85523,;280.826589,2.90534,;280.826589,2.95546,;280.826589,3.00554,;280.826589,3.05559,;249.102600,3.10572,;249.102600,3.1558,;249.102600,3.20591,;249.102600,3.256,;249.102600,3.30613,;249.102600,3.35622,;249.102600,3.40633,;249.102600,3.45641,;249.102600,3.50649,;249.102600,3.55657,;249.102600,3.60668,;249.102600,3.65676,;249.102600,3.70689,;249.102600,3.75697,;249.102600,3.80709,;249.102600,3.85719,;249.102600,3.9073,;249.102600,3.95741,;249.102600,4.00754,;249.102600,4.05765,;249.102600,4.10772,;249.102600,4.15781,;249.102600,4.2079,;249.102600,4.25799,;249.102600,4.30808,;249.102600,4.35821,;249.102600,4.40833,;249.102600,4.45843,;249.102600,4.50852,;249.102600,4.55859,;249.102600,4.60868,;249.102600,4.65879,;249.102600,4.70891,;249.102600,4.75902,;249.102600,4.80915,;249.102600,4.85928,;249.102600,4.90939,;249.102600,4.9595,;249.102600,5.00962,;249.102600,5.0597,;249.102600,5.1098,;249.102600,5.15989,;249.102600,5.21,;249.102600,5.2601,;249.102600,5.31022,;249.102600,5.36031,;249.102600,5.4104,;249.102600,5.46049,;249.102600,5.5106,;249.102600,5.56067,;249.102600,5.61079,;249.102600,5.66087,;249.102600,5.711,;249.102600,5.76109,;249.102600,5.8112,;249.102600,5.86128,;249.102600,5.91137,;249.102600,5.96145,;249.102600,6.01154,;249.102600,6.06163,;249.102600,6.1117,;249.102600,6.16181,;249.102600,6.21189,;249.102600,6.262,;249.102600,6.31209,;249.102600,6.36221,;249.102600,6.4123,;249.102600,6.46241,;249.102600,6.51253,;249.102600,6.56264,;249.102600,6.61272,;249.102600,6.66283,;249.102600,6.71292,;249.102600,6.76301,;249.102600,6.81309,;249.102600,6.86318,;249.102600,6.91329,;249.102600,6.9634,;249.102600,7.01351,;249.102600,7.0636,;249.102600,7.11371,;249.102600,7.16379,;249.102600,7.2139,;249.102600,7.26399,;249.102600,7.3141,;249.102600,7.36419,;249.102600,7.41428,;249.102600,7.46437,;249.102600,7.51449,;240.468475,7.56458,;240.468475,7.61469,;240.468475,7.66481,;240.468475,7.71492,;240.468475,7.76499,;240.468475,7.81511,;240.468475,7.86523,;240.468475,7.91534,;240.468475,7.96542,;240.468475,8.01554,;240.468475,8.06565,;240.468475,8.11572,;240.468475,8.16584,;240.468475,8.21593,;240.468475,8.26605,;240.468475,8.31613,;240.468475,8.36625,;240.468475,8.41634,;240.468475,8.46645,;240.468475,8.51654,;240.468475,8.56665,;240.468475,8.61674,;240.468475,8.66682,;240.468475,8.71693,;240.468475,8.76702,;240.468475,8.81713,;240.468475,8.86723,;240.468475,8.91736,;240.468475,8.96747,;240.468475,9.01758,;240.468475,9.06766,;240.468475,9.11777,;240.468475,9.16786,;240.468475,9.21798,;240.468475,9.26806,;240.468475,9.31818,;240.468475,9.36827,;240.468475,9.41839,;240.468475,9.46848,;240.468475,9.51859,;240.468475,9.56867,;240.468475,9.6188,;240.468475,9.66891,;240.468475,9.71899,;240.468475,9.76908,;240.468475,9.81919,;240.468475,9.86927,;240.468475,9.91936,;240.468475,9.96944,;240.468475,10.0196,;
inf,0.0500587,;530.794846,0.100153,;504.044859,0.150237,;504.044859,0.200373,;504.044859,0.250445,;504.044859,0.300559,;445.964429,0.35063,;445.964429,0.400703,;445.964429,0.450777,;445.964429,0.500876,;340.247299,0.550967,;340.247299,0.601055,;340.247299,0.651142,;340.247299,0.70122,;340.247299,0.75133,;340.247299,0.8014,;340.247299,0.851485,;340.247299,0.901575,;340.247299,0.95169,;340.247299,1.00177,;340.247299,1.05187,;340.247299,1.10196,;340.247299,1.15205,;340.247299,1.20214,;340.247299,1.25225,;340.247299,1.30235,;340.247299,1.35246,;340.247299,1.40254,;340.247299,1.45262,;340.247299,1.50271,;340.247299,1.55279,;340.247299,1.60287,;336.187237,1.65295,;336.187237,1.70303,;336.187237,1.75314,;336.187237,1.80322,;336.187237,1.85334,;336.187237,1.90346,;336.187237,1.95356,;336.187237,2.00368,;336.187237,2.05376,;336.187237,2.10389,;336.187237,2.15396,;336.187237,2.20404,;336.187237,2.25412,;336.187237,2.30421,;336.187237,2.35428,;336.187237,2.4044,;336.187237,2.45456,;336.187237,2.50463,;336.187237,2.55472,;336.187237,2.60481,;336.187237,2.65489,;336.187237,2.70497,;336.187237,2.75507,;336.187237,2.80517,;336.187237,2.85526,;336.187237,2.90535,;336.187237,2.95545,;336.187237,3.00554,;336.187237,3.05563,;313.858188,3.10571,;313.858188,3.15579,;313.858188,3.20587,;313.858188,3.25599,;313.858188,3.30607,;313.858188,3.35615,;262.442560,3.40623,;262.442560,3.45632,;262.442560,3.50642,;262.442560,3.55651,;262.442560,3.60659,;262.442560,3.6567,;262.442560,3.70679,;262.442560,3.75688,;262.442560,3.807,;262.442560,3.85711,;262.442560,3.90723,;262.442560,3.95731,;262.442560,4.00743,;262.442560,4.05755,;262.442560,4.10766,;262.442560,4.15778,;262.442560,4.20789,;262.442560,4.25797,;262.442560,4.30808,;262.442560,4.35816,;262.442560,4.40826,;262.442560,4.45836,;262.442560,4.50844,;262.442560,4.55854,;262.442560,4.60863,;262.442560,4.65871,;262.442560,4.70883,;262.442560,4.75895,;262.442560,4.80903,;262.442560,4.85912,;262.442560,4.90924,;262.442560,4.95935,;262.442560,5.00944,;262.442560,5.05954,;262.442560,5.10962,;262.442560,5.15971,;262.442560,5.2098,;262.442560,5.25989,;262.442560,5.30997,;262.442560,5.36006,;262.442560,5.41018,;262.442560,5.46031,;262.442560,5.51039,;262.442560,5.56048,;262.442560,5.6106,;262.442560,5.66069,;254.008537,5.71077,;254.008537,5.76089,;254.008537,5.811,;254.008537,5.86111,;254.008537,5.9112,;254.008537,5.96133,;254.008537,6.01142,;254.008537,6.0615,;254.008537,6.11162,;254.008537,6.16172,;254.008537,6.21182,;254.008537,6.2619,;254.008537,6.31199,;254.008537,6.36208,;245.818398,6.41217,;245.818398,6.46225,;245.818398,6.51234,;245.818398,6.56243,;245.818398,6.61255,;245.818398,6.66265,;245.818398,6.71273,;245.818398,6.76282,;245.818398,6.8129,;245.818398,6.86298,;245.818398,6.91311,;245.818398,6.9632,;245.818398,7.01329,;245.818398,7.06339,;245.818398,7.11348,;245.818398,7.16358,;245.818398,7.21367,;245.818398,7.26376,;245.818398,7.31384,;245.818398,7.36393,;245.818398,7.41402,;245.818398,7.46416,;245.818398,7.51424,;245.818398,7.56433,;245.818398,7.61442,;245.818398,7.66453,;245.818398,7.71463,;245.818398,7.76475,;245.818398,7.81484,;245.818398,7.86492,;245.818398,7.91501,;245.818398,7.9651,;245.818398,8.01519,;245.818398,8.06528,;245.818398,8.11537,;245.818398,8.16546,;245.818398,8.21554,;245.818398,8.26562,;245.818398,8.31572,;245.818398,8.36578,;245.818398,8.4159,;245.818398,8.46599,;245.818398,8.5161,;245.818398,8.5662,;245.818398,8.61632,;245.818398,8.66642,;245.818398,8.71653,;245.818398,8.76662,;245.818398,8.81674,;245.818398,8.86687,;245.818398,8.91695,;245.818398,8.96705,;245.818398,9.01714,;245.818398,9.06726,;245.818398,9.11736,;245.818398,9.1675,;245.818398,9.21762,;245.818398,9.26774,;245.818398,9.31781,;245.818398,9.36793,;245.818398,9.41801,;245.818398,9.46813,;245.818398,9.51821,;245.818398,9.56833,;245.818398,9.61842,;245.818398,9.66852,;245.818398,9.71862,;245.818398,9.76875,;245.818398,9.81884,;245.818398,9.86895,;245.818398,9.91902,;245.818398,9.96915,;245.818398,10.0192,;
inf,0.0500929,;inf,0.100187,;692.696850,0.150279,;692.696850,0.20037,;582.570894,0.250485,;582.570894,0.300574,;582.570894,0.350686,;582.570894,0.40078,;564.032707,0.450935,;564.032707,0.501018,;564.032707,0.5511,;564.032707,0.601214,;564.032707,0.65133,;564.032707,0.701444,;564.032707,0.751561,;564.032707,0.801673,;564.032707,0.851753,;564.032707,0.901836,;564.032707,0.951919,;564.032707,1.00199,;564.032707,1.05207,;564.032707,1.10215,;564.032707,1.15223,;564.032707,1.20231,;564.032707,1.25244,;564.032707,1.30253,;564.032707,1.35261,;564.032707,1.40273,;564.032707,1.45282,;368.258396,1.50294,;368.258396,1.55301,;368.258396,1.60314,;368.258396,1.65324,;335.107810,1.70333,;335.107810,1.75343,;335.107810,1.80355,;335.107810,1.85364,;335.107810,1.90372,;335.107810,1.95384,;329.990773,2.00392,;329.990773,2.05401,;329.990773,2.10411,;329.990773,2.15421,;329.990773,2.20431,;329.990773,2.25443,;329.990773,2.30455,;329.990773,2.35467,;329.990773,2.40479,;329.990773,2.45491,;329.990773,2.50502,;329.990773,2.55514,;326.214125,2.60522,;326.214125,2.65534,;326.214125,2.70547,;326.214125,2.7556,;326.214125,2.80573,;326.214125,2.85581,;326.214125,2.90593,;326.214125,2.95603,;326.214125,3.00613,;326.214125,3.05623,;326.214125,3.10635,;326.214125,3.15644,;326.214125,3.20656,;326.214125,3.25668,;326.214125,3.30679,;322.943817,3.3569,;322.943817,3.40701,;322.943817,3.45709,;316.859067,3.50718,;316.859067,3.5573,;316.859067,3.60742,;316.859067,3.65751,;316.859067,3.70763,;316.859067,3.75776,;316.859067,3.80788,;316.859067,3.858,;316.859067,3.9081,;316.859067,3.9582,;316.859067,4.0083,;316.859067,4.05841,;316.859067,4.10851,;316.859067,4.15863,;316.859067,4.20873,;316.859067,4.25885,;316.859067,4.30896,;292.774250,4.35908,;292.774250,4.40922,;292.774250,4.45931,;292.774250,4.50943,;292.774250,4.55954,;292.774250,4.60966,;263.550154,4.65974,;263.550154,4.70986,;263.550154,4.75997,;236.874737,4.81007,;236.874737,4.86013,;236.874737,4.91024,;236.874737,4.96036,;236.874737,5.01048,;236.874737,5.06058,;236.874737,5.1107,;236.874737,5.16079,;236.874737,5.21091,;236.874737,5.26103,;236.874737,5.31115,;236.874737,5.36127,;236.874737,5.41139,;236.874737,5.4615,;236.874737,5.51162,;236.874737,5.56174,;236.874737,5.61186,;236.874737,5.66199,;236.874737,5.71209,;236.874737,5.76217,;229.111377,5.81227,;229.111377,5.86237,;229.111377,5.91249,;229.111377,5.96261,;229.111377,6.0127,;229.111377,6.06283,;229.111377,6.11293,;229.111377,6.16305,;229.111377,6.21313,;229.111377,6.26325,;229.111377,6.31336,;229.111377,6.36348,;229.111377,6.41359,;229.111377,6.4637,;229.111377,6.51378,;229.111377,6.56387,;229.111377,6.61394,;229.111377,6.66404,;229.111377,6.71413,;229.111377,6.76424,;229.111377,6.81435,;229.111377,6.86444,;229.111377,6.91456,;229.111377,6.96468,;229.111377,7.0148,;229.111377,7.06489,;229.111377,7.11502,;229.111377,7.16511,;229.111377,7.21519,;229.111377,7.26528,;229.111377,7.31539,;229.111377,7.36548,;229.111377,7.4156,;229.111377,7.46569,;229.111377,7.51578,;229.111377,7.56586,;229.111377,7.61594,;229.111377,7.66605,;229.111377,7.71615,;229.111377,7.76623,;229.111377,7.81632,;229.111377,7.86643,;229.111377,7.91655,;229.111377,7.96663,;229.111377,8.01672,;229.111377,8.06681,;229.111377,8.11693,;229.111377,8.16702,;229.111377,8.21714,;229.111377,8.26722,;229.111377,8.31731,;229.111377,8.36741,;229.111377,8.41749,;229.111377,8.46758,;229.111377,8.51766,;229.111377,8.56774,;229.111377,8.61786,;229.111377,8.66798,;229.111377,8.71809,;229.111377,8.76819,;229.111377,8.81827,;229.111377,8.86836,;229.111377,8.91843,;229.111377,8.96856,;229.111377,9.01867,;229.111377,9.06876,;229.111377,9.11884,;229.111377,9.16893,;229.111377,9.21901,;229.111377,9.26909,;229.111377,9.31919,;229.111377,9.36927,;229.111377,9.41935,;229.111377,9.46944,;229.111377,9.51953,;229.111377,9.56962,;229.111377,9.61969,;229.111377,9.66978,;229.111377,9.71987,;229.111377,9.76996,;229.111377,9.82005,;229.111377,9.87017,;228.221068,9.92026,;226.530824,9.97034,;224.038701,10.0204,;224.038701,10.0705,;
831.319449,0.0500666,;831.319449,0.100144,;365.353674,0.150233,;365.353674,0.200322,;365.353674,0.250419,;365.353674,0.300507,;365.353674,0.350596,;365.269494,0.400693,;365.269494,0.450772,;365.269494,0.500855,;365.269494,0.550944,;365.269494,0.601032,;365.269494,0.651122,;365.269494,0.701212,;365.269494,0.7513,;365.269494,0.801386,;365.269494,0.851485,;365.269494,0.901577,;361.668277,0.951669,;351.457589,1.00176,;348.944956,1.05188,;348.944956,1.10196,;348.944956,1.15205,;348.944956,1.20214,;348.944956,1.25223,;348.944956,1.30233,;348.944956,1.35244,;348.944956,1.40263,;348.944956,1.45277,;348.944956,1.50285,;348.944956,1.55296,;348.944956,1.60303,;348.944956,1.65312,;348.944956,1.70321,;281.378749,1.75331,;281.378749,1.80341,;281.378749,1.85349,;281.378749,1.90358,;254.705416,1.95371,;254.705416,2.0038,;254.705416,2.05392,;254.705416,2.10404,;254.705416,2.15411,;254.705416,2.20423,;254.705416,2.25434,;254.705416,2.30448,;254.705416,2.35459,;254.705416,2.40472,;254.705416,2.4548,;254.705416,2.50491,;254.705416,2.555,;254.705416,2.60512,;254.705416,2.65522,;254.705416,2.70534,;254.705416,2.75544,;248.128453,2.80557,;248.128453,2.85566,;248.128453,2.90578,;226.632602,2.95587,;226.632602,3.00598,;226.632602,3.05611,;226.632602,3.10623,;226.632602,3.15635,;226.632602,3.20647,;226.632602,3.25658,;226.632602,3.30667,;226.632602,3.3568,;226.632602,3.40688,;226.632602,3.457,;226.632602,3.50708,;226.632602,3.55721,;226.632602,3.60731,;226.632602,3.6574,;226.632602,3.70751,;226.632602,3.75763,;226.632602,3.80773,;226.632602,3.85785,;226.632602,3.90798,;226.632602,3.95811,;226.632602,4.00823,;226.632602,4.05833,;226.632602,4.10845,;226.632602,4.15857,;226.632602,4.20866,;226.632602,4.25874,;226.632602,4.30883,;226.632602,4.35891,;226.632602,4.40904,;226.632602,4.45916,;226.632602,4.50926,;226.632602,4.55936,;226.632602,4.60949,;226.632602,4.65958,;226.632602,4.70971,;226.632602,4.75981,;226.632602,4.80991,;226.632602,4.86,;226.632602,4.91012,;226.632602,4.96022,;226.632602,5.01032,;226.632602,5.06041,;226.632602,5.11053,;226.632602,5.16062,;226.632602,5.21066,;226.632602,5.26078,;226.632602,5.31086,;226.632602,5.36098,;226.632602,5.41107,;226.632602,5.4612,;226.632602,5.51132,;226.632602,5.56142,;226.632602,5.61152,;226.632602,5.66164,;226.632602,5.71174,;226.632602,5.76184,;226.632602,5.81193,;226.632602,5.86205,;226.632602,5.91217,;226.632602,5.96228,;226.632602,6.01237,;226.632602,6.0625,;226.632602,6.11259,;226.632602,6.16268,;226.632602,6.21277,;226.632602,6.26286,;226.632602,6.31298,;226.632602,6.36307,;226.632602,6.41316,;226.632602,6.46325,;226.632602,6.51342,;226.632602,6.56354,;226.632602,6.61365,;226.632602,6.66374,;226.632602,6.71386,;226.632602,6.76398,;226.632602,6.81406,;226.632602,6.86416,;226.632602,6.91426,;226.632602,6.96438,;226.632602,7.0145,;226.632602,7.06462,;226.632602,7.11466,;226.632602,7.16478,;226.632602,7.21487,;226.632602,7.26495,;226.632602,7.31506,;226.632602,7.36515,;226.632602,7.41525,;226.632602,7.46538,;226.632602,7.51547,;226.632602,7.56559,;226.632602,7.61569,;226.632602,7.66581,;226.632602,7.71589,;226.632602,7.76598,;226.632602,7.81607,;226.632602,7.86616,;226.632602,7.91624,;226.632602,7.96634,;226.632602,8.01646,;226.632602,8.06658,;226.632602,8.11669,;226.632602,8.16677,;226.632602,8.21689,;226.632602,8.26699,;226.632602,8.31708,;226.632602,8.36716,;226.632602,8.41725,;226.632602,8.46734,;226.632602,8.51742,;226.632602,8.5675,;226.632602,8.61762,;226.632602,8.66772,;226.632602,8.71784,;226.632602,8.76793,;226.632602,8.81802,;226.632602,8.86813,;226.632602,8.91825,;226.632602,8.96841,;226.632602,9.01853,;226.632602,9.06866,;226.632602,9.11874,;226.632602,9.16882,;226.632602,9.2189,;226.632602,9.26902,;226.632602,9.31914,;226.632602,9.36926,;226.632602,9.41938,;226.632602,9.4695,;226.632602,9.51959,;226.632602,9.5697,;226.632602,9.61982,;226.632602,9.66995,;226.632602,9.72004,;226.632602,9.77016,;226.632602,9.82026,;226.632602,9.87038,;226.632602,9.92048,;226.632602,9.9706,;226.632602,10.0207,;
inf,0.0500587,;552.480284,0.100171,;552.480284,0.150245,;552.480284,0.200336,;552.480284,0.25041,;552.480284,0.300522,;552.480284,0.350633,;552.480284,0.400745,;552.480284,0.450833,;552.480284,0.500949,;552.480284,0.551042,;552.480284,0.601168,;552.480284,0.65128,;552.480284,0.701396,;545.502722,0.751487,;545.502722,0.801565,;545.502722,0.851663,;545.502722,0.90176,;545.502722,0.951837,;545.502722,1.00194,;545.502722,1.05206,;545.502722,1.10214,;545.502722,1.15225,;545.502722,1.20235,;545.502722,1.25247,;545.502722,1.30255,;518.512875,1.35264,;518.512875,1.40273,;518.512875,1.45285,;518.512875,1.50297,;518.512875,1.55304,;518.512875,1.60314,;318.570920,1.65323,;318.570920,1.70333,;318.570920,1.75343,;318.570920,1.80354,;318.570920,1.85366,;318.570920,1.90375,;318.570920,1.95385,;318.570920,2.00397,;308.137387,2.05405,;308.137387,2.10417,;308.137387,2.15426,;308.137387,2.20435,;308.137387,2.25446,;308.137387,2.30457,;308.137387,2.35467,;308.137387,2.40475,;308.137387,2.45484,;308.137387,2.50493,;308.137387,2.55502,;303.579579,2.60515,;303.579579,2.65525,;303.579579,2.70535,;303.579579,2.75544,;303.579579,2.80557,;303.579579,2.85565,;303.008871,2.90577,;303.008871,2.95585,;303.008871,3.00597,;299.638037,3.05609,;299.638037,3.10617,;299.638037,3.15629,;299.638037,3.20639,;299.638037,3.2565,;299.638037,3.3066,;299.638037,3.35669,;290.678583,3.4068,;277.795543,3.45692,;277.795543,3.50703,;277.795543,3.55715,;277.795543,3.60723,;277.795543,3.65732,;277.795543,3.70745,;277.795543,3.75755,;277.795543,3.80767,;277.795543,3.85779,;277.795543,3.90789,;277.795543,3.95797,;277.795543,4.00809,;277.795543,4.05817,;277.795543,4.1083,;277.795543,4.15839,;277.795543,4.20848,;277.795543,4.25857,;277.795543,4.3087,;277.795543,4.35882,;277.795543,4.40895,;277.795543,4.45907,;277.795543,4.50919,;277.795543,4.5593,;277.795543,4.60942,;277.795543,4.65953,;277.795543,4.70964,;277.795543,4.75977,;277.795543,4.80989,;277.795543,4.86002,;277.795543,4.91015,;277.795543,4.9603,;277.795543,5.01039,;277.795543,5.06052,;277.795543,5.11061,;277.795543,5.16074,;277.795543,5.21085,;277.795543,5.26097,;277.795543,5.31109,;277.795543,5.36117,;277.795543,5.41129,;277.795543,5.46137,;277.795543,5.51149,;277.795543,5.56157,;277.795543,5.61172,;260.131942,5.66181,;260.131942,5.71189,;260.131942,5.76198,;260.131942,5.8121,;260.131942,5.86218,;260.131942,5.91231,;260.131942,5.96241,;260.131942,6.01253,;260.131942,6.06262,;260.131942,6.1127,;260.131942,6.16281,;260.053211,6.2129,;260.053211,6.26301,;260.053211,6.31313,;260.053211,6.36325,;260.053211,6.41334,;260.053211,6.46344,;260.053211,6.51356,;260.053211,6.56364,;260.053211,6.61376,;260.053211,6.66384,;260.053211,6.71398,;260.053211,6.76407,;260.053211,6.81416,;260.053211,6.86425,;260.053211,6.91436,;260.053211,6.96446,;260.053211,7.01455,;260.053211,7.06463,;260.053211,7.11473,;260.053211,7.16482,;254.017371,7.21491,;254.017371,7.265,;254.017371,7.31509,;254.017371,7.36522,;254.017371,7.4153,;254.017371,7.46543,;254.017371,7.51555,;254.017371,7.56567,;254.017371,7.61576,;254.017371,7.66588,;254.017371,7.71596,;254.017371,7.76605,;254.017371,7.81613,;254.017371,7.86623,;253.032762,7.91631,;253.032762,7.9664,;253.032762,8.01649,;253.032762,8.06662,;253.032762,8.11671,;253.032762,8.1668,;253.032762,8.2169,;253.032762,8.26699,;253.032762,8.31708,;253.032762,8.36718,;253.032762,8.41728,;253.032762,8.46739,;253.032762,8.51751,;253.032762,8.5676,;253.032762,8.61771,;253.032762,8.66781,;253.032762,8.71791,;253.032762,8.76801,;253.032762,8.8181,;248.503658,8.86819,;248.503658,8.91829,;248.503658,8.9684,;248.503658,9.01849,;248.503658,9.06861,;248.503658,9.1187,;248.503658,9.1688,;248.503658,9.2189,;248.503658,9.26899,;245.285336,9.3191,;245.285336,9.36919,;245.285336,9.41929,;245.285336,9.46941,;245.285336,9.51951,;229.581271,9.56963,;229.581271,9.61973,;229.581271,9.66985,;229.581271,9.71993,;229.581271,9.77001,;229.581271,9.82009,;229.581271,9.87016,;229.581271,9.92024,;229.581271,9.97032,;229.581271,10.0204,;
inf,0.0500926,;899.925801,0.100167,;899.925801,0.15028,;876.840176,0.200391,;292.701884,0.250475,;292.701884,0.30059,;292.701884,0.350635,;292.701884,0.400743,;292.701884,0.450816,;292.701884,0.500902,;292.701884,0.550975,;292.701884,0.601047,;292.701884,0.651131,;292.701884,0.701228,;292.701884,0.751333,;292.701884,0.801407,;292.701884,0.851529,;292.701884,0.901618,;292.701884,0.951708,;292.701884,1.00183,;292.701884,1.05192,;292.701884,1.10202,;292.701884,1.1521,;292.701884,1.20222,;292.701884,1.25234,;292.701884,1.30245,;292.701884,1.35254,;292.701884,1.40263,;292.701884,1.45272,;292.701884,1.5028,;292.701884,1.55287,;292.701884,1.60296,;292.701884,1.65307,;292.701884,1.70319,;292.701884,1.75327,;292.701884,1.80335,;292.701884,1.85347,;292.701884,1.90355,;292.701884,1.95366,;292.701884,2.00375,;292.701884,2.05388,;292.701884,2.10398,;292.701884,2.1541,;292.701884,2.20421,;292.701884,2.25432,;292.701884,2.30443,;292.701884,2.35451,;292.701884,2.40463,;292.701884,2.45471,;292.701884,2.50479,;292.701884,2.55487,;283.675560,2.605,;283.675560,2.65511,;283.675560,2.70523,;283.675560,2.75531,;283.675560,2.80539,;283.675560,2.85547,;283.675560,2.90557,;283.675560,2.95567,;283.675560,3.00575,;283.675560,3.05584,;283.675560,3.10593,;283.675560,3.15601,;283.675560,3.20609,;283.675560,3.25618,;283.675560,3.30627,;283.675560,3.35637,;283.675560,3.40647,;283.675560,3.45657,;283.675560,3.50665,;278.678551,3.55674,;278.678551,3.60682,;278.678551,3.65689,;278.678551,3.70702,;278.678551,3.7571,;278.678551,3.80722,;278.678551,3.85729,;278.678551,3.90739,;278.678551,3.95746,;274.668107,4.00756,;274.668107,4.05765,;274.668107,4.10774,;274.668107,4.15784,;274.668107,4.20793,;274.668107,4.25803,;274.668107,4.30812,;274.668107,4.35821,;274.668107,4.40834,;274.668107,4.45842,;274.668107,4.50853,;274.668107,4.55861,;274.668107,4.60873,;274.668107,4.65881,;274.668107,4.70894,;274.668107,4.75903,;274.668107,4.80914,;274.668107,4.85924,;274.668107,4.90935,;274.668107,4.95944,;274.668107,5.00952,;251.100947,5.05961,;251.100947,5.10973,;251.100947,5.15985,;251.100947,5.20996,;251.100947,5.26008,;251.100947,5.3102,;251.100947,5.36032,;251.100947,5.4104,;251.100947,5.46052,;251.100947,5.51064,;251.100947,5.56075,;251.100947,5.61084,;251.100947,5.66093,;248.576577,5.71102,;248.576577,5.76114,;248.238822,5.81123,;248.238822,5.86134,;248.238822,5.91142,;248.238822,5.9615,;248.238822,6.0116,;248.238822,6.06169,;248.238822,6.11179,;248.238822,6.16187,;248.238822,6.212,;248.238822,6.26209,;248.238822,6.31221,;248.238822,6.36234,;248.238822,6.41243,;233.579684,6.46255,;233.579684,6.51267,;233.579684,6.56275,;233.579684,6.61288,;233.579684,6.66297,;233.579684,6.7131,;233.579684,6.76318,;233.579684,6.81327,;233.579684,6.86336,;233.579684,6.91348,;233.579684,6.96361,;233.579684,7.01372,;233.579684,7.06382,;233.579684,7.11391,;233.579684,7.164,;233.579684,7.21412,;233.579684,7.26422,;233.579684,7.31434,;233.579684,7.36443,;233.579684,7.41452,;233.579684,7.46464,;233.579684,7.51472,;233.579684,7.56484,;233.579684,7.61493,;233.579684,7.66505,;233.579684,7.71515,;233.579684,7.76526,;233.579684,7.81535,;233.579684,7.86545,;233.579684,7.91553,;233.579684,7.96565,;233.579684,8.01572,;233.579684,8.06581,;233.579684,8.1159,;233.579684,8.16599,;233.579684,8.21609,;233.579684,8.26617,;233.579684,8.31628,;233.579684,8.36643,;233.579684,8.41652,;233.579684,8.46661,;233.579684,8.51673,;233.579684,8.56681,;233.579684,8.61693,;233.579684,8.66702,;233.579684,8.7171,;233.579684,8.76719,;233.579684,8.81732,;233.579684,8.8674,;233.579684,8.91748,;233.579684,8.96762,;233.579684,9.0177,;233.579684,9.0678,;233.579684,9.11791,;233.579684,9.16802,;233.579684,9.21814,;233.579684,9.26822,;233.579684,9.31834,;233.579684,9.36845,;233.579684,9.41853,;233.579684,9.46865,;233.579684,9.51873,;233.579684,9.56881,;233.579684,9.61892,;233.579684,9.66901,;233.579684,9.7191,;233.579684,9.7692,;233.579684,9.81928,;233.579684,9.8694,;233.579684,9.91949,;233.579684,9.96958,;233.579684,10.0197,;
909.825269,0.0500574,;908.067378,0.100156,;908.067378,0.150241,;884.853869,0.200335,;884.853869,0.250458,;884.853869,0.300553,;877.054377,0.350676,;877.054377,0.400769,;877.054377,0.450861,;877.054377,0.500953,;877.054377,0.551039,;877.054377,0.601167,;877.054377,0.651261,;877.054377,0.70134,;877.054377,0.751476,;872.646919,0.801583,;862.560102,0.851655,;862.560102,0.901763,;862.560102,0.951849,;862.560102,1.00197,;771.041242,1.05206,;771.041242,1.10217,;771.041242,1.15225,;771.041242,1.20237,;771.041242,1.25249,;725.823786,1.3026,;725.823786,1.35268,;725.823786,1.40278,;725.823786,1.45286,;725.823786,1.50294,;725.823786,1.55304,;725.823786,1.60313,;725.823786,1.65325,;725.823786,1.70337,;725.823786,1.75344,;725.823786,1.80351,;725.823786,1.85358,;725.823786,1.90365,;725.823786,1.95373,;725.823786,2.00381,;305.329171,2.05389,;305.329171,2.10398,;305.329171,2.1541,;305.329171,2.20417,;305.329171,2.25425,;305.329171,2.30437,;305.329171,2.35444,;305.329171,2.40452,;245.547670,2.45459,;245.547670,2.50466,;245.547670,2.55475,;245.547670,2.60483,;245.547670,2.65492,;245.547670,2.705,;245.547670,2.7551,;245.547670,2.80517,;245.547670,2.85529,;245.547670,2.9054,;245.547670,2.95548,;245.547670,3.00555,;245.547670,3.05566,;245.547670,3.10577,;245.547670,3.15589,;245.547670,3.206,;245.547670,3.25607,;245.547670,3.30618,;245.547670,3.35627,;245.547670,3.40639,;245.547670,3.45646,;245.547670,3.50658,;245.547670,3.5567,;245.547670,3.60679,;245.547670,3.65683,;245.547670,3.70692,;245.547670,3.75702,;245.547670,3.80713,;245.547670,3.85724,;245.547670,3.90736,;245.547670,3.95749,;245.547670,4.00757,;245.547670,4.05768,;245.547670,4.1078,;245.547670,4.15788,;245.547670,4.20797,;245.547670,4.25805,;245.547670,4.30814,;245.547670,4.35822,;245.547670,4.4083,;245.547670,4.45844,;245.547670,4.50853,;245.547670,4.55865,;245.547670,4.60878,;245.547670,4.6589,;245.547670,4.70902,;245.547670,4.75914,;245.547670,4.80926,;245.547670,4.85938,;245.547670,4.9095,;245.547670,4.95959,;245.547670,5.00971,;245.547670,5.0598,;245.547670,5.10992,;245.547670,5.16005,;245.547670,5.21017,;245.547670,5.26029,;245.547670,5.3104,;245.547670,5.36049,;245.547670,5.41061,;245.547670,5.46069,;245.547670,5.51078,;245.547670,5.56086,;245.547670,5.61099,;245.547670,5.6611,;245.547670,5.71122,;245.547670,5.76134,;245.547670,5.81145,;245.547670,5.86158,;245.547670,5.91166,;245.547670,5.96176,;245.547670,6.01184,;245.547670,6.06192,;245.547670,6.11201,;245.547670,6.16213,;245.547670,6.21225,;245.547670,6.26237,;245.547670,6.31249,;245.547670,6.36259,;245.547670,6.41271,;245.547670,6.46283,;245.547670,6.51295,;245.547670,6.56307,;245.547670,6.61319,;245.547670,6.66328,;245.547670,6.71337,;245.547670,6.76348,;245.547670,6.81356,;245.547670,6.86364,;245.547670,6.91376,;245.547670,6.96385,;245.547670,7.01399,;245.547670,7.06411,;245.547670,7.11423,;245.547670,7.16436,;245.547670,7.21448,;245.547670,7.2646,;245.547670,7.31473,;245.547670,7.36484,;245.547670,7.41493,;245.547670,7.46506,;245.547670,7.51519,;245.547670,7.56527,;245.547670,7.61539,;245.547670,7.66551,;245.547670,7.71563,;245.547670,7.76575,;245.547670,7.81588,;245.547670,7.86601,;245.547670,7.91613,;245.547670,7.96625,;245.547670,8.01637,;245.547670,8.06645,;245.547670,8.11656,;245.547670,8.16668,;245.547670,8.2168,;245.547670,8.26693,;245.547670,8.31702,;245.547670,8.36711,;245.547670,8.41719,;245.547670,8.46728,;245.547670,8.51737,;245.547670,8.56742,;245.547670,8.61751,;245.547670,8.66759,;245.547670,8.71768,;245.547670,8.76776,;245.547670,8.81785,;245.547670,8.86794,;245.547670,8.91802,;245.547670,8.96811,;245.547670,9.0182,;245.547670,9.06828,;245.547670,9.11837,;245.547670,9.16847,;245.547670,9.21857,;245.547670,9.26866,;245.547670,9.31878,;245.547670,9.36886,;245.547670,9.41895,;245.547670,9.46907,;245.547670,9.51916,;245.547670,9.56926,;245.547670,9.61939,;245.547670,9.66949,;245.547670,9.71958,;245.547670,9.7697,;245.547670,9.81979,;245.547670,9.8699,;245.547670,9.91999,;245.547670,9.9701,;245.547670,10.0202,;
795.194168,0.0500948,;795.194168,0.100176,;795.194168,0.150273,;795.194168,0.200385,;795.194168,0.250439,;795.194168,0.300556,;795.194168,0.350626,;795.194168,0.400738,;795.194168,0.450848,;471.392221,0.500929,;471.392221,0.551018,;460.442033,0.601134,;460.442033,0.651221,;460.442033,0.701333,;460.442033,0.751447,;460.442033,0.801559,;460.442033,0.851643,;460.442033,0.901733,;460.442033,0.951851,;460.442033,1.00196,;460.389130,1.05204,;460.389130,1.10216,;460.389130,1.15227,;460.389130,1.20238,;460.389130,1.25245,;460.389130,1.3025,;336.337813,1.35259,;328.882079,1.40267,;328.882079,1.45276,;283.604337,1.50287,;283.604337,1.55295,;283.604337,1.60302,;283.604337,1.65312,;283.604337,1.70321,;283.604337,1.75329,;283.604337,1.80337,;283.604337,1.85345,;283.604337,1.90358,;283.604337,1.95366,;283.604337,2.00374,;283.604337,2.05383,;276.698011,2.10392,;276.698011,2.154,;276.698011,2.20408,;276.698011,2.25419,;276.698011,2.3043,;276.698011,2.35441,;276.698011,2.40453,;276.698011,2.4546,;276.698011,2.50473,;276.698011,2.55482,;276.698011,2.60492,;276.698011,2.65502,;276.698011,2.70512,;276.698011,2.75522,;276.698011,2.80533,;276.698011,2.85549,;276.698011,2.90557,;276.698011,2.95565,;276.698011,3.00572,;276.698011,3.05581,;276.698011,3.10589,;276.698011,3.15599,;276.698011,3.2061,;276.698011,3.25618,;276.698011,3.30629,;276.698011,3.35641,;276.698011,3.40649,;276.698011,3.45658,;276.698011,3.50666,;276.698011,3.55677,;269.774288,3.60685,;269.774288,3.65695,;269.774288,3.70704,;269.774288,3.75715,;269.774288,3.80724,;269.774288,3.85732,;269.774288,3.90744,;259.149750,3.95755,;259.149750,4.00766,;259.149750,4.05775,;259.149750,4.10783,;259.149750,4.15795,;259.149750,4.20802,;259.149750,4.25811,;259.149750,4.30819,;259.149750,4.35829,;259.149750,4.40838,;259.149750,4.45844,;259.149750,4.50851,;259.149750,4.55858,;259.149750,4.60866,;259.149750,4.65874,;259.149750,4.70883,;259.149750,4.75891,;259.149750,4.80898,;259.149750,4.85905,;259.149750,4.90912,;259.149750,4.95919,;259.149750,5.0093,;259.149750,5.05942,;259.149750,5.10953,;259.149750,5.15964,;259.149750,5.20975,;259.149750,5.25984,;259.149750,5.30992,;259.149750,5.36001,;259.149750,5.4101,;259.149750,5.46019,;259.149750,5.51029,;259.149750,5.5604,;255.290801,5.61044,;253.658454,5.66056,;253.658454,5.71067,;253.658454,5.76078,;253.658454,5.81089,;253.658454,5.861,;253.658454,5.91108,;253.658454,5.96119,;253.658454,6.01129,;253.658454,6.0614,;253.658454,6.11149,;253.658454,6.1616,;253.658454,6.2117,;249.161800,6.26181,;243.588473,6.31192,;243.588473,6.36203,;243.588473,6.41215,;243.588473,6.46224,;243.588473,6.51236,;243.588473,6.56248,;243.588473,6.61256,;243.588473,6.66265,;243.588473,6.71277,;243.588473,6.76285,;243.588473,6.81297,;243.588473,6.86306,;243.588473,6.91314,;243.588473,6.96322,;243.588473,7.01332,;243.588473,7.06343,;243.588473,7.11354,;243.588473,7.16365,;243.588473,7.21374,;243.588473,7.26382,;243.588473,7.3139,;243.588473,7.36398,;243.588473,7.41405,;243.588473,7.46415,;243.588473,7.51424,;243.588473,7.56433,;243.588473,7.61442,;243.588473,7.66455,;243.588473,7.71467,;243.588473,7.76479,;243.588473,7.8149,;243.588473,7.86498,;243.588473,7.91506,;243.588473,7.96513,;243.588473,8.01522,;243.588473,8.0653,;243.588473,8.11541,;243.588473,8.16548,;243.588473,8.21556,;243.588473,8.26565,;243.588473,8.31574,;243.588473,8.36582,;243.588473,8.41594,;243.588473,8.46602,;243.588473,8.51611,;243.588473,8.56618,;243.588473,8.61628,;243.588473,8.66635,;243.588473,8.71651,;243.588473,8.76658,;243.588473,8.81667,;241.831647,8.86678,;241.831647,8.91685,;241.831647,8.96697,;241.831647,9.01706,;241.831647,9.06715,;241.831647,9.11727,;241.831647,9.16735,;241.831647,9.21744,;241.831647,9.26752,;241.831647,9.31764,;241.831647,9.36779,;241.831647,9.4179,;241.831647,9.46798,;241.831647,9.5181,;241.831647,9.56818,;241.831647,9.61826,;241.831647,9.66834,;241.831647,9.71842,;241.831647,9.76851,;241.831647,9.81859,;241.831647,9.8687,;241.831647,9.9188,;241.831647,9.96892,;241.831647,10.019,;
388.898284,0.0500754,;388.898284,0.100186,;388.898284,0.150295,;388.898284,0.200372,;388.898284,0.250482,;388.898284,0.300596,;388.898284,0.35071,;388.898284,0.400799,;388.898284,0.450889,;388.898284,0.500965,;388.898284,0.551074,;388.898284,0.601187,;365.305602,0.651299,;365.305602,0.701382,;365.305602,0.75148,;365.305602,0.801553,;365.305602,0.851628,;365.305602,0.901701,;365.305602,0.951788,;365.305602,1.00188,;319.915828,1.05197,;319.915828,1.10205,;319.915828,1.15213,;319.915828,1.20221,;319.915828,1.25228,;319.915828,1.30235,;319.915828,1.35243,;319.915828,1.40255,;319.915828,1.45263,;319.915828,1.50273,;319.915828,1.55281,;319.915828,1.60292,;319.915828,1.65301,;319.915828,1.7031,;319.915828,1.75322,;319.915828,1.80332,;319.915828,1.85343,;319.915828,1.90355,;319.915828,1.95365,;319.915828,2.00377,;319.915828,2.05388,;319.915828,2.10396,;319.915828,2.15408,;319.915828,2.20419,;319.915828,2.25431,;319.915828,2.30438,;319.915828,2.35446,;319.915828,2.40454,;319.915828,2.45457,;319.915828,2.50467,;319.915828,2.55475,;319.915828,2.60484,;319.915828,2.65493,;319.915828,2.70502,;319.915828,2.7551,;319.915828,2.80519,;319.915828,2.85528,;319.915828,2.90537,;319.915828,2.95546,;319.915828,3.00554,;319.915828,3.05566,;292.046772,3.10575,;242.412447,3.15582,;242.412447,3.20591,;242.412447,3.25598,;242.412447,3.30608,;242.412447,3.35621,;242.412447,3.40632,;242.412447,3.45644,;242.412447,3.50655,;242.412447,3.55665,;242.412447,3.60675,;242.412447,3.65684,;242.412447,3.70692,;242.412447,3.75701,;242.412447,3.80713,;242.412447,3.85724,;242.412447,3.9073,;242.412447,3.95739,;242.412447,4.00747,;242.412447,4.05758,;242.412447,4.10765,;242.412447,4.15774,;242.412447,4.20781,;242.412447,4.2579,;242.412447,4.30802,;242.412447,4.35813,;242.412447,4.40822,;242.412447,4.45833,;242.412447,4.50842,;242.412447,4.55851,;242.412447,4.60859,;242.412447,4.65868,;242.412447,4.70877,;242.412447,4.75889,;242.412447,4.80899,;242.412447,4.85911,;242.412447,4.90922,;242.412447,4.95933,;242.412447,5.00945,;242.412447,5.05956,;242.412447,5.10967,;242.412447,5.15979,;242.412447,5.2099,;242.412447,5.26002,;242.412447,5.31009,;242.412447,5.36021,;242.412447,5.41028,;242.412447,5.46036,;242.412447,5.51044,;242.412447,5.56054,;242.412447,5.61062,;242.412447,5.66071,;242.412447,5.71079,;242.412447,5.7609,;242.412447,5.81101,;242.412447,5.86109,;242.412447,5.91121,;242.412447,5.96128,;242.412447,6.01139,;236.950852,6.06148,;236.950852,6.1116,;236.950852,6.16168,;236.950852,6.21177,;236.950852,6.26185,;236.950852,6.31197,;236.950852,6.36206,;236.950852,6.41219,;235.208921,6.46229,;235.208921,6.51237,;235.208921,6.56246,;235.208921,6.61255,;235.208921,6.66267,;235.208921,6.71275,;235.208921,6.76288,;235.208921,6.81297,;235.208921,6.8631,;235.208921,6.91319,;235.208921,6.96328,;235.208921,7.01338,;235.208921,7.0635,;235.208921,7.11357,;235.208921,7.16369,;235.208921,7.21381,;235.208921,7.26388,;235.208921,7.314,;235.208921,7.36409,;235.208921,7.41418,;235.208921,7.46431,;235.208921,7.51443,;235.208921,7.56456,;235.208921,7.61468,;235.208921,7.66479,;235.208921,7.71491,;235.208921,7.76499,;235.208921,7.81511,;235.208921,7.8652,;235.208921,7.9153,;235.208921,7.96542,;235.208921,8.01554,;235.208921,8.06563,;235.208921,8.11575,;235.208921,8.16587,;235.208921,8.21594,;235.208921,8.26606,;235.208921,8.31618,;235.208921,8.3663,;235.208921,8.41638,;235.208921,8.46645,;235.208921,8.51654,;235.208921,8.56666,;235.208921,8.61675,;235.208921,8.66683,;235.208921,8.71692,;235.208921,8.767,;235.208921,8.81709,;235.208921,8.86717,;235.208921,8.91729,;235.208921,8.96741,;235.208921,9.0175,;235.208921,9.06758,;235.208921,9.11766,;235.208921,9.16774,;235.208921,9.21785,;235.208921,9.26793,;235.208921,9.318,;235.208921,9.36807,;235.208921,9.41816,;235.208921,9.46821,;235.208921,9.51831,;235.208921,9.56839,;235.208921,9.61847,;235.208921,9.66856,;235.208921,9.71865,;235.208921,9.76874,;235.208921,9.81882,;235.208921,9.86891,;235.208921,9.91903,;235.208921,9.96911,;235.208921,10.0192,;
inf,0.0500729,;929.661973,0.100186,;927.782565,0.150268,;879.524915,0.200379,;879.524915,0.250448,;879.524915,0.300522,;879.524915,0.350634,;879.524915,0.400709,;879.524915,0.450826,;879.524915,0.500916,;879.524915,0.55103,;879.524915,0.601106,;879.524915,0.651207,;879.524915,0.701291,;879.524915,0.751371,;564.237502,0.801459,;564.237502,0.851542,;543.367946,0.901625,;543.367946,0.951737,;543.367946,1.00185,;543.367946,1.05197,;526.695662,1.10209,;526.695662,1.15221,;383.750636,1.20232,;383.750636,1.25237,;383.750636,1.3025,;339.147086,1.35259,;322.466174,1.4027,;322.466174,1.45279,;322.466174,1.50292,;322.466174,1.553,;322.466174,1.60312,;322.466174,1.65322,;317.183433,1.70332,;317.183433,1.7534,;317.183433,1.80351,;317.183433,1.85359,;317.183433,1.90369,;317.183433,1.95378,;317.183433,2.00387,;317.183433,2.05397,;274.925235,2.10406,;274.925235,2.15418,;274.925235,2.2043,;274.925235,2.25441,;274.925235,2.30449,;274.925235,2.35461,;274.925235,2.40471,;274.925235,2.45483,;274.925235,2.50495,;274.925235,2.55507,;274.925235,2.60517,;274.925235,2.65528,;274.925235,2.70537,;274.925235,2.75549,;274.925235,2.80559,;260.609332,2.85568,;260.609332,2.90581,;260.609332,2.95593,;260.609332,3.00603,;260.609332,3.05615,;260.609332,3.10627,;260.609332,3.15641,;260.609332,3.20653,;260.609332,3.25661,;260.609332,3.30673,;260.609332,3.35682,;260.609332,3.40694,;260.609332,3.45705,;260.609332,3.5072,;260.609332,3.55729,;260.609332,3.60742,;260.609332,3.65755,;260.609332,3.70762,;260.609332,3.75771,;260.609332,3.80783,;260.609332,3.85794,;260.609332,3.90803,;260.609332,3.95814,;260.609332,4.00822,;260.609332,4.05838,;260.609332,4.10845,;260.609332,4.15856,;260.609332,4.20865,;260.609332,4.25876,;260.609332,4.30885,;260.609332,4.35892,;260.609332,4.40901,;260.609332,4.45914,;260.609332,4.50923,;260.609332,4.55935,;260.609332,4.60944,;260.609332,4.65956,;260.609332,4.70964,;260.609332,4.75973,;260.609332,4.80982,;260.609332,4.85994,;260.609332,4.91005,;260.609332,4.96016,;260.609332,5.01028,;260.609332,5.06036,;260.609332,5.11047,;260.609332,5.16055,;260.609332,5.21064,;260.609332,5.26073,;260.609332,5.31084,;260.609332,5.36092,;260.609332,5.41104,;260.609332,5.46112,;260.609332,5.51124,;260.609332,5.56135,;260.609332,5.61147,;247.648296,5.66158,;247.648296,5.71165,;247.648296,5.76174,;247.648296,5.81186,;242.222006,5.86195,;242.222006,5.91206,;242.222006,5.96216,;242.222006,6.01228,;242.222006,6.06239,;242.222006,6.11247,;242.222006,6.16256,;242.222006,6.21264,;242.222006,6.26276,;242.222006,6.31283,;242.222006,6.36294,;242.222006,6.41303,;242.222006,6.46315,;242.222006,6.51324,;242.222006,6.56333,;242.222006,6.61343,;242.222006,6.66351,;242.222006,6.71359,;242.222006,6.76368,;242.222006,6.81379,;242.222006,6.86389,;242.222006,6.91404,;242.222006,6.96414,;242.222006,7.01422,;242.222006,7.06429,;242.222006,7.11439,;242.222006,7.16446,;242.222006,7.21454,;242.222006,7.26461,;242.222006,7.3147,;242.222006,7.36478,;242.222006,7.41487,;242.222006,7.46495,;242.222006,7.51504,;242.222006,7.56513,;242.222006,7.61525,;242.222006,7.66536,;242.222006,7.71547,;242.222006,7.76554,;242.222006,7.81568,;242.222006,7.86579,;242.222006,7.91591,;242.222006,7.96598,;242.222006,8.0161,;242.222006,8.06621,;242.222006,8.11632,;242.222006,8.16643,;242.222006,8.2165,;242.222006,8.26658,;242.222006,8.31665,;242.222006,8.36678,;242.222006,8.41686,;242.222006,8.46695,;242.222006,8.51703,;242.222006,8.56716,;242.222006,8.61724,;242.222006,8.66734,;242.222006,8.71744,;242.222006,8.76756,;242.222006,8.81767,;242.222006,8.86778,;242.222006,8.91787,;242.222006,8.96795,;242.222006,9.01807,;242.222006,9.06818,;242.222006,9.11829,;242.222006,9.1684,;242.222006,9.21852,;242.222006,9.26859,;242.222006,9.3187,;242.222006,9.36879,;242.222006,9.4189,;242.222006,9.46898,;242.222006,9.51909,;242.222006,9.56918,;242.222006,9.6193,;242.222006,9.66937,;242.222006,9.71949,;242.222006,9.7696,;242.222006,9.81971,;242.222006,9.86979,;242.222006,9.9199,;242.222006,9.97001,;242.222006,10.0201,;
287.490970,0.0500799,;287.490970,0.100159,;287.490970,0.150237,;287.490970,0.200353,;287.490970,0.250467,;287.490970,0.300577,;287.490970,0.350674,;287.490970,0.400788,;287.490970,0.450874,;287.490970,0.500991,;287.490970,0.55111,;287.490970,0.601222,;287.490970,0.651318,;287.490970,0.701432,;287.281751,0.75153,;287.281751,0.801661,;287.281751,0.851783,;287.281751,0.901916,;287.281751,0.952018,;287.281751,1.0021,;287.281751,1.0522,;287.281751,1.10228,;287.281751,1.15241,;287.281751,1.20251,;287.281751,1.25263,;287.281751,1.30274,;287.281751,1.35287,;287.281751,1.40297,;287.281751,1.45309,;287.281751,1.50319,;287.281751,1.55328,;287.281751,1.6034,;287.281751,1.65352,;287.281751,1.70366,;287.281751,1.75378,;287.281751,1.8039,;264.839040,1.85399,;264.839040,1.90411,;264.839040,1.95419,;264.839040,2.00431,;264.839040,2.0544,;264.839040,2.1045,;264.839040,2.15459,;264.839040,2.20473,;264.839040,2.25482,;264.839040,2.3049,;264.839040,2.35502,;264.839040,2.40513,;264.839040,2.45527,;264.839040,2.50539,;264.839040,2.5555,;264.839040,2.60561,;264.839040,2.65574,;264.839040,2.70587,;264.839040,2.75598,;264.839040,2.8061,;264.839040,2.85621,;264.839040,2.90629,;249.526191,2.9564,;249.526191,3.00649,;249.526191,3.0566,;249.526191,3.10671,;249.526191,3.15683,;249.526191,3.2069,;249.526191,3.25699,;249.526191,3.30709,;249.526191,3.3572,;249.526191,3.40731,;249.526191,3.45742,;249.526191,3.50752,;249.526191,3.55758,;249.526191,3.60769,;249.526191,3.65776,;249.526191,3.70785,;249.526191,3.75792,;249.526191,3.80801,;249.526191,3.85808,;249.526191,3.90824,;249.526191,3.95831,;249.526191,4.00839,;249.526191,4.05849,;249.526191,4.10861,;249.526191,4.1587,;249.526191,4.20877,;249.526191,4.25885,;249.526191,4.30893,;249.526191,4.35903,;249.526191,4.4091,;249.526191,4.4592,;249.526191,4.50927,;249.526191,4.55939,;249.526191,4.60948,;249.526191,4.65959,;249.526191,4.70968,;249.526191,4.75977,;249.526191,4.80986,;249.526191,4.85998,;249.526191,4.91006,;249.526191,4.96019,;249.526191,5.01027,;243.004850,5.06038,;243.004850,5.11047,;243.004850,5.16059,;243.004850,5.21067,;243.004850,5.26079,;243.004850,5.31087,;243.004850,5.36099,;243.004850,5.4111,;243.004850,5.46121,;243.004850,5.51133,;243.004850,5.5614,;243.004850,5.61148,;243.004850,5.66159,;243.004850,5.7117,;243.004850,5.7618,;243.004850,5.81191,;243.004850,5.86202,;243.004850,5.91213,;243.004850,5.96221,;243.004850,6.01233,;243.004850,6.0624,;243.004850,6.11251,;243.004850,6.1626,;243.004850,6.21271,;243.004850,6.26281,;243.004850,6.31292,;239.746745,6.36304,;239.746745,6.41314,;239.746745,6.46324,;224.961922,6.51335,;224.961922,6.56346,;224.961922,6.61357,;224.961922,6.66369,;224.961922,6.71381,;224.961922,6.76392,;224.961922,6.81404,;224.961922,6.86415,;224.961922,6.91422,;224.961922,6.96434,;224.961922,7.01441,;224.961922,7.06455,;224.961922,7.11464,;224.961922,7.16475,;224.961922,7.21484,;224.961922,7.26496,;224.961922,7.31504,;224.961922,7.36516,;224.961922,7.41527,;224.961922,7.46538,;224.961922,7.51549,;224.961922,7.56557,;224.961922,7.61565,;224.961922,7.66573,;224.961922,7.7158,;224.961922,7.76589,;224.961922,7.81597,;224.961922,7.86604,;224.961922,7.91615,;224.961922,7.96622,;224.961922,8.01634,;224.961922,8.06643,;224.961922,8.11654,;224.961922,8.16663,;224.961922,8.21675,;224.961922,8.26682,;224.961922,8.31693,;224.961922,8.36705,;224.961922,8.41716,;224.961922,8.46724,;224.961922,8.51736,;224.961922,8.56747,;224.961922,8.61758,;224.961922,8.66766,;224.961922,8.71774,;224.961922,8.76785,;224.961922,8.81797,;224.961922,8.86806,;224.961922,8.9181,;224.961922,8.96822,;224.961922,9.01829,;224.961922,9.06838,;224.961922,9.11846,;224.961922,9.16857,;224.961922,9.21864,;224.961922,9.26875,;224.961922,9.31884,;224.961922,9.36895,;224.961922,9.41906,;224.961922,9.46915,;224.961922,9.51924,;224.961922,9.56937,;224.645214,9.61946,;224.645214,9.66957,;224.645214,9.71965,;224.645214,9.76976,;224.645214,9.81984,;224.645214,9.86992,;224.645214,9.92,;224.645214,9.9701,;224.645214,10.0202,;
inf,0.0500726,;inf,0.100161,;inf,0.150258,;542.005102,0.200344,;542.005102,0.250466,;542.005102,0.300548,;542.005102,0.350639,;542.005102,0.400712,;542.005102,0.450842,;430.230297,0.500927,;430.230297,0.551007,;430.230297,0.601101,;430.230297,0.65122,;430.230297,0.701331,;430.230297,0.751443,;430.230297,0.801515,;430.230297,0.85161,;430.230297,0.901696,;430.230297,0.951805,;313.747764,1.0019,;313.747764,1.05201,;313.747764,1.1021,;313.747764,1.15222,;313.747764,1.20231,;291.482655,1.25243,;291.482655,1.30252,;291.482655,1.35261,;291.482655,1.4027,;291.482655,1.45281,;291.482655,1.50288,;291.482655,1.55299,;291.482655,1.6031,;291.482655,1.65323,;291.482655,1.70335,;291.482655,1.75348,;291.482655,1.80361,;291.482655,1.85369,;288.828063,1.9038,;288.828063,1.95391,;288.828063,2.00403,;288.828063,2.05414,;288.828063,2.10426,;288.828063,2.15437,;288.828063,2.20449,;288.828063,2.25461,;288.828063,2.30473,;288.828063,2.35484,;288.828063,2.40496,;288.828063,2.45509,;288.828063,2.5052,;288.828063,2.55532,;288.828063,2.60541,;288.828063,2.65553,;288.828063,2.7056,;288.828063,2.75572,;288.828063,2.80581,;288.828063,2.8559,;288.828063,2.906,;288.828063,2.95609,;288.828063,3.00618,;288.828063,3.0563,;288.828063,3.10642,;288.828063,3.15654,;288.828063,3.20666,;288.828063,3.25678,;288.828063,3.3069,;288.828063,3.35702,;288.828063,3.40713,;288.828063,3.45725,;288.828063,3.50736,;288.828063,3.55744,;288.828063,3.60757,;288.828063,3.65765,;288.828063,3.70773,;288.828063,3.75783,;288.828063,3.80795,;284.805094,3.85804,;284.805094,3.90816,;284.805094,3.95825,;284.805094,4.00834,;284.805094,4.05845,;284.805094,4.10854,;284.805094,4.15864,;284.805094,4.20874,;284.805094,4.25884,;284.805094,4.30896,;284.805094,4.35907,;284.805094,4.40917,;284.805094,4.45925,;284.805094,4.50934,;284.805094,4.55943,;284.805094,4.60951,;284.805094,4.65961,;284.805094,4.70969,;284.805094,4.75982,;284.805094,4.80991,;284.805094,4.86003,;284.805094,4.91011,;284.805094,4.96022,;284.805094,5.01033,;284.805094,5.06041,;284.805094,5.1105,;284.805094,5.16062,;284.805094,5.2107,;284.805094,5.26081,;284.805094,5.31093,;239.453757,5.36105,;239.453757,5.41114,;239.453757,5.46127,;239.453757,5.51137,;239.453757,5.56148,;239.453757,5.61159,;239.453757,5.66167,;239.453757,5.71179,;239.453757,5.76188,;239.453757,5.812,;239.453757,5.86209,;239.453757,5.91222,;239.453757,5.96231,;239.453757,6.01243,;239.453757,6.06252,;239.453757,6.1126,;239.453757,6.16269,;239.453757,6.21282,;239.453757,6.26294,;239.453757,6.31305,;239.453757,6.36312,;239.453757,6.41321,;239.453757,6.46331,;239.453757,6.51344,;239.453757,6.56356,;239.453757,6.61364,;239.453757,6.66376,;239.453757,6.71385,;239.453757,6.76397,;239.453757,6.81407,;239.453757,6.86416,;239.453757,6.91425,;239.453757,6.96437,;239.453757,7.01449,;239.453757,7.06461,;239.453757,7.1147,;239.453757,7.16479,;239.453757,7.21491,;239.453757,7.26503,;239.453757,7.31514,;239.453757,7.36526,;239.453757,7.41539,;239.453757,7.46546,;239.453757,7.51558,;239.453757,7.56566,;239.453757,7.61578,;239.453757,7.66588,;239.453757,7.716,;239.453757,7.76609,;236.829110,7.81621,;236.829110,7.8663,;232.731756,7.91642,;232.731756,7.96651,;232.731756,8.01664,;232.731756,8.06673,;232.731756,8.11685,;232.731756,8.16693,;232.731756,8.21703,;232.731756,8.26711,;232.731756,8.31724,;232.731756,8.36735,;232.731756,8.41746,;232.731756,8.46754,;232.731756,8.51766,;232.731756,8.56775,;232.731756,8.61785,;232.731756,8.66795,;232.731756,8.71805,;232.731756,8.76814,;232.731756,8.81824,;232.731756,8.86834,;232.731756,8.91842,;232.731756,8.96852,;232.731756,9.01862,;232.731756,9.0687,;232.731756,9.11882,;232.731756,9.1689,;232.731756,9.21899,;232.731756,9.2691,;232.731756,9.3192,;232.731756,9.36933,;232.731756,9.41946,;232.731756,9.46954,;232.731756,9.51963,;232.731756,9.56976,;232.731756,9.61985,;232.731756,9.66995,;232.731756,9.72008,;232.731756,9.77016,;232.731756,9.82025,;232.731756,9.87036,;232.731756,9.92045,;232.731756,9.97054,;
701.676028,0.0500663,;701.676028,0.100155,;701.676028,0.150251,;664.150324,0.200367,;489.461911,0.250453,;489.461911,0.300528,;484.756545,0.350637,;484.756545,0.400746,;484.756545,0.450834,;484.756545,0.500948,;484.756545,0.551061,;484.756545,0.601151,;484.756545,0.65127,;484.756545,0.701341,;472.379023,0.751429,;472.379023,0.801544,;472.379023,0.851655,;464.780103,0.901753,;464.780103,0.951876,;464.780103,1.00196,;464.780103,1.0521,;464.780103,1.10222,;464.780103,1.15232,;464.780103,1.20241,;464.780103,1.25253,;464.780103,1.30261,;464.780103,1.35269,;464.780103,1.40278,;464.780103,1.45291,;464.780103,1.50302,;464.780103,1.55311,;464.780103,1.60319,;464.780103,1.65328,;464.780103,1.7034,;349.980740,1.75348,;349.980740,1.80359,;349.980740,1.85368,;349.980740,1.90378,;349.980740,1.95386,;340.574240,2.00397,;311.769931,2.05406,;304.754239,2.10416,;295.653762,2.15424,;295.653762,2.20434,;295.653762,2.25444,;295.653762,2.30455,;295.653762,2.35466,;295.653762,2.40478,;295.653762,2.45491,;295.653762,2.505,;295.653762,2.55509,;295.653762,2.60524,;295.653762,2.65536,;295.653762,2.70548,;295.653762,2.75562,;295.653762,2.80572,;295.653762,2.85581,;295.653762,2.9059,;295.653762,2.95603,;256.778119,3.00615,;256.778119,3.05628,;256.778119,3.10638,;256.778119,3.15651,;256.778119,3.20659,;256.778119,3.25671,;256.778119,3.30682,;256.778119,3.35695,;256.778119,3.40708,;256.778119,3.45719,;256.778119,3.50732,;256.778119,3.5574,;256.778119,3.60752,;256.778119,3.65762,;256.778119,3.70774,;256.778119,3.75783,;256.778119,3.80795,;256.778119,3.85804,;256.778119,3.90816,;256.778119,3.95828,;256.778119,4.0084,;256.778119,4.0585,;256.778119,4.10859,;256.778119,4.15868,;256.778119,4.20879,;256.778119,4.25889,;256.778119,4.30901,;256.778119,4.35913,;256.778119,4.40925,;256.778119,4.45936,;256.778119,4.50944,;256.778119,4.55956,;256.778119,4.60966,;226.735421,4.65975,;226.735421,4.70984,;226.735421,4.75996,;226.735421,4.81005,;226.735421,4.86014,;226.735421,4.91029,;226.735421,4.96037,;226.735421,5.01049,;226.735421,5.0606,;226.735421,5.11072,;226.735421,5.16084,;226.735421,5.21096,;226.735421,5.26108,;226.735421,5.31119,;226.735421,5.36129,;226.735421,5.41139,;226.735421,5.46151,;226.735421,5.51162,;226.735421,5.5617,;226.735421,5.61182,;226.735421,5.66194,;226.735421,5.71206,;226.735421,5.76218,;226.735421,5.8123,;226.735421,5.86238,;226.735421,5.9125,;226.735421,5.9626,;226.735421,6.01272,;226.735421,6.06282,;226.735421,6.11294,;226.735421,6.16306,;226.735421,6.21318,;226.735421,6.2633,;226.735421,6.31338,;226.735421,6.36347,;226.735421,6.41356,;226.735421,6.46364,;226.735421,6.51373,;226.735421,6.56382,;226.735421,6.6139,;226.735421,6.66399,;226.735421,6.71408,;226.735421,6.76417,;226.735421,6.81429,;226.735421,6.86442,;226.735421,6.9145,;226.735421,6.96458,;226.735421,7.01467,;226.735421,7.06477,;226.735421,7.11485,;226.735421,7.16498,;226.735421,7.21509,;226.735421,7.26519,;226.735421,7.31529,;226.735421,7.36537,;226.735421,7.41545,;226.735421,7.46553,;226.735421,7.51563,;226.735421,7.56572,;226.735421,7.61582,;226.735421,7.66591,;226.735421,7.71603,;226.735421,7.76611,;226.735421,7.81619,;226.735421,7.86627,;226.735421,7.91636,;226.735421,7.96645,;226.735421,8.01653,;226.735421,8.06661,;226.735421,8.11669,;226.735421,8.16679,;226.735421,8.21689,;226.735421,8.26701,;226.735421,8.3171,;226.735421,8.3672,;226.735421,8.41729,;226.735421,8.46738,;226.735421,8.51748,;226.735421,8.56759,;226.735421,8.61769,;226.735421,8.66778,;226.735421,8.71787,;226.735421,8.76797,;226.735421,8.81806,;226.735421,8.86815,;226.735421,8.91825,;226.735421,8.96834,;226.735421,9.01843,;226.735421,9.06851,;226.735421,9.1186,;226.735421,9.1687,;226.735421,9.21879,;226.735421,9.26889,;226.735421,9.31899,;226.735421,9.36908,;226.735421,9.41917,;226.735421,9.46924,;226.735421,9.51932,;226.735421,9.56941,;226.735421,9.61954,;226.735421,9.66964,;226.735421,9.71973,;226.735421,9.76981,;226.735421,9.8199,;226.735421,9.87003,;226.735421,9.92011,;226.735421,9.97016,;226.735421,10.0203,;
inf,0.0500645,;inf,0.100148,;960.487732,0.150237,;535.051169,0.20033,;535.051169,0.250427,;498.482129,0.300528,;490.695467,0.35061,;490.695467,0.40071,;490.695467,0.450791,;490.695467,0.500888,;490.695467,0.551004,;490.695467,0.601108,;490.695467,0.651223,;490.695467,0.701297,;461.540890,0.751417,;461.540890,0.801495,;461.540890,0.851573,;461.540890,0.901666,;461.540890,0.951749,;461.540890,1.00184,;453.763375,1.05194,;453.763375,1.10204,;453.763375,1.15212,;453.763375,1.20219,;453.763375,1.25228,;453.763375,1.30238,;453.763375,1.35247,;453.763375,1.40256,;453.763375,1.45265,;341.542561,1.50273,;341.542561,1.55282,;341.542561,1.60291,;341.542561,1.65301,;341.542561,1.7031,;341.542561,1.7532,;341.542561,1.80332,;270.454331,1.85342,;270.454331,1.9035,;270.454331,1.95358,;270.454331,2.00367,;270.454331,2.05376,;264.589245,2.1039,;264.589245,2.15402,;264.589245,2.2041,;264.589245,2.2542,;264.589245,2.30429,;264.589245,2.35438,;264.589245,2.40448,;264.589245,2.45457,;264.589245,2.50466,;264.589245,2.55476,;264.589245,2.60486,;264.589245,2.65499,;264.589245,2.70509,;264.589245,2.7552,;264.589245,2.8053,;264.589245,2.85539,;264.589245,2.90552,;264.589245,2.95561,;264.589245,3.0057,;264.589245,3.0558,;260.875641,3.10588,;260.875641,3.156,;260.875641,3.20612,;260.875641,3.2562,;260.875641,3.30632,;260.875641,3.3564,;260.875641,3.40652,;260.875641,3.45662,;260.875641,3.5067,;260.875641,3.55679,;260.875641,3.60687,;260.875641,3.657,;260.875641,3.70712,;260.875641,3.7572,;260.875641,3.80732,;260.875641,3.85741,;260.875641,3.90749,;260.875641,3.95761,;260.875641,4.00769,;260.875641,4.05778,;260.875641,4.10788,;260.875641,4.158,;260.875641,4.20808,;260.875641,4.25816,;260.875641,4.30825,;260.875641,4.35838,;260.875641,4.40847,;260.875641,4.45859,;256.613922,4.50868,;256.613922,4.5588,;256.613922,4.60889,;256.613922,4.659,;256.613922,4.70909,;256.613922,4.7592,;256.613922,4.8093,;256.613922,4.85942,;256.613922,4.90951,;256.613922,4.95958,;256.613922,5.00968,;256.613922,5.05979,;256.613922,5.10988,;256.613922,5.15995,;256.613922,5.21008,;256.613922,5.26016,;256.613922,5.31028,;256.613922,5.36038,;256.528929,5.41047,;246.806228,5.46055,;246.806228,5.51064,;246.806228,5.56074,;246.806228,5.61085,;246.806228,5.66097,;246.806228,5.71109,;246.806228,5.7612,;246.806228,5.81133,;246.806228,5.86143,;246.806228,5.91152,;246.806228,5.96164,;246.806228,6.01176,;246.806228,6.06187,;246.806228,6.112,;246.806228,6.16211,;231.740796,6.21219,;231.740796,6.2623,;231.740796,6.31239,;231.740796,6.36248,;231.740796,6.41256,;231.740796,6.46268,;231.740796,6.51277,;231.740796,6.56289,;231.740796,6.61298,;231.740796,6.6631,;231.740796,6.71321,;231.740796,6.7633,;231.740796,6.81339,;231.740796,6.86347,;231.740796,6.91356,;231.740796,6.96367,;231.740796,7.01379,;231.740796,7.0639,;231.740796,7.11401,;231.740796,7.16409,;231.740796,7.21421,;231.740796,7.2643,;231.740796,7.3144,;231.740796,7.36452,;231.740796,7.41461,;231.740796,7.46472,;231.740796,7.51483,;231.740796,7.56492,;231.740796,7.61503,;231.740796,7.66515,;231.740796,7.71522,;231.740796,7.76533,;231.740796,7.81544,;231.740796,7.86555,;231.740796,7.91567,;231.740796,7.96578,;231.740796,8.0159,;231.740796,8.06598,;231.740796,8.1161,;231.740796,8.16621,;231.740796,8.21633,;231.740796,8.26644,;231.740796,8.31652,;231.740796,8.36665,;231.740796,8.41674,;231.740796,8.46686,;231.740796,8.51695,;231.740796,8.56706,;231.740796,8.61715,;231.740796,8.66726,;231.740796,8.71738,;231.740796,8.76746,;231.740796,8.81758,;231.740796,8.86769,;231.740796,8.9178,;231.740796,8.96791,;231.740796,9.01802,;231.740796,9.06809,;231.740796,9.11817,;231.740796,9.16824,;231.740796,9.21835,;231.740796,9.26844,;231.740796,9.31852,;231.740796,9.36861,;231.740796,9.4187,;231.740796,9.46879,;231.740796,9.51887,;231.740796,9.56896,;231.740796,9.61904,;231.740796,9.66912,;231.740796,9.71922,;231.740796,9.76931,;231.740796,9.8194,;231.740796,9.86949,;231.740796,9.91959,;231.740796,9.96971,;231.740796,10.0198,;
inf,0.0500655,;781.363424,0.100166,;781.363424,0.150259,;781.363424,0.200334,;781.363424,0.250416,;781.363424,0.300491,;781.363424,0.350601,;762.504199,0.400674,;762.504199,0.450764,;762.504199,0.50636,;762.504199,0.556459,;751.737029,0.60655,;751.737029,0.656641,;750.818212,0.70676,;750.818212,0.756857,;750.818212,0.806931,;750.818212,0.857025,;750.818212,0.907152,;750.818212,0.957245,;750.818212,1.00735,;750.818212,1.05745,;750.818212,1.10752,;750.818212,1.15761,;750.818212,1.20773,;750.818212,1.25782,;750.818212,1.3079,;719.397942,1.35804,;719.397942,1.40816,;719.397942,1.45828,;719.397942,1.50839,;719.397942,1.5585,;719.397942,1.60858,;719.397942,1.65869,;719.397942,1.70878,;719.397942,1.7589,;719.397942,1.809,;719.397942,1.85911,;683.660220,1.90921,;683.660220,1.95932,;683.660220,2.00943,;683.660220,2.05951,;683.660220,2.1096,;683.660220,2.15971,;683.660220,2.20982,;683.660220,2.25998,;683.660220,2.31006,;414.157481,2.36014,;414.157481,2.41022,;414.157481,2.46031,;414.157481,2.51039,;414.157481,2.56044,;414.157481,2.61055,;414.157481,2.66063,;414.157481,2.71078,;414.157481,2.76087,;414.157481,2.81099,;414.157481,2.86109,;414.157481,2.9112,;414.157481,2.96132,;414.157481,3.01143,;414.157481,3.06156,;414.157481,3.11167,;414.157481,3.16176,;414.157481,3.21184,;414.157481,3.26193,;300.665524,3.31204,;300.665524,3.36216,;300.665524,3.41227,;300.665524,3.46239,;300.665524,3.51251,;300.665524,3.56264,;300.665524,3.61276,;300.665524,3.66287,;300.665524,3.71296,;300.665524,3.76308,;271.020422,3.81319,;271.020422,3.86331,;271.020422,3.9134,;271.020422,3.96353,;271.020422,4.01365,;271.020422,4.06376,;271.020422,4.11388,;271.020422,4.16399,;271.020422,4.21411,;264.219901,4.26418,;257.575513,4.31427,;257.575513,4.36439,;257.575513,4.41447,;257.575513,4.46454,;257.575513,4.51465,;257.575513,4.56478,;257.575513,4.61485,;257.575513,4.66498,;257.575513,4.71506,;257.575513,4.76516,;257.575513,4.81527,;257.575513,4.86537,;257.575513,4.91549,;254.011932,4.96557,;254.011932,5.0157,;254.011932,5.06581,;254.011932,5.11592,;254.011932,5.16603,;254.011932,5.21614,;254.011932,5.26623,;254.011932,5.31634,;254.011932,5.36646,;251.506891,5.41657,;251.506891,5.46669,;251.506891,5.51678,;251.506891,5.5669,;251.506891,5.61702,;251.506891,5.66714,;251.506891,5.71725,;251.506891,5.76738,;251.506891,5.81747,;251.506891,5.86758,;251.506891,5.91767,;251.506891,5.96779,;251.506891,6.01788,;251.506891,6.06802,;251.506891,6.11815,;251.506891,6.16823,;251.506891,6.21832,;251.506891,6.26841,;251.506891,6.31852,;251.506891,6.3686,;251.506891,6.41867,;239.996153,6.46875,;239.996153,6.51886,;239.996153,6.56894,;239.996153,6.61902,;239.996153,6.6691,;239.996153,6.71919,;239.996153,6.76929,;239.996153,6.81937,;239.996153,6.86946,;239.996153,6.91955,;239.996153,6.96965,;239.996153,7.01972,;239.996153,7.06984,;239.996153,7.11996,;235.164964,7.17003,;235.164964,7.22015,;235.164964,7.27024,;224.323884,7.32034,;224.323884,7.37044,;224.323884,7.42052,;224.323884,7.4706,;224.323884,7.52069,;224.323884,7.57081,;224.323884,7.6209,;224.323884,7.67098,;224.323884,7.72107,;224.323884,7.77115,;224.323884,7.82124,;224.323884,7.87133,;224.323884,7.92141,;224.323884,7.97153,;224.323884,8.02162,;224.323884,8.07174,;224.323884,8.12186,;224.323884,8.17195,;224.323884,8.22207,;221.922859,8.27219,;221.922859,8.32231,;221.922859,8.37244,;221.922859,8.42252,;221.922859,8.47261,;221.922859,8.52273,;221.922859,8.57282,;221.922859,8.62294,;221.922859,8.67304,;221.922859,8.72316,;221.922859,8.77326,;221.922859,8.82337,;221.922859,8.87347,;221.922859,8.92359,;221.922859,8.97371,;221.922859,9.02384,;221.922859,9.07392,;221.922859,9.12403,;221.922859,9.17412,;221.922859,9.22424,;221.922859,9.27436,;221.922859,9.32444,;221.922859,9.37455,;221.922859,9.42463,;221.922859,9.47475,;221.922859,9.52484,;221.922859,9.57497,;221.922859,9.62507,;221.922859,9.67518,;221.922859,9.72527,;221.922859,9.77536,;221.922859,9.82544,;221.922859,9.87559,;221.922859,9.92566,;221.922859,9.97578,;221.922859,10.0259,;
inf,0.0500958,;inf,0.100198,;434.218499,0.150279,;434.218499,0.200373,;434.218499,0.250465,;434.218499,0.300582,;434.218499,0.35066,;431.064900,0.400757,;431.064900,0.450871,;431.064900,0.500979,;427.896207,0.551069,;427.896207,0.601196,;427.896207,0.651286,;427.896207,0.7014,;427.896207,0.751515,;427.896207,0.801629,;427.896207,0.851752,;427.896207,0.901867,;427.896207,0.951991,;413.149521,1.00211,;413.149521,1.05223,;397.183134,1.10235,;397.183134,1.15248,;397.183134,1.2026,;397.183134,1.25272,;397.183134,1.3028,;397.183134,1.35291,;397.183134,1.40301,;397.183134,1.45313,;344.224528,1.50322,;344.224528,1.55333,;344.224528,1.60344,;344.224528,1.65355,;344.224528,1.7037,;344.224528,1.75378,;344.224528,1.80387,;344.224528,1.85395,;341.523920,1.90404,;341.523920,1.95415,;341.523920,2.00427,;341.523920,2.05438,;341.523920,2.1045,;341.523920,2.15457,;341.523920,2.20472,;341.523920,2.25479,;341.523920,2.30488,;341.523920,2.35496,;341.523920,2.40508,;341.523920,2.45517,;341.523920,2.50529,;341.523920,2.55537,;341.523920,2.6055,;275.733858,2.65562,;275.733858,2.70577,;275.733858,2.75585,;275.733858,2.80593,;275.733858,2.85603,;275.733858,2.90612,;275.733858,2.95622,;275.733858,3.0063,;259.884807,3.05639,;259.884807,3.10647,;259.884807,3.15662,;259.884807,3.20669,;259.884807,3.25677,;254.783903,3.30686,;254.783903,3.35694,;254.783903,3.40701,;254.783903,3.45709,;254.783903,3.50717,;254.783903,3.55725,;254.783903,3.60733,;254.783903,3.65741,;254.783903,3.70749,;254.783903,3.75758,;254.783903,3.80765,;254.783903,3.85773,;254.783903,3.90781,;254.783903,3.95789,;254.783903,4.00797,;254.783903,4.05805,;254.783903,4.10812,;254.783903,4.15817,;254.783903,4.20826,;254.783903,4.25834,;254.783903,4.30843,;254.783903,4.35853,;254.783903,4.40865,;254.783903,4.45873,;254.783903,4.50882,;254.783903,4.5589,;254.783903,4.60903,;254.783903,4.65911,;254.783903,4.7092,;254.783903,4.75928,;254.783903,4.80937,;254.783903,4.85945,;254.783903,4.90953,;254.783903,4.95962,;254.783903,5.0097,;254.783903,5.05978,;254.783903,5.10986,;254.783903,5.15995,;254.783903,5.21007,;254.783903,5.26019,;254.783903,5.31031,;254.783903,5.3604,;254.783903,5.41053,;254.783903,5.46065,;254.783903,5.51074,;254.783903,5.56085,;254.783903,5.61095,;254.783903,5.66104,;254.783903,5.71116,;254.783903,5.76128,;254.783903,5.81138,;254.783903,5.8615,;254.783903,5.9116,;254.783903,5.96171,;254.783903,6.01183,;254.783903,6.06194,;254.783903,6.1122,;254.783903,6.16229,;254.783903,6.21237,;254.783903,6.26245,;254.783903,6.31254,;254.783903,6.36263,;254.783903,6.41272,;254.783903,6.46285,;254.783903,6.51296,;254.783903,6.56308,;254.783903,6.61317,;254.783903,6.66326,;254.783903,6.71335,;254.783903,6.76343,;254.783903,6.81351,;254.783903,6.86361,;251.693162,6.91378,;251.693162,6.96389,;251.693162,7.01403,;251.693162,7.0641,;251.693162,7.11422,;251.693162,7.16431,;251.693162,7.21443,;251.693162,7.26451,;251.693162,7.31459,;244.709192,7.3647,;244.709192,7.41478,;244.709192,7.46486,;244.709192,7.51495,;244.709192,7.56506,;244.709192,7.61516,;244.709192,7.6653,;244.709192,7.71539,;244.709192,7.76552,;244.709192,7.81561,;244.709192,7.86574,;244.709192,7.91584,;244.709192,7.96596,;244.709192,8.01608,;233.703365,8.0662,;233.703365,8.11629,;233.703365,8.16637,;233.703365,8.21646,;233.703365,8.26653,;233.703365,8.31665,;233.703365,8.36673,;233.703365,8.41682,;233.703365,8.4669,;233.703365,8.51698,;233.703365,8.56706,;233.703365,8.61719,;233.703365,8.66729,;233.703365,8.7174,;233.703365,8.76751,;233.703365,8.81762,;233.703365,8.8677,;233.703365,8.91779,;233.703365,8.96788,;233.703365,9.01798,;233.703365,9.06806,;233.703365,9.11816,;233.703365,9.16828,;233.703365,9.21837,;233.703365,9.26846,;233.703365,9.31852,;233.703365,9.36865,;233.703365,9.41878,;233.703365,9.4689,;233.703365,9.51901,;233.703365,9.56914,;233.703365,9.61923,;233.703365,9.66934,;233.703365,9.71942,;233.703365,9.76951,;233.703365,9.81959,;233.703365,9.86968,;233.703365,9.91977,;233.703365,9.96985,;233.703365,10.0199,;233.703365,10.07,;
inf,0.0500959,;inf,0.10017,;inf,0.150252,;inf,0.200343,;inf,0.250454,;555.015018,0.300538,;555.015018,0.350626,;502.729769,0.400719,;502.729769,0.450834,;502.729769,0.500915,;502.729769,0.550994,;502.729769,0.601075,;502.729769,0.651199,;502.729769,0.701308,;502.729769,0.751393,;502.729769,0.801515,;502.729769,0.851636,;502.729769,0.901726,;502.729769,0.951844,;502.729769,1.00196,;502.729769,1.05199,;502.729769,1.10208,;502.729769,1.15216,;502.729769,1.20225,;494.784578,1.25235,;494.784578,1.30244,;494.784578,1.35254,;490.881132,1.40265,;490.881132,1.45274,;490.881132,1.50286,;490.881132,1.55295,;490.881132,1.60306,;490.881132,1.65318,;364.657465,1.70326,;364.657465,1.75336,;364.657465,1.80348,;301.315719,1.85358,;301.315719,1.90366,;301.315719,1.95378,;301.315719,2.00386,;301.315719,2.05396,;301.315719,2.10405,;301.315719,2.15416,;301.315719,2.20423,;301.315719,2.25431,;301.315719,2.30438,;301.315719,2.35449,;301.315719,2.40458,;301.315719,2.4547,;301.315719,2.50478,;301.315719,2.55487,;301.315719,2.60495,;301.315719,2.65504,;301.315719,2.70513,;301.315719,2.75526,;301.315719,2.80535,;301.315719,2.85542,;301.315719,2.90551,;301.315719,2.9556,;301.315719,3.00572,;301.315719,3.05579,;301.315719,3.1059,;301.315719,3.15601,;301.315719,3.20609,;301.315719,3.25618,;301.315719,3.30626,;301.315719,3.35636,;301.315719,3.40645,;301.315719,3.45653,;301.315719,3.50661,;301.315719,3.5567,;301.315719,3.60679,;301.315719,3.65687,;301.315719,3.70696,;301.315719,3.75705,;301.315719,3.80713,;298.419517,3.85722,;298.419517,3.90731,;298.419517,3.9574,;298.419517,4.00748,;298.419517,4.05756,;298.419517,4.10768,;298.419517,4.15777,;298.419517,4.20786,;298.419517,4.25794,;298.419517,4.30801,;298.419517,4.3581,;298.419517,4.40819,;298.419517,4.45829,;298.419517,4.50839,;298.419517,4.55848,;298.419517,4.60857,;298.419517,4.65866,;298.419517,4.70876,;298.419517,4.75889,;298.419517,4.809,;287.477337,4.85909,;287.477337,4.90918,;287.477337,4.95928,;287.477337,5.00937,;287.477337,5.05947,;287.477337,5.10959,;264.203700,5.15971,;264.203700,5.2098,;264.203700,5.2599,;264.203700,5.31002,;264.203700,5.3601,;264.203700,5.41018,;264.203700,5.46027,;264.203700,5.51036,;264.203700,5.56049,;264.203700,5.61058,;264.203700,5.66066,;264.203700,5.71077,;264.203700,5.76085,;264.203700,5.81093,;264.203700,5.86102,;264.203700,5.9111,;264.203700,5.96118,;264.203700,6.01126,;264.203700,6.06137,;264.203700,6.11144,;264.203700,6.16153,;264.203700,6.21162,;264.203700,6.26172,;264.203700,6.3118,;264.203700,6.36189,;264.203700,6.41198,;264.203700,6.46209,;264.203700,6.51217,;264.203700,6.56226,;264.203700,6.61236,;264.203700,6.66249,;264.203700,6.71257,;264.203700,6.76268,;264.203700,6.81277,;264.203700,6.86285,;264.203700,6.91294,;264.203700,6.96303,;264.203700,7.01312,;264.203700,7.06324,;264.203700,7.11333,;264.203700,7.16344,;264.203700,7.21356,;264.203700,7.26363,;264.203700,7.31371,;264.203700,7.36378,;264.203700,7.41386,;264.203700,7.46394,;264.203700,7.51403,;264.203700,7.56411,;264.203700,7.61423,;264.203700,7.66432,;264.203700,7.71441,;260.321962,7.76451,;260.321962,7.81463,;260.321962,7.86472,;260.321962,7.9148,;260.321962,7.96489,;260.321962,8.01502,;260.321962,8.06511,;260.321962,8.1152,;260.321962,8.16529,;260.321962,8.21537,;260.321962,8.26545,;260.321962,8.31557,;260.321962,8.36567,;260.321962,8.41578,;260.321962,8.46585,;260.321962,8.51593,;260.321962,8.56602,;260.321962,8.6161,;260.321962,8.66618,;260.321962,8.71626,;260.321962,8.76638,;260.321962,8.81647,;260.321962,8.86655,;260.321962,8.91665,;260.321962,8.96676,;260.321962,9.01685,;260.321962,9.06693,;260.321962,9.11705,;260.321962,9.16717,;260.321962,9.21727,;260.321962,9.26736,;260.321962,9.31748,;260.321962,9.3676,;260.321962,9.41771,;260.321962,9.46782,;260.321962,9.5179,;240.758152,9.56804,;240.758152,9.61816,;240.758152,9.66826,;240.758152,9.71838,;240.758152,9.76847,;240.758152,9.81859,;240.758152,9.86868,;235.934007,9.9188,;235.934007,9.96889,;235.934007,10.019,;235.934007,10.0691,;
1009.840629,0.0500679,;1009.840629,0.100148,;1009.840629,0.150267,;1009.840629,0.200348,;1009.840629,0.250423,;1009.840629,0.300505,;1009.840629,0.350581,;1009.840629,0.400655,;1009.840629,0.450735,;1009.840629,0.500815,;480.742055,0.55095,;480.742055,0.601077,;480.742055,0.651168,;480.742055,0.70127,;452.845888,0.751375,;452.845888,0.801463,;452.845888,0.851585,;452.845888,0.901674,;452.845888,0.951795,;452.845888,1.00189,;452.845888,1.05198,;452.845888,1.10208,;452.845888,1.15217,;452.845888,1.20226,;452.845888,1.25234,;452.845888,1.30243,;452.845888,1.35252,;452.845888,1.40262,;452.845888,1.45271,;452.845888,1.50281,;426.015945,1.55291,;412.409851,1.603,;412.409851,1.65309,;412.409851,1.70318,;412.409851,1.75328,;412.409851,1.80337,;412.409851,1.8535,;412.409851,1.90358,;412.409851,1.95367,;412.409851,2.00376,;412.409851,2.05385,;412.409851,2.10394,;412.409851,2.15403,;412.409851,2.20412,;412.409851,2.25427,;412.409851,2.30437,;412.409851,2.35448,;412.409851,2.40457,;412.409851,2.45465,;412.409851,2.50475,;412.409851,2.55483,;278.336447,2.6049,;278.073121,2.655,;278.073121,2.70509,;278.073121,2.75522,;278.073121,2.80534,;278.073121,2.85545,;278.073121,2.90553,;278.073121,2.95561,;278.073121,3.00573,;278.073121,3.05582,;278.073121,3.10592,;278.073121,3.15601,;278.073121,3.20609,;278.073121,3.25617,;278.073121,3.30625,;278.073121,3.35634,;269.448552,3.40642,;269.448552,3.4565,;269.448552,3.50659,;269.448552,3.55667,;269.448552,3.60675,;269.448552,3.65683,;269.448552,3.70693,;269.448552,3.75703,;269.448552,3.80714,;269.448552,3.85723,;269.448552,3.90732,;269.448552,3.95743,;269.448552,4.00752,;269.448552,4.05764,;269.448552,4.10773,;269.448552,4.15783,;269.448552,4.20792,;269.448552,4.25801,;269.448552,4.3081,;269.448552,4.35819,;269.448552,4.40827,;269.448552,4.45839,;269.448552,4.50848,;269.448552,4.5586,;269.448552,4.60869,;269.448552,4.65879,;269.448552,4.70889,;269.448552,4.75899,;269.448552,4.80909,;269.448552,4.85921,;269.448552,4.90932,;269.448552,4.95944,;265.201751,5.00956,;265.201751,5.05964,;265.201751,5.10973,;265.201751,5.15989,;265.201751,5.20999,;265.201751,5.26007,;265.201751,5.31016,;265.201751,5.36026,;265.201751,5.4104,;265.201751,5.4605,;265.201751,5.51059,;265.201751,5.5607,;265.201751,5.6108,;265.201751,5.66089,;265.201751,5.71098,;247.479989,5.76107,;247.479989,5.81117,;247.479989,5.86127,;247.479989,5.91135,;247.479989,5.96145,;247.479989,6.01159,;247.479989,6.06168,;247.479989,6.11181,;247.479989,6.16195,;247.479989,6.21203,;247.479989,6.26215,;247.479989,6.31224,;247.479989,6.36234,;247.479989,6.41243,;247.479989,6.46252,;247.479989,6.51263,;247.479989,6.56275,;247.479989,6.61285,;247.479989,6.66293,;247.479989,6.71304,;247.479989,6.76313,;247.479989,6.81324,;242.949301,6.86335,;242.949301,6.91344,;242.949301,6.96355,;242.949301,7.01363,;242.949301,7.06373,;242.949301,7.11381,;242.949301,7.16394,;242.949301,7.21403,;242.949301,7.26411,;242.949301,7.3142,;242.949301,7.36429,;242.949301,7.41438,;242.949301,7.46449,;242.949301,7.51458,;242.949301,7.56468,;242.949301,7.6148,;235.684520,7.66493,;235.684520,7.71505,;235.684520,7.76515,;235.684520,7.81527,;235.684520,7.86539,;235.684520,7.91551,;235.684520,7.9656,;235.684520,8.01568,;235.684520,8.0658,;235.684520,8.11588,;235.684520,8.16598,;235.684520,8.21606,;235.684520,8.26615,;235.684520,8.31628,;235.684520,8.36638,;235.684520,8.41647,;235.684520,8.46655,;235.684520,8.51664,;235.684520,8.56676,;235.684520,8.61686,;235.684520,8.66696,;235.684520,8.71708,;235.684520,8.76716,;235.684520,8.81725,;235.684520,8.86737,;235.684520,8.91746,;235.684520,8.96756,;235.684520,9.01765,;235.684520,9.06774,;235.684520,9.11783,;235.684520,9.16791,;235.684520,9.218,;235.684520,9.26812,;235.684520,9.31824,;235.684520,9.36833,;235.684520,9.41842,;235.684520,9.4685,;235.684520,9.51859,;235.684520,9.56869,;235.684520,9.61879,;235.684520,9.66892,;235.684520,9.71901,;235.684520,9.7691,;235.684520,9.81919,;235.684520,9.86928,;235.684520,9.91936,;235.684520,9.96945,;
324.746233,0.050057,;324.746233,0.100141,;324.746233,0.150225,;324.746233,0.200325,;324.746233,0.250404,;324.746233,0.300482,;324.746233,0.350558,;324.746233,0.400644,;324.746233,0.450723,;324.746233,0.500829,;324.746233,0.550946,;324.746233,0.601033,;324.746233,0.651156,;318.144425,0.701244,;318.144425,0.751336,;294.225627,0.80141,;294.225627,0.851505,;294.225627,0.90159,;294.225627,0.95167,;294.225627,1.00175,;294.225627,1.05183,;294.225627,1.10191,;294.225627,1.15199,;294.225627,1.20208,;294.225627,1.25217,;294.225627,1.30225,;294.225627,1.35234,;294.225627,1.4024,;294.225627,1.45249,;294.225627,1.50258,;294.225627,1.55267,;294.225627,1.60275,;294.225627,1.65283,;294.225627,1.70292,;294.225627,1.753,;294.225627,1.80308,;294.225627,1.85316,;294.225627,1.90324,;294.225627,1.95332,;294.225627,2.0034,;294.225627,2.05349,;294.225627,2.10358,;294.225627,2.15366,;294.225627,2.20376,;294.225627,2.25385,;294.225627,2.30394,;294.225627,2.35403,;294.225627,2.40412,;294.225627,2.45421,;294.225627,2.50431,;294.225627,2.5544,;294.225627,2.60449,;276.048091,2.65459,;276.048091,2.70468,;276.048091,2.7548,;276.048091,2.80489,;276.048091,2.85499,;276.048091,2.90508,;276.048091,2.95517,;276.048091,3.00525,;276.048091,3.05534,;276.048091,3.10543,;276.048091,3.15552,;276.048091,3.2056,;276.048091,3.25568,;276.048091,3.30577,;276.048091,3.35587,;276.048091,3.40596,;276.048091,3.45605,;276.048091,3.50614,;276.048091,3.55622,;276.048091,3.60631,;276.048091,3.65639,;276.048091,3.70647,;276.048091,3.75655,;276.048091,3.80664,;276.048091,3.85672,;276.048091,3.9068,;276.048091,3.95689,;276.048091,4.00697,;276.048091,4.05706,;276.048091,4.10718,;276.048091,4.1573,;276.048091,4.2074,;276.048091,4.25749,;276.048091,4.30758,;276.048091,4.35767,;276.048091,4.40775,;276.048091,4.45785,;276.048091,4.50793,;276.048091,4.55801,;276.048091,4.6081,;276.048091,4.65819,;276.048091,4.70827,;276.048091,4.75835,;276.048091,4.80843,;276.048091,4.85851,;276.048091,4.90859,;276.048091,4.95868,;276.048091,5.00877,;276.048091,5.05886,;276.048091,5.10894,;276.048091,5.15901,;276.048091,5.20908,;276.048091,5.25917,;276.048091,5.30925,;276.048091,5.35934,;276.048091,5.40942,;276.048091,5.4595,;276.048091,5.50959,;276.048091,5.55967,;276.048091,5.60976,;276.048091,5.65984,;276.048091,5.70992,;276.048091,5.76001,;276.048091,5.81009,;276.048091,5.86017,;276.048091,5.91025,;276.048091,5.96034,;276.048091,6.01043,;276.048091,6.06052,;276.048091,6.11061,;276.048091,6.16071,;276.048091,6.2108,;276.048091,6.26089,;276.048091,6.31098,;276.048091,6.36107,;276.048091,6.41116,;276.048091,6.46125,;276.048091,6.51135,;276.048091,6.56144,;276.048091,6.61152,;276.048091,6.66162,;276.048091,6.71172,;276.048091,6.76181,;276.048091,6.8119,;276.048091,6.86199,;276.048091,6.91209,;276.048091,6.96218,;276.048091,7.01228,;276.048091,7.06238,;276.048091,7.11247,;276.048091,7.16256,;276.048091,7.21266,;276.048091,7.26275,;276.048091,7.31283,;276.048091,7.36292,;258.564151,7.413,;250.439601,7.46309,;250.439601,7.51318,;250.439601,7.56326,;250.439601,7.61334,;250.439601,7.66343,;245.920258,7.71351,;245.920258,7.7636,;245.920258,7.81369,;245.920258,7.86378,;245.920258,7.91387,;245.920258,7.96396,;245.867866,8.01405,;245.867866,8.06415,;245.867866,8.11424,;245.867866,8.16432,;245.867866,8.21441,;245.867866,8.2645,;245.867866,8.3146,;245.867866,8.36469,;238.795461,8.41478,;238.795461,8.46486,;238.795461,8.51495,;238.795461,8.56504,;238.795461,8.61513,;238.795461,8.66523,;238.795461,8.71532,;238.795461,8.76541,;238.795461,8.8155,;238.795461,8.86559,;238.795461,8.91568,;238.795461,8.96577,;238.795461,9.01586,;238.795461,9.06595,;238.795461,9.11603,;238.795461,9.16612,;238.795461,9.2162,;238.795461,9.26628,;235.099814,9.31637,;235.099814,9.36646,;235.099814,9.41655,;235.099814,9.46664,;235.099814,9.51673,;235.099814,9.56681,;235.099814,9.6169,;235.099814,9.66699,;235.099814,9.71708,;235.099814,9.76717,;235.099814,9.81726,;235.099814,9.86735,;235.099814,9.91744,;235.099814,9.96753,;235.099814,10.0176,;235.099814,10.0678,;
inf,0.0500664,;485.172466,0.100154,;485.172466,0.150278,;485.172466,0.200391,;485.172466,0.250514,;485.172466,0.300588,;485.172466,0.350675,;485.172466,0.400772,;485.172466,0.450896,;473.677384,0.500985,;419.450263,0.551071,;419.450263,0.601163,;419.450263,0.651258,;419.450263,0.701388,;419.450263,0.751468,;419.450263,0.80156,;419.450263,0.851642,;419.450263,0.901734,;419.450263,0.951903,;347.370164,1.002,;347.370164,1.05212,;347.370164,1.10221,;347.370164,1.15234,;347.370164,1.20244,;347.370164,1.25253,;346.367294,1.30262,;346.367294,1.3527,;346.367294,1.40282,;346.367294,1.45292,;346.367294,1.50301,;346.367294,1.55313,;346.367294,1.60322,;346.367294,1.65332,;346.367294,1.70338,;335.314131,1.75348,;335.314131,1.80357,;335.314131,1.85369,;335.314131,1.90377,;335.314131,1.95389,;335.314131,2.004,;335.314131,2.05408,;335.314131,2.10419,;335.314131,2.15428,;335.314131,2.20437,;335.314131,2.25446,;335.314131,2.30454,;335.314131,2.35462,;335.314131,2.40471,;335.314131,2.45484,;335.314131,2.50493,;335.314131,2.55504,;335.314131,2.60513,;335.314131,2.65521,;335.314131,2.70529,;335.314131,2.75536,;335.314131,2.80545,;335.314131,2.85553,;262.470750,2.90561,;262.470750,2.9557,;262.470750,3.00578,;262.470750,3.05586,;262.470750,3.10594,;262.470750,3.15602,;262.470750,3.20611,;262.470750,3.25619,;262.470750,3.30627,;262.470750,3.35635,;262.470750,3.40643,;262.470750,3.45651,;262.470750,3.50658,;262.470750,3.55666,;262.470750,3.60674,;262.470750,3.65682,;262.470750,3.70691,;262.470750,3.75698,;262.470750,3.80707,;262.470750,3.85716,;262.470750,3.90724,;262.470750,3.95732,;262.470750,4.00741,;262.470750,4.0575,;262.470750,4.10759,;262.470750,4.15767,;262.470750,4.20776,;262.470750,4.25785,;262.470750,4.30795,;262.470750,4.35804,;262.470750,4.40816,;262.470750,4.45826,;262.470750,4.50838,;262.470750,4.55848,;262.470750,4.60857,;262.470750,4.65869,;262.470750,4.70878,;262.470750,4.7589,;262.470750,4.80899,;262.470750,4.85909,;257.778023,4.90917,;257.778023,4.95929,;257.778023,5.0094,;257.778023,5.05947,;257.778023,5.10957,;257.778023,5.15968,;257.778023,5.20979,;257.778023,5.25987,;257.778023,5.30996,;251.075179,5.36005,;251.075179,5.41015,;251.075179,5.46024,;251.075179,5.5104,;251.075179,5.56048,;251.075179,5.6106,;251.075179,5.66068,;251.075179,5.71077,;239.671740,5.76085,;239.671740,5.81093,;239.671740,5.86101,;239.671740,5.9111,;239.671740,5.96119,;239.671740,6.01127,;239.671740,6.06135,;239.671740,6.11147,;239.671740,6.16156,;239.671740,6.21164,;239.671740,6.26172,;239.671740,6.31182,;239.671740,6.36191,;239.671740,6.41201,;239.671740,6.46211,;239.671740,6.5122,;239.671740,6.56228,;239.671740,6.61237,;239.671740,6.6625,;239.671740,6.71258,;239.671740,6.76266,;239.671740,6.81275,;239.671740,6.86283,;239.671740,6.91292,;239.671740,6.96301,;239.671740,7.0131,;239.671740,7.06319,;239.671740,7.11328,;239.671740,7.16337,;239.671740,7.21347,;239.671740,7.26356,;239.671740,7.31366,;239.671740,7.36375,;239.671740,7.41384,;239.671740,7.46394,;239.671740,7.51403,;239.671740,7.56413,;238.972661,7.61422,;238.972661,7.66431,;238.972661,7.71442,;238.972661,7.76451,;238.972661,7.81462,;238.972661,7.8647,;238.972661,7.91483,;238.972661,7.96492,;238.972661,8.01504,;238.972661,8.06514,;238.972661,8.11526,;238.972661,8.16535,;238.972661,8.21549,;238.972661,8.2656,;238.972661,8.3157,;238.972661,8.36579,;238.972661,8.41588,;238.972661,8.46597,;238.972661,8.51607,;238.972661,8.56619,;238.972661,8.61629,;238.972661,8.66639,;238.972661,8.71648,;238.972661,8.76658,;238.972661,8.81668,;238.972661,8.86677,;238.972661,8.91687,;238.972661,8.96698,;238.972661,9.01725,;238.972661,9.06736,;238.972661,9.11747,;238.972661,9.16757,;238.972661,9.21767,;238.972661,9.26777,;238.972661,9.31786,;238.972661,9.36791,;238.972661,9.41801,;238.972661,9.4681,;238.972661,9.51821,;238.972661,9.56831,;238.972661,9.61841,;238.972661,9.6685,;238.972661,9.7186,;238.972661,9.76869,;238.972661,9.81878,;238.972661,9.86887,;238.972661,9.91901,;238.972661,9.96911,;238.972661,10.0192,;
inf,0.0500755,;933.290179,0.100167,;933.290179,0.150251,;933.290179,0.200369,;933.290179,0.250464,;933.290179,0.300587,;933.290179,0.350672,;933.290179,0.400785,;933.290179,0.450869,;933.290179,0.500968,;933.290179,0.551056,;866.195343,0.601148,;866.195343,0.651241,;866.195343,0.701328,;434.598260,0.751409,;434.598260,0.801531,;362.287757,0.851649,;362.287757,0.901799,;362.287757,0.951917,;362.287757,1.00201,;362.287757,1.05211,;362.287757,1.1022,;362.287757,1.1523,;362.287757,1.20239,;362.287757,1.25248,;362.287757,1.30257,;362.287757,1.35266,;362.287757,1.40275,;362.287757,1.45285,;362.287757,1.50294,;362.287757,1.55307,;362.287757,1.60316,;362.287757,1.65324,;362.287757,1.70333,;362.287757,1.75343,;362.287757,1.80352,;357.303760,1.85363,;357.303760,1.90371,;357.303760,1.95384,;349.198279,2.00393,;349.198279,2.05402,;349.198279,2.10411,;349.198279,2.15419,;349.198279,2.20428,;349.198279,2.25441,;349.198279,2.30452,;349.198279,2.35461,;349.198279,2.4047,;349.198279,2.45477,;349.198279,2.50485,;349.198279,2.55493,;349.198279,2.60502,;349.198279,2.6551,;349.198279,2.7052,;349.198279,2.75529,;349.198279,2.80539,;349.198279,2.85548,;349.198279,2.90558,;349.198279,2.95567,;349.198279,3.00573,;349.198279,3.05581,;349.198279,3.10591,;349.198279,3.156,;349.198279,3.20609,;349.198279,3.25618,;349.198279,3.30628,;349.198279,3.35637,;349.198279,3.40646,;349.198279,3.45655,;349.198279,3.50664,;349.198279,3.55674,;349.198279,3.60683,;349.198279,3.65692,;349.198279,3.70703,;349.198279,3.75714,;349.198279,3.80722,;349.198279,3.85732,;349.198279,3.90743,;349.198279,3.95753,;349.198279,4.00762,;349.198279,4.0577,;349.198279,4.10781,;349.198279,4.1579,;349.198279,4.208,;349.198279,4.2581,;349.191870,4.30819,;349.191870,4.35827,;349.191870,4.40836,;349.191870,4.45846,;349.191870,4.50855,;349.191870,4.55864,;349.191870,4.60874,;349.191870,4.65882,;349.191870,4.70892,;349.191870,4.75901,;295.290703,4.80911,;295.290703,4.8592,;295.290703,4.9093,;295.290703,4.95939,;295.290703,5.0095,;295.290703,5.05959,;295.290703,5.10968,;295.290703,5.15978,;295.290703,5.20987,;295.290703,5.25996,;269.764784,5.31005,;269.764784,5.36014,;269.764784,5.41026,;269.764784,5.46037,;269.764784,5.51046,;269.764784,5.56055,;269.764784,5.61068,;269.764784,5.66079,;269.764784,5.71087,;269.764784,5.76101,;269.764784,5.81109,;269.764784,5.86118,;269.764784,5.91127,;240.072128,5.96135,;240.072128,6.01144,;240.072128,6.06153,;240.072128,6.11161,;240.072128,6.1617,;240.072128,6.21179,;240.072128,6.26188,;240.072128,6.31197,;230.951607,6.36205,;230.951607,6.41213,;230.951607,6.46222,;230.951607,6.51231,;230.951607,6.56239,;230.951607,6.61248,;230.951607,6.66257,;230.951607,6.71265,;230.951607,6.76273,;230.951607,6.81281,;230.951607,6.86289,;230.951607,6.91298,;230.951607,6.96306,;230.951607,7.01314,;230.951607,7.06323,;230.951607,7.1133,;230.951607,7.16339,;230.951607,7.21348,;230.951607,7.26357,;230.951607,7.31366,;230.951607,7.36375,;230.951607,7.41384,;230.951607,7.46393,;230.951607,7.51402,;230.951607,7.56412,;230.951607,7.61421,;230.951607,7.6643,;230.951607,7.71439,;230.951607,7.76447,;230.951607,7.81457,;230.951607,7.86465,;230.951607,7.91474,;230.951607,7.96483,;230.951607,8.01492,;230.951607,8.06501,;230.951607,8.1151,;230.951607,8.16518,;230.951607,8.21527,;230.951607,8.26536,;230.951607,8.31546,;230.951607,8.36555,;230.951607,8.41565,;230.951607,8.46574,;230.951607,8.51583,;230.951607,8.56592,;230.951607,8.616,;230.951607,8.6661,;230.951607,8.71619,;230.951607,8.76629,;230.951607,8.81638,;230.951607,8.86648,;230.951607,8.91657,;230.951607,8.96666,;230.951607,9.01676,;230.951607,9.06685,;230.951607,9.11695,;230.951607,9.16704,;230.951607,9.21714,;230.951607,9.26723,;230.951607,9.31732,;230.951607,9.36741,;230.951607,9.4175,;230.951607,9.46759,;230.951607,9.51768,;230.951607,9.56778,;230.951607,9.61787,;230.951607,9.66796,;230.951607,9.71812,;230.951607,9.76821,;230.951607,9.8183,;230.951607,9.86838,;230.951607,9.91848,;230.951607,9.9686,;230.951607,10.0187,;230.951607,10.0688,;
364.854738,0.0500555,;364.854738,0.100142,;364.854738,0.150228,;364.854738,0.200328,;364.854738,0.250431,;364.854738,0.300523,;364.854738,0.350643,;364.854738,0.400724,;364.854738,0.450826,;364.854738,0.500913,;321.308460,0.550998,;321.308460,0.601086,;306.149996,0.651177,;306.149996,0.701267,;306.149996,0.751347,;306.149996,0.801427,;306.149996,0.851567,;306.149996,0.901645,;306.149996,0.951766,;306.149996,1.00186,;306.149996,1.05195,;306.149996,1.10209,;306.149996,1.15219,;306.149996,1.20228,;306.149996,1.25238,;306.149996,1.3025,;306.149996,1.35258,;306.149996,1.40267,;306.149996,1.45276,;306.149996,1.50284,;306.149996,1.55293,;306.149996,1.60302,;306.149996,1.65311,;306.149996,1.7032,;306.149996,1.75333,;306.149996,1.80346,;306.149996,1.85355,;274.530201,1.90365,;274.530201,1.95375,;274.530201,2.00385,;274.530201,2.05395,;274.530201,2.10403,;274.530201,2.15412,;274.530201,2.2042,;274.530201,2.25428,;274.530201,2.30437,;274.530201,2.35445,;274.530201,2.40453,;274.530201,2.45462,;274.530201,2.50471,;274.530201,2.55481,;274.530201,2.6049,;274.530201,2.65501,;274.530201,2.70506,;274.530201,2.75514,;274.530201,2.80522,;274.530201,2.8553,;274.530201,2.90539,;274.530201,2.95549,;274.530201,3.00559,;269.423577,3.05568,;269.423577,3.10578,;269.423577,3.15591,;269.423577,3.20599,;269.423577,3.25608,;269.423577,3.3062,;269.423577,3.35628,;269.423577,3.40636,;269.423577,3.45645,;269.423577,3.50655,;269.423577,3.55664,;268.326759,3.60673,;268.326759,3.65682,;268.326759,3.70696,;268.326759,3.75707,;268.326759,3.80715,;268.326759,3.85723,;268.326759,3.90732,;268.326759,3.9574,;268.326759,4.00748,;268.326759,4.05758,;268.326759,4.10766,;268.326759,4.15774,;268.326759,4.20783,;268.326759,4.25792,;268.326759,4.30801,;268.326759,4.3581,;268.326759,4.40822,;268.326759,4.4583,;268.326759,4.50838,;268.326759,4.55847,;243.437389,4.60855,;243.437389,4.65864,;243.437389,4.70874,;243.437389,4.75883,;243.437389,4.80893,;243.437389,4.85902,;243.437389,4.90911,;243.437389,4.9592,;243.437389,5.00933,;243.437389,5.05942,;243.437389,5.10952,;243.437389,5.15961,;243.437389,5.20971,;243.437389,5.25983,;243.437389,5.30991,;243.437389,5.36,;243.437389,5.4101,;243.437389,5.46019,;241.239832,5.51027,;241.239832,5.56039,;241.239832,5.61052,;241.239832,5.6606,;241.239832,5.71067,;241.239832,5.7608,;241.239832,5.81089,;241.239832,5.86098,;241.239832,5.91108,;241.239832,5.96116,;241.239832,6.01125,;241.239832,6.06132,;241.239832,6.11141,;241.239832,6.1615,;241.239832,6.21158,;241.239832,6.2617,;241.239832,6.31182,;241.239832,6.36192,;241.239832,6.41204,;241.239832,6.46213,;241.239832,6.51222,;241.239832,6.5623,;241.239832,6.61238,;241.239832,6.66246,;241.239832,6.71256,;241.239832,6.76265,;241.239832,6.81274,;241.239832,6.86283,;241.239832,6.91292,;241.239832,6.96302,;241.239832,7.0131,;241.239832,7.06321,;241.239832,7.11329,;241.239832,7.16338,;241.239832,7.21349,;241.239832,7.26357,;241.239832,7.31367,;241.239832,7.36379,;241.239832,7.41387,;241.239832,7.46395,;241.239832,7.51405,;241.239832,7.56415,;241.239832,7.61424,;241.239832,7.66432,;241.239832,7.7144,;241.239832,7.76449,;241.239832,7.81457,;241.239832,7.86469,;241.239832,7.91479,;241.239832,7.96487,;241.239832,8.01496,;241.239832,8.06501,;241.239832,8.11511,;241.239832,8.1652,;241.239832,8.21528,;241.239832,8.26536,;241.239832,8.31545,;241.239832,8.36553,;241.239832,8.41562,;241.239832,8.46572,;241.239832,8.51581,;241.239832,8.56589,;241.239832,8.61598,;241.239832,8.66609,;241.239832,8.71619,;241.239832,8.76627,;241.239832,8.81637,;241.239832,8.86646,;241.239832,8.91656,;241.239832,8.96666,;241.239832,9.01676,;241.239832,9.06684,;241.239832,9.11693,;241.239832,9.16702,;241.239832,9.2171,;241.239832,9.26719,;241.239832,9.31728,;241.239832,9.36737,;241.239832,9.41747,;241.239832,9.46756,;241.239832,9.51765,;241.239832,9.56774,;241.239832,9.61783,;241.239832,9.66793,;241.239832,9.71805,;241.239832,9.76815,;241.239832,9.81827,;241.239832,9.86836,;241.239832,9.91846,;241.239832,9.96856,;241.239832,10.0187,;241.239832,10.0687,;
900.872407,0.0500767,;900.872407,0.100149,;900.872407,0.150231,;900.872407,0.200311,;900.872407,0.2504,;900.872407,0.300498,;900.872407,0.350608,;900.872407,0.400704,;900.872407,0.450791,;900.872407,0.500874,;900.872407,0.550993,;900.872407,0.601079,;864.597163,0.651157,;864.597163,0.701223,;864.597163,0.751306,;696.178691,0.801398,;696.178691,0.851487,;696.178691,0.901575,;696.178691,0.951668,;696.178691,1.00175,;694.919534,1.05188,;694.919534,1.10196,;694.919534,1.15209,;694.919534,1.20222,;694.919534,1.2523,;694.919534,1.30237,;694.919534,1.35246,;694.919534,1.40255,;694.919534,1.45264,;694.919534,1.50276,;694.919534,1.55284,;694.919534,1.60296,;694.919534,1.65305,;319.184706,1.70317,;319.184706,1.75326,;319.184706,1.80342,;319.184706,1.85352,;319.184706,1.90363,;319.184706,1.95375,;319.184706,2.00384,;319.184706,2.05392,;319.184706,2.104,;319.184706,2.15408,;319.184706,2.20413,;319.184706,2.25421,;310.081165,2.30429,;310.081165,2.35441,;310.081165,2.4045,;310.081165,2.45461,;310.081165,2.50469,;310.081165,2.55478,;310.081165,2.60487,;310.081165,2.65496,;310.081165,2.70507,;280.452929,2.75515,;280.452929,2.80527,;280.452929,2.85538,;280.452929,2.90546,;280.452929,2.95557,;280.452929,3.00573,;280.452929,3.05584,;280.452929,3.10595,;280.452929,3.15606,;280.452929,3.20615,;280.452929,3.25622,;280.452929,3.3063,;280.452929,3.35637,;280.452929,3.40644,;280.452929,3.45653,;280.452929,3.50665,;280.452929,3.55672,;280.452929,3.60686,;280.452929,3.65695,;280.452929,3.70703,;280.452929,3.75711,;280.452929,3.80719,;280.452929,3.85727,;280.452929,3.90735,;280.452929,3.95742,;280.452929,4.0075,;280.452929,4.05757,;280.452929,4.10765,;267.902212,4.15772,;257.830167,4.2078,;257.830167,4.25788,;257.830167,4.30795,;257.830167,4.35803,;257.830167,4.40808,;257.830167,4.45816,;257.830167,4.50823,;257.830167,4.55831,;257.830167,4.60838,;257.830167,4.65846,;257.830167,4.70853,;257.830167,4.75861,;257.830167,4.80868,;257.830167,4.85877,;257.830167,4.90884,;257.830167,4.95895,;257.830167,5.00904,;237.328026,5.05916,;237.328026,5.10924,;237.328026,5.15935,;237.328026,5.20947,;237.328026,5.25958,;237.328026,5.30969,;237.328026,5.35977,;237.328026,5.40987,;237.328026,5.45996,;237.328026,5.51005,;235.236678,5.56014,;235.236678,5.61023,;235.236678,5.66031,;235.236678,5.71039,;235.236678,5.76048,;235.236678,5.81059,;235.236678,5.86067,;235.236678,5.91077,;235.236678,5.96087,;235.236678,6.01096,;235.236678,6.06108,;235.236678,6.11117,;235.236678,6.16125,;235.236678,6.21133,;235.236678,6.26142,;235.236678,6.31152,;235.236678,6.3616,;235.236678,6.41172,;235.236678,6.46183,;235.236678,6.51195,;235.236678,6.56206,;235.236678,6.61214,;235.236678,6.66222,;235.236678,6.7123,;235.236678,6.76241,;235.236678,6.81249,;235.236678,6.8626,;235.236678,6.9127,;235.236678,6.96285,;235.236678,7.01296,;235.236678,7.06304,;235.236678,7.11316,;235.236678,7.16327,;235.236678,7.21336,;235.236678,7.26348,;235.236678,7.31357,;235.236678,7.36366,;235.236678,7.41374,;235.236678,7.46387,;235.236678,7.51396,;235.236678,7.56405,;235.236678,7.61415,;235.236678,7.66424,;235.236678,7.71432,;235.236678,7.76442,;235.236678,7.81454,;235.236678,7.86461,;235.236678,7.9147,;235.236678,7.96483,;235.236678,8.01491,;235.236678,8.06501,;235.236678,8.11513,;235.236678,8.16521,;235.236678,8.21529,;235.236678,8.26538,;235.236678,8.31547,;235.236678,8.36558,;235.236678,8.41569,;235.236678,8.46578,;235.236678,8.51587,;235.236678,8.56597,;235.236678,8.61605,;235.236678,8.66613,;235.236678,8.71621,;235.236678,8.76629,;235.236678,8.81636,;235.236678,8.86645,;235.236678,8.91654,;235.236678,8.96663,;235.236678,9.01672,;235.236678,9.06681,;235.236678,9.11689,;235.236678,9.167,;235.236678,9.21709,;235.236678,9.2672,;235.236678,9.31728,;235.236678,9.36737,;235.236678,9.41744,;235.236678,9.46756,;235.236678,9.51764,;235.236678,9.56772,;235.236678,9.61784,;235.236678,9.66791,;235.236678,9.71801,;235.236678,9.7681,;235.236678,9.81821,;235.236678,9.8683,;235.236678,9.91838,;235.236678,9.96847,;235.236678,10.0186,;235.236678,10.0686,;
inf,0.0500578,;813.201173,0.100147,;804.862501,0.150244,;804.862501,0.200338,;804.862501,0.250435,;804.862501,0.300522,;690.140170,0.350612,;690.140170,0.400703,;690.140170,0.450797,;673.986467,0.500885,;673.986467,0.55099,;673.986467,0.601111,;666.210255,0.651193,;666.210255,0.701274,;509.006390,0.751368,;509.006390,0.801468,;509.006390,0.85156,;509.006390,0.901683,;509.006390,0.951774,;509.006390,1.0019,;509.006390,1.05199,;509.006390,1.10212,;509.006390,1.15221,;509.006390,1.20234,;509.006390,1.25245,;509.006390,1.30257,;509.006390,1.35269,;509.006390,1.40281,;509.006390,1.45293,;509.006390,1.50303,;509.006390,1.55315,;509.006390,1.60323,;509.006390,1.65335,;509.006390,1.70345,;509.006390,1.75357,;509.006390,1.80366,;509.006390,1.85379,;509.006390,1.90389,;509.006390,1.95402,;509.006390,2.00414,;509.006390,2.05426,;300.990412,2.10435,;300.990412,2.15448,;300.990412,2.20456,;300.990412,2.25464,;300.990412,2.30473,;300.990412,2.35483,;300.990412,2.40492,;273.941495,2.45504,;273.941495,2.50515,;273.941495,2.55526,;273.941495,2.6054,;273.941495,2.65548,;273.941495,2.70556,;273.941495,2.75565,;273.941495,2.80575,;273.941495,2.85585,;273.941495,2.90593,;273.941495,2.95603,;273.941495,3.00612,;273.941495,3.05624,;273.941495,3.10637,;273.941495,3.15646,;273.941495,3.20655,;273.941495,3.25664,;273.941495,3.30677,;273.941495,3.35686,;273.941495,3.40695,;273.941495,3.45705,;273.941495,3.50713,;273.941495,3.55722,;273.941495,3.60732,;273.941495,3.65741,;273.941495,3.7075,;273.941495,3.75759,;273.941495,3.80771,;273.941495,3.8578,;273.941495,3.90789,;273.941495,3.95798,;273.941495,4.00807,;273.941495,4.05816,;273.941495,4.10825,;273.941495,4.15835,;273.941495,4.20842,;273.941495,4.25852,;273.941495,4.30861,;273.941495,4.3587,;273.941495,4.40879,;273.941495,4.45887,;273.941495,4.50895,;273.941495,4.55907,;273.941495,4.60916,;273.941495,4.65925,;273.941495,4.70934,;252.834193,4.75943,;252.834193,4.80954,;252.834193,4.85963,;252.834193,4.90973,;252.834193,4.95982,;252.834193,5.00995,;252.834193,5.06003,;252.834193,5.11012,;252.834193,5.16022,;252.834193,5.21034,;252.834193,5.26048,;252.834193,5.31057,;252.834193,5.36069,;235.632367,5.41078,;235.632367,5.46087,;235.632367,5.51099,;235.632367,5.56108,;235.632367,5.61117,;235.632367,5.66125,;235.632367,5.71139,;235.632367,5.76151,;235.632367,5.8116,;235.632367,5.86172,;235.632367,5.91182,;235.632367,5.96194,;235.632367,6.01203,;235.632367,6.06211,;235.632367,6.1122,;235.632367,6.16229,;235.632367,6.21239,;235.632367,6.26251,;235.632367,6.31261,;235.632367,6.3627,;235.632367,6.41279,;235.632367,6.46287,;235.632367,6.51298,;235.632367,6.56307,;235.632367,6.61317,;235.632367,6.66325,;235.632367,6.71337,;235.632367,6.76349,;235.632367,6.81361,;235.632367,6.8637,;235.632367,6.91378,;235.632367,6.96388,;235.632367,7.01401,;235.632367,7.0641,;235.632367,7.11422,;235.632367,7.16436,;235.632367,7.21447,;235.632367,7.26457,;235.632367,7.31469,;235.632367,7.36478,;235.632367,7.41488,;235.632367,7.46497,;235.632367,7.51505,;235.632367,7.56514,;235.632367,7.61522,;235.632367,7.66532,;235.632367,7.71541,;235.632367,7.76549,;235.632367,7.81557,;235.632367,7.86566,;235.632367,7.91575,;235.632367,7.96586,;235.632367,8.01595,;235.632367,8.06604,;235.632367,8.11614,;235.632367,8.16626,;235.632367,8.21635,;235.632367,8.26644,;235.632367,8.31652,;235.632367,8.3666,;235.632367,8.41673,;235.632367,8.46684,;235.632367,8.51697,;235.632367,8.56702,;235.632367,8.61714,;235.632367,8.66726,;235.632367,8.71738,;235.632367,8.76747,;235.632367,8.81759,;235.632367,8.86769,;235.632367,8.91781,;235.632367,8.96793,;235.632367,9.01805,;235.632367,9.06814,;235.632367,9.11827,;235.632367,9.16839,;235.632367,9.21851,;235.632367,9.2686,;235.632367,9.31873,;235.632367,9.36882,;235.632367,9.41894,;235.632367,9.46905,;235.632367,9.51917,;235.632367,9.56929,;235.632367,9.61938,;235.632367,9.66947,;235.632367,9.71958,;235.632367,9.76968,;235.632367,9.81978,;235.632367,9.8699,;235.632367,9.92001,;235.632367,9.97011,;235.632367,10.0202,;
837.585201,0.0500719,;789.577726,0.100166,;789.577726,0.150287,;789.577726,0.20038,;789.577726,0.2505,;789.577726,0.300581,;789.577726,0.350675,;789.577726,0.400766,;789.577726,0.450885,;779.649661,0.501005,;779.649661,0.5511,;779.649661,0.601195,;756.236825,0.651287,;756.236825,0.701387,;756.236825,0.751485,;402.059857,0.801594,;402.059857,0.851681,;385.599091,0.901768,;385.599091,0.951862,;385.599091,1.00195,;385.599091,1.05205,;385.599091,1.10215,;385.599091,1.15225,;385.599091,1.20235,;385.599091,1.25244,;385.599091,1.30256,;385.599091,1.35266,;385.599091,1.40278,;385.599091,1.45286,;385.599091,1.50295,;380.406551,1.55304,;380.406551,1.60313,;380.406551,1.65323,;380.406551,1.70333,;380.406551,1.75345,;380.406551,1.80353,;380.406551,1.85362,;380.406551,1.90371,;380.406551,1.95379,;380.406551,2.00388,;372.448767,2.05396,;372.448767,2.10404,;372.448767,2.15413,;372.448767,2.20424,;372.448767,2.25434,;372.448767,2.30447,;372.448767,2.35453,;372.448767,2.40463,;372.448767,2.45469,;372.448767,2.50482,;305.191182,2.5549,;305.191182,2.60499,;305.191182,2.65507,;305.191182,2.70516,;305.191182,2.75526,;305.191182,2.80535,;305.191182,2.85544,;305.191182,2.90559,;305.191182,2.95567,;305.191182,3.00577,;305.191182,3.05586,;305.191182,3.10596,;305.191182,3.15605,;305.191182,3.20614,;305.191182,3.25622,;305.191182,3.30631,;305.191182,3.3564,;305.191182,3.4065,;305.191182,3.4566,;305.191182,3.50673,;305.191182,3.55682,;305.191182,3.6069,;297.407875,3.65699,;297.407875,3.70712,;297.407875,3.75721,;297.407875,3.8073,;297.407875,3.8574,;297.407875,3.90752,;297.407875,3.95764,;297.407875,4.00773,;297.407875,4.05782,;297.407875,4.10791,;297.407875,4.158,;297.407875,4.20814,;294.590299,4.25823,;294.590299,4.30831,;294.590299,4.3584,;294.590299,4.4085,;294.590299,4.4586,;294.590299,4.50869,;294.590299,4.55878,;294.590299,4.6089,;294.590299,4.65899,;294.590299,4.70908,;294.590299,4.75917,;294.590299,4.80925,;294.590299,4.85933,;294.590299,4.90942,;294.590299,4.95948,;294.590299,5.00959,;294.590299,5.05968,;294.590299,5.10977,;294.590299,5.15985,;294.590299,5.20995,;294.590299,5.26003,;293.401409,5.31011,;293.401409,5.36019,;293.401409,5.41027,;293.401409,5.46037,;293.401409,5.51047,;293.401409,5.56055,;293.401409,5.61066,;282.276961,5.66074,;282.276961,5.71082,;282.276961,5.76092,;282.276961,5.811,;282.276961,5.86112,;282.276961,5.91124,;282.276961,5.96136,;282.276961,6.01148,;282.276961,6.0616,;282.276961,6.11167,;281.936217,6.16176,;281.936217,6.21186,;281.936217,6.26198,;281.936217,6.31207,;257.524243,6.36215,;257.524243,6.41224,;257.524243,6.46237,;257.524243,6.51241,;257.524243,6.56251,;257.524243,6.61259,;257.524243,6.66268,;257.524243,6.71277,;257.524243,6.76287,;257.524243,6.81299,;257.524243,6.86308,;257.524243,6.91317,;257.524243,6.96327,;257.524243,7.01339,;251.079887,7.06348,;251.079887,7.11359,;251.079887,7.16367,;251.079887,7.21377,;235.278642,7.26387,;235.278642,7.31397,;235.278642,7.36405,;235.278642,7.41414,;235.278642,7.46425,;235.278642,7.51435,;235.278642,7.56445,;235.278642,7.61455,;235.278642,7.66467,;235.278642,7.71478,;235.278642,7.76487,;235.278642,7.81499,;235.278642,7.86511,;235.278642,7.91522,;235.278642,7.96532,;235.278642,8.01542,;235.278642,8.06551,;235.278642,8.11563,;235.278642,8.16571,;235.278642,8.21579,;235.278642,8.26587,;235.278642,8.31595,;235.278642,8.36605,;235.278642,8.41613,;235.278642,8.46623,;235.278642,8.51632,;235.278642,8.56641,;235.278642,8.61649,;235.278642,8.66662,;235.278642,8.71674,;235.278642,8.76684,;235.278642,8.81696,;235.278642,8.86705,;235.278642,8.91714,;235.278642,8.96724,;235.278642,9.01733,;235.278642,9.06742,;235.278642,9.11753,;235.278642,9.16761,;235.278642,9.21771,;235.278642,9.26781,;235.278642,9.31793,;235.278642,9.36802,;235.278642,9.41814,;235.278642,9.46823,;235.278642,9.51832,;235.278642,9.5684,;235.278642,9.61851,;235.278642,9.6686,;235.278642,9.71873,;235.278642,9.76881,;235.278642,9.81893,;235.278642,9.869,;235.278642,9.91909,;235.278642,9.96918,;235.278642,10.0193,;235.278642,10.0694,;
inf,0.0500973,;718.262511,0.100146,;718.262511,0.150257,;671.793520,0.20033,;671.793520,0.250409,;671.793520,0.300479,;671.793520,0.350561,;671.793520,0.400646,;671.793520,0.450764,;671.793520,0.500849,;466.563852,0.550938,;466.563852,0.601026,;422.264649,0.651147,;422.264649,0.701236,;422.264649,0.751331,;422.264649,0.801422,;422.264649,0.851525,;422.264649,0.901617,;422.264649,0.951735,;420.455880,1.00182,;420.455880,1.05192,;420.455880,1.10203,;420.455880,1.15214,;420.455880,1.20225,;420.455880,1.25235,;419.040473,1.30246,;419.040473,1.35255,;419.040473,1.40266,;419.040473,1.45274,;419.040473,1.50286,;419.040473,1.55295,;419.040473,1.60304,;419.040473,1.65312,;419.040473,1.70322,;419.040473,1.75333,;419.040473,1.80342,;419.040473,1.85351,;419.040473,1.9036,;419.040473,1.95368,;419.040473,2.0038,;419.040473,2.05389,;419.040473,2.10401,;419.040473,2.15413,;419.040473,2.20425,;419.040473,2.25433,;419.040473,2.30441,;419.040473,2.35453,;419.040473,2.4046,;419.040473,2.4547,;419.040473,2.5048,;419.040473,2.55493,;419.040473,2.60502,;419.040473,2.6551,;419.040473,2.70518,;419.040473,2.7553,;419.040473,2.80541,;419.040473,2.85551,;419.040473,2.90562,;419.040473,2.95571,;419.040473,3.00579,;419.040473,3.05589,;419.040473,3.10602,;419.040473,3.15614,;419.040473,3.20626,;419.040473,3.25638,;419.040473,3.30647,;419.040473,3.35655,;419.040473,3.40665,;419.040473,3.45676,;419.040473,3.50685,;266.335593,3.55696,;266.335593,3.60705,;266.335593,3.65716,;266.335593,3.70726,;255.835939,3.75737,;255.835939,3.80748,;255.835939,3.85765,;255.835939,3.90775,;255.835939,3.95786,;255.835939,4.00796,;255.835939,4.05805,;255.835939,4.10819,;255.835939,4.15828,;255.835939,4.20842,;255.835939,4.25852,;255.835939,4.30861,;255.835939,4.35866,;255.835939,4.40874,;255.835939,4.45882,;255.835939,4.5089,;255.835939,4.559,;255.835939,4.6091,;255.835939,4.65922,;255.835939,4.70931,;255.835939,4.75944,;255.835939,4.80951,;255.835939,4.85959,;255.835939,4.90967,;255.835939,4.95975,;255.835939,5.00983,;255.835939,5.05993,;255.835939,5.11001,;255.835939,5.16011,;255.835939,5.2102,;255.835939,5.26029,;255.835939,5.31038,;255.835939,5.36045,;255.835939,5.41053,;255.835939,5.4606,;255.835939,5.51068,;255.835939,5.56076,;255.835939,5.61086,;255.835939,5.66095,;255.835939,5.71104,;255.835939,5.76113,;255.835939,5.81123,;255.835939,5.86135,;255.835939,5.91143,;255.835939,5.96151,;255.835939,6.0116,;255.835939,6.0617,;255.835939,6.11176,;255.835939,6.16187,;255.835939,6.212,;255.835939,6.2621,;255.835939,6.31219,;255.835939,6.36227,;255.835939,6.41237,;255.835939,6.46246,;255.835939,6.51255,;255.835939,6.56265,;255.835939,6.61275,;255.835939,6.66286,;255.835939,6.71295,;255.835939,6.76307,;255.835939,6.81316,;255.835939,6.86325,;255.835939,6.91334,;255.835939,6.96343,;255.835939,7.01352,;255.835939,7.06362,;255.835939,7.1137,;255.835939,7.16381,;255.835939,7.21389,;255.835939,7.26398,;255.835939,7.31406,;255.835939,7.36413,;255.835939,7.41421,;255.835939,7.46429,;255.835939,7.51436,;255.835939,7.56444,;255.835939,7.61452,;255.835939,7.66461,;255.835939,7.7147,;255.835939,7.76481,;255.835939,7.8149,;255.835939,7.865,;255.835939,7.91508,;255.835939,7.96517,;255.835939,8.01525,;255.835939,8.06535,;255.835939,8.11545,;247.319896,8.16554,;247.319896,8.21563,;247.319896,8.26572,;247.319896,8.31583,;247.319896,8.36594,;247.319896,8.41604,;247.319896,8.46613,;247.319896,8.51623,;247.319896,8.56632,;247.319896,8.61635,;247.319896,8.66644,;247.319896,8.71652,;247.319896,8.7666,;247.319896,8.81669,;247.319896,8.86677,;247.319896,8.91686,;247.319896,8.96694,;247.319896,9.01704,;247.319896,9.06713,;247.319896,9.11723,;247.319896,9.16727,;247.319896,9.21736,;247.319896,9.26745,;247.319896,9.31753,;247.319896,9.36761,;247.319896,9.4177,;247.319896,9.46779,;247.319896,9.51788,;247.319896,9.56798,;247.319896,9.61807,;247.319896,9.66815,;245.022350,9.71823,;245.022350,9.76831,;245.022350,9.81839,;242.951596,9.86846,;242.951596,9.91854,;242.951596,9.96863,;
inf,0.0500724,;inf,0.100161,;890.314643,0.150259,;524.416128,0.200349,;465.271762,0.25044,;465.271762,0.300527,;465.271762,0.350607,;465.271762,0.400682,;465.271762,0.450775,;465.271762,0.500921,;465.271762,0.551028,;465.271762,0.601104,;465.271762,0.651188,;465.271762,0.701267,;465.271762,0.751355,;465.271762,0.801471,;465.271762,0.851549,;465.271762,0.901674,;465.271762,0.951749,;465.271762,1.00183,;465.271762,1.05192,;465.271762,1.102,;465.271762,1.15208,;465.271762,1.20216,;465.271762,1.25224,;465.271762,1.30233,;465.271762,1.35242,;465.271762,1.40252,;465.271762,1.4526,;465.271762,1.5027,;465.271762,1.55279,;465.271762,1.60289,;465.271762,1.65297,;465.271762,1.70307,;465.271762,1.7532,;465.271762,1.80328,;465.271762,1.85338,;465.271762,1.90352,;465.271762,1.9536,;465.271762,2.0037,;465.271762,2.05382,;465.271762,2.10391,;465.271762,2.15404,;465.271762,2.20413,;465.271762,2.25422,;465.271762,2.30431,;281.068175,2.35444,;281.068175,2.40453,;281.068175,2.45461,;281.068175,2.50475,;281.068175,2.55487,;280.797112,2.60496,;280.797112,2.65505,;280.797112,2.70514,;280.797112,2.75525,;280.797112,2.80533,;271.088206,2.85542,;271.088206,2.90551,;271.088206,2.9556,;271.088206,3.00573,;271.088206,3.05583,;271.088206,3.10598,;271.088206,3.15608,;271.088206,3.20617,;271.088206,3.25626,;271.088206,3.30636,;271.088206,3.35646,;271.088206,3.40656,;271.088206,3.45665,;271.088206,3.50674,;271.088206,3.55684,;271.088206,3.60695,;271.088206,3.65705,;271.088206,3.70716,;271.088206,3.75727,;271.088206,3.80735,;271.088206,3.85749,;271.088206,3.90757,;271.088206,3.95766,;271.088206,4.00776,;271.088206,4.05788,;271.088206,4.10798,;271.088206,4.15807,;271.088206,4.20816,;271.088206,4.25824,;271.088206,4.30833,;271.088206,4.35846,;271.088206,4.40858,;271.088206,4.45866,;271.088206,4.50876,;271.088206,4.55887,;271.088206,4.60897,;271.088206,4.65909,;271.088206,4.70921,;271.088206,4.75931,;271.088206,4.80943,;271.088206,4.85953,;271.088206,4.90968,;271.088206,4.95976,;271.088206,5.00986,;271.088206,5.05996,;271.088206,5.11008,;271.088206,5.16019,;271.088206,5.2103,;271.088206,5.26039,;271.088206,5.31047,;255.465284,5.36055,;255.465284,5.41065,;255.465284,5.46074,;255.465284,5.51089,;255.465284,5.56097,;255.465284,5.61114,;255.465284,5.66125,;255.465284,5.71137,;255.465284,5.76145,;255.465284,5.81154,;255.465284,5.86163,;255.465284,5.91172,;255.465284,5.96181,;255.465284,6.0119,;247.549308,6.06203,;247.549308,6.1121,;247.549308,6.16219,;247.549308,6.21228,;247.549308,6.26237,;247.549308,6.31247,;247.549308,6.36255,;247.549308,6.41264,;247.549308,6.46274,;247.549308,6.51282,;247.549308,6.56298,;247.549308,6.61307,;247.549308,6.66317,;247.549308,6.71326,;247.549308,6.76336,;247.549308,6.81349,;247.549308,6.86357,;246.246431,6.91365,;246.246431,6.96373,;246.246431,7.01383,;246.246431,7.06392,;246.246431,7.11401,;246.246431,7.1641,;246.246431,7.21423,;246.246431,7.26433,;246.246431,7.31442,;246.246431,7.36452,;246.246431,7.4146,;246.246431,7.46471,;246.246431,7.51479,;246.246431,7.5649,;246.246431,7.615,;242.565127,7.66508,;242.565127,7.71521,;242.565127,7.7653,;242.565127,7.8154,;242.565127,7.8655,;242.565127,7.91558,;242.565127,7.96568,;242.565127,8.0158,;242.565127,8.06591,;242.565127,8.11602,;242.565127,8.16612,;242.565127,8.21621,;242.565127,8.26634,;242.565127,8.31643,;242.565127,8.36654,;242.565127,8.41665,;242.565127,8.46677,;242.565127,8.51686,;242.565127,8.56698,;242.565127,8.61707,;242.565127,8.66716,;242.565127,8.71726,;242.565127,8.76739,;242.565127,8.81752,;242.565127,8.8676,;242.565127,8.91768,;242.565127,8.96777,;242.565127,9.01787,;242.565127,9.06797,;242.565127,9.11807,;242.565127,9.16816,;242.565127,9.21826,;242.565127,9.26836,;242.565127,9.31849,;242.565127,9.36859,;242.565127,9.41872,;242.565127,9.46882,;242.565127,9.5189,;242.565127,9.56899,;242.565127,9.61908,;242.565127,9.66915,;242.565127,9.71922,;242.565127,9.76929,;242.565127,9.81937,;242.565127,9.86944,;242.565127,9.9195,;242.565127,9.96962,;242.565127,10.0197,;242.565127,10.0698,;
550.018424,0.05006,;540.922337,0.100151,;540.922337,0.150245,;540.922337,0.200324,;540.922337,0.250411,;540.922337,0.300529,;540.922337,0.350613,;540.922337,0.400699,;540.922337,0.450784,;540.922337,0.500865,;540.922337,0.550944,;540.922337,0.601041,;540.922337,0.651135,;525.099590,0.701218,;525.099590,0.751305,;525.099590,0.801434,;525.099590,0.851484,;525.099590,0.901597,;525.099590,0.95168,;525.099590,1.00176,;525.099590,1.05186,;525.099590,1.10194,;525.099590,1.15203,;525.099590,1.2021,;525.099590,1.2522,;525.099590,1.30229,;525.099590,1.35242,;525.099590,1.40254,;525.099590,1.45262,;525.099590,1.50271,;525.099590,1.55279,;525.099590,1.60288,;525.099590,1.65297,;525.099590,1.70307,;525.099590,1.75316,;525.099590,1.80325,;525.099590,1.85335,;525.099590,1.90346,;492.649697,1.95356,;492.649697,2.00363,;492.649697,2.05371,;492.649697,2.1038,;492.649697,2.15389,;492.649697,2.20396,;273.046943,2.25404,;273.046943,2.30415,;273.046943,2.35423,;273.046943,2.40431,;273.046943,2.45443,;273.046943,2.50453,;273.046943,2.55463,;254.592025,2.60471,;254.592025,2.65486,;254.592025,2.70494,;254.592025,2.75502,;254.592025,2.8051,;254.592025,2.8552,;254.592025,2.90529,;254.592025,2.95542,;254.592025,3.00551,;254.592025,3.0556,;254.592025,3.10568,;254.592025,3.15577,;254.592025,3.20586,;254.592025,3.25596,;254.592025,3.30606,;254.592025,3.35615,;254.592025,3.40624,;254.592025,3.45633,;254.592025,3.50642,;254.592025,3.55651,;254.592025,3.60661,;254.592025,3.65673,;254.592025,3.70682,;254.592025,3.75693,;254.592025,3.80705,;254.592025,3.85715,;254.592025,3.90723,;248.470359,3.95732,;248.470359,4.00741,;248.470359,4.05749,;248.470359,4.10756,;248.470359,4.15765,;246.713285,4.20773,;246.713285,4.25781,;246.713285,4.3079,;246.713285,4.35799,;246.254059,4.40808,;246.254059,4.45816,;246.254059,4.50825,;246.254059,4.55836,;246.254059,4.60844,;246.254059,4.65856,;246.254059,4.70865,;246.254059,4.75874,;246.254059,4.80889,;246.254059,4.859,;246.254059,4.90908,;239.616497,4.9592,;239.616497,5.00929,;239.616497,5.05938,;239.616497,5.10947,;239.616497,5.15955,;239.616497,5.20963,;239.616497,5.25972,;239.616497,5.30981,;239.616497,5.3599,;239.616497,5.40999,;239.616497,5.46009,;239.616497,5.51018,;239.616497,5.56027,;239.616497,5.61036,;239.616497,5.66046,;239.616497,5.71055,;239.616497,5.76065,;239.616497,5.81074,;239.616497,5.86082,;239.616497,5.91091,;239.616497,5.961,;239.616497,6.01108,;239.616497,6.06117,;239.616497,6.11126,;239.616497,6.16136,;239.616497,6.21144,;239.616497,6.26158,;239.616497,6.31166,;239.616497,6.36177,;239.616497,6.41186,;239.616497,6.46197,;239.616497,6.51206,;239.616497,6.56214,;239.616497,6.61222,;239.616497,6.66232,;239.616497,6.7124,;239.616497,6.76248,;239.616497,6.8126,;239.616497,6.86269,;239.616497,6.91277,;239.616497,6.96289,;239.616497,7.01298,;239.616497,7.06308,;239.616497,7.11317,;239.616497,7.16326,;239.616497,7.21337,;239.616497,7.26349,;239.616497,7.31358,;239.616497,7.36366,;239.616497,7.41375,;239.616497,7.46383,;239.616497,7.51392,;239.616497,7.56401,;239.616497,7.61411,;239.616497,7.66419,;239.616497,7.71427,;239.616497,7.76436,;235.963211,7.81445,;235.963211,7.86458,;235.963211,7.91469,;235.963211,7.9648,;235.963211,8.0149,;235.963211,8.06502,;235.963211,8.11513,;235.963211,8.16525,;235.963211,8.21533,;235.963211,8.26543,;235.963211,8.31549,;235.963211,8.36558,;235.963211,8.41567,;235.963211,8.46576,;235.963211,8.51586,;235.963211,8.56596,;235.963211,8.61607,;235.963211,8.66619,;235.963211,8.71627,;235.963211,8.76638,;235.963211,8.81648,;235.963211,8.86657,;235.963211,8.91667,;235.963211,8.96676,;235.963211,9.01688,;235.963211,9.06697,;235.963211,9.11709,;235.963211,9.16717,;235.963211,9.21729,;235.963211,9.26741,;235.963211,9.31751,;235.963211,9.3676,;235.963211,9.41768,;235.963211,9.46777,;235.963211,9.51788,;235.963211,9.56797,;235.963211,9.61805,;235.963211,9.66813,;235.963211,9.71822,;235.963211,9.76833,;235.963211,9.81845,;235.963211,9.86854,;235.963211,9.91864,;235.963211,9.96874,;235.963211,10.0188,;235.963211,10.0689,;
420.707958,0.0500751,;420.707958,0.100218,;420.707958,0.150304,;420.707958,0.200391,;420.707958,0.25048,;420.707958,0.30058,;420.707958,0.350676,;420.707958,0.400768,;420.707958,0.450858,;420.707958,0.500947,;420.707958,0.551036,;402.713281,0.601128,;402.713281,0.65122,;402.713281,0.701318,;402.713281,0.751411,;402.713281,0.801492,;402.713281,0.851591,;402.713281,0.901675,;402.713281,0.951768,;402.713281,1.00187,;402.713281,1.05197,;402.713281,1.10205,;402.713281,1.15214,;402.713281,1.20223,;402.713281,1.25233,;402.713281,1.30241,;402.713281,1.35251,;402.713281,1.40259,;402.713281,1.45267,;402.713281,1.50278,;402.713281,1.55286,;402.713281,1.60295,;402.713281,1.65302,;402.713281,1.70314,;402.713281,1.75324,;402.713281,1.80332,;402.713281,1.85341,;402.713281,1.90349,;402.713281,1.9536,;402.713281,2.00369,;402.713281,2.05377,;402.713281,2.10386,;402.713281,2.15394,;402.713281,2.20404,;243.167552,2.25412,;243.167552,2.30423,;243.167552,2.35431,;243.167552,2.40439,;243.167552,2.45448,;243.167552,2.50457,;243.167552,2.55465,;243.167552,2.60471,;243.167552,2.6548,;243.167552,2.70488,;243.167552,2.755,;243.167552,2.80508,;243.167552,2.85518,;243.167552,2.90526,;243.167552,2.95533,;243.167552,3.00546,;243.167552,3.05557,;243.167552,3.10566,;243.167552,3.15576,;243.167552,3.20588,;243.167552,3.25597,;243.167552,3.3061,;243.167552,3.35618,;243.167552,3.40626,;243.167552,3.45636,;243.167552,3.50645,;243.167552,3.55654,;242.723337,3.60662,;242.723337,3.65672,;242.723337,3.70681,;242.723337,3.75689,;242.723337,3.80697,;242.723337,3.85708,;242.485305,3.90719,;242.485305,3.95728,;242.485305,4.00737,;242.485305,4.05745,;242.485305,4.10754,;242.485305,4.15763,;242.485305,4.20772,;242.485305,4.2578,;242.485305,4.30789,;242.485305,4.35798,;242.485305,4.40807,;242.485305,4.45815,;242.485305,4.50825,;242.485305,4.55833,;242.485305,4.60842,;242.485305,4.65851,;242.485305,4.7086,;242.485305,4.75868,;242.485305,4.80876,;242.485305,4.85885,;242.485305,4.90894,;242.485305,4.95903,;242.485305,5.00912,;242.485305,5.05921,;242.485305,5.10931,;242.485305,5.1594,;242.485305,5.2095,;242.485305,5.25959,;242.485305,5.30968,;242.485305,5.35978,;242.485305,5.40987,;242.485305,5.45997,;242.485305,5.51005,;242.485305,5.56014,;242.485305,5.61024,;242.485305,5.66033,;242.485305,5.71042,;242.485305,5.76051,;242.485305,5.81062,;242.485305,5.86069,;242.485305,5.91082,;242.485305,5.96091,;242.485305,6.01103,;242.485305,6.06115,;242.485305,6.11127,;242.485305,6.16136,;242.485305,6.21146,;242.485305,6.26155,;242.485305,6.31164,;242.485305,6.36174,;242.485305,6.41184,;242.485305,6.46194,;242.485305,6.51204,;242.485305,6.56214,;242.485305,6.61226,;242.485305,6.66234,;242.485305,6.71246,;242.485305,6.76258,;242.485305,6.8127,;242.485305,6.86279,;242.485305,6.91292,;242.485305,6.96306,;242.485305,7.01316,;242.485305,7.06327,;242.485305,7.11339,;242.485305,7.16351,;242.485305,7.21359,;242.485305,7.26368,;242.485305,7.31376,;240.962692,7.36388,;240.962692,7.41397,;240.962692,7.46409,;240.962692,7.51421,;240.962692,7.56432,;240.962692,7.61443,;240.962692,7.66454,;240.962692,7.71466,;240.962692,7.76474,;240.962692,7.81486,;240.962692,7.86494,;240.962692,7.91507,;240.962692,7.96516,;240.962692,8.01529,;240.962692,8.06538,;240.962692,8.11548,;240.962692,8.16556,;240.962692,8.21568,;240.962692,8.26576,;240.962692,8.3159,;240.962692,8.36598,;240.962692,8.41608,;240.962692,8.46617,;240.962692,8.51628,;240.962692,8.56634,;240.962692,8.61643,;240.962692,8.66652,;240.962692,8.71661,;240.962692,8.76671,;240.962692,8.8168,;240.962692,8.86688,;240.962692,8.91697,;240.962692,8.96705,;240.962692,9.01715,;240.962692,9.06728,;240.962692,9.11737,;240.962692,9.16748,;227.663690,9.21758,;227.663690,9.26771,;227.663690,9.31783,;227.663690,9.36795,;227.663690,9.41807,;227.663690,9.46816,;227.663690,9.51825,;227.663690,9.56834,;227.663690,9.61846,;227.663690,9.66854,;227.663690,9.71864,;227.663690,9.76869,;227.663690,9.81881,;227.663690,9.86888,;227.663690,9.91898,;227.663690,9.96904,;227.663690,10.0191,;
inf,0.0500988,;578.217418,0.10018,;578.217418,0.150265,;578.217418,0.20036,;578.217418,0.250447,;578.217418,0.30053,;578.217418,0.350626,;578.217418,0.400786,;553.081136,0.450908,;553.081136,0.500999,;553.081136,0.551124,;542.488988,0.60122,;542.488988,0.651312,;542.488988,0.701433,;542.488988,0.751527,;542.488988,0.801649,;542.488988,0.85177,;523.786305,0.901883,;520.850868,0.951976,;520.850868,1.0021,;503.838640,1.05223,;503.838640,1.10231,;503.838640,1.15244,;503.838640,1.20252,;503.838640,1.25261,;503.838640,1.30271,;503.838640,1.35283,;503.838640,1.40291,;503.838640,1.45302,;503.838640,1.50311,;503.838640,1.55324,;503.838640,1.60333,;503.838640,1.65346,;503.838640,1.70355,;503.838640,1.75365,;503.838640,1.80374,;503.838640,1.85383,;503.838640,1.90387,;503.838640,1.95396,;503.838640,2.00406,;503.838640,2.05415,;503.838640,2.10423,;503.838640,2.15429,;503.838640,2.20438,;503.838640,2.25447,;503.838640,2.30457,;503.838640,2.35466,;497.466355,2.40474,;497.466355,2.45483,;497.466355,2.50493,;408.839637,2.55503,;408.839637,2.60512,;408.839637,2.65521,;408.839637,2.70536,;408.839637,2.75548,;408.839637,2.80558,;408.839637,2.85571,;408.839637,2.9058,;408.839637,2.9559,;408.839637,3.006,;408.839637,3.05612,;408.839637,3.10621,;408.839637,3.15635,;408.839637,3.20643,;365.105297,3.25652,;365.105297,3.30663,;275.941728,3.35672,;275.941728,3.40681,;275.941728,3.45693,;275.941728,3.50703,;275.941728,3.55712,;275.941728,3.60722,;275.941728,3.65731,;275.941728,3.70744,;275.941728,3.75752,;275.941728,3.8076,;275.941728,3.85773,;275.941728,3.90785,;275.941728,3.95797,;275.941728,4.00809,;275.941728,4.05816,;275.941728,4.10828,;275.941728,4.15836,;275.941728,4.20847,;275.941728,4.25859,;275.941728,4.30871,;268.055014,4.3588,;259.326172,4.40893,;259.326172,4.45905,;259.326172,4.50914,;259.326172,4.55923,;249.965501,4.60937,;249.965501,4.65947,;249.965501,4.70957,;249.965501,4.75966,;249.965501,4.80978,;249.965501,4.85987,;249.965501,4.90998,;249.965501,4.96007,;249.965501,5.01013,;249.965501,5.06022,;249.965501,5.11031,;249.965501,5.16039,;249.965501,5.21048,;249.965501,5.26059,;249.965501,5.31068,;249.965501,5.3608,;249.965501,5.41092,;249.965501,5.46104,;249.965501,5.51114,;249.965501,5.56122,;249.965501,5.61132,;249.965501,5.66145,;249.965501,5.71157,;249.965501,5.76169,;249.965501,5.81181,;249.965501,5.8619,;249.965501,5.91202,;249.965501,5.9621,;249.965501,6.01222,;249.965501,6.0623,;249.965501,6.11238,;249.965501,6.16252,;249.965501,6.21264,;249.965501,6.26273,;249.965501,6.31281,;249.965501,6.36292,;239.405761,6.41305,;239.405761,6.46313,;239.405761,6.51321,;239.405761,6.56329,;239.405761,6.61339,;239.405761,6.66348,;239.405761,6.71361,;239.405761,6.7637,;239.405761,6.81382,;239.405761,6.8639,;239.405761,6.91398,;239.405761,6.9641,;239.405761,7.01423,;239.405761,7.06433,;239.405761,7.11441,;239.405761,7.16454,;239.405761,7.21464,;239.405761,7.26476,;239.405761,7.31485,;239.405761,7.36497,;239.405761,7.41506,;239.405761,7.46515,;239.405761,7.51525,;239.405761,7.56534,;239.405761,7.61547,;239.405761,7.66561,;239.405761,7.71571,;239.405761,7.76579,;239.405761,7.81588,;235.408299,7.86597,;235.408299,7.9161,;235.408299,7.96622,;235.408299,8.01631,;235.408299,8.06639,;235.408299,8.11651,;235.408299,8.1666,;235.408299,8.21675,;235.408299,8.26685,;235.408299,8.31698,;235.408299,8.36708,;235.408299,8.41719,;235.408299,8.46729,;235.408299,8.51741,;235.408299,8.5675,;235.408299,8.6176,;235.408299,8.66772,;235.408299,8.71786,;235.408299,8.76799,;235.408299,8.81809,;235.408299,8.86818,;235.408299,8.91826,;235.408299,8.96837,;235.408299,9.01845,;235.408299,9.06853,;235.408299,9.11863,;235.408299,9.16872,;230.735078,9.2188,;230.735078,9.26892,;230.735078,9.319,;230.735078,9.3691,;230.735078,9.4192,;230.735078,9.46931,;230.735078,9.51942,;230.735078,9.5695,;230.735078,9.61958,;230.735078,9.66966,;230.735078,9.71977,;230.735078,9.76985,;230.735078,9.81996,;230.735078,9.87003,;230.735078,9.92016,;230.735078,9.97023,;
inf,0.05006,;467.695467,0.100148,;467.695467,0.150228,;412.752354,0.200306,;384.609315,0.250381,;384.609315,0.30046,;384.609315,0.350541,;384.609315,0.400619,;384.609315,0.450703,;384.609315,0.500844,;384.609315,0.550936,;384.609315,0.601034,;384.609315,0.651123,;384.609315,0.701217,;384.609315,0.751304,;384.609315,0.801387,;384.609315,0.851476,;384.609315,0.90156,;384.609315,0.951676,;384.609315,1.00176,;384.609315,1.05185,;384.609315,1.10194,;384.609315,1.15205,;384.609315,1.20216,;384.609315,1.25224,;384.609315,1.30233,;384.609315,1.35241,;384.609315,1.40251,;324.759229,1.45259,;299.750027,1.5027,;299.750027,1.55279,;299.750027,1.60292,;299.750027,1.65301,;299.750027,1.7031,;299.750027,1.7532,;299.750027,1.8033,;299.750027,1.85339,;299.750027,1.90347,;299.750027,1.95355,;299.750027,2.00363,;299.750027,2.05371,;299.750027,2.10379,;299.750027,2.15387,;299.750027,2.20395,;299.750027,2.25403,;299.750027,2.3041,;299.750027,2.35418,;299.750027,2.40427,;299.750027,2.45435,;280.240347,2.50442,;280.240347,2.5545,;280.240347,2.60458,;272.292403,2.65466,;272.292403,2.70474,;259.969671,2.75481,;259.969671,2.80491,;259.969671,2.85499,;259.969671,2.90509,;259.969671,2.95521,;259.969671,3.00533,;259.969671,3.05545,;259.969671,3.10557,;259.969671,3.15568,;259.969671,3.20578,;259.969671,3.2559,;259.969671,3.306,;259.969671,3.35612,;259.969671,3.40621,;259.969671,3.45638,;259.969671,3.50646,;259.969671,3.55655,;259.969671,3.60664,;259.969671,3.65674,;259.969671,3.70683,;259.969671,3.75692,;259.969671,3.80701,;259.969671,3.85711,;259.969671,3.90721,;259.969671,3.95729,;259.969671,4.00737,;259.969671,4.05745,;259.969671,4.10753,;259.969671,4.15762,;259.969671,4.20769,;259.969671,4.25777,;259.969671,4.30785,;259.969671,4.35794,;259.969671,4.40808,;259.969671,4.45816,;259.969671,4.50825,;259.969671,4.55835,;259.969671,4.60844,;259.969671,4.65852,;259.969671,4.70864,;259.969671,4.75875,;259.969671,4.80883,;259.969671,4.85892,;259.969671,4.90904,;259.969671,4.95913,;259.193043,5.00921,;246.853997,5.05933,;246.853997,5.10941,;246.853997,5.15949,;246.853997,5.20958,;246.853997,5.25966,;246.853997,5.30974,;246.853997,5.35982,;246.853997,5.4099,;246.853997,5.45998,;244.414164,5.51007,;244.414164,5.56015,;244.414164,5.61023,;244.414164,5.66029,;244.414164,5.71039,;244.414164,5.7605,;244.414164,5.8106,;244.414164,5.86069,;244.414164,5.91081,;244.414164,5.96093,;244.414164,6.01105,;244.414164,6.06114,;244.414164,6.11123,;242.513937,6.16132,;242.513937,6.21141,;242.513937,6.26149,;242.513937,6.3116,;242.513937,6.36171,;242.513937,6.41179,;242.513937,6.46189,;242.513937,6.51201,;242.513937,6.56213,;242.513937,6.61221,;242.513937,6.66233,;242.513937,6.71244,;242.513937,6.76256,;242.513937,6.81264,;242.513937,6.86275,;242.513937,6.91286,;242.513937,6.96296,;242.513937,7.01307,;242.513937,7.06315,;242.513937,7.11325,;242.513937,7.16333,;242.513937,7.21341,;242.513937,7.2635,;242.513937,7.31359,;242.513937,7.36368,;242.513937,7.41376,;242.513937,7.46385,;242.513937,7.51393,;242.513937,7.56402,;242.513937,7.61411,;242.513937,7.6642,;242.513937,7.7143,;238.858147,7.7644,;238.858147,7.81449,;238.858147,7.86459,;238.858147,7.91473,;238.858147,7.96481,;238.858147,8.01489,;238.858147,8.06503,;238.858147,8.11511,;238.858147,8.16523,;238.858147,8.21532,;238.858147,8.26542,;238.858147,8.3155,;238.858147,8.36562,;238.858147,8.41571,;238.858147,8.46583,;238.858147,8.51591,;238.858147,8.56602,;238.858147,8.6161,;238.858147,8.66618,;238.858147,8.71628,;238.858147,8.76638,;238.858147,8.81647,;238.858147,8.8666,;238.858147,8.91669,;238.858147,8.96679,;238.858147,9.01689,;238.858147,9.06699,;238.858147,9.11711,;238.858147,9.16723,;238.775343,9.21736,;238.775343,9.26748,;238.775343,9.31756,;238.775343,9.36765,;238.775343,9.41774,;238.775343,9.46786,;238.775343,9.51795,;238.775343,9.56804,;238.775343,9.61813,;238.775343,9.66825,;238.775343,9.71837,;238.775343,9.76848,;238.775343,9.81857,;238.775343,9.86866,;238.775343,9.91875,;238.775343,9.96884,;238.775343,10.0189,;238.775343,10.069,;
.
control_mod_RRT
10 common properties
goal_bias = 0.05
intermediate_states = 0
longest_valid_segment_fraction = 0.01
max_control_duration = 20
min_control_duration = 1
projection.cellsize.0 = 5
projection.cellsize.1 = 5
projection.cellsize_factor = 0
propagation_step_size = 0.1
valid_segment_count_factor = 1
14 properties for each run
approximate solution BOOLEAN
correct solution BOOLEAN
graph motions INTEGER
graph states INTEGER
memory REAL
solution clearance REAL
solution difference REAL
solution length REAL
solution path length REAL
solution segments INTEGER
solved BOOLEAN
status ENUM
time REAL
valid segment fraction REAL
100 runs
0; 1; 10137; 10138; 147.172; 0; 0; 33.5; 290.512; 335; 1; 6; 0.326312; 0; 
0; 1; 6249; 6250; 147.941; 0; 0; 35.4; 284.951; 354; 1; 6; 0.180998; 0; 
0; 1; 1912; 1913; 147.941; 0; 0; 18.7; 138.789; 187; 1; 6; 0.0395725; 0; 
0; 1; 3351; 3352; 147.941; 0; 0; 20; 160.291; 200; 1; 6; 0.076337; 0; 
0; 1; 6093; 6094; 147.941; 0; 0; 30.3; 253.316; 303; 1; 6; 0.166428; 0; 
0; 1; 3420; 3421; 147.941; 0; 0; 16.6; 142.308; 166; 1; 6; 0.082303; 0; 
0; 1; 6933; 6934; 147.941; 0; 0; 43.2; 313.419; 432; 1; 6; 0.212118; 0; 
0; 1; 10668; 10669; 147.941; 0; 0; 41.2; 320.257; 412; 1; 6; 0.302801; 0; 
0; 1; 8354; 8355; 147.941; 0; 0; 31.8; 273.439; 318; 1; 6; 0.236779; 0; 
0; 1; 11510; 11511; 148.199; 0; 0; 36.1; 288.742; 361; 1; 6; 0.328259; 0; 
0; 1; 5155; 5156; 148.973; 0; 0; 18; 124.616; 180; 1; 6; 0.136012; 0; 
0; 1; 8247; 8248; 148.973; 0; 0; 35.5; 291.537; 355; 1; 6; 0.221209; 0; 
0; 1; 4926; 4927; 148.973; 0; 0; 21; 177.97; 210; 1; 6; 0.124083; 0; 
0; 1; 5609; 5610; 148.973; 0; 0; 36.6; 305.339; 366; 1; 6; 0.154311; 0; 
0; 1; 4950; 4951; 148.973; 0; 0; 24.3; 208.545; 242; 1; 6; 0.120838; 0; 
0; 1; 5609; 5610; 148.973; 0; 0; 46.5; 389.225; 465; 1; 6; 0.145813; 0; 
0; 1; 7620; 7621; 148.973; 0; 0; 50.1; 399.883; 486; 1; 6; 0.220566; 0; 
0; 1; 4280; 4281; 148.973; 0; 0; 16.6; 140.206; 166; 1; 6; 0.0998605; 0; 
0; 1; 4846; 4847; 148.973; 0; 0; 35.8; 256.334; 340; 1; 6; 0.118192; 0; 
0; 1; 4441; 4442; 148.973; 0; 0; 18.5; 133.167; 176; 1; 6; 0.106666; 0; 
0; 1; 9163; 9164; 148.973; 0; 0; 37.5; 292.089; 375; 1; 6; 0.237204; 0; 
0; 1; 10471; 10472; 148.973; 0; 0; 20.5; 172.154; 205; 1; 6; 0.316882; 0; 
0; 1; 4884; 4885; 148.973; 0; 0; 19.3; 149.862; 193; 1; 6; 0.138692; 0; 
0; 1; 6179; 6180; 148.973; 0; 0; 34.4; 268.797; 344; 1; 6; 0.161888; 0; 
0; 1; 8370; 8371; 148.973; 0; 0; 37.2; 272.974; 372; 1; 6; 0.222924; 0; 
0; 1; 4403; 4404; 148.973; 0; 0; 17; 143.775; 170; 1; 6; 0.104898; 0; 
0; 1; 3534; 3535; 148.973; 0; 0; 23.6; 175.773; 236; 1; 6; 0.0750254; 0; 
0; 1; 8671; 8672; 148.973; 0; 0; 21.4; 154.932; 214; 1; 6; 0.253602; 0; 
0; 1; 4857; 4858; 148.973; 0; 0; 39.5; 289.925; 395; 1; 6; 0.126812; 0; 
0; 1; 3213; 3214; 148.973; 0; 0; 18; 134.635; 180; 1; 6; 0.0787269; 0; 
0; 1; 8061; 8062; 148.973; 0; 0; 26.1; 201.665; 261; 1; 6; 0.220887; 0; 
0; 1; 4423; 4424; 148.973; 0; 0; 18.2; 134.745; 182; 1; 6; 0.122721; 0; 
0; 1; 6162; 6163; 148.973; 0; 0; 29.6; 239.258; 296; 1; 6; 0.148497; 0; 
0; 1; 4605; 4606; 148.973; 0; 0; 21; 175.739; 210; 1; 6; 0.110874; 0; 
0; 1; 10090; 10091; 148.973; 0; 0; 46.7; 354.673; 467; 1; 6; 0.285799; 0; 
0; 1; 5558; 5559; 148.973; 0; 0; 17.8; 132.525; 178; 1; 6; 0.151215; 0; 
0; 1; 4543; 4544; 148.973; 0; 0; 17.9; 148.796; 179; 1; 6; 0.11138; 0; 
0; 1; 10823; 10824; 148.973; 0; 0; 24.4; 178.311; 244; 1; 6; 0.333021; 0; 
0; 1; 3823; 3824; 148.973; 0; 0; 19.6; 142.849; 196; 1; 6; 0.104859; 0; 
0; 1; 5369; 5370; 148.973; 0; 0; 20; 162.691; 200; 1; 6; 0.132595; 0; 
0; 1; 7413; 7414; 148.973; 0; 0; 21.2; 178.075; 212; 1; 6; 0.194658; 0; 
0; 1; 8463; 8464; 148.973; 0; 0; 36.1; 273.573; 361; 1; 6; 0.235125; 0; 
0; 1; 3379; 3380; 148.973; 0; 0; 17.1; 125.52; 171; 1; 6; 0.0824152; 0; 
0; 1; 5350; 5351; 148.973; 0; 0; 25.8; 175.305; 258; 1; 6; 0.12998; 0; 
0; 1; 6002; 6003; 148.973; 0; 0; 18.6; 134.963; 186; 1; 6; 0.150102; 0; 
0; 1; 4077; 4078; 148.973; 0; 0; 30.1; 187.997; 301; 1; 6; 0.104856; 0; 
0; 1; 6393; 6394; 148.973; 0; 0; 37; 296.358; 370; 1; 6; 0.156967; 0; 
0; 1; 6753; 6754; 148.973; 0; 0; 42.4; 333.854; 424; 1; 6; 0.197077; 0; 
0; 1; 7107; 7108; 148.973; 0; 0; 26.1; 188.461; 261; 1; 6; 0.191946; 0; 
0; 1; 5364; 5365; 148.973; 0; 0; 19.5; 148.275; 195; 1; 6; 0.141639; 0; 
0; 1; 4147; 4148; 148.973; 0; 0; 19.2; 172.639; 192; 1; 6; 0.101856; 0; 
0; 1; 5908; 5909; 148.973; 0; 0; 40.3; 317.337; 403; 1; 6; 0.146471; 0; 
0; 1; 5836; 5837; 148.973; 0; 0; 41.3; 291.613; 413; 1; 6; 0.167945; 0; 
0; 1; 3811; 3812; 148.973; 0; 0; 24.5; 187.358; 245; 1; 6; 0.0967801; 0; 
0; 1; 3719; 3720; 148.973; 0; 0; 30.1; 245.602; 301; 1; 6; 0.0959614; 0; 
0; 1; 5435; 5436; 148.973; 0; 0; 20.8; 172.491; 208; 1; 6; 0.148132; 0; 
0; 1; 5490; 5491; 148.973; 0; 0; 22.4; 169.793; 224; 1; 6; 0.150133; 0; 
0; 1; 4527; 4528; 148.973; 0; 0; 35.6; 289.213; 356; 1; 6; 0.122159; 0; 
0; 1; 1004; 1005; 148.973; 0; 0; 13.9; 127.498; 139; 1; 6; 0.0184443; 0; 
0; 1; 4955; 4956; 148.973; 0; 0; 28.2; 238.368; 282; 1; 6; 0.131408; 0; 
0; 1; 6941; 6942; 148.973; 0; 0; 27.9; 195.849; 279; 1; 6; 0.18749; 0; 
0; 1; 6981; 6982; 148.973; 0; 0; 42.6; 309.18; 426; 1; 6; 0.205134; 0; 
0; 1; 9230; 9231; 148.973; 0; 0; 34.9; 266.117; 349; 1; 6; 0.262279; 0; 
0; 1; 5818; 5819; 148.973; 0; 0; 36; 289.104; 360; 1; 6; 0.162325; 0; 
0; 1; 8215; 8216; 148.973; 0; 0; 37; 318.633; 367; 1; 6; 0.224971; 0; 
0; 1; 11130; 11131; 148.973; 0; 0; 24.1; 176.515; 241; 1; 6; 0.359485; 0; 
0; 1; 6722; 6723; 148.973; 0; 0; 20.1; 141.215; 186; 1; 6; 0.168788; 0; 
0; 1; 7951; 7952; 148.973; 0; 0; 37.4; 259.972; 374; 1; 6; 0.221665; 0; 
0; 1; 5635; 5636; 148.973; 0; 0; 16.9; 131.773; 169; 1; 6; 0.157579; 0; 
0; 1; 6145; 6146; 148.973; 0; 0; 35.7; 281.593; 357; 1; 6; 0.167871; 0; 
0; 1; 6817; 6818; 148.973; 0; 0; 34; 243.919; 340; 1; 6; 0.1645; 0; 
0; 1; 3092; 3093; 148.973; 0; 0; 14.1; 118.408; 141; 1; 6; 0.0707784; 0; 
0; 1; 5289; 5290; 148.973; 0; 0; 31.2; 255.289; 312; 1; 6; 0.126592; 0; 
0; 1; 5869; 5870; 148.973; 0; 0; 20.4; 173.265; 204; 1; 6; 0.157487; 0; 
0; 1; 8242; 8243; 148.973; 0; 0; 38.1; 298.401; 381; 1; 6; 0.224054; 0; 
0; 1; 1957; 1958; 148.973; 0; 0; 15.5; 120.468; 150; 1; 6; 0.0460617; 0; 
0; 1; 4077; 4078; 148.973; 0; 0; 25.7; 182.766; 257; 1; 6; 0.0913527; 0; 
0; 1; 8620; 8621; 148.973; 0; 0; 43.7; 360; 437; 1; 6; 0.28041; 0; 
0; 1; 6823; 6824; 148.973; 0; 0; 38.2; 299.023; 382; 1; 6; 0.20204; 0; 
0; 1; 12835; 12836; 148.973; 0; 0; 39.8; 334.728; 398; 1; 6; 0.382813; 0; 
0; 1; 5498; 5499; 149.484; 0; 0; 43.7; 308.966; 437; 1; 6; 0.131508; 0; 
0; 1; 10699; 10700; 149.484; 0; 0; 40.7; 297.849; 407; 1; 6; 0.285286; 0; 
0; 1; 7855; 7856; 149.484; 0; 0; 45.4; 340.324; 454; 1; 6; 0.234315; 0; 
0; 1; 7007; 7008; 149.484; 0; 0; 51; 375.364; 510; 1; 6; 0.191414; 0; 
0; 1; 2947; 2948; 149.484; 0; 0; 30.7; 244.75; 307; 1; 6; 0.0596947; 0; 
0; 1; 5756; 5757; 149.484; 0; 0; 20.8; 150.594; 199; 1; 6; 0.152411; 0; 
0; 1; 6071; 6072; 149.484; 0; 0; 33.9; 256.049; 339; 1; 6; 0.154767; 0; 
0; 1; 3743; 3744; 149.484; 0; 0; 36.3; 289.17; 363; 1; 6; 0.0858773; 0; 
0; 1; 6175; 6176; 149.484; 0; 0; 41.5; 290.977; 415; 1; 6; 0.16538; 0; 
0; 1; 4598; 4599; 149.484; 0; 0; 23.8; 146.596; 238; 1; 6; 0.139556; 0; 
0; 1; 6900; 6901; 149.484; 0; 0; 23.1; 165.852; 231; 1; 6; 0.184094; 0; 
0; 1; 6563; 6564; 149.484; 0; 0; 40.3; 316.569; 403; 1; 6; 0.169177; 0; 
0; 1; 3155; 3156; 149.484; 0; 0; 17.2; 128.571; 172; 1; 6; 0.0743939; 0; 
0; 1; 6794; 6795; 149.484; 0; 0; 37.7; 311.596; 368; 1; 6; 0.172669; 0; 
0; 1; 3597; 3598; 149.484; 0; 0; 18.3; 147.985; 171; 1; 6; 0.0848244; 0; 
0; 1; 3580; 3581; 149.484; 0; 0; 13.3; 119.656; 133; 1; 6; 0.0857848; 0; 
0; 1; 4939; 4940; 149.484; 0; 0; 35.2; 280.527; 352; 1; 6; 0.122845; 0; 
0; 1; 4083; 4084; 149.484; 0; 0; 40.2; 324.812; 402; 1; 6; 0.0997152; 0; 
0; 1; 6452; 6453; 149.484; 0; 0; 35; 308.439; 350; 1; 6; 0.182092; 0; 
0; 1; 4050; 4051; 149.484; 0; 0; 19.7; 159.798; 197; 1; 6; 0.103172; 0; 
.
