OMPL version 
Experiment wasserstein
5 experiment properties
Q_value double = 0.200000
R double = 0.100000
R_bad_value double = 5.000000
bias_value double = 0.200000
first_solution bool = 0
Running on Vivaldi
Starting at 2024-07-06 19:08:36
<<<|
Properties of the state space 'R2_BELIEFRealVectorSpace0'
  - signature: 2 1 2 
  - dimension: 2
  - extent: 141.421
  - sanity checks for state space passed
  - probability of valid states: 1
  - average length of a valid motion: 52.6923
  - average number of samples drawn per second: sampleUniform()=2.36273e+07 sampleUniformNear()=2.48552e+07 sampleGaussian()=1.13559e+07
Settings for the state space 'R2_BELIEFRealVectorSpace0'
  - state validity check resolution: 1%
  - valid segment count factor: 1
  - state space:
Real vector state space 'R2_BELIEFRealVectorSpace0' of dimension 2 with bounds: 
  - min: 0 0 
  - max: 100 100 

Declared parameters:
longest_valid_segment_fraction = 0.01
max_control_duration = 20
min_control_duration = 1
projection.cellsize.0 = 5
projection.cellsize.1 = 5
projection.cellsize_factor = 0
propagation_step_size = 0.1
valid_segment_count_factor = 1
Valid state sampler named uniform with parameters:
nr_attempts = 100
  - control space:
Real vector control space 'RealVectorControl[R2_BELIEFRealVectorSpace0]' with bounds: 
  - min: -10 -10 0 
  - max: 10 10 1 
  - can propagate backward: no
  - propagation step size: 0.1
  - propagation duration: [1, 20]
Planner KPIECE1 specs:
Multithreaded:                 No
Reports approximate solutions: Yes
Can optimize solutions:        No
Aware of the following parameters: bad_score_factor border_fraction goal_bias good_score_factor max_close_samples
Declared parameters for planner KPIECE1:
bad_score_factor = 0.45
border_fraction = 0.8
goal_bias = 0.05
good_score_factor = 0.9
max_close_samples = 30
Start states:
RealVectorState [1 1]
Goal region, threshold = 10, memory address = 0x1920940
Optimization Objective: Path Length @0x1920040
Optimization Threshold: 0
Average state cost: 0
There are 1 solutions

Properties of benchmarked planners:
Planner SSBT specs:
Multithreaded:                 No
Reports approximate solutions: Yes
Can optimize solutions:        No
Aware of the following parameters: goal_bias pruning_radius selection_radius
Planner mod_RRT specs:
Multithreaded:                 No
Reports approximate solutions: Yes
Can optimize solutions:        No
Aware of the following parameters: goal_bias intermediate_states
|>>>
<<<|
Architecture:                       x86_64
CPU op-mode(s):                     32-bit, 64-bit
Byte Order:                         Little Endian
Address sizes:                      39 bits physical, 48 bits virtual
CPU(s):                             16
On-line CPU(s) list:                0-15
Thread(s) per core:                 2
Core(s) per socket:                 8
Socket(s):                          1
NUMA node(s):                       1
Vendor ID:                          GenuineIntel
CPU family:                         6
Model:                              167
Model name:                         11th Gen Intel(R) Core(TM) i7-11700K @ 3.60GHz
Stepping:                           1
CPU MHz:                            3600.000
CPU max MHz:                        5000.0000
CPU min MHz:                        800.0000
BogoMIPS:                           7200.00
Virtualization:                     VT-x
L1d cache:                          384 KiB
L1i cache:                          256 KiB
L2 cache:                           4 MiB
L3 cache:                           16 MiB
NUMA node0 CPU(s):                  0-15
Vulnerability Gather data sampling: Mitigation; Microcode
Vulnerability Itlb multihit:        Not affected
Vulnerability L1tf:                 Not affected
Vulnerability Mds:                  Not affected
Vulnerability Meltdown:             Not affected
Vulnerability Mmio stale data:      Mitigation; Clear CPU buffers; SMT vulnerable
Vulnerability Retbleed:             Mitigation; Enhanced IBRS
Vulnerability Spec rstack overflow: Not affected
Vulnerability Spec store bypass:    Mitigation; Speculative Store Bypass disabled via prctl and seccomp
Vulnerability Spectre v1:           Mitigation; usercopy/swapgs barriers and __user pointer sanitization
Vulnerability Spectre v2:           Mitigation; Enhanced IBRS, IBPB conditional, RSB filling, PBRSB-eIBRS SW sequence
Vulnerability Srbds:                Not affected
Vulnerability Tsx async abort:      Not affected
Flags:                              fpu vme de pse tsc msr pae mce cx8 apic sep mtrr pge mca cmov pat pse36 clflush dts acpi mmx fxsr sse sse2 ss ht tm pbe syscall nx pdpe1gb rdtscp lm constant_tsc art arch_perfmon pebs bts rep_good nopl xtopology nonstop_tsc cpuid aperfmperf tsc_known_freq pni pclmulqdq dtes64 monitor ds_cpl vmx smx est tm2 ssse3 sdbg fma cx16 xtpr pdcm pcid sse4_1 sse4_2 x2apic movbe popcnt tsc_deadline_timer aes xsave avx f16c rdrand lahf_lm abm 3dnowprefetch cpuid_fault epb invpcid_single ssbd ibrs ibpb stibp ibrs_enhanced tpr_shadow vnmi flexpriority ept vpid ept_ad fsgsbase tsc_adjust bmi1 avx2 smep bmi2 erms invpcid mpx avx512f avx512dq rdseed adx smap avx512ifma clflushopt intel_pt avx512cd sha_ni avx512bw avx512vl xsaveopt xsavec xgetbv1 xsaves dtherm ida arat pln pts hwp hwp_notify hwp_act_window hwp_epp hwp_pkg_req avx512vbmi umip pku ospke avx512_vbmi2 gfni vaes vpclmulqdq avx512_vnni avx512_bitalg avx512_vpopcntdq rdpid fsrm md_clear flush_l1d arch_capabilities
|>>>
10943686535322382 is the random seed
10 seconds per run
1000 MB per run
100 runs per planner
1015.92 seconds spent to collect the data
1 enum type
status|Unknown status|Invalid start|Invalid goal|Unrecognized goal type|Timeout|Approximate solution|Exact solution|Crash|Unknown status
2 planners
control_SSBT
11 common properties
goal_bias = 0.05
longest_valid_segment_fraction = 0.01
max_control_duration = 20
min_control_duration = 1
projection.cellsize.0 = 5
projection.cellsize.1 = 5
projection.cellsize_factor = 0
propagation_step_size = 0.1
pruning_radius = 5
selection_radius = 5
valid_segment_count_factor = 1
15 properties for each run
approximate solution BOOLEAN
best cost REAL
correct solution BOOLEAN
graph motions INTEGER
graph states INTEGER
memory REAL
solution clearance REAL
solution difference REAL
solution length REAL
solution path length REAL
solution segments INTEGER
solved BOOLEAN
status ENUM
time REAL
valid segment fraction REAL
100 runs
0; 276.996523; 1; 3560; 3562; 21.6484; 0; 0; 11.4; 127.401; 9; 1; 6; 10.0543; 0; 
0; 257.626892; 1; 3192; 3194; 21.6953; 0; 0; 10.5; 125.027; 8; 1; 6; 10.0418; 0; 
0; 267.943931; 1; 3347; 3349; 21.6953; 0; 0; 11.1; 123.802; 10; 1; 6; 10.1075; 0; 
0; 259.957042; 1; 3962; 3964; 21.6953; 0; 0; 10.6; 129.777; 8; 1; 6; 10.003; 0; 
0; 257.390039; 1; 3895; 3897; 21.6953; 0; 0; 10.5; 124.881; 8; 1; 6; 10.1049; 0; 
0; 264.053620; 1; 3424; 3426; 21.6953; 0; 0; 10.7; 124.031; 9; 1; 6; 10.0147; 0; 
0; 252.357342; 1; 3239; 3241; 21.6953; 0; 0; 10.3; 122.645; 7; 1; 6; 10.0897; 0; 
0; 263.265364; 1; 3618; 3620; 21.6953; 0; 0; 10.7; 127.431; 10; 1; 6; 10.102; 0; 
0; 246.929238; 1; 3704; 3706; 21.6953; 0; 0; 10; 122.889; 10; 1; 6; 10.0095; 0; 
0; 256.089660; 1; 3987; 3989; 21.6953; 0; 0; 10.4; 126.115; 7; 1; 6; 10.0107; 0; 
0; 258.160025; 1; 3144; 3146; 21.6953; 0; 0; 10.5; 123.827; 11; 1; 6; 10.0167; 0; 
0; 267.392575; 1; 3214; 3216; 21.6953; 0; 0; 10.7; 127.455; 9; 1; 6; 10.0489; 0; 
0; 252.199176; 1; 3693; 3695; 21.6953; 0; 0; 10.2; 125.102; 6; 1; 6; 10.1053; 0; 
0; 260.190130; 1; 2973; 2975; 21.6953; 0; 0; 10.3; 124.388; 9; 1; 6; 10.0277; 0; 
0; 259.120880; 1; 3123; 3125; 21.6953; 0; 0; 10.5; 123.99; 8; 1; 6; 10.0113; 0; 
0; 260.474218; 1; 3497; 3499; 21.6953; 0; 0; 10.7; 126.17; 8; 1; 6; 10.0723; 0; 
0; 245.679629; 1; 3624; 3626; 21.6953; 0; 0; 9.9; 123.958; 9; 1; 6; 10.052; 0; 
0; 260.509867; 1; 3529; 3531; 21.6953; 0; 0; 10.7; 127.793; 8; 1; 6; 10.0289; 0; 
0; 256.317058; 1; 3355; 3357; 21.6953; 0; 0; 10.5; 125.884; 8; 1; 6; 10.0432; 0; 
0; 259.107463; 1; 3365; 3367; 21.6953; 0; 0; 10.3; 126.237; 9; 1; 6; 10.0514; 0; 
0; 257.066213; 1; 3174; 3176; 21.6953; 0; 0; 10.4; 126.582; 10; 1; 6; 10.0114; 0; 
0; 266.544220; 1; 2873; 2875; 21.6953; 0; 0; 10.8; 127.97; 9; 1; 6; 10.0125; 0; 
0; 269.271111; 1; 3467; 3469; 21.6953; 0; 0; 11.2; 126.733; 8; 1; 6; 10.0577; 0; 
0; 260.213946; 1; 2870; 2872; 21.6953; 0; 0; 10.7; 124.587; 8; 1; 6; 10.0479; 0; 
0; 264.632958; 1; 3420; 3422; 21.6953; 0; 0; 10.7; 125.73; 9; 1; 6; 10.0232; 0; 
0; 263.788287; 1; 3307; 3309; 21.6953; 0; 0; 10.9; 124.221; 10; 1; 6; 10.0727; 0; 
0; 270.025479; 1; 3508; 3510; 21.6953; 0; 0; 11.2; 123.864; 8; 1; 6; 10.0597; 0; 
0; 271.247402; 1; 3018; 3020; 21.6953; 0; 0; 11.2; 128.346; 10; 1; 6; 10.0578; 0; 
0; 258.204639; 1; 3226; 3228; 21.6953; 0; 0; 10.5; 127.274; 10; 1; 6; 10.0197; 0; 
0; 256.693868; 1; 3167; 3169; 21.6953; 0; 0; 10.4; 125.436; 7; 1; 6; 10.0298; 0; 
0; 251.450313; 1; 3443; 3445; 21.6953; 0; 0; 10.2; 124.369; 7; 1; 6; 10.0711; 0; 
0; 272.245499; 1; 3421; 3423; 21.6953; 0; 0; 11.2; 128.163; 10; 1; 6; 10.0128; 0; 
0; 258.826911; 1; 3257; 3259; 21.6953; 0; 0; 10.5; 127.216; 8; 1; 6; 10.0858; 0; 
0; 254.396915; 1; 3087; 3089; 21.6953; 0; 0; 10.4; 124.973; 8; 1; 6; 10.0817; 0; 
0; 259.835764; 1; 3469; 3471; 21.6953; 0; 0; 10.7; 124.115; 10; 1; 6; 10.0689; 0; 
0; 265.321031; 1; 3666; 3668; 21.6953; 0; 0; 10.7; 128.62; 8; 1; 6; 10.0811; 0; 
0; 262.368566; 1; 3367; 3369; 21.6953; 0; 0; 10.7; 127.325; 11; 1; 6; 10.0675; 0; 
0; 262.474807; 1; 3253; 3255; 21.6953; 0; 0; 10.7; 125.32; 10; 1; 6; 10.0759; 0; 
0; 268.238883; 1; 3306; 3308; 21.6953; 0; 0; 10.9; 128.099; 12; 1; 6; 10.0664; 0; 
0; 258.055773; 1; 3114; 3116; 21.6953; 0; 0; 10.3; 124.706; 8; 1; 6; 10.0334; 0; 
0; 264.932064; 1; 3627; 3629; 21.6953; 0; 0; 10.9; 127.22; 9; 1; 6; 10.0837; 0; 
0; 267.409434; 1; 3406; 3408; 21.6953; 0; 0; 10.7; 127.112; 8; 1; 6; 10.0628; 0; 
0; 265.428666; 1; 3608; 3610; 21.6953; 0; 0; 10.9; 124.765; 8; 1; 6; 10.0763; 0; 
0; 261.566883; 1; 3257; 3259; 21.6953; 0; 0; 10.6; 128.179; 7; 1; 6; 10.0512; 0; 
0; 255.213277; 1; 3777; 3779; 21.6953; 0; 0; 10.3; 124.905; 7; 1; 6; 10.0458; 0; 
0; 262.673867; 1; 3080; 3082; 21.6953; 0; 0; 10.7; 128.972; 9; 1; 6; 10.0831; 0; 
0; 264.656444; 1; 3239; 3241; 21.6953; 0; 0; 10.9; 125.307; 10; 1; 6; 10.0743; 0; 
0; 258.599063; 1; 3257; 3259; 21.6953; 0; 0; 10.5; 124.232; 8; 1; 6; 10.0715; 0; 
0; 263.778263; 1; 3330; 3332; 21.6953; 0; 0; 10.8; 125.022; 9; 1; 6; 10.0965; 0; 
0; 259.867407; 1; 3273; 3275; 21.6953; 0; 0; 10.5; 125.602; 7; 1; 6; 10.0674; 0; 
0; 261.853504; 1; 2962; 2964; 21.6953; 0; 0; 10.6; 129.348; 8; 1; 6; 10.0977; 0; 
0; 253.235125; 1; 3157; 3159; 21.6953; 0; 0; 10.3; 127.446; 8; 1; 6; 10.0893; 0; 
0; 260.727028; 1; 3269; 3271; 21.9492; 0; 0; 10.7; 123.828; 9; 1; 6; 10.0627; 0; 
0; 253.863368; 1; 2943; 2945; 21.9492; 0; 0; 10.3; 126.253; 9; 1; 6; 10.0252; 0; 
0; 263.633255; 1; 3164; 3166; 22.207; 0; 0; 10.5; 127.479; 8; 1; 6; 10.0158; 0; 
0; 246.025892; 1; 2778; 2780; 22.207; 0; 0; 9.9; 124.776; 8; 1; 6; 10.0555; 0; 
0; 254.331341; 1; 3910; 3912; 22.4648; 0; 0; 10.4; 124.154; 8; 1; 6; 10.0056; 0; 
0; 277.236368; 1; 3754; 3756; 22.9805; 0; 0; 11.5; 127.081; 12; 1; 6; 10.0435; 0; 
0; 262.688534; 1; 3475; 3477; 22.9805; 0; 0; 10.6; 126.04; 11; 1; 6; 10.0587; 0; 
0; 257.764106; 1; 3319; 3321; 22.9805; 0; 0; 10.5; 127.362; 8; 1; 6; 10.0689; 0; 
0; 258.956941; 1; 3492; 3494; 23.2383; 0; 0; 10.6; 125.815; 11; 1; 6; 10.0692; 0; 
0; 272.105566; 1; 3234; 3236; 23.2383; 0; 0; 11.2; 125.884; 9; 1; 6; 10.1006; 0; 
0; 262.122781; 1; 3582; 3584; 23.2383; 0; 0; 10.7; 125; 8; 1; 6; 10.0621; 0; 
0; 248.796947; 1; 3486; 3488; 23.4961; 0; 0; 10; 125.477; 9; 1; 6; 10.055; 0; 
0; 262.352226; 1; 2985; 2987; 23.7539; 0; 0; 10.6; 129.292; 9; 1; 6; 10.0013; 0; 
0; 257.698535; 1; 3232; 3234; 23.7539; 0; 0; 10.4; 125.521; 7; 1; 6; 10.1056; 0; 
0; 277.120615; 1; 3324; 3326; 23.7539; 0; 0; 11.4; 126.011; 9; 1; 6; 10.08; 0; 
0; 274.144807; 1; 3764; 3766; 23.7539; 0; 0; 11.1; 130.878; 11; 1; 6; 10.0856; 0; 
0; 274.409548; 1; 3411; 3413; 24.0117; 0; 0; 11.4; 126.265; 9; 1; 6; 10.0657; 0; 
0; 257.237463; 1; 3783; 3785; 24.2695; 0; 0; 10.5; 126.172; 8; 1; 6; 10.0997; 0; 
0; 263.073488; 1; 3465; 3467; 24.2695; 0; 0; 10.5; 123.301; 10; 1; 6; 10.0322; 0; 
0; 257.378091; 1; 3379; 3381; 24.5273; 0; 0; 10.4; 124.335; 8; 1; 6; 10.0248; 0; 
0; 262.129627; 1; 3551; 3553; 24.5273; 0; 0; 10.6; 127.144; 9; 1; 6; 10.0169; 0; 
0; 252.614464; 1; 3244; 3246; 24.5273; 0; 0; 10.3; 124.363; 9; 1; 6; 10.0269; 0; 
0; 280.914810; 1; 3830; 3832; 24.7852; 0; 0; 11.8; 124.926; 8; 1; 6; 10.0416; 0; 
0; 253.228287; 1; 3112; 3114; 25.043; 0; 0; 10.2; 125.241; 6; 1; 6; 10.0361; 0; 
0; 245.059080; 1; 3665; 3667; 25.043; 0; 0; 9.9; 122.508; 9; 1; 6; 10.0527; 0; 
0; 260.102913; 1; 3358; 3360; 25.3008; 0; 0; 10.7; 125.055; 9; 1; 6; 10.0948; 0; 
0; 263.744834; 1; 3496; 3498; 25.3008; 0; 0; 10.8; 125.448; 11; 1; 6; 10.0088; 0; 
0; 260.082861; 1; 3368; 3370; 25.3008; 0; 0; 10.6; 125.214; 10; 1; 6; 10.0998; 0; 
0; 262.089786; 1; 3566; 3568; 25.3008; 0; 0; 10.8; 124.514; 7; 1; 6; 10.0162; 0; 
0; 262.464419; 1; 3693; 3695; 25.5586; 0; 0; 10.8; 124.724; 9; 1; 6; 10.0115; 0; 
0; 261.559241; 1; 3023; 3025; 25.8164; 0; 0; 10.7; 124.616; 11; 1; 6; 10.0208; 0; 
0; 259.980768; 1; 3061; 3063; 25.8164; 0; 0; 10.6; 124.433; 9; 1; 6; 10.0138; 0; 
0; 267.684393; 1; 3602; 3604; 25.8164; 0; 0; 10.9; 126.51; 9; 1; 6; 10.0705; 0; 
0; 261.815766; 1; 3243; 3245; 26.0742; 0; 0; 10.7; 125.926; 8; 1; 6; 10.0627; 0; 
0; 254.737949; 1; 3635; 3637; 26.0742; 0; 0; 10.4; 124.944; 9; 1; 6; 10.087; 0; 
0; 253.550419; 1; 3171; 3173; 26.332; 0; 0; 10.2; 122.91; 9; 1; 6; 10.0372; 0; 
0; 279.810554; 1; 3658; 3660; 26.332; 0; 0; 11.6; 127.263; 10; 1; 6; 10.0533; 0; 
0; 273.350442; 1; 3322; 3324; 26.5898; 0; 0; 11.3; 129.514; 9; 1; 6; 10.067; 0; 
0; 257.123773; 1; 3939; 3941; 26.5898; 0; 0; 10.4; 126.416; 6; 1; 6; 10.038; 0; 
0; 249.489231; 1; 3342; 3344; 26.8438; 0; 0; 9.9; 123.123; 9; 1; 6; 10.0931; 0; 
0; 259.279340; 1; 3485; 3487; 26.8438; 0; 0; 10.5; 123.952; 7; 1; 6; 10.0729; 0; 
0; 257.848883; 1; 3207; 3209; 27.1016; 0; 0; 10.3; 125.765; 8; 1; 6; 10.0913; 0; 
0; 257.263364; 1; 3594; 3596; 27.1016; 0; 0; 10.4; 126.262; 7; 1; 6; 10.0815; 0; 
0; 259.587823; 1; 3097; 3099; 27.1016; 0; 0; 10.5; 125.298; 7; 1; 6; 10.0528; 0; 
0; 254.569522; 1; 3177; 3179; 27.3594; 0; 0; 10.3; 125.959; 8; 1; 6; 10.1065; 0; 
0; 256.928036; 1; 3940; 3942; 27.3594; 0; 0; 10.4; 124.572; 9; 1; 6; 10.0594; 0; 
0; 277.529325; 1; 3458; 3460; 27.6172; 0; 0; 11.6; 126.442; 9; 1; 6; 10.0863; 0; 
0; 264.068861; 1; 3115; 3117; 27.6172; 0; 0; 10.7; 129.479; 9; 1; 6; 10.0609; 0; 
2 progress properties for each run
best cost REAL
time REAL
100 runs
542.089438,0.0500966,;542.089438,0.100175,;480.663802,0.150297,;480.663802,0.200386,;480.663802,0.250475,;449.919822,0.300562,;449.919822,0.350647,;449.919822,0.400737,;449.919822,0.450815,;449.919822,0.500906,;449.919822,0.55102,;449.919822,0.601116,;410.530450,0.651205,;410.530450,0.701293,;410.530450,0.75141,;410.530450,0.80148,;410.530450,0.851587,;410.530450,0.901668,;410.530450,0.951743,;410.530450,1.00183,;358.890660,1.05193,;358.890660,1.10202,;358.890660,1.15209,;358.890660,1.20217,;358.890660,1.25225,;358.890660,1.30235,;358.890660,1.35244,;354.314248,1.40253,;354.314248,1.45261,;349.832111,1.50273,;349.832111,1.55282,;323.401179,1.6029,;323.401179,1.65299,;323.401179,1.70308,;323.401179,1.75317,;323.401179,1.80328,;323.401179,1.85337,;323.401179,1.90348,;323.401179,1.95356,;323.401179,2.00368,;323.401179,2.05379,;323.401179,2.1039,;323.401179,2.15401,;323.401179,2.20412,;290.498405,2.2542,;290.498405,2.30427,;290.498405,2.35438,;290.498405,2.40446,;290.498405,2.45455,;290.498405,2.50468,;290.498405,2.55474,;290.498405,2.60483,;290.498405,2.65491,;290.498405,2.70501,;290.498405,2.75512,;287.705318,2.80521,;287.705318,2.85533,;287.705318,2.90545,;287.705318,2.95556,;287.705318,3.00567,;285.048869,3.05575,;285.048869,3.10587,;285.048869,3.15598,;285.048869,3.20609,;285.048869,3.2562,;285.048869,3.30629,;285.048869,3.35638,;285.048869,3.40649,;285.048869,3.45657,;285.048869,3.50666,;285.048869,3.55675,;285.048869,3.60687,;285.048869,3.65696,;285.048869,3.70704,;285.048869,3.75712,;285.048869,3.8072,;285.048869,3.85728,;285.048869,3.90736,;285.048869,3.95744,;285.048869,4.00754,;285.048869,4.05761,;285.048869,4.10772,;285.048869,4.15783,;283.762832,4.20793,;283.762832,4.25809,;283.762832,4.30816,;283.762832,4.35824,;283.762832,4.40832,;283.762832,4.45841,;283.762832,4.50851,;283.762832,4.55862,;283.762832,4.60871,;283.762832,4.6588,;283.762832,4.70888,;283.762832,4.75896,;283.762832,4.80904,;283.762832,4.85916,;283.762832,4.90922,;283.762832,4.9593,;283.762832,5.00939,;283.762832,5.05948,;283.762832,5.10957,;283.762832,5.15967,;283.762832,5.20978,;283.762832,5.25986,;283.762832,5.30995,;283.762832,5.36006,;283.762832,5.41013,;283.762832,5.46024,;283.762832,5.51035,;283.762832,5.56043,;283.762832,5.61052,;283.762832,5.6606,;283.762832,5.71069,;283.762832,5.76076,;283.762832,5.81087,;283.762832,5.86093,;283.762832,5.91104,;283.762832,5.96111,;283.762832,6.01123,;283.762832,6.06131,;283.762832,6.11139,;276.996523,6.16147,;276.996523,6.21159,;276.996523,6.26167,;276.996523,6.31178,;276.996523,6.3619,;276.996523,6.41198,;276.996523,6.46206,;276.996523,6.51215,;276.996523,6.56223,;276.996523,6.61231,;276.996523,6.66242,;276.996523,6.7125,;276.996523,6.76258,;276.996523,6.81267,;276.996523,6.86275,;276.996523,6.91283,;276.996523,6.96291,;276.996523,7.01299,;276.996523,7.06308,;276.996523,7.11317,;276.996523,7.16328,;276.996523,7.21337,;276.996523,7.26348,;276.996523,7.31356,;276.996523,7.36368,;276.996523,7.41379,;276.996523,7.46387,;276.996523,7.51396,;276.996523,7.56408,;276.996523,7.61419,;276.996523,7.66426,;276.996523,7.71433,;276.996523,7.76441,;276.996523,7.81449,;276.996523,7.86458,;276.996523,7.9147,;276.996523,7.96477,;276.996523,8.0149,;276.996523,8.06498,;276.996523,8.11507,;276.996523,8.16519,;276.996523,8.21528,;276.996523,8.26536,;276.996523,8.31545,;276.996523,8.36556,;276.996523,8.41564,;276.996523,8.46572,;276.996523,8.51584,;276.996523,8.56592,;276.996523,8.61602,;276.996523,8.66611,;276.996523,8.71617,;276.996523,8.76625,;276.996523,8.81634,;276.996523,8.86645,;276.996523,8.91654,;276.996523,8.96665,;276.996523,9.01674,;276.996523,9.06683,;276.996523,9.11693,;276.996523,9.16701,;276.996523,9.21713,;276.996523,9.26721,;276.996523,9.31728,;276.996523,9.36736,;276.996523,9.41745,;276.996523,9.46756,;276.996523,9.51767,;276.996523,9.56779,;276.996523,9.6179,;276.996523,9.66798,;276.996523,9.71809,;276.996523,9.76817,;276.996523,9.81825,;276.996523,9.86833,;276.996523,9.91844,;276.996523,9.96856,;276.996523,10.0187,;
inf,0.0500942,;inf,0.100172,;inf,0.150281,;inf,0.200391,;464.724336,0.250523,;464.724336,0.300636,;464.724336,0.350708,;464.724336,0.400804,;464.724336,0.450909,;464.724336,0.501022,;464.724336,0.551141,;464.724336,0.601227,;464.724336,0.651299,;356.561412,0.701382,;333.026159,0.751467,;333.026159,0.801571,;333.026159,0.851683,;333.026159,0.901758,;333.026159,0.951845,;333.026159,1.00195,;333.026159,1.05203,;333.026159,1.1021,;333.026159,1.15218,;333.026159,1.20225,;333.026159,1.25237,;333.026159,1.30245,;333.026159,1.35255,;333.026159,1.40265,;310.814262,1.45273,;310.814262,1.50282,;310.814262,1.55292,;310.814262,1.603,;310.814262,1.65308,;310.814262,1.70316,;310.814262,1.75324,;310.814262,1.80333,;310.814262,1.85342,;310.814262,1.90353,;310.814262,1.95365,;310.814262,2.00377,;310.814262,2.05386,;310.814262,2.10394,;285.997429,2.15401,;285.997429,2.20412,;285.997429,2.25423,;285.997429,2.3043,;285.997429,2.35438,;285.997429,2.40447,;285.997429,2.45455,;285.997429,2.50465,;285.997429,2.55498,;285.997429,2.60508,;285.997429,2.65518,;285.997429,2.70527,;285.997429,2.75535,;285.997429,2.80543,;285.997429,2.8555,;285.997429,2.90557,;285.997429,2.95569,;285.997429,3.00581,;285.997429,3.05592,;285.997429,3.106,;285.997429,3.15607,;285.143771,3.20616,;285.143771,3.25625,;285.143771,3.30634,;285.143771,3.35642,;285.143771,3.4065,;285.143771,3.45662,;278.297696,3.50673,;278.297696,3.55684,;278.297696,3.60696,;278.297696,3.65707,;278.297696,3.70718,;278.297696,3.75726,;278.297696,3.80735,;278.297696,3.85745,;278.297696,3.90756,;278.297696,3.95766,;278.297696,4.00774,;278.297696,4.05782,;278.297696,4.10793,;278.297696,4.15804,;278.297696,4.20813,;278.297696,4.25821,;278.297696,4.30829,;278.297696,4.35839,;278.297696,4.40848,;278.297696,4.4586,;278.297696,4.50867,;278.297696,4.55879,;278.297696,4.60887,;278.297696,4.65898,;278.297696,4.70906,;278.297696,4.75915,;278.297696,4.80926,;278.297696,4.85935,;278.297696,4.90942,;278.297696,4.95954,;278.297696,5.00962,;278.297696,5.05973,;278.297696,5.10984,;278.297696,5.15995,;278.297696,5.21007,;278.297696,5.26012,;278.297696,5.31023,;278.297696,5.36034,;278.297696,5.41042,;278.159896,5.46052,;278.159896,5.51061,;278.159896,5.56073,;278.159896,5.6108,;278.159896,5.66087,;272.040359,5.71098,;272.040359,5.76109,;272.040359,5.81117,;272.040359,5.86125,;272.040359,5.91135,;271.726457,5.96144,;271.726457,6.0115,;271.726457,6.06161,;271.726457,6.11173,;271.726457,6.16184,;261.287093,6.21194,;261.287093,6.26205,;261.287093,6.31212,;261.287093,6.36223,;261.287093,6.41232,;261.287093,6.4624,;261.287093,6.51249,;261.287093,6.56258,;261.287093,6.61266,;261.287093,6.66276,;261.287093,6.71286,;261.287093,6.76296,;261.287093,6.81305,;261.287093,6.86314,;261.287093,6.91323,;261.287093,6.96332,;261.287093,7.01343,;261.287093,7.06355,;261.287093,7.11366,;261.287093,7.16378,;261.287093,7.21389,;261.287093,7.26398,;261.287093,7.31409,;261.287093,7.36417,;261.287093,7.41426,;261.287093,7.46435,;261.287093,7.51443,;261.287093,7.56451,;261.287093,7.61461,;261.287093,7.66471,;261.287093,7.71479,;261.287093,7.76489,;261.287093,7.81498,;261.287093,7.86505,;261.287093,7.91516,;261.287093,7.96527,;261.287093,8.01534,;261.287093,8.06542,;261.287093,8.11553,;261.287093,8.16561,;261.287093,8.21573,;261.287093,8.26581,;261.287093,8.31589,;261.287093,8.36598,;261.287093,8.41609,;261.287093,8.46617,;261.287093,8.51624,;261.287093,8.56632,;261.287093,8.6164,;261.287093,8.66649,;261.287093,8.71658,;261.287093,8.76667,;261.287093,8.81677,;261.287093,8.86688,;261.287093,8.91696,;261.287093,8.96704,;261.287093,9.01712,;261.287093,9.06721,;261.287093,9.1173,;261.287093,9.16742,;261.287093,9.21752,;257.626892,9.2676,;257.626892,9.31771,;257.626892,9.36778,;257.626892,9.41788,;257.626892,9.468,;257.626892,9.51809,;257.626892,9.56817,;257.626892,9.61828,;257.626892,9.66837,;257.626892,9.71844,;257.626892,9.76853,;257.626892,9.81862,;257.626892,9.86871,;257.626892,9.91881,;257.626892,9.9689,;257.626892,10.019,;
389.341541,0.0500575,;389.341541,0.100137,;389.341541,0.150214,;389.341541,0.200299,;389.341541,0.250373,;389.341541,0.300457,;389.341541,0.350543,;389.341541,0.400631,;376.064667,0.450714,;376.064667,0.500791,;376.064667,0.550876,;376.064667,0.600963,;376.064667,0.651041,;376.064667,0.701121,;328.268919,0.751205,;328.268919,0.801289,;328.268919,0.851393,;328.268919,0.90148,;328.268919,0.951558,;328.268919,1.00165,;328.268919,1.05173,;328.268919,1.10182,;328.268919,1.15192,;328.268919,1.20202,;328.268919,1.25211,;328.268919,1.30222,;328.268919,1.3523,;328.268919,1.40239,;328.268919,1.45248,;328.268919,1.50258,;328.268919,1.55267,;328.268919,1.60277,;328.268919,1.65286,;328.268919,1.70297,;328.268919,1.75306,;328.268919,1.80316,;328.268919,1.85324,;328.268919,1.90333,;328.268919,1.95342,;328.268919,2.0035,;328.268919,2.05359,;328.268919,2.10368,;298.036392,2.15377,;298.036392,2.20386,;298.036392,2.25396,;298.036392,2.30404,;298.036392,2.35413,;298.036392,2.40422,;298.036392,2.4543,;298.036392,2.5044,;298.036392,2.55448,;298.036392,2.60457,;298.036392,2.65466,;298.036392,2.70475,;298.036392,2.75483,;298.036392,2.80492,;298.036392,2.85501,;298.036392,2.90511,;298.036392,2.9552,;298.036392,3.00528,;298.036392,3.05537,;288.058350,3.10546,;288.058350,3.15553,;288.058350,3.20562,;288.058350,3.2557,;288.058350,3.30578,;288.058350,3.35586,;288.058350,3.40595,;288.058350,3.45604,;288.058350,3.50614,;288.058350,3.55626,;275.217474,3.60642,;275.217474,3.65652,;275.217474,3.70662,;275.217474,3.75674,;275.217474,3.80682,;275.217474,3.8569,;275.217474,3.90699,;275.217474,3.95707,;275.217474,4.00716,;275.217474,4.05725,;275.217474,4.10734,;275.217474,4.15739,;275.217474,4.20749,;267.943931,4.25759,;267.943931,4.30767,;267.943931,4.35776,;267.943931,4.40785,;267.943931,4.45795,;267.943931,4.50805,;267.943931,4.55814,;267.943931,4.60823,;267.943931,4.65831,;267.943931,4.70839,;267.943931,4.75851,;267.943931,4.80858,;267.943931,4.85867,;267.943931,4.90877,;267.943931,4.95886,;267.943931,5.00898,;267.943931,5.0591,;267.943931,5.10921,;267.943931,5.15929,;267.943931,5.20938,;267.943931,5.25947,;267.943931,5.30955,;267.943931,5.35968,;267.943931,5.40978,;267.943931,5.45991,;267.943931,5.51001,;267.943931,5.5601,;267.943931,5.6102,;267.943931,5.6603,;267.943931,5.71038,;267.943931,5.76047,;267.943931,5.81056,;267.943931,5.86066,;267.943931,5.91076,;267.943931,5.96088,;267.943931,6.011,;267.943931,6.06109,;267.943931,6.11121,;267.943931,6.16133,;267.943931,6.21145,;267.943931,6.26152,;267.943931,6.31161,;267.943931,6.3617,;267.943931,6.41182,;267.943931,6.46191,;267.943931,6.51202,;267.943931,6.5621,;267.943931,6.61222,;267.943931,6.66231,;267.943931,6.7124,;267.943931,6.76248,;267.943931,6.81257,;267.943931,6.86265,;267.943931,6.91273,;267.943931,6.96283,;267.943931,7.01296,;267.943931,7.06304,;267.943931,7.11313,;267.943931,7.16322,;267.943931,7.2133,;267.943931,7.26339,;267.943931,7.31347,;267.943931,7.36355,;267.943931,7.41364,;267.943931,7.46373,;267.943931,7.51382,;267.943931,7.56391,;267.943931,7.614,;267.943931,7.66408,;267.943931,7.71416,;267.943931,7.76424,;267.943931,7.81433,;267.943931,7.86441,;267.943931,7.91451,;267.943931,7.9646,;267.943931,8.0147,;267.943931,8.06479,;267.943931,8.11489,;267.943931,8.16497,;267.943931,8.21506,;267.943931,8.26516,;267.943931,8.31525,;267.943931,8.36532,;267.943931,8.41539,;267.943931,8.46546,;267.943931,8.51554,;267.943931,8.56561,;267.943931,8.61568,;267.943931,8.66575,;267.943931,8.71583,;267.943931,8.7659,;267.943931,8.81598,;267.943931,8.86606,;267.943931,8.91614,;267.943931,8.96621,;267.943931,9.01629,;267.943931,9.06637,;267.943931,9.11647,;267.943931,9.16656,;267.943931,9.21668,;267.943931,9.26676,;267.943931,9.31685,;267.943931,9.36693,;267.943931,9.41701,;267.943931,9.46711,;267.943931,9.5172,;267.943931,9.56735,;267.943931,9.61745,;267.943931,9.66754,;267.943931,9.71765,;267.943931,9.76774,;267.943931,9.81785,;267.943931,9.86796,;267.943931,9.91806,;267.943931,9.96815,;267.943931,10.0183,;267.943931,10.0684,;
678.867822,0.0500685,;596.104658,0.100156,;562.240825,0.15025,;562.240825,0.200381,;562.240825,0.250462,;530.167534,0.300541,;517.677494,0.350622,;517.677494,0.400703,;517.677494,0.45078,;517.677494,0.500858,;517.677494,0.55093,;382.819678,0.601047,;382.819678,0.651125,;382.819678,0.701219,;382.819678,0.751305,;382.819678,0.801424,;382.819678,0.851528,;382.819678,0.901636,;382.819678,0.951747,;356.688341,1.00186,;356.688341,1.05198,;356.688341,1.10209,;356.688341,1.15217,;356.688341,1.20229,;356.688341,1.25243,;342.510718,1.30252,;342.510718,1.35261,;342.510718,1.40269,;342.510718,1.45276,;342.510718,1.50288,;333.359317,1.55296,;310.675730,1.60308,;310.675730,1.65317,;310.675730,1.70327,;310.675730,1.75336,;310.675730,1.80344,;310.675730,1.85353,;310.675730,1.90364,;310.675730,1.95373,;310.675730,2.00384,;310.675730,2.05395,;310.675730,2.10404,;294.805875,2.15412,;294.805875,2.20421,;294.805875,2.2543,;294.805875,2.30439,;294.805875,2.35448,;294.805875,2.40455,;294.805875,2.45467,;294.805875,2.50475,;294.805875,2.55487,;294.805875,2.60502,;291.031889,2.65512,;291.031889,2.70521,;291.031889,2.75531,;290.582332,2.80541,;290.582332,2.85553,;290.582332,2.90561,;269.091492,2.95571,;269.091492,3.00583,;269.091492,3.05594,;269.091492,3.10602,;269.091492,3.15609,;269.091492,3.2062,;269.091492,3.25629,;269.091492,3.30639,;269.091492,3.35648,;269.091492,3.4066,;269.091492,3.45668,;269.091492,3.50676,;269.091492,3.55685,;269.091492,3.60694,;265.023022,3.65703,;265.023022,3.70713,;265.023022,3.75721,;265.023022,3.8073,;265.023022,3.85739,;265.023022,3.90748,;265.023022,3.95758,;265.023022,4.00767,;265.023022,4.05776,;265.023022,4.10786,;265.023022,4.15796,;265.023022,4.20808,;265.023022,4.25817,;265.023022,4.30827,;265.023022,4.35839,;265.023022,4.40851,;265.023022,4.45863,;265.023022,4.5087,;265.023022,4.55881,;265.023022,4.6089,;265.023022,4.659,;265.023022,4.7091,;265.023022,4.75921,;265.023022,4.80931,;265.023022,4.85942,;265.023022,4.90954,;265.023022,4.95965,;265.023022,5.00973,;265.023022,5.05985,;265.023022,5.10996,;265.023022,5.16007,;265.023022,5.21015,;265.023022,5.26028,;265.023022,5.31039,;265.023022,5.36049,;265.023022,5.41058,;265.023022,5.46066,;265.023022,5.51074,;265.023022,5.56084,;262.518273,5.61093,;262.518273,5.66102,;262.518273,5.71117,;262.518273,5.76125,;262.518273,5.81134,;262.518273,5.86145,;262.518273,5.91155,;262.518273,5.96167,;262.518273,6.01178,;262.518273,6.06185,;262.518273,6.11196,;262.518273,6.16207,;262.518273,6.21214,;262.518273,6.26223,;262.518273,6.31231,;262.518273,6.36242,;262.518273,6.41249,;262.518273,6.46259,;262.518273,6.51267,;262.518273,6.56279,;262.518273,6.61289,;262.518273,6.663,;262.518273,6.71309,;262.518273,6.7632,;262.518273,6.81332,;262.518273,6.86339,;262.518273,6.91348,;262.518273,6.9636,;262.518273,7.01367,;262.518273,7.06378,;262.518273,7.11389,;262.518273,7.164,;262.518273,7.21412,;262.518273,7.26423,;262.518273,7.31435,;262.518273,7.36446,;262.518273,7.41455,;262.518273,7.46464,;262.518273,7.51475,;262.518273,7.56484,;262.518273,7.61494,;262.518273,7.66505,;262.518273,7.71515,;262.518273,7.76524,;262.518273,7.81532,;262.518273,7.86541,;262.518273,7.9155,;262.518273,7.9656,;262.518273,8.01568,;262.518273,8.06577,;262.518273,8.11585,;262.518273,8.16592,;262.518273,8.216,;262.518273,8.26607,;262.518273,8.31615,;262.518273,8.36622,;262.518273,8.41629,;262.518273,8.46637,;262.518273,8.51645,;262.518273,8.56653,;262.518273,8.61661,;262.518273,8.66672,;262.518273,8.71681,;262.518273,8.76689,;262.518273,8.81697,;262.518273,8.86706,;262.518273,8.91718,;262.518273,8.96727,;262.518273,9.01736,;262.518273,9.06745,;262.518273,9.11758,;262.518273,9.16769,;262.518273,9.21779,;262.518273,9.26791,;262.518273,9.31799,;262.518273,9.36812,;262.518273,9.4182,;262.518273,9.46827,;262.518273,9.51835,;262.518273,9.56842,;262.518273,9.6185,;262.518273,9.66858,;262.518273,9.71866,;262.518273,9.76874,;262.518273,9.81885,;262.518273,9.86894,;262.518273,9.91899,;262.518273,9.96909,;
inf,0.0500593,;578.815211,0.100133,;528.967606,0.150208,;522.421271,0.200286,;522.421271,0.250378,;522.421271,0.300456,;522.421271,0.350533,;435.098294,0.400606,;399.241952,0.450685,;399.241952,0.50078,;399.241952,0.550853,;399.241952,0.600925,;399.241952,0.651008,;399.241952,0.701083,;385.673963,0.751194,;368.737903,0.801297,;368.737903,0.851393,;368.737903,0.901485,;368.737903,0.951577,;368.737903,1.0017,;368.737903,1.05179,;368.737903,1.10189,;368.737903,1.15196,;368.737903,1.20203,;368.737903,1.25211,;362.029069,1.30218,;357.283517,1.35226,;348.011818,1.40233,;348.011818,1.45241,;348.011818,1.50248,;348.011818,1.55255,;348.011818,1.60263,;348.011818,1.65267,;348.011818,1.70273,;342.748544,1.75281,;342.748544,1.80289,;342.748544,1.853,;342.748544,1.9031,;342.748544,1.95322,;342.748544,2.00331,;342.748544,2.05339,;342.748544,2.10348,;342.748544,2.15361,;342.748544,2.20372,;342.748544,2.25383,;342.748544,2.30392,;342.748544,2.35403,;342.748544,2.40414,;342.748544,2.45425,;342.748544,2.50434,;342.748544,2.55445,;342.748544,2.60455,;327.177054,2.65464,;311.220193,2.70472,;311.220193,2.7548,;311.220193,2.80489,;310.882856,2.85498,;310.882856,2.90507,;310.882856,2.95516,;310.882856,3.00525,;310.882856,3.05534,;310.882856,3.10542,;310.882856,3.1555,;310.882856,3.20559,;310.882856,3.25568,;310.882856,3.30578,;310.882856,3.35587,;310.882856,3.40595,;310.882856,3.45605,;310.882856,3.50614,;310.882856,3.55624,;310.882856,3.60634,;310.882856,3.65645,;305.843891,3.70654,;305.843891,3.75661,;305.843891,3.80674,;305.843891,3.85685,;305.843891,3.90693,;305.843891,3.95702,;305.843891,4.00711,;305.843891,4.05723,;305.843891,4.1073,;305.843891,4.15737,;305.843891,4.20746,;305.843891,4.25756,;305.843891,4.30764,;305.843891,4.35772,;305.843891,4.40781,;305.843891,4.45789,;305.843891,4.50797,;305.843891,4.55806,;305.843891,4.60818,;286.541433,4.65827,;286.541433,4.70838,;286.541433,4.75847,;283.648929,4.80859,;283.648929,4.85866,;283.648929,4.90874,;283.648929,4.95877,;283.648929,5.00888,;283.648929,5.05895,;283.648929,5.10906,;283.648929,5.15915,;283.648929,5.20923,;283.648929,5.25933,;283.648929,5.30943,;283.648929,5.35952,;283.648929,5.40961,;283.648929,5.45968,;283.648929,5.5098,;283.648929,5.55992,;283.648929,5.61003,;283.648929,5.66014,;283.648929,5.71025,;283.648929,5.76033,;283.648929,5.81041,;283.648929,5.86053,;283.648929,5.91062,;283.648929,5.96072,;283.648929,6.01077,;283.648929,6.06086,;283.648929,6.11094,;283.648929,6.16106,;283.648929,6.21115,;283.648929,6.26123,;283.648929,6.31131,;283.648929,6.36143,;283.648929,6.41152,;283.648929,6.46161,;283.648929,6.51174,;283.648929,6.56183,;283.648929,6.61192,;283.648929,6.66203,;283.648929,6.71211,;277.657440,6.7622,;277.657440,6.81232,;277.657440,6.86243,;277.657440,6.91253,;277.657440,6.96261,;277.657440,7.01269,;277.657440,7.06273,;277.657440,7.11281,;277.657440,7.16289,;277.657440,7.21296,;277.657440,7.26304,;277.657440,7.31313,;277.657440,7.36323,;277.657440,7.41332,;277.657440,7.46345,;277.657440,7.51355,;277.657440,7.56367,;277.657440,7.61379,;277.657440,7.6639,;277.657440,7.71401,;277.657440,7.76412,;277.657440,7.81424,;277.657440,7.86435,;277.657440,7.91446,;277.657440,7.96457,;277.657440,8.01468,;277.657440,8.06476,;277.657440,8.11487,;277.657440,8.16498,;277.657440,8.21506,;277.657440,8.26518,;277.657440,8.31527,;277.657440,8.36536,;277.657440,8.41545,;277.657440,8.46553,;277.657440,8.51562,;277.657440,8.56573,;277.657440,8.61581,;277.657440,8.6659,;277.657440,8.71598,;277.657440,8.76609,;277.657440,8.8162,;277.657440,8.86631,;277.657440,8.9164,;277.657440,8.96647,;277.657440,9.01656,;277.657440,9.06664,;277.210095,9.11672,;277.210095,9.16679,;277.210095,9.21687,;277.210095,9.26698,;257.390039,9.31707,;257.390039,9.36715,;257.390039,9.41727,;257.390039,9.46739,;257.390039,9.5175,;257.390039,9.56761,;257.390039,9.61769,;257.390039,9.66776,;257.390039,9.71783,;257.390039,9.76794,;257.390039,9.81802,;257.390039,9.86812,;257.390039,9.91821,;257.390039,9.96832,;257.390039,10.0184,;257.390039,10.0685,;
inf,0.0500961,;inf,0.100183,;416.733794,0.150295,;397.991627,0.200379,;397.991627,0.250479,;397.991627,0.300568,;397.991627,0.350655,;397.991627,0.40073,;363.205946,0.450803,;363.205946,0.500883,;363.205946,0.551,;363.205946,0.601084,;363.205946,0.651236,;363.205946,0.701311,;363.205946,0.75138,;363.205946,0.801501,;314.375409,0.851583,;314.375409,0.901671,;314.375409,0.951747,;314.375409,1.00186,;314.375409,1.05195,;311.854669,1.10203,;311.854669,1.15213,;311.854669,1.2022,;311.854669,1.25229,;311.854669,1.30236,;311.854669,1.35243,;311.854669,1.40251,;311.854669,1.45263,;311.854669,1.50272,;311.854669,1.55283,;311.854669,1.60291,;311.854669,1.65302,;311.854669,1.70313,;311.854669,1.75324,;303.591186,1.80336,;303.591186,1.85346,;303.591186,1.90354,;302.069317,1.95361,;302.069317,2.00369,;302.069317,2.05378,;302.069317,2.10386,;302.069317,2.15398,;302.069317,2.20406,;302.069317,2.25417,;302.069317,2.30429,;302.069317,2.35439,;302.069317,2.40447,;302.069317,2.45457,;302.069317,2.50467,;302.069317,2.55475,;302.069317,2.60483,;302.069317,2.65494,;302.069317,2.70503,;287.138527,2.75513,;287.138527,2.80524,;287.138527,2.85533,;287.138527,2.90544,;287.138527,2.95555,;287.138527,3.00562,;287.138527,3.05569,;287.138527,3.1058,;287.138527,3.15588,;287.138527,3.20599,;287.138527,3.25606,;287.138527,3.30615,;287.138527,3.35622,;287.138527,3.4063,;287.138527,3.45639,;287.138527,3.50651,;287.138527,3.55659,;287.138527,3.60667,;287.138527,3.65676,;287.138527,3.70683,;287.138527,3.75693,;287.138527,3.80701,;287.138527,3.8571,;287.138527,3.9072,;287.138527,3.95729,;287.138527,4.00741,;287.138527,4.05752,;287.138527,4.10759,;287.138527,4.15769,;287.138527,4.20776,;287.138527,4.25784,;287.138527,4.30794,;287.138527,4.35803,;287.138527,4.40811,;287.138527,4.45819,;287.138527,4.50827,;287.138527,4.55839,;287.138527,4.60848,;287.138527,4.65857,;287.138527,4.70864,;287.138527,4.75872,;287.138527,4.8088,;287.138527,4.85888,;287.138527,4.90897,;287.138527,4.95907,;287.138527,5.00916,;287.138527,5.05924,;287.138527,5.10931,;287.138527,5.1594,;287.138527,5.20949,;287.138527,5.25957,;287.138527,5.30964,;287.138527,5.35972,;287.138527,5.40979,;287.138527,5.45988,;287.138527,5.51,;287.138527,5.56008,;287.138527,5.61017,;264.053620,5.66027,;264.053620,5.71036,;264.053620,5.76044,;264.053620,5.81055,;264.053620,5.86064,;264.053620,5.91073,;264.053620,5.96082,;264.053620,6.0109,;264.053620,6.06097,;264.053620,6.11104,;264.053620,6.16111,;264.053620,6.21122,;264.053620,6.26133,;264.053620,6.31145,;264.053620,6.36156,;264.053620,6.41163,;264.053620,6.46173,;264.053620,6.51181,;264.053620,6.5619,;264.053620,6.61199,;264.053620,6.66206,;264.053620,6.71215,;264.053620,6.76224,;264.053620,6.81232,;264.053620,6.86239,;264.053620,6.91247,;264.053620,6.96256,;264.053620,7.01265,;264.053620,7.06277,;264.053620,7.11285,;264.053620,7.16293,;264.053620,7.21301,;264.053620,7.2631,;264.053620,7.3132,;264.053620,7.36329,;264.053620,7.41338,;264.053620,7.46346,;264.053620,7.51355,;264.053620,7.56363,;264.053620,7.61371,;264.053620,7.66379,;264.053620,7.71387,;264.053620,7.76394,;264.053620,7.81402,;264.053620,7.86409,;264.053620,7.91417,;264.053620,7.96424,;264.053620,8.01432,;264.053620,8.06439,;264.053620,8.11451,;264.053620,8.16458,;264.053620,8.21466,;264.053620,8.26476,;264.053620,8.31485,;264.053620,8.36494,;264.053620,8.41503,;264.053620,8.46512,;264.053620,8.5152,;264.053620,8.56529,;264.053620,8.61537,;264.053620,8.66544,;264.053620,8.71552,;264.053620,8.76564,;264.053620,8.81572,;264.053620,8.8658,;264.053620,8.91589,;264.053620,8.966,;264.053620,9.01609,;264.053620,9.06619,;264.053620,9.11628,;264.053620,9.16639,;264.053620,9.21649,;264.053620,9.26661,;264.053620,9.31669,;264.053620,9.36682,;264.053620,9.41691,;264.053620,9.46699,;264.053620,9.51712,;264.053620,9.56723,;264.053620,9.61731,;264.053620,9.66743,;264.053620,9.71754,;264.053620,9.76762,;264.053620,9.81769,;264.053620,9.86781,;264.053620,9.91789,;264.053620,9.96799,;
594.790946,0.0500583,;594.790946,0.100153,;594.790946,0.150243,;594.790946,0.200335,;594.790946,0.250426,;594.790946,0.300514,;594.790946,0.350611,;594.790946,0.400693,;594.790946,0.450781,;594.790946,0.500861,;594.790946,0.55097,;594.790946,0.601048,;422.905164,0.651146,;422.905164,0.70123,;422.905164,0.751308,;377.688449,0.801388,;376.099860,0.851506,;304.302513,0.901653,;304.302513,0.951729,;304.302513,1.00181,;304.302513,1.05189,;304.302513,1.10197,;304.302513,1.15208,;304.302513,1.20219,;304.302513,1.2523,;295.269946,1.30241,;295.269946,1.35249,;295.269946,1.40258,;295.269946,1.45267,;295.269946,1.50276,;295.269946,1.55285,;295.269946,1.60296,;295.269946,1.65308,;295.269946,1.70318,;295.269946,1.75326,;295.269946,1.80334,;294.117654,1.85344,;294.117654,1.90353,;294.117654,1.95364,;282.914368,2.00372,;282.914368,2.05381,;282.914368,2.1039,;282.914368,2.15403,;282.914368,2.2041,;282.914368,2.25421,;282.914368,2.3043,;282.914368,2.35438,;282.914368,2.40447,;278.616917,2.45456,;278.616917,2.50465,;278.616917,2.55472,;278.616917,2.6048,;278.616917,2.65489,;278.616917,2.70498,;278.616917,2.75508,;278.616917,2.80516,;278.616917,2.85526,;278.616917,2.90536,;278.616917,2.95544,;278.616917,3.00554,;269.276816,3.05562,;269.276816,3.10572,;269.276816,3.15581,;269.276816,3.2059,;269.276816,3.25599,;269.276816,3.30607,;266.453354,3.35616,;266.453354,3.40625,;266.453354,3.45634,;266.453354,3.50642,;266.453354,3.5565,;266.453354,3.60658,;266.453354,3.65667,;261.972155,3.70678,;261.972155,3.75687,;261.972155,3.80699,;261.972155,3.8571,;261.972155,3.9072,;261.972155,3.95731,;261.972155,4.00742,;261.972155,4.05752,;261.972155,4.10759,;261.972155,4.1577,;261.972155,4.20779,;261.972155,4.25791,;261.972155,4.30802,;261.972155,4.35813,;261.972155,4.40824,;261.972155,4.45834,;261.972155,4.50846,;261.972155,4.55857,;261.972155,4.60866,;261.972155,4.65877,;261.972155,4.70884,;261.972155,4.75896,;261.972155,4.80907,;261.972155,4.85919,;261.972155,4.9093,;261.972155,4.95941,;261.972155,5.00951,;261.972155,5.05962,;261.972155,5.10973,;261.972155,5.15982,;261.972155,5.20994,;259.355299,5.26002,;259.355299,5.31014,;259.355299,5.36021,;259.355299,5.41032,;259.355299,5.46047,;257.698870,5.51055,;257.698870,5.56065,;257.698870,5.61077,;257.698870,5.66086,;257.698870,5.71098,;257.698870,5.76107,;257.698870,5.81119,;257.698870,5.86131,;257.698870,5.91139,;257.698870,5.96148,;257.698870,6.01156,;257.698870,6.06166,;257.698870,6.11175,;257.698870,6.16185,;257.698870,6.21193,;257.698870,6.26204,;257.698870,6.31213,;257.698870,6.36224,;257.698870,6.41236,;257.698870,6.46245,;257.698870,6.51255,;257.698870,6.56266,;257.698870,6.61275,;257.698870,6.66288,;257.698870,6.71298,;257.698870,6.7631,;257.698870,6.81322,;257.698870,6.8633,;257.698870,6.91342,;257.698870,6.96352,;257.698870,7.01363,;252.357342,7.0637,;252.357342,7.11381,;252.357342,7.1639,;252.357342,7.21402,;252.357342,7.26411,;252.357342,7.31419,;252.357342,7.36432,;252.357342,7.41444,;252.357342,7.46453,;252.357342,7.51461,;252.357342,7.56471,;252.357342,7.61479,;252.357342,7.66487,;252.357342,7.71497,;252.357342,7.76508,;252.357342,7.81517,;252.357342,7.86526,;252.357342,7.91534,;252.357342,7.96541,;252.357342,8.01546,;252.357342,8.06555,;252.357342,8.11563,;252.357342,8.1657,;252.357342,8.21578,;252.357342,8.26586,;252.357342,8.31594,;252.357342,8.36602,;252.357342,8.41611,;252.357342,8.4662,;252.357342,8.51629,;252.357342,8.56639,;252.357342,8.61648,;252.357342,8.6666,;252.357342,8.71667,;252.357342,8.76679,;252.357342,8.81686,;252.357342,8.86696,;252.357342,8.91705,;252.357342,8.96717,;252.357342,9.01726,;252.357342,9.06735,;252.357342,9.11747,;252.357342,9.16755,;252.357342,9.21763,;252.357342,9.2677,;252.357342,9.31781,;252.357342,9.36789,;252.357342,9.418,;252.357342,9.46809,;252.357342,9.5182,;252.357342,9.56829,;252.357342,9.61839,;252.357342,9.6685,;252.357342,9.7186,;252.357342,9.76871,;252.357342,9.81882,;252.357342,9.86891,;252.357342,9.91903,;252.357342,9.96914,;252.357342,10.0192,;252.357342,10.0693,;
459.284309,0.0500945,;459.284309,0.100213,;452.210617,0.150294,;452.210617,0.200373,;414.838889,0.250465,;414.838889,0.300559,;414.838889,0.350675,;414.838889,0.400745,;414.838889,0.450856,;414.838889,0.500945,;414.838889,0.551067,;414.838889,0.601157,;414.838889,0.651266,;414.838889,0.701354,;414.838889,0.751475,;414.838889,0.801587,;414.838889,0.851698,;414.838889,0.901811,;414.838889,0.951928,;414.838889,1.00201,;346.057914,1.05209,;346.057914,1.10221,;346.057914,1.15229,;346.057914,1.20241,;346.057914,1.25251,;346.057914,1.30262,;346.057914,1.35272,;346.057914,1.40284,;346.057914,1.45291,;346.057914,1.50299,;346.057914,1.55307,;346.057914,1.60318,;346.057914,1.65326,;346.057914,1.70335,;346.057914,1.75343,;328.093587,1.80351,;328.093587,1.8536,;328.093587,1.90368,;328.093587,1.95377,;328.093587,2.00386,;328.093587,2.05396,;328.093587,2.10406,;328.093587,2.15416,;328.093587,2.20424,;328.093587,2.25432,;328.093587,2.3044,;328.093587,2.35449,;328.093587,2.40459,;328.093587,2.45467,;328.093587,2.50476,;314.708059,2.55485,;314.708059,2.60494,;314.708059,2.65503,;292.320487,2.70513,;292.320487,2.75522,;290.936819,2.8053,;290.936819,2.85541,;290.936819,2.9055,;290.936819,2.95562,;290.936819,3.00571,;290.936819,3.05581,;290.936819,3.10593,;290.936819,3.15605,;290.936819,3.20616,;290.936819,3.25624,;290.936819,3.30636,;290.936819,3.35644,;290.936819,3.40653,;290.936819,3.45663,;290.936819,3.50672,;290.936819,3.55684,;290.936819,3.60691,;290.936819,3.65702,;290.936819,3.70713,;290.936819,3.75722,;290.936819,3.80734,;290.936819,3.85743,;290.936819,3.90755,;290.936819,3.95767,;290.936819,4.0078,;290.936819,4.05788,;290.936819,4.10796,;290.936819,4.15805,;290.936819,4.20813,;290.936819,4.25821,;290.936819,4.30828,;290.936819,4.35836,;272.485888,4.40843,;272.485888,4.45855,;272.485888,4.50863,;272.485888,4.55878,;272.485888,4.60886,;272.485888,4.65898,;272.485888,4.70908,;272.485888,4.7592,;272.485888,4.80931,;272.485888,4.85942,;272.485888,4.90951,;272.485888,4.95964,;272.485888,5.00971,;272.485888,5.0598,;272.485888,5.1099,;272.485888,5.16,;272.485888,5.21008,;272.485888,5.26018,;272.485888,5.31026,;272.485888,5.36033,;272.485888,5.41041,;272.485888,5.46053,;272.485888,5.51061,;272.485888,5.56071,;272.485888,5.61086,;272.485888,5.66098,;272.485888,5.71107,;272.485888,5.76118,;272.485888,5.81129,;272.485888,5.86141,;272.485888,5.91152,;272.485888,5.96161,;272.485888,6.01171,;272.485888,6.0618,;272.485888,6.11192,;272.485888,6.16201,;272.485888,6.21212,;272.485888,6.26223,;272.485888,6.31232,;272.485888,6.36244,;272.485888,6.41252,;272.485888,6.4626,;272.485888,6.51271,;272.485888,6.56281,;272.485888,6.6129,;272.485888,6.66302,;272.485888,6.71313,;272.485888,6.76321,;272.485888,6.81331,;272.485888,6.86343,;272.485888,6.91352,;272.485888,6.96362,;272.485888,7.01371,;272.485888,7.06381,;272.485888,7.11391,;272.485888,7.164,;272.165857,7.21411,;272.165857,7.26417,;272.165857,7.31425,;272.165857,7.36433,;272.165857,7.41445,;272.165857,7.46454,;272.165857,7.51464,;272.165857,7.56474,;272.165857,7.61486,;272.165857,7.66498,;272.165857,7.71509,;272.165857,7.76518,;272.165857,7.81526,;272.165857,7.86535,;272.165857,7.91544,;272.165857,7.96554,;272.165857,8.01563,;272.165857,8.06575,;272.165857,8.11583,;272.165857,8.16592,;272.165857,8.216,;272.165857,8.26612,;272.165857,8.31621,;272.165857,8.36632,;272.165857,8.4164,;272.165857,8.46647,;272.165857,8.51656,;272.165857,8.56664,;272.165857,8.61674,;272.165857,8.66687,;272.165857,8.71694,;272.165857,8.76702,;272.165857,8.81711,;272.165857,8.86719,;263.265364,8.91726,;263.265364,8.96733,;263.265364,9.01742,;263.265364,9.06751,;263.265364,9.11759,;263.265364,9.16767,;263.265364,9.21776,;263.265364,9.26785,;263.265364,9.31794,;263.265364,9.36803,;263.265364,9.41811,;263.265364,9.46819,;263.265364,9.51831,;263.265364,9.56838,;263.265364,9.61847,;263.265364,9.66855,;263.265364,9.71864,;263.265364,9.76874,;263.265364,9.81885,;263.265364,9.86894,;263.265364,9.91902,;263.265364,9.96914,;263.265364,10.0192,;263.265364,10.0693,;
inf,0.0500675,;499.941637,0.100152,;499.941637,0.150231,;499.941637,0.200301,;499.941637,0.250405,;499.941637,0.300514,;499.941637,0.350631,;499.941637,0.400701,;499.941637,0.450786,;499.941637,0.500899,;499.941637,0.550975,;499.941637,0.601099,;499.941637,0.651174,;499.941637,0.701272,;499.941637,0.751389,;485.957639,0.801469,;401.254606,0.851581,;348.784964,0.901699,;348.784964,0.951794,;348.784964,1.00188,;348.784964,1.052,;348.784964,1.10207,;348.784964,1.15218,;348.784964,1.20229,;348.784964,1.25238,;348.784964,1.30247,;348.784964,1.35255,;326.712817,1.40267,;326.712817,1.45276,;326.712817,1.50292,;326.712817,1.553,;321.386066,1.60308,;321.386066,1.65315,;321.386066,1.70325,;321.386066,1.75333,;321.386066,1.80341,;311.699958,1.85352,;311.699958,1.9036,;311.699958,1.95369,;297.741810,2.00377,;297.741810,2.05386,;297.741810,2.10393,;297.741810,2.15401,;297.741810,2.2041,;297.741810,2.25418,;297.741810,2.30431,;297.741810,2.35443,;297.741810,2.40451,;297.741810,2.45463,;297.741810,2.50475,;290.226933,2.55485,;290.226933,2.60494,;290.226933,2.65503,;278.631151,2.70507,;278.631151,2.75518,;278.631151,2.80529,;278.631151,2.85537,;278.631151,2.90545,;278.631151,2.95553,;278.631151,3.0056,;278.631151,3.05567,;278.631151,3.10579,;275.288680,3.15586,;275.288680,3.20595,;275.288680,3.25603,;275.288680,3.30611,;275.288680,3.3562,;275.288680,3.4063,;275.288680,3.45638,;275.288680,3.50647,;275.288680,3.55657,;275.288680,3.60666,;275.288680,3.65675,;275.288680,3.70684,;275.288680,3.75694,;275.288680,3.80705,;275.288680,3.85717,;275.288680,3.90724,;275.288680,3.95734,;275.288680,4.00745,;275.288680,4.05756,;275.288680,4.10766,;275.288680,4.15778,;256.751424,4.20789,;256.751424,4.25797,;256.751424,4.30809,;256.751424,4.35818,;256.751424,4.40831,;256.751424,4.45843,;256.751424,4.50851,;256.751424,4.5586,;256.751424,4.60869,;256.751424,4.65882,;256.751424,4.70891,;256.751424,4.75904,;256.751424,4.80913,;256.751424,4.85926,;256.751424,4.90936,;256.751424,4.95948,;256.751424,5.00957,;256.751424,5.05966,;256.751424,5.10982,;256.751424,5.15994,;256.751424,5.21005,;256.751424,5.26016,;256.751424,5.31027,;256.751424,5.36038,;256.751424,5.41047,;256.751424,5.46055,;256.751424,5.51065,;256.751424,5.56075,;256.751424,5.61085,;256.751424,5.66093,;256.751424,5.71105,;256.751424,5.76116,;256.751424,5.81126,;256.751424,5.86137,;256.751424,5.91148,;256.751424,5.96156,;256.751424,6.01167,;256.751424,6.06175,;256.751424,6.11186,;256.751424,6.16198,;256.751424,6.21205,;256.751424,6.26213,;256.751424,6.31219,;256.751424,6.36228,;256.751424,6.41235,;256.751424,6.46243,;256.751424,6.5125,;256.751424,6.5626,;256.751424,6.61268,;256.751424,6.66281,;256.751424,6.7129,;256.751424,6.76301,;256.751424,6.8131,;256.751424,6.86321,;256.751424,6.91332,;256.751424,6.96343,;256.751424,7.01355,;256.751424,7.06363,;256.751424,7.11374,;256.751424,7.16386,;256.751424,7.21397,;256.751424,7.26408,;256.751424,7.31416,;256.751424,7.36428,;256.751424,7.41439,;256.751424,7.46447,;256.751424,7.51455,;256.751424,7.56463,;256.751424,7.61471,;256.751424,7.66478,;256.751424,7.71486,;256.751424,7.76494,;256.751424,7.81501,;256.751424,7.8651,;256.751424,7.91521,;256.751424,7.9653,;256.751424,8.01541,;256.751424,8.06553,;256.751424,8.11564,;256.751424,8.16575,;256.751424,8.21587,;256.751424,8.26595,;256.751424,8.31611,;255.577422,8.36623,;255.577422,8.4163,;255.577422,8.46641,;255.577422,8.51649,;255.577422,8.56661,;255.577422,8.61671,;255.577422,8.66682,;255.577422,8.71691,;255.577422,8.76702,;255.577422,8.81714,;255.577422,8.86722,;246.929238,8.91731,;246.929238,8.96739,;246.929238,9.0175,;246.929238,9.06762,;246.929238,9.11774,;246.929238,9.16785,;246.929238,9.21796,;246.929238,9.26807,;246.929238,9.31818,;246.929238,9.3683,;246.929238,9.41841,;246.929238,9.46849,;246.929238,9.51857,;246.929238,9.56867,;246.929238,9.61879,;246.929238,9.66888,;246.929238,9.71896,;246.929238,9.76905,;246.929238,9.81916,;246.929238,9.86925,;246.929238,9.91932,;246.929238,9.96942,;
inf,0.0500576,;inf,0.100171,;501.513195,0.150252,;501.513195,0.200333,;501.513195,0.250445,;491.052458,0.300523,;491.052458,0.35061,;451.232098,0.400697,;451.232098,0.450772,;451.232098,0.50085,;451.232098,0.550973,;451.232098,0.601062,;386.907267,0.651145,;386.907267,0.701219,;386.907267,0.7513,;386.907267,0.801386,;386.907267,0.851499,;386.907267,0.901584,;386.907267,0.95168,;386.907267,1.00177,;358.017241,1.05188,;358.017241,1.10195,;358.017241,1.15207,;358.017241,1.20215,;358.017241,1.25223,;358.017241,1.30231,;358.017241,1.35239,;358.017241,1.40246,;355.204381,1.45255,;325.754745,1.50263,;325.754745,1.55271,;325.754745,1.60279,;325.754745,1.65286,;325.754745,1.70295,;325.754745,1.75305,;325.754745,1.80313,;325.754745,1.85323,;317.852666,1.90332,;317.852666,1.95341,;317.852666,2.00352,;317.852666,2.05361,;317.852666,2.10369,;317.852666,2.15378,;317.852666,2.20388,;317.852666,2.25397,;317.852666,2.30408,;317.852666,2.35416,;317.852666,2.40425,;317.852666,2.45434,;317.852666,2.50445,;317.852666,2.55457,;317.852666,2.60464,;317.852666,2.65475,;317.852666,2.70482,;317.852666,2.75493,;317.852666,2.80501,;301.509501,2.85514,;301.509501,2.90522,;301.509501,2.95534,;301.509501,3.00543,;301.509501,3.05553,;301.509501,3.10564,;301.509501,3.15575,;299.966256,3.20583,;299.966256,3.25594,;299.966256,3.30605,;299.966256,3.35616,;299.966256,3.40627,;299.966256,3.45638,;299.966256,3.5065,;299.966256,3.55659,;299.966256,3.60672,;299.966256,3.65679,;299.966256,3.70691,;299.966256,3.757,;299.966256,3.80711,;299.966256,3.8572,;288.858966,3.90731,;288.858966,3.95741,;288.858966,4.00752,;288.858966,4.0576,;288.858966,4.10771,;288.858966,4.1578,;288.858966,4.20792,;288.858966,4.25804,;288.858966,4.30813,;288.858966,4.35822,;288.858966,4.40834,;288.858966,4.45843,;279.929605,4.50856,;279.929605,4.55867,;279.929605,4.60875,;279.929605,4.65886,;279.929605,4.70895,;279.929605,4.75903,;279.929605,4.80912,;279.929605,4.8592,;279.929605,4.90927,;279.929605,4.95936,;279.929605,5.00944,;279.929605,5.05948,;279.929605,5.10956,;279.929605,5.15963,;279.929605,5.20971,;279.929605,5.25982,;279.929605,5.30991,;279.929605,5.35999,;279.929605,5.41008,;279.929605,5.46016,;279.929605,5.51023,;279.929605,5.56031,;279.929605,5.6104,;279.929605,5.66052,;279.929605,5.71059,;279.929605,5.76066,;279.929605,5.81072,;279.929605,5.8608,;279.929605,5.9109,;258.182675,5.961,;258.182675,6.01111,;256.089660,6.06119,;256.089660,6.11131,;256.089660,6.1614,;256.089660,6.21148,;256.089660,6.26156,;256.089660,6.31163,;256.089660,6.36171,;256.089660,6.4118,;256.089660,6.46189,;256.089660,6.51201,;256.089660,6.56208,;256.089660,6.61219,;256.089660,6.6623,;256.089660,6.71244,;256.089660,6.76252,;256.089660,6.81259,;256.089660,6.8627,;256.089660,6.91278,;256.089660,6.96286,;256.089660,7.01294,;256.089660,7.06302,;256.089660,7.1131,;256.089660,7.16318,;256.089660,7.21326,;256.089660,7.26334,;256.089660,7.31342,;256.089660,7.3635,;256.089660,7.41357,;256.089660,7.46365,;256.089660,7.51373,;256.089660,7.56381,;256.089660,7.6139,;256.089660,7.66399,;256.089660,7.71408,;256.089660,7.76417,;256.089660,7.81426,;256.089660,7.86435,;256.089660,7.91444,;256.089660,7.96453,;256.089660,8.01461,;256.089660,8.06469,;256.089660,8.11477,;256.089660,8.16485,;256.089660,8.21494,;256.089660,8.26501,;256.089660,8.3151,;256.089660,8.36518,;256.089660,8.41527,;256.089660,8.46536,;256.089660,8.51545,;256.089660,8.56554,;256.089660,8.61563,;256.089660,8.66571,;256.089660,8.7158,;256.089660,8.76589,;256.089660,8.81597,;256.089660,8.86606,;256.089660,8.91614,;256.089660,8.96623,;256.089660,9.01633,;256.089660,9.0664,;256.089660,9.11649,;256.089660,9.16659,;256.089660,9.21667,;256.089660,9.26676,;256.089660,9.31684,;256.089660,9.36695,;256.089660,9.41705,;256.089660,9.46714,;256.089660,9.51722,;256.089660,9.5673,;256.089660,9.61739,;256.089660,9.66748,;256.089660,9.71756,;256.089660,9.76765,;256.089660,9.81773,;256.089660,9.86781,;256.089660,9.9179,;256.089660,9.96803,;
inf,0.0500576,;468.722174,0.100136,;468.722174,0.15026,;468.722174,0.200349,;468.722174,0.250427,;417.859069,0.300513,;417.859069,0.350606,;417.859069,0.400694,;417.859069,0.450774,;400.562196,0.500859,;400.562196,0.550941,;386.630465,0.601023,;382.937751,0.651109,;382.937751,0.701191,;382.937751,0.751274,;373.338097,0.801357,;373.338097,0.851444,;373.338097,0.901541,;373.338097,0.951633,;373.338097,1.00172,;373.338097,1.05181,;373.338097,1.10189,;373.338097,1.15196,;373.338097,1.20211,;373.338097,1.25222,;373.338097,1.30232,;373.338097,1.3524,;373.338097,1.40252,;373.338097,1.45264,;373.338097,1.50274,;373.338097,1.55286,;373.338097,1.60294,;373.338097,1.65306,;373.338097,1.70316,;373.338097,1.75325,;373.338097,1.80335,;373.338097,1.85345,;296.163894,1.90354,;296.163894,1.95367,;296.163894,2.00376,;296.163894,2.05386,;296.163894,2.10395,;296.163894,2.15407,;296.163894,2.20416,;296.163894,2.25425,;296.163894,2.30434,;296.163894,2.35446,;296.163894,2.40455,;296.163894,2.45464,;296.163894,2.50472,;296.163894,2.55482,;296.163894,2.60494,;296.163894,2.65502,;296.163894,2.70511,;296.163894,2.75524,;296.163894,2.80533,;296.163894,2.85543,;296.163894,2.90557,;296.163894,2.95568,;296.163894,3.0058,;296.163894,3.05591,;296.163894,3.10602,;296.163894,3.1561,;296.163894,3.20622,;296.163894,3.25629,;296.163894,3.3064,;296.163894,3.35649,;296.163894,3.40661,;296.163894,3.45672,;287.668539,3.50683,;287.668539,3.55692,;287.668539,3.607,;287.668539,3.6571,;287.668539,3.7072,;278.052745,3.75729,;278.052745,3.80737,;278.052745,3.8575,;278.052745,3.90762,;278.052745,3.95773,;278.052745,4.00781,;278.052745,4.05793,;278.052745,4.10803,;278.052745,4.15813,;278.052745,4.20824,;278.052745,4.25833,;278.052745,4.30845,;278.052745,4.35854,;278.052745,4.40867,;278.052745,4.45879,;278.052745,4.50888,;278.052745,4.55897,;278.052745,4.60909,;278.052745,4.65919,;278.052745,4.70928,;278.052745,4.75941,;278.052745,4.80953,;278.052745,4.85964,;278.052745,4.90973,;278.052745,4.95985,;278.052745,5.00996,;278.052745,5.06004,;278.052745,5.11017,;278.052745,5.16025,;278.052745,5.21036,;278.052745,5.26048,;278.052745,5.31056,;278.052745,5.36067,;278.052745,5.41076,;278.052745,5.46083,;278.052745,5.51092,;278.052745,5.56101,;278.052745,5.6111,;278.052745,5.66119,;278.052745,5.71128,;278.052745,5.76144,;269.294525,5.81157,;269.294525,5.86168,;269.294525,5.91176,;269.294525,5.96189,;269.294525,6.01202,;269.294525,6.06214,;269.294525,6.11225,;269.294525,6.16237,;269.294525,6.21244,;269.294525,6.26254,;269.294525,6.31262,;269.294525,6.36273,;269.294525,6.41282,;269.294525,6.4629,;269.294525,6.51298,;269.294525,6.56307,;269.294525,6.61318,;269.294525,6.66325,;269.294525,6.71334,;269.294525,6.76343,;269.294525,6.81355,;269.294525,6.86364,;269.294525,6.91373,;269.294525,6.96381,;269.294525,7.01389,;269.294525,7.06397,;269.294525,7.11405,;269.294525,7.16414,;269.294525,7.21426,;269.294525,7.26437,;269.294525,7.31445,;269.294525,7.36454,;269.294525,7.41465,;269.294525,7.46476,;269.294525,7.51485,;269.294525,7.56496,;269.294525,7.61504,;269.294525,7.66516,;269.294525,7.71524,;269.294525,7.76532,;269.294525,7.8154,;269.294525,7.86549,;269.294525,7.91557,;269.294525,7.96567,;269.294525,8.01576,;269.294525,8.06589,;269.294525,8.11595,;269.294525,8.16607,;269.294525,8.21611,;269.294525,8.26619,;269.294525,8.31627,;269.294525,8.36638,;269.294525,8.41647,;269.294525,8.46658,;269.294525,8.51667,;269.294525,8.56676,;269.294525,8.61685,;269.294525,8.66693,;269.294525,8.71702,;269.294525,8.7671,;269.294525,8.81718,;269.294525,8.86727,;269.294525,8.91736,;269.294525,8.96745,;269.294525,9.01754,;269.294525,9.06761,;258.160025,9.11768,;258.160025,9.16777,;258.160025,9.21786,;258.160025,9.26794,;258.160025,9.31803,;258.160025,9.36812,;258.160025,9.41821,;258.160025,9.46829,;258.160025,9.51841,;258.160025,9.56852,;258.160025,9.61861,;258.160025,9.66873,;258.160025,9.71884,;258.160025,9.76895,;258.160025,9.81902,;258.160025,9.86911,;258.160025,9.9192,;258.160025,9.96929,;
527.800836,0.0500759,;480.759972,0.100187,;480.759972,0.150277,;480.759972,0.200384,;480.759972,0.250495,;480.759972,0.300605,;480.759972,0.350711,;480.759972,0.40082,;480.759972,0.45093,;480.759972,0.501014,;480.759972,0.55113,;480.759972,0.601186,;372.789260,0.65126,;327.726576,0.701336,;327.726576,0.751448,;327.726576,0.801559,;327.726576,0.851637,;327.726576,0.901734,;327.726576,0.951851,;327.726576,1.00196,;327.726576,1.05208,;313.196117,1.10219,;313.196117,1.15227,;313.196117,1.20243,;313.196117,1.25255,;313.196117,1.30264,;313.196117,1.35275,;313.196117,1.40286,;302.342147,1.45295,;302.342147,1.50306,;302.342147,1.55312,;302.342147,1.60321,;302.342147,1.6533,;302.342147,1.7034,;302.342147,1.75352,;302.342147,1.80359,;302.342147,1.85367,;302.342147,1.90379,;302.342147,1.95386,;302.342147,2.00398,;302.342147,2.05405,;278.102862,2.10413,;278.102862,2.15422,;278.102862,2.20435,;278.102862,2.25442,;278.102862,2.30453,;278.102862,2.35462,;278.102862,2.4047,;278.102862,2.45477,;278.102862,2.50485,;278.102862,2.55497,;278.102862,2.60508,;278.102862,2.65516,;278.102862,2.70524,;278.102862,2.75534,;278.102862,2.80544,;278.102862,2.85558,;278.102862,2.90566,;278.102862,2.95576,;278.102862,3.00587,;278.102862,3.05598,;278.102862,3.10607,;278.102862,3.15618,;278.102862,3.20629,;278.102862,3.2564,;278.102862,3.30647,;278.102862,3.35659,;278.102862,3.40667,;278.102862,3.45676,;278.102862,3.50683,;278.102862,3.55691,;278.102862,3.60699,;278.102862,3.65707,;278.102862,3.70717,;278.102862,3.75725,;278.102862,3.80733,;278.102862,3.85741,;278.102862,3.9075,;278.102862,3.95759,;278.102862,4.00768,;278.102862,4.05776,;278.102862,4.10788,;278.102862,4.15796,;278.102862,4.20806,;273.599084,4.25816,;273.599084,4.30824,;273.599084,4.35835,;272.532788,4.40843,;272.532788,4.45854,;272.532788,4.50862,;272.532788,4.55874,;272.532788,4.60885,;272.532788,4.65896,;272.532788,4.70907,;272.532788,4.75918,;272.532788,4.80925,;272.532788,4.85928,;272.532788,4.90936,;272.532788,4.95944,;272.532788,5.00951,;272.532788,5.05958,;272.532788,5.10966,;272.532788,5.15973,;272.532788,5.20981,;272.532788,5.25989,;272.532788,5.30998,;272.532788,5.36007,;272.532788,5.41016,;272.532788,5.46029,;272.532788,5.51039,;272.532788,5.56048,;272.532788,5.61057,;272.532788,5.66066,;272.532788,5.71073,;272.532788,5.76081,;272.532788,5.81093,;272.532788,5.861,;272.532788,5.91108,;272.532788,5.96112,;272.532788,6.0112,;272.532788,6.06127,;272.532788,6.11135,;272.532788,6.16144,;272.532788,6.21152,;272.532788,6.26163,;272.532788,6.31171,;272.532788,6.3618,;272.532788,6.41188,;272.532788,6.46197,;272.532788,6.51204,;272.532788,6.56218,;272.532788,6.61228,;272.532788,6.66239,;272.532788,6.7125,;272.532788,6.7626,;272.532788,6.81268,;272.532788,6.86278,;272.532788,6.91289,;272.532788,6.963,;272.532788,7.01311,;272.532788,7.06322,;272.532788,7.11329,;272.532788,7.16341,;272.532788,7.21348,;272.532788,7.26358,;272.532788,7.31366,;272.532788,7.36373,;272.532788,7.4138,;272.532788,7.46388,;272.532788,7.51397,;272.532788,7.56409,;272.532788,7.61417,;272.532788,7.66425,;272.532788,7.71434,;272.532788,7.76442,;272.532788,7.8145,;272.532788,7.86462,;272.532788,7.9147,;272.532788,7.96482,;272.532788,8.01492,;272.532788,8.06503,;272.532788,8.11513,;272.532788,8.16521,;272.532788,8.21529,;272.532788,8.26537,;272.532788,8.31546,;272.532788,8.36555,;272.532788,8.41566,;272.532788,8.46575,;272.532788,8.51586,;272.532788,8.56595,;272.532788,8.61606,;272.532788,8.66617,;272.532788,8.71628,;272.532788,8.76639,;272.532788,8.81647,;272.532788,8.86659,;272.532788,8.91671,;272.532788,8.96679,;272.532788,9.01687,;272.532788,9.06695,;272.532788,9.11703,;272.532788,9.16715,;272.532788,9.21723,;272.532788,9.26731,;272.532788,9.3174,;272.532788,9.36753,;272.532788,9.4176,;272.532788,9.46772,;272.532788,9.51781,;272.532788,9.56791,;272.532788,9.61798,;272.532788,9.66809,;272.532788,9.71817,;267.392575,9.76825,;267.392575,9.81835,;267.392575,9.86846,;267.392575,9.91855,;267.392575,9.96866,;267.392575,10.0188,;
493.616775,0.0500739,;493.616775,0.100168,;493.616775,0.150277,;493.616775,0.200361,;493.616775,0.250473,;493.616775,0.300566,;388.176837,0.350651,;386.052628,0.400767,;378.760023,0.450875,;378.760023,0.500961,;378.760023,0.551068,;378.760023,0.601153,;363.560766,0.65127,;363.147786,0.701381,;363.147786,0.751454,;363.147786,0.801568,;363.147786,0.85166,;356.414456,0.901776,;356.414456,0.951865,;356.414456,1.00197,;356.414456,1.05206,;356.414456,1.10218,;323.801834,1.15229,;323.801834,1.20239,;323.801834,1.25251,;323.801834,1.30262,;321.613881,1.35272,;321.613881,1.40284,;321.613881,1.45292,;308.205871,1.50304,;308.205871,1.55315,;308.205871,1.60325,;308.205871,1.65336,;308.205871,1.70343,;308.205871,1.75352,;308.205871,1.80362,;308.205871,1.85374,;308.205871,1.90383,;308.205871,1.95394,;308.205871,2.004,;308.205871,2.05411,;308.205871,2.10422,;308.205871,2.15429,;308.205871,2.20438,;308.205871,2.25445,;308.205871,2.30454,;308.205871,2.35465,;308.205871,2.40472,;308.205871,2.45483,;308.205871,2.50494,;308.205871,2.55502,;308.205871,2.60511,;308.205871,2.65522,;308.205871,2.70534,;308.205871,2.75541,;308.205871,2.80552,;281.089158,2.8556,;281.089158,2.90572,;281.089158,2.9558,;281.089158,3.00591,;281.089158,3.056,;281.089158,3.10611,;281.089158,3.15619,;281.089158,3.20627,;281.089158,3.25636,;281.089158,3.30644,;281.089158,3.35652,;281.089158,3.4066,;281.089158,3.4567,;276.834278,3.50677,;276.834278,3.55686,;276.834278,3.60699,;276.834278,3.6571,;276.834278,3.70718,;276.834278,3.75726,;276.834278,3.80734,;276.834278,3.85743,;276.834278,3.90751,;276.834278,3.9576,;265.665635,4.00769,;265.665635,4.0578,;265.665635,4.10789,;265.665635,4.15798,;265.665635,4.20807,;265.665635,4.25819,;265.665635,4.30826,;265.665635,4.35834,;265.665635,4.40844,;265.665635,4.45852,;265.665635,4.5086,;265.665635,4.5587,;265.665635,4.60883,;265.665635,4.65892,;265.665635,4.709,;265.665635,4.75909,;265.665635,4.8092,;265.665635,4.85926,;265.665635,4.90934,;265.665635,4.95941,;265.665635,5.00952,;265.665635,5.0596,;265.665635,5.10974,;265.665635,5.15983,;265.665635,5.20994,;265.665635,5.26006,;265.665635,5.31014,;265.665635,5.36025,;265.665635,5.41033,;265.665635,5.46042,;265.665635,5.51051,;265.665635,5.5606,;265.665635,5.61068,;265.665635,5.6608,;265.665635,5.71089,;265.665635,5.76099,;265.665635,5.8111,;265.665635,5.8612,;265.665635,5.91124,;265.665635,5.96133,;265.665635,6.01141,;265.665635,6.06151,;265.665635,6.11159,;265.665635,6.1617,;265.665635,6.2118,;265.665635,6.26187,;265.665635,6.31194,;252.199176,6.36206,;252.199176,6.41214,;252.199176,6.46223,;252.199176,6.51232,;252.199176,6.56244,;252.199176,6.61255,;252.199176,6.66266,;252.199176,6.71277,;252.199176,6.76285,;252.199176,6.8129,;252.199176,6.86301,;252.199176,6.91312,;252.199176,6.9632,;252.199176,7.0133,;252.199176,7.06341,;252.199176,7.11352,;252.199176,7.1636,;252.199176,7.21373,;252.199176,7.26384,;252.199176,7.31395,;252.199176,7.36404,;252.199176,7.41414,;252.199176,7.46423,;252.199176,7.51434,;252.199176,7.56442,;252.199176,7.61454,;252.199176,7.66466,;252.199176,7.71473,;252.199176,7.76485,;252.199176,7.81494,;252.199176,7.86502,;252.199176,7.91511,;252.199176,7.96521,;252.199176,8.0153,;252.199176,8.06541,;252.199176,8.11549,;252.199176,8.1656,;252.199176,8.21569,;252.199176,8.26578,;252.199176,8.31588,;252.199176,8.366,;252.199176,8.41612,;252.199176,8.46623,;252.199176,8.51637,;252.199176,8.56648,;252.199176,8.6166,;252.199176,8.66668,;252.199176,8.71677,;252.199176,8.76686,;252.199176,8.81694,;252.199176,8.86703,;252.199176,8.91715,;252.199176,8.96726,;252.199176,9.01734,;252.199176,9.06742,;252.199176,9.11754,;252.199176,9.16763,;252.199176,9.21775,;252.199176,9.26784,;252.199176,9.31796,;252.199176,9.36806,;252.199176,9.41817,;252.199176,9.46828,;252.199176,9.51839,;252.199176,9.56848,;252.199176,9.6186,;252.199176,9.66869,;252.199176,9.7188,;252.199176,9.76889,;252.199176,9.81899,;252.199176,9.86911,;252.199176,9.9192,;252.199176,9.96933,;252.199176,10.0194,;252.199176,10.0695,;
420.458949,0.0500952,;420.458949,0.100171,;420.458949,0.150279,;420.458949,0.200389,;420.458949,0.250502,;385.529507,0.300582,;385.529507,0.350669,;370.676551,0.400773,;370.676551,0.450883,;370.676551,0.50103,;370.676551,0.5511,;370.676551,0.601177,;370.676551,0.651291,;370.676551,0.70138,;370.676551,0.751454,;355.187101,0.80153,;355.187101,0.851652,;319.796308,0.90179,;319.796308,0.951908,;319.796308,1.00199,;319.796308,1.05211,;319.796308,1.10223,;319.796308,1.15232,;319.796308,1.20241,;319.796308,1.2525,;319.796308,1.30261,;319.796308,1.35272,;319.796308,1.40279,;319.796308,1.45286,;319.796308,1.50294,;319.796308,1.55301,;319.796308,1.6031,;319.796308,1.65319,;319.796308,1.70329,;319.796308,1.75339,;319.796308,1.80349,;319.796308,1.85358,;293.176772,1.9037,;293.176772,1.95379,;293.176772,2.00388,;293.176772,2.05399,;293.176772,2.10407,;293.176772,2.15417,;293.176772,2.20425,;293.176772,2.25433,;293.176772,2.30443,;293.176772,2.35454,;293.176772,2.40463,;293.176772,2.45474,;293.176772,2.50482,;293.176772,2.55493,;293.176772,2.60502,;293.176772,2.65513,;293.176772,2.70523,;293.176772,2.75534,;293.176772,2.80542,;293.176772,2.85553,;293.176772,2.9056,;293.176772,2.9557,;293.176772,3.00581,;293.176772,3.05597,;293.176772,3.10604,;293.176772,3.15611,;293.176772,3.20623,;293.176772,3.2563,;293.176772,3.30641,;293.176772,3.35651,;293.176772,3.40661,;293.176772,3.45669,;289.558649,3.5068,;289.558649,3.55689,;289.558649,3.607,;289.558649,3.6571,;289.558649,3.70721,;289.558649,3.75731,;289.558649,3.8074,;289.558649,3.85752,;280.139814,3.90762,;280.139814,3.95773,;280.139814,4.00785,;280.139814,4.05795,;280.139814,4.10808,;280.139814,4.15816,;280.139814,4.20823,;280.139814,4.25835,;280.139814,4.30842,;280.139814,4.35853,;280.139814,4.40862,;280.139814,4.45873,;280.139814,4.50881,;280.139814,4.55892,;280.139814,4.60904,;280.139814,4.65915,;280.139814,4.70924,;280.139814,4.75937,;280.139814,4.80946,;280.139814,4.85957,;280.139814,4.90965,;280.139814,4.95974,;280.139814,5.00987,;280.139814,5.05998,;280.139814,5.11009,;267.224702,5.16017,;267.224702,5.21029,;267.224702,5.26041,;267.224702,5.31052,;267.224702,5.36063,;267.224702,5.41075,;267.224702,5.46083,;267.224702,5.51096,;267.224702,5.56104,;267.224702,5.61113,;267.224702,5.66122,;267.224702,5.71134,;267.224702,5.76143,;267.224702,5.81155,;267.224702,5.86166,;267.224702,5.91176,;267.224702,5.96187,;267.224702,6.01199,;267.224702,6.06211,;267.224702,6.11223,;267.224702,6.16232,;267.224702,6.21242,;267.224702,6.26251,;267.224702,6.3126,;267.224702,6.36269,;267.224702,6.41277,;267.224702,6.46289,;267.224702,6.51297,;267.224702,6.56306,;267.224702,6.61315,;267.224702,6.66326,;267.224702,6.71334,;267.224702,6.76345,;267.224702,6.81352,;267.224702,6.86361,;267.224702,6.91369,;267.224702,6.96378,;260.190130,7.0139,;260.190130,7.06399,;260.190130,7.11408,;260.190130,7.16416,;260.190130,7.21425,;260.190130,7.26435,;260.190130,7.31446,;260.190130,7.36454,;260.190130,7.41463,;260.190130,7.46471,;260.190130,7.51479,;260.190130,7.56488,;260.190130,7.61499,;260.190130,7.66507,;260.190130,7.71516,;260.190130,7.76525,;260.190130,7.81537,;260.190130,7.86549,;260.190130,7.91559,;260.190130,7.96568,;260.190130,8.01579,;260.190130,8.06589,;260.190130,8.11602,;260.190130,8.16613,;260.190130,8.2162,;260.190130,8.26628,;260.190130,8.31637,;260.190130,8.36645,;260.190130,8.41652,;260.190130,8.46663,;260.190130,8.51675,;260.190130,8.56682,;260.190130,8.61694,;260.190130,8.66702,;260.190130,8.71711,;260.190130,8.76723,;260.190130,8.81732,;260.190130,8.86744,;260.190130,8.91752,;260.190130,8.96764,;260.190130,9.01775,;260.190130,9.06782,;260.190130,9.11793,;260.190130,9.16799,;260.190130,9.2181,;260.190130,9.26817,;260.190130,9.31828,;260.190130,9.36837,;260.190130,9.41848,;260.190130,9.46856,;260.190130,9.51865,;260.190130,9.56873,;260.190130,9.61881,;260.190130,9.66888,;260.190130,9.71899,;260.190130,9.76907,;260.190130,9.81915,;260.190130,9.86925,;260.190130,9.91933,;260.190130,9.96941,;260.190130,10.0195,;
inf,0.0500661,;530.305690,0.100139,;530.305690,0.150224,;530.305690,0.200326,;530.305690,0.250402,;530.305690,0.300481,;530.305690,0.350556,;530.305690,0.400633,;530.305690,0.450708,;530.305690,0.50085,;530.305690,0.550936,;377.276246,0.601084,;377.276246,0.651193,;368.234330,0.701264,;367.762197,0.751344,;367.762197,0.801508,;367.762197,0.851617,;367.762197,0.901694,;367.762197,0.951788,;367.762197,1.00186,;367.762197,1.05192,;367.762197,1.10199,;367.762197,1.15206,;367.762197,1.20213,;367.762197,1.2522,;328.867115,1.30227,;318.385003,1.35234,;318.385003,1.40242,;318.385003,1.45248,;318.385003,1.50257,;281.844047,1.55265,;281.844047,1.60273,;281.844047,1.65282,;281.844047,1.70294,;281.844047,1.75303,;281.844047,1.80312,;281.844047,1.85321,;281.844047,1.90329,;281.844047,1.95338,;281.844047,2.00346,;281.844047,2.05354,;281.844047,2.10361,;281.844047,2.15369,;281.844047,2.20382,;281.844047,2.2539,;281.844047,2.30399,;281.844047,2.35407,;281.844047,2.40416,;281.844047,2.45425,;281.844047,2.50433,;281.844047,2.5544,;281.844047,2.60446,;281.844047,2.65457,;281.844047,2.70465,;281.844047,2.75472,;281.844047,2.8048,;281.844047,2.85492,;281.844047,2.90501,;281.844047,2.95512,;281.844047,3.00524,;281.844047,3.05536,;281.844047,3.10548,;281.844047,3.15558,;281.844047,3.20571,;281.844047,3.25582,;281.844047,3.30593,;281.844047,3.356,;281.844047,3.40612,;281.844047,3.45621,;281.844047,3.50632,;281.844047,3.55641,;281.844047,3.60652,;281.844047,3.6566,;281.844047,3.70672,;281.844047,3.75681,;281.844047,3.80692,;281.844047,3.85702,;281.844047,3.90709,;281.844047,3.95722,;281.844047,4.00731,;281.844047,4.05742,;281.844047,4.10749,;281.844047,4.15761,;281.844047,4.20768,;281.844047,4.25776,;281.844047,4.30785,;281.844047,4.35795,;281.844047,4.40802,;281.844047,4.4581,;281.844047,4.50819,;281.844047,4.55826,;281.844047,4.60835,;281.844047,4.65846,;281.844047,4.70854,;281.844047,4.75862,;281.844047,4.80871,;281.844047,4.85879,;281.844047,4.90888,;281.844047,4.959,;281.844047,5.00908,;281.844047,5.05916,;281.844047,5.10927,;281.844047,5.15939,;281.844047,5.2095,;259.120880,5.25961,;259.120880,5.30973,;259.120880,5.35982,;259.120880,5.40993,;259.120880,5.46,;259.120880,5.51011,;259.120880,5.5602,;259.120880,5.61027,;259.120880,5.66036,;259.120880,5.71045,;259.120880,5.76054,;259.120880,5.81064,;259.120880,5.86077,;259.120880,5.91084,;259.120880,5.96095,;259.120880,6.01107,;259.120880,6.06118,;259.120880,6.11129,;259.120880,6.1614,;259.120880,6.21152,;259.120880,6.2616,;259.120880,6.31171,;259.120880,6.36182,;259.120880,6.41189,;259.120880,6.462,;259.120880,6.51208,;259.120880,6.56221,;259.120880,6.61229,;259.120880,6.66241,;259.120880,6.71249,;259.120880,6.7626,;259.120880,6.81269,;259.120880,6.8628,;259.120880,6.91288,;259.120880,6.96299,;259.120880,7.01308,;259.120880,7.0632,;259.120880,7.11327,;259.120880,7.16335,;259.120880,7.21346,;259.120880,7.26354,;259.120880,7.31363,;259.120880,7.36371,;259.120880,7.41379,;259.120880,7.46387,;259.120880,7.51395,;259.120880,7.56402,;259.120880,7.61414,;259.120880,7.66422,;259.120880,7.71432,;259.120880,7.76443,;259.120880,7.81453,;259.120880,7.86463,;259.120880,7.91472,;259.120880,7.96483,;259.120880,8.01492,;259.120880,8.065,;259.120880,8.11509,;259.120880,8.16518,;259.120880,8.21526,;259.120880,8.26534,;259.120880,8.31545,;259.120880,8.36556,;259.120880,8.41567,;259.120880,8.46575,;259.120880,8.51583,;259.120880,8.56594,;259.120880,8.61602,;259.120880,8.6661,;259.120880,8.7162,;259.120880,8.76629,;259.120880,8.81638,;259.120880,8.8665,;259.120880,8.91659,;259.120880,8.96669,;259.120880,9.01677,;259.120880,9.06689,;259.120880,9.11697,;259.120880,9.16706,;259.120880,9.21715,;259.120880,9.26724,;259.120880,9.31734,;259.120880,9.36743,;259.120880,9.41752,;259.120880,9.46764,;259.120880,9.51773,;259.120880,9.56779,;259.120880,9.61787,;259.120880,9.66795,;259.120880,9.71807,;259.120880,9.76816,;259.120880,9.81824,;259.120880,9.86835,;259.120880,9.91847,;259.120880,9.96857,;
inf,0.05006,;inf,0.100145,;497.865683,0.150243,;497.865683,0.200341,;497.865683,0.250448,;485.676080,0.300531,;485.676080,0.350648,;485.676080,0.40074,;437.237945,0.450815,;437.237945,0.500937,;437.237945,0.55103,;437.237945,0.60114,;437.237945,0.651255,;425.214311,0.701374,;425.214311,0.751464,;425.214311,0.801573,;331.414677,0.851688,;331.414677,0.901791,;331.414677,0.951866,;331.414677,1.00197,;331.414677,1.05206,;331.414677,1.10217,;331.414677,1.15226,;331.414677,1.20237,;331.414677,1.25245,;325.581772,1.30257,;325.581772,1.35265,;325.581772,1.40277,;325.581772,1.45285,;325.581772,1.50293,;325.581772,1.55303,;325.581772,1.60313,;325.581772,1.65325,;325.581772,1.70336,;325.581772,1.75349,;325.581772,1.8036,;325.581772,1.85372,;325.154693,1.9038,;325.154693,1.95389,;325.154693,2.00397,;325.154693,2.05405,;325.154693,2.10412,;325.154693,2.15423,;325.154693,2.20431,;325.154693,2.2544,;325.154693,2.30448,;325.154693,2.35457,;295.657906,2.40464,;295.657906,2.45476,;295.657906,2.50484,;295.657906,2.55491,;295.657906,2.60499,;295.657906,2.65508,;295.657906,2.70516,;295.657906,2.75531,;295.657906,2.80538,;295.657906,2.85547,;295.657906,2.90556,;295.657906,2.95565,;295.657906,3.00576,;295.657906,3.05583,;295.657906,3.10591,;295.657906,3.15599,;277.350176,3.2061,;277.350176,3.25619,;277.350176,3.30626,;277.350176,3.35635,;277.350176,3.40646,;277.350176,3.45655,;277.350176,3.50666,;277.350176,3.55675,;277.350176,3.60686,;277.350176,3.65695,;277.350176,3.70703,;277.350176,3.75715,;277.350176,3.80723,;277.350176,3.85733,;277.350176,3.90745,;277.350176,3.95756,;277.350176,4.00768,;277.350176,4.05777,;277.350176,4.10785,;277.350176,4.15796,;277.350176,4.20805,;277.350176,4.25814,;277.350176,4.30822,;277.350176,4.3583,;277.350176,4.40843,;277.350176,4.4585,;277.350176,4.50859,;277.350176,4.55868,;277.350176,4.60875,;277.350176,4.65883,;277.350176,4.70892,;277.350176,4.75901,;277.350176,4.80909,;277.350176,4.85917,;277.350176,4.90925,;277.350176,4.95934,;277.350176,5.00942,;277.350176,5.05951,;277.350176,5.10958,;277.350176,5.15969,;277.350176,5.20977,;277.350176,5.25985,;277.350176,5.30994,;277.350176,5.36005,;277.350176,5.41015,;277.350176,5.46026,;275.731717,5.51034,;275.731717,5.56042,;275.731717,5.61054,;275.731717,5.66062,;275.731717,5.71075,;275.731717,5.76082,;275.731717,5.8109,;275.731717,5.86099,;275.731717,5.91108,;275.731717,5.96117,;275.731717,6.01125,;275.731717,6.06133,;275.731717,6.11141,;275.731717,6.1615,;275.731717,6.21158,;275.731717,6.26166,;275.731717,6.31169,;275.731717,6.36181,;275.731717,6.41188,;275.731717,6.46197,;275.731717,6.51205,;275.731717,6.56215,;275.731717,6.61224,;275.731717,6.6623,;275.731717,6.71238,;275.731717,6.76246,;275.731717,6.81254,;275.731717,6.86262,;275.731717,6.91271,;275.731717,6.96279,;275.731717,7.01286,;265.299295,7.06293,;265.299295,7.113,;265.299295,7.16312,;265.299295,7.21321,;265.299295,7.26329,;265.299295,7.31338,;265.299295,7.3635,;265.299295,7.41358,;265.299295,7.46365,;265.299295,7.51373,;265.299295,7.56381,;265.299295,7.6139,;265.299295,7.66398,;265.299295,7.71406,;265.299295,7.7642,;265.299295,7.81431,;265.299295,7.86439,;265.299295,7.91447,;265.299295,7.96457,;265.299295,8.01468,;265.299295,8.06477,;265.299295,8.11485,;265.299295,8.16494,;265.299295,8.21503,;265.299295,8.26514,;265.299295,8.3161,;265.299295,8.3662,;265.299295,8.41629,;265.299295,8.46642,;265.299295,8.5165,;265.299295,8.5666,;265.299295,8.61668,;265.299295,8.6668,;265.299295,8.71688,;265.299295,8.76697,;265.299295,8.81709,;265.299295,8.86717,;265.299295,8.91725,;265.299295,8.96734,;265.299295,9.01741,;265.299295,9.06749,;265.299295,9.1176,;265.299295,9.1677,;265.299295,9.21777,;265.299295,9.26784,;265.299295,9.31792,;265.299295,9.36801,;265.299295,9.4181,;265.299295,9.46819,;265.299295,9.51827,;265.299295,9.56836,;265.299295,9.61845,;265.299295,9.66853,;265.299295,9.71862,;260.474218,9.76873,;260.474218,9.81883,;260.474218,9.86893,;260.474218,9.91906,;260.474218,9.96919,;260.474218,10.0193,;260.474218,10.0694,;
inf,0.0500671,;532.239392,0.100155,;532.239392,0.150243,;532.239392,0.200357,;532.239392,0.250444,;532.239392,0.300554,;532.239392,0.350631,;401.208661,0.400723,;401.208661,0.45084,;401.208661,0.50095,;401.208661,0.551026,;401.208661,0.601112,;401.208661,0.651189,;401.208661,0.701268,;401.208661,0.751347,;401.208661,0.801423,;401.208661,0.8515,;401.208661,0.901579,;401.208661,0.951654,;401.208661,1.00172,;401.208661,1.0518,;401.208661,1.10188,;401.208661,1.15195,;401.208661,1.20206,;401.208661,1.25217,;391.931009,1.30224,;387.382519,1.35231,;387.382519,1.40243,;387.382519,1.4525,;387.382519,1.50258,;387.382519,1.55266,;337.099481,1.60274,;337.099481,1.65283,;337.099481,1.70291,;337.099481,1.75298,;337.099481,1.80306,;337.099481,1.85315,;337.099481,1.90327,;337.099481,1.95337,;337.099481,2.00349,;322.798425,2.0536,;322.798425,2.10371,;322.798425,2.15377,;322.798425,2.2039,;322.798425,2.25397,;312.445461,2.30408,;312.445461,2.35417,;312.445461,2.40426,;312.445461,2.45434,;312.445461,2.50443,;312.445461,2.55451,;312.445461,2.6046,;312.445461,2.6547,;312.445461,2.70482,;312.445461,2.75493,;312.445461,2.80504,;283.909332,2.85515,;283.909332,2.90526,;283.909332,2.95537,;283.909332,3.00547,;283.909332,3.05559,;283.909332,3.10572,;283.909332,3.15583,;283.909332,3.2059,;283.909332,3.25601,;283.909332,3.3061,;283.909332,3.35619,;283.909332,3.40629,;283.909332,3.45639,;283.909332,3.50648,;283.909332,3.55658,;283.909332,3.6067,;283.909332,3.65678,;283.909332,3.70689,;283.909332,3.757,;283.909332,3.80712,;283.909332,3.85721,;283.909332,3.90733,;283.909332,3.95743,;283.909332,4.00756,;283.909332,4.05767,;283.909332,4.10779,;283.909332,4.15786,;283.909332,4.20797,;283.909332,4.25805,;283.909332,4.30817,;283.909332,4.35825,;283.909332,4.40836,;279.154927,4.45845,;279.154927,4.50857,;279.154927,4.55868,;279.154927,4.6088,;279.154927,4.65888,;279.154927,4.70899,;279.154927,4.75908,;279.154927,4.8092,;279.154927,4.85932,;279.154927,4.90943,;279.154927,4.95954,;279.154927,5.00965,;279.154927,5.05977,;279.154927,5.10985,;279.154927,5.15997,;279.154927,5.21006,;279.154927,5.26018,;279.154927,5.31028,;279.154927,5.3604,;279.154927,5.41051,;279.154927,5.46062,;279.154927,5.51072,;279.154927,5.56084,;279.154927,5.6109,;279.154927,5.66098,;279.154927,5.71107,;279.154927,5.76115,;279.154927,5.81123,;279.154927,5.86132,;279.154927,5.91141,;279.154927,5.96149,;279.154927,6.01158,;279.154927,6.06169,;279.154927,6.11177,;279.154927,6.16184,;279.154927,6.21198,;279.154927,6.2621,;279.154927,6.31221,;279.154927,6.36232,;279.154927,6.41243,;279.154927,6.46253,;279.154927,6.51264,;279.154927,6.56275,;279.154927,6.61285,;279.154927,6.66296,;279.154927,6.71307,;279.154927,6.76314,;279.154927,6.81322,;279.154927,6.86333,;279.154927,6.91344,;279.154927,6.96355,;279.154927,7.01366,;279.154927,7.06377,;279.154927,7.11389,;279.154927,7.164,;279.154927,7.21407,;279.154927,7.26419,;279.154927,7.3143,;279.154927,7.3644,;279.154927,7.41451,;279.154927,7.46462,;279.154927,7.51469,;279.154927,7.56481,;279.154927,7.61492,;279.154927,7.66503,;277.809168,7.71511,;256.217402,7.7652,;256.217402,7.81532,;245.679629,7.86543,;245.679629,7.91555,;245.679629,7.96564,;245.679629,8.01572,;245.679629,8.0658,;245.679629,8.1159,;245.679629,8.16597,;245.679629,8.21608,;245.679629,8.26616,;245.679629,8.31628,;245.679629,8.36636,;245.679629,8.41648,;245.679629,8.46656,;245.679629,8.51665,;245.679629,8.56672,;245.679629,8.6168,;245.679629,8.66688,;245.679629,8.71695,;245.679629,8.76706,;245.679629,8.81713,;245.679629,8.86721,;245.679629,8.9173,;245.679629,8.96741,;245.679629,9.0175,;245.679629,9.06759,;245.679629,9.11767,;245.679629,9.16778,;245.679629,9.21785,;245.679629,9.26796,;245.679629,9.31807,;245.679629,9.36818,;245.679629,9.41829,;245.679629,9.4684,;245.679629,9.51851,;245.679629,9.56863,;245.679629,9.61874,;245.679629,9.66886,;245.679629,9.71897,;245.679629,9.76906,;245.679629,9.81917,;245.679629,9.86927,;245.679629,9.91938,;245.679629,9.96947,;245.679629,10.0196,;
inf,0.0500943,;597.450469,0.100166,;497.158013,0.150237,;497.158013,0.200328,;497.158013,0.250441,;497.158013,0.300521,;497.158013,0.350598,;497.158013,0.400686,;497.158013,0.450796,;497.158013,0.500877,;497.158013,0.55101,;497.158013,0.601081,;497.158013,0.651153,;371.330974,0.701232,;329.557044,0.751323,;316.527573,0.801408,;316.527573,0.851534,;316.527573,0.90162,;316.527573,0.951696,;316.527573,1.0018,;316.527573,1.05188,;316.527573,1.10198,;316.527573,1.15205,;316.527573,1.20214,;316.527573,1.25222,;316.527573,1.30229,;316.527573,1.35237,;316.527573,1.40249,;316.527573,1.45257,;316.527573,1.5027,;316.527573,1.55279,;295.655529,1.60287,;295.655529,1.65296,;295.655529,1.70307,;295.655529,1.75316,;295.655529,1.80327,;295.655529,1.85336,;295.655529,1.90346,;295.655529,1.95359,;295.655529,2.00366,;295.655529,2.05374,;295.655529,2.10382,;295.655529,2.15392,;293.164935,2.20399,;293.164935,2.25408,;293.164935,2.30416,;293.164935,2.35424,;293.164935,2.40432,;293.164935,2.4544,;289.594466,2.5045,;289.594466,2.55459,;289.594466,2.60468,;289.594466,2.65479,;285.737536,2.70489,;285.737536,2.75498,;276.772056,2.80507,;276.772056,2.85518,;276.772056,2.90529,;276.772056,2.95542,;276.772056,3.00549,;276.772056,3.0556,;276.772056,3.10571,;276.772056,3.15582,;276.772056,3.20593,;276.772056,3.256,;276.772056,3.30608,;276.772056,3.35616,;264.892121,3.40627,;264.892121,3.45635,;264.892121,3.50648,;264.892121,3.55656,;264.892121,3.60667,;264.892121,3.65676,;264.892121,3.70685,;264.892121,3.75693,;264.892121,3.80702,;264.892121,3.85712,;264.892121,3.90722,;264.892121,3.95733,;264.892121,4.00742,;264.892121,4.0575,;264.892121,4.10758,;264.892121,4.1577,;264.892121,4.20781,;264.892121,4.25792,;264.892121,4.308,;264.892121,4.35812,;264.892121,4.4082,;264.892121,4.45832,;264.892121,4.50841,;264.892121,4.5585,;264.892121,4.60858,;264.892121,4.65865,;264.892121,4.70873,;264.892121,4.75881,;264.892121,4.8089,;264.892121,4.85902,;264.892121,4.9091,;264.892121,4.95919,;264.892121,5.00928,;264.892121,5.0594,;264.892121,5.10948,;264.892121,5.15956,;264.892121,5.20965,;264.892121,5.25973,;264.892121,5.30981,;264.892121,5.35988,;264.892121,5.40997,;264.892121,5.46008,;264.892121,5.51018,;264.892121,5.56026,;264.892121,5.61034,;264.892121,5.66042,;264.892121,5.71052,;264.892121,5.76061,;264.892121,5.8107,;264.892121,5.86077,;264.892121,5.91087,;264.892121,5.96096,;264.892121,6.01109,;264.892121,6.06118,;264.892121,6.11126,;264.892121,6.16134,;264.892121,6.21144,;264.892121,6.26153,;264.892121,6.31164,;264.892121,6.36172,;264.892121,6.41179,;264.892121,6.46188,;264.892121,6.51196,;264.892121,6.56204,;264.892121,6.61212,;264.892121,6.6622,;264.892121,6.71229,;264.892121,6.76242,;264.892121,6.8125,;264.892121,6.8626,;264.892121,6.91269,;264.892121,6.96277,;264.892121,7.01286,;264.892121,7.06297,;264.892121,7.11308,;263.164032,7.16316,;263.164032,7.21327,;263.164032,7.26338,;263.164032,7.31348,;263.164032,7.36357,;263.164032,7.41367,;263.164032,7.46379,;263.164032,7.51389,;263.164032,7.56397,;263.164032,7.61405,;263.164032,7.66413,;263.164032,7.7142,;263.164032,7.76433,;263.164032,7.81442,;263.164032,7.86455,;263.164032,7.91462,;263.164032,7.96471,;263.164032,8.01482,;263.164032,8.06491,;263.164032,8.11501,;263.164032,8.16512,;263.164032,8.21522,;263.164032,8.26533,;263.164032,8.31543,;263.164032,8.36553,;263.164032,8.41564,;263.164032,8.46574,;263.164032,8.51585,;262.906169,8.56596,;262.906169,8.61604,;262.906169,8.66615,;262.906169,8.71624,;262.906169,8.76632,;262.906169,8.81641,;262.906169,8.86653,;262.906169,8.91661,;260.509867,8.96669,;260.509867,9.01678,;260.509867,9.06689,;260.509867,9.11699,;260.509867,9.16709,;260.509867,9.2172,;260.509867,9.26727,;260.509867,9.31737,;260.509867,9.36744,;260.509867,9.41752,;260.509867,9.46762,;260.509867,9.51773,;260.509867,9.56784,;260.509867,9.61794,;260.509867,9.66801,;260.509867,9.71809,;260.509867,9.76817,;260.509867,9.81827,;260.509867,9.86834,;260.509867,9.91843,;260.509867,9.9685,;260.509867,10.0186,;
468.394730,0.050056,;468.394730,0.10017,;425.863402,0.150256,;396.883782,0.200349,;396.883782,0.250446,;356.918024,0.300545,;356.918024,0.350641,;356.918024,0.400721,;356.918024,0.450808,;356.918024,0.500945,;356.918024,0.55103,;356.918024,0.601112,;356.918024,0.651188,;355.110458,0.701269,;355.110458,0.75138,;355.110458,0.801506,;355.110458,0.851611,;355.110458,0.901681,;355.110458,0.951765,;355.110458,1.00185,;355.110458,1.05196,;343.032872,1.10204,;343.032872,1.15216,;343.032872,1.20224,;343.032872,1.25235,;343.032872,1.30243,;343.032872,1.35254,;343.032872,1.40262,;343.032872,1.45274,;343.032872,1.50283,;343.032872,1.55291,;343.032872,1.60304,;333.369777,1.65312,;333.369777,1.70322,;333.369777,1.75331,;333.369777,1.80338,;333.369777,1.85347,;333.369777,1.90356,;333.369777,1.95364,;321.523773,2.00373,;312.731114,2.05383,;312.731114,2.10392,;303.161470,2.15402,;303.161470,2.2041,;303.161470,2.25419,;303.161470,2.30431,;303.161470,2.35439,;303.161470,2.4045,;303.161470,2.45459,;301.437662,2.50472,;301.437662,2.55481,;301.437662,2.60489,;297.147668,2.65498,;297.147668,2.70506,;284.211752,2.75514,;284.211752,2.80522,;284.211752,2.85535,;282.337421,2.90543,;281.994470,2.95553,;281.994470,3.00561,;281.994470,3.05569,;281.994470,3.10582,;281.994470,3.15592,;281.994470,3.206,;281.994470,3.25612,;281.994470,3.3062,;281.994470,3.35632,;281.994470,3.40639,;281.994470,3.45651,;281.994470,3.50659,;281.806711,3.55667,;281.806711,3.60676,;281.806711,3.65686,;281.806711,3.70695,;281.806711,3.75703,;281.806711,3.80714,;281.806711,3.85725,;281.806711,3.90736,;281.806711,3.95751,;281.806711,4.0076,;281.806711,4.05767,;281.806711,4.10775,;281.806711,4.15783,;281.806711,4.20791,;281.806711,4.25801,;281.806711,4.30812,;281.806711,4.35821,;281.806711,4.40832,;281.806711,4.45841,;279.371450,4.50849,;279.371450,4.55856,;279.371450,4.60864,;272.289812,4.65872,;272.289812,4.70884,;272.289812,4.75892,;272.289812,4.809,;272.289812,4.85908,;272.289812,4.90919,;272.289812,4.95926,;272.289812,5.00934,;272.289812,5.05941,;272.289812,5.10945,;272.289812,5.15952,;272.289812,5.20963,;272.289812,5.25972,;272.289812,5.30981,;272.289812,5.35989,;272.289812,5.40999,;272.289812,5.46008,;272.289812,5.51018,;272.289812,5.56027,;272.289812,5.61036,;272.289812,5.66044,;272.289812,5.71052,;272.289812,5.76064,;272.289812,5.81073,;272.289812,5.86081,;272.289812,5.91093,;272.289812,5.96106,;272.289812,6.01118,;272.289812,6.06129,;272.289812,6.1114,;272.289812,6.16147,;272.289812,6.21158,;272.289812,6.26164,;272.289812,6.31175,;272.289812,6.36183,;272.289812,6.41194,;272.289812,6.46204,;272.289812,6.51216,;272.289812,6.56226,;272.289812,6.61238,;272.289812,6.66245,;272.289812,6.71257,;272.289812,6.76266,;270.287652,6.81275,;270.287652,6.86287,;270.287652,6.91295,;270.287652,6.96305,;270.287652,7.01313,;270.287652,7.06323,;270.287652,7.1133,;269.740469,7.16341,;269.740469,7.21347,;269.740469,7.26359,;269.740469,7.3137,;269.740469,7.36383,;269.740469,7.4139,;269.740469,7.46398,;269.740469,7.51406,;269.740469,7.56415,;269.740469,7.61423,;269.740469,7.66431,;269.740469,7.71438,;269.740469,7.76446,;269.740469,7.81454,;269.740469,7.86466,;269.740469,7.91473,;269.740469,7.96481,;269.740469,8.01493,;269.740469,8.06505,;269.740469,8.11514,;269.740469,8.16525,;269.740469,8.21536,;269.740469,8.26543,;269.740469,8.31554,;269.740469,8.3656,;269.740469,8.4157,;269.740469,8.46577,;269.740469,8.51586,;269.740469,8.56593,;269.740469,8.616,;269.740469,8.66609,;269.740469,8.7162,;269.740469,8.76626,;265.984674,8.81637,;265.984674,8.86645,;265.984674,8.91652,;265.984674,8.96663,;256.317058,9.01671,;256.317058,9.06682,;256.317058,9.11693,;256.317058,9.16701,;256.317058,9.21708,;256.317058,9.26718,;256.317058,9.31726,;256.317058,9.36735,;256.317058,9.41743,;256.317058,9.46755,;256.317058,9.51763,;256.317058,9.5677,;256.317058,9.6178,;256.317058,9.66791,;256.317058,9.71799,;256.317058,9.76811,;256.317058,9.81821,;256.317058,9.86832,;256.317058,9.91842,;256.317058,9.96853,;256.317058,10.0186,;
inf,0.0500954,;inf,0.100204,;631.549861,0.150307,;631.549861,0.200378,;631.549861,0.250463,;396.224569,0.300567,;396.224569,0.35067,;396.224569,0.400782,;396.224569,0.450861,;377.249806,0.500968,;377.249806,0.551083,;377.249806,0.60119,;377.249806,0.651304,;377.249806,0.701391,;377.249806,0.751499,;340.497456,0.801604,;340.497456,0.85171,;340.497456,0.901796,;340.497456,0.951913,;340.497456,1.00198,;340.497456,1.05208,;340.497456,1.10217,;322.245606,1.15226,;322.245606,1.20235,;322.245606,1.25246,;322.245606,1.30255,;322.245606,1.35266,;322.245606,1.40277,;322.245606,1.45289,;322.245606,1.50297,;322.245606,1.55305,;322.245606,1.60316,;322.245606,1.65322,;312.681199,1.70333,;312.681199,1.75342,;312.681199,1.8035,;312.681199,1.85359,;312.681199,1.90372,;312.681199,1.9538,;312.681199,2.00392,;312.681199,2.054,;312.681199,2.10411,;312.681199,2.1542,;312.681199,2.20431,;312.681199,2.25441,;312.681199,2.30451,;312.681199,2.35462,;312.681199,2.40472,;312.681199,2.45484,;312.681199,2.50495,;312.681199,2.55506,;312.681199,2.60513,;312.681199,2.65524,;312.681199,2.70531,;312.681199,2.75538,;312.681199,2.80546,;312.681199,2.85557,;312.681199,2.90564,;275.809533,2.95576,;275.809533,3.00587,;275.809533,3.05597,;275.809533,3.10605,;275.809533,3.15616,;275.809533,3.20624,;275.809533,3.25635,;275.809533,3.30643,;275.809533,3.35654,;275.809533,3.40662,;275.809533,3.45674,;275.809533,3.50685,;275.809533,3.55696,;275.809533,3.60706,;275.809533,3.65713,;275.809533,3.70725,;275.809533,3.75732,;275.809533,3.80745,;275.809533,3.85753,;275.809533,3.90765,;275.809533,3.95775,;275.809533,4.00783,;275.809533,4.05793,;275.809533,4.10804,;275.809533,4.15813,;275.809533,4.20823,;275.809533,4.25833,;275.809533,4.30844,;275.809533,4.35853,;275.809533,4.40865,;275.809533,4.45877,;275.809533,4.50889,;275.809533,4.55898,;275.809533,4.60904,;275.809533,4.65913,;275.809533,4.70923,;275.809533,4.75932,;275.809533,4.8094,;275.809533,4.8595,;275.809533,4.9096,;275.809533,4.95969,;275.809533,5.00978,;275.809533,5.05986,;275.809533,5.10996,;275.809533,5.16007,;275.809533,5.21015,;275.809533,5.26025,;275.809533,5.31033,;268.151641,5.36042,;268.151641,5.41051,;268.151641,5.46063,;268.151641,5.51076,;268.151641,5.56088,;268.151641,5.611,;268.151641,5.66107,;268.151641,5.71119,;268.151641,5.76127,;268.151641,5.81134,;268.151641,5.86142,;268.151641,5.9115,;268.151641,5.96158,;268.151641,6.01166,;268.151641,6.06174,;268.151641,6.11181,;268.151641,6.16189,;268.151641,6.21197,;268.151641,6.26206,;268.151641,6.31217,;268.151641,6.36227,;268.151641,6.41235,;268.151641,6.46244,;268.151641,6.51256,;268.151641,6.56267,;268.151641,6.61278,;268.151641,6.6629,;268.151641,6.71298,;268.151641,6.7631,;268.151641,6.81318,;268.151641,6.86329,;268.151641,6.91338,;268.151641,6.96348,;268.151641,7.01357,;268.151641,7.06368,;268.151641,7.11376,;268.151641,7.16387,;268.151641,7.21396,;268.151641,7.26404,;268.151641,7.31413,;268.151641,7.36422,;268.151641,7.41431,;268.151641,7.46442,;268.151641,7.51454,;268.151641,7.56465,;268.151641,7.61476,;268.151641,7.66484,;268.151641,7.71492,;268.151641,7.76504,;268.151641,7.81511,;268.151641,7.86519,;268.151641,7.91527,;268.151641,7.96536,;268.151641,8.01545,;268.151641,8.06556,;268.151641,8.11566,;268.151641,8.16575,;268.151641,8.21585,;268.151641,8.26594,;268.151641,8.31602,;268.151641,8.36611,;268.151641,8.41619,;268.151641,8.46632,;268.151641,8.5164,;268.151641,8.56649,;268.151641,8.61657,;268.151641,8.66666,;268.151641,8.71675,;268.151641,8.76684,;268.151641,8.81694,;268.151641,8.86706,;268.151641,8.91714,;268.151641,8.96722,;268.151641,9.0173,;268.151641,9.06739,;268.151641,9.11748,;268.151641,9.16758,;268.151641,9.2177,;268.151641,9.26781,;259.107463,9.31789,;259.107463,9.36801,;259.107463,9.41809,;259.107463,9.46821,;259.107463,9.51832,;259.107463,9.56844,;259.107463,9.61852,;259.107463,9.66861,;259.107463,9.7187,;259.107463,9.7688,;259.107463,9.81889,;259.107463,9.86899,;259.107463,9.91912,;259.107463,9.9692,;259.107463,10.0193,;
532.799315,0.0500667,;483.740074,0.100157,;483.740074,0.150254,;483.740074,0.200328,;483.740074,0.25041,;483.740074,0.300481,;483.740074,0.350562,;483.740074,0.400652,;483.740074,0.450735,;352.800000,0.500818,;352.800000,0.55092,;352.800000,0.601021,;352.800000,0.651125,;352.800000,0.701219,;352.800000,0.751323,;352.800000,0.801401,;318.611621,0.851522,;318.611621,0.901612,;318.611621,0.951734,;318.611621,1.00182,;318.611621,1.05191,;318.611621,1.10201,;318.611621,1.15213,;318.611621,1.20224,;318.611621,1.25238,;312.571433,1.30246,;312.571433,1.35255,;312.571433,1.40266,;312.571433,1.45278,;312.571433,1.5029,;312.571433,1.55299,;312.571433,1.60311,;312.571433,1.6532,;312.571433,1.70329,;274.938975,1.75342,;274.938975,1.80354,;274.938975,1.85362,;274.938975,1.90374,;274.938975,1.95382,;274.938975,2.00392,;274.938975,2.05401,;274.938975,2.10413,;274.938975,2.15422,;274.938975,2.20435,;274.938975,2.25443,;274.938975,2.3045,;274.938975,2.35458,;274.938975,2.40468,;274.938975,2.4548,;274.938975,2.50489,;274.938975,2.55497,;274.938975,2.60505,;274.938975,2.65514,;274.938975,2.70523,;274.938975,2.75535,;274.938975,2.80543,;274.938975,2.85551,;274.938975,2.90559,;274.938975,2.95566,;274.938975,3.00574,;274.938975,3.05584,;274.938975,3.10593,;274.938975,3.15601,;274.938975,3.2061,;274.938975,3.2562,;274.938975,3.30628,;274.938975,3.35634,;274.938975,3.40645,;274.938975,3.45653,;274.938975,3.50664,;274.938975,3.55672,;274.938975,3.6068,;274.938975,3.6569,;274.938975,3.70698,;274.938975,3.75708,;274.938975,3.80718,;274.938975,3.8573,;274.938975,3.90738,;274.938975,3.95747,;274.938975,4.00756,;274.938975,4.05765,;274.938975,4.10779,;274.938975,4.1579,;274.938975,4.20801,;274.938975,4.25811,;274.938975,4.30822,;274.938975,4.35831,;274.938975,4.40839,;274.938975,4.45848,;274.938975,4.50856,;274.938975,4.55868,;274.938975,4.60875,;274.938975,4.65886,;274.938975,4.70895,;274.938975,4.75906,;274.938975,4.80914,;274.938975,4.85926,;274.938975,4.90938,;274.938975,4.95948,;274.938975,5.00958,;274.938975,5.05966,;274.938975,5.10975,;274.938975,5.15983,;274.938975,5.20992,;274.938975,5.26001,;274.938975,5.31009,;274.938975,5.3602,;274.938975,5.41032,;274.938975,5.46045,;274.938975,5.51053,;274.938975,5.56061,;274.938975,5.6107,;274.938975,5.6608,;274.938975,5.71087,;274.938975,5.76094,;274.938975,5.81103,;274.938975,5.8611,;274.938975,5.91122,;274.938975,5.96132,;267.315829,6.01143,;267.315829,6.0615,;267.315829,6.11162,;267.315829,6.16171,;267.315829,6.21183,;267.315829,6.26191,;267.315829,6.31202,;267.315829,6.36211,;267.315829,6.41223,;267.315829,6.46231,;267.315829,6.51239,;267.315829,6.56247,;267.315829,6.61254,;267.315829,6.66262,;267.315829,6.71272,;267.315829,6.76283,;267.315829,6.81292,;267.315829,6.86304,;267.315829,6.91314,;267.315829,6.96325,;267.315829,7.01334,;267.315829,7.06342,;267.315829,7.11356,;267.315829,7.16364,;267.315829,7.21372,;267.315829,7.2638,;267.315829,7.3139,;267.315829,7.36399,;267.315829,7.41408,;267.315829,7.46416,;267.315829,7.51429,;267.315829,7.56434,;267.315829,7.61445,;267.315829,7.66452,;267.315829,7.71462,;267.315829,7.76472,;267.315829,7.81484,;267.315829,7.86493,;267.315829,7.91505,;267.315829,7.96513,;267.315829,8.01523,;267.315829,8.06536,;267.315829,8.11551,;267.315829,8.16561,;267.315829,8.21572,;267.315829,8.26583,;267.315829,8.31595,;267.315829,8.36603,;267.315829,8.41612,;267.315829,8.46622,;267.315829,8.51634,;267.315829,8.56641,;267.315829,8.61651,;267.315829,8.66661,;267.315829,8.7167,;267.315829,8.76686,;267.315829,8.81695,;267.315829,8.86704,;267.315829,8.91712,;267.315829,8.96722,;267.315829,9.01732,;267.315829,9.06742,;267.315829,9.11751,;267.315829,9.16761,;267.315829,9.2177,;267.315829,9.26779,;267.315829,9.31789,;267.315829,9.36798,;267.315829,9.41808,;267.315829,9.46817,;267.315829,9.51826,;267.315829,9.56832,;267.315829,9.61843,;267.315829,9.66852,;257.066213,9.71861,;257.066213,9.76871,;257.066213,9.81882,;257.066213,9.86897,;257.066213,9.91904,;257.066213,9.96913,;
413.786142,0.0501072,;413.786142,0.100209,;367.365945,0.150329,;367.365945,0.20042,;367.365945,0.250502,;367.365945,0.300597,;367.365945,0.350687,;367.365945,0.400772,;367.365945,0.450859,;367.365945,0.500947,;300.018123,0.551041,;300.018123,0.60116,;300.018123,0.651254,;300.018123,0.701377,;300.018123,0.751467,;300.018123,0.801561,;300.018123,0.851681,;300.018123,0.901771,;300.018123,0.951855,;289.266684,1.00195,;289.266684,1.05204,;289.266684,1.10217,;289.266684,1.15226,;289.266684,1.20237,;289.266684,1.25246,;289.266684,1.30259,;289.266684,1.35268,;289.266684,1.4028,;289.266684,1.4529,;289.266684,1.50302,;289.266684,1.55311,;289.266684,1.60321,;289.266684,1.65332,;289.266684,1.70342,;289.266684,1.75353,;289.266684,1.80365,;289.266684,1.85373,;289.266684,1.90383,;289.266684,1.95395,;284.839159,2.00404,;284.839159,2.05416,;284.839159,2.10428,;284.839159,2.15437,;284.839159,2.20446,;284.839159,2.25454,;284.839159,2.30463,;284.839159,2.35471,;284.839159,2.40479,;284.839159,2.45488,;284.839159,2.50496,;284.839159,2.55506,;284.839159,2.60516,;284.839159,2.65526,;284.839159,2.70535,;284.839159,2.75543,;284.839159,2.80552,;284.839159,2.85563,;284.839159,2.90581,;284.839159,2.95588,;284.839159,3.00602,;284.839159,3.0561,;284.839159,3.10619,;284.839159,3.15627,;284.839159,3.2064,;284.839159,3.25649,;284.839159,3.30661,;284.839159,3.3567,;284.839159,3.40682,;282.583247,3.45694,;282.583247,3.50702,;282.583247,3.55715,;282.583247,3.60723,;279.637555,3.65731,;279.637555,3.7074,;279.637555,3.75752,;279.637555,3.80762,;279.637555,3.85771,;279.637555,3.90778,;279.637555,3.95788,;279.637555,4.008,;279.637555,4.05809,;279.637555,4.10819,;279.637555,4.15831,;279.637555,4.20839,;279.637555,4.2585,;279.637555,4.30859,;279.637555,4.35871,;274.734447,4.40883,;274.734447,4.45892,;274.734447,4.50913,;274.734447,4.55923,;274.734447,4.60932,;274.734447,4.65941,;274.734447,4.70955,;274.734447,4.75967,;274.734447,4.80979,;274.734447,4.85986,;274.734447,4.91002,;274.734447,4.9601,;274.734447,5.01022,;274.734447,5.0603,;274.734447,5.11039,;274.734447,5.16049,;274.734447,5.21057,;272.078189,5.26066,;272.078189,5.31081,;272.078189,5.3609,;272.078189,5.41102,;272.078189,5.46113,;272.078189,5.51122,;271.741897,5.5613,;271.741897,5.61145,;271.741897,5.66156,;271.741897,5.71168,;271.741897,5.76179,;271.741897,5.81187,;271.741897,5.862,;271.741897,5.91212,;271.741897,5.96224,;271.741897,6.01235,;271.741897,6.06244,;271.741897,6.11254,;271.741897,6.16266,;271.741897,6.21276,;271.741897,6.26285,;271.741897,6.31296,;271.741897,6.36304,;271.741897,6.41312,;271.741897,6.4632,;271.741897,6.51328,;271.741897,6.56336,;271.741897,6.61345,;271.741897,6.66357,;271.741897,6.71365,;271.741897,6.76378,;271.741897,6.81391,;271.741897,6.86399,;271.741897,6.91411,;271.741897,6.9642,;271.741897,7.01428,;271.741897,7.06436,;271.741897,7.11447,;271.741897,7.16456,;271.741897,7.21468,;271.741897,7.26477,;271.741897,7.31489,;271.741897,7.36501,;271.741897,7.41514,;271.741897,7.46524,;271.741897,7.51532,;271.741897,7.5654,;271.741897,7.61554,;271.741897,7.66563,;271.741897,7.71571,;271.741897,7.7658,;271.741897,7.81589,;271.741897,7.86597,;271.741897,7.91606,;271.741897,7.96614,;266.544220,8.01622,;266.544220,8.06631,;266.544220,8.11638,;266.544220,8.16647,;266.544220,8.21656,;266.544220,8.26665,;266.544220,8.31674,;266.544220,8.36684,;266.544220,8.41693,;266.544220,8.46702,;266.544220,8.51711,;266.544220,8.56719,;266.544220,8.61728,;266.544220,8.66738,;266.544220,8.71747,;266.544220,8.76756,;266.544220,8.81766,;266.544220,8.86774,;266.544220,8.91784,;266.544220,8.96793,;266.544220,9.01802,;266.544220,9.06811,;266.544220,9.11823,;266.544220,9.16833,;266.544220,9.21841,;266.544220,9.26849,;266.544220,9.31861,;266.544220,9.36872,;266.544220,9.41884,;266.544220,9.46895,;266.544220,9.51906,;266.544220,9.56915,;266.544220,9.61928,;266.544220,9.66938,;266.544220,9.71951,;266.544220,9.76962,;266.544220,9.81974,;266.544220,9.86982,;266.544220,9.91991,;266.544220,9.97,;
582.549331,0.0500971,;582.549331,0.100186,;522.297099,0.150284,;521.964114,0.200378,;521.964114,0.250501,;521.964114,0.300618,;478.826496,0.350715,;478.826496,0.400806,;478.826496,0.450891,;478.826496,0.501007,;478.826496,0.551152,;478.826496,0.601266,;389.051800,0.651355,;389.051800,0.701478,;389.051800,0.751569,;389.051800,0.80169,;331.545667,0.851789,;331.545667,0.901875,;331.545667,0.951975,;331.545667,1.0021,;331.545667,1.05221,;331.545667,1.1023,;331.545667,1.15241,;331.545667,1.20249,;331.545667,1.25264,;331.545667,1.30273,;331.545667,1.35287,;331.545667,1.40297,;331.545667,1.45306,;331.545667,1.50318,;331.545667,1.55327,;331.545667,1.60336,;331.545667,1.65348,;331.545667,1.70357,;331.545667,1.75367,;331.545667,1.80376,;331.545667,1.85385,;331.545667,1.90394,;331.545667,1.95404,;331.545667,2.00412,;331.545667,2.05421,;331.545667,2.1043,;331.545667,2.15443,;331.545667,2.20451,;331.545667,2.25464,;331.545667,2.30472,;331.545667,2.35478,;331.545667,2.40487,;331.545667,2.45496,;331.545667,2.50505,;331.545667,2.55514,;331.545667,2.60526,;331.545667,2.65534,;331.545667,2.70542,;320.841832,2.7555,;320.841832,2.80559,;272.292991,2.85569,;272.292991,2.90578,;272.292991,2.95588,;272.292991,3.00599,;272.292991,3.05608,;272.292991,3.10617,;272.292991,3.15626,;272.292991,3.20635,;272.292991,3.25648,;272.292991,3.30657,;272.292991,3.35665,;272.292991,3.40678,;272.292991,3.45687,;272.292991,3.50695,;272.292991,3.55704,;272.292991,3.60713,;272.292991,3.65722,;272.292991,3.70731,;272.292991,3.7574,;272.292991,3.80749,;272.292991,3.85759,;272.292991,3.90768,;272.292991,3.9578,;272.292991,4.00788,;272.292991,4.05796,;272.292991,4.10803,;272.292991,4.15811,;272.292991,4.20826,;272.292991,4.25833,;272.292991,4.30841,;272.292991,4.35851,;272.292991,4.40859,;272.292991,4.45871,;272.292991,4.5088,;272.292991,4.55889,;272.292991,4.60901,;272.292991,4.6591,;272.292991,4.70923,;272.292991,4.75932,;272.292991,4.80944,;272.292991,4.85953,;272.292991,4.90967,;272.292991,4.95975,;272.292991,5.00985,;272.292991,5.05993,;272.292991,5.11001,;272.292991,5.1601,;272.292991,5.21019,;272.292991,5.26027,;269.271111,5.31033,;269.271111,5.36042,;269.271111,5.41051,;269.271111,5.46063,;269.271111,5.51072,;269.271111,5.56084,;269.271111,5.6109,;269.271111,5.66098,;269.271111,5.71107,;269.271111,5.76115,;269.271111,5.81124,;269.271111,5.8614,;269.271111,5.91149,;269.271111,5.9616,;269.271111,6.01171,;269.271111,6.06182,;269.271111,6.1119,;269.271111,6.16201,;269.271111,6.21217,;269.271111,6.26229,;269.271111,6.31238,;269.271111,6.3625,;269.271111,6.41262,;269.271111,6.4627,;269.271111,6.51284,;269.271111,6.56292,;269.271111,6.61299,;269.271111,6.66306,;269.271111,6.71315,;269.271111,6.76324,;269.271111,6.81332,;269.271111,6.86341,;269.271111,6.91349,;269.271111,6.96361,;269.271111,7.01371,;269.271111,7.06382,;269.271111,7.11393,;269.271111,7.16402,;269.271111,7.21414,;269.271111,7.26425,;269.271111,7.31435,;269.271111,7.36444,;269.271111,7.41456,;269.271111,7.46468,;269.271111,7.51479,;269.271111,7.56487,;269.271111,7.61496,;269.271111,7.66504,;269.271111,7.71513,;269.271111,7.76525,;269.271111,7.81534,;269.271111,7.86543,;269.271111,7.91551,;269.271111,7.96561,;269.271111,8.0157,;269.271111,8.06579,;269.271111,8.11589,;269.271111,8.16601,;269.271111,8.2161,;269.271111,8.26618,;269.271111,8.31627,;269.271111,8.36636,;269.271111,8.41644,;269.271111,8.46652,;269.271111,8.51664,;269.271111,8.56671,;269.271111,8.61678,;269.271111,8.66685,;269.271111,8.71695,;269.271111,8.76705,;269.271111,8.81718,;269.271111,8.86726,;269.271111,8.91737,;269.271111,8.96747,;269.271111,9.01758,;269.271111,9.06769,;269.271111,9.11781,;269.271111,9.16789,;269.271111,9.21803,;269.271111,9.2681,;269.271111,9.31818,;269.271111,9.36826,;269.271111,9.41834,;269.271111,9.46842,;269.271111,9.51849,;269.271111,9.56856,;269.271111,9.61864,;269.271111,9.66871,;269.271111,9.71883,;269.271111,9.76895,;269.271111,9.81903,;269.271111,9.86913,;269.271111,9.91923,;269.271111,9.96936,;269.271111,10.0195,;
439.172675,0.0500632,;439.172675,0.100198,;439.172675,0.150317,;439.172675,0.200407,;439.172675,0.250538,;439.172675,0.300663,;439.172675,0.350773,;439.172675,0.400885,;439.172675,0.450993,;439.172675,0.501072,;439.172675,0.55118,;365.695803,0.601254,;365.695803,0.651366,;365.695803,0.701474,;365.695803,0.751581,;343.578967,0.801667,;343.578967,0.851794,;343.578967,0.901911,;314.951460,0.95206,;314.951460,1.00214,;314.951460,1.05222,;314.951460,1.10229,;314.951460,1.15239,;314.951460,1.20249,;314.951460,1.25258,;314.951460,1.3027,;314.951460,1.35278,;314.951460,1.4029,;314.951460,1.453,;314.951460,1.50312,;314.951460,1.5532,;314.951460,1.60332,;314.951460,1.65343,;275.697191,1.70353,;275.697191,1.75361,;275.697191,1.80369,;275.697191,1.85377,;275.697191,1.90385,;275.697191,1.95393,;275.697191,2.00401,;275.697191,2.0541,;275.697191,2.1042,;275.697191,2.15431,;275.697191,2.20441,;275.697191,2.25453,;275.697191,2.30464,;275.697191,2.35475,;275.697191,2.40484,;275.697191,2.45495,;275.697191,2.50504,;275.697191,2.55515,;275.697191,2.60526,;275.697191,2.65535,;275.697191,2.70543,;275.697191,2.75551,;275.697191,2.8056,;275.697191,2.85568,;275.697191,2.90579,;275.697191,2.9559,;275.697191,3.00601,;275.697191,3.05612,;275.697191,3.10622,;275.697191,3.1563,;275.697191,3.20641,;275.697191,3.2565,;275.697191,3.30661,;275.697191,3.35672,;275.697191,3.40681,;275.697191,3.45692,;275.697191,3.50703,;275.697191,3.55711,;275.697191,3.60722,;275.697191,3.65733,;275.697191,3.70745,;275.697191,3.75755,;275.697191,3.80763,;275.697191,3.85774,;275.697191,3.90781,;275.697191,3.95794,;275.697191,4.00803,;275.697191,4.05814,;275.697191,4.10824,;275.697191,4.15832,;275.697191,4.20842,;275.697191,4.2585,;275.697191,4.3086,;275.697191,4.35871,;275.697191,4.4088,;275.697191,4.45892,;275.697191,4.509,;275.697191,4.55911,;275.697191,4.60922,;275.697191,4.65933,;275.697191,4.70944,;275.697191,4.75951,;275.697191,4.80958,;275.697191,4.85963,;275.697191,4.90972,;275.697191,4.9598,;275.697191,5.00992,;275.697191,5.06003,;275.697191,5.11015,;275.697191,5.16025,;275.697191,5.21033,;275.697191,5.26043,;275.697191,5.31052,;275.697191,5.36065,;275.697191,5.41076,;275.697191,5.46087,;275.697191,5.51098,;275.697191,5.56109,;275.697191,5.6112,;275.697191,5.66131,;275.697191,5.71142,;275.697191,5.7615,;275.697191,5.81157,;275.697191,5.86169,;275.697191,5.91177,;275.697191,5.96187,;275.697191,6.01196,;275.697191,6.06207,;275.697191,6.11215,;275.697191,6.16223,;275.697191,6.21234,;275.697191,6.2625,;275.697191,6.31262,;275.697191,6.36273,;275.697191,6.41283,;275.697191,6.46294,;275.697191,6.51303,;275.697191,6.56314,;275.697191,6.61326,;275.697191,6.66334,;275.697191,6.71345,;275.697191,6.76357,;275.697191,6.81371,;275.697191,6.86379,;275.697191,6.91391,;275.697191,6.96401,;275.697191,7.01409,;275.697191,7.06419,;275.697191,7.11427,;275.697191,7.16436,;275.697191,7.21448,;275.697191,7.26457,;275.697191,7.31468,;275.697191,7.36479,;275.697191,7.41487,;275.697191,7.46499,;275.697191,7.5151,;260.213946,7.56517,;260.213946,7.61526,;260.213946,7.66534,;260.213946,7.71542,;260.213946,7.76551,;260.213946,7.81564,;260.213946,7.86576,;260.213946,7.91583,;260.213946,7.9659,;260.213946,8.01599,;260.213946,8.06608,;260.213946,8.11621,;260.213946,8.16632,;260.213946,8.2164,;260.213946,8.2665,;260.213946,8.3166,;260.213946,8.36671,;260.213946,8.41683,;260.213946,8.46694,;260.213946,8.51704,;260.213946,8.56713,;260.213946,8.61724,;260.213946,8.66735,;260.213946,8.71746,;260.213946,8.76758,;260.213946,8.8177,;260.213946,8.86779,;260.213946,8.91788,;260.213946,8.96798,;260.213946,9.01809,;260.213946,9.06818,;260.213946,9.11829,;260.213946,9.16838,;260.213946,9.21846,;260.213946,9.26855,;260.213946,9.31867,;260.213946,9.36874,;260.213946,9.41882,;260.213946,9.46891,;260.213946,9.519,;260.213946,9.56913,;260.213946,9.61924,;260.213946,9.66932,;260.213946,9.71944,;260.213946,9.76952,;260.213946,9.81965,;260.213946,9.86972,;260.213946,9.9198,;260.213946,9.96991,;260.213946,10.02,;
inf,0.050064,;497.243671,0.100152,;497.243671,0.150242,;497.243671,0.200338,;497.243671,0.250425,;484.475621,0.30052,;484.475621,0.350636,;484.475621,0.400771,;463.526143,0.450886,;463.526143,0.500977,;463.526143,0.551071,;463.526143,0.601153,;463.526143,0.651275,;370.925807,0.70136,;370.925807,0.75141,;370.925807,0.801532,;370.925807,0.851649,;370.925807,0.901748,;370.925807,0.951841,;370.925807,1.00194,;370.925807,1.05203,;370.925807,1.10215,;348.622525,1.15224,;348.622525,1.20232,;348.622525,1.25241,;327.090774,1.30252,;327.090774,1.35261,;327.090774,1.40273,;327.090774,1.4528,;327.090774,1.50291,;327.090774,1.55299,;327.090774,1.6031,;327.090774,1.65318,;327.090774,1.70327,;317.923131,1.75337,;317.923131,1.80345,;317.923131,1.85353,;317.923131,1.90361,;317.923131,1.95371,;317.923131,2.00379,;317.923131,2.05391,;317.923131,2.10399,;317.923131,2.15411,;317.923131,2.2042,;317.923131,2.25433,;296.211104,2.30443,;273.809288,2.35452,;273.809288,2.4046,;273.809288,2.45469,;273.809288,2.50479,;273.809288,2.55488,;273.809288,2.60497,;273.809288,2.65517,;273.809288,2.7053,;273.809288,2.75535,;273.809288,2.80545,;273.809288,2.85554,;273.809288,2.90563,;273.809288,2.95571,;273.809288,3.00579,;273.809288,3.05587,;273.809288,3.10596,;273.809288,3.15606,;273.809288,3.20615,;273.809288,3.25624,;273.809288,3.30637,;273.809288,3.35646,;270.114824,3.40655,;270.114824,3.45664,;270.114824,3.50676,;270.114824,3.55687,;270.114824,3.607,;270.114824,3.65708,;270.114824,3.70716,;270.114824,3.75729,;270.114824,3.80738,;270.114824,3.85746,;270.114824,3.90754,;270.114824,3.95763,;270.114824,4.00771,;270.114824,4.0578,;270.114824,4.10789,;270.114824,4.158,;270.114824,4.2081,;270.114824,4.25819,;270.114824,4.30829,;270.114824,4.35838,;270.114824,4.40847,;268.056562,4.45855,;268.056562,4.50863,;268.056562,4.55872,;268.056562,4.6088,;268.056562,4.65889,;268.056562,4.709,;268.056562,4.75909,;268.056562,4.80919,;268.056562,4.85927,;268.056562,4.90936,;268.056562,4.95945,;268.056562,5.00955,;268.056562,5.05964,;268.056562,5.10974,;268.056562,5.15984,;268.056562,5.20993,;268.056562,5.26002,;268.056562,5.31011,;268.056562,5.36019,;268.056562,5.41027,;268.056562,5.46036,;268.056562,5.51044,;268.056562,5.56053,;268.056562,5.61061,;268.056562,5.6607,;268.056562,5.71078,;268.056562,5.76087,;268.056562,5.81099,;268.056562,5.86111,;268.056562,5.91118,;268.056562,5.96128,;268.056562,6.01137,;268.056562,6.06147,;268.056562,6.11155,;268.056562,6.16161,;268.056562,6.21169,;268.056562,6.26177,;268.056562,6.31185,;268.056562,6.36193,;268.056562,6.41202,;268.056562,6.46212,;268.056562,6.5122,;268.056562,6.56229,;268.056562,6.61241,;266.969253,6.66249,;264.632958,6.71257,;264.632958,6.76266,;264.632958,6.81276,;264.632958,6.86289,;264.632958,6.91297,;264.632958,6.96306,;264.632958,7.01315,;264.632958,7.06324,;264.632958,7.11334,;264.632958,7.16342,;264.632958,7.2135,;264.632958,7.26359,;264.632958,7.31368,;264.632958,7.36378,;264.632958,7.41387,;264.632958,7.46397,;264.632958,7.51405,;264.632958,7.56415,;264.632958,7.61426,;264.632958,7.66434,;264.632958,7.71448,;264.632958,7.76455,;264.632958,7.81464,;264.632958,7.86473,;264.632958,7.91482,;264.632958,7.9649,;264.632958,8.01499,;264.632958,8.06507,;264.632958,8.11517,;264.632958,8.16526,;264.632958,8.21541,;264.632958,8.26548,;264.632958,8.31556,;264.632958,8.36567,;264.632958,8.41576,;264.632958,8.46587,;264.632958,8.51596,;264.632958,8.56604,;264.632958,8.61613,;264.632958,8.66623,;264.632958,8.71635,;264.632958,8.76647,;264.632958,8.81659,;264.632958,8.86667,;264.632958,8.91676,;264.632958,8.96685,;264.632958,9.01693,;264.632958,9.06703,;264.632958,9.11713,;264.632958,9.16725,;264.632958,9.21733,;264.632958,9.26742,;264.632958,9.31753,;264.632958,9.3676,;264.632958,9.41772,;264.632958,9.46779,;264.632958,9.5179,;264.632958,9.56797,;264.632958,9.61804,;264.632958,9.66812,;264.632958,9.71823,;264.632958,9.76835,;264.632958,9.81846,;264.632958,9.86853,;264.632958,9.91864,;264.632958,9.96875,;264.632958,10.0189,;
inf,0.0500772,;496.531213,0.100184,;496.531213,0.150288,;496.531213,0.200395,;496.531213,0.250451,;496.531213,0.300566,;481.754391,0.350643,;481.754391,0.400746,;481.754391,0.450815,;477.670884,0.500902,;354.286255,0.550995,;354.286255,0.601109,;343.337869,0.651192,;343.337869,0.701278,;343.337869,0.751391,;343.337869,0.8015,;343.337869,0.851575,;343.337869,0.901668,;337.645886,0.951784,;337.645886,1.00189,;337.645886,1.05197,;337.645886,1.10206,;337.645886,1.15215,;312.054336,1.20224,;312.054336,1.25233,;312.054336,1.30244,;312.054336,1.35255,;312.054336,1.40263,;299.994211,1.45272,;299.994211,1.50282,;299.994211,1.55291,;299.994211,1.60301,;299.994211,1.65313,;299.994211,1.70322,;299.994211,1.75331,;299.994211,1.80344,;299.994211,1.85355,;299.797649,1.90364,;299.797649,1.95372,;299.797649,2.00381,;299.797649,2.05391,;299.797649,2.10401,;299.797649,2.15413,;299.797649,2.20421,;299.797649,2.25433,;299.797649,2.30445,;299.797649,2.35453,;299.797649,2.40465,;289.824157,2.45472,;289.824157,2.50481,;289.824157,2.5549,;289.824157,2.605,;289.824157,2.65507,;289.824157,2.70518,;289.824157,2.75526,;289.824157,2.80537,;289.824157,2.85547,;289.824157,2.90558,;289.824157,2.95566,;289.824157,3.00576,;289.824157,3.05587,;289.824157,3.10597,;289.824157,3.15606,;289.824157,3.20613,;289.824157,3.25624,;289.824157,3.30636,;289.824157,3.35647,;289.824157,3.40653,;289.824157,3.45664,;289.824157,3.50671,;289.824157,3.55679,;289.824157,3.60688,;289.824157,3.65698,;289.824157,3.70706,;289.824157,3.75718,;289.824157,3.80727,;289.824157,3.85739,;289.824157,3.90748,;289.824157,3.9576,;289.824157,4.0077,;289.824157,4.05782,;289.824157,4.10793,;289.824157,4.15803,;289.824157,4.20811,;289.824157,4.25821,;289.824157,4.30833,;289.824157,4.35844,;278.918802,4.40855,;278.918802,4.45862,;278.918802,4.50873,;278.918802,4.55881,;278.918802,4.60891,;278.918802,4.65899,;278.918802,4.70911,;278.918802,4.7592,;278.918802,4.80931,;278.918802,4.85939,;278.918802,4.90946,;278.918802,4.95958,;278.918802,5.00969,;278.918802,5.05979,;278.918802,5.10985,;271.515336,5.15993,;271.515336,5.21006,;271.515336,5.26018,;271.515336,5.31029,;271.515336,5.36041,;271.515336,5.41048,;271.515336,5.46059,;271.515336,5.51066,;271.515336,5.56078,;271.515336,5.61089,;271.515336,5.661,;271.515336,5.71109,;271.515336,5.7612,;271.515336,5.81131,;271.515336,5.86142,;271.515336,5.91152,;271.515336,5.96163,;271.515336,6.01173,;271.515336,6.06183,;271.515336,6.11194,;271.515336,6.16211,;271.515336,6.21223,;271.515336,6.26232,;271.515336,6.3124,;271.515336,6.36248,;271.515336,6.41259,;263.788287,6.46271,;263.788287,6.5128,;263.788287,6.56287,;263.788287,6.61294,;263.788287,6.66302,;263.788287,6.71312,;263.788287,6.76321,;263.788287,6.8133,;263.788287,6.86341,;263.788287,6.91351,;263.788287,6.96361,;263.788287,7.0137,;263.788287,7.0638,;263.788287,7.1139,;263.788287,7.16401,;263.788287,7.21412,;263.788287,7.26419,;263.788287,7.3143,;263.788287,7.3644,;263.788287,7.41443,;263.788287,7.4645,;263.788287,7.51457,;263.788287,7.56465,;263.788287,7.61474,;263.788287,7.66484,;263.788287,7.71493,;263.788287,7.76506,;263.788287,7.81518,;263.788287,7.86526,;263.788287,7.91535,;263.788287,7.96548,;263.788287,8.01557,;263.788287,8.06564,;263.788287,8.11573,;263.788287,8.16584,;263.788287,8.21593,;263.788287,8.266,;263.788287,8.31612,;263.788287,8.3662,;263.788287,8.41634,;263.788287,8.46644,;263.788287,8.51655,;263.788287,8.56662,;263.788287,8.61673,;263.788287,8.66682,;263.788287,8.71691,;263.788287,8.767,;263.788287,8.81712,;263.788287,8.86723,;263.788287,8.91731,;263.788287,8.96741,;263.788287,9.01753,;263.788287,9.06763,;263.788287,9.11774,;263.788287,9.16786,;263.788287,9.21797,;263.788287,9.26808,;263.788287,9.31819,;263.788287,9.3683,;263.788287,9.41841,;263.788287,9.46851,;263.788287,9.51859,;263.788287,9.56867,;263.788287,9.61874,;263.788287,9.66884,;263.788287,9.71894,;263.788287,9.76905,;263.788287,9.81913,;263.788287,9.86924,;263.788287,9.91933,;263.788287,9.96944,;263.788287,10.0195,;263.788287,10.0696,;
509.966393,0.0500953,;509.966393,0.100211,;495.367146,0.150328,;495.367146,0.200407,;495.367146,0.250498,;495.367146,0.300593,;495.367146,0.350681,;495.367146,0.40076,;495.367146,0.450829,;495.367146,0.500899,;495.367146,0.550974,;495.367146,0.60106,;495.367146,0.651128,;495.367146,0.701202,;495.367146,0.751288,;495.367146,0.801413,;363.494312,0.851483,;363.494312,0.901603,;363.494312,0.951715,;363.494312,1.00182,;363.494312,1.05192,;363.494312,1.10203,;363.494312,1.15211,;309.886940,1.20221,;309.886940,1.25229,;309.886940,1.3024,;309.886940,1.3525,;309.886940,1.40261,;309.886940,1.45265,;309.886940,1.50273,;309.886940,1.55281,;309.464465,1.60289,;309.464465,1.65298,;309.463654,1.70309,;309.463654,1.75317,;309.463654,1.80329,;309.463654,1.85337,;303.623989,1.90346,;303.623989,1.95355,;303.623989,2.00366,;303.623989,2.05373,;303.623989,2.10385,;303.623989,2.15394,;303.623989,2.20405,;303.623989,2.25414,;303.623989,2.30426,;303.623989,2.35437,;303.623989,2.40449,;303.623989,2.4546,;303.623989,2.50467,;303.623989,2.55475,;303.623989,2.60482,;303.623989,2.6549,;303.623989,2.70499,;303.623989,2.75516,;303.623989,2.80525,;303.623989,2.85535,;303.623989,2.90544,;303.623989,2.95555,;303.623989,3.00565,;303.623989,3.05577,;303.623989,3.10585,;303.623989,3.15597,;303.623989,3.20607,;303.623989,3.25616,;303.623989,3.30627,;303.623989,3.35638,;303.623989,3.40644,;303.623989,3.45655,;303.623989,3.50666,;303.623989,3.55673,;303.623989,3.60683,;303.623989,3.65691,;290.477894,3.70702,;279.314562,3.75711,;279.314562,3.80722,;279.314562,3.85732,;279.314562,3.90743,;279.314562,3.95751,;279.314562,4.00762,;279.314562,4.05773,;279.314562,4.10784,;279.314562,4.15794,;279.314562,4.20803,;279.314562,4.25812,;279.314562,4.30824,;279.314562,4.35834,;279.314562,4.40847,;279.314562,4.45858,;279.314562,4.50863,;279.314562,4.55873,;279.314562,4.6088,;279.314562,4.65891,;279.314562,4.709,;279.314562,4.75909,;279.314562,4.8092,;279.314562,4.8593,;279.314562,4.90944,;279.314562,4.95955,;279.314562,5.00962,;279.314562,5.05973,;278.005173,5.10981,;278.005173,5.15993,;278.005173,5.21003,;278.005173,5.26014,;278.005173,5.31026,;278.005173,5.36037,;278.005173,5.41048,;278.005173,5.46056,;278.005173,5.51065,;278.005173,5.56073,;278.005173,5.61084,;278.005173,5.66092,;274.835467,5.71103,;274.835467,5.76112,;274.835467,5.81124,;274.835467,5.86132,;270.025479,5.91141,;270.025479,5.96148,;270.025479,6.0116,;270.025479,6.06171,;270.025479,6.11182,;270.025479,6.16193,;270.025479,6.21204,;270.025479,6.26215,;270.025479,6.31227,;270.025479,6.36236,;270.025479,6.41248,;270.025479,6.4626,;270.025479,6.51269,;270.025479,6.56279,;270.025479,6.61286,;270.025479,6.66297,;270.025479,6.71306,;270.025479,6.76317,;270.025479,6.81326,;270.025479,6.86337,;270.025479,6.91345,;270.025479,6.96356,;270.025479,7.01366,;270.025479,7.06376,;270.025479,7.11383,;270.025479,7.16392,;270.025479,7.214,;270.025479,7.26411,;270.025479,7.31421,;270.025479,7.36431,;270.025479,7.41442,;270.025479,7.46452,;270.025479,7.51463,;270.025479,7.5647,;270.025479,7.6148,;270.025479,7.66487,;270.025479,7.71499,;270.025479,7.76507,;270.025479,7.81518,;270.025479,7.86526,;270.025479,7.91538,;270.025479,7.9655,;270.025479,8.0156,;270.025479,8.0657,;270.025479,8.11577,;270.025479,8.16587,;270.025479,8.21598,;270.025479,8.2661,;270.025479,8.3162,;270.025479,8.36631,;270.025479,8.4164,;270.025479,8.46651,;270.025479,8.51661,;270.025479,8.56672,;270.025479,8.61679,;270.025479,8.6669,;270.025479,8.71698,;270.025479,8.76706,;270.025479,8.81713,;270.025479,8.8672,;270.025479,8.91728,;270.025479,8.96739,;270.025479,9.01749,;270.025479,9.0676,;270.025479,9.1177,;270.025479,9.16782,;270.025479,9.2179,;270.025479,9.26798,;270.025479,9.31806,;270.025479,9.36817,;270.025479,9.41825,;270.025479,9.46834,;270.025479,9.51841,;270.025479,9.56849,;270.025479,9.61858,;270.025479,9.66866,;270.025479,9.71875,;270.025479,9.76883,;270.025479,9.8189,;270.025479,9.86898,;270.025479,9.91905,;270.025479,9.96916,;270.025479,10.0192,;
inf,0.0500683,;438.111792,0.100168,;438.111792,0.150268,;423.235883,0.20037,;423.235883,0.250447,;423.235883,0.300534,;423.235883,0.350614,;423.235883,0.400698,;423.235883,0.450777,;423.235883,0.500904,;423.235883,0.550997,;423.235883,0.601093,;375.797459,0.651212,;327.607238,0.701307,;327.607238,0.751399,;327.607238,0.801511,;327.607238,0.85158,;327.607238,0.901697,;322.025567,0.951791,;322.025567,1.0019,;322.025567,1.052,;318.730656,1.10213,;318.730656,1.15224,;318.730656,1.20237,;318.730656,1.25246,;318.730656,1.30254,;318.730656,1.35267,;318.730656,1.40278,;318.730656,1.45288,;318.730656,1.50299,;318.730656,1.55309,;318.730656,1.60317,;318.730656,1.65328,;318.730656,1.70336,;318.730656,1.75348,;318.730656,1.80356,;318.730656,1.85367,;318.730656,1.90376,;318.730656,1.95389,;318.730656,2.00399,;318.730656,2.05411,;318.730656,2.10421,;318.730656,2.15433,;318.730656,2.20443,;318.730656,2.25451,;318.730656,2.30461,;318.730656,2.3547,;318.730656,2.40478,;294.644623,2.45488,;294.644623,2.50497,;294.644623,2.55506,;294.644623,2.60517,;294.644623,2.65528,;294.644623,2.70536,;294.644623,2.7554,;294.644623,2.80548,;294.644623,2.85555,;294.137051,2.90563,;294.137051,2.95572,;294.137051,3.0058,;294.137051,3.05589,;294.137051,3.10598,;294.137051,3.15607,;294.137051,3.20616,;294.137051,3.25625,;289.470667,3.30634,;289.470667,3.35644,;289.470667,3.40655,;289.470667,3.45666,;289.470667,3.50674,;289.470667,3.55681,;289.470667,3.60692,;289.470667,3.657,;289.470667,3.70709,;289.470667,3.75718,;289.470667,3.8073,;289.470667,3.85742,;289.470667,3.90749,;289.470667,3.9576,;289.470667,4.0077,;289.470667,4.05778,;289.470667,4.10786,;289.470667,4.15795,;289.470667,4.20804,;289.470667,4.25816,;289.470667,4.30823,;289.470667,4.35833,;289.470667,4.40846,;289.470667,4.45857,;289.470667,4.50865,;289.470667,4.55873,;289.470667,4.60883,;289.470667,4.65892,;289.470667,4.70901,;289.470667,4.7591,;289.470667,4.80918,;289.470667,4.85927,;289.470667,4.90936,;289.470667,4.95944,;289.470667,5.00951,;289.470667,5.05959,;289.470667,5.10968,;289.470667,5.15977,;289.470667,5.20985,;289.470667,5.25993,;289.470667,5.31001,;289.470667,5.36009,;289.470667,5.41018,;289.470667,5.46027,;289.470667,5.51035,;289.470667,5.56044,;289.470667,5.61052,;289.470667,5.66061,;289.470667,5.7107,;289.470667,5.76078,;289.470667,5.81086,;289.470667,5.86095,;289.470667,5.91103,;289.470667,5.96111,;289.470667,6.01119,;289.470667,6.06128,;289.470667,6.11136,;289.470667,6.16144,;289.470667,6.21152,;289.470667,6.2616,;289.470667,6.31168,;289.470667,6.36177,;289.470667,6.41187,;289.470667,6.46195,;289.470667,6.51204,;289.470667,6.56213,;289.470667,6.61222,;289.470667,6.66232,;289.470667,6.71241,;289.470667,6.7625,;289.470667,6.81259,;289.470667,6.86268,;289.470667,6.9128,;289.470667,6.96291,;289.470667,7.01301,;289.470667,7.06312,;289.470667,7.11325,;289.470667,7.16337,;289.470667,7.21347,;289.470667,7.26354,;289.470667,7.31362,;289.470667,7.36372,;289.470667,7.41384,;289.470667,7.46394,;289.470667,7.51402,;289.470667,7.56412,;289.470667,7.6142,;289.470667,7.6643,;289.470667,7.71441,;289.470667,7.7645,;289.470667,7.81461,;289.470667,7.86471,;271.247402,7.91482,;271.247402,7.96489,;271.247402,8.01497,;271.247402,8.06506,;271.247402,8.11514,;271.247402,8.16522,;271.247402,8.21529,;271.247402,8.26537,;271.247402,8.31545,;271.247402,8.36555,;271.247402,8.41563,;271.247402,8.46571,;271.247402,8.51579,;271.247402,8.56588,;271.247402,8.61596,;271.247402,8.66605,;271.247402,8.71613,;271.247402,8.76622,;271.247402,8.8163,;271.247402,8.86638,;271.247402,8.91646,;271.247402,8.96654,;271.247402,9.01662,;271.247402,9.06671,;271.247402,9.11679,;271.247402,9.16688,;271.247402,9.21697,;271.247402,9.26706,;271.247402,9.31714,;271.247402,9.36723,;271.247402,9.41731,;271.247402,9.46736,;271.247402,9.51743,;271.247402,9.5675,;271.247402,9.61758,;271.247402,9.66767,;271.247402,9.71776,;271.247402,9.76784,;271.247402,9.81793,;271.247402,9.86801,;271.247402,9.9181,;271.247402,9.96818,;271.247402,10.0183,;
555.713936,0.0500684,;555.713936,0.100189,;555.713936,0.150272,;527.572171,0.200393,;527.572171,0.250483,;527.572171,0.300616,;527.572171,0.350735,;527.572171,0.400816,;439.372940,0.450931,;427.873075,0.501005,;378.891831,0.551096,;378.891831,0.601221,;378.891831,0.651302,;378.891831,0.701399,;378.891831,0.75151,;378.891831,0.801596,;354.215691,0.851668,;345.678488,0.901755,;345.678488,0.951836,;312.932538,1.00193,;312.932538,1.05204,;312.932538,1.10215,;312.932538,1.15222,;312.932538,1.20234,;312.932538,1.25241,;312.932538,1.30253,;312.932538,1.35263,;299.671533,1.40275,;299.671533,1.45282,;299.671533,1.50294,;299.671533,1.55301,;299.671533,1.60311,;299.671533,1.65319,;299.671533,1.70327,;288.339462,1.75337,;288.339462,1.80349,;288.339462,1.85358,;288.339462,1.90367,;288.339462,1.95377,;288.339462,2.00386,;288.339462,2.05393,;288.339462,2.10401,;288.339462,2.15408,;288.339462,2.20415,;288.339462,2.25426,;288.339462,2.30436,;288.339462,2.35449,;287.703160,2.4046,;287.703160,2.45472,;287.703160,2.5048,;287.703160,2.55489,;287.703160,2.60497,;287.703160,2.65506,;287.703160,2.70515,;287.703160,2.75524,;287.703160,2.80532,;287.703160,2.85539,;287.703160,2.90548,;287.703160,2.95557,;287.703160,3.00567,;287.703160,3.05576,;287.703160,3.10586,;287.703160,3.15595,;287.703160,3.20608,;287.703160,3.25615,;287.703160,3.30622,;287.703160,3.35629,;287.703160,3.40636,;283.618940,3.45643,;283.618940,3.50655,;283.618940,3.55667,;283.618940,3.60679,;283.618940,3.65686,;283.618940,3.70698,;283.618940,3.75707,;274.716633,3.80716,;274.716633,3.85724,;274.716633,3.90733,;274.716633,3.95742,;274.716633,4.00751,;274.716633,4.05761,;274.716633,4.10772,;274.716633,4.15783,;274.716633,4.20793,;274.716633,4.25802,;274.716633,4.30811,;274.716633,4.35823,;274.716633,4.40832,;274.716633,4.4584,;274.716633,4.50849,;274.716633,4.55859,;274.716633,4.60869,;274.716633,4.6588,;274.716633,4.70887,;274.716633,4.75895,;258.204639,4.80902,;258.204639,4.85912,;258.204639,4.9092,;258.204639,4.95929,;258.204639,5.00938,;258.204639,5.05948,;258.204639,5.10957,;258.204639,5.15968,;258.204639,5.20976,;258.204639,5.25987,;258.204639,5.30997,;258.204639,5.3601,;258.204639,5.41022,;258.204639,5.4603,;258.204639,5.51042,;258.204639,5.56053,;258.204639,5.61063,;258.204639,5.66074,;258.204639,5.71083,;258.204639,5.76093,;258.204639,5.81101,;258.204639,5.8611,;258.204639,5.9112,;258.204639,5.9613,;258.204639,6.01144,;258.204639,6.06152,;258.204639,6.11163,;258.204639,6.16172,;258.204639,6.21183,;258.204639,6.26191,;258.204639,6.31205,;258.204639,6.36212,;258.204639,6.41221,;258.204639,6.46235,;258.204639,6.51249,;258.204639,6.56257,;258.204639,6.61267,;258.204639,6.6628,;258.204639,6.71288,;258.204639,6.76301,;258.204639,6.8131,;258.204639,6.86322,;258.204639,6.91331,;258.204639,6.96344,;258.204639,7.01354,;258.204639,7.06366,;258.204639,7.11378,;258.204639,7.16389,;258.204639,7.214,;258.204639,7.26412,;258.204639,7.31423,;258.204639,7.3643,;258.204639,7.4144,;258.204639,7.46451,;258.204639,7.51463,;258.204639,7.56471,;258.204639,7.61482,;258.204639,7.66489,;258.204639,7.715,;258.204639,7.76511,;258.204639,7.81521,;258.204639,7.86528,;258.204639,7.9154,;258.204639,7.96548,;258.204639,8.01559,;258.204639,8.06571,;258.204639,8.11578,;258.204639,8.16589,;258.204639,8.216,;258.204639,8.2661,;258.204639,8.31619,;258.204639,8.36629,;258.204639,8.41642,;258.204639,8.46653,;258.204639,8.51665,;258.204639,8.56677,;258.204639,8.61686,;258.204639,8.66698,;258.204639,8.71709,;258.204639,8.76719,;258.204639,8.81728,;258.204639,8.86739,;258.204639,8.9175,;258.204639,8.9676,;258.204639,9.01772,;258.204639,9.06783,;258.204639,9.11795,;258.204639,9.16805,;258.204639,9.21815,;258.204639,9.26826,;258.204639,9.31837,;258.204639,9.36846,;258.204639,9.41858,;258.204639,9.46869,;258.204639,9.51881,;258.204639,9.56888,;258.204639,9.61899,;258.204639,9.66907,;258.204639,9.71918,;258.204639,9.76927,;258.204639,9.81937,;258.204639,9.86945,;258.204639,9.91952,;258.204639,9.9696,;
460.295014,0.0500945,;460.295014,0.100168,;460.295014,0.150275,;433.201841,0.200354,;433.201841,0.250468,;433.201841,0.300551,;433.201841,0.350634,;427.277837,0.400713,;421.490026,0.45079,;400.622902,0.500887,;400.622902,0.550958,;400.622902,0.601063,;400.622902,0.651139,;400.622902,0.701257,;400.622902,0.751366,;400.622902,0.801439,;400.622902,0.851512,;372.824106,0.901586,;372.824106,0.951671,;337.060454,1.0018,;337.060454,1.0519,;337.060454,1.10197,;326.930676,1.15205,;326.930676,1.20212,;326.930676,1.2522,;326.930676,1.30228,;326.930676,1.35236,;326.930676,1.40244,;326.930676,1.45253,;326.930676,1.5026,;326.930676,1.55269,;326.930676,1.60277,;326.930676,1.65286,;326.930676,1.70296,;326.930676,1.75305,;310.877143,1.80314,;310.877143,1.85324,;310.877143,1.90333,;310.877143,1.95342,;310.877143,2.00351,;310.877143,2.05363,;310.877143,2.10375,;310.877143,2.15384,;310.877143,2.20391,;310.877143,2.25403,;310.877143,2.30411,;310.877143,2.35418,;310.877143,2.40427,;269.546744,2.45439,;269.546744,2.50447,;269.546744,2.55459,;269.546744,2.60477,;269.546744,2.65486,;269.546744,2.70494,;269.546744,2.75503,;269.546744,2.80512,;269.546744,2.85522,;269.546744,2.90531,;269.546744,2.95541,;269.546744,3.00549,;269.546744,3.05559,;269.546744,3.10569,;269.546744,3.1558,;269.546744,3.20588,;269.546744,3.256,;269.546744,3.30607,;269.546744,3.35614,;269.546744,3.40624,;269.546744,3.45633,;269.546744,3.50641,;269.546744,3.5565,;269.546744,3.60659,;269.546744,3.65669,;269.546744,3.70678,;269.546744,3.75686,;269.546744,3.80698,;269.546744,3.85706,;269.546744,3.90719,;269.546744,3.95728,;269.546744,4.00738,;269.546744,4.05748,;269.546744,4.10761,;269.546744,4.1577,;269.546744,4.20779,;269.546744,4.2579,;269.546744,4.30798,;269.546744,4.35807,;269.546744,4.40816,;269.546744,4.45828,;269.546744,4.50838,;269.546744,4.55847,;269.546744,4.60857,;269.546744,4.65868,;269.546744,4.70878,;269.546744,4.7589,;269.546744,4.80902,;269.546744,4.85912,;269.546744,4.90922,;269.546744,4.9593,;269.546744,5.00941,;269.546744,5.0595,;269.546744,5.1096,;269.546744,5.15973,;269.546744,5.20986,;269.546744,5.25995,;269.546744,5.31008,;269.546744,5.36016,;269.546744,5.41027,;269.546744,5.46035,;269.546744,5.51047,;269.546744,5.56057,;269.546744,5.61069,;269.546744,5.66078,;269.546744,5.71089,;269.546744,5.76101,;269.546744,5.81113,;269.546744,5.86122,;269.546744,5.91134,;269.546744,5.96144,;269.546744,6.01156,;269.546744,6.06164,;269.546744,6.11173,;269.546744,6.16185,;269.546744,6.21197,;269.546744,6.26208,;269.546744,6.31215,;269.546744,6.36228,;269.546744,6.41237,;269.546744,6.46248,;269.546744,6.51258,;269.546744,6.56269,;269.546744,6.6128,;269.546744,6.66292,;269.546744,6.71303,;269.546744,6.76313,;269.546744,6.81324,;269.546744,6.86334,;269.546744,6.91345,;269.546744,6.96356,;269.546744,7.01367,;269.546744,7.06378,;269.546744,7.11386,;269.546744,7.16397,;269.546744,7.21405,;261.306259,7.26417,;261.306259,7.31424,;261.306259,7.36432,;261.306259,7.41441,;261.306259,7.46449,;261.306259,7.51461,;261.306259,7.5647,;261.306259,7.61478,;261.306259,7.6649,;261.306259,7.71504,;261.306259,7.76517,;261.306259,7.81525,;261.306259,7.86533,;261.306259,7.91545,;261.306259,7.96557,;261.306259,8.01568,;261.306259,8.0658,;261.306259,8.11589,;261.306259,8.166,;261.306259,8.21609,;261.306259,8.26621,;261.306259,8.3163,;261.306259,8.36641,;261.306259,8.41649,;261.306259,8.46658,;261.306259,8.5167,;261.306259,8.56681,;261.306259,8.6169,;261.306259,8.66698,;261.306259,8.71708,;261.306259,8.76717,;261.306259,8.81726,;261.306259,8.86738,;261.306259,8.91749,;256.693868,8.96758,;256.693868,9.01766,;256.693868,9.06775,;256.693868,9.11783,;256.693868,9.16792,;256.693868,9.21804,;256.693868,9.26812,;256.693868,9.31823,;256.693868,9.36832,;256.693868,9.4184,;256.693868,9.46848,;256.693868,9.51857,;256.693868,9.56868,;256.693868,9.61879,;256.693868,9.66887,;256.693868,9.71896,;256.693868,9.76904,;256.693868,9.81913,;256.693868,9.86922,;256.693868,9.91931,;256.693868,9.9694,;256.693868,10.0195,;
544.081005,0.050056,;544.081005,0.100134,;544.081005,0.150239,;544.081005,0.200406,;544.081005,0.250491,;518.670434,0.300581,;518.670434,0.350662,;503.733145,0.40074,;503.733145,0.45082,;503.733145,0.500892,;503.733145,0.550972,;503.733145,0.601055,;411.273188,0.651139,;411.273188,0.701223,;357.152418,0.751302,;357.152418,0.801374,;357.152418,0.851452,;357.152418,0.901533,;357.152418,0.951619,;312.712563,1.00169,;312.712563,1.05177,;312.712563,1.10185,;312.712563,1.15191,;312.712563,1.20198,;312.712563,1.25206,;312.712563,1.30214,;312.712563,1.35222,;312.712563,1.40229,;312.712563,1.45237,;300.902914,1.50244,;300.902914,1.55251,;300.902914,1.60259,;300.902914,1.65266,;300.902914,1.70272,;300.902914,1.75279,;300.902914,1.80286,;300.902914,1.85293,;300.902914,1.903,;300.902914,1.95308,;300.902914,2.00315,;300.902914,2.05319,;300.902914,2.10326,;300.902914,2.15334,;300.902914,2.20346,;300.902914,2.25358,;300.902914,2.30369,;300.902914,2.35379,;300.902914,2.40386,;300.902914,2.45396,;300.902914,2.50408,;300.902914,2.55418,;300.902914,2.6043,;300.902914,2.65438,;300.902914,2.70446,;300.902914,2.75454,;300.902914,2.80462,;300.902914,2.8547,;300.902914,2.9048,;300.902914,2.95489,;300.902914,3.00497,;300.902914,3.05504,;300.902914,3.10511,;300.902914,3.15517,;270.893975,3.20524,;270.893975,3.25531,;270.893975,3.30539,;270.893975,3.35546,;270.893975,3.40553,;270.893975,3.45561,;270.893975,3.50568,;270.893975,3.55575,;270.893975,3.60581,;270.893975,3.65588,;270.893975,3.70596,;270.893975,3.75607,;270.893975,3.80617,;270.893975,3.85624,;270.893975,3.90634,;270.893975,3.95646,;270.893975,4.00652,;270.893975,4.0566,;270.893975,4.10666,;270.893975,4.15674,;270.893975,4.20685,;270.893975,4.25698,;270.893975,4.30709,;270.893975,4.35719,;270.893975,4.4073,;269.551026,4.45739,;269.551026,4.5075,;269.551026,4.55759,;269.551026,4.60771,;269.551026,4.65784,;269.551026,4.70794,;269.551026,4.75805,;269.551026,4.80812,;269.551026,4.85822,;269.551026,4.90832,;269.551026,4.95844,;269.551026,5.00853,;269.551026,5.05863,;269.551026,5.10873,;269.551026,5.15883,;269.551026,5.20891,;269.551026,5.259,;264.057966,5.30909,;264.057966,5.35918,;264.057966,5.40925,;264.057966,5.45934,;264.057966,5.50941,;264.057966,5.55951,;264.057966,5.6096,;264.057966,5.65968,;264.057966,5.70977,;264.057966,5.75985,;264.057966,5.80993,;264.057966,5.86001,;264.057966,5.9101,;264.057966,5.96019,;264.057966,6.01027,;264.057966,6.06036,;264.057966,6.11044,;264.057966,6.16053,;264.057966,6.2106,;264.057966,6.26069,;264.057966,6.31078,;264.057966,6.36086,;264.057966,6.41095,;264.057966,6.46104,;264.057966,6.51114,;264.057966,6.56123,;264.057966,6.61132,;264.057966,6.66141,;264.057966,6.71149,;264.057966,6.76158,;264.057966,6.81168,;264.057966,6.86177,;264.057966,6.91186,;264.057966,6.96195,;264.057966,7.01204,;264.057966,7.06213,;264.057966,7.11222,;264.057966,7.16229,;264.057966,7.21238,;264.057966,7.26247,;264.057966,7.31256,;264.057966,7.36264,;264.057966,7.41272,;264.057966,7.46281,;264.057966,7.51291,;264.057966,7.563,;264.057966,7.61308,;264.057966,7.66316,;264.057966,7.71323,;264.057966,7.76332,;264.057966,7.81341,;264.057966,7.8635,;264.057966,7.9136,;264.057966,7.96369,;264.057966,8.01377,;264.057966,8.06385,;264.057966,8.11394,;264.057966,8.16402,;264.057966,8.2141,;264.057966,8.26418,;264.057966,8.31427,;264.057966,8.36436,;264.057966,8.41444,;264.057966,8.46452,;264.057966,8.5146,;264.057966,8.56467,;264.057966,8.61476,;264.057966,8.66485,;264.057966,8.71494,;264.057966,8.76503,;264.057966,8.81511,;264.057966,8.86516,;264.057966,8.91524,;264.057966,8.96536,;264.057966,9.01548,;264.057966,9.06556,;264.057966,9.11568,;264.057966,9.16577,;264.057966,9.21587,;264.057966,9.26597,;264.057966,9.31606,;264.057966,9.36619,;264.057966,9.4163,;264.057966,9.46642,;264.057966,9.51653,;264.057966,9.56663,;264.057966,9.61671,;264.057966,9.66682,;264.057966,9.71693,;264.057966,9.76701,;264.057966,9.8171,;264.057966,9.86722,;264.057966,9.9173,;264.057966,9.96739,;264.057966,10.0175,;251.450313,10.0676,;
inf,0.0500938,;inf,0.100206,;inf,0.150308,;inf,0.200427,;448.220054,0.25051,;405.255399,0.300589,;405.255399,0.350693,;405.255399,0.40082,;405.255399,0.450943,;405.255399,0.501031,;405.255399,0.55115,;405.255399,0.601237,;405.255399,0.651346,;383.375454,0.701451,;383.375454,0.751558,;383.375454,0.801644,;383.375454,0.851757,;383.375454,0.90187,;383.375454,0.951978,;383.375454,1.00209,;383.375454,1.0522,;383.375454,1.10231,;332.486471,1.1524,;332.486471,1.20253,;332.486471,1.25261,;332.486471,1.30273,;332.486471,1.35283,;332.486471,1.40291,;332.486471,1.453,;332.486471,1.50307,;332.486471,1.55315,;332.486471,1.60325,;332.486471,1.65334,;332.486471,1.70343,;332.486471,1.75352,;332.486471,1.80363,;332.486471,1.8537,;332.486471,1.90381,;326.867277,1.95388,;302.428707,2.00399,;302.428707,2.05409,;302.428707,2.10418,;302.428707,2.15429,;289.698800,2.2044,;289.698800,2.25452,;289.698800,2.30459,;289.698800,2.35469,;289.698800,2.40479,;289.698800,2.4549,;289.698800,2.50498,;289.698800,2.55507,;289.698800,2.60517,;289.698800,2.65526,;289.698800,2.70536,;289.698800,2.75546,;289.698800,2.80555,;289.698800,2.85568,;289.698800,2.90576,;289.698800,2.9559,;289.698800,3.00599,;289.698800,3.0561,;289.698800,3.10621,;289.698800,3.15631,;289.698800,3.20642,;289.698800,3.25649,;289.698800,3.30659,;289.698800,3.35666,;289.698800,3.40677,;289.698800,3.45685,;289.698800,3.50692,;289.698800,3.557,;289.698800,3.60709,;289.698800,3.65718,;289.698800,3.70729,;289.698800,3.75739,;289.698800,3.8075,;289.698800,3.85757,;289.698800,3.90766,;289.698800,3.95778,;289.698800,4.00785,;289.698800,4.05793,;289.698800,4.10801,;289.698800,4.15809,;289.698800,4.20817,;289.698800,4.25824,;289.698800,4.30832,;289.698800,4.35841,;289.698800,4.40849,;289.698800,4.45857,;289.698800,4.50865,;289.698800,4.55872,;289.698800,4.6088,;289.698800,4.65893,;289.698800,4.70905,;289.698800,4.75913,;289.698800,4.80921,;289.698800,4.85931,;289.698800,4.9094,;289.698800,4.95949,;289.698800,5.00959,;289.698800,5.05969,;289.698800,5.10979,;289.698800,5.15991,;289.698800,5.21,;289.698800,5.26008,;289.698800,5.31017,;289.698800,5.36025,;289.698800,5.41034,;289.698800,5.46039,;289.698800,5.51048,;289.698800,5.56057,;289.698800,5.61067,;289.698800,5.66077,;289.698800,5.71085,;289.698800,5.76094,;289.698800,5.81107,;289.698800,5.86115,;289.698800,5.91124,;289.698800,5.96134,;272.245499,6.01147,;272.245499,6.06156,;272.245499,6.11168,;272.245499,6.16177,;272.245499,6.21187,;272.245499,6.26196,;272.245499,6.31205,;272.245499,6.36215,;272.245499,6.41225,;272.245499,6.46234,;272.245499,6.51241,;272.245499,6.5625,;272.245499,6.61259,;272.245499,6.66272,;272.245499,6.71281,;272.245499,6.76293,;272.245499,6.81303,;272.245499,6.86312,;272.245499,6.91325,;272.245499,6.96335,;272.245499,7.01344,;272.245499,7.06354,;272.245499,7.11364,;272.245499,7.16373,;272.245499,7.21383,;272.245499,7.26395,;272.245499,7.3141,;272.245499,7.36421,;272.245499,7.41432,;272.245499,7.46441,;272.245499,7.51453,;272.245499,7.56461,;272.245499,7.61473,;272.245499,7.66482,;272.245499,7.7149,;272.245499,7.765,;272.245499,7.81509,;272.245499,7.86517,;272.245499,7.91526,;272.245499,7.96535,;272.245499,8.01548,;272.245499,8.06556,;272.245499,8.11565,;272.245499,8.16573,;272.245499,8.21582,;272.245499,8.26591,;272.245499,8.31599,;272.245499,8.36608,;272.245499,8.41615,;272.245499,8.46619,;272.245499,8.51628,;272.245499,8.56638,;272.245499,8.61643,;272.245499,8.66655,;272.245499,8.71662,;272.245499,8.7667,;272.245499,8.8168,;272.245499,8.86689,;272.245499,8.91698,;272.245499,8.96708,;272.245499,9.01718,;272.245499,9.06728,;272.245499,9.11739,;272.245499,9.16749,;272.245499,9.21759,;272.245499,9.26767,;272.245499,9.31776,;272.245499,9.36783,;272.245499,9.41795,;272.245499,9.46803,;272.245499,9.51811,;272.245499,9.56822,;272.245499,9.61829,;272.245499,9.66836,;272.245499,9.71844,;272.245499,9.76853,;272.245499,9.81861,;272.245499,9.8687,;272.245499,9.91879,;272.245499,9.96887,;
450.485613,0.0500923,;346.600480,0.100167,;346.600480,0.150247,;346.600480,0.200329,;346.129915,0.250405,;346.129915,0.30052,;346.129915,0.350617,;346.129915,0.400726,;346.129915,0.450807,;346.129915,0.500887,;346.129915,0.550993,;346.129915,0.601066,;325.468162,0.651145,;325.468162,0.701217,;325.468162,0.75132,;325.468162,0.801391,;325.468162,0.851475,;325.468162,0.901555,;325.468162,0.951619,;325.468162,1.00172,;325.468162,1.05179,;325.468162,1.10188,;325.468162,1.15197,;325.468162,1.20206,;325.468162,1.25214,;325.468162,1.30224,;325.468162,1.35236,;325.468162,1.40244,;325.468162,1.45253,;325.468162,1.50266,;325.468162,1.55274,;325.468162,1.60281,;325.468162,1.65288,;324.479388,1.70297,;324.479388,1.75304,;324.479388,1.80312,;324.479388,1.85321,;315.805536,1.9033,;314.504084,1.95338,;313.613500,2.00346,;313.613500,2.05349,;313.613500,2.10358,;313.613500,2.15368,;313.613500,2.20375,;307.839159,2.25386,;307.839159,2.30397,;307.839159,2.35405,;307.839159,2.40417,;294.804082,2.45425,;294.804082,2.50434,;294.804082,2.55442,;294.804082,2.6045,;294.804082,2.65458,;294.804082,2.70466,;294.804082,2.75475,;294.804082,2.80482,;294.804082,2.85491,;294.804082,2.90499,;294.804082,2.95508,;294.804082,3.00513,;294.804082,3.05523,;294.804082,3.10531,;294.804082,3.15539,;294.804082,3.20547,;294.804082,3.25555,;294.804082,3.30562,;294.804082,3.3557,;294.804082,3.40578,;291.530895,3.45585,;291.530895,3.50594,;291.530895,3.55603,;291.530895,3.60611,;291.530895,3.65619,;291.530895,3.70625,;291.530895,3.75636,;291.530895,3.80642,;291.530895,3.85654,;291.530895,3.90661,;291.530895,3.95668,;291.530895,4.00676,;291.530895,4.05683,;291.530895,4.10691,;291.530895,4.15703,;286.154559,4.20711,;286.154559,4.2572,;286.154559,4.30728,;286.154559,4.3574,;286.154559,4.4075,;286.154559,4.45761,;286.154559,4.50769,;286.154559,4.55782,;286.154559,4.60791,;286.154559,4.65803,;286.154559,4.70814,;286.154559,4.75826,;286.154559,4.80833,;286.154559,4.85842,;286.154559,4.90852,;286.154559,4.95861,;286.154559,5.00873,;272.372299,5.05881,;272.372299,5.10892,;272.372299,5.15901,;272.372299,5.20912,;272.372299,5.25923,;272.372299,5.30932,;272.372299,5.35942,;272.372299,5.40953,;272.372299,5.45965,;272.372299,5.50973,;272.372299,5.55985,;272.372299,5.60993,;272.372299,5.66002,;272.372299,5.71014,;272.372299,5.76025,;272.372299,5.81032,;272.372299,5.86041,;272.372299,5.91049,;272.372299,5.9606,;272.372299,6.01068,;272.372299,6.06079,;272.372299,6.11087,;272.372299,6.16098,;272.372299,6.21106,;272.372299,6.26116,;272.372299,6.31124,;272.372299,6.36133,;272.372299,6.41146,;272.372299,6.46155,;272.372299,6.51169,;272.372299,6.56181,;272.372299,6.6119,;272.372299,6.66198,;272.372299,6.7121,;272.372299,6.76223,;272.372299,6.81237,;272.372299,6.86245,;272.372299,6.91256,;272.372299,6.96266,;272.372299,7.01277,;272.372299,7.06286,;272.372299,7.11297,;272.372299,7.16305,;272.372299,7.21314,;272.372299,7.26326,;272.372299,7.31334,;272.372299,7.36344,;272.372299,7.41355,;272.372299,7.46364,;272.372299,7.51374,;272.372299,7.56384,;272.372299,7.61392,;272.372299,7.66403,;272.372299,7.71414,;272.372299,7.76425,;272.372299,7.81428,;272.372299,7.86437,;272.372299,7.91445,;272.372299,7.96452,;272.372299,8.0146,;272.372299,8.06471,;272.372299,8.11479,;272.372299,8.16487,;272.372299,8.21495,;272.372299,8.26506,;272.372299,8.31513,;272.372299,8.36525,;272.372299,8.41534,;272.372299,8.46544,;272.372299,8.51554,;272.372299,8.56565,;272.372299,8.61576,;272.372299,8.66583,;272.372299,8.71595,;272.372299,8.76608,;272.372299,8.81619,;272.372299,8.86629,;272.372299,8.91639,;272.372299,8.96649,;272.372299,9.0166,;262.818109,9.06668,;262.818109,9.11676,;262.818109,9.16685,;262.818109,9.21693,;262.818109,9.26702,;262.818109,9.31713,;258.826911,9.36724,;258.826911,9.41734,;258.826911,9.46745,;258.826911,9.51755,;258.826911,9.56766,;258.826911,9.61774,;258.826911,9.66785,;258.826911,9.71796,;258.826911,9.76806,;258.826911,9.81816,;258.826911,9.86827,;258.826911,9.9183,;258.826911,9.9684,;258.826911,10.0185,;258.826911,10.0686,;
inf,0.0501376,;inf,0.100185,;inf,0.150308,;496.900153,0.200394,;495.511272,0.250501,;391.671722,0.300583,;391.671722,0.350695,;340.497892,0.4008,;340.497892,0.450869,;340.497892,0.500991,;340.497892,0.551111,;340.497892,0.601198,;340.497892,0.651294,;340.497892,0.701381,;340.497892,0.751467,;340.497892,0.80154,;340.497892,0.851615,;301.426582,0.90172,;301.426582,0.951789,;301.426582,1.0019,;301.426582,1.05197,;301.426582,1.10209,;301.426582,1.15217,;301.426582,1.20229,;301.426582,1.25237,;301.426582,1.30248,;301.426582,1.35261,;301.426582,1.40272,;301.426582,1.4528,;301.426582,1.5029,;301.426582,1.55298,;301.426582,1.60309,;301.426582,1.65319,;301.426582,1.70329,;301.426582,1.75337,;301.426582,1.8035,;301.426582,1.85361,;301.426582,1.90368,;301.426582,1.95377,;301.426582,2.00387,;301.426582,2.05394,;301.426582,2.10402,;301.426582,2.15413,;301.426582,2.20422,;301.426582,2.25433,;301.426582,2.30441,;301.426582,2.35452,;301.426582,2.4046,;301.426582,2.45467,;301.426582,2.50476,;301.426582,2.55487,;301.426582,2.60498,;301.426582,2.65509,;301.426582,2.7052,;301.426582,2.75531,;301.426582,2.80541,;301.426582,2.85552,;301.426582,2.90562,;301.426582,2.95569,;301.426582,3.00578,;301.426582,3.05586,;301.426582,3.10597,;301.426582,3.15606,;301.426582,3.20617,;301.426582,3.25625,;301.426582,3.30636,;301.426582,3.35646,;301.426582,3.40654,;301.426582,3.45665,;254.396915,3.50675,;254.396915,3.55686,;254.396915,3.60697,;254.396915,3.65707,;254.396915,3.70717,;254.396915,3.75727,;254.396915,3.80739,;254.396915,3.8575,;254.396915,3.90761,;254.396915,3.95767,;254.396915,4.00778,;254.396915,4.05789,;254.396915,4.10797,;254.396915,4.15809,;254.396915,4.20819,;254.396915,4.25828,;254.396915,4.30839,;254.396915,4.35846,;254.396915,4.40856,;254.396915,4.45867,;254.396915,4.50877,;254.396915,4.55889,;254.396915,4.609,;254.396915,4.65912,;254.396915,4.70922,;254.396915,4.7593,;254.396915,4.80941,;254.396915,4.85956,;254.396915,4.90967,;254.396915,4.95977,;254.396915,5.00987,;254.396915,5.05995,;254.396915,5.11003,;254.396915,5.16011,;254.396915,5.2102,;254.396915,5.2603,;254.396915,5.31038,;254.396915,5.36049,;254.396915,5.4106,;254.396915,5.46067,;254.396915,5.51076,;254.396915,5.56084,;254.396915,5.61097,;254.396915,5.66107,;254.396915,5.71114,;254.396915,5.76126,;254.396915,5.81136,;254.396915,5.86147,;254.396915,5.91156,;254.396915,5.96163,;254.396915,6.0117,;254.396915,6.06177,;254.396915,6.11186,;254.396915,6.16193,;254.396915,6.21202,;254.396915,6.26214,;254.396915,6.31225,;254.396915,6.36235,;254.396915,6.41243,;254.396915,6.46255,;254.396915,6.51262,;254.396915,6.56271,;254.396915,6.61279,;254.396915,6.66289,;254.396915,6.71297,;254.396915,6.76309,;254.396915,6.8132,;254.396915,6.86331,;254.396915,6.91341,;254.396915,6.96348,;254.396915,7.01358,;254.396915,7.06367,;254.396915,7.11376,;254.396915,7.16379,;254.396915,7.2139,;254.396915,7.26402,;254.396915,7.31413,;254.396915,7.36423,;254.396915,7.41433,;254.396915,7.46446,;254.396915,7.51457,;254.396915,7.56465,;254.396915,7.61476,;254.396915,7.66487,;254.396915,7.71498,;254.396915,7.76509,;254.396915,7.8152,;254.396915,7.86531,;254.396915,7.9154,;254.396915,7.9655,;254.396915,8.01557,;254.396915,8.06565,;254.396915,8.11573,;254.396915,8.16584,;254.396915,8.21592,;254.396915,8.26604,;254.396915,8.31612,;254.396915,8.36623,;254.396915,8.41631,;254.396915,8.4664,;254.396915,8.51651,;254.396915,8.56661,;254.396915,8.6167,;254.396915,8.66678,;254.396915,8.71687,;254.396915,8.76699,;254.396915,8.81709,;254.396915,8.8672,;254.396915,8.91732,;254.396915,8.96742,;254.396915,9.01753,;254.396915,9.0676,;254.396915,9.11771,;254.396915,9.16779,;254.396915,9.2179,;254.396915,9.26802,;254.396915,9.31813,;254.396915,9.36823,;254.396915,9.41833,;254.396915,9.46841,;254.396915,9.51852,;254.396915,9.5686,;254.396915,9.61872,;254.396915,9.66883,;254.396915,9.71894,;254.396915,9.76905,;254.396915,9.81914,;254.396915,9.86925,;254.396915,9.91936,;254.396915,9.96946,;254.396915,10.0196,;254.396915,10.0697,;
504.523961,0.0500744,;504.523961,0.10019,;434.119015,0.150261,;434.119015,0.200375,;434.119015,0.250455,;434.119015,0.300541,;434.119015,0.350651,;434.119015,0.400754,;434.067664,0.450856,;434.067664,0.50096,;434.067664,0.551084,;434.067664,0.60119,;407.259510,0.651301,;407.259510,0.701412,;404.004737,0.75148,;378.575937,0.801548,;378.575937,0.851652,;378.575937,0.901757,;378.575937,0.951865,;378.575937,1.00195,;360.532194,1.05206,;360.532194,1.10214,;360.532194,1.15225,;360.532194,1.20235,;360.532194,1.25247,;360.532194,1.30258,;360.532194,1.35268,;360.532194,1.40277,;360.532194,1.45287,;360.532194,1.50298,;360.532194,1.55308,;360.532194,1.60319,;360.532194,1.65327,;360.532194,1.70339,;360.532194,1.75345,;360.532194,1.80355,;301.448922,1.85364,;301.448922,1.90376,;301.448922,1.95385,;301.448922,2.00396,;301.448922,2.05403,;296.683052,2.10414,;296.683052,2.15424,;296.683052,2.20435,;296.683052,2.25446,;296.683052,2.30456,;296.683052,2.35466,;296.683052,2.40478,;296.683052,2.45486,;296.683052,2.50497,;296.683052,2.55508,;296.683052,2.60519,;296.683052,2.65531,;296.683052,2.70539,;296.683052,2.7555,;296.683052,2.80556,;296.683052,2.85567,;296.683052,2.90575,;296.683052,2.95586,;296.683052,3.00594,;296.683052,3.05605,;296.683052,3.10614,;296.683052,3.15621,;296.683052,3.2063,;273.535165,3.2564,;273.535165,3.30653,;273.535165,3.35662,;273.535165,3.40669,;273.535165,3.45678,;273.535165,3.50684,;273.535165,3.55692,;273.535165,3.607,;273.535165,3.65708,;273.535165,3.70719,;273.535165,3.75727,;273.535165,3.80734,;273.535165,3.85741,;273.535165,3.90752,;273.535165,3.95759,;273.535165,4.00771,;273.535165,4.05778,;273.535165,4.10791,;260.851309,4.15799,;260.851309,4.2081,;260.851309,4.25819,;260.851309,4.30829,;260.851309,4.35838,;260.851309,4.40849,;260.851309,4.4586,;260.851309,4.50867,;260.851309,4.55879,;260.851309,4.60887,;260.851309,4.65896,;260.851309,4.70905,;260.851309,4.75915,;260.851309,4.80923,;260.851309,4.85933,;260.851309,4.9094,;260.851309,4.9595,;260.851309,5.00961,;260.851309,5.05971,;260.851309,5.10982,;260.851309,5.15994,;260.851309,5.21004,;260.851309,5.26015,;260.851309,5.31025,;260.851309,5.36035,;260.851309,5.41042,;260.851309,5.46052,;260.851309,5.5106,;260.294319,5.56068,;260.294319,5.6108,;260.294319,5.66091,;260.294319,5.71098,;260.294319,5.76108,;260.294319,5.8112,;260.294319,5.86126,;260.294319,5.91137,;260.294319,5.96144,;260.294319,6.01155,;260.294319,6.06163,;260.294319,6.11174,;260.294319,6.16185,;260.294319,6.21196,;260.294319,6.26205,;260.294319,6.31217,;260.294319,6.36226,;260.294319,6.41237,;260.294319,6.46245,;260.294319,6.51258,;260.294319,6.56269,;260.294319,6.6128,;260.294319,6.66288,;260.294319,6.713,;260.294319,6.76311,;260.294319,6.81321,;260.294319,6.86332,;260.294319,6.91338,;260.294319,6.96349,;260.294319,7.01356,;260.294319,7.06368,;260.294319,7.11374,;260.294319,7.16383,;260.294319,7.21392,;260.294319,7.26401,;260.294319,7.3141,;260.294319,7.36419,;260.294319,7.4143,;260.294319,7.46442,;260.294319,7.51452,;260.294319,7.56464,;260.294319,7.61479,;260.294319,7.66491,;260.294319,7.71499,;260.294319,7.76511,;260.294319,7.81519,;260.294319,7.86532,;260.294319,7.91542,;260.294319,7.96549,;260.294319,8.0156,;260.294319,8.06568,;260.294319,8.11576,;260.294319,8.16588,;260.294319,8.216,;260.294319,8.26608,;260.294319,8.31619,;260.294319,8.36632,;260.294319,8.41643,;260.294319,8.46654,;260.294319,8.51664,;260.294319,8.56678,;260.294319,8.6169,;260.294319,8.66702,;260.294319,8.71711,;260.294319,8.76722,;260.294319,8.81731,;260.294319,8.86742,;260.294319,8.91749,;260.294319,8.9676,;260.294319,9.01768,;260.294319,9.0678,;260.294319,9.11789,;260.294319,9.168,;260.294319,9.21808,;260.294319,9.26819,;260.294319,9.3183,;260.294319,9.36838,;260.294319,9.41847,;260.294319,9.46857,;260.294319,9.51868,;260.294319,9.56879,;260.294319,9.6189,;260.294319,9.66901,;260.294319,9.71911,;260.294319,9.76922,;259.835764,9.81932,;259.835764,9.86943,;259.835764,9.91954,;259.835764,9.96964,;259.835764,10.0197,;
610.402853,0.0501404,;519.567051,0.100255,;519.567051,0.150372,;519.567051,0.200477,;479.707705,0.250583,;479.707705,0.300692,;479.707705,0.350749,;479.707705,0.400853,;479.707705,0.450923,;479.707705,0.501044,;461.741542,0.551133,;461.741542,0.601229,;451.110352,0.651322,;451.110352,0.701444,;451.110352,0.751528,;451.110352,0.801633,;451.110352,0.851735,;451.110352,0.901838,;394.939632,0.951924,;394.939632,1.00201,;394.939632,1.0521,;394.939632,1.10222,;394.939632,1.15232,;394.939632,1.20242,;394.939632,1.25254,;394.939632,1.30265,;346.903957,1.35274,;346.903957,1.40281,;324.226637,1.45289,;324.226637,1.50297,;324.226637,1.55308,;324.226637,1.60317,;324.226637,1.65325,;301.320089,1.70335,;301.320089,1.75345,;301.320089,1.80354,;301.320089,1.85361,;296.388083,1.90373,;296.388083,1.95383,;296.388083,2.00394,;296.388083,2.05405,;296.388083,2.10418,;296.388083,2.15429,;296.388083,2.2044,;296.388083,2.2545,;296.388083,2.30461,;296.388083,2.35471,;296.388083,2.40483,;296.388083,2.4549,;296.388083,2.505,;296.388083,2.5551,;296.388083,2.60519,;296.388083,2.65528,;294.285197,2.70539,;294.285197,2.7555,;294.285197,2.8056,;294.285197,2.85568,;294.285197,2.90579,;294.285197,2.95587,;294.285197,3.00595,;294.285197,3.05603,;294.285197,3.10613,;294.059685,3.15622,;294.059685,3.20637,;294.059685,3.25647,;294.059685,3.30658,;294.059685,3.35665,;294.059685,3.40674,;294.059685,3.45684,;294.059685,3.50691,;294.059685,3.55703,;294.059685,3.60711,;294.059685,3.65723,;294.059685,3.70732,;294.059685,3.75742,;294.059685,3.8075,;294.059685,3.85761,;294.059685,3.90771,;294.059685,3.95781,;294.059685,4.00788,;294.059685,4.05796,;294.059685,4.10808,;294.059685,4.15815,;294.059685,4.20825,;281.711494,4.25836,;281.711494,4.30844,;281.711494,4.35855,;281.711494,4.40862,;281.711494,4.45873,;281.711494,4.50881,;281.711494,4.55889,;281.711494,4.609,;281.711494,4.6591,;281.711494,4.70921,;281.711494,4.75929,;281.711494,4.8094,;281.711494,4.85948,;281.711494,4.90956,;281.711494,4.95965,;281.711494,5.00976,;281.711494,5.05984,;281.711494,5.10993,;281.711494,5.16,;281.711494,5.21008,;281.711494,5.26017,;269.973231,5.31029,;269.973231,5.36039,;269.973231,5.41049,;269.973231,5.46056,;269.973231,5.51066,;269.973231,5.56072,;268.764820,5.61078,;268.764820,5.66088,;268.764820,5.71095,;268.764820,5.76103,;268.764820,5.81112,;268.764820,5.86122,;268.764820,5.9113,;268.764820,5.96141,;268.764820,6.0115,;268.764820,6.06161,;268.764820,6.1117,;268.764820,6.16181,;268.764820,6.2119,;268.764820,6.262,;268.764820,6.31207,;268.764820,6.36218,;268.764820,6.41229,;268.764820,6.46239,;268.764820,6.5125,;268.764820,6.56258,;268.764820,6.61269,;268.764820,6.66278,;268.764820,6.71289,;268.764820,6.76299,;268.764820,6.81309,;268.764820,6.86318,;268.764820,6.91328,;268.764820,6.96337,;268.764820,7.01347,;268.764820,7.06356,;268.764820,7.11366,;268.764820,7.16375,;268.764820,7.21385,;268.764820,7.26394,;266.957065,7.31405,;266.957065,7.36413,;266.957065,7.41425,;266.957065,7.46435,;266.957065,7.51445,;266.957065,7.56456,;266.957065,7.61465,;266.957065,7.66472,;266.957065,7.71477,;266.957065,7.76485,;266.957065,7.81493,;266.957065,7.86499,;266.957065,7.91506,;266.957065,7.96516,;266.957065,8.01524,;266.957065,8.06533,;266.957065,8.11542,;266.957065,8.1655,;265.321031,8.21558,;265.321031,8.26569,;265.321031,8.31577,;265.321031,8.36586,;265.321031,8.41596,;265.321031,8.46605,;265.321031,8.51616,;265.321031,8.56624,;265.321031,8.61633,;265.321031,8.66641,;265.321031,8.71649,;265.321031,8.7666,;265.321031,8.8167,;265.321031,8.86678,;265.321031,8.91689,;265.321031,8.96696,;265.321031,9.01705,;265.321031,9.06713,;265.321031,9.11725,;265.321031,9.16733,;265.321031,9.2174,;265.321031,9.26748,;265.321031,9.3176,;265.321031,9.36768,;265.321031,9.41778,;265.321031,9.46786,;265.321031,9.51798,;265.321031,9.56809,;265.321031,9.61818,;265.321031,9.66828,;265.321031,9.71835,;265.321031,9.76845,;265.321031,9.81852,;265.321031,9.86862,;265.321031,9.91869,;265.321031,9.9688,;265.321031,10.0189,;265.321031,10.069,;
771.417397,0.0501016,;771.417397,0.100189,;771.417397,0.150298,;771.417397,0.200381,;443.919621,0.250491,;443.919621,0.30058,;443.919621,0.350691,;443.919621,0.400789,;443.919621,0.450894,;443.919621,0.500975,;443.919621,0.551093,;443.919621,0.6012,;370.248086,0.651318,;370.248086,0.701396,;370.248086,0.751469,;370.248086,0.801543,;370.248086,0.851629,;354.446603,0.901753,;354.446603,0.951812,;354.446603,1.00188,;354.446603,1.05196,;354.446603,1.10206,;354.446603,1.15215,;354.446603,1.20225,;354.446603,1.25233,;354.446603,1.30244,;354.446603,1.35251,;354.446603,1.40263,;354.446603,1.45271,;352.721446,1.50284,;341.746617,1.55291,;341.746617,1.60302,;341.746617,1.65314,;341.746617,1.70325,;341.746617,1.75335,;295.664463,1.80344,;295.664463,1.85355,;295.664463,1.90367,;295.664463,1.95378,;295.664463,2.00382,;295.664463,2.0539,;295.664463,2.10397,;295.664463,2.15407,;295.664463,2.20418,;295.664463,2.25429,;295.664463,2.3044,;295.664463,2.35455,;295.664463,2.40466,;295.664463,2.45477,;295.664463,2.50486,;295.664463,2.55498,;295.664463,2.60506,;295.664463,2.65514,;295.664463,2.70524,;295.664463,2.75532,;295.664463,2.8054,;295.664463,2.85551,;295.664463,2.90562,;295.664463,2.9557,;295.664463,3.00581,;295.664463,3.05588,;295.664463,3.10598,;295.664463,3.15606,;292.490292,3.20613,;292.490292,3.25623,;292.490292,3.30634,;292.490292,3.35642,;292.490292,3.40653,;292.490292,3.45662,;292.490292,3.50672,;292.490292,3.55681,;292.490292,3.60693,;292.490292,3.65701,;292.490292,3.70713,;292.490292,3.75721,;285.089120,3.80732,;285.089120,3.85741,;285.089120,3.90749,;285.089120,3.95761,;285.089120,4.00772,;285.089120,4.05783,;285.089120,4.1079,;285.089120,4.158,;285.089120,4.20809,;285.089120,4.2582,;285.089120,4.30829,;285.089120,4.35839,;285.089120,4.40849,;285.089120,4.45856,;285.089120,4.50865,;285.089120,4.55875,;285.089120,4.60885,;285.089120,4.65897,;283.788213,4.70906,;283.788213,4.75917,;283.788213,4.80928,;283.788213,4.8594,;283.788213,4.90949,;283.788213,4.95959,;283.788213,5.00969,;283.788213,5.05979,;283.788213,5.10991,;278.106643,5.15999,;278.106643,5.2101,;278.106643,5.26019,;278.106643,5.3103,;278.106643,5.36039,;278.106643,5.41051,;278.106643,5.46061,;278.106643,5.51072,;262.368566,5.56084,;262.368566,5.61095,;262.368566,5.66107,;262.368566,5.71122,;262.368566,5.76133,;262.368566,5.81143,;262.368566,5.86154,;262.368566,5.91162,;262.368566,5.96169,;262.368566,6.01176,;262.368566,6.06184,;262.368566,6.11193,;262.368566,6.16202,;262.368566,6.2121,;262.368566,6.26219,;262.368566,6.31228,;262.368566,6.36237,;262.368566,6.41246,;262.368566,6.46259,;262.368566,6.51268,;262.368566,6.56277,;262.368566,6.61286,;262.368566,6.66297,;262.368566,6.71309,;262.368566,6.7632,;262.368566,6.8133,;262.368566,6.86341,;262.368566,6.91348,;262.368566,6.96361,;262.368566,7.01369,;262.368566,7.06376,;262.368566,7.11388,;262.368566,7.16396,;262.368566,7.21408,;262.368566,7.26417,;262.368566,7.31429,;262.368566,7.36437,;262.368566,7.41449,;262.368566,7.46458,;262.368566,7.51469,;262.368566,7.5648,;262.368566,7.61491,;262.368566,7.66501,;262.368566,7.71511,;262.368566,7.76521,;262.368566,7.81528,;262.368566,7.86539,;262.368566,7.91547,;262.368566,7.96559,;262.368566,8.01569,;262.368566,8.0658,;262.368566,8.11587,;262.368566,8.16599,;262.368566,8.21606,;262.368566,8.2662,;262.368566,8.31628,;262.368566,8.3664,;262.368566,8.41648,;262.368566,8.46659,;262.368566,8.51667,;262.368566,8.56675,;262.368566,8.61685,;262.368566,8.66696,;262.368566,8.71704,;262.368566,8.7671,;262.368566,8.81717,;262.368566,8.86725,;262.368566,8.91733,;262.368566,8.96742,;262.368566,9.01753,;262.368566,9.06762,;262.368566,9.1177,;262.368566,9.16777,;262.368566,9.21787,;262.368566,9.26795,;262.368566,9.31803,;262.368566,9.36811,;262.368566,9.41823,;262.368566,9.46831,;262.368566,9.51839,;262.368566,9.56848,;262.368566,9.61855,;262.368566,9.66863,;262.368566,9.71874,;262.368566,9.76884,;262.368566,9.8189,;262.368566,9.86898,;262.368566,9.91905,;262.368566,9.96913,;262.368566,10.0192,;
inf,0.0500956,;inf,0.100205,;inf,0.150308,;inf,0.200411,;602.927923,0.25052,;546.081240,0.300623,;546.081240,0.350733,;410.686543,0.400804,;410.686543,0.450902,;410.686543,0.500976,;410.686543,0.55106,;410.686543,0.601151,;410.686543,0.651258,;410.686543,0.701366,;410.686543,0.751451,;410.686543,0.801553,;362.545588,0.85164,;353.985778,0.901761,;353.985778,0.951864,;353.985778,1.00197,;353.985778,1.05207,;353.985778,1.10218,;353.985778,1.15228,;353.985778,1.20239,;353.985778,1.2525,;353.985778,1.3026,;336.492842,1.3527,;336.492842,1.40281,;309.935007,1.45291,;309.935007,1.50298,;305.912672,1.55308,;305.912672,1.60315,;303.046051,1.65327,;303.046051,1.70334,;294.047086,1.75341,;294.047086,1.80349,;294.047086,1.8536,;294.047086,1.90369,;294.047086,1.9538,;287.765011,2.00389,;287.765011,2.054,;287.765011,2.1041,;287.765011,2.15421,;287.765011,2.20427,;287.765011,2.25438,;287.765011,2.30446,;287.765011,2.35455,;287.765011,2.40466,;287.765011,2.45478,;287.765011,2.50487,;287.765011,2.55493,;287.765011,2.60504,;287.765011,2.65511,;287.765011,2.70518,;287.765011,2.75526,;287.765011,2.80537,;287.765011,2.85546,;287.765011,2.90556,;287.765011,2.95564,;287.765011,3.00576,;287.765011,3.05587,;287.765011,3.10598,;287.765011,3.15608,;287.765011,3.2062,;285.813837,3.25628,;285.813837,3.30636,;285.813837,3.35645,;283.742780,3.40654,;283.742780,3.45661,;283.742780,3.50668,;283.742780,3.55675,;283.742780,3.60681,;283.742780,3.65688,;283.742780,3.70694,;283.742780,3.75701,;283.742780,3.80707,;273.449296,3.85716,;273.449296,3.90724,;273.449296,3.95733,;273.449296,4.00743,;273.449296,4.05753,;273.449296,4.10761,;273.449296,4.15769,;273.449296,4.20779,;273.449296,4.25788,;273.449296,4.30796,;273.449296,4.35805,;268.875770,4.40816,;268.875770,4.45827,;268.875770,4.50838,;268.875770,4.55847,;268.875770,4.60859,;268.875770,4.65868,;268.875770,4.70879,;268.875770,4.75891,;268.875770,4.80901,;268.875770,4.85908,;268.875770,4.90919,;268.875770,4.95927,;268.875770,5.00939,;268.875770,5.05946,;268.875770,5.10956,;268.875770,5.15963,;268.875770,5.2097,;268.875770,5.25977,;268.875770,5.30984,;268.875770,5.35991,;268.875770,5.40997,;268.875770,5.46004,;268.875770,5.51011,;268.875770,5.56018,;268.875770,5.61024,;268.875770,5.66031,;268.875770,5.71037,;268.875770,5.76045,;268.875770,5.81053,;268.875770,5.86067,;268.875770,5.91073,;268.875770,5.96078,;268.875770,6.01088,;268.875770,6.06096,;268.875770,6.11103,;268.875770,6.16112,;268.875770,6.2112,;268.875770,6.26132,;268.875770,6.31139,;268.875770,6.3615,;268.875770,6.41161,;268.875770,6.46172,;268.875770,6.51181,;268.875770,6.56192,;268.875770,6.61201,;268.875770,6.66214,;268.875770,6.71226,;268.875770,6.76237,;268.875770,6.81248,;268.875770,6.86259,;268.875770,6.91269,;268.875770,6.96277,;268.875770,7.01289,;268.875770,7.06295,;268.875770,7.11305,;268.875770,7.16316,;268.875770,7.21323,;268.875770,7.2633,;268.875770,7.31337,;268.875770,7.36344,;268.875770,7.41351,;268.875770,7.46358,;268.875770,7.51365,;268.875770,7.56372,;268.875770,7.61379,;268.875770,7.66385,;268.875770,7.71392,;268.875770,7.76399,;268.875770,7.8141,;268.875770,7.86418,;268.875770,7.91429,;268.875770,7.96437,;268.875770,8.01445,;268.875770,8.06457,;268.875770,8.11465,;268.875770,8.16476,;268.875770,8.21487,;268.875770,8.26498,;268.875770,8.31508,;268.875770,8.36518,;268.875770,8.41527,;268.875770,8.46538,;268.875770,8.51546,;268.875770,8.56554,;268.875770,8.61563,;268.875770,8.66572,;268.875770,8.71582,;268.875770,8.76589,;268.875770,8.81597,;268.875770,8.86609,;262.474807,8.91617,;262.474807,8.96628,;262.474807,9.01638,;262.474807,9.06646,;262.474807,9.11658,;262.474807,9.16667,;262.474807,9.21679,;262.474807,9.2669,;262.474807,9.317,;262.474807,9.36707,;262.474807,9.41718,;262.474807,9.46726,;262.474807,9.51737,;262.474807,9.56746,;262.474807,9.61756,;262.474807,9.66764,;262.474807,9.71775,;262.474807,9.76784,;262.474807,9.81794,;262.474807,9.86802,;262.474807,9.91813,;262.474807,9.96823,;262.474807,10.0183,;262.474807,10.0684,;
inf,0.0500582,;526.731603,0.100168,;512.009253,0.150242,;512.009253,0.200354,;486.117929,0.250442,;486.117929,0.300557,;480.358965,0.350637,;480.358965,0.400746,;480.358965,0.450826,;430.640602,0.500911,;430.640602,0.551036,;430.640602,0.60115,;430.640602,0.65124,;430.640602,0.701353,;327.961450,0.751459,;327.961450,0.801561,;327.961450,0.851667,;324.121622,0.90176,;324.121622,0.951858,;324.121622,1.00196,;314.252809,1.05205,;314.252809,1.10209,;305.182754,1.15219,;305.182754,1.20226,;305.182754,1.25234,;305.182754,1.30243,;305.182754,1.35252,;305.182754,1.4026,;305.182754,1.4527,;302.519278,1.50279,;302.519278,1.55287,;302.519278,1.60296,;302.519278,1.65302,;302.519278,1.70311,;302.519278,1.75321,;302.519278,1.80331,;302.519278,1.8534,;302.519278,1.9035,;302.519278,1.95359,;302.519278,2.00368,;302.519278,2.05378,;302.519278,2.10387,;302.519278,2.15397,;302.519278,2.20407,;302.519278,2.25414,;302.519278,2.30421,;302.519278,2.35428,;302.519278,2.40436,;291.302647,2.45443,;291.302647,2.50451,;291.302647,2.55459,;291.302647,2.60468,;291.302647,2.65477,;291.302647,2.70486,;291.302647,2.75494,;291.302647,2.80503,;291.302647,2.85511,;291.302647,2.9052,;291.302647,2.95528,;286.041324,3.00537,;286.041324,3.05547,;286.041324,3.10555,;286.041324,3.15563,;286.041324,3.20573,;286.041324,3.25581,;286.041324,3.30588,;286.041324,3.35596,;286.041324,3.40605,;286.041324,3.45615,;286.041324,3.50625,;286.041324,3.55636,;286.041324,3.60646,;286.041324,3.65653,;286.041324,3.70661,;286.041324,3.75672,;286.041324,3.80682,;286.041324,3.85693,;286.041324,3.90704,;286.041324,3.95715,;286.041324,4.00725,;286.041324,4.05738,;286.041324,4.10749,;286.041324,4.15763,;286.041324,4.20777,;286.041324,4.25787,;286.041324,4.30798,;286.041324,4.35804,;286.041324,4.40814,;286.041324,4.45821,;286.041324,4.50827,;286.041324,4.55838,;286.041324,4.60849,;286.041324,4.65858,;286.041324,4.70866,;286.041324,4.75874,;286.041324,4.80885,;286.041324,4.85893,;286.041324,4.90903,;286.041324,4.95911,;286.041324,5.00919,;286.041324,5.05929,;286.041324,5.1094,;286.041324,5.15951,;286.041324,5.20962,;286.041324,5.25972,;286.041324,5.30982,;286.041324,5.35993,;286.041324,5.41005,;286.041324,5.46016,;286.041324,5.51023,;286.041324,5.56034,;286.041324,5.61042,;286.041324,5.66052,;286.041324,5.7106,;286.041324,5.76071,;279.105511,5.8108,;279.105511,5.86091,;279.105511,5.91099,;279.105511,5.9611,;279.105511,6.01118,;279.105511,6.06128,;279.105511,6.11139,;279.105511,6.1615,;279.105511,6.2116,;279.105511,6.2617,;279.105511,6.31182,;279.105511,6.36192,;279.105511,6.41203,;279.105511,6.46209,;279.105511,6.5122,;279.105511,6.56227,;279.105511,6.61238,;279.105511,6.66247,;279.105511,6.71259,;279.105511,6.7627,;279.105511,6.81278,;279.105511,6.86287,;279.105511,6.91298,;268.238883,6.96309,;268.238883,7.01319,;268.238883,7.06329,;268.238883,7.11341,;268.238883,7.16352,;268.238883,7.21362,;268.238883,7.26374,;268.238883,7.31384,;268.238883,7.36391,;268.238883,7.41402,;268.238883,7.46414,;268.238883,7.51421,;268.238883,7.56431,;268.238883,7.61439,;268.238883,7.6645,;268.238883,7.71458,;268.238883,7.76465,;268.238883,7.81473,;268.238883,7.86483,;268.238883,7.91491,;268.238883,7.96499,;268.238883,8.01507,;268.238883,8.06518,;268.238883,8.11525,;268.238883,8.16536,;268.238883,8.21543,;268.238883,8.26554,;268.238883,8.31561,;268.238883,8.36569,;268.238883,8.41577,;268.238883,8.46584,;268.238883,8.51591,;268.238883,8.566,;268.238883,8.61613,;268.238883,8.66621,;268.238883,8.71629,;268.238883,8.76637,;268.238883,8.81646,;268.238883,8.86655,;268.238883,8.91664,;268.238883,8.96672,;268.238883,9.01683,;268.238883,9.06691,;268.238883,9.11701,;268.238883,9.16709,;268.238883,9.2172,;268.238883,9.2673,;268.238883,9.3174,;268.238883,9.36747,;268.238883,9.41759,;268.238883,9.46766,;268.238883,9.51775,;268.238883,9.56786,;268.238883,9.61795,;268.238883,9.66804,;268.238883,9.7181,;268.238883,9.76821,;268.238883,9.81828,;268.238883,9.86838,;268.238883,9.91847,;268.238883,9.96858,;268.238883,10.0187,;
385.036682,0.050096,;385.036682,0.100206,;385.036682,0.150278,;385.036682,0.200384,;385.036682,0.250452,;385.036682,0.300567,;385.036682,0.350672,;385.036682,0.400777,;385.036682,0.45086,;347.610592,0.500968,;347.610592,0.55107,;347.610592,0.601172,;347.610592,0.65126,;339.253937,0.701371,;339.253937,0.751476,;339.253937,0.801576,;339.253937,0.851678,;339.253937,0.901785,;339.253937,0.95189,;339.253937,1.00199,;310.931637,1.05212,;310.931637,1.10223,;310.931637,1.15234,;310.931637,1.20245,;310.931637,1.25256,;310.931637,1.30263,;310.931637,1.35273,;310.931637,1.4028,;310.931637,1.45287,;310.931637,1.50295,;310.931637,1.55306,;310.931637,1.60316,;310.931637,1.65323,;310.931637,1.70335,;310.931637,1.75343,;310.931637,1.80351,;310.931637,1.85362,;310.931637,1.9037,;310.931637,1.95381,;310.931637,2.00388,;310.931637,2.05396,;310.931637,2.10407,;310.931637,2.15414,;310.931637,2.20427,;310.931637,2.25435,;310.931637,2.30446,;310.931637,2.35452,;310.931637,2.4046,;310.931637,2.45467,;310.931637,2.50474,;310.931637,2.55484,;310.931637,2.60495,;310.931637,2.65503,;310.931637,2.70512,;310.931637,2.75524,;310.931637,2.80536,;310.931637,2.85547,;310.931637,2.90556,;310.931637,2.95567,;310.931637,3.00574,;310.931637,3.05586,;310.931637,3.10594,;310.931637,3.15606,;310.931637,3.20614,;310.931637,3.25622,;310.931637,3.30632,;310.931637,3.35642,;310.931637,3.40649,;310.931637,3.45657,;310.931637,3.50664,;310.931637,3.55675,;310.931637,3.60682,;310.931637,3.65694,;310.931637,3.70701,;299.511107,3.75712,;299.511107,3.80718,;299.511107,3.85726,;287.172722,3.90733,;287.172722,3.95741,;287.172722,4.00748,;287.172722,4.05756,;287.172722,4.10767,;287.172722,4.15774,;287.172722,4.20785,;287.172722,4.25796,;287.172722,4.30807,;287.172722,4.35815,;287.172722,4.40825,;287.172722,4.45835,;287.172722,4.50846,;287.172722,4.55853,;287.172722,4.60862,;287.172722,4.65869,;287.172722,4.70879,;287.172722,4.7589,;287.172722,4.80897,;287.172722,4.85905,;287.172722,4.90918,;287.172722,4.9593,;287.172722,5.00942,;287.172722,5.05949,;287.172722,5.10963,;287.172722,5.1597,;287.172722,5.2098,;287.172722,5.2599,;287.172722,5.31001,;287.172722,5.36011,;287.172722,5.41021,;287.172722,5.46032,;287.172722,5.51043,;287.172722,5.56054,;287.172722,5.61065,;287.172722,5.66076,;287.172722,5.71083,;287.172722,5.76094,;287.172722,5.81104,;287.172722,5.86115,;287.172722,5.91125,;287.172722,5.96135,;268.137726,6.01145,;258.055773,6.06156,;258.055773,6.11167,;258.055773,6.16178,;258.055773,6.21188,;258.055773,6.26199,;258.055773,6.31211,;258.055773,6.36221,;258.055773,6.41231,;258.055773,6.46241,;258.055773,6.51252,;258.055773,6.5626,;258.055773,6.61273,;258.055773,6.66282,;258.055773,6.7129,;258.055773,6.76301,;258.055773,6.81311,;258.055773,6.86322,;258.055773,6.91332,;258.055773,6.96343,;258.055773,7.01354,;258.055773,7.06363,;258.055773,7.11374,;258.055773,7.16384,;258.055773,7.21394,;258.055773,7.26404,;258.055773,7.31415,;258.055773,7.36426,;258.055773,7.41436,;258.055773,7.46447,;258.055773,7.51457,;258.055773,7.56468,;258.055773,7.61477,;258.055773,7.66484,;258.055773,7.71493,;258.055773,7.76503,;258.055773,7.81513,;258.055773,7.86523,;258.055773,7.91534,;258.055773,7.96544,;258.055773,8.01555,;258.055773,8.06566,;258.055773,8.11576,;258.055773,8.16586,;258.055773,8.21596,;258.055773,8.26606,;258.055773,8.31617,;258.055773,8.36628,;258.055773,8.41638,;258.055773,8.46649,;258.055773,8.51659,;258.055773,8.56669,;258.055773,8.6168,;258.055773,8.66687,;258.055773,8.71698,;258.055773,8.76709,;258.055773,8.81717,;258.055773,8.86725,;258.055773,8.91732,;258.055773,8.9674,;258.055773,9.01749,;258.055773,9.06756,;258.055773,9.11764,;258.055773,9.16778,;258.055773,9.21785,;258.055773,9.26792,;258.055773,9.31803,;258.055773,9.36813,;258.055773,9.41823,;258.055773,9.46834,;258.055773,9.51846,;258.055773,9.56853,;258.055773,9.61864,;258.055773,9.66875,;258.055773,9.71885,;258.055773,9.76895,;258.055773,9.81906,;258.055773,9.86917,;258.055773,9.91927,;258.055773,9.96937,;258.055773,10.0195,;
inf,0.0500659,;643.422443,0.100183,;569.236890,0.150258,;569.236890,0.20036,;569.236890,0.250509,;569.236890,0.30058,;438.482976,0.35069,;438.482976,0.40077,;438.482976,0.450851,;414.587955,0.500952,;414.587955,0.551035,;414.587955,0.601128,;414.587955,0.651251,;414.587955,0.701322,;414.587955,0.751435,;414.587955,0.801518,;414.587955,0.851603,;340.660611,0.901711,;340.660611,0.95181,;340.660611,1.00191,;340.660611,1.05203,;340.660611,1.10213,;340.660611,1.15223,;340.660611,1.20231,;340.660611,1.25239,;340.660611,1.30249,;340.660611,1.35257,;340.660611,1.40265,;340.660611,1.4527,;323.566329,1.50278,;323.566329,1.55287,;323.566329,1.60297,;323.566329,1.65303,;323.566329,1.70314,;313.958215,1.75322,;313.958215,1.80333,;313.958215,1.8534,;313.958215,1.90352,;313.958215,1.9536,;313.958215,2.00371,;313.958215,2.05379,;313.958215,2.10391,;313.958215,2.15399,;313.958215,2.20411,;313.958215,2.25422,;313.958215,2.30433,;313.958215,2.35444,;313.958215,2.40451,;313.958215,2.45462,;313.958215,2.50469,;313.958215,2.55479,;313.958215,2.60486,;313.958215,2.65498,;291.897676,2.70507,;286.539725,2.75519,;286.539725,2.80529,;286.539725,2.85539,;286.539725,2.90549,;286.539725,2.95557,;286.539725,3.00566,;286.539725,3.05578,;286.539725,3.10588,;286.539725,3.15598,;286.539725,3.20605,;286.539725,3.25613,;286.539725,3.30624,;286.539725,3.35636,;286.539725,3.40644,;286.539725,3.45651,;286.539725,3.50665,;286.539725,3.55673,;286.539725,3.60681,;286.539725,3.6569,;286.539725,3.70699,;286.539725,3.75708,;286.539725,3.80716,;286.539725,3.85725,;286.539725,3.90736,;286.539725,3.95744,;286.539725,4.00755,;286.539725,4.05764,;286.539725,4.10775,;286.539725,4.15783,;286.539725,4.20791,;286.539725,4.25803,;286.539725,4.30811,;286.539725,4.35823,;286.539725,4.40835,;286.539725,4.45845,;286.539725,4.50852,;286.539725,4.55862,;286.539725,4.60871,;286.539725,4.65883,;286.539725,4.70892,;286.539725,4.759,;286.539725,4.80909,;286.539725,4.85917,;286.539725,4.90926,;286.539725,4.95938,;286.539725,5.00946,;286.539725,5.05959,;286.539725,5.10969,;286.539725,5.15977,;286.539725,5.20985,;286.539725,5.25992,;286.539725,5.31004,;286.539725,5.36015,;286.539725,5.41025,;286.539725,5.46037,;286.539725,5.51047,;286.539725,5.56059,;286.539725,5.61069,;286.539725,5.66078,;286.539725,5.71089,;286.539725,5.76097,;286.539725,5.81108,;264.932064,5.86117,;264.932064,5.91124,;264.932064,5.96136,;264.932064,6.01147,;264.932064,6.06158,;264.932064,6.11168,;264.932064,6.16178,;264.932064,6.21187,;264.932064,6.26196,;264.932064,6.31206,;264.932064,6.36217,;264.932064,6.41227,;264.932064,6.46234,;264.932064,6.51239,;264.932064,6.56247,;264.932064,6.61254,;264.932064,6.66266,;264.932064,6.71278,;264.932064,6.76289,;264.932064,6.81298,;264.932064,6.86308,;264.932064,6.91316,;264.932064,6.96328,;264.932064,7.01337,;264.932064,7.06346,;264.932064,7.11354,;264.932064,7.16366,;264.932064,7.21373,;264.932064,7.26385,;264.932064,7.31395,;264.932064,7.36406,;264.932064,7.41414,;264.932064,7.46425,;264.932064,7.51435,;264.932064,7.56438,;264.932064,7.61446,;264.932064,7.66454,;264.932064,7.7146,;264.932064,7.76467,;264.932064,7.81481,;264.932064,7.86489,;264.932064,7.91499,;264.932064,7.96508,;264.932064,8.01519,;264.932064,8.06526,;264.932064,8.11536,;264.932064,8.16544,;264.932064,8.21553,;264.932064,8.26562,;264.932064,8.31573,;264.932064,8.36582,;264.932064,8.4159,;264.932064,8.46598,;264.932064,8.51607,;264.932064,8.56615,;264.932064,8.6163,;264.932064,8.66638,;264.932064,8.71646,;264.932064,8.76656,;264.932064,8.81665,;264.932064,8.86677,;264.932064,8.91685,;264.932064,8.96696,;264.932064,9.01704,;264.932064,9.06715,;264.932064,9.11723,;264.932064,9.16734,;264.932064,9.21741,;264.932064,9.26751,;264.932064,9.31759,;264.932064,9.36771,;264.932064,9.41779,;264.932064,9.46787,;264.932064,9.51797,;264.932064,9.56804,;264.932064,9.61812,;264.932064,9.66823,;264.932064,9.71833,;264.932064,9.7684,;264.932064,9.81847,;264.932064,9.86853,;264.932064,9.91861,;264.932064,9.9687,;264.932064,10.0188,;264.932064,10.0689,;
557.240088,0.0500673,;528.577497,0.10015,;365.244416,0.150239,;365.244416,0.200327,;365.244416,0.250446,;365.244416,0.300532,;365.244416,0.350613,;365.244416,0.400691,;365.244416,0.450776,;365.244416,0.50089,;365.244416,0.550976,;365.244416,0.601069,;343.453638,0.65115,;343.453638,0.701259,;343.453638,0.751336,;343.453638,0.801443,;343.453638,0.851509,;343.453638,0.901616,;343.453638,0.951704,;343.453638,1.00181,;336.339460,1.05189,;336.339460,1.10201,;336.339460,1.15209,;336.339460,1.20216,;336.339460,1.25227,;336.339460,1.30238,;336.339460,1.35248,;336.339460,1.40258,;316.160947,1.45268,;316.160947,1.50278,;316.160947,1.55289,;316.160947,1.60296,;316.160947,1.65306,;316.160947,1.70313,;316.160947,1.75323,;282.816823,1.8033,;282.816823,1.8534,;280.023096,1.90347,;280.023096,1.95356,;280.023096,2.00365,;280.023096,2.05376,;280.023096,2.10384,;271.665730,2.15391,;271.665730,2.20402,;271.665730,2.25412,;271.665730,2.3042,;271.665730,2.35429,;271.665730,2.40438,;271.665730,2.4545,;271.665730,2.50459,;271.665730,2.55467,;271.665730,2.60475,;271.665730,2.65487,;271.665730,2.70499,;271.665730,2.75507,;271.665730,2.80513,;271.665730,2.8552,;271.665730,2.9053,;271.665730,2.9554,;271.665730,3.00547,;271.665730,3.05558,;271.665730,3.10569,;271.665730,3.15578,;271.665730,3.2059,;271.665730,3.25602,;271.665730,3.30614,;271.665730,3.35624,;271.665730,3.40634,;271.665730,3.45644,;271.665730,3.50653,;271.665730,3.55662,;271.665730,3.60674,;271.665730,3.65686,;271.665730,3.70697,;271.665730,3.75705,;271.665730,3.80713,;271.665730,3.85724,;271.665730,3.90731,;271.665730,3.95743,;271.665730,4.00752,;271.665730,4.05764,;271.665730,4.10775,;271.665730,4.15786,;271.665730,4.20795,;271.665730,4.25806,;271.665730,4.30816,;271.665730,4.35826,;267.409434,4.40836,;267.409434,4.45849,;267.409434,4.50859,;267.409434,4.55871,;267.409434,4.60878,;267.409434,4.65887,;267.409434,4.70897,;267.409434,4.75907,;267.409434,4.80918,;267.409434,4.85929,;267.409434,4.90939,;267.409434,4.95948,;267.409434,5.00959,;267.409434,5.0597,;267.409434,5.1098,;267.409434,5.15991,;267.409434,5.21003,;267.409434,5.26014,;267.409434,5.31024,;267.409434,5.36035,;267.409434,5.41045,;267.409434,5.46055,;267.409434,5.51066,;267.409434,5.56076,;267.409434,5.61087,;267.409434,5.66098,;267.409434,5.71107,;267.409434,5.76117,;267.409434,5.81124,;267.409434,5.86134,;267.409434,5.91145,;267.409434,5.96154,;267.409434,6.01161,;267.409434,6.06168,;267.409434,6.11176,;267.409434,6.16185,;267.409434,6.21193,;267.409434,6.26201,;267.409434,6.31209,;267.409434,6.3622,;267.409434,6.41228,;267.409434,6.46236,;267.409434,6.51248,;267.409434,6.56259,;267.409434,6.61267,;267.409434,6.66275,;267.409434,6.71283,;267.409434,6.76291,;267.409434,6.81299,;267.409434,6.86305,;267.409434,6.91312,;267.409434,6.9632,;267.409434,7.01328,;267.409434,7.06335,;267.409434,7.11343,;267.409434,7.16351,;267.409434,7.21365,;267.409434,7.26374,;267.409434,7.31382,;267.409434,7.3639,;267.409434,7.41398,;267.409434,7.46405,;267.409434,7.51414,;267.409434,7.56422,;267.409434,7.61431,;267.409434,7.66439,;267.409434,7.71447,;267.409434,7.76455,;267.409434,7.81464,;267.409434,7.86472,;267.409434,7.9148,;267.409434,7.96489,;267.409434,8.01497,;267.409434,8.06506,;267.409434,8.11513,;267.409434,8.16522,;267.409434,8.2153,;267.409434,8.26539,;267.409434,8.31547,;267.409434,8.36555,;267.409434,8.41564,;267.409434,8.46572,;267.409434,8.5158,;267.409434,8.56589,;267.409434,8.61597,;267.409434,8.66605,;267.409434,8.71614,;267.409434,8.76622,;267.409434,8.81632,;267.409434,8.86643,;267.409434,8.9165,;267.409434,8.96658,;267.409434,9.01664,;267.409434,9.06678,;267.409434,9.11686,;267.409434,9.16694,;267.409434,9.21703,;267.409434,9.2671,;267.409434,9.31721,;267.409434,9.36728,;267.409434,9.41736,;267.409434,9.46745,;267.409434,9.51753,;267.409434,9.56761,;267.409434,9.61772,;267.409434,9.66781,;267.409434,9.71792,;267.409434,9.76803,;267.409434,9.81813,;267.409434,9.8682,;267.409434,9.91833,;267.409434,9.96844,;267.409434,10.0185,;
462.501713,0.0500952,;462.501713,0.100211,;462.501713,0.150296,;462.501713,0.200403,;462.130051,0.250506,;462.130051,0.300623,;462.130051,0.350727,;462.130051,0.400829,;409.928956,0.450931,;409.928956,0.501015,;409.928956,0.551084,;409.928956,0.601168,;409.928956,0.651267,;409.928956,0.701376,;409.928956,0.751468,;409.928956,0.801572,;409.928956,0.851656,;409.928956,0.901767,;322.802132,0.951871,;322.802132,1.00198,;322.802132,1.05206,;322.802132,1.10214,;322.802132,1.15223,;322.802132,1.20234,;322.802132,1.25241,;322.802132,1.30251,;322.802132,1.35261,;322.802132,1.40271,;302.094192,1.45281,;302.094192,1.50293,;302.094192,1.55302,;302.094192,1.60309,;302.094192,1.65316,;302.094192,1.70325,;302.094192,1.75335,;302.094192,1.80344,;302.094192,1.85355,;302.094192,1.90364,;302.094192,1.95375,;302.094192,2.00383,;302.094192,2.05394,;302.094192,2.10402,;302.094192,2.15413,;302.094192,2.20424,;302.094192,2.25434,;302.094192,2.30441,;289.181565,2.35452,;289.181565,2.40459,;289.181565,2.45469,;289.181565,2.5048,;289.181565,2.5549,;289.181565,2.60497,;289.181565,2.65506,;286.622347,2.70514,;286.622347,2.75525,;273.362957,2.80536,;273.362957,2.85548,;273.362957,2.90559,;273.362957,2.95567,;273.362957,3.00578,;273.362957,3.05589,;273.362957,3.106,;273.362957,3.15609,;273.362957,3.20617,;273.362957,3.25628,;273.362957,3.30638,;273.362957,3.35649,;273.362957,3.4066,;273.362957,3.45671,;273.362957,3.50682,;273.362957,3.55692,;273.362957,3.607,;273.362957,3.6571,;273.362957,3.70717,;273.362957,3.75729,;273.362957,3.8074,;273.362957,3.85751,;273.362957,3.9076,;273.362957,3.95771,;273.362957,4.00781,;273.362957,4.05791,;273.362957,4.108,;273.362957,4.15807,;273.362957,4.20818,;273.362957,4.25826,;273.362957,4.30837,;273.362957,4.35845,;273.362957,4.40856,;273.362957,4.45867,;273.362957,4.50874,;273.362957,4.55886,;273.362957,4.60898,;273.362957,4.65906,;273.362957,4.70917,;273.362957,4.75927,;273.362957,4.80937,;273.362957,4.85945,;273.362957,4.90956,;273.362957,4.95966,;273.362957,5.00977,;270.302255,5.05987,;270.302255,5.10995,;270.302255,5.16006,;270.302255,5.21016,;270.302255,5.26024,;270.302255,5.31034,;270.302255,5.36045,;270.302255,5.4105,;270.302255,5.4606,;270.302255,5.51067,;270.302255,5.56078,;270.302255,5.61084,;270.302255,5.66091,;270.302255,5.71098,;270.302255,5.76109,;270.302255,5.81116,;270.302255,5.86126,;270.302255,5.91135,;270.302255,5.96145,;270.302255,6.01152,;270.302255,6.06163,;270.302255,6.11171,;270.302255,6.16183,;270.302255,6.21193,;270.302255,6.26204,;270.302255,6.31212,;270.302255,6.36222,;270.302255,6.4123,;270.302255,6.46241,;270.302255,6.51252,;270.302255,6.56262,;265.428666,6.61274,;265.428666,6.66284,;265.428666,6.71296,;265.428666,6.76303,;265.428666,6.81314,;265.428666,6.86323,;265.428666,6.91333,;265.428666,6.96341,;265.428666,7.01349,;265.428666,7.06355,;265.428666,7.11366,;265.428666,7.16374,;265.428666,7.21385,;265.428666,7.26392,;265.428666,7.31404,;265.428666,7.36414,;265.428666,7.41424,;265.428666,7.46432,;265.428666,7.51441,;265.428666,7.56452,;265.428666,7.61461,;265.428666,7.6647,;265.428666,7.71479,;265.428666,7.76491,;265.428666,7.81497,;265.428666,7.86508,;265.428666,7.91516,;265.428666,7.96526,;265.428666,8.01534,;265.428666,8.06541,;265.428666,8.1155,;265.428666,8.16562,;265.428666,8.2157,;265.428666,8.26581,;265.428666,8.31592,;265.428666,8.36602,;265.428666,8.41613,;265.428666,8.46624,;265.428666,8.5163,;265.428666,8.56641,;265.428666,8.61652,;265.428666,8.6666,;265.428666,8.71672,;265.428666,8.7668,;265.428666,8.81689,;265.428666,8.86692,;265.428666,8.91704,;265.428666,8.9671,;265.428666,9.0172,;265.428666,9.06728,;265.428666,9.11739,;265.428666,9.16747,;265.428666,9.21755,;265.428666,9.26764,;265.428666,9.31775,;265.428666,9.36785,;265.428666,9.41799,;265.428666,9.4681,;265.428666,9.51821,;265.428666,9.56828,;265.428666,9.61839,;265.428666,9.66849,;265.428666,9.71859,;265.428666,9.76869,;265.428666,9.81876,;265.428666,9.86887,;265.428666,9.91893,;265.428666,9.96903,;265.428666,10.0191,;265.428666,10.0692,;
inf,0.0500595,;524.805914,0.100168,;524.805914,0.150272,;524.805914,0.200372,;524.805914,0.250475,;490.774056,0.300578,;490.774056,0.350646,;490.774056,0.400753,;490.774056,0.450837,;490.774056,0.500962,;490.774056,0.551064,;490.774056,0.601133,;367.645060,0.651215,;367.645060,0.701294,;367.645060,0.751379,;367.645060,0.801472,;367.645060,0.851576,;367.645060,0.901657,;367.645060,0.951774,;344.248238,1.00185,;344.248238,1.05197,;344.248238,1.10207,;344.248238,1.15218,;344.248238,1.20226,;344.248238,1.25234,;344.248238,1.30243,;344.248238,1.35252,;344.248238,1.40263,;344.248238,1.45273,;344.248238,1.50283,;331.093856,1.5529,;302.024488,1.60298,;302.024488,1.65305,;302.024488,1.70312,;302.024488,1.75319,;302.024488,1.8033,;302.024488,1.85338,;302.024488,1.90349,;302.024488,1.95357,;302.024488,2.00364,;302.024488,2.05372,;302.024488,2.10383,;302.024488,2.15396,;302.024488,2.20406,;302.024488,2.25417,;302.024488,2.30427,;302.024488,2.35435,;302.024488,2.40446,;302.024488,2.45454,;302.024488,2.50462,;302.024488,2.55473,;302.024488,2.6048,;302.024488,2.65493,;302.024488,2.705,;302.024488,2.75509,;302.024488,2.80516,;302.024488,2.85524,;302.024488,2.90533,;302.024488,2.95543,;302.024488,3.00551,;302.024488,3.05563,;302.024488,3.10572,;302.024488,3.1558,;302.024488,3.20588,;302.024488,3.25596,;302.024488,3.30603,;302.024488,3.35612,;302.024488,3.40619,;302.024488,3.45626,;302.024488,3.50634,;302.024488,3.55642,;302.024488,3.6065,;302.024488,3.65658,;302.024488,3.70664,;302.024488,3.75674,;302.024488,3.80684,;302.024488,3.85693,;302.024488,3.90704,;302.024488,3.95711,;302.024488,4.00718,;302.024488,4.05726,;302.024488,4.10735,;302.024488,4.15743,;302.024488,4.20754,;277.478946,4.25762,;277.478946,4.30773,;277.478946,4.35781,;277.478946,4.40791,;277.478946,4.45799,;277.478946,4.50807,;277.478946,4.55815,;277.478946,4.60826,;277.478946,4.65834,;277.478946,4.70846,;277.478946,4.75854,;277.478946,4.80865,;277.478946,4.85873,;277.478946,4.90881,;277.478946,4.9589,;277.478946,5.00898,;277.478946,5.0591,;277.478946,5.10918,;277.478946,5.15924,;277.478946,5.20931,;277.478946,5.2594,;277.478946,5.30947,;277.478946,5.35958,;277.478946,5.40968,;277.478946,5.45975,;277.478946,5.50983,;277.478946,5.55991,;277.478946,5.60997,;277.478946,5.66005,;277.478946,5.71015,;277.478946,5.76023,;273.027648,5.81035,;273.027648,5.86042,;273.027648,5.91051,;264.153736,5.96062,;264.153736,6.0107,;264.153736,6.0608,;264.153736,6.11091,;264.153736,6.16102,;264.153736,6.21112,;264.153736,6.26118,;264.153736,6.31125,;264.153736,6.36134,;264.153736,6.4114,;264.153736,6.46148,;264.153736,6.51159,;264.153736,6.56166,;264.153736,6.61176,;264.153736,6.66184,;264.153736,6.71192,;264.153736,6.76206,;264.153736,6.81218,;264.153736,6.86228,;264.153736,6.91238,;264.153736,6.96248,;264.153736,7.01258,;264.153736,7.06267,;264.153736,7.11278,;264.153736,7.16288,;264.153736,7.213,;264.153736,7.2631,;264.153736,7.31317,;264.153736,7.36327,;264.153736,7.41336,;264.153736,7.46347,;264.153736,7.51356,;264.153736,7.56367,;264.153736,7.61374,;264.153736,7.66384,;264.153736,7.71394,;264.153736,7.76403,;264.153736,7.81412,;264.153736,7.86423,;264.153736,7.91429,;264.153736,7.96442,;264.153736,8.01453,;264.153736,8.06463,;264.153736,8.11471,;264.153736,8.16481,;264.153736,8.21492,;264.153736,8.26497,;264.153736,8.31508,;264.153736,8.36514,;264.153736,8.41525,;264.153736,8.46536,;264.153736,8.51546,;264.153736,8.56554,;264.153736,8.61562,;264.153736,8.6657,;264.153736,8.71585,;264.153736,8.76593,;264.153736,8.81604,;264.153736,8.86612,;264.153736,8.91623,;264.153736,8.96636,;264.153736,9.01647,;264.153736,9.06657,;264.153736,9.11668,;264.153736,9.16678,;264.153736,9.21689,;264.153736,9.267,;264.153736,9.31707,;264.153736,9.36717,;264.153736,9.41724,;264.153736,9.46734,;264.153736,9.51743,;264.153736,9.56753,;264.153736,9.61762,;264.153736,9.6677,;264.153736,9.71779,;264.153736,9.76788,;264.153736,9.818,;261.566883,9.86808,;261.566883,9.91818,;261.566883,9.96829,;261.566883,10.0184,;
inf,0.0500913,;603.580644,0.100192,;603.580644,0.150291,;603.580644,0.200393,;603.580644,0.250494,;603.580644,0.300561,;603.580644,0.350665,;603.580644,0.400782,;603.580644,0.450885,;603.580644,0.500968,;457.841010,0.551078,;452.811130,0.60116,;452.811130,0.651267,;452.811130,0.701359,;452.811130,0.751478,;452.811130,0.801584,;385.486282,0.85166,;385.486282,0.901747,;358.591907,0.951861,;358.591907,1.00197,;329.068177,1.05209,;329.068177,1.1022,;329.068177,1.15231,;329.068177,1.20238,;329.068177,1.25249,;324.503763,1.30259,;324.503763,1.35266,;320.134673,1.40277,;320.134673,1.45284,;320.134673,1.50292,;320.134673,1.55303,;320.134673,1.6031,;320.134673,1.6532,;320.134673,1.70331,;320.134673,1.75343,;320.134673,1.80353,;320.134673,1.8536,;320.134673,1.90368,;302.114106,1.95377,;302.114106,2.00384,;302.114106,2.05392,;302.114106,2.10402,;302.114106,2.15412,;302.114106,2.20422,;302.114106,2.25433,;302.114106,2.30443,;302.114106,2.3545,;302.114106,2.40458,;302.114106,2.45468,;302.114106,2.50475,;302.114106,2.55486,;302.114106,2.60495,;300.997775,2.65503,;293.279082,2.70513,;293.279082,2.75524,;293.279082,2.80536,;293.279082,2.85547,;293.279082,2.90557,;293.279082,2.95568,;293.279082,3.00578,;293.279082,3.05589,;293.279082,3.10599,;293.279082,3.1561,;293.279082,3.2062,;293.279082,3.25631,;293.279082,3.30637,;293.279082,3.35648,;293.279082,3.40658,;293.279082,3.45662,;293.279082,3.50672,;293.279082,3.55679,;293.279082,3.6069,;293.279082,3.657,;293.279082,3.70711,;293.279082,3.7572,;293.279082,3.80731,;293.279082,3.85738,;293.279082,3.9075,;293.279082,3.95761,;293.279082,4.00772,;293.279082,4.05784,;293.279082,4.10791,;293.279082,4.15803,;293.279082,4.2081,;293.279082,4.25817,;293.279082,4.30826,;293.279082,4.35837,;293.279082,4.40847,;293.279082,4.45857,;293.279082,4.50864,;293.279082,4.55875,;293.279082,4.60882,;293.279082,4.65893,;293.279082,4.70902,;293.279082,4.75914,;293.279082,4.80926,;293.279082,4.85934,;293.279082,4.90944,;293.279082,4.95954,;293.279082,5.00965,;293.279082,5.05976,;293.279082,5.10986,;293.279082,5.15996,;293.279082,5.21007,;293.279082,5.26017,;293.279082,5.31028,;293.279082,5.36039,;289.122598,5.41049,;289.122598,5.46062,;289.122598,5.51072,;289.122598,5.56079,;289.122598,5.61089,;289.122598,5.66098,;289.122598,5.71105,;289.122598,5.76115,;289.122598,5.81122,;289.122598,5.8613,;289.122598,5.91141,;289.122598,5.96152,;289.122598,6.01159,;289.122598,6.06168,;289.122598,6.11179,;289.122598,6.16186,;284.034231,6.21194,;284.034231,6.26202,;284.034231,6.31212,;284.034231,6.36222,;284.034231,6.4123,;278.318841,6.46239,;278.318841,6.5125,;278.318841,6.56261,;278.318841,6.61268,;278.318841,6.66279,;278.318841,6.71285,;278.318841,6.76297,;278.318841,6.81306,;278.318841,6.86317,;278.318841,6.91325,;278.318841,6.96336,;278.318841,7.01344,;278.318841,7.06356,;277.600580,7.11364,;277.600580,7.16374,;277.600580,7.21384,;277.600580,7.26391,;277.600580,7.31399,;277.600580,7.3641,;277.600580,7.41417,;277.600580,7.46428,;268.915751,7.51438,;268.915751,7.56449,;268.915751,7.61459,;268.915751,7.66466,;268.915751,7.71476,;268.915751,7.76484,;268.915751,7.81494,;268.915751,7.86504,;268.915751,7.91515,;268.915751,7.96529,;258.635582,8.0154,;258.635582,8.0655,;258.635582,8.11561,;258.635582,8.16571,;258.635582,8.21581,;258.635582,8.26591,;258.635582,8.31601,;258.635582,8.36612,;258.635582,8.41622,;258.635582,8.46632,;258.635582,8.51645,;258.635582,8.56655,;258.635582,8.61662,;258.635582,8.66672,;258.635582,8.71679,;258.635582,8.7669,;258.635582,8.81697,;258.635582,8.86712,;258.635582,8.91723,;258.635582,8.96733,;258.635582,9.0174,;258.635582,9.06747,;258.635582,9.11755,;258.635582,9.16765,;258.635582,9.21772,;258.635582,9.26782,;258.635582,9.31788,;258.635582,9.36798,;258.635582,9.41805,;258.635582,9.46812,;258.635582,9.51821,;258.635582,9.56832,;258.635582,9.61841,;258.635582,9.66853,;258.635582,9.7186,;255.213277,9.76868,;255.213277,9.81875,;255.213277,9.86883,;255.213277,9.91893,;255.213277,9.96901,;255.213277,10.0191,;
490.094950,0.0500552,;490.094950,0.100164,;464.869171,0.15024,;464.869171,0.200319,;464.869171,0.250393,;464.869171,0.300502,;464.869171,0.35057,;464.869171,0.400644,;388.743833,0.450723,;388.743833,0.500805,;388.743833,0.550915,;388.743833,0.600983,;331.880656,0.651057,;331.880656,0.70115,;331.880656,0.751231,;331.880656,0.801277,;331.880656,0.851353,;331.880656,0.901438,;331.880656,0.951519,;331.880656,1.00161,;331.880656,1.05168,;331.880656,1.10175,;331.880656,1.15187,;331.880656,1.20193,;331.880656,1.25204,;331.880656,1.30212,;331.880656,1.35223,;325.605360,1.40234,;325.605360,1.45243,;325.605360,1.50253,;325.605360,1.55261,;325.605360,1.60268,;325.605360,1.6528,;325.605360,1.70289,;325.605360,1.75296,;291.889209,1.80307,;285.246030,1.85314,;285.246030,1.90327,;285.246030,1.95335,;285.246030,2.00346,;285.246030,2.05355,;285.246030,2.10366,;285.246030,2.15377,;285.246030,2.20387,;285.246030,2.25397,;283.049835,2.30408,;283.049835,2.35418,;283.049835,2.40429,;283.049835,2.45441,;283.049835,2.50451,;283.049835,2.55461,;283.049835,2.6047,;283.049835,2.65478,;283.049835,2.70486,;283.049835,2.75499,;283.049835,2.80506,;283.049835,2.85517,;283.049835,2.90526,;283.049835,2.95537,;283.049835,3.00545,;283.049835,3.05556,;283.049835,3.10564,;283.049835,3.15572,;283.049835,3.20585,;283.049835,3.25595,;283.049835,3.30602,;273.720927,3.35609,;273.720927,3.40619,;273.720927,3.45629,;273.720927,3.50639,;273.720927,3.55649,;273.720927,3.60657,;273.720927,3.65669,;273.720927,3.70681,;273.720927,3.75688,;273.720927,3.80698,;273.720927,3.85705,;273.720927,3.90717,;273.720927,3.9573,;273.720927,4.00738,;273.720927,4.05747,;273.720927,4.10755,;273.720927,4.15764,;273.720927,4.20776,;273.720927,4.25783,;273.720927,4.30794,;273.720927,4.35803,;273.720927,4.40814,;273.720927,4.4582,;273.720927,4.50831,;273.720927,4.55841,;273.720927,4.6085,;273.720927,4.6586,;273.720927,4.7087,;273.720927,4.75881,;273.720927,4.80889,;273.720927,4.85901,;273.720927,4.90907,;273.720927,4.95918,;273.720927,5.00926,;262.673867,5.05938,;262.673867,5.10946,;262.673867,5.15956,;262.673867,5.20964,;262.673867,5.25975,;262.673867,5.30985,;262.673867,5.35995,;262.673867,5.41004,;262.673867,5.46014,;262.673867,5.51024,;262.673867,5.56032,;262.673867,5.61043,;262.673867,5.66053,;262.673867,5.71064,;262.673867,5.76074,;262.673867,5.81084,;262.673867,5.86091,;262.673867,5.91102,;262.673867,5.96109,;262.673867,6.01121,;262.673867,6.06129,;262.673867,6.1114,;262.673867,6.16148,;262.673867,6.21155,;262.673867,6.26163,;262.673867,6.31176,;262.673867,6.36187,;262.673867,6.41195,;262.673867,6.46202,;262.673867,6.51212,;262.673867,6.56219,;262.673867,6.61229,;262.673867,6.66238,;262.673867,6.71246,;262.673867,6.76259,;262.673867,6.81269,;262.673867,6.86281,;262.673867,6.91284,;262.673867,6.96295,;262.673867,7.01302,;262.673867,7.06313,;262.673867,7.11323,;262.673867,7.1633,;262.673867,7.2134,;262.673867,7.26348,;262.673867,7.31357,;262.673867,7.36368,;262.673867,7.41378,;262.673867,7.46388,;262.673867,7.51399,;262.673867,7.56409,;262.673867,7.61417,;262.673867,7.66428,;262.673867,7.71438,;262.673867,7.76449,;262.673867,7.81459,;262.673867,7.86469,;262.673867,7.9148,;262.673867,7.96485,;262.673867,8.01495,;262.673867,8.06502,;262.673867,8.11513,;262.673867,8.16523,;262.673867,8.21533,;262.673867,8.26541,;262.673867,8.31552,;262.673867,8.36561,;262.673867,8.41571,;262.673867,8.46578,;262.673867,8.51589,;262.673867,8.56597,;262.673867,8.61605,;262.673867,8.66617,;262.673867,8.71628,;262.673867,8.76634,;262.673867,8.81645,;262.673867,8.86655,;262.673867,8.91666,;262.673867,8.96673,;262.673867,9.01684,;262.673867,9.06695,;262.673867,9.11702,;262.673867,9.16709,;262.673867,9.2172,;262.673867,9.26731,;262.673867,9.31741,;262.673867,9.36748,;262.673867,9.41758,;262.673867,9.4677,;262.673867,9.51778,;262.673867,9.56786,;262.673867,9.61798,;262.673867,9.66808,;262.673867,9.71819,;262.673867,9.76826,;262.673867,9.81835,;262.673867,9.86846,;262.673867,9.91857,;262.673867,9.96864,;262.673867,10.0188,;262.673867,10.0689,;
452.152848,0.0500811,;441.961919,0.100194,;441.961919,0.150296,;357.497472,0.200397,;357.497472,0.250503,;357.497472,0.300571,;357.497472,0.350675,;357.497472,0.400778,;357.497472,0.450846,;325.718699,0.500956,;325.718699,0.551072,;325.718699,0.601156,;325.718699,0.651265,;325.718699,0.701345,;325.718699,0.751461,;301.723603,0.801537,;301.723603,0.851647,;301.723603,0.901721,;301.723603,0.951795,;301.723603,1.00187,;301.723603,1.05195,;301.723603,1.10204,;301.723603,1.15212,;301.723603,1.20223,;301.723603,1.25233,;301.723603,1.30245,;301.723603,1.35253,;301.723603,1.40263,;301.723603,1.45271,;301.723603,1.50283,;301.723603,1.55294,;301.723603,1.60305,;301.723603,1.65315,;301.723603,1.70322,;301.723603,1.75329,;301.723603,1.80336,;301.723603,1.85344,;301.723603,1.90352,;301.723603,1.9536,;301.723603,2.00368,;301.723603,2.05375,;301.723603,2.10383,;301.723603,2.15391,;301.723603,2.20401,;301.723603,2.25408,;301.723603,2.30415,;301.723603,2.35423,;301.723603,2.40432,;301.723603,2.4544,;301.723603,2.50448,;301.723603,2.55456,;301.723603,2.60467,;301.723603,2.65477,;301.723603,2.70486,;301.723603,2.75494,;301.723603,2.805,;301.723603,2.85507,;301.723603,2.90514,;301.723603,2.95521,;301.723603,3.00528,;301.723603,3.05535,;301.723603,3.10545,;301.723603,3.15553,;301.723603,3.20562,;301.723603,3.2557,;301.723603,3.30577,;301.723603,3.35587,;301.723603,3.40594,;301.723603,3.45602,;301.723603,3.50611,;301.723603,3.55618,;289.746731,3.6063,;289.746731,3.65637,;289.746731,3.70648,;289.746731,3.75654,;289.746731,3.80665,;289.746731,3.85672,;289.746731,3.90682,;289.746731,3.9569,;289.746731,4.00698,;289.746731,4.05704,;284.114833,4.10714,;284.114833,4.15721,;284.114833,4.20731,;284.114833,4.25738,;284.114833,4.30747,;284.114833,4.35755,;284.114833,4.40766,;284.114833,4.45774,;284.114833,4.50785,;284.114833,4.55794,;284.114833,4.60802,;284.114833,4.6581,;284.114833,4.70818,;284.114833,4.75827,;284.114833,4.80839,;284.114833,4.85848,;284.114833,4.9086,;276.518197,4.9587,;276.518197,5.00881,;276.518197,5.05891,;276.518197,5.10894,;274.511175,5.15904,;274.511175,5.20911,;274.511175,5.25921,;274.511175,5.30929,;274.511175,5.35939,;274.511175,5.40948,;274.511175,5.45958,;274.511175,5.50967,;274.511175,5.55978,;274.511175,5.60987,;274.511175,5.65997,;274.511175,5.71006,;274.511175,5.76016,;274.511175,5.81027,;267.588282,5.86038,;267.588282,5.91048,;267.588282,5.96058,;267.588282,6.01069,;267.588282,6.06079,;267.588282,6.1109,;267.588282,6.16099,;267.588282,6.2111,;267.588282,6.26117,;267.588282,6.31125,;267.588282,6.36134,;267.588282,6.41144,;267.588282,6.46153,;267.588282,6.5116,;267.588282,6.56168,;267.588282,6.6118,;267.588282,6.66189,;267.588282,6.71196,;267.588282,6.76206,;267.588282,6.81215,;267.588282,6.86224,;267.588282,6.91236,;267.588282,6.96247,;267.588282,7.01257,;267.588282,7.06267,;267.588282,7.11275,;267.588282,7.16286,;267.588282,7.21296,;267.588282,7.26306,;267.588282,7.31313,;267.588282,7.36323,;267.588282,7.41333,;267.588282,7.46344,;267.588282,7.51352,;267.588282,7.56361,;267.588282,7.6137,;267.588282,7.66379,;267.588282,7.7139,;267.588282,7.76398,;267.588282,7.81407,;267.588282,7.86418,;267.588282,7.91429,;267.588282,7.96439,;267.588282,8.01449,;267.588282,8.0646,;267.588282,8.1147,;267.588282,8.16482,;267.588282,8.2149,;267.588282,8.26496,;267.588282,8.31506,;267.588282,8.36513,;267.588282,8.41523,;267.588282,8.46532,;267.588282,8.51542,;267.588282,8.5655,;267.588282,8.61562,;267.588282,8.66571,;267.588282,8.71581,;267.588282,8.76589,;267.588282,8.81601,;267.588282,8.86609,;267.588282,8.91618,;267.588282,8.96628,;267.588282,9.01639,;267.588282,9.06646,;267.588282,9.11657,;264.656444,9.16667,;264.656444,9.21674,;264.656444,9.26684,;264.656444,9.31692,;264.656444,9.36702,;264.656444,9.41709,;264.656444,9.46719,;264.656444,9.51727,;264.656444,9.56736,;264.656444,9.61744,;264.656444,9.66753,;264.656444,9.71761,;264.656444,9.76772,;264.656444,9.8178,;264.656444,9.86788,;264.656444,9.91797,;264.656444,9.96808,;264.656444,10.0182,;264.656444,10.0683,;
503.850538,0.0500958,;475.290515,0.100201,;475.290515,0.150269,;475.290515,0.20034,;475.290515,0.250407,;475.290515,0.300515,;475.290515,0.350596,;475.290515,0.400672,;446.429502,0.450766,;446.429502,0.500878,;446.429502,0.550962,;364.511858,0.601071,;364.511858,0.651148,;364.511858,0.70126,;364.511858,0.751332,;364.511858,0.801408,;364.511858,0.851486,;364.511858,0.901627,;362.336321,0.951701,;362.336321,1.00177,;362.336321,1.05188,;339.936418,1.10195,;339.936418,1.15205,;339.936418,1.20215,;339.936418,1.25225,;339.936418,1.30234,;339.936418,1.35243,;339.936418,1.40251,;339.936418,1.45262,;339.936418,1.50273,;339.936418,1.55284,;339.936418,1.60293,;339.936418,1.65302,;321.063105,1.70311,;306.792366,1.75322,;306.792366,1.80332,;306.792366,1.85342,;306.792366,1.90353,;306.792366,1.9536,;306.792366,2.00367,;306.792366,2.05374,;306.792366,2.10384,;306.792366,2.15391,;306.792366,2.204,;306.792366,2.25409,;306.792366,2.30419,;306.792366,2.35428,;306.792366,2.40438,;306.792366,2.45447,;306.792366,2.50455,;306.792366,2.55464,;306.792366,2.60471,;306.792366,2.65479,;306.792366,2.70488,;306.792366,2.75498,;289.942329,2.80505,;289.942329,2.85513,;289.942329,2.90525,;289.942329,2.95536,;289.942329,3.00547,;289.942329,3.05558,;289.942329,3.10569,;289.942329,3.15579,;289.942329,3.20586,;289.942329,3.25594,;270.208839,3.30601,;270.208839,3.35612,;270.208839,3.4062,;270.208839,3.45631,;270.208839,3.50638,;270.208839,3.5565,;270.208839,3.60657,;270.208839,3.65667,;270.208839,3.70674,;270.208839,3.75685,;270.208839,3.80693,;270.208839,3.85702,;270.208839,3.90711,;270.208839,3.95722,;270.208839,4.00731,;270.208839,4.05744,;270.208839,4.10756,;270.208839,4.15767,;270.208839,4.20775,;270.208839,4.25784,;270.208839,4.30796,;270.208839,4.35808,;270.208839,4.40819,;270.208839,4.45828,;270.208839,4.50836,;270.208839,4.55847,;270.208839,4.60858,;270.208839,4.65867,;270.208839,4.70875,;270.208839,4.75884,;270.208839,4.80892,;270.208839,4.859,;270.208839,4.90908,;270.208839,4.95916,;270.208839,5.00923,;270.208839,5.05931,;270.208839,5.10938,;270.208839,5.15945,;270.208839,5.20953,;270.208839,5.2596,;270.208839,5.30967,;266.971642,5.35975,;266.971642,5.40982,;266.971642,5.45989,;266.971642,5.50995,;266.971642,5.56002,;266.971642,5.6101,;266.971642,5.66021,;266.971642,5.71029,;266.971642,5.76041,;266.971642,5.81049,;266.971642,5.86057,;266.971642,5.91068,;266.971642,5.96078,;266.971642,6.01085,;266.971642,6.06096,;266.971642,6.11103,;266.971642,6.16111,;266.971642,6.21119,;266.971642,6.26128,;266.971642,6.31134,;266.971642,6.36142,;266.971642,6.41154,;266.971642,6.46164,;266.971642,6.51178,;266.971642,6.56186,;266.971642,6.61196,;266.971642,6.66204,;266.971642,6.71215,;266.971642,6.76224,;266.971642,6.81235,;266.971642,6.86246,;266.971642,6.91256,;266.971642,6.96266,;266.971642,7.01276,;266.971642,7.06284,;266.971642,7.11295,;266.971642,7.16305,;266.971642,7.21312,;266.971642,7.26321,;266.971642,7.31335,;266.971642,7.36342,;266.971642,7.41351,;266.971642,7.46359,;266.971642,7.51367,;266.971642,7.56375,;266.971642,7.61382,;266.971642,7.66392,;266.971642,7.71399,;266.971642,7.76409,;266.971642,7.81422,;266.971642,7.8643,;266.971642,7.91439,;266.971642,7.96447,;266.971642,8.01455,;266.971642,8.06465,;266.971642,8.11473,;266.971642,8.16485,;266.971642,8.21494,;266.971642,8.26504,;266.971642,8.31515,;266.971642,8.36521,;266.971642,8.4153,;266.971642,8.4654,;266.971642,8.51549,;266.971642,8.56562,;258.599063,8.61573,;258.599063,8.6658,;258.599063,8.71587,;258.599063,8.76594,;258.599063,8.81606,;258.599063,8.86614,;258.599063,8.91625,;258.599063,8.96635,;258.599063,9.01646,;258.599063,9.06656,;258.599063,9.11666,;258.599063,9.16676,;258.599063,9.21687,;258.599063,9.26697,;258.599063,9.31708,;258.599063,9.36716,;258.599063,9.41727,;258.599063,9.46737,;258.599063,9.51748,;258.599063,9.56759,;258.599063,9.6177,;258.599063,9.6678,;258.599063,9.71788,;258.599063,9.76795,;258.599063,9.81805,;258.599063,9.86816,;258.599063,9.91824,;258.599063,9.96835,;258.599063,10.0185,;258.599063,10.0686,;
538.903117,0.0500931,;538.903117,0.100194,;522.103404,0.150275,;522.103404,0.200383,;522.103404,0.250488,;522.103404,0.300591,;451.140601,0.350694,;451.140601,0.400802,;451.140601,0.450916,;354.162164,0.501,;354.162164,0.551116,;354.162164,0.601376,;354.162164,0.651483,;354.162164,0.701564,;354.162164,0.751689,;354.162164,0.801767,;354.162164,0.851853,;334.318669,0.901933,;334.318669,0.952011,;334.318669,1.0021,;334.318669,1.05218,;334.318669,1.10225,;334.318669,1.15235,;334.318669,1.20243,;334.318669,1.25254,;334.318669,1.30263,;325.788152,1.35272,;323.654899,1.4028,;323.654899,1.45289,;323.654899,1.50297,;323.654899,1.55305,;323.654899,1.60313,;323.654899,1.65319,;323.654899,1.70328,;323.654899,1.75338,;323.654899,1.8035,;323.654899,1.85361,;323.654899,1.90371,;323.654899,1.95378,;323.654899,2.00384,;322.638353,2.05391,;322.638353,2.10398,;292.933267,2.15404,;292.933267,2.20411,;292.933267,2.25418,;292.933267,2.30425,;277.382846,2.35432,;277.382846,2.40439,;277.382846,2.45447,;277.382846,2.50454,;277.382846,2.55461,;277.382846,2.60469,;277.382846,2.65476,;277.382846,2.70483,;277.382846,2.75491,;277.382846,2.80499,;277.382846,2.85507,;277.382846,2.90514,;277.382846,2.95521,;277.382846,3.00528,;277.382846,3.05535,;277.382846,3.10542,;277.382846,3.15549,;276.856643,3.20555,;276.856643,3.25562,;276.856643,3.30569,;276.856643,3.35576,;276.856643,3.40583,;276.856643,3.45591,;276.856643,3.50598,;276.856643,3.55605,;276.856643,3.60612,;276.856643,3.6562,;276.856643,3.70627,;276.856643,3.75634,;276.856643,3.80641,;276.856643,3.85648,;276.856643,3.90654,;276.856643,3.95661,;276.856643,4.00668,;275.576977,4.05675,;275.576977,4.10682,;275.576977,4.15688,;275.576977,4.20696,;275.576977,4.25702,;275.576977,4.30709,;275.576977,4.35716,;275.576977,4.40723,;275.576977,4.4573,;275.576977,4.50737,;263.778263,4.55744,;263.778263,4.60751,;263.778263,4.65758,;263.778263,4.70768,;263.778263,4.75775,;263.778263,4.80786,;263.778263,4.85796,;263.778263,4.90804,;263.778263,4.95814,;263.778263,5.00822,;263.778263,5.05831,;263.778263,5.10841,;263.778263,5.1585,;263.778263,5.2086,;263.778263,5.25868,;263.778263,5.30878,;263.778263,5.35885,;263.778263,5.40893,;263.778263,5.45905,;263.778263,5.50914,;263.778263,5.55925,;263.778263,5.60931,;263.778263,5.65943,;263.778263,5.70954,;263.778263,5.75965,;263.778263,5.80973,;263.778263,5.8598,;263.778263,5.90988,;263.778263,5.96,;263.778263,6.01007,;263.778263,6.06018,;263.778263,6.11027,;263.778263,6.16037,;263.778263,6.21045,;263.778263,6.26056,;263.778263,6.31067,;263.778263,6.36075,;263.778263,6.41083,;263.778263,6.46095,;263.778263,6.51103,;263.778263,6.56114,;263.778263,6.61122,;263.778263,6.66129,;263.778263,6.7114,;263.778263,6.76147,;263.778263,6.81158,;263.778263,6.86167,;263.778263,6.91176,;263.778263,6.96188,;263.778263,7.01198,;263.778263,7.06207,;263.778263,7.11218,;263.778263,7.16226,;263.778263,7.21236,;263.778263,7.26248,;263.778263,7.31256,;263.778263,7.36267,;263.778263,7.41275,;263.778263,7.46286,;263.778263,7.51295,;263.778263,7.56303,;263.778263,7.61313,;263.778263,7.66321,;263.778263,7.71329,;263.778263,7.7634,;263.778263,7.81346,;263.778263,7.86356,;263.778263,7.91365,;263.778263,7.96375,;263.778263,8.01379,;263.778263,8.06387,;263.778263,8.11397,;263.778263,8.16407,;263.778263,8.21418,;263.778263,8.26429,;263.778263,8.31437,;263.778263,8.36448,;263.778263,8.41457,;263.778263,8.46464,;263.778263,8.51472,;263.778263,8.5648,;263.778263,8.61488,;263.778263,8.66496,;263.778263,8.71506,;263.778263,8.76514,;263.778263,8.81522,;263.778263,8.86529,;263.778263,8.9154,;263.778263,8.96547,;263.778263,9.01554,;263.778263,9.06563,;263.778263,9.11575,;263.778263,9.16585,;263.778263,9.21592,;263.778263,9.266,;263.778263,9.31607,;263.778263,9.36613,;263.778263,9.41624,;263.778263,9.46633,;263.778263,9.51643,;263.778263,9.5665,;263.778263,9.61661,;263.778263,9.66671,;263.778263,9.71678,;263.778263,9.76686,;263.778263,9.81694,;263.778263,9.86702,;263.778263,9.91713,;263.778263,9.96723,;263.778263,10.0173,;263.778263,10.0674,;
inf,0.0500954,;inf,0.100171,;inf,0.150255,;inf,0.200334,;512.361667,0.250413,;512.361667,0.300503,;512.361667,0.350581,;512.361667,0.400689,;512.361667,0.450755,;512.361667,0.500828,;512.361667,0.550902,;381.499705,0.601009,;381.499705,0.65112,;328.559065,0.701228,;328.559065,0.751339,;328.559065,0.801451,;328.559065,0.851527,;328.559065,0.901633,;328.559065,0.951705,;328.559065,1.00181,;307.792561,1.05189,;307.792561,1.102,;307.792561,1.15208,;307.792561,1.20219,;307.792561,1.25226,;307.792561,1.30235,;307.792561,1.35243,;307.792561,1.40252,;307.792561,1.45261,;307.792561,1.50272,;307.792561,1.5528,;273.913343,1.60289,;273.913343,1.65296,;273.913343,1.70307,;273.913343,1.75318,;273.913343,1.80328,;273.913343,1.85338,;273.913343,1.90343,;273.913343,1.95353,;273.913343,2.0036,;273.913343,2.0537,;273.913343,2.10378,;273.913343,2.15388,;273.913343,2.20396,;273.913343,2.25407,;273.913343,2.30416,;273.913343,2.35425,;273.913343,2.40433,;273.913343,2.45444,;273.913343,2.50455,;273.913343,2.55465,;273.913343,2.60476,;273.913343,2.65486,;273.913343,2.70497,;273.913343,2.75509,;273.913343,2.8052,;273.913343,2.85531,;273.913343,2.90542,;273.913343,2.95545,;273.913343,3.00555,;273.913343,3.05562,;273.913343,3.10573,;273.913343,3.15581,;273.913343,3.20588,;273.913343,3.25597,;273.913343,3.30606,;273.913343,3.35615,;273.913343,3.40624,;273.913343,3.45632,;273.913343,3.50643,;273.913343,3.55653,;273.913343,3.60663,;273.913343,3.65673,;273.913343,3.70683,;273.913343,3.7569,;273.913343,3.80701,;273.913343,3.85709,;273.913343,3.90721,;273.913343,3.95731,;273.913343,4.00742,;273.913343,4.05752,;259.867407,4.10759,;259.867407,4.15769,;259.867407,4.20775,;259.867407,4.25784,;259.867407,4.30792,;259.867407,4.35804,;259.867407,4.40811,;259.867407,4.45818,;259.867407,4.50826,;259.867407,4.55832,;259.867407,4.60842,;259.867407,4.65853,;259.867407,4.7086,;259.867407,4.75869,;259.867407,4.80878,;259.867407,4.85887,;259.867407,4.90895,;259.867407,4.95907,;259.867407,5.00915,;259.867407,5.05923,;259.867407,5.10933,;259.867407,5.15942,;259.867407,5.20952,;259.867407,5.25959,;259.867407,5.30969,;259.867407,5.35977,;259.867407,5.40987,;259.867407,5.45995,;259.867407,5.51006,;259.867407,5.56015,;259.867407,5.61024,;259.867407,5.66032,;259.867407,5.71043,;259.867407,5.7605,;259.867407,5.8106,;259.867407,5.8607,;259.867407,5.91081,;259.867407,5.96087,;259.867407,6.01097,;259.867407,6.06107,;259.867407,6.11118,;259.867407,6.16128,;259.867407,6.21137,;259.867407,6.26145,;259.867407,6.31153,;259.867407,6.36164,;259.867407,6.41175,;259.867407,6.46185,;259.867407,6.51196,;259.867407,6.56206,;259.867407,6.61216,;259.867407,6.66228,;259.867407,6.71238,;259.867407,6.76249,;259.867407,6.81258,;259.867407,6.86269,;259.867407,6.9128,;259.867407,6.96291,;259.867407,7.01302,;259.867407,7.06312,;259.867407,7.11323,;259.867407,7.16334,;259.867407,7.21344,;259.867407,7.2635,;259.867407,7.31358,;259.867407,7.36366,;259.867407,7.41374,;259.867407,7.46382,;259.867407,7.51391,;259.867407,7.564,;259.867407,7.61409,;259.867407,7.66416,;259.867407,7.71424,;259.867407,7.76432,;259.867407,7.81443,;259.867407,7.8645,;259.867407,7.91459,;259.867407,7.96466,;259.867407,8.01477,;259.867407,8.06484,;259.867407,8.11493,;259.867407,8.165,;259.867407,8.21507,;259.867407,8.26516,;259.867407,8.31527,;259.867407,8.36535,;259.867407,8.41542,;259.867407,8.46554,;259.867407,8.51561,;259.867407,8.56572,;259.867407,8.61579,;259.867407,8.66586,;259.867407,8.71594,;259.867407,8.76605,;259.867407,8.81615,;259.867407,8.86623,;259.867407,8.91634,;259.867407,8.96644,;259.867407,9.01655,;259.867407,9.06666,;259.867407,9.11677,;259.867407,9.16687,;259.867407,9.21697,;259.867407,9.26708,;259.867407,9.31719,;259.867407,9.36729,;259.867407,9.4174,;259.867407,9.46747,;259.867407,9.51758,;259.867407,9.5677,;259.867407,9.61778,;259.867407,9.66789,;259.867407,9.71801,;259.867407,9.76811,;259.867407,9.81821,;259.867407,9.86832,;259.867407,9.91842,;259.867407,9.96851,;259.867407,10.0186,;
384.625366,0.0500685,;370.624179,0.100184,;370.624179,0.150263,;354.977456,0.200375,;354.977456,0.250455,;354.977456,0.300568,;354.977456,0.350647,;352.787177,0.400757,;352.787177,0.450824,;352.787177,0.500934,;352.787177,0.551003,;352.787177,0.601104,;352.787177,0.651188,;352.787177,0.70127,;291.047580,0.751373,;291.047580,0.80148,;291.047580,0.851574,;291.047580,0.901683,;291.047580,0.951763,;291.047580,1.00185,;291.047580,1.05194,;291.047580,1.10205,;291.047580,1.15215,;291.047580,1.20223,;291.047580,1.25234,;291.047580,1.30245,;291.047580,1.35252,;291.047580,1.40264,;277.892192,1.45275,;277.892192,1.50282,;277.892192,1.5529,;277.892192,1.60297,;277.892192,1.65309,;277.892192,1.70317,;277.892192,1.75328,;277.892192,1.80336,;277.892192,1.85347,;277.892192,1.90354,;277.892192,1.95361,;277.892192,2.00372,;277.892192,2.05383,;277.892192,2.1039,;277.892192,2.15403,;277.892192,2.20411,;277.892192,2.2542,;277.892192,2.30427,;277.892192,2.35442,;277.892192,2.40453,;277.892192,2.45464,;277.892192,2.50474,;277.892192,2.55483,;277.892192,2.60493,;277.892192,2.655,;277.892192,2.70507,;277.892192,2.75517,;277.892192,2.80526,;277.892192,2.85536,;277.892192,2.90547,;277.892192,2.95556,;277.892192,3.00566,;277.892192,3.05576,;277.892192,3.10587,;277.892192,3.15597,;277.892192,3.20607,;277.892192,3.25618,;277.892192,3.30629,;277.892192,3.35638,;277.892192,3.40646,;277.892192,3.45657,;277.892192,3.50668,;277.892192,3.55675,;277.892192,3.60683,;277.892192,3.6569,;277.892192,3.70697,;277.892192,3.75708,;277.892192,3.80716,;277.892192,3.85723,;277.892192,3.9073,;277.892192,3.9574,;277.892192,4.00748,;277.892192,4.05756,;277.892192,4.10764,;277.892192,4.15768,;277.892192,4.20779,;277.892192,4.25786,;277.892192,4.30798,;277.892192,4.35805,;277.892192,4.40815,;272.379853,4.45826,;272.379853,4.50833,;272.379853,4.55839,;272.379853,4.60846,;272.379853,4.65853,;272.379853,4.7086,;272.379853,4.75872,;272.379853,4.80883,;272.379853,4.85891,;272.379853,4.90902,;272.379853,4.9591,;272.379853,5.00921,;272.379853,5.0593,;272.379853,5.1094,;272.379853,5.15947,;272.379853,5.20954,;272.379853,5.25961,;272.379853,5.30968,;272.379853,5.35978,;272.379853,5.40988,;272.379853,5.45997,;272.379853,5.51006,;272.379853,5.56014,;272.379853,5.61022,;272.379853,5.6603,;272.379853,5.71038,;272.379853,5.76047,;272.379853,5.81058,;272.379853,5.86065,;272.379853,5.91073,;272.379853,5.96084,;272.379853,6.01095,;272.379853,6.06106,;272.379853,6.11118,;272.379853,6.16128,;272.379853,6.21136,;272.379853,6.26147,;272.379853,6.31157,;272.379853,6.36169,;272.379853,6.41181,;272.379853,6.46193,;272.379853,6.51206,;272.379853,6.56218,;272.379853,6.61228,;272.379853,6.66239,;272.379853,6.71249,;272.379853,6.76259,;272.379853,6.81271,;272.379853,6.86282,;272.379853,6.91293,;272.379853,6.963,;272.379853,7.0131,;272.379853,7.06318,;272.379853,7.11329,;272.379853,7.16337,;272.379853,7.21345,;272.379853,7.26354,;272.379853,7.31365,;272.379853,7.36373,;272.379853,7.41381,;272.379853,7.46389,;272.379853,7.514,;272.379853,7.56409,;272.379853,7.61419,;272.379853,7.66429,;272.379853,7.71436,;272.379853,7.76445,;272.379853,7.81454,;272.379853,7.86463,;272.379853,7.91472,;272.379853,7.96482,;261.853504,8.01489,;261.853504,8.06496,;261.853504,8.11502,;261.853504,8.16512,;261.853504,8.21523,;261.853504,8.26534,;261.853504,8.31543,;261.853504,8.36554,;261.853504,8.41563,;261.853504,8.46573,;261.853504,8.51583,;261.853504,8.56594,;261.853504,8.61602,;261.853504,8.66613,;261.853504,8.71621,;261.853504,8.7663,;261.853504,8.81641,;261.853504,8.86649,;261.853504,8.91661,;261.853504,8.96672,;261.853504,9.01683,;261.853504,9.0669,;261.853504,9.117,;261.853504,9.1671,;261.853504,9.21718,;261.853504,9.2673,;261.853504,9.31741,;261.853504,9.36752,;261.853504,9.41762,;261.853504,9.46769,;261.853504,9.51779,;261.853504,9.5679,;261.853504,9.618,;261.853504,9.66808,;261.853504,9.71819,;261.853504,9.76829,;261.853504,9.81839,;261.853504,9.86849,;261.853504,9.9186,;261.853504,9.9687,;261.853504,10.0188,;261.853504,10.0689,;
381.897251,0.0500961,;375.354109,0.1002,;375.354109,0.150312,;375.354109,0.20042,;375.354109,0.250528,;375.354109,0.30063,;332.129912,0.350732,;332.129912,0.400842,;332.129912,0.450965,;332.129912,0.501071,;332.129912,0.551173,;332.129912,0.601279,;332.129912,0.651385,;327.572170,0.701469,;327.572170,0.751582,;327.572170,0.801664,;327.572170,0.851779,;310.506242,0.901905,;310.506242,0.952012,;310.506242,1.00212,;310.506242,1.05222,;310.506242,1.1023,;310.506242,1.1524,;310.506242,1.20252,;310.506242,1.25262,;310.506242,1.30273,;310.506242,1.3528,;310.506242,1.40291,;310.506242,1.45298,;310.506242,1.50309,;310.506242,1.55317,;310.506242,1.60324,;310.506242,1.65332,;310.506242,1.70343,;310.506242,1.75351,;310.506242,1.80362,;310.506242,1.85373,;310.506242,1.90381,;310.506242,1.95388,;310.506242,2.00399,;310.506242,2.05405,;310.506242,2.10412,;310.506242,2.15423,;310.506242,2.20434,;310.506242,2.25442,;310.506242,2.30452,;310.506242,2.35463,;310.506242,2.40473,;310.506242,2.4548,;296.052330,2.50487,;296.052330,2.55497,;296.052330,2.60505,;296.052330,2.65512,;296.052330,2.7052,;296.052330,2.75534,;296.052330,2.80545,;296.052330,2.85553,;296.052330,2.90564,;296.052330,2.95571,;296.052330,3.00579,;284.545375,3.05586,;284.545375,3.10597,;284.545375,3.15605,;284.545375,3.20616,;284.545375,3.25624,;284.545375,3.30636,;284.545375,3.35644,;284.545375,3.40655,;284.545375,3.45664,;284.545375,3.50671,;284.545375,3.55679,;284.545375,3.60689,;284.545375,3.65697,;284.545375,3.70708,;284.545375,3.75716,;284.545375,3.80727,;284.545375,3.85735,;284.545375,3.90746,;284.545375,3.95754,;284.545375,4.00765,;284.545375,4.05773,;284.545375,4.10784,;284.545375,4.15792,;284.545375,4.20804,;284.545375,4.25816,;284.545375,4.30823,;277.941341,4.3583,;277.941341,4.40838,;277.941341,4.45845,;277.941341,4.50853,;277.941341,4.55863,;277.941341,4.60867,;277.941341,4.65875,;277.941341,4.70886,;277.941341,4.75898,;277.941341,4.80906,;277.941341,4.85918,;277.941341,4.90929,;277.941341,4.95939,;277.941341,5.00948,;277.941341,5.05959,;277.941341,5.10967,;277.941341,5.15977,;277.941341,5.20987,;277.941341,5.25998,;272.372332,5.31007,;272.372332,5.36015,;272.372332,5.41027,;272.372332,5.46035,;272.372332,5.51043,;272.372332,5.56049,;272.372332,5.61057,;272.372332,5.66069,;272.372332,5.71079,;272.372332,5.76086,;272.372332,5.81093,;272.372332,5.86101,;272.372332,5.91112,;270.509352,5.9612,;270.509352,6.01131,;270.509352,6.06139,;270.509352,6.1115,;270.509352,6.16162,;270.509352,6.21172,;270.509352,6.26183,;270.509352,6.31193,;270.509352,6.36203,;270.509352,6.41214,;270.509352,6.46224,;270.509352,6.51235,;270.509352,6.56246,;270.509352,6.61257,;270.509352,6.66268,;270.509352,6.71272,;270.509352,6.76283,;270.509352,6.81291,;270.509352,6.86302,;270.509352,6.9131,;270.509352,6.96322,;270.509352,7.01333,;270.509352,7.06343,;270.509352,7.11351,;270.509352,7.16362,;270.509352,7.21374,;270.509352,7.26384,;270.509352,7.31395,;270.509352,7.36405,;270.509352,7.41416,;270.509352,7.46427,;270.509352,7.51438,;261.530044,7.56449,;261.530044,7.61459,;261.530044,7.66466,;261.530044,7.71478,;261.530044,7.76484,;261.530044,7.81496,;261.530044,7.86508,;261.530044,7.91518,;261.530044,7.96529,;261.530044,8.01536,;261.530044,8.06544,;261.530044,8.11551,;261.530044,8.16563,;261.530044,8.21575,;261.530044,8.26582,;261.530044,8.31593,;261.530044,8.36605,;261.530044,8.41616,;261.530044,8.46627,;261.530044,8.51637,;261.530044,8.56648,;261.530044,8.61659,;261.530044,8.66671,;261.530044,8.71678,;261.530044,8.76685,;261.530044,8.81697,;261.530044,8.86708,;261.530044,8.91716,;261.530044,8.96726,;261.530044,9.01736,;261.530044,9.06747,;261.530044,9.11759,;261.530044,9.16771,;261.530044,9.21778,;261.530044,9.26789,;261.530044,9.31798,;261.530044,9.36808,;261.530044,9.4182,;261.530044,9.46831,;261.530044,9.51842,;261.530044,9.56852,;253.235125,9.61863,;253.235125,9.66873,;253.235125,9.71883,;253.235125,9.76894,;253.235125,9.81902,;253.235125,9.86909,;253.235125,9.9192,;253.235125,9.96929,;253.235125,10.0194,;253.235125,10.0694,;
528.245734,0.0500662,;422.568878,0.100165,;422.568878,0.150261,;422.568878,0.200346,;422.568878,0.25047,;422.568878,0.300574,;422.568878,0.350643,;422.568878,0.400743,;422.568878,0.450818,;409.429205,0.500903,;379.212105,0.550979,;379.212105,0.601063,;379.212105,0.651145,;339.966174,0.701229,;339.966174,0.75131,;339.966174,0.801397,;339.966174,0.851485,;304.262744,0.901569,;304.262744,0.951647,;304.262744,1.00173,;304.262744,1.05181,;304.262744,1.1019,;304.262744,1.15198,;290.286834,1.20207,;290.286834,1.25218,;290.286834,1.30227,;290.286834,1.35238,;290.286834,1.40249,;290.286834,1.4526,;290.286834,1.50267,;290.286834,1.55277,;290.286834,1.60285,;290.286834,1.65293,;290.286834,1.70302,;290.286834,1.75313,;290.286834,1.80322,;290.286834,1.8533,;290.127612,1.9034,;290.127612,1.9535,;290.127612,2.00361,;290.127612,2.05371,;290.127612,2.10379,;285.255191,2.15388,;285.255191,2.20397,;285.255191,2.25408,;285.255191,2.30418,;285.255191,2.35429,;285.255191,2.40439,;285.255191,2.4545,;285.255191,2.50457,;285.255191,2.55464,;285.255191,2.60472,;285.255191,2.6548,;285.255191,2.70488,;285.255191,2.75498,;285.255191,2.80508,;285.255191,2.85516,;285.255191,2.90523,;285.255191,2.95537,;285.255191,3.00545,;285.255191,3.05553,;285.255191,3.10562,;285.255191,3.15573,;285.255191,3.20584,;285.255191,3.25595,;285.255191,3.30607,;285.255191,3.35615,;285.255191,3.40625,;285.255191,3.45633,;285.255191,3.50641,;285.255191,3.55649,;285.255191,3.60657,;285.255191,3.65667,;285.255191,3.70674,;285.255191,3.7568,;285.255191,3.80688,;285.255191,3.85696,;285.255191,3.90703,;285.255191,3.95714,;285.255191,4.0072,;285.255191,4.0573,;285.255191,4.10738,;285.255191,4.15746,;285.255191,4.20757,;285.255191,4.25765,;285.255191,4.30773,;285.255191,4.35782,;285.255191,4.4079,;285.255191,4.45797,;285.255191,4.50805,;285.255191,4.55813,;285.255191,4.60821,;280.379449,4.65829,;280.379449,4.7084,;260.727028,4.75853,;260.727028,4.80861,;260.727028,4.85869,;260.727028,4.90876,;260.727028,4.95885,;260.727028,5.00895,;260.727028,5.05906,;260.727028,5.10916,;260.727028,5.15927,;260.727028,5.20938,;260.727028,5.25948,;260.727028,5.3096,;260.727028,5.3597,;260.727028,5.4098,;260.727028,5.45991,;260.727028,5.51001,;260.727028,5.56011,;260.727028,5.61022,;260.727028,5.66032,;260.727028,5.7104,;260.727028,5.76051,;260.727028,5.81061,;260.727028,5.86071,;260.727028,5.91078,;260.727028,5.96085,;260.727028,6.01094,;260.727028,6.06105,;260.727028,6.11115,;260.727028,6.16127,;260.727028,6.21133,;260.727028,6.26144,;260.727028,6.31154,;260.727028,6.36163,;260.727028,6.41173,;260.727028,6.46184,;260.727028,6.51195,;260.727028,6.56205,;260.727028,6.61212,;260.727028,6.66219,;260.727028,6.71227,;260.727028,6.76234,;260.727028,6.81245,;260.727028,6.86253,;260.727028,6.91266,;260.727028,6.96273,;260.727028,7.01283,;260.727028,7.06293,;260.727028,7.11304,;260.727028,7.16312,;260.727028,7.21323,;260.727028,7.26331,;260.727028,7.31342,;260.727028,7.36353,;260.727028,7.41359,;260.727028,7.4637,;260.727028,7.51381,;260.727028,7.56391,;260.727028,7.61402,;260.727028,7.66412,;260.727028,7.71422,;260.727028,7.76433,;260.727028,7.81442,;260.727028,7.86449,;260.727028,7.91453,;260.727028,7.9646,;260.727028,8.01468,;260.727028,8.06478,;260.727028,8.11487,;260.727028,8.16498,;260.727028,8.21505,;260.727028,8.26514,;260.727028,8.31523,;260.727028,8.36533,;260.727028,8.41541,;260.727028,8.46552,;260.727028,8.5156,;260.727028,8.56571,;260.727028,8.61581,;260.727028,8.66591,;260.727028,8.71599,;260.727028,8.7661,;260.727028,8.81619,;260.727028,8.8663,;260.727028,8.91641,;260.727028,8.96653,;260.727028,9.01663,;260.727028,9.0667,;260.727028,9.11682,;260.727028,9.16691,;260.727028,9.21701,;260.727028,9.2671,;260.727028,9.31719,;260.727028,9.36728,;260.727028,9.41739,;260.727028,9.46749,;260.727028,9.51759,;260.727028,9.56767,;260.727028,9.61778,;260.727028,9.66786,;260.727028,9.71797,;260.727028,9.76808,;260.727028,9.81818,;260.727028,9.86826,;260.727028,9.91833,;260.727028,9.96843,;260.727028,10.0185,;
425.631359,0.0500565,;425.631359,0.100166,;425.631359,0.150271,;425.631359,0.200375,;351.191853,0.250456,;351.191853,0.300562,;351.191853,0.35067,;351.191853,0.400733,;351.191853,0.450806,;351.191853,0.500887,;351.191853,0.550963,;351.191853,0.601028,;351.191853,0.651112,;351.191853,0.701186,;351.191853,0.751318,;351.191853,0.801434,;351.191853,0.851556,;351.191853,0.901657,;337.025066,0.951732,;337.025066,1.00185,;337.025066,1.05195,;337.025066,1.10206,;320.576939,1.15213,;320.576939,1.2022,;320.576939,1.25228,;320.576939,1.3024,;320.576939,1.3525,;320.576939,1.40262,;290.411552,1.45273,;290.411552,1.50279,;290.411552,1.55287,;290.411552,1.60295,;290.411552,1.65303,;290.411552,1.70311,;290.411552,1.75323,;290.411552,1.80331,;290.411552,1.85339,;290.411552,1.90348,;290.411552,1.95359,;287.629564,2.00369,;287.629564,2.05379,;284.033649,2.10387,;284.033649,2.15395,;284.033649,2.20405,;284.033649,2.25415,;284.033649,2.30428,;284.033649,2.35436,;284.033649,2.40444,;284.033649,2.45452,;284.033649,2.50461,;284.033649,2.55469,;284.033649,2.60477,;284.033649,2.65486,;284.033649,2.70493,;284.033649,2.75502,;284.033649,2.80512,;284.033649,2.85521,;284.033649,2.90533,;284.033649,2.95545,;284.033649,3.00557,;284.033649,3.05567,;284.033649,3.10578,;284.033649,3.15587,;284.033649,3.20601,;284.033649,3.25612,;284.033649,3.30619,;284.033649,3.35631,;284.033649,3.40637,;284.033649,3.45648,;284.033649,3.50651,;284.033649,3.55664,;284.033649,3.60672,;284.033649,3.65679,;272.624529,3.70687,;272.624529,3.75696,;272.624529,3.80706,;272.624529,3.85718,;272.624529,3.90728,;272.624529,3.95738,;272.624529,4.00747,;272.624529,4.05757,;272.624529,4.10771,;272.624529,4.15781,;272.624529,4.20792,;272.624529,4.25803,;268.710811,4.30811,;268.710811,4.35818,;268.710811,4.40829,;268.710811,4.45839,;268.710811,4.50849,;268.710811,4.55856,;268.710811,4.60867,;268.710811,4.65878,;268.710811,4.70888,;268.710811,4.75897,;264.679476,4.80909,;264.679476,4.85921,;264.679476,4.9093,;264.679476,4.95942,;264.679476,5.00949,;264.679476,5.05956,;264.679476,5.10963,;264.679476,5.15971,;264.679476,5.2098,;264.679476,5.2599,;264.679476,5.31002,;264.679476,5.36009,;264.679476,5.41021,;264.679476,5.46029,;264.679476,5.51041,;264.679476,5.56049,;264.679476,5.61056,;264.679476,5.66064,;264.679476,5.71072,;264.679476,5.76083,;264.679476,5.81092,;264.679476,5.86104,;264.679476,5.91114,;264.679476,5.96122,;264.679476,6.01131,;264.679476,6.06139,;264.679476,6.11153,;264.679476,6.16162,;264.400073,6.2117,;264.400073,6.26178,;264.400073,6.31186,;264.400073,6.36195,;264.400073,6.41203,;264.400073,6.46212,;264.400073,6.5122,;264.400073,6.56234,;264.400073,6.61245,;260.718646,6.6625,;260.718646,6.71263,;253.863368,6.76271,;253.863368,6.81283,;253.863368,6.86291,;253.863368,6.91304,;253.863368,6.96312,;253.863368,7.01325,;253.863368,7.06332,;253.863368,7.1134,;253.863368,7.16348,;253.863368,7.21356,;253.863368,7.26368,;253.863368,7.31379,;253.863368,7.3639,;253.863368,7.41401,;253.863368,7.46414,;253.863368,7.51421,;253.863368,7.56429,;253.863368,7.61437,;253.863368,7.66444,;253.863368,7.71453,;253.863368,7.76461,;253.863368,7.81469,;253.863368,7.86477,;253.863368,7.91484,;253.863368,7.96493,;253.863368,8.01501,;253.863368,8.06509,;253.863368,8.11517,;253.863368,8.16526,;253.863368,8.21536,;253.863368,8.26543,;253.863368,8.31551,;253.863368,8.3656,;253.863368,8.41568,;253.863368,8.46578,;253.863368,8.51585,;253.863368,8.56593,;253.863368,8.61602,;253.863368,8.66611,;253.863368,8.7162,;253.863368,8.76628,;253.863368,8.81637,;253.863368,8.86645,;253.863368,8.91653,;253.863368,8.9666,;253.863368,9.01667,;253.863368,9.06675,;253.863368,9.11686,;253.863368,9.16695,;253.863368,9.21709,;253.863368,9.26717,;253.863368,9.31725,;253.863368,9.36733,;253.863368,9.41742,;253.863368,9.46751,;253.863368,9.5176,;253.863368,9.56768,;253.863368,9.61777,;253.863368,9.66786,;253.863368,9.71795,;253.863368,9.76803,;253.863368,9.8181,;253.863368,9.86817,;253.863368,9.91824,;253.863368,9.96833,;253.863368,10.0184,;
471.389917,0.0500648,;471.389917,0.100161,;471.389917,0.150247,;471.389917,0.200336,;471.389917,0.250442,;471.389917,0.300566,;471.389917,0.350676,;471.389917,0.400782,;471.389917,0.45089,;403.652666,0.500969,;403.652666,0.551081,;403.652666,0.601165,;403.652666,0.651284,;403.652666,0.701376,;403.652666,0.751468,;403.652666,0.801574,;313.096314,0.851675,;313.096314,0.901778,;307.531726,0.951859,;307.531726,1.00197,;307.531726,1.05206,;307.531726,1.10213,;307.531726,1.15221,;307.531726,1.20233,;307.531726,1.25242,;307.531726,1.30251,;307.531726,1.35263,;307.531726,1.40271,;307.531726,1.45281,;307.531726,1.50293,;307.531726,1.55301,;307.531726,1.60309,;307.531726,1.65317,;307.531726,1.70328,;307.531726,1.75336,;307.531726,1.80348,;307.531726,1.85359,;307.531726,1.90367,;307.531726,1.95375,;307.531726,2.00384,;297.070188,2.05395,;296.683511,2.10405,;296.683511,2.15416,;296.683511,2.20428,;296.683511,2.25438,;296.683511,2.30447,;296.683511,2.35458,;296.683511,2.40469,;296.683511,2.4548,;296.683511,2.50491,;296.683511,2.55498,;296.683511,2.60511,;296.683511,2.65518,;296.683511,2.70526,;296.683511,2.75534,;296.683511,2.80542,;296.683511,2.8555,;296.683511,2.90559,;296.683511,2.9557,;296.683511,3.00581,;296.683511,3.05592,;296.683511,3.106,;296.683511,3.15613,;296.683511,3.2062,;296.683511,3.25631,;296.683511,3.30642,;296.683511,3.35645,;296.683511,3.40652,;296.683511,3.4566,;296.683511,3.5067,;296.683511,3.55678,;296.683511,3.60687,;296.683511,3.65695,;296.683511,3.70703,;296.683511,3.7571,;296.683511,3.80717,;296.683511,3.85725,;296.683511,3.90736,;296.683511,3.95743,;296.683511,4.00757,;296.683511,4.05766,;296.683511,4.10777,;296.683511,4.15787,;296.683511,4.20798,;296.683511,4.25809,;296.683511,4.30817,;296.683511,4.35828,;296.683511,4.40839,;296.683511,4.4585,;296.683511,4.50857,;296.683511,4.55869,;285.762585,4.60877,;285.762585,4.65889,;285.762585,4.70898,;285.762585,4.75906,;285.762585,4.80917,;285.762585,4.85929,;285.762585,4.90943,;285.762585,4.95952,;285.762585,5.00962,;285.762585,5.0597,;285.762585,5.10981,;285.762585,5.15989,;285.762585,5.20998,;285.762585,5.2601,;285.762585,5.31022,;285.762585,5.36034,;285.762585,5.41046,;285.762585,5.46053,;285.762585,5.51064,;285.762585,5.56071,;285.762585,5.61082,;285.762585,5.66091,;285.762585,5.71104,;285.762585,5.76112,;285.762585,5.8112,;285.762585,5.8613,;285.762585,5.91139,;285.762585,5.96152,;285.762585,6.01161,;285.762585,6.06173,;285.762585,6.11184,;285.762585,6.16195,;285.762585,6.21206,;285.762585,6.26217,;285.762585,6.31226,;285.762585,6.36237,;285.762585,6.41248,;285.762585,6.46259,;285.762585,6.51267,;285.762585,6.56278,;285.762585,6.61289,;285.762585,6.663,;285.762585,6.7131,;285.762585,6.76317,;285.762585,6.81326,;285.762585,6.86336,;285.762585,6.91346,;285.762585,6.96355,;285.762585,7.01365,;285.762585,7.06374,;285.762585,7.11382,;285.762585,7.16393,;285.762585,7.21404,;285.762585,7.26415,;285.762585,7.31428,;285.762585,7.36437,;285.762585,7.41448,;285.762585,7.46459,;285.762585,7.5147,;285.762585,7.56478,;285.762585,7.6149,;285.762585,7.66501,;285.762585,7.71511,;285.762585,7.7652,;285.762585,7.81531,;285.762585,7.86539,;285.762585,7.9155,;282.687493,7.96561,;282.687493,8.01571,;282.687493,8.06582,;282.687493,8.11593,;282.687493,8.166,;282.687493,8.21611,;282.687493,8.26622,;282.687493,8.31631,;282.687493,8.3664,;282.687493,8.41647,;282.687493,8.46657,;282.687493,8.51668,;282.687493,8.56679,;282.687493,8.61687,;282.687493,8.66696,;276.532223,8.71705,;276.532223,8.76716,;276.532223,8.81724,;276.532223,8.86732,;276.532223,8.9174,;276.532223,8.96752,;267.344901,9.0176,;267.344901,9.06771,;267.344901,9.1178,;267.344901,9.16791,;267.344901,9.21799,;267.344901,9.2681,;263.633255,9.31821,;263.633255,9.36832,;263.633255,9.41843,;263.633255,9.46846,;263.633255,9.51857,;263.633255,9.56864,;263.633255,9.61874,;263.633255,9.66883,;263.633255,9.71894,;263.633255,9.76902,;263.633255,9.81909,;263.633255,9.86918,;263.633255,9.91928,;263.633255,9.96936,;
490.495101,0.0500657,;484.530026,0.100171,;484.530026,0.150283,;423.972205,0.200353,;423.972205,0.250431,;423.972205,0.300505,;423.972205,0.350627,;423.972205,0.400734,;366.644879,0.450841,;366.644879,0.500946,;366.644879,0.551053,;366.644879,0.601158,;366.644879,0.651226,;366.644879,0.701363,;366.644879,0.75147,;366.644879,0.801578,;366.644879,0.851611,;366.644879,0.901725,;366.644879,0.951804,;366.644879,1.00192,;366.644879,1.052,;366.644879,1.10212,;366.644879,1.15221,;366.644879,1.20231,;302.968086,1.2524,;302.968086,1.30251,;302.968086,1.35259,;285.784195,1.4027,;285.784195,1.4528,;285.784195,1.50291,;285.784195,1.55302,;285.160652,1.60312,;285.160652,1.65322,;285.160652,1.70333,;285.160652,1.75343,;285.160652,1.80351,;285.160652,1.85362,;285.160652,1.90369,;285.160652,1.9538,;285.160652,2.00386,;285.160652,2.05396,;285.160652,2.10405,;285.160652,2.15416,;285.160652,2.20423,;285.160652,2.25434,;285.160652,2.30444,;285.160652,2.35454,;285.160652,2.40465,;285.160652,2.45473,;285.160652,2.50485,;285.160652,2.55491,;285.160652,2.60502,;285.160652,2.65513,;285.160652,2.7052,;285.160652,2.75532,;285.160652,2.80539,;285.160652,2.85546,;285.160652,2.90555,;285.160652,2.95561,;285.160652,3.00573,;285.160652,3.05579,;285.160652,3.1059,;285.160652,3.15601,;285.160652,3.20612,;285.160652,3.25621,;285.160652,3.30632,;285.160652,3.35639,;285.160652,3.40649,;285.160652,3.45658,;285.160652,3.50665,;285.160652,3.55676,;285.160652,3.60687,;285.160652,3.65695,;285.160652,3.70702,;285.160652,3.75711,;285.160652,3.80722,;285.160652,3.8573,;285.160652,3.90739,;285.160652,3.95749,;285.160652,4.0076,;285.160652,4.05771,;285.160652,4.10778,;285.160652,4.15787,;285.160652,4.20796,;285.160652,4.25807,;285.160652,4.30816,;285.160652,4.35827,;285.160652,4.40835,;285.160652,4.45843,;285.160652,4.50852,;285.160652,4.5586,;285.160652,4.6087,;285.160652,4.65878,;285.160652,4.70888,;285.160652,4.75899,;285.160652,4.80908,;285.160652,4.85917,;285.160652,4.90928,;285.160652,4.95939,;285.160652,5.00951,;285.160652,5.05956,;285.160652,5.10966,;285.160652,5.15974,;285.160652,5.20986,;285.160652,5.25996,;273.988465,5.31006,;273.988465,5.36016,;273.988465,5.41025,;273.988465,5.46035,;273.988465,5.51046,;273.988465,5.56053,;273.988465,5.61064,;273.988465,5.66073,;273.988465,5.71082,;273.988465,5.76091,;273.988465,5.81103,;273.988465,5.86115,;273.988465,5.91123,;273.988465,5.96132,;273.988465,6.01142,;273.988465,6.06154,;273.988465,6.11161,;273.988465,6.16172,;273.988465,6.21181,;273.988465,6.26194,;273.988465,6.31203,;273.988465,6.36214,;273.988465,6.41222,;273.988465,6.46233,;273.988465,6.51241,;273.988465,6.56254,;273.988465,6.61263,;273.988465,6.66275,;273.988465,6.71285,;273.988465,6.76297,;273.988465,6.81308,;273.988465,6.86315,;273.988465,6.91329,;273.988465,6.9634,;273.988465,7.01348,;273.988465,7.06362,;273.988465,7.1137,;273.988465,7.16378,;273.988465,7.21389,;273.988465,7.26397,;273.988465,7.31407,;273.988465,7.36418,;273.988465,7.41427,;273.988465,7.46434,;273.988465,7.51442,;273.988465,7.56452,;273.988465,7.61459,;273.988465,7.66468,;273.988465,7.71479,;273.988465,7.76491,;273.988465,7.81501,;273.988465,7.86512,;273.988465,7.91519,;273.988465,7.96527,;273.988465,8.01536,;273.988465,8.06547,;273.988465,8.11554,;273.988465,8.16568,;253.740058,8.21579,;253.740058,8.2659,;253.740058,8.316,;253.740058,8.36611,;253.740058,8.41622,;253.740058,8.46633,;253.740058,8.5164,;253.740058,8.5665,;253.740058,8.61659,;253.740058,8.66671,;253.740058,8.71682,;253.740058,8.7669,;253.740058,8.817,;253.740058,8.86711,;253.740058,8.91722,;253.740058,8.96731,;253.740058,9.01739,;253.740058,9.06746,;253.740058,9.11757,;253.740058,9.16765,;253.740058,9.21776,;253.740058,9.26783,;253.740058,9.31789,;253.740058,9.36796,;253.740058,9.41804,;253.740058,9.46812,;253.740058,9.51819,;253.740058,9.56827,;253.740058,9.61835,;253.740058,9.66844,;253.740058,9.71853,;253.740058,9.76861,;253.740058,9.81872,;253.740058,9.8688,;246.025892,9.91889,;246.025892,9.96902,;246.025892,10.0191,;
507.687839,0.0500623,;493.195962,0.100157,;493.195962,0.15028,;404.882502,0.200371,;404.882502,0.25048,;404.882502,0.300581,;404.882502,0.350684,;404.882502,0.40075,;404.882502,0.450819,;404.882502,0.500926,;404.882502,0.551035,;404.882502,0.601121,;404.882502,0.651229,;404.882502,0.701332,;404.882502,0.751433,;404.882502,0.801514,;404.882502,0.851588,;404.882502,0.901664,;404.882502,0.95174,;404.882502,1.00182,;347.008679,1.05191,;347.008679,1.102,;347.008679,1.15209,;347.008679,1.2022,;347.008679,1.25228,;347.008679,1.30239,;347.008679,1.35249,;347.008679,1.40259,;347.008679,1.45269,;347.008679,1.50276,;345.551348,1.55286,;345.551348,1.60297,;345.551348,1.65308,;344.880711,1.70319,;344.880711,1.75327,;344.880711,1.80336,;344.880711,1.85344,;344.880711,1.90351,;344.880711,1.95365,;344.880711,2.00372,;344.880711,2.05379,;344.880711,2.1039,;344.880711,2.15398,;344.880711,2.20407,;344.880711,2.25417,;344.880711,2.30424,;344.880711,2.35432,;344.880711,2.40439,;344.880711,2.45451,;344.880711,2.5046,;327.056068,2.55468,;314.731261,2.60478,;314.731261,2.65489,;314.731261,2.70498,;314.731261,2.75509,;314.731261,2.80519,;314.731261,2.85527,;314.731261,2.90539,;314.731261,2.95547,;310.885490,3.00561,;310.885490,3.05568,;310.885490,3.10577,;310.639548,3.15586,;310.639548,3.20597,;310.639548,3.25605,;293.204552,3.30615,;293.204552,3.35626,;293.204552,3.40637,;293.204552,3.45647,;293.204552,3.50657,;293.204552,3.55665,;293.204552,3.60677,;293.204552,3.65687,;293.204552,3.70698,;293.204552,3.75707,;293.204552,3.80717,;293.204552,3.85728,;293.204552,3.90736,;293.204552,3.95743,;293.204552,4.00755,;293.204552,4.05763,;293.204552,4.10771,;293.204552,4.15782,;293.204552,4.20793,;293.204552,4.25803,;293.204552,4.30814,;293.204552,4.35824,;293.204552,4.40832,;293.204552,4.45842,;293.204552,4.5085,;280.290375,4.55861,;280.290375,4.60873,;280.290375,4.6588,;280.290375,4.70891,;280.290375,4.759,;280.290375,4.80908,;280.290375,4.85917,;280.290375,4.90928,;280.290375,4.95939,;280.290375,5.0095,;280.290375,5.05958,;276.323940,5.10969,;276.323940,5.15976,;276.323940,5.20986,;276.323940,5.25994,;276.323940,5.31006,;276.323940,5.36014,;276.323940,5.41025,;276.323940,5.46034,;276.323940,5.51044,;276.323940,5.56054,;276.323940,5.61065,;276.323940,5.66073,;276.323940,5.71084,;276.323940,5.76095,;276.323940,5.81103,;276.323940,5.86113,;276.323940,5.91123,;276.323940,5.96134,;276.323940,6.01145,;276.323940,6.06156,;276.323940,6.11164,;276.323940,6.16176,;276.323940,6.21183,;276.323940,6.26194,;276.323940,6.31202,;276.323940,6.36214,;276.323940,6.41222,;276.323940,6.46233,;276.323940,6.5124,;276.323940,6.5625,;276.323940,6.61258,;276.323940,6.66269,;276.323940,6.71277,;276.323940,6.76289,;276.323940,6.81297,;276.323940,6.86308,;276.323940,6.91316,;276.323940,6.96328,;276.323940,7.01336,;276.323940,7.06347,;276.323940,7.11356,;276.323940,7.16364,;276.323940,7.21374,;276.323940,7.26381,;276.323940,7.31392,;276.323940,7.364,;276.323940,7.41408,;276.323940,7.46416,;276.323940,7.51423,;263.480792,7.56433,;263.480792,7.61445,;263.480792,7.66453,;263.480792,7.71462,;263.480792,7.76469,;263.480792,7.81481,;263.480792,7.86489,;263.480792,7.91498,;263.480792,7.96509,;263.480792,8.0152,;263.480792,8.0653,;263.480792,8.11539,;263.480792,8.16548,;263.480792,8.21553,;263.480792,8.26564,;263.480792,8.3157,;263.480792,8.36577,;263.480792,8.41586,;263.480792,8.46598,;263.480792,8.51606,;263.480792,8.56617,;263.480792,8.61627,;263.480792,8.66638,;263.480792,8.71645,;263.480792,8.76654,;263.480792,8.81662,;263.480792,8.86673,;263.480792,8.91681,;263.480792,8.96694,;263.480792,9.01706,;263.480792,9.06714,;263.480792,9.11724,;263.480792,9.16735,;263.480792,9.21745,;254.331341,9.26754,;254.331341,9.31765,;254.331341,9.36772,;254.331341,9.41782,;254.331341,9.46791,;254.331341,9.51799,;254.331341,9.56809,;254.331341,9.61821,;254.331341,9.6683,;254.331341,9.7184,;254.331341,9.76849,;254.331341,9.81857,;254.331341,9.86866,;254.331341,9.91876,;254.331341,9.96884,;
inf,0.0500967,;505.713993,0.100192,;505.713993,0.150307,;493.522922,0.200394,;493.522922,0.250503,;493.522922,0.300589,;419.008049,0.350693,;419.008049,0.4008,;419.008049,0.450903,;419.008049,0.501009,;419.008049,0.551118,;419.008049,0.601232,;419.008049,0.651339,;419.008049,0.701446,;419.008049,0.751553,;419.008049,0.801659,;372.420512,0.851772,;372.420512,0.901881,;372.420512,0.951963,;347.807735,1.00208,;347.807735,1.05217,;347.807735,1.10229,;347.807735,1.15237,;347.807735,1.20248,;347.807735,1.25258,;347.807735,1.30269,;347.807735,1.35277,;347.807735,1.40288,;347.807735,1.45298,;347.807735,1.50309,;328.205554,1.55319,;316.817318,1.6033,;316.817318,1.6534,;316.817318,1.70351,;316.817318,1.75361,;316.817318,1.80372,;316.817318,1.85382,;316.817318,1.90387,;316.817318,1.95395,;316.817318,2.00402,;316.817318,2.05409,;315.879581,2.10417,;315.879581,2.15428,;315.879581,2.2044,;315.879581,2.2545,;315.879581,2.30458,;315.879581,2.35468,;315.879581,2.40476,;315.879581,2.45487,;315.879581,2.50495,;315.879581,2.55506,;315.879581,2.60515,;315.879581,2.65526,;315.879581,2.70534,;315.879581,2.75546,;315.879581,2.80556,;315.879581,2.85567,;315.879581,2.90575,;315.879581,2.95583,;315.879581,3.00594,;315.879581,3.05605,;315.879581,3.10614,;315.879581,3.15624,;315.879581,3.20636,;315.879581,3.25646,;315.879581,3.30656,;315.879581,3.35666,;315.879581,3.40677,;315.879581,3.45687,;315.879581,3.50698,;315.879581,3.55706,;315.879581,3.60718,;315.879581,3.65724,;315.879581,3.70731,;315.879581,3.7574,;315.879581,3.80751,;315.879581,3.85761,;315.879581,3.90771,;315.879581,3.95782,;315.879581,4.00789,;315.879581,4.058,;315.879581,4.10809,;315.879581,4.1582,;315.879581,4.20828,;315.879581,4.25839,;315.879581,4.30847,;315.879581,4.35862,;315.879581,4.40873,;315.879581,4.45883,;315.879581,4.50894,;315.879581,4.55903,;315.879581,4.60912,;315.879581,4.6592,;315.879581,4.70928,;315.879581,4.75937,;315.879581,4.80945,;315.879581,4.85954,;315.879581,4.90961,;315.879581,4.95968,;315.879581,5.00978,;315.879581,5.05986,;315.879581,5.10998,;315.879581,5.16005,;315.879581,5.21013,;315.879581,5.2602,;281.089914,5.3103,;281.089914,5.3604,;281.089914,5.41051,;281.089914,5.46059,;281.089914,5.51071,;281.089914,5.5608,;281.089914,5.61092,;281.089914,5.66103,;281.089914,5.71109,;279.132056,5.76119,;279.132056,5.81129,;279.132056,5.8614,;279.132056,5.91151,;279.132056,5.96161,;279.132056,6.01168,;279.132056,6.06176,;279.132056,6.11185,;279.132056,6.16196,;279.132056,6.21205,;279.132056,6.26216,;279.132056,6.31222,;279.132056,6.36229,;279.132056,6.41238,;279.132056,6.46246,;279.132056,6.51253,;279.132056,6.56264,;279.132056,6.61276,;279.132056,6.66287,;279.132056,6.71295,;279.132056,6.76307,;279.132056,6.81317,;279.132056,6.86328,;279.132056,6.91338,;279.132056,6.96349,;279.132056,7.01361,;279.132056,7.06374,;279.132056,7.11386,;279.132056,7.16397,;278.338388,7.21407,;278.338388,7.26415,;278.338388,7.31427,;278.338388,7.36437,;278.338388,7.41447,;278.338388,7.46455,;278.338388,7.51466,;278.338388,7.56477,;278.338388,7.61488,;278.338388,7.66497,;278.338388,7.71505,;278.338388,7.76514,;278.338388,7.81521,;278.338388,7.86531,;278.338388,7.91538,;278.338388,7.96547,;278.338388,8.01558,;278.338388,8.06565,;278.338388,8.11573,;277.236368,8.16581,;277.236368,8.21589,;277.236368,8.266,;277.236368,8.31608,;277.236368,8.36617,;277.236368,8.41626,;277.236368,8.46636,;277.236368,8.51645,;277.236368,8.56654,;277.236368,8.61664,;277.236368,8.66671,;277.236368,8.71681,;277.236368,8.76689,;277.236368,8.81698,;277.236368,8.86705,;277.236368,8.91712,;277.236368,8.96723,;277.236368,9.01731,;277.236368,9.06743,;277.236368,9.11751,;277.236368,9.1676,;277.236368,9.21768,;277.236368,9.26773,;277.236368,9.31782,;277.236368,9.36789,;277.236368,9.41799,;277.236368,9.46807,;277.236368,9.51815,;277.236368,9.56823,;277.236368,9.61835,;277.236368,9.66843,;277.236368,9.71852,;277.236368,9.76861,;277.236368,9.8187,;277.236368,9.86877,;277.236368,9.91888,;277.236368,9.96899,;277.236368,10.0191,;
435.768584,0.0500646,;435.768584,0.100178,;435.768584,0.150252,;435.768584,0.200333,;435.768584,0.250405,;435.768584,0.300487,;431.783767,0.350581,;431.783767,0.400693,;431.783767,0.450778,;431.783767,0.500885,;431.783767,0.550977,;431.783767,0.601085,;431.783767,0.651204,;406.183221,0.70132,;406.183221,0.751402,;406.183221,0.801511,;406.183221,0.851612,;388.678397,0.90168,;383.329739,0.951788,;383.329739,1.00191,;362.053856,1.05199,;362.053856,1.10212,;362.053856,1.15223,;362.053856,1.20234,;362.053856,1.25244,;362.053856,1.30252,;362.053856,1.35261,;359.584580,1.4027,;329.130849,1.45282,;329.130849,1.5029,;320.089748,1.55299,;292.621153,1.60309,;292.621153,1.65318,;292.621153,1.70329,;292.621153,1.7534,;292.621153,1.8035,;292.621153,1.85358,;292.621153,1.90366,;291.350866,1.95375,;291.350866,2.00386,;291.350866,2.05397,;291.350866,2.10405,;291.350866,2.15415,;291.350866,2.20426,;291.350866,2.25432,;289.059162,2.30444,;289.059162,2.35451,;289.059162,2.40463,;289.059162,2.45469,;283.712953,2.50477,;283.712953,2.55489,;283.712953,2.605,;283.712953,2.65508,;283.712953,2.70518,;283.712953,2.75527,;283.712953,2.80538,;283.712953,2.85547,;283.712953,2.90556,;283.712953,2.95564,;283.712953,3.00577,;283.712953,3.05588,;283.712953,3.10596,;283.712953,3.15608,;283.712953,3.20615,;283.712953,3.25625,;283.712953,3.30632,;281.302213,3.35639,;281.302213,3.40648,;281.302213,3.45658,;281.302213,3.50666,;281.302213,3.55675,;281.302213,3.60683,;281.302213,3.6569,;281.302213,3.70698,;281.302213,3.75709,;281.302213,3.80716,;281.302213,3.85724,;281.302213,3.90731,;281.302213,3.95745,;281.302213,4.00754,;281.302213,4.05763,;281.302213,4.10774,;281.302213,4.15785,;281.302213,4.20795,;281.302213,4.25806,;281.302213,4.3082,;281.302213,4.35827,;281.302213,4.40835,;281.302213,4.45843,;281.302213,4.5085,;281.302213,4.55859,;281.302213,4.60868,;281.302213,4.65876,;281.302213,4.70887,;281.302213,4.75896,;281.302213,4.80906,;281.302213,4.85914,;281.302213,4.90921,;281.302213,4.95928,;281.302213,5.00937,;281.302213,5.05947,;281.302213,5.10959,;281.302213,5.1597,;281.302213,5.20981,;281.302213,5.25991,;281.302213,5.31001,;281.302213,5.36011,;281.302213,5.41015,;281.302213,5.46026,;281.302213,5.5103,;281.302213,5.5604,;281.302213,5.61051,;281.302213,5.66058,;281.302213,5.71066,;281.302213,5.76078,;281.302213,5.81086,;281.302213,5.86094,;281.302213,5.91102,;281.302213,5.9611,;281.302213,6.01119,;281.302213,6.06128,;281.302213,6.11137,;281.302213,6.16146,;281.302213,6.21154,;281.302213,6.26162,;281.302213,6.31171,;281.302213,6.36179,;281.302213,6.41187,;281.302213,6.46195,;281.302213,6.51204,;281.302213,6.56212,;281.302213,6.6122,;281.302213,6.66228,;281.302213,6.71237,;281.302213,6.76245,;281.302213,6.81253,;281.302213,6.86261,;281.302213,6.91269,;281.302213,6.96276,;281.302213,7.01285,;281.302213,7.06294,;281.302213,7.11302,;281.302213,7.16311,;281.302213,7.21319,;281.302213,7.26327,;281.302213,7.31335,;281.302213,7.36344,;281.302213,7.41351,;281.302213,7.46359,;281.302213,7.51368,;281.302213,7.56377,;281.302213,7.61391,;281.302213,7.66398,;281.302213,7.71405,;281.302213,7.76413,;281.302213,7.81416,;281.302213,7.86422,;281.302213,7.91429,;281.302213,7.96435,;281.302213,8.01444,;281.302213,8.06453,;281.302213,8.11463,;281.302213,8.16471,;281.302213,8.2148,;281.302213,8.26489,;281.302213,8.31498,;281.302213,8.36505,;281.302213,8.41515,;281.302213,8.46522,;281.302213,8.51531,;281.302213,8.56539,;281.302213,8.61546,;281.302213,8.66554,;281.302213,8.71566,;281.302213,8.76573,;266.689545,8.81585,;266.689545,8.86592,;266.689545,8.91604,;266.689545,8.96617,;266.689545,9.0163,;266.689545,9.06638,;266.689545,9.11652,;266.689545,9.16661,;266.689545,9.21672,;266.689545,9.2668,;266.689545,9.31691,;266.689545,9.367,;266.689545,9.41711,;266.689545,9.46719,;266.689545,9.51731,;266.689545,9.5674,;266.689545,9.61751,;266.689545,9.66762,;266.689545,9.7177,;266.689545,9.76781,;266.689545,9.81791,;266.689545,9.86802,;266.689545,9.91811,;262.688534,9.9682,;262.688534,10.0183,;
645.987761,0.050057,;645.987761,0.100176,;645.987761,0.150259,;645.987761,0.200366,;645.987761,0.250448,;516.693284,0.300565,;516.693284,0.350654,;516.693284,0.400762,;516.693284,0.450856,;516.693284,0.500967,;516.693284,0.55105,;516.693284,0.601158,;516.693284,0.651226,;516.693284,0.701328,;516.693284,0.751395,;397.089815,0.801503,;384.294262,0.851588,;384.294262,0.901722,;384.294262,0.951841,;384.294262,1.00192,;384.294262,1.05202,;378.544813,1.1021,;356.640462,1.15222,;344.179966,1.20229,;344.179966,1.25241,;344.179966,1.3025,;344.179966,1.35262,;344.179966,1.40269,;344.179966,1.4528,;322.421066,1.50289,;322.421066,1.55301,;322.421066,1.60309,;322.421066,1.65321,;322.421066,1.70328,;322.421066,1.75339,;322.421066,1.80347,;322.421066,1.85357,;322.421066,1.90365,;322.421066,1.95377,;322.421066,2.00385,;322.421066,2.05393,;322.421066,2.10404,;322.421066,2.15411,;313.575640,2.20418,;313.575640,2.25431,;313.575640,2.30443,;313.575640,2.35451,;313.575640,2.40459,;292.137547,2.45469,;292.137547,2.50481,;292.137547,2.55488,;292.137547,2.60497,;292.137547,2.65509,;292.137547,2.70519,;292.137547,2.75527,;292.137547,2.80538,;292.137547,2.85549,;292.137547,2.9056,;292.137547,2.95572,;292.137547,3.00581,;292.137547,3.05593,;292.137547,3.10601,;292.137547,3.15613,;292.137547,3.20621,;292.137547,3.25628,;292.137547,3.30636,;292.137547,3.35644,;292.137547,3.40651,;292.137547,3.45659,;292.137547,3.50668,;292.137547,3.55682,;292.137547,3.6069,;292.137547,3.65702,;292.137547,3.70711,;292.137547,3.75721,;292.137547,3.80733,;292.137547,3.85745,;292.137547,3.90755,;292.137547,3.95771,;292.137547,4.0078,;292.137547,4.05791,;292.137547,4.10802,;292.137547,4.15809,;292.137547,4.20819,;292.137547,4.25827,;292.137547,4.30838,;292.137547,4.35847,;292.137547,4.40855,;292.137547,4.45864,;292.137547,4.50875,;292.137547,4.55882,;292.137547,4.60894,;292.137547,4.65902,;292.137547,4.70913,;292.137547,4.75921,;292.137547,4.80932,;292.137547,4.85944,;292.137547,4.90954,;280.414314,4.95964,;280.414314,5.00972,;280.414314,5.05981,;280.414314,5.10991,;280.414314,5.15999,;280.414314,5.21007,;280.414314,5.26014,;280.414314,5.31022,;280.414314,5.36029,;280.414314,5.41037,;280.414314,5.46048,;280.414314,5.51057,;280.414314,5.56068,;280.414314,5.61078,;280.414314,5.66088,;280.414314,5.71097,;280.414314,5.76105,;280.414314,5.81113,;280.414314,5.86122,;280.414314,5.91134,;280.414314,5.96141,;280.414314,6.01153,;280.414314,6.06163,;280.414314,6.11174,;280.414314,6.16185,;280.414314,6.21195,;280.414314,6.26202,;280.414314,6.31209,;280.414314,6.36217,;280.414314,6.41226,;280.414314,6.46235,;280.414314,6.51247,;280.414314,6.56255,;280.414314,6.61266,;280.414314,6.66274,;280.414314,6.71285,;280.414314,6.76293,;280.414314,6.81304,;280.414314,6.86312,;280.414314,6.91323,;280.414314,6.96332,;280.414314,7.01344,;280.414314,7.06353,;280.414314,7.11365,;280.414314,7.16375,;280.414314,7.21387,;280.414314,7.26398,;280.414314,7.31404,;280.414314,7.36415,;280.414314,7.41424,;280.414314,7.46436,;280.414314,7.51445,;280.414314,7.56452,;280.414314,7.61461,;280.414314,7.66473,;280.414314,7.71484,;280.414314,7.76495,;280.414314,7.81505,;272.930541,7.86515,;272.930541,7.91526,;272.930541,7.96537,;272.930541,8.01548,;272.930541,8.06558,;272.930541,8.1157,;272.930541,8.1658,;272.930541,8.21587,;271.082664,8.26598,;271.082664,8.31608,;271.082664,8.36619,;271.082664,8.4163,;271.082664,8.46637,;271.082664,8.51648,;271.082664,8.56658,;271.082664,8.61666,;271.082664,8.66675,;271.082664,8.71682,;271.082664,8.76692,;271.082664,8.81703,;271.082664,8.86711,;271.082664,8.91722,;271.082664,8.96731,;271.082664,9.0174,;271.082664,9.06748,;271.082664,9.1176,;271.082664,9.16771,;271.082664,9.2178,;271.082664,9.26789,;271.082664,9.31796,;271.082664,9.36808,;271.082664,9.41817,;271.082664,9.46825,;271.082664,9.51837,;271.082664,9.56844,;271.082664,9.61853,;257.764106,9.66864,;257.764106,9.71871,;257.764106,9.76881,;257.764106,9.8189,;257.764106,9.869,;257.764106,9.91911,;257.764106,9.96922,;257.764106,10.0193,;
566.307292,0.0500914,;544.746724,0.100172,;544.746724,0.150283,;544.746724,0.200401,;533.360874,0.250503,;533.360874,0.300608,;533.360874,0.35071,;449.819403,0.400815,;449.819403,0.450921,;449.819403,0.501053,;366.646460,0.55116,;366.646460,0.601267,;366.646460,0.651377,;366.646460,0.701488,;366.646460,0.751555,;366.646460,0.801656,;305.653697,0.851759,;305.653697,0.90184,;305.653697,0.951923,;305.653697,1.00204,;305.653697,1.05213,;305.653697,1.10222,;305.653697,1.15231,;305.653697,1.20239,;305.653697,1.2525,;305.653697,1.30258,;305.653697,1.35265,;305.653697,1.40273,;305.653697,1.45281,;305.653697,1.50288,;305.653697,1.55299,;305.653697,1.60309,;305.653697,1.6532,;305.653697,1.70332,;305.653697,1.75338,;305.653697,1.80342,;305.653697,1.85353,;305.653697,1.9036,;305.653697,1.95371,;305.653697,2.00379,;305.653697,2.0539,;305.653697,2.10398,;305.653697,2.15409,;305.653697,2.20418,;305.653697,2.25428,;305.653697,2.30436,;305.653697,2.35448,;305.653697,2.40457,;305.653697,2.45465,;303.001401,2.50476,;303.001401,2.55486,;303.001401,2.60497,;303.001401,2.65507,;303.001401,2.70517,;303.001401,2.75529,;303.001401,2.80539,;303.001401,2.85548,;303.001401,2.9056,;303.001401,2.95567,;281.845257,3.00578,;281.845257,3.05586,;281.845257,3.10595,;281.845257,3.15605,;281.845257,3.20613,;281.845257,3.25622,;281.845257,3.30632,;281.845257,3.35643,;281.845257,3.40651,;281.845257,3.45662,;281.845257,3.50672,;281.845257,3.5568,;281.845257,3.60691,;281.845257,3.65702,;275.124792,3.70712,;275.124792,3.75722,;275.124792,3.80733,;275.124792,3.8574,;275.124792,3.90747,;275.124792,3.95758,;275.124792,4.00765,;275.124792,4.05775,;275.124792,4.10783,;275.124792,4.15795,;275.124792,4.20803,;275.124792,4.25813,;275.124792,4.30821,;275.124792,4.35828,;275.124792,4.40836,;275.124792,4.45846,;275.124792,4.50855,;275.124792,4.55863,;275.124792,4.60871,;275.124792,4.65883,;275.124792,4.70894,;275.124792,4.75902,;275.124792,4.8091,;272.096951,4.85922,;272.096951,4.90932,;272.096951,4.95944,;272.096951,5.00952,;272.096951,5.05961,;272.096951,5.10977,;272.096951,5.15985,;272.096951,5.20996,;272.096951,5.26004,;272.096951,5.31014,;272.096951,5.36023,;272.096951,5.41034,;272.096951,5.46044,;272.096951,5.51054,;272.096951,5.56063,;269.846037,5.61073,;269.846037,5.66084,;269.846037,5.71092,;269.846037,5.76101,;269.846037,5.81108,;269.846037,5.86117,;269.846037,5.91126,;269.846037,5.96134,;269.846037,6.01146,;269.846037,6.06157,;269.846037,6.11168,;269.846037,6.16178,;269.846037,6.21189,;269.846037,6.26199,;269.846037,6.31207,;269.846037,6.36218,;269.846037,6.41229,;269.846037,6.46239,;269.846037,6.5125,;269.846037,6.56261,;269.846037,6.61271,;269.846037,6.66282,;269.846037,6.71293,;269.846037,6.76304,;269.846037,6.81311,;269.846037,6.86321,;269.846037,6.9133,;269.846037,6.96342,;269.846037,7.01352,;269.846037,7.06357,;269.846037,7.11365,;269.846037,7.16373,;269.846037,7.21389,;269.846037,7.26397,;269.846037,7.31408,;258.956941,7.36416,;258.956941,7.41424,;258.956941,7.46432,;258.956941,7.51444,;258.956941,7.56451,;258.956941,7.61459,;258.956941,7.66471,;258.956941,7.71478,;258.956941,7.76489,;258.956941,7.81504,;258.956941,7.86515,;258.956941,7.91526,;258.956941,7.96537,;258.956941,8.01549,;258.956941,8.06555,;258.956941,8.11562,;258.956941,8.16572,;258.956941,8.21581,;258.956941,8.26589,;258.956941,8.31599,;258.956941,8.36606,;258.956941,8.41616,;258.956941,8.46627,;258.956941,8.51637,;258.956941,8.56648,;258.956941,8.61658,;258.956941,8.66666,;258.956941,8.71675,;258.956941,8.76686,;258.956941,8.81697,;258.956941,8.86705,;258.956941,8.91717,;258.956941,8.96725,;258.956941,9.01735,;258.956941,9.06748,;258.956941,9.11759,;258.956941,9.16767,;258.956941,9.21776,;258.956941,9.26784,;258.956941,9.31794,;258.956941,9.36803,;258.956941,9.41812,;258.956941,9.46821,;258.956941,9.51829,;258.956941,9.56837,;258.956941,9.61845,;258.956941,9.66852,;258.956941,9.7186,;258.956941,9.76867,;258.956941,9.81875,;258.956941,9.86882,;258.956941,9.91894,;258.956941,9.96906,;258.956941,10.0192,;
445.479542,0.0500938,;445.479542,0.100173,;387.633260,0.150283,;387.633260,0.200391,;387.633260,0.2505,;387.633260,0.30057,;387.633260,0.350689,;387.633260,0.40077,;387.633260,0.450875,;387.633260,0.500954,;387.633260,0.551057,;387.633260,0.601136,;387.633260,0.651222,;387.633260,0.701303,;387.633260,0.751421,;327.690298,0.801508,;327.690298,0.851621,;327.690298,0.901733,;327.690298,0.951839,;327.690298,1.00194,;327.690298,1.05206,;327.690298,1.10215,;327.690298,1.15224,;327.690298,1.20235,;327.690298,1.25242,;323.859127,1.30253,;323.859127,1.3526,;323.859127,1.40271,;323.859127,1.45279,;323.859127,1.50286,;323.859127,1.55295,;323.859127,1.60305,;323.859127,1.65313,;323.859127,1.70322,;323.859127,1.75331,;323.859127,1.80343,;323.859127,1.85352,;296.510521,1.90363,;296.510521,1.95375,;296.510521,2.00385,;296.510521,2.05392,;296.510521,2.10402,;296.510521,2.15413,;281.345712,2.2042,;281.345712,2.25431,;281.345712,2.30438,;281.345712,2.35449,;281.345712,2.40456,;276.987351,2.45463,;276.987351,2.5047,;276.987351,2.55479,;276.987351,2.60488,;276.987351,2.65497,;276.987351,2.70505,;276.987351,2.75516,;276.987351,2.80523,;276.987351,2.85532,;276.987351,2.9054,;276.987351,2.9555,;276.987351,3.00557,;276.987351,3.05565,;276.987351,3.10573,;276.987351,3.15584,;276.987351,3.20596,;276.987351,3.25603,;276.987351,3.3061,;276.987351,3.35619,;276.987351,3.4063,;276.987351,3.45639,;276.987351,3.50648,;276.987351,3.55656,;276.987351,3.60667,;276.987351,3.65673,;276.987351,3.70681,;276.987351,3.7569,;276.987351,3.80697,;276.987351,3.85705,;276.987351,3.90716,;276.987351,3.95724,;276.987351,4.00732,;276.987351,4.05738,;276.987351,4.10745,;276.987351,4.15753,;276.987351,4.20761,;276.987351,4.25768,;276.165309,4.30776,;276.165309,4.35783,;276.165309,4.40791,;276.165309,4.45799,;276.165309,4.5081,;276.165309,4.55817,;276.165309,4.60829,;276.165309,4.65839,;276.165309,4.70846,;276.165309,4.75857,;276.165309,4.80867,;276.165309,4.85879,;276.165309,4.90886,;276.165309,4.95897,;276.165309,5.00908,;276.165309,5.05915,;276.165309,5.10926,;276.165309,5.15934,;276.165309,5.20942,;276.165309,5.2595,;276.165309,5.3096,;276.165309,5.35973,;276.165309,5.40983,;276.165309,5.45994,;276.165309,5.51001,;276.165309,5.56013,;276.165309,5.61024,;276.165309,5.66034,;276.165309,5.71045,;276.165309,5.76048,;276.165309,5.81056,;276.165309,5.86064,;275.473646,5.91075,;275.473646,5.96086,;275.473646,6.01096,;275.473646,6.06104,;275.473646,6.11115,;275.473646,6.16124,;275.473646,6.21135,;275.473646,6.26146,;275.473646,6.31156,;275.473646,6.36167,;275.473646,6.41178,;275.473646,6.46189,;275.473646,6.51199,;275.473646,6.5621,;275.473646,6.6122,;275.473646,6.66231,;275.473646,6.71242,;275.473646,6.76253,;275.473646,6.81264,;275.473646,6.86275,;275.473646,6.91284,;275.473646,6.96295,;275.473646,7.01303,;275.473646,7.06314,;275.473646,7.11324,;275.473646,7.16332,;275.473646,7.21343,;275.473646,7.26354,;275.473646,7.31364,;275.473646,7.36375,;275.473646,7.41386,;275.473646,7.46394,;275.473646,7.51405,;275.473646,7.56416,;275.473646,7.61426,;275.473646,7.66438,;275.473646,7.71449,;275.473646,7.76456,;275.473646,7.81467,;275.473646,7.86475,;275.473646,7.91486,;275.473646,7.96494,;275.473646,8.01505,;275.473646,8.06512,;275.473646,8.11523,;275.473646,8.16533,;275.473646,8.21544,;275.473646,8.26552,;275.473646,8.31563,;275.473646,8.36574,;275.473646,8.41584,;275.473646,8.46591,;275.473646,8.516,;275.473646,8.56608,;275.473646,8.6162,;275.473646,8.66628,;275.473646,8.71639,;275.473646,8.76647,;275.473646,8.81655,;275.473646,8.86664,;275.473646,8.91672,;275.473646,8.96682,;275.473646,9.01691,;275.473646,9.067,;275.473646,9.11709,;275.473646,9.16718,;275.473646,9.21728,;275.473646,9.26739,;275.473646,9.31747,;275.473646,9.36758,;275.473646,9.41766,;275.473646,9.46777,;272.105566,9.51787,;272.105566,9.56798,;272.105566,9.61808,;272.105566,9.66817,;272.105566,9.71828,;272.105566,9.76838,;272.105566,9.81849,;272.105566,9.86857,;272.105566,9.91867,;272.105566,9.9688,;272.105566,10.0189,;272.105566,10.069,;
544.830320,0.0500908,;544.830320,0.100159,;522.986731,0.150275,;522.986731,0.200385,;493.674950,0.250508,;493.674950,0.300612,;493.674950,0.350681,;493.674950,0.400784,;493.674950,0.450868,;493.674950,0.500984,;493.674950,0.551065,;493.674950,0.601182,;493.674950,0.65126,;493.674950,0.701372,;493.674950,0.751482,;434.412655,0.801566,;353.585064,0.851655,;353.585064,0.901735,;353.585064,0.951843,;353.585064,1.00192,;353.585064,1.05204,;353.585064,1.10213,;353.585064,1.15224,;353.585064,1.20235,;353.585064,1.25243,;353.585064,1.30255,;353.585064,1.35268,;312.857054,1.40275,;312.857054,1.45286,;312.857054,1.50297,;312.857054,1.55305,;298.242793,1.60314,;298.242793,1.65325,;298.242793,1.70333,;298.242793,1.75342,;298.242793,1.80352,;298.242793,1.85359,;298.242793,1.9037,;298.242793,1.9538,;298.242793,2.00392,;286.251418,2.05402,;286.251418,2.10411,;286.251418,2.15418,;286.251418,2.20426,;286.251418,2.25437,;286.251418,2.30448,;286.251418,2.35455,;286.251418,2.40462,;286.251418,2.45469,;286.251418,2.50476,;286.251418,2.55484,;286.251418,2.60491,;286.251418,2.65496,;286.251418,2.70502,;286.251418,2.75511,;286.251418,2.80522,;286.251418,2.8553,;286.251418,2.90541,;286.251418,2.95549,;286.251418,3.00558,;286.251418,3.05565,;286.251418,3.10574,;286.251418,3.15582,;286.251418,3.2059,;286.251418,3.256,;284.238926,3.30607,;284.238926,3.35618,;284.238926,3.40626,;284.238926,3.45638,;284.238926,3.50644,;284.238926,3.55652,;284.238926,3.6066,;284.238926,3.6567,;284.238926,3.70676,;284.238926,3.75684,;284.238926,3.80694,;284.238926,3.85702,;284.238926,3.90711,;284.238926,3.95719,;284.238926,4.00728,;284.238926,4.05737,;284.238926,4.10746,;284.238926,4.15754,;284.238926,4.20765,;273.474430,4.25773,;273.474430,4.30782,;273.474430,4.35792,;273.474430,4.408,;273.474430,4.45809,;273.474430,4.50819,;273.474430,4.55828,;273.474430,4.60838,;273.474430,4.65848,;273.474430,4.70858,;273.474430,4.75867,;273.474430,4.80876,;273.474430,4.85885,;273.474430,4.90898,;268.713749,4.9591,;268.713749,5.00919,;268.713749,5.05929,;268.713749,5.10937,;268.713749,5.15946,;268.713749,5.20956,;268.713749,5.25968,;268.713749,5.3098,;268.713749,5.35988,;268.713749,5.40997,;268.713749,5.46006,;268.713749,5.51018,;268.713749,5.56026,;268.713749,5.61037,;268.713749,5.66046,;268.713749,5.71057,;268.713749,5.76066,;268.713749,5.81075,;268.713749,5.86085,;268.713749,5.91093,;268.713749,5.96102,;268.713749,6.01112,;268.713749,6.06121,;268.713749,6.11133,;268.713749,6.16144,;268.713749,6.21154,;268.713749,6.26163,;268.713749,6.31174,;268.713749,6.36184,;268.713749,6.41192,;268.713749,6.46205,;264.832108,6.51214,;264.832108,6.56222,;264.832108,6.61234,;264.832108,6.66243,;264.832108,6.71255,;264.832108,6.76263,;264.832108,6.81271,;264.832108,6.86279,;264.832108,6.9129,;264.832108,6.96296,;264.832108,7.01305,;264.832108,7.06316,;264.832108,7.11325,;264.832108,7.16335,;264.832108,7.21347,;264.832108,7.26356,;264.832108,7.31367,;264.832108,7.36374,;262.767972,7.41381,;262.767972,7.46389,;262.767972,7.51396,;262.767972,7.56405,;262.767972,7.61413,;262.122781,7.66421,;262.122781,7.71432,;262.122781,7.76441,;262.122781,7.81448,;262.122781,7.86459,;262.122781,7.91467,;262.122781,7.96475,;262.122781,8.01484,;262.122781,8.06493,;262.122781,8.11501,;262.122781,8.16509,;262.122781,8.21518,;262.122781,8.26527,;262.122781,8.31536,;262.122781,8.36544,;262.122781,8.41552,;262.122781,8.46564,;262.122781,8.51573,;262.122781,8.56583,;262.122781,8.61591,;262.122781,8.66603,;262.122781,8.71611,;262.122781,8.76619,;262.122781,8.81626,;262.122781,8.86634,;262.122781,8.91642,;262.122781,8.9665,;262.122781,9.01658,;262.122781,9.06666,;262.122781,9.11678,;262.122781,9.16686,;262.122781,9.21698,;262.122781,9.26707,;262.122781,9.31718,;262.122781,9.36726,;262.122781,9.41737,;262.122781,9.46747,;262.122781,9.51758,;262.122781,9.5677,;262.122781,9.61781,;262.122781,9.66792,;262.122781,9.71803,;262.122781,9.76812,;262.122781,9.81819,;262.122781,9.86826,;262.122781,9.91834,;262.122781,9.96841,;262.122781,10.0185,;
430.370823,0.0500956,;430.370823,0.100176,;430.370823,0.15028,;430.370823,0.200373,;420.516113,0.25046,;420.516113,0.300555,;420.516113,0.350637,;420.516113,0.400717,;420.516113,0.450788,;420.516113,0.500894,;420.516113,0.550959,;420.516113,0.601037,;401.756020,0.651145,;376.476325,0.701225,;376.476325,0.751306,;376.476325,0.801384,;376.476325,0.851457,;376.476325,0.90153,;376.476325,0.951595,;376.476325,1.00167,;369.055894,1.05176,;351.789034,1.10186,;351.789034,1.15194,;323.790982,1.20205,;323.790982,1.25213,;323.790982,1.30221,;323.790982,1.3523,;323.790982,1.40238,;323.790982,1.45247,;288.666304,1.50255,;288.666304,1.55262,;288.666304,1.60267,;288.666304,1.65277,;286.909165,1.70284,;286.909165,1.75294,;286.909165,1.803,;286.909165,1.85311,;286.909165,1.90319,;286.909165,1.95329,;286.909165,2.00338,;286.909165,2.05346,;286.909165,2.10355,;286.909165,2.15368,;286.909165,2.20376,;286.909165,2.25387,;286.909165,2.30398,;286.909165,2.35407,;286.909165,2.40417,;286.909165,2.45427,;286.909165,2.50437,;286.909165,2.55448,;286.909165,2.60461,;286.909165,2.65467,;286.909165,2.70474,;286.909165,2.75481,;286.909165,2.80487,;286.909165,2.85494,;286.909165,2.90503,;286.909165,2.95511,;286.909165,3.00518,;286.909165,3.05528,;286.909165,3.10538,;286.909165,3.15548,;286.909165,3.20557,;286.909165,3.25565,;286.909165,3.30574,;286.909165,3.35583,;286.909165,3.40591,;286.909165,3.456,;286.909165,3.50608,;286.909165,3.55617,;286.909165,3.60626,;286.909165,3.65634,;286.909165,3.70642,;286.909165,3.75653,;286.909165,3.80659,;286.909165,3.8567,;286.909165,3.90677,;286.909165,3.95687,;286.909165,4.00693,;286.909165,4.05703,;286.909165,4.10712,;286.909165,4.15722,;286.909165,4.2073,;286.909165,4.25739,;286.909165,4.3075,;286.909165,4.3576,;286.909165,4.40768,;286.909165,4.45779,;286.909165,4.50787,;286.909165,4.55798,;286.909165,4.60806,;286.909165,4.65818,;286.909165,4.70825,;286.909165,4.75835,;286.909165,4.80846,;274.197655,4.85853,;274.197655,4.9086,;274.197655,4.95869,;274.197655,5.00877,;274.197655,5.05886,;274.197655,5.109,;274.197655,5.15909,;274.197655,5.20917,;274.197655,5.25925,;274.197655,5.30933,;274.197655,5.35942,;274.197655,5.40949,;274.197655,5.45961,;274.197655,5.50971,;274.197655,5.55981,;274.197655,5.60989,;274.197655,5.65997,;274.197655,5.71008,;274.197655,5.76018,;274.197655,5.81029,;274.197655,5.86039,;274.197655,5.9105,;274.197655,5.9606,;274.197655,6.01072,;274.197655,6.06083,;274.197655,6.1109,;274.197655,6.16101,;274.197655,6.2111,;274.197655,6.26121,;274.197655,6.3113,;274.197655,6.3614,;274.197655,6.41148,;274.197655,6.46159,;274.197655,6.51167,;274.197655,6.56174,;274.197655,6.61183,;265.291442,6.66195,;265.291442,6.71203,;265.291442,6.76214,;265.291442,6.81222,;265.291442,6.86231,;265.291442,6.91238,;265.291442,6.96248,;265.291442,7.01258,;265.291442,7.06268,;265.291442,7.11277,;265.291442,7.16285,;265.291442,7.21296,;265.291442,7.26305,;265.291442,7.31316,;249.701216,7.36326,;249.701216,7.41333,;249.701216,7.46341,;249.701216,7.51351,;249.701216,7.5636,;249.701216,7.61367,;249.701216,7.66376,;249.701216,7.71384,;249.701216,7.76394,;248.796947,7.814,;248.796947,7.86408,;248.796947,7.9142,;248.796947,7.9643,;248.796947,8.01439,;248.796947,8.06449,;248.796947,8.11459,;248.796947,8.16471,;248.796947,8.21478,;248.796947,8.26489,;248.796947,8.31496,;248.796947,8.36505,;248.796947,8.41508,;248.796947,8.4652,;248.796947,8.51528,;248.796947,8.56539,;248.796947,8.61547,;248.796947,8.66556,;248.796947,8.71567,;248.796947,8.76574,;248.796947,8.81582,;248.796947,8.8659,;248.796947,8.91601,;248.796947,8.96611,;248.796947,9.01619,;248.796947,9.06628,;248.796947,9.11637,;248.796947,9.16646,;248.796947,9.21653,;248.796947,9.26664,;248.796947,9.31671,;248.796947,9.36677,;248.796947,9.41685,;248.796947,9.46692,;248.796947,9.51699,;248.796947,9.5671,;248.796947,9.6172,;248.796947,9.6673,;248.796947,9.71741,;248.796947,9.76749,;248.796947,9.81757,;248.796947,9.86764,;248.796947,9.91772,;248.796947,9.96781,;248.796947,10.0179,;
520.253963,0.0500961,;520.253963,0.100219,;520.253963,0.150286,;520.253963,0.200392,;520.253963,0.25046,;510.934275,0.300561,;510.934275,0.350639,;502.637022,0.400751,;361.477414,0.450837,;361.477414,0.500945,;361.477414,0.55103,;361.477414,0.601158,;361.477414,0.651248,;361.477414,0.701354,;361.477414,0.751431,;361.477414,0.80154,;361.477414,0.851641,;361.477414,0.901742,;357.477867,0.951847,;357.477867,1.00195,;357.477867,1.05206,;357.477867,1.10215,;357.477867,1.15222,;357.477867,1.20231,;357.477867,1.25242,;357.477867,1.3025,;357.477867,1.35261,;357.477867,1.40269,;357.477867,1.45277,;357.477867,1.50284,;357.477867,1.55297,;357.477867,1.60308,;291.260857,1.65319,;291.260857,1.70328,;291.260857,1.75339,;291.260857,1.80349,;291.260857,1.85359,;291.260857,1.90369,;291.260857,1.95379,;291.260857,2.00389,;291.260857,2.05397,;284.073242,2.10409,;284.073242,2.15416,;284.073242,2.20427,;284.073242,2.25433,;284.073242,2.3044,;284.073242,2.35447,;284.073242,2.40456,;284.073242,2.45464,;284.073242,2.50472,;284.073242,2.55481,;284.073242,2.60492,;284.073242,2.65499,;284.073242,2.70506,;284.073242,2.75512,;284.073242,2.80519,;284.073242,2.85527,;284.073242,2.90537,;284.073242,2.95544,;284.073242,3.00552,;284.073242,3.05561,;284.073242,3.10569,;284.073242,3.15581,;284.073242,3.20593,;284.073242,3.25605,;284.073242,3.30617,;284.073242,3.35628,;284.073242,3.4064,;284.073242,3.45651,;284.073242,3.50663,;284.073242,3.55672,;284.073242,3.60684,;284.073242,3.65695,;284.073242,3.70703,;284.073242,3.75714,;284.073242,3.80721,;284.073242,3.85732,;284.073242,3.9074,;284.073242,3.95751,;284.073242,4.0076,;284.073242,4.0577,;284.073242,4.10779,;284.073242,4.15792,;284.073242,4.20803,;284.073242,4.25815,;284.073242,4.30825,;284.073242,4.35833,;284.073242,4.40845,;284.073242,4.45853,;284.073242,4.50861,;284.073242,4.5587,;284.073242,4.6088,;284.073242,4.65889,;284.073242,4.70899,;284.073242,4.7591,;284.073242,4.8092,;284.073242,4.85929,;284.073242,4.90941,;284.073242,4.95949,;284.073242,5.00962,;284.073242,5.05971,;284.073242,5.10983,;284.073242,5.15992,;284.073242,5.21,;284.073242,5.26008,;284.073242,5.3102,;284.073242,5.36028,;284.073242,5.41036,;284.073242,5.46049,;284.073242,5.51059,;284.073242,5.56066,;284.073242,5.61076,;284.073242,5.66088,;284.073242,5.71097,;284.073242,5.76106,;284.073242,5.81119,;284.073242,5.86128,;284.073242,5.91141,;284.073242,5.96152,;284.073242,6.01161,;284.073242,6.06169,;284.073242,6.11181,;284.073242,6.16194,;262.352226,6.21203,;262.352226,6.26211,;262.352226,6.31222,;262.352226,6.3623,;262.352226,6.41242,;262.352226,6.46252,;262.352226,6.51261,;262.352226,6.56271,;262.352226,6.61286,;262.352226,6.66295,;262.352226,6.71308,;262.352226,6.76318,;262.352226,6.81328,;262.352226,6.86338,;262.352226,6.91347,;262.352226,6.96355,;262.352226,7.01365,;262.352226,7.06375,;262.352226,7.11385,;262.352226,7.16397,;262.352226,7.21406,;262.352226,7.26419,;262.352226,7.31427,;262.352226,7.36436,;262.352226,7.41445,;262.352226,7.46454,;262.352226,7.51462,;262.352226,7.56471,;262.352226,7.61479,;262.352226,7.66489,;262.352226,7.71498,;262.352226,7.76509,;262.352226,7.81519,;262.352226,7.86527,;262.352226,7.91536,;262.352226,7.96546,;262.352226,8.01556,;262.352226,8.06564,;262.352226,8.11575,;262.352226,8.16584,;262.352226,8.21593,;262.352226,8.26604,;262.352226,8.31614,;262.352226,8.36622,;262.352226,8.41633,;262.352226,8.4664,;262.352226,8.51648,;262.352226,8.56656,;262.352226,8.61665,;262.352226,8.66674,;262.352226,8.71681,;262.352226,8.76694,;262.352226,8.81705,;262.352226,8.86715,;262.352226,8.91727,;262.352226,8.96736,;262.352226,9.01748,;262.352226,9.06756,;262.352226,9.11765,;262.352226,9.16778,;262.352226,9.21787,;262.352226,9.26797,;262.352226,9.31806,;262.352226,9.36815,;262.352226,9.41824,;262.352226,9.46835,;262.352226,9.51843,;262.352226,9.56853,;262.352226,9.61863,;262.352226,9.66874,;262.352226,9.71883,;262.352226,9.76894,;262.352226,9.81904,;262.352226,9.86915,;262.352226,9.91927,;262.352226,9.96938,;
inf,0.0500617,;inf,0.10019,;433.606834,0.150283,;433.606834,0.20037,;433.606834,0.250453,;433.606834,0.300526,;433.606834,0.350607,;433.606834,0.400689,;433.606834,0.450785,;416.300458,0.500886,;396.828082,0.550999,;396.828082,0.60108,;396.828082,0.651175,;396.828082,0.701251,;396.828082,0.751334,;346.462104,0.801422,;346.462104,0.851502,;346.462104,0.901581,;346.462104,0.951663,;346.462104,1.00178,;346.462104,1.05185,;346.462104,1.10194,;313.841664,1.15203,;313.841664,1.20213,;309.882584,1.25225,;309.882584,1.30234,;309.882584,1.35242,;279.446850,1.40251,;279.446850,1.45259,;279.446850,1.50271,;279.446850,1.55279,;279.446850,1.60289,;279.446850,1.65299,;279.446850,1.7031,;279.446850,1.75318,;279.446850,1.80327,;279.446850,1.85335,;279.446850,1.90347,;279.446850,1.95359,;279.446850,2.00371,;279.446850,2.0538,;279.446850,2.1039,;279.446850,2.15401,;279.446850,2.2041,;279.446850,2.25417,;279.446850,2.30425,;279.446850,2.35434,;279.446850,2.40442,;279.446850,2.45452,;279.446850,2.50462,;279.446850,2.55472,;279.446850,2.60482,;279.446850,2.65493,;279.446850,2.70502,;279.446850,2.75512,;279.446850,2.8052,;279.446850,2.85528,;279.446850,2.9054,;279.446850,2.95549,;279.446850,3.00558,;279.446850,3.05567,;279.446850,3.10576,;279.446850,3.15585,;279.446850,3.20595,;279.446850,3.25604,;279.446850,3.30615,;279.446850,3.3563,;279.446850,3.40639,;279.446850,3.45647,;279.446850,3.50657,;279.446850,3.55667,;279.446850,3.60675,;279.446850,3.65685,;279.446850,3.70696,;279.446850,3.75704,;279.446850,3.80713,;279.446850,3.85722,;279.446850,3.90737,;279.446850,3.95745,;279.446850,4.00757,;279.446850,4.05765,;279.446850,4.10776,;279.446850,4.15787,;279.446850,4.20798,;279.446850,4.25806,;279.446850,4.30819,;279.446850,4.35829,;257.698535,4.40837,;257.698535,4.4585,;257.698535,4.50862,;257.698535,4.5587,;257.698535,4.60883,;257.698535,4.65894,;257.698535,4.70906,;257.698535,4.75917,;257.698535,4.80927,;257.698535,4.85935,;257.698535,4.90947,;257.698535,4.95954,;257.698535,5.00964,;257.698535,5.05977,;257.698535,5.10985,;257.698535,5.15996,;257.698535,5.2101,;257.698535,5.26019,;257.698535,5.3103,;257.698535,5.36038,;257.698535,5.41048,;257.698535,5.46055,;257.698535,5.51068,;257.698535,5.56077,;257.698535,5.61089,;257.698535,5.66097,;257.698535,5.71105,;257.698535,5.76113,;257.698535,5.81124,;257.698535,5.86133,;257.698535,5.91141,;257.698535,5.96151,;257.698535,6.01162,;257.698535,6.06172,;257.698535,6.11184,;257.698535,6.16191,;257.698535,6.21202,;257.698535,6.26214,;257.698535,6.31223,;257.698535,6.36233,;257.698535,6.4124,;257.698535,6.46252,;257.698535,6.51264,;257.698535,6.56271,;257.698535,6.61281,;257.698535,6.66291,;257.698535,6.713,;257.698535,6.76312,;257.698535,6.81321,;257.698535,6.86329,;257.698535,6.91339,;257.698535,6.96349,;257.698535,7.01357,;257.698535,7.06368,;257.698535,7.11377,;257.698535,7.16387,;257.698535,7.21399,;257.698535,7.26408,;257.698535,7.3142,;257.698535,7.36428,;257.698535,7.41439,;257.698535,7.46446,;257.698535,7.51458,;257.698535,7.5647,;257.698535,7.61482,;257.698535,7.6649,;257.698535,7.71503,;257.698535,7.7651,;257.698535,7.8152,;257.698535,7.86528,;257.698535,7.91535,;257.698535,7.96544,;257.698535,8.01552,;257.698535,8.0656,;257.698535,8.11571,;257.698535,8.16581,;257.698535,8.21592,;257.698535,8.26603,;257.698535,8.3161,;257.698535,8.36618,;257.698535,8.41623,;257.698535,8.46633,;257.698535,8.51641,;257.698535,8.56649,;257.698535,8.61658,;257.698535,8.6667,;257.698535,8.71679,;257.698535,8.7669,;257.698535,8.81698,;257.698535,8.86709,;257.698535,8.9172,;257.698535,8.96727,;257.698535,9.01735,;257.698535,9.06746,;257.698535,9.11758,;257.698535,9.16765,;257.698535,9.21777,;257.698535,9.26785,;257.698535,9.31794,;257.698535,9.36802,;257.698535,9.41809,;257.698535,9.46817,;257.698535,9.51825,;257.698535,9.56833,;257.698535,9.61842,;257.698535,9.66851,;257.698535,9.71863,;257.698535,9.76872,;257.698535,9.81881,;257.698535,9.8689,;257.698535,9.91901,;257.698535,9.96911,;257.698535,10.0192,;257.698535,10.0693,;
inf,0.0500688,;497.219379,0.100162,;497.219379,0.150249,;497.219379,0.200326,;497.219379,0.25042,;430.999535,0.300523,;430.999535,0.350628,;430.999535,0.400735,;388.100982,0.450841,;388.100982,0.500951,;388.100982,0.551056,;388.100982,0.601169,;388.100982,0.65128,;388.100982,0.701354,;380.739218,0.751427,;380.739218,0.801545,;364.670553,0.851628,;359.008045,0.90171,;307.827668,0.951801,;307.827668,1.00192,;307.827668,1.05201,;307.827668,1.10209,;307.827668,1.1522,;307.827668,1.2023,;307.827668,1.25242,;307.827668,1.30251,;307.827668,1.35262,;307.827668,1.40271,;307.827668,1.4528,;307.827668,1.50291,;307.827668,1.55302,;307.827668,1.60313,;307.827668,1.65323,;307.827668,1.70334,;307.827668,1.75344,;307.827668,1.80355,;307.827668,1.85363,;294.693153,1.90374,;294.693153,1.95381,;290.630931,2.00391,;290.630931,2.05399,;290.630931,2.10406,;290.630931,2.15414,;290.630931,2.20424,;290.630931,2.25434,;290.630931,2.30443,;290.630931,2.35457,;290.630931,2.40467,;290.630931,2.45475,;290.630931,2.50486,;290.630931,2.55497,;287.005945,2.60509,;287.005945,2.65518,;287.005945,2.70528,;286.703939,2.7554,;286.703939,2.80553,;286.703939,2.85562,;286.703939,2.90567,;286.703939,2.95577,;286.703939,3.00588,;286.703939,3.05596,;286.703939,3.10605,;286.703939,3.15617,;286.703939,3.20627,;286.703939,3.25638,;286.703939,3.30648,;286.703939,3.35658,;286.703939,3.40666,;286.703939,3.45678,;286.703939,3.5069,;286.703939,3.557,;286.703939,3.60712,;286.703939,3.65723,;286.703939,3.70731,;286.703939,3.75739,;286.703939,3.80748,;286.703939,3.85756,;286.703939,3.90766,;286.703939,3.95775,;286.703939,4.00784,;286.703939,4.05796,;286.703939,4.10808,;286.703939,4.15819,;286.703939,4.20831,;286.703939,4.25842,;286.703939,4.30855,;286.703939,4.35865,;286.703939,4.40875,;286.703939,4.45886,;286.703939,4.50897,;286.703939,4.55908,;286.703939,4.6092,;286.703939,4.65927,;286.703939,4.70937,;286.703939,4.7595,;286.703939,4.80958,;286.703939,4.85971,;286.703939,4.90979,;286.703939,4.95987,;286.703939,5.00997,;286.703939,5.06007,;286.703939,5.11017,;286.703939,5.16026,;286.703939,5.21034,;286.703939,5.26042,;286.703939,5.3105,;286.703939,5.36058,;286.703939,5.41067,;286.703939,5.46075,;286.703939,5.51082,;286.703939,5.56091,;286.703939,5.611,;286.703939,5.66108,;286.703939,5.71115,;286.703939,5.76122,;286.703939,5.81128,;286.703939,5.86135,;286.703939,5.91141,;286.703939,5.96149,;286.703939,6.01157,;286.703939,6.06161,;286.703939,6.11172,;286.703939,6.16179,;286.703939,6.21185,;286.703939,6.26193,;286.703939,6.31202,;286.703939,6.36211,;286.703939,6.41218,;286.703939,6.46225,;286.703939,6.51237,;286.703939,6.56247,;286.703939,6.61258,;286.703939,6.66267,;286.703939,6.71279,;286.703939,6.76286,;286.703939,6.81299,;286.703939,6.8631,;286.703939,6.91321,;286.703939,6.96328,;286.703939,7.01336,;277.120615,7.06343,;277.120615,7.1135,;277.120615,7.16358,;277.120615,7.21367,;277.120615,7.26377,;277.120615,7.31386,;277.120615,7.36396,;277.120615,7.41405,;277.120615,7.46418,;277.120615,7.51427,;277.120615,7.56439,;277.120615,7.6145,;277.120615,7.66461,;277.120615,7.71469,;277.120615,7.7648,;277.120615,7.81491,;277.120615,7.86502,;277.120615,7.91514,;277.120615,7.96526,;277.120615,8.01538,;277.120615,8.0655,;277.120615,8.11561,;277.120615,8.16567,;277.120615,8.21576,;277.120615,8.26584,;277.120615,8.31591,;277.120615,8.36598,;277.120615,8.41606,;277.120615,8.46615,;277.120615,8.51624,;277.120615,8.56633,;277.120615,8.61643,;277.120615,8.66651,;277.120615,8.71659,;277.120615,8.76668,;277.120615,8.81677,;277.120615,8.86685,;277.120615,8.91693,;277.120615,8.96702,;277.120615,9.01709,;277.120615,9.06718,;277.120615,9.11727,;277.120615,9.16735,;277.120615,9.21745,;277.120615,9.26755,;277.120615,9.31763,;277.120615,9.36772,;277.120615,9.4178,;277.120615,9.46788,;277.120615,9.51795,;277.120615,9.56803,;277.120615,9.61813,;277.120615,9.66821,;277.120615,9.71829,;277.120615,9.76837,;277.120615,9.81845,;277.120615,9.86853,;277.120615,9.9186,;277.120615,9.96874,;277.120615,10.0188,;277.120615,10.0689,;
inf,0.050056,;526.626229,0.100151,;526.626229,0.150269,;526.626229,0.20038,;502.254144,0.250481,;502.254144,0.300552,;495.640549,0.350669,;490.192814,0.400752,;490.192814,0.450867,;490.192814,0.500941,;490.192814,0.551011,;490.192814,0.601085,;379.508188,0.651157,;379.508188,0.701222,;379.508188,0.751299,;368.556688,0.801407,;368.556688,0.851517,;339.535397,0.9016,;339.535397,0.951707,;339.535397,1.00179,;339.535397,1.05188,;339.535397,1.10196,;316.319941,1.15204,;316.319941,1.20212,;316.319941,1.25224,;316.319941,1.30235,;316.319941,1.35241,;316.319941,1.4025,;316.319941,1.45258,;316.319941,1.50269,;316.319941,1.55277,;316.319941,1.60288,;316.319941,1.65296,;316.319941,1.70308,;316.319941,1.75315,;316.319941,1.80327,;316.319941,1.85334,;316.319941,1.90342,;316.319941,1.9535,;316.319941,2.00366,;316.319941,2.05375,;316.319941,2.10387,;316.319941,2.15397,;316.319941,2.20406,;316.319941,2.25416,;316.319941,2.30427,;316.319941,2.35438,;316.319941,2.40446,;316.319941,2.45454,;316.319941,2.50463,;316.319941,2.55469,;301.474077,2.60476,;301.474077,2.65483,;301.474077,2.7049,;301.474077,2.75497,;301.474077,2.80503,;301.474077,2.8551,;301.474077,2.90518,;301.474077,2.95525,;301.474077,3.00532,;301.474077,3.05539,;301.474077,3.10545,;301.474077,3.15554,;301.474077,3.20562,;301.474077,3.25569,;301.474077,3.30576,;301.474077,3.35583,;290.021526,3.40591,;290.021526,3.45599,;290.021526,3.50606,;290.021526,3.55614,;290.021526,3.60621,;290.021526,3.65627,;290.021526,3.70633,;290.021526,3.75637,;290.021526,3.80649,;290.021526,3.85656,;290.021526,3.90669,;290.021526,3.95677,;290.021526,4.00688,;290.021526,4.05697,;290.021526,4.10708,;290.021526,4.15716,;290.021526,4.20727,;290.021526,4.25734,;290.021526,4.30743,;290.021526,4.35751,;290.021526,4.4076,;290.021526,4.45768,;290.021526,4.50779,;290.021526,4.5579,;286.079227,4.60798,;286.079227,4.65805,;286.079227,4.70812,;286.079227,4.75819,;286.079227,4.80826,;286.079227,4.85833,;286.079227,4.90836,;286.079227,4.95843,;286.079227,5.00851,;286.079227,5.05859,;286.079227,5.10865,;286.079227,5.15878,;286.079227,5.20888,;286.079227,5.25903,;286.079227,5.30911,;286.079227,5.35918,;286.079227,5.40928,;286.079227,5.4594,;286.079227,5.50948,;286.079227,5.5596,;286.079227,5.6097,;286.079227,5.65977,;286.079227,5.70984,;286.079227,5.75992,;286.079227,5.81,;286.079227,5.86009,;286.079227,5.91021,;286.079227,5.96032,;286.079227,6.0104,;286.079227,6.06048,;286.079227,6.11058,;286.079227,6.16065,;286.079227,6.21075,;286.079227,6.26083,;286.079227,6.31095,;286.079227,6.36104,;286.079227,6.41116,;286.079227,6.46127,;286.079227,6.51138,;286.079227,6.56147,;286.079227,6.61158,;286.079227,6.66169,;286.079227,6.71179,;286.079227,6.76191,;286.079227,6.81202,;286.079227,6.86212,;286.079227,6.91224,;286.079227,6.96236,;286.079227,7.01243,;286.079227,7.06251,;286.079227,7.11258,;286.079227,7.1627,;286.079227,7.21279,;286.079227,7.26287,;286.079227,7.31297,;286.079227,7.36308,;286.079227,7.41318,;286.079227,7.46325,;286.079227,7.51336,;286.079227,7.56348,;286.079227,7.61356,;286.079227,7.66367,;286.079227,7.71377,;286.079227,7.76387,;286.079227,7.81396,;286.079227,7.86408,;286.079227,7.91419,;286.079227,7.96426,;286.079227,8.01436,;286.079227,8.06443,;286.079227,8.11453,;286.079227,8.1646,;286.079227,8.21472,;286.079227,8.26481,;286.079227,8.31491,;286.079227,8.365,;286.079227,8.41511,;286.079227,8.4652,;286.079227,8.51531,;286.079227,8.56538,;286.079227,8.61546,;286.079227,8.66553,;286.079227,8.71561,;286.079227,8.76572,;286.079227,8.8158,;274.144807,8.86588,;274.144807,8.91596,;274.144807,8.96608,;274.144807,9.01616,;274.144807,9.06627,;274.144807,9.11634,;274.144807,9.16647,;274.144807,9.21654,;274.144807,9.26665,;274.144807,9.31674,;274.144807,9.36685,;274.144807,9.41694,;274.144807,9.46705,;274.144807,9.51713,;274.144807,9.56722,;274.144807,9.6173,;274.144807,9.66739,;274.144807,9.71747,;274.144807,9.76754,;274.144807,9.81763,;274.144807,9.86771,;274.144807,9.9178,;274.144807,9.96788,;274.144807,10.018,;274.144807,10.0681,;
inf,0.0501249,;478.967700,0.100235,;478.967700,0.150338,;478.967700,0.200441,;439.549448,0.250544,;439.549448,0.300628,;439.549448,0.350701,;439.549448,0.400773,;420.263914,0.450849,;420.263914,0.500923,;420.263914,0.551004,;420.263914,0.601079,;420.263914,0.651189,;420.263914,0.701268,;420.263914,0.751385,;420.263914,0.801476,;420.263914,0.851592,;420.263914,0.90168,;420.263914,0.951794,;321.786293,1.00187,;321.786293,1.05198,;321.786293,1.10205,;321.786293,1.15216,;321.786293,1.20226,;321.786293,1.25235,;321.786293,1.30247,;321.786293,1.35259,;321.786293,1.4027,;321.786293,1.4528,;321.786293,1.50291,;321.786293,1.55302,;321.786293,1.60312,;321.786293,1.6532,;306.128439,1.70331,;306.128439,1.75342,;306.128439,1.80354,;303.022379,1.85362,;303.022379,1.90374,;303.022379,1.95381,;303.022379,2.00388,;303.022379,2.054,;303.022379,2.10407,;303.022379,2.15414,;303.022379,2.20426,;303.022379,2.25437,;303.022379,2.30452,;303.022379,2.35464,;303.022379,2.40472,;303.022379,2.45481,;303.022379,2.5049,;303.022379,2.55497,;303.022379,2.60505,;303.022379,2.65516,;303.022379,2.70524,;303.022379,2.75531,;303.022379,2.8054,;302.144441,2.85552,;302.144441,2.9056,;302.144441,2.95571,;302.144441,3.00578,;291.610811,3.05586,;291.610811,3.10595,;291.610811,3.15607,;291.610811,3.20618,;291.610811,3.25629,;291.610811,3.30641,;291.610811,3.35652,;291.610811,3.40662,;291.610811,3.45671,;291.610811,3.50681,;291.610811,3.55689,;291.610811,3.60696,;274.409548,3.65704,;274.409548,3.70715,;274.409548,3.75722,;274.409548,3.80733,;274.409548,3.85742,;274.409548,3.90752,;274.409548,3.95761,;274.409548,4.0077,;274.409548,4.05779,;274.409548,4.1079,;274.409548,4.158,;274.409548,4.2081,;274.409548,4.25818,;274.409548,4.30829,;274.409548,4.35842,;274.409548,4.4085,;274.409548,4.45857,;274.409548,4.50869,;274.409548,4.55875,;274.409548,4.60882,;274.409548,4.6589,;274.409548,4.70899,;274.409548,4.7591,;274.409548,4.80922,;274.409548,4.85933,;274.409548,4.90941,;274.409548,4.95948,;274.409548,5.00957,;274.409548,5.05968,;274.409548,5.10976,;274.409548,5.15986,;274.409548,5.20994,;274.409548,5.26006,;274.409548,5.31014,;274.409548,5.36024,;274.409548,5.41033,;274.409548,5.46044,;274.409548,5.51051,;274.409548,5.56058,;274.409548,5.61068,;274.409548,5.66075,;274.409548,5.71086,;274.409548,5.76094,;274.409548,5.81103,;274.409548,5.8611,;274.409548,5.91121,;274.409548,5.96129,;274.409548,6.01136,;274.409548,6.06145,;274.409548,6.11152,;274.409548,6.16158,;274.409548,6.21168,;274.409548,6.26177,;274.409548,6.31188,;274.409548,6.36196,;274.409548,6.41204,;274.409548,6.46215,;274.409548,6.51226,;274.409548,6.56236,;274.409548,6.61246,;274.409548,6.66257,;274.409548,6.71263,;274.409548,6.76276,;274.409548,6.81284,;274.409548,6.86295,;274.409548,6.91301,;274.409548,6.96311,;274.409548,7.01319,;274.409548,7.0633,;274.409548,7.11341,;274.409548,7.16352,;274.409548,7.21362,;274.409548,7.26371,;274.409548,7.31384,;274.409548,7.36392,;274.409548,7.41401,;274.409548,7.46412,;274.409548,7.51423,;274.409548,7.56434,;274.409548,7.61445,;274.409548,7.66456,;274.409548,7.71468,;274.409548,7.76475,;274.409548,7.81482,;274.409548,7.86489,;274.409548,7.91497,;274.409548,7.96507,;274.409548,8.01515,;274.409548,8.06524,;274.409548,8.11534,;274.409548,8.16543,;274.409548,8.21553,;274.409548,8.26562,;274.409548,8.3157,;274.409548,8.36579,;274.409548,8.41589,;274.409548,8.46598,;274.409548,8.51608,;274.409548,8.56619,;274.409548,8.61629,;274.409548,8.6664,;274.409548,8.71648,;274.409548,8.7666,;274.409548,8.81668,;274.409548,8.86679,;274.409548,8.91687,;274.409548,8.96697,;274.409548,9.01705,;274.409548,9.06717,;274.409548,9.11725,;274.409548,9.16734,;274.409548,9.21745,;274.409548,9.26753,;274.409548,9.31762,;274.409548,9.3677,;274.409548,9.41778,;274.409548,9.46789,;274.409548,9.51798,;274.409548,9.56808,;274.409548,9.61816,;274.409548,9.66827,;274.409548,9.71835,;274.409548,9.76844,;274.409548,9.81852,;274.409548,9.86861,;274.409548,9.91868,;274.409548,9.96879,;274.409548,10.0189,;
565.195227,0.0500914,;565.195227,0.100193,;536.579633,0.150297,;536.579633,0.200401,;536.579633,0.250515,;536.579633,0.300624,;536.579633,0.350734,;487.855881,0.400849,;487.855881,0.450953,;487.855881,0.501053,;487.855881,0.551119,;487.855881,0.601222,;487.855881,0.651323,;487.855881,0.701425,;487.855881,0.751532,;487.855881,0.801633,;487.855881,0.851734,;379.655136,0.901841,;379.655136,0.951958,;379.655136,1.00204,;368.923070,1.05212,;361.818981,1.1022,;361.818981,1.15228,;361.818981,1.20237,;361.818981,1.25247,;361.818981,1.30254,;361.818981,1.35264,;361.818981,1.40272,;353.316092,1.4528,;326.448844,1.5029,;326.448844,1.55297,;326.448844,1.60307,;326.448844,1.65317,;306.687394,1.70327,;306.687394,1.75335,;306.687394,1.80342,;306.687394,1.8535,;306.687394,1.90356,;306.687394,1.95366,;306.687394,2.00377,;306.687394,2.05385,;306.687394,2.10396,;306.687394,2.15406,;306.687394,2.20417,;306.687394,2.25427,;279.955644,2.30438,;279.955644,2.35449,;279.955644,2.40459,;279.955644,2.45469,;279.955644,2.50479,;279.955644,2.55487,;279.955644,2.60498,;279.955644,2.65509,;279.955644,2.70521,;279.657824,2.75532,;279.657824,2.80538,;279.657824,2.85546,;279.657824,2.90555,;279.657824,2.95567,;279.657824,3.00576,;279.657824,3.05587,;279.657824,3.10595,;279.657824,3.15608,;279.657824,3.20618,;279.657824,3.25626,;279.657824,3.30634,;279.657824,3.35645,;279.657824,3.40654,;279.657824,3.45662,;279.657824,3.50673,;279.657824,3.55679,;279.657824,3.60688,;279.657824,3.65699,;279.657824,3.70711,;273.130791,3.75722,;273.130791,3.80733,;273.130791,3.8574,;273.130791,3.90751,;273.130791,3.9576,;273.130791,4.00771,;273.130791,4.05781,;273.130791,4.10792,;273.130791,4.15804,;273.130791,4.20811,;273.130791,4.25819,;273.130791,4.3083,;273.130791,4.35841,;273.130791,4.40851,;273.130791,4.45861,;273.130791,4.50869,;273.130791,4.5588,;273.130791,4.60887,;273.130791,4.65897,;273.130791,4.70907,;273.130791,4.75918,;273.130791,4.80924,;273.130791,4.85935,;273.130791,4.90943,;273.130791,4.9595,;273.130791,5.00958,;273.130791,5.05969,;273.130791,5.10979,;273.130791,5.15986,;273.130791,5.20994,;273.130791,5.26003,;273.130791,5.31016,;273.130791,5.36026,;273.130791,5.41034,;273.130791,5.46045,;273.130791,5.51055,;272.255636,5.56063,;272.255636,5.61073,;272.255636,5.66084,;272.255636,5.71091,;272.255636,5.76102,;272.255636,5.81112,;272.255636,5.86123,;272.255636,5.91133,;272.255636,5.9614,;270.974470,6.0115,;270.974470,6.06162,;270.974470,6.11172,;270.974470,6.16183,;270.974470,6.21194,;270.974470,6.26202,;270.974470,6.31213,;270.974470,6.36223,;270.974470,6.41233,;270.974470,6.46242,;270.974470,6.5125,;270.974470,6.56259,;270.974470,6.61268,;270.974470,6.66276,;270.974470,6.71284,;270.974470,6.76294,;270.974470,6.81302,;270.974470,6.8631,;270.974470,6.91322,;270.974470,6.96333,;270.974470,7.01341,;270.974470,7.06349,;270.974470,7.11357,;270.974470,7.16367,;270.974470,7.21375,;270.974470,7.26385,;270.974470,7.31394,;270.974470,7.36405,;270.974470,7.41413,;270.974470,7.46425,;270.974470,7.51434,;270.974470,7.56446,;270.974470,7.61453,;270.974470,7.66464,;270.974470,7.71472,;270.974470,7.76481,;270.974470,7.81489,;270.974470,7.86498,;270.974470,7.91508,;270.974470,7.96517,;270.974470,8.01527,;270.974470,8.06534,;270.974470,8.11544,;270.974470,8.16553,;270.974470,8.21564,;264.588164,8.26573,;264.588164,8.31582,;264.588164,8.36592,;264.588164,8.416,;264.588164,8.46608,;264.588164,8.51616,;264.588164,8.56622,;264.588164,8.61631,;264.588164,8.6664,;264.588164,8.71648,;264.588164,8.76658,;264.588164,8.81668,;264.588164,8.86679,;264.588164,8.91687,;264.588164,8.96696,;264.588164,9.01707,;264.588164,9.06713,;264.588164,9.11719,;264.588164,9.16727,;264.588164,9.21735,;264.588164,9.26743,;264.588164,9.31752,;264.588164,9.36762,;264.588164,9.41772,;264.588164,9.46781,;264.588164,9.51792,;264.588164,9.56799,;264.588164,9.61809,;264.588164,9.66817,;264.588164,9.71826,;264.588164,9.76834,;264.588164,9.81842,;257.237463,9.86851,;257.237463,9.91859,;257.237463,9.9687,;257.237463,10.0188,;257.237463,10.0689,;
405.390933,0.0500949,;405.390933,0.100173,;405.390933,0.150284,;405.390933,0.20037,;405.390933,0.250482,;405.390933,0.300587,;404.701717,0.350697,;404.701717,0.400805,;404.701717,0.450917,;404.701717,0.501039,;363.831086,0.55113,;363.831086,0.601225,;363.831086,0.651278,;363.831086,0.701387,;363.831086,0.751463,;363.831086,0.801572,;363.831086,0.85165,;363.831086,0.901748,;337.984490,0.951845,;337.984490,1.00195,;337.984490,1.05203,;337.984490,1.10212,;336.951788,1.1522,;336.951788,1.20228,;336.951788,1.25236,;336.951788,1.30244,;336.951788,1.35252,;336.951788,1.40268,;336.951788,1.45277,;307.702071,1.50286,;307.702071,1.55295,;307.702071,1.60304,;307.702071,1.65313,;307.702071,1.70324,;307.702071,1.75333,;307.702071,1.8034,;307.702071,1.85351,;307.702071,1.90359,;307.702071,1.95367,;307.702071,2.00376,;307.702071,2.05387,;307.702071,2.10396,;294.686937,2.15408,;294.686937,2.2042,;294.686937,2.25431,;294.686937,2.30442,;294.686937,2.35453,;294.686937,2.40465,;294.686937,2.45476,;294.686937,2.50485,;294.686937,2.55494,;294.686937,2.60506,;294.686937,2.65514,;294.686937,2.70524,;294.686937,2.75533,;294.686937,2.80545,;294.686937,2.85553,;294.686937,2.90566,;294.686937,2.95574,;294.686937,3.00582,;294.686937,3.05591,;294.686937,3.10599,;294.686937,3.15609,;294.686937,3.20622,;294.686937,3.25633,;294.686937,3.30645,;294.686937,3.35653,;288.419824,3.40665,;288.419824,3.45675,;288.419824,3.50683,;288.419824,3.55695,;288.419824,3.60703,;288.419824,3.65715,;288.419824,3.70725,;288.419824,3.75736,;288.419824,3.80743,;288.419824,3.85752,;288.419824,3.90761,;288.419824,3.95772,;288.419824,4.0078,;288.419824,4.05792,;288.419824,4.108,;288.419824,4.15808,;288.419824,4.20816,;288.419824,4.25824,;288.419824,4.30834,;288.419824,4.35846,;288.419824,4.40857,;288.419824,4.45867,;288.419824,4.50874,;288.419824,4.55885,;288.419824,4.60894,;288.419824,4.65904,;288.419824,4.70912,;288.419824,4.75922,;288.419824,4.80933,;288.419824,4.85941,;288.419824,4.90952,;288.419824,4.95959,;288.419824,5.0097,;288.419824,5.05981,;288.419824,5.10991,;288.419824,5.15999,;288.419824,5.21011,;288.419824,5.26018,;288.419824,5.3103,;288.419824,5.3604,;288.419824,5.41051,;288.419824,5.46062,;288.419824,5.51074,;288.419824,5.56085,;263.073488,5.61096,;263.073488,5.66105,;263.073488,5.71117,;263.073488,5.76125,;263.073488,5.81133,;263.073488,5.86142,;263.073488,5.91154,;263.073488,5.96162,;263.073488,6.01172,;263.073488,6.06182,;263.073488,6.11192,;263.073488,6.16205,;263.073488,6.21215,;263.073488,6.26224,;263.073488,6.31234,;263.073488,6.36245,;263.073488,6.41252,;263.073488,6.46262,;263.073488,6.51271,;263.073488,6.56282,;263.073488,6.61291,;263.073488,6.663,;263.073488,6.71308,;263.073488,6.76319,;263.073488,6.81331,;263.073488,6.86338,;263.073488,6.91349,;263.073488,6.96361,;263.073488,7.01371,;263.073488,7.06379,;263.073488,7.11387,;263.073488,7.16395,;263.073488,7.21406,;263.073488,7.26416,;263.073488,7.31428,;263.073488,7.36439,;263.073488,7.41449,;263.073488,7.4646,;263.073488,7.51471,;263.073488,7.5648,;263.073488,7.61491,;263.073488,7.66502,;263.073488,7.71509,;263.073488,7.76518,;263.073488,7.8153,;263.073488,7.86538,;263.073488,7.91546,;263.073488,7.96553,;263.073488,8.01563,;263.073488,8.06574,;263.073488,8.11586,;263.073488,8.16601,;263.073488,8.21613,;263.073488,8.26622,;263.073488,8.31634,;263.073488,8.36643,;263.073488,8.41652,;263.073488,8.46661,;263.073488,8.51668,;263.073488,8.56676,;263.073488,8.61684,;263.073488,8.66694,;263.073488,8.71702,;263.073488,8.76711,;263.073488,8.81718,;263.073488,8.86725,;263.073488,8.91732,;263.073488,8.96739,;263.073488,9.01749,;263.073488,9.06758,;263.073488,9.1177,;263.073488,9.16778,;263.073488,9.21791,;263.073488,9.268,;263.073488,9.31811,;263.073488,9.3682,;263.073488,9.41831,;263.073488,9.46841,;263.073488,9.51852,;263.073488,9.56862,;263.073488,9.6187,;263.073488,9.66881,;263.073488,9.71891,;263.073488,9.76902,;263.073488,9.81913,;263.073488,9.8692,;263.073488,9.91925,;263.073488,9.96935,;263.073488,10.0194,;
inf,0.0500955,;522.575134,0.100177,;522.575134,0.150249,;522.575134,0.200346,;522.575134,0.25043,;522.575134,0.300524,;522.575134,0.350614,;522.575134,0.400708,;522.575134,0.450794,;522.575134,0.500877,;429.097901,0.551,;429.097901,0.601115,;429.097901,0.651232,;429.097901,0.701338,;429.097901,0.751444,;429.097901,0.80151,;339.364276,0.85162,;339.364276,0.901697,;339.364276,0.9518,;339.364276,1.00191,;339.364276,1.05198,;339.364276,1.10207,;339.364276,1.15218,;339.364276,1.20226,;339.364276,1.25238,;315.791934,1.30246,;315.791934,1.35258,;315.791934,1.40264,;315.791934,1.45275,;315.791934,1.50282,;315.791934,1.55294,;315.791934,1.60303,;315.791934,1.65311,;315.791934,1.7032,;315.791934,1.7533,;276.453433,1.80339,;276.453433,1.85348,;276.453433,1.90357,;276.453433,1.95365,;276.453433,2.00372,;276.453433,2.0538,;276.453433,2.10388,;276.453433,2.15397,;276.453433,2.20406,;276.453433,2.25416,;276.453433,2.30424,;276.453433,2.35432,;276.453433,2.40442,;276.453433,2.45449,;276.453433,2.5046,;276.453433,2.5547,;276.453433,2.60482,;276.453433,2.65492,;276.453433,2.70502,;276.453433,2.75511,;276.453433,2.80518,;276.453433,2.85528,;276.453433,2.90537,;276.453433,2.9555,;276.453433,3.00563,;276.453433,3.05571,;276.453433,3.1058,;276.453433,3.15591,;276.453433,3.20602,;276.453433,3.25613,;276.453433,3.30622,;276.453433,3.35634,;276.453433,3.40642,;276.453433,3.45657,;276.453433,3.50665,;276.453433,3.55677,;276.453433,3.60686,;276.453433,3.65697,;276.453433,3.70705,;276.453433,3.75715,;276.453433,3.80724,;276.453433,3.85735,;276.453433,3.90746,;276.453433,3.95752,;276.453433,4.00763,;276.453433,4.0577,;257.838795,4.10778,;257.838795,4.15785,;257.838795,4.20793,;257.838795,4.258,;257.838795,4.30808,;257.398899,4.35814,;257.398899,4.40825,;257.398899,4.45833,;257.398899,4.50844,;257.398899,4.55852,;257.398899,4.60862,;257.398899,4.6587,;257.398899,4.70878,;257.398899,4.75886,;257.398899,4.80897,;257.398899,4.85905,;257.398899,4.90916,;257.398899,4.95926,;257.398899,5.00936,;257.398899,5.05945,;257.398899,5.10957,;257.398899,5.15968,;257.398899,5.20976,;257.398899,5.25988,;257.398899,5.30997,;257.398899,5.36008,;257.398899,5.41017,;257.398899,5.46027,;257.398899,5.51037,;257.398899,5.56044,;257.398899,5.61055,;257.398899,5.66066,;257.398899,5.71076,;257.398899,5.76087,;257.398899,5.81097,;257.398899,5.86108,;257.398899,5.91119,;257.398899,5.96129,;257.398899,6.01139,;257.398899,6.0615,;257.398899,6.11162,;257.398899,6.16169,;257.398899,6.21176,;257.398899,6.26187,;257.398899,6.31195,;257.398899,6.36203,;257.398899,6.41212,;257.398899,6.4622,;257.398899,6.51228,;257.398899,6.56237,;257.398899,6.61246,;257.398899,6.66254,;257.398899,6.71263,;257.398899,6.76271,;257.398899,6.8128,;257.398899,6.86293,;257.398899,6.91303,;257.398899,6.9631,;257.398899,7.01317,;257.398899,7.06324,;257.398899,7.11337,;257.398899,7.16344,;257.398899,7.21356,;257.398899,7.26368,;257.398899,7.31376,;257.398899,7.36388,;257.398899,7.41395,;257.398899,7.46404,;257.398899,7.51412,;257.398899,7.56422,;257.398899,7.61431,;257.398899,7.66439,;257.398899,7.71448,;257.398899,7.76456,;257.398899,7.81465,;257.398899,7.86474,;257.398899,7.91483,;257.398899,7.96492,;257.398899,8.01499,;257.398899,8.06507,;257.398899,8.11516,;257.398899,8.16524,;257.398899,8.21533,;257.398899,8.26541,;257.398899,8.3155,;257.398899,8.36559,;257.398899,8.41568,;257.398899,8.46575,;257.398899,8.51583,;257.398899,8.56591,;257.398899,8.61603,;257.398899,8.66612,;257.398899,8.71624,;257.398899,8.76633,;257.398899,8.81641,;257.398899,8.86652,;257.398899,8.91664,;257.398899,8.96672,;257.398899,9.01683,;257.378091,9.06691,;257.378091,9.11702,;257.378091,9.16713,;257.378091,9.21724,;257.378091,9.26735,;257.378091,9.31747,;257.378091,9.36758,;257.378091,9.41762,;257.378091,9.46773,;257.378091,9.51779,;257.378091,9.56789,;257.378091,9.618,;257.378091,9.66809,;257.378091,9.71817,;257.378091,9.76825,;257.378091,9.81834,;257.378091,9.86843,;257.378091,9.91851,;257.378091,9.96859,;257.378091,10.0187,;
589.651539,0.0500936,;589.651539,0.100186,;589.651539,0.150275,;539.799210,0.200369,;530.052387,0.250458,;526.056695,0.300553,;526.056695,0.350628,;526.056695,0.400694,;526.056695,0.450775,;475.872108,0.500861,;475.872108,0.55095,;475.872108,0.601024,;475.872108,0.651139,;475.872108,0.70122,;327.159342,0.751367,;327.159342,0.801452,;327.159342,0.851548,;327.159342,0.901629,;327.159342,0.9517,;327.159342,1.0018,;318.801178,1.05189,;318.801178,1.10196,;318.801178,1.15206,;318.801178,1.20218,;318.801178,1.25228,;318.801178,1.30239,;318.801178,1.35248,;318.801178,1.40259,;318.801178,1.45267,;318.801178,1.50278,;318.801178,1.55286,;318.801178,1.60298,;318.801178,1.65306,;318.166920,1.70314,;318.166920,1.75323,;318.166920,1.80334,;318.166920,1.85343,;318.166920,1.90354,;318.166920,1.95365,;318.166920,2.00372,;318.166920,2.05382,;318.166920,2.1039,;318.166920,2.15402,;318.166920,2.20411,;318.166920,2.25421,;318.166920,2.3043,;286.396113,2.35438,;286.396113,2.40449,;286.396113,2.4546,;286.396113,2.50469,;286.396113,2.55477,;286.396113,2.60485,;286.396113,2.65492,;286.396113,2.70499,;286.396113,2.75509,;286.396113,2.80517,;286.396113,2.85528,;286.396113,2.90539,;286.396113,2.95547,;286.396113,3.00559,;286.396113,3.05566,;286.396113,3.10577,;286.396113,3.15584,;286.396113,3.20595,;286.396113,3.25603,;286.396113,3.30615,;286.396113,3.35625,;286.396113,3.40636,;286.396113,3.45645,;286.396113,3.50655,;286.396113,3.55664,;286.396113,3.60675,;286.396113,3.65684,;286.396113,3.70695,;286.396113,3.75706,;286.396113,3.80714,;286.396113,3.85725,;286.396113,3.90736,;286.396113,3.95744,;286.396113,4.00756,;286.396113,4.05767,;286.396113,4.10774,;286.396113,4.15785,;286.396113,4.20794,;286.396113,4.25805,;286.396113,4.30813,;286.396113,4.35824,;286.396113,4.40832,;286.396113,4.45841,;286.396113,4.50848,;282.222588,4.5586,;282.222588,4.60869,;274.377234,4.65879,;274.377234,4.70888,;274.377234,4.75899,;274.377234,4.80907,;274.377234,4.85918,;274.377234,4.90928,;274.377234,4.95937,;274.377234,5.00944,;274.377234,5.05954,;274.377234,5.10963,;274.377234,5.15971,;274.377234,5.20979,;274.377234,5.25988,;274.377234,5.30997,;274.377234,5.36004,;274.377234,5.41014,;274.377234,5.46022,;274.377234,5.51035,;274.377234,5.56042,;274.377234,5.61053,;274.377234,5.66061,;274.377234,5.71069,;274.377234,5.76079,;274.377234,5.8109,;274.377234,5.86099,;274.377234,5.91107,;274.377234,5.96117,;274.377234,6.01124,;274.377234,6.06132,;274.377234,6.11141,;274.377234,6.16149,;274.377234,6.21156,;274.377234,6.26166,;274.377234,6.31173,;274.377234,6.36184,;274.377234,6.41191,;274.377234,6.462,;274.377234,6.51207,;274.377234,6.56219,;274.377234,6.61227,;274.377234,6.66235,;274.377234,6.71244,;274.377234,6.76255,;274.377234,6.81263,;274.377234,6.86271,;274.377234,6.91279,;274.377234,6.96289,;274.377234,7.01297,;274.377234,7.0631,;274.377234,7.11321,;274.377234,7.16332,;274.377234,7.21339,;274.377234,7.26351,;273.555330,7.31362,;273.555330,7.3637,;263.966347,7.41382,;263.966347,7.4639,;263.966347,7.51398,;263.966347,7.56408,;263.966347,7.61415,;263.966347,7.66424,;263.966347,7.71435,;263.966347,7.76446,;263.966347,7.81456,;263.966347,7.86467,;263.966347,7.91477,;263.966347,7.96488,;263.966347,8.01498,;263.966347,8.06508,;263.966347,8.11519,;263.966347,8.1653,;263.966347,8.21541,;263.966347,8.26551,;263.966347,8.31559,;263.966347,8.3657,;263.966347,8.41577,;263.966347,8.46587,;263.966347,8.51595,;263.966347,8.5661,;263.966347,8.61618,;263.966347,8.66625,;263.966347,8.71634,;263.966347,8.76641,;263.966347,8.81649,;262.129627,8.86656,;262.129627,8.91665,;262.129627,8.96672,;262.129627,9.01679,;262.129627,9.06687,;262.129627,9.11696,;262.129627,9.16705,;262.129627,9.21714,;262.129627,9.26722,;262.129627,9.31734,;262.129627,9.36743,;262.129627,9.41754,;262.129627,9.46762,;262.129627,9.51772,;262.129627,9.56779,;262.129627,9.6179,;262.129627,9.66797,;262.129627,9.71806,;262.129627,9.76813,;262.129627,9.81825,;262.129627,9.86833,;262.129627,9.91845,;262.129627,9.96855,;
560.732559,0.0500766,;560.732559,0.100152,;560.732559,0.15027,;560.732559,0.200377,;560.732559,0.250447,;542.903028,0.30055,;542.903028,0.350655,;542.903028,0.400679,;423.206962,0.450752,;423.206962,0.50083,;423.206962,0.550939,;423.206962,0.601004,;423.206962,0.65107,;339.670818,0.701153,;339.670818,0.751226,;339.670818,0.801309,;339.670818,0.85139,;339.670818,0.901463,;339.670818,0.951547,;339.670818,1.00163,;339.670818,1.05174,;339.670818,1.10183,;339.670818,1.15192,;339.670818,1.20203,;339.670818,1.25213,;339.670818,1.30222,;339.670818,1.35231,;331.273786,1.40242,;331.273786,1.45253,;331.273786,1.50263,;326.836346,1.55269,;297.703899,1.60279,;297.703899,1.65286,;297.703899,1.70297,;297.703899,1.75305,;297.703899,1.80314,;297.703899,1.85322,;297.703899,1.90334,;288.393369,1.95342,;288.393369,2.00352,;288.393369,2.05361,;288.393369,2.10372,;288.393369,2.1538,;288.393369,2.20391,;288.393369,2.25399,;288.393369,2.3041,;288.393369,2.3542,;282.282839,2.40431,;282.282839,2.45442,;282.282839,2.50453,;282.282839,2.55464,;282.282839,2.60467,;282.261358,2.65477,;282.261358,2.70484,;282.261358,2.75495,;282.261358,2.80503,;282.261358,2.85514,;282.261358,2.90523,;282.261358,2.95533,;282.261358,3.00542,;282.261358,3.05553,;282.261358,3.10563,;282.261358,3.15572,;282.261358,3.20582,;282.261358,3.25591,;282.261358,3.30603,;282.261358,3.35614,;282.261358,3.40623,;282.261358,3.45636,;282.261358,3.50647,;282.261358,3.55658,;282.261358,3.60668,;274.764442,3.65675,;274.764442,3.70685,;274.764442,3.75696,;274.764442,3.80706,;265.943079,3.85714,;265.943079,3.90724,;265.943079,3.95731,;265.943079,4.00742,;265.943079,4.05751,;265.943079,4.10762,;265.943079,4.1577,;265.943079,4.20781,;265.943079,4.2579,;265.943079,4.308,;265.943079,4.3581,;265.943079,4.4082,;265.943079,4.45831,;265.943079,4.50839,;265.943079,4.5585,;265.943079,4.6086,;265.943079,4.65871,;265.943079,4.70877,;265.943079,4.75887,;265.943079,4.80894,;265.943079,4.85907,;265.943079,4.90914,;265.943079,4.95924,;265.943079,5.00932,;265.943079,5.05943,;265.943079,5.10952,;265.943079,5.15963,;265.943079,5.20972,;265.943079,5.25983,;265.943079,5.30994,;265.943079,5.36005,;265.943079,5.41016,;265.943079,5.46027,;265.943079,5.51036,;265.943079,5.56047,;265.943079,5.61058,;265.943079,5.66069,;265.943079,5.71079,;265.943079,5.76087,;265.943079,5.81097,;265.943079,5.86106,;265.943079,5.91113,;265.943079,5.96122,;265.943079,6.01129,;265.943079,6.0614,;265.943079,6.11151,;265.943079,6.16158,;265.943079,6.21169,;265.943079,6.26176,;265.943079,6.31186,;265.943079,6.36196,;265.943079,6.41206,;265.943079,6.46217,;265.943079,6.51225,;265.943079,6.56236,;265.943079,6.61247,;265.943079,6.66257,;265.943079,6.71269,;265.943079,6.76277,;265.943079,6.81287,;265.943079,6.86298,;265.943079,6.91304,;265.943079,6.96312,;265.943079,7.01323,;265.943079,7.06331,;265.943079,7.11342,;265.943079,7.16353,;265.943079,7.21361,;265.943079,7.26368,;265.943079,7.31379,;265.943079,7.3639,;265.943079,7.41401,;265.943079,7.46411,;265.943079,7.51419,;265.943079,7.5643,;265.943079,7.6144,;265.943079,7.6645,;265.943079,7.71461,;265.943079,7.76468,;252.614464,7.81478,;252.614464,7.86486,;252.614464,7.91497,;252.614464,7.96508,;252.614464,8.01515,;252.614464,8.06526,;252.614464,8.11537,;252.614464,8.16546,;252.614464,8.21555,;252.614464,8.26566,;252.614464,8.31576,;252.614464,8.36587,;252.614464,8.41597,;252.614464,8.46606,;252.614464,8.51613,;252.614464,8.56622,;252.614464,8.61631,;252.614464,8.6664,;252.614464,8.71648,;252.614464,8.76658,;252.614464,8.81668,;252.614464,8.86677,;252.614464,8.91684,;252.614464,8.96694,;252.614464,9.01701,;252.614464,9.06713,;252.614464,9.11724,;252.614464,9.16732,;252.614464,9.21742,;252.614464,9.26753,;252.614464,9.31764,;252.614464,9.36776,;252.614464,9.41789,;252.614464,9.46801,;252.614464,9.51813,;252.614464,9.56821,;252.614464,9.61831,;252.614464,9.66839,;252.614464,9.7185,;252.614464,9.76861,;252.614464,9.81871,;252.614464,9.86878,;252.614464,9.91889,;252.614464,9.96897,;252.614464,10.0191,;
513.984747,0.0500605,;513.984747,0.100181,;513.984747,0.150287,;513.984747,0.200359,;513.984747,0.250466,;398.244685,0.300546,;398.244685,0.350646,;398.244685,0.400731,;398.244685,0.450817,;398.244685,0.500922,;398.244685,0.551016,;398.244685,0.601104,;398.244685,0.651221,;398.244685,0.701313,;389.284152,0.751405,;389.284152,0.801492,;389.284152,0.851614,;389.284152,0.901708,;389.284152,0.951792,;389.284152,1.00187,;389.284152,1.05196,;389.284152,1.10206,;389.284152,1.15217,;389.284152,1.20225,;389.284152,1.25235,;389.284152,1.30246,;389.284152,1.35258,;389.284152,1.4027,;343.448326,1.45278,;343.448326,1.50291,;343.448326,1.55298,;343.448326,1.60308,;343.448326,1.65316,;343.448326,1.70325,;343.448326,1.75335,;343.448326,1.80344,;343.448326,1.85353,;343.448326,1.90362,;343.448326,1.95374,;343.015481,2.00384,;343.015481,2.05393,;343.015481,2.10402,;343.015481,2.15409,;343.015481,2.20416,;343.015481,2.25428,;343.015481,2.30435,;343.015481,2.35443,;343.015481,2.40452,;343.015481,2.45464,;343.015481,2.50474,;343.015481,2.55482,;343.015481,2.6049,;343.015481,2.65498,;343.015481,2.70507,;343.015481,2.75515,;343.015481,2.80527,;343.015481,2.85537,;343.015481,2.90544,;343.015481,2.95553,;343.015481,3.00561,;343.015481,3.05573,;337.207924,3.10584,;337.207924,3.15594,;337.207924,3.20606,;337.207924,3.25617,;337.207924,3.30625,;337.207924,3.35635,;337.207924,3.40645,;328.398016,3.45652,;328.398016,3.50664,;328.398016,3.55676,;328.398016,3.60687,;328.398016,3.65695,;314.392971,3.70706,;314.392971,3.75716,;301.069195,3.80725,;301.069195,3.85734,;301.069195,3.90744,;301.069195,3.95755,;301.069195,4.00766,;301.069195,4.05776,;301.069195,4.10787,;301.069195,4.15798,;301.069195,4.20808,;301.069195,4.25816,;301.069195,4.30824,;301.069195,4.35833,;301.069195,4.40841,;301.069195,4.4585,;301.069195,4.50859,;301.069195,4.5587,;301.069195,4.6088,;301.069195,4.6589,;301.069195,4.70899,;301.069195,4.7591,;301.069195,4.80917,;301.069195,4.85926,;301.069195,4.90935,;301.069195,4.95946,;301.069195,5.00957,;301.069195,5.05964,;301.069195,5.10973,;301.069195,5.15984,;301.069195,5.20994,;301.069195,5.26004,;301.069195,5.31015,;301.069195,5.36021,;301.069195,5.41032,;301.069195,5.46039,;301.069195,5.5105,;301.069195,5.56058,;301.069195,5.61069,;301.069195,5.66077,;296.284073,5.71088,;296.284073,5.76096,;296.284073,5.81107,;296.284073,5.86118,;296.284073,5.91128,;296.284073,5.96136,;296.284073,6.01144,;296.284073,6.06152,;296.284073,6.11162,;296.284073,6.16173,;296.284073,6.21183,;296.284073,6.26191,;296.284073,6.31202,;296.284073,6.36212,;296.284073,6.41221,;296.284073,6.46232,;280.914810,6.5124,;280.914810,6.5625,;280.914810,6.61258,;280.914810,6.6627,;280.914810,6.71279,;280.914810,6.7629,;280.914810,6.81299,;280.914810,6.86309,;280.914810,6.9132,;280.914810,6.96328,;280.914810,7.01337,;280.914810,7.06345,;280.914810,7.11354,;280.914810,7.16363,;280.914810,7.21371,;280.914810,7.2638,;280.914810,7.31388,;280.914810,7.36396,;280.914810,7.41404,;280.914810,7.46413,;280.914810,7.51422,;280.914810,7.5643,;280.914810,7.61438,;280.914810,7.66445,;280.914810,7.71456,;280.914810,7.76464,;280.914810,7.81475,;280.914810,7.86483,;280.914810,7.91495,;280.914810,7.96502,;280.914810,8.01514,;280.914810,8.06522,;280.914810,8.11533,;280.914810,8.16541,;280.914810,8.21553,;280.914810,8.26563,;280.914810,8.31574,;280.914810,8.36582,;280.914810,8.41592,;280.914810,8.46599,;280.914810,8.5161,;280.914810,8.56618,;280.914810,8.6163,;280.914810,8.6664,;280.914810,8.71648,;280.914810,8.76659,;280.914810,8.8167,;280.914810,8.86681,;280.914810,8.91689,;280.914810,8.967,;280.914810,9.01709,;280.914810,9.0672,;280.914810,9.11727,;280.914810,9.16738,;280.914810,9.21746,;280.914810,9.26757,;280.914810,9.31765,;280.914810,9.36777,;280.914810,9.41784,;280.914810,9.46796,;280.914810,9.51806,;280.914810,9.56818,;280.914810,9.61829,;280.914810,9.66839,;280.914810,9.7185,;280.914810,9.76858,;280.914810,9.8187,;280.914810,9.8688,;280.914810,9.9189,;280.914810,9.96901,;280.914810,10.0191,;
553.105859,0.0500714,;553.105859,0.100166,;553.105859,0.150238,;553.105859,0.200305,;509.561986,0.250412,;501.077754,0.300506,;501.077754,0.350579,;501.077754,0.400645,;383.581078,0.450716,;357.197442,0.500798,;357.197442,0.550874,;357.197442,0.600962,;357.197442,0.651049,;357.197442,0.701151,;357.197442,0.751239,;357.197442,0.801323,;357.197442,0.851394,;357.197442,0.901469,;311.609216,0.951555,;311.609216,1.00165,;311.609216,1.05175,;311.609216,1.10185,;311.609216,1.15192,;311.609216,1.20203,;311.609216,1.25211,;311.609216,1.30223,;311.609216,1.35231,;311.609216,1.40241,;311.609216,1.45251,;311.609216,1.50262,;311.609216,1.55273,;284.419459,1.60281,;284.419459,1.65291,;284.419459,1.70301,;284.419459,1.75312,;284.419459,1.80323,;284.419459,1.8533,;284.419459,1.90339,;284.419459,1.9535,;284.419459,2.00361,;284.419459,2.05368,;284.419459,2.10378,;261.145681,2.15389,;261.145681,2.204,;261.145681,2.2541,;261.145681,2.30421,;261.145681,2.35431,;261.145681,2.40439,;261.145681,2.45451,;261.145681,2.50459,;261.145681,2.55471,;261.145681,2.60481,;261.145681,2.65492,;261.145681,2.70502,;261.145681,2.75513,;261.145681,2.80524,;261.145681,2.85534,;259.714329,2.90542,;259.714329,2.95554,;259.714329,3.00562,;259.714329,3.05573,;259.714329,3.10584,;259.714329,3.15595,;259.714329,3.20605,;259.714329,3.25614,;259.714329,3.30622,;259.714329,3.35631,;259.714329,3.40641,;259.714329,3.45655,;259.714329,3.50667,;259.714329,3.55677,;259.714329,3.60684,;259.714329,3.65691,;259.714329,3.70699,;259.714329,3.75707,;259.714329,3.8072,;259.714329,3.8573,;259.714329,3.90741,;259.714329,3.95754,;259.714329,4.00765,;259.714329,4.05774,;259.714329,4.10786,;259.714329,4.15794,;259.714329,4.20802,;259.714329,4.2581,;259.714329,4.30819,;259.714329,4.35829,;259.714329,4.40838,;259.714329,4.45847,;259.714329,4.50856,;259.714329,4.55864,;259.714329,4.60873,;259.714329,4.65883,;259.714329,4.70891,;259.714329,4.75899,;259.714329,4.8091,;259.714329,4.8592,;259.714329,4.90929,;259.714329,4.95937,;259.714329,5.00949,;259.714329,5.0596,;259.714329,5.10972,;259.714329,5.15982,;259.714329,5.20993,;259.714329,5.26,;259.714329,5.31009,;259.714329,5.36016,;259.714329,5.41028,;259.714329,5.46038,;259.714329,5.5105,;259.714329,5.56059,;259.714329,5.6107,;259.714329,5.66079,;259.714329,5.71089,;259.714329,5.76096,;259.714329,5.81108,;259.714329,5.86118,;259.714329,5.9113,;259.714329,5.96142,;259.714329,6.01154,;259.714329,6.06164,;259.714329,6.11175,;259.714329,6.16185,;259.714329,6.21188,;259.714329,6.26198,;253.228287,6.31205,;253.228287,6.36216,;253.228287,6.41224,;253.228287,6.46236,;253.228287,6.51243,;253.228287,6.56253,;253.228287,6.61262,;253.228287,6.66272,;253.228287,6.7128,;253.228287,6.76292,;253.228287,6.813,;253.228287,6.8631,;253.228287,6.91317,;253.228287,6.96328,;253.228287,7.01339,;253.228287,7.06349,;253.228287,7.11359,;253.228287,7.16366,;253.228287,7.21377,;253.228287,7.26384,;253.228287,7.31395,;253.228287,7.36401,;253.228287,7.41409,;253.228287,7.46418,;253.228287,7.51428,;253.228287,7.56436,;253.228287,7.61448,;253.228287,7.66456,;253.228287,7.71467,;253.228287,7.76475,;253.228287,7.81482,;253.228287,7.8649,;253.228287,7.91501,;253.228287,7.96508,;253.228287,8.01519,;253.228287,8.06527,;253.228287,8.11539,;253.228287,8.16549,;253.228287,8.21559,;253.228287,8.26569,;253.228287,8.31579,;253.228287,8.36587,;253.228287,8.41594,;253.228287,8.46605,;253.228287,8.51612,;253.228287,8.5662,;253.228287,8.61628,;253.228287,8.66638,;253.228287,8.71646,;253.228287,8.76653,;253.228287,8.81661,;253.228287,8.86672,;253.228287,8.91679,;253.228287,8.96691,;253.228287,9.01699,;253.228287,9.06709,;253.228287,9.11716,;253.228287,9.16728,;253.228287,9.21738,;253.228287,9.26745,;253.228287,9.31756,;253.228287,9.36764,;253.228287,9.41771,;253.228287,9.46779,;253.228287,9.51791,;253.228287,9.56798,;253.228287,9.61805,;253.228287,9.66815,;253.228287,9.71822,;253.228287,9.76832,;253.228287,9.81843,;253.228287,9.86853,;253.228287,9.91861,;253.228287,9.96872,;253.228287,10.0188,;
581.958335,0.0500887,;510.452619,0.10018,;451.005576,0.150264,;451.005576,0.200348,;451.005576,0.250452,;451.005576,0.300553,;451.005576,0.350636,;451.005576,0.400743,;448.975200,0.45085,;448.975200,0.50092,;448.975200,0.551003,;448.975200,0.601082,;399.061446,0.651155,;399.061446,0.701236,;399.061446,0.751333,;399.061446,0.801442,;399.061446,0.851527,;399.061446,0.901633,;399.061446,0.951705,;315.517242,1.00181,;315.517242,1.05193,;315.517242,1.102,;315.517242,1.15207,;315.517242,1.20214,;315.517242,1.2522,;315.517242,1.30231,;315.517242,1.35241,;315.517242,1.40252,;315.517242,1.4526,;315.517242,1.50272,;315.517242,1.55282,;315.517242,1.60292,;315.517242,1.65303,;315.517242,1.70309,;315.517242,1.7532,;315.517242,1.80329,;315.517242,1.8534,;315.517242,1.90348,;315.517242,1.95357,;315.517242,2.00365,;315.517242,2.05374,;315.517242,2.10384,;315.517242,2.15394,;315.517242,2.20401,;315.517242,2.25411,;315.517242,2.3042,;315.517242,2.3543,;315.517242,2.40441,;315.517242,2.45451,;315.517242,2.50462,;315.517242,2.55472,;315.517242,2.60482,;315.517242,2.65492,;315.517242,2.70502,;315.517242,2.7551,;315.517242,2.8052,;315.517242,2.85527,;315.517242,2.90537,;315.517242,2.95546,;298.912304,3.00557,;298.912304,3.05566,;298.912304,3.10577,;298.912304,3.15586,;298.912304,3.20594,;298.912304,3.25603,;298.912304,3.3061,;298.912304,3.35616,;298.912304,3.40627,;298.912304,3.45636,;298.912304,3.50646,;298.912304,3.55653,;298.912304,3.60663,;298.912304,3.65675,;298.912304,3.70687,;298.912304,3.75698,;298.912304,3.80709,;298.912304,3.85719,;298.912304,3.90726,;298.912304,3.95738,;298.912304,4.00748,;298.912304,4.0576,;298.912304,4.10769,;298.912304,4.1578,;298.912304,4.2079,;298.912304,4.258,;298.912304,4.30809,;298.912304,4.35819,;298.912304,4.4083,;298.912304,4.45841,;298.912304,4.50852,;298.912304,4.55862,;278.951896,4.60873,;278.951896,4.65884,;278.951896,4.70895,;278.951896,4.759,;278.951896,4.80916,;278.951896,4.85925,;278.951896,4.90933,;278.951896,4.95942,;278.951896,5.0095,;278.951896,5.05959,;278.951896,5.10968,;278.951896,5.15976,;278.951896,5.20984,;278.951896,5.25993,;278.951896,5.31,;278.951896,5.36011,;278.951896,5.41023,;278.951896,5.46032,;278.951896,5.5104,;278.951896,5.56048,;278.951896,5.61061,;278.951896,5.66067,;278.951896,5.71075,;278.951896,5.76083,;278.951896,5.81091,;278.951896,5.861,;278.951896,5.91107,;278.951896,5.96115,;278.951896,6.01123,;278.951896,6.06135,;278.951896,6.11144,;278.951896,6.16154,;278.951896,6.21163,;278.951896,6.26174,;278.951896,6.31186,;278.951896,6.36195,;278.951896,6.41205,;278.951896,6.46213,;278.951896,6.51224,;278.951896,6.56234,;278.951896,6.61245,;278.951896,6.66255,;278.951896,6.71265,;278.951896,6.76276,;278.951896,6.81287,;278.951896,6.86295,;278.951896,6.91307,;278.951896,6.96315,;278.951896,7.01326,;278.951896,7.06334,;278.951896,7.11345,;278.951896,7.16354,;278.951896,7.21362,;278.951896,7.26371,;278.951896,7.31382,;278.951896,7.36393,;278.951896,7.41402,;278.951896,7.46412,;278.951896,7.51423,;278.951896,7.56432,;278.951896,7.61443,;278.951896,7.6645,;278.951896,7.71461,;278.951896,7.76472,;278.951896,7.81484,;278.951896,7.86494,;278.951896,7.91502,;278.951896,7.96513,;278.951896,8.0152,;278.951896,8.0653,;278.951896,8.11539,;252.421677,8.16548,;252.421677,8.21557,;252.421677,8.26568,;252.421677,8.31577,;252.421677,8.36588,;252.421677,8.416,;252.421677,8.4661,;252.421677,8.51619,;252.421677,8.56629,;252.421677,8.61637,;252.421677,8.66645,;252.421677,8.71652,;252.421677,8.76661,;252.421677,8.81669,;252.421677,8.86677,;252.421677,8.91689,;245.059080,8.96701,;245.059080,9.01712,;245.059080,9.06719,;245.059080,9.11726,;245.059080,9.16733,;245.059080,9.21744,;245.059080,9.26752,;245.059080,9.31761,;245.059080,9.36771,;245.059080,9.41783,;245.059080,9.46791,;245.059080,9.51799,;245.059080,9.5681,;245.059080,9.61819,;245.059080,9.66828,;245.059080,9.7184,;245.059080,9.76849,;245.059080,9.81861,;245.059080,9.8687,;245.059080,9.91879,;245.059080,9.96888,;245.059080,10.019,;
610.042212,0.0500711,;610.042212,0.100124,;610.042212,0.150196,;610.042212,0.200273,;610.042212,0.250357,;610.042212,0.300453,;610.042212,0.350537,;367.992100,0.400643,;367.992100,0.450782,;367.992100,0.500885,;367.992100,0.550967,;367.992100,0.60104,;367.992100,0.651115,;367.992100,0.701206,;367.992100,0.751287,;362.512854,0.801382,;362.512854,0.851477,;362.512854,0.901581,;362.512854,0.951687,;362.512854,1.0018,;362.512854,1.05192,;324.679750,1.10203,;324.679750,1.15215,;324.679750,1.20226,;324.679750,1.25233,;324.679750,1.30242,;324.679750,1.35252,;324.679750,1.40264,;324.679750,1.45273,;324.679750,1.50285,;324.679750,1.55296,;324.679750,1.60308,;314.231460,1.65316,;314.231460,1.70329,;314.231460,1.75338,;314.231460,1.80351,;314.231460,1.8536,;314.231460,1.9037,;314.231460,1.9538,;314.231460,2.00393,;314.231460,2.05401,;314.231460,2.10407,;314.231460,2.15418,;314.231460,2.20425,;314.231460,2.25436,;314.231460,2.30445,;287.589462,2.35454,;287.589462,2.40464,;287.589462,2.45476,;287.589462,2.50484,;287.589462,2.55494,;287.589462,2.60502,;287.589462,2.65511,;287.589462,2.70522,;287.589462,2.7553,;287.589462,2.80542,;287.589462,2.85555,;287.589462,2.90569,;287.589462,2.95578,;287.589462,3.0059,;287.589462,3.056,;287.589462,3.1061,;287.589462,3.15619,;287.589462,3.20628,;287.589462,3.25637,;287.589462,3.30648,;287.589462,3.35657,;287.589462,3.40666,;287.589462,3.45677,;287.589462,3.50685,;287.589462,3.55694,;287.589462,3.60703,;262.658724,3.65712,;262.658724,3.70722,;262.658724,3.75731,;262.658724,3.80741,;260.102913,3.8575,;260.102913,3.90759,;260.102913,3.95769,;260.102913,4.00778,;260.102913,4.05788,;260.102913,4.10798,;260.102913,4.15807,;260.102913,4.20816,;260.102913,4.25825,;260.102913,4.30834,;260.102913,4.35846,;260.102913,4.40855,;260.102913,4.45864,;260.102913,4.50872,;260.102913,4.55882,;260.102913,4.60892,;260.102913,4.65901,;260.102913,4.7091,;260.102913,4.7592,;260.102913,4.8093,;260.102913,4.8594,;260.102913,4.90949,;260.102913,4.95958,;260.102913,5.00966,;260.102913,5.05975,;260.102913,5.10983,;260.102913,5.15993,;260.102913,5.21003,;260.102913,5.26009,;260.102913,5.31018,;260.102913,5.36026,;260.102913,5.41034,;260.102913,5.46042,;260.102913,5.51051,;260.102913,5.56062,;260.102913,5.6107,;260.102913,5.66078,;260.102913,5.71088,;260.102913,5.76096,;260.102913,5.81106,;260.102913,5.86115,;260.102913,5.91125,;260.102913,5.96135,;260.102913,6.01145,;260.102913,6.06155,;260.102913,6.11163,;260.102913,6.16171,;260.102913,6.2118,;260.102913,6.26193,;260.102913,6.31201,;260.102913,6.3621,;260.102913,6.41218,;260.102913,6.46227,;260.102913,6.51236,;260.102913,6.56246,;260.102913,6.61255,;260.102913,6.66264,;260.102913,6.71274,;260.102913,6.76282,;260.102913,6.8129,;260.102913,6.86302,;260.102913,6.91315,;260.102913,6.96322,;260.102913,7.01332,;260.102913,7.06344,;260.102913,7.11354,;260.102913,7.16362,;260.102913,7.21372,;260.102913,7.26384,;260.102913,7.31397,;260.102913,7.36409,;260.102913,7.4142,;260.102913,7.46428,;260.102913,7.51441,;260.102913,7.56448,;260.102913,7.61462,;260.102913,7.66471,;260.102913,7.7148,;260.102913,7.76488,;260.102913,7.81497,;260.102913,7.86507,;260.102913,7.9152,;260.102913,7.96529,;260.102913,8.01538,;260.102913,8.06552,;260.102913,8.11562,;260.102913,8.16571,;260.102913,8.2158,;260.102913,8.26588,;260.102913,8.31596,;260.102913,8.36606,;260.102913,8.41615,;260.102913,8.46627,;260.102913,8.51635,;260.102913,8.56646,;260.102913,8.61655,;260.102913,8.66666,;260.102913,8.71674,;260.102913,8.76681,;260.102913,8.8169,;260.102913,8.86699,;260.102913,8.91712,;260.102913,8.96724,;260.102913,9.01732,;260.102913,9.06744,;260.102913,9.11756,;260.102913,9.16768,;260.102913,9.21781,;260.102913,9.26793,;260.102913,9.31801,;260.102913,9.36813,;260.102913,9.41825,;260.102913,9.46833,;260.102913,9.51844,;260.102913,9.56853,;260.102913,9.61862,;260.102913,9.66871,;260.102913,9.71879,;260.102913,9.76887,;260.102913,9.81895,;260.102913,9.86904,;260.102913,9.91917,;260.102913,9.96926,;260.102913,10.0194,;260.102913,10.0695,;
inf,0.0500622,;617.803980,0.100187,;617.803980,0.150269,;617.803980,0.200387,;617.803980,0.250529,;462.057080,0.30062,;462.057080,0.350707,;462.057080,0.40079,;462.057080,0.450886,;462.057080,0.500985,;436.234103,0.551081,;436.234103,0.601172,;436.234103,0.65126,;436.234103,0.701339,;436.234103,0.751423,;436.234103,0.801547,;436.234103,0.851627,;436.234103,0.901707,;387.493356,0.951794,;387.493356,1.00189,;387.493356,1.05197,;377.299642,1.10209,;377.299642,1.15218,;377.299642,1.2023,;377.299642,1.25239,;377.299642,1.30249,;377.299642,1.35258,;377.299642,1.40266,;377.299642,1.45275,;377.299642,1.50284,;317.513952,1.55291,;317.513952,1.60304,;317.513952,1.65313,;317.513952,1.70321,;317.513952,1.75331,;317.513952,1.80341,;291.998262,1.85351,;291.998262,1.90363,;291.998262,1.95373,;291.998262,2.00382,;291.998262,2.05391,;291.998262,2.104,;291.998262,2.1541,;291.998262,2.20418,;291.998262,2.25427,;291.998262,2.30437,;291.998262,2.35446,;291.998262,2.40454,;291.998262,2.45462,;291.998262,2.50472,;291.998262,2.55484,;291.998262,2.60492,;291.998262,2.65505,;290.118987,2.70513,;290.118987,2.75522,;290.118987,2.80531,;290.118987,2.8554,;290.118987,2.90548,;290.118987,2.95559,;290.118987,3.00569,;290.118987,3.05582,;290.118987,3.10591,;290.118987,3.15599,;290.118987,3.20608,;290.118987,3.25617,;290.118987,3.30625,;290.118987,3.35634,;290.118987,3.40644,;290.118987,3.45652,;290.118987,3.50662,;290.118987,3.5567,;290.118987,3.6068,;290.118987,3.6569,;290.118987,3.70698,;290.118987,3.75707,;287.420492,3.80717,;287.420492,3.85726,;287.420492,3.90735,;287.420492,3.95745,;287.420492,4.00753,;287.420492,4.05761,;287.420492,4.10771,;287.420492,4.1578,;287.420492,4.20789,;287.420492,4.25798,;287.420492,4.30806,;287.420492,4.35815,;287.420492,4.40825,;287.420492,4.45834,;287.420492,4.50843,;287.420492,4.55854,;287.420492,4.60862,;287.420492,4.6587,;287.420492,4.70878,;287.420492,4.75888,;287.420492,4.80897,;287.420492,4.85906,;287.420492,4.90917,;286.696862,4.95926,;286.696862,5.00935,;286.696862,5.05944,;286.696862,5.10953,;286.696862,5.15963,;286.696862,5.20971,;286.696862,5.2598,;286.696862,5.3099,;286.696862,5.35999,;286.696862,5.41011,;286.696862,5.46021,;286.696862,5.51032,;286.696862,5.56041,;286.696862,5.61049,;286.696862,5.66059,;286.696862,5.71068,;286.696862,5.7608,;286.696862,5.81092,;286.696862,5.86102,;286.696862,5.91111,;286.696862,5.9612,;286.696862,6.01133,;286.696862,6.06142,;277.924821,6.11155,;277.924821,6.16167,;277.924821,6.2118,;277.924821,6.2619,;277.924821,6.31198,;277.924821,6.36207,;277.924821,6.41217,;277.924821,6.46227,;277.924821,6.51237,;277.924821,6.56246,;277.924821,6.61254,;277.924821,6.66265,;277.924821,6.71276,;277.924821,6.76284,;277.924821,6.81293,;277.924821,6.86301,;277.924821,6.9131,;277.924821,6.96319,;277.924821,7.01329,;277.924821,7.06337,;277.924821,7.11349,;277.924821,7.16358,;277.924821,7.21371,;277.924821,7.2638,;277.924821,7.31389,;277.924821,7.36398,;277.924821,7.41407,;277.924821,7.46417,;277.924821,7.51429,;277.924821,7.56439,;277.924821,7.61448,;277.924821,7.66458,;277.924821,7.7147,;277.924821,7.76478,;277.924821,7.81488,;277.924821,7.865,;277.924821,7.91512,;277.924821,7.96521,;277.924821,8.01531,;277.924821,8.06543,;277.924821,8.11551,;277.924821,8.16563,;277.924821,8.21573,;277.924821,8.26581,;277.924821,8.31586,;277.924821,8.36595,;277.924821,8.41604,;277.924821,8.46612,;277.924821,8.51622,;277.924821,8.56633,;263.744834,8.61641,;263.744834,8.66649,;263.744834,8.71658,;263.744834,8.76668,;263.744834,8.8168,;263.744834,8.86689,;263.744834,8.91702,;263.744834,8.96714,;263.744834,9.01723,;263.744834,9.06735,;263.744834,9.11743,;263.744834,9.16755,;263.744834,9.21762,;263.744834,9.2677,;263.744834,9.31778,;263.744834,9.36786,;263.744834,9.41798,;263.744834,9.46806,;263.744834,9.51818,;263.744834,9.56827,;263.744834,9.61838,;263.744834,9.66848,;263.744834,9.71856,;263.744834,9.76865,;263.744834,9.81874,;263.744834,9.86882,;263.744834,9.91894,;263.744834,9.96906,;
614.130091,0.0500561,;604.937707,0.100168,;469.273268,0.150264,;469.273268,0.20038,;469.273268,0.250464,;469.273268,0.300552,;469.273268,0.350639,;469.273268,0.40076,;469.273268,0.450849,;469.273268,0.500982,;469.273268,0.551099,;422.595365,0.601176,;422.595365,0.651291,;360.006839,0.701387,;360.006839,0.751466,;360.006839,0.801559,;360.006839,0.851682,;360.006839,0.901801,;360.006839,0.95192,;360.006839,1.00202,;360.006839,1.05214,;346.261767,1.10224,;346.261767,1.15237,;346.261767,1.2025,;346.261767,1.25262,;346.261767,1.30272,;346.261767,1.35284,;346.261767,1.40295,;346.261767,1.45303,;346.261767,1.50315,;346.261767,1.55325,;346.261767,1.60335,;346.261767,1.65345,;311.241711,1.70357,;311.241711,1.75369,;311.241711,1.80378,;311.241711,1.85388,;311.241711,1.90399,;302.454287,1.95409,;302.454287,2.00417,;261.942078,2.05427,;261.942078,2.10435,;261.942078,2.15447,;261.942078,2.20457,;261.942078,2.25466,;261.942078,2.30476,;261.942078,2.35489,;261.942078,2.40495,;261.942078,2.45505,;261.942078,2.50513,;261.942078,2.55522,;261.942078,2.60531,;261.942078,2.65539,;261.942078,2.70551,;261.942078,2.7556,;261.942078,2.8057,;261.942078,2.85579,;261.942078,2.90586,;261.942078,2.95598,;261.942078,3.00608,;261.942078,3.05617,;261.942078,3.10626,;261.942078,3.15635,;261.942078,3.20644,;261.942078,3.25652,;261.942078,3.3066,;261.942078,3.35672,;261.942078,3.40681,;261.942078,3.45692,;261.942078,3.507,;261.942078,3.55709,;261.942078,3.60718,;261.942078,3.65726,;261.942078,3.70735,;261.942078,3.75746,;261.942078,3.80755,;261.942078,3.85764,;261.942078,3.90774,;261.942078,3.95783,;261.942078,4.0079,;261.942078,4.058,;261.942078,4.10809,;261.942078,4.15819,;261.942078,4.20829,;261.942078,4.25838,;261.942078,4.30849,;261.942078,4.35857,;261.942078,4.40867,;261.942078,4.45876,;261.942078,4.50884,;261.942078,4.55892,;260.546662,4.609,;260.546662,4.6591,;260.546662,4.70918,;260.546662,4.75928,;260.546662,4.80938,;260.546662,4.85947,;260.546662,4.90957,;260.546662,4.9597,;260.546662,5.00979,;260.546662,5.05988,;260.546662,5.10998,;260.546662,5.16007,;260.546662,5.21018,;260.546662,5.26028,;260.546662,5.31037,;260.546662,5.3605,;260.546662,5.41061,;260.546662,5.4607,;260.546662,5.51082,;260.546662,5.56095,;260.546662,5.61105,;260.546662,5.66113,;260.546662,5.71121,;260.546662,5.76131,;260.546662,5.81143,;260.546662,5.86152,;260.179710,5.91163,;260.179710,5.96173,;260.179710,6.01185,;260.179710,6.06194,;260.179710,6.11204,;260.179710,6.16214,;260.179710,6.21224,;260.179710,6.26233,;260.179710,6.31242,;260.179710,6.36254,;260.179710,6.41263,;260.179710,6.46275,;260.179710,6.51287,;260.179710,6.56297,;260.179710,6.61306,;260.179710,6.66316,;260.179710,6.71325,;260.179710,6.76337,;260.179710,6.81347,;260.179710,6.86356,;260.179710,6.91366,;260.179710,6.96374,;260.179710,7.01383,;260.179710,7.06395,;260.179710,7.11403,;260.082861,7.16412,;260.082861,7.21421,;260.082861,7.26434,;260.082861,7.31443,;260.082861,7.36455,;260.082861,7.41467,;260.082861,7.46479,;260.082861,7.51488,;260.082861,7.56496,;260.082861,7.61504,;260.082861,7.66513,;260.082861,7.71525,;260.082861,7.76534,;260.082861,7.81546,;260.082861,7.86555,;260.082861,7.91566,;260.082861,7.96573,;260.082861,8.01584,;260.082861,8.06595,;260.082861,8.11603,;260.082861,8.16612,;260.082861,8.21623,;260.082861,8.26632,;260.082861,8.31641,;260.082861,8.3665,;260.082861,8.41658,;260.082861,8.46669,;260.082861,8.5168,;260.082861,8.56691,;260.082861,8.61698,;260.082861,8.66707,;260.082861,8.71715,;260.082861,8.76723,;260.082861,8.81732,;260.082861,8.86741,;260.082861,8.91752,;260.082861,8.96759,;260.082861,9.01766,;260.082861,9.06773,;260.082861,9.11782,;260.082861,9.1679,;260.082861,9.21798,;260.082861,9.26807,;260.082861,9.31815,;260.082861,9.36825,;260.082861,9.41836,;260.082861,9.46849,;260.082861,9.51858,;260.082861,9.56868,;260.082861,9.61876,;260.082861,9.6689,;260.082861,9.71899,;260.082861,9.76907,;260.082861,9.81915,;260.082861,9.86925,;260.082861,9.91935,;260.082861,9.96944,;260.082861,10.0196,;260.082861,10.0697,;
461.086091,0.0500972,;461.086091,0.100178,;461.086091,0.150293,;461.086091,0.200372,;461.086091,0.250489,;461.086091,0.300592,;461.086091,0.350713,;461.086091,0.40081,;361.841994,0.450896,;361.841994,0.500975,;361.841994,0.551068,;361.841994,0.601156,;361.841994,0.651238,;361.841994,0.701317,;361.841994,0.751406,;361.841994,0.801505,;361.841994,0.851566,;361.841994,0.901645,;361.841994,0.95177,;361.841994,1.00185,;361.841994,1.05196,;361.841994,1.10204,;350.595936,1.15218,;350.595936,1.20228,;350.595936,1.25237,;350.595936,1.30247,;350.595936,1.35257,;350.595936,1.40267,;350.595936,1.45276,;350.595936,1.50284,;350.595936,1.55294,;350.595936,1.60304,;319.609072,1.65313,;319.609072,1.70324,;319.609072,1.75335,;319.609072,1.80343,;319.609072,1.85353,;319.609072,1.90362,;319.609072,1.95371,;319.609072,2.0038,;319.609072,2.05392,;319.609072,2.10398,;319.609072,2.15407,;319.609072,2.20416,;319.609072,2.25428,;319.609072,2.30437,;319.609072,2.35447,;319.609072,2.40456,;319.609072,2.45466,;319.609072,2.50475,;319.609072,2.55486,;319.609072,2.60495,;319.609072,2.65508,;319.609072,2.70516,;319.609072,2.75525,;319.609072,2.80537,;319.609072,2.85546,;275.931346,2.90559,;268.309865,2.95567,;268.309865,3.00576,;268.309865,3.05584,;268.309865,3.10594,;268.309865,3.15603,;268.309865,3.20611,;268.309865,3.25619,;268.309865,3.30632,;268.309865,3.35641,;262.089786,3.40651,;262.089786,3.4566,;262.089786,3.50672,;262.089786,3.55681,;262.089786,3.60691,;262.089786,3.657,;262.089786,3.7071,;262.089786,3.75722,;262.089786,3.8073,;262.089786,3.85739,;262.089786,3.90749,;262.089786,3.95758,;262.089786,4.00766,;262.089786,4.05778,;262.089786,4.10786,;262.089786,4.15794,;262.089786,4.20803,;262.089786,4.25815,;262.089786,4.30824,;262.089786,4.35837,;262.089786,4.40849,;262.089786,4.45858,;262.089786,4.50868,;262.089786,4.55876,;262.089786,4.60886,;262.089786,4.65899,;262.089786,4.70908,;262.089786,4.75919,;262.089786,4.80928,;262.089786,4.85937,;262.089786,4.90946,;262.089786,4.95957,;262.089786,5.00969,;262.089786,5.05977,;262.089786,5.10986,;262.089786,5.15999,;262.089786,5.21011,;262.089786,5.26019,;262.089786,5.31028,;262.089786,5.36037,;262.089786,5.41047,;262.089786,5.46055,;262.089786,5.51064,;262.089786,5.56077,;262.089786,5.61089,;262.089786,5.66097,;262.089786,5.71109,;262.089786,5.76117,;262.089786,5.81128,;262.089786,5.86138,;262.089786,5.91147,;262.089786,5.96155,;262.089786,6.01163,;262.089786,6.06175,;262.089786,6.11184,;262.089786,6.16196,;262.089786,6.21207,;262.089786,6.26219,;262.089786,6.31228,;262.089786,6.3624,;262.089786,6.41251,;262.089786,6.46263,;262.089786,6.51275,;262.089786,6.56286,;262.089786,6.61298,;262.089786,6.6631,;262.089786,6.71322,;262.089786,6.76329,;262.089786,6.81341,;262.089786,6.86352,;262.089786,6.91364,;262.089786,6.96372,;262.089786,7.01381,;262.089786,7.06391,;262.089786,7.11401,;262.089786,7.1641,;262.089786,7.21422,;262.089786,7.2643,;262.089786,7.31442,;262.089786,7.36452,;262.089786,7.4146,;262.089786,7.4647,;262.089786,7.51479,;262.089786,7.56488,;262.089786,7.61496,;262.089786,7.66505,;262.089786,7.71517,;262.089786,7.76525,;262.089786,7.81538,;262.089786,7.86549,;262.089786,7.91557,;262.089786,7.96569,;262.089786,8.01576,;262.089786,8.06585,;262.089786,8.11594,;262.089786,8.16603,;262.089786,8.21612,;262.089786,8.2662,;262.089786,8.31629,;262.089786,8.36639,;262.089786,8.41646,;262.089786,8.46654,;262.089786,8.51663,;262.089786,8.56675,;262.089786,8.61682,;262.089786,8.6669,;262.089786,8.71699,;262.089786,8.76707,;262.089786,8.81714,;262.089786,8.86725,;262.089786,8.91733,;262.089786,8.9674,;262.089786,9.01748,;262.089786,9.06759,;262.089786,9.1177,;262.089786,9.16778,;262.089786,9.21785,;262.089786,9.26793,;262.089786,9.31801,;262.089786,9.36808,;262.089786,9.41815,;262.089786,9.46823,;262.089786,9.51835,;262.089786,9.56843,;262.089786,9.61865,;262.089786,9.66875,;262.089786,9.71883,;262.089786,9.76893,;262.089786,9.81901,;262.089786,9.86911,;262.089786,9.9192,;262.089786,9.96929,;
507.353992,0.0500713,;507.353992,0.100163,;507.353992,0.150259,;507.353992,0.200342,;468.033920,0.250437,;468.033920,0.30055,;468.033920,0.350631,;468.033920,0.400718,;379.828859,0.450804,;379.828859,0.500889,;379.828859,0.550972,;379.828859,0.601085,;379.828859,0.651159,;379.828859,0.701267,;365.717577,0.751378,;365.717577,0.801458,;365.717577,0.851569,;365.717577,0.901643,;333.487623,0.951753,;333.487623,1.00184,;333.487623,1.05193,;333.487623,1.10201,;333.487623,1.15212,;333.487623,1.2022,;333.487623,1.25231,;333.487623,1.3024,;333.487623,1.35251,;333.487623,1.40259,;333.487623,1.45271,;333.487623,1.50279,;333.487623,1.55291,;333.487623,1.60299,;333.487623,1.65307,;333.487623,1.70315,;333.487623,1.75322,;333.487623,1.80331,;333.487623,1.85342,;333.487623,1.90354,;333.487623,1.95362,;333.487623,2.0037,;333.487623,2.0538,;333.487623,2.10389,;330.704276,2.15398,;330.704276,2.2041,;330.704276,2.25419,;330.704276,2.3043,;330.704276,2.35439,;330.704276,2.40451,;330.704276,2.4546,;305.760525,2.50472,;297.328713,2.55484,;297.328713,2.60498,;297.328713,2.6551,;297.328713,2.70515,;297.328713,2.75524,;297.328713,2.80533,;297.328713,2.85541,;297.328713,2.90548,;297.328713,2.95556,;297.328713,3.00564,;297.328713,3.05571,;297.328713,3.1058,;297.328713,3.15588,;297.328713,3.20595,;297.328713,3.25604,;297.328713,3.30613,;297.328713,3.35624,;297.328713,3.40635,;297.328713,3.45646,;297.328713,3.50655,;297.328713,3.55664,;297.328713,3.60673,;297.328713,3.65681,;297.328713,3.7069,;297.328713,3.75698,;297.328713,3.80707,;297.328713,3.85714,;297.328713,3.90722,;297.328713,3.95733,;297.328713,4.00744,;297.328713,4.05751,;297.328713,4.10759,;297.328713,4.15766,;297.328713,4.20775,;297.328713,4.25784,;297.328713,4.30792,;297.328713,4.358,;297.328713,4.40809,;297.328713,4.45818,;297.328713,4.5083,;297.328713,4.55838,;297.328713,4.6085,;297.328713,4.65857,;285.249477,4.70865,;285.249477,4.75874,;285.249477,4.80881,;285.249477,4.8589,;285.249477,4.90903,;285.249477,4.9591,;285.249477,5.00921,;285.249477,5.05929,;285.249477,5.10941,;285.249477,5.1595,;285.249477,5.20957,;285.249477,5.25966,;285.249477,5.30974,;285.249477,5.35982,;285.249477,5.40993,;272.521219,5.46002,;272.521219,5.5101,;272.521219,5.56019,;272.521219,5.61029,;272.521219,5.66037,;272.521219,5.71047,;272.521219,5.76055,;272.521219,5.81064,;272.521219,5.86076,;272.521219,5.91084,;272.521219,5.96093,;272.521219,6.01102,;272.521219,6.06111,;272.521219,6.1112,;272.521219,6.16129,;272.521219,6.2114,;272.521219,6.26148,;272.521219,6.31155,;272.521219,6.36163,;272.521219,6.41171,;272.521219,6.46179,;272.521219,6.51189,;272.521219,6.56197,;272.521219,6.61205,;272.521219,6.66214,;272.521219,6.71222,;272.521219,6.76229,;272.521219,6.81239,;272.521219,6.86248,;272.521219,6.91257,;272.521219,6.96272,;272.521219,7.0128,;272.521219,7.06289,;272.521219,7.11297,;272.521219,7.16305,;272.521219,7.21314,;272.521219,7.26323,;272.521219,7.31331,;272.521219,7.36338,;272.521219,7.41347,;272.521219,7.46355,;272.521219,7.51365,;272.521219,7.56375,;272.521219,7.61385,;272.521219,7.66393,;272.521219,7.71402,;272.521219,7.76414,;272.521219,7.81422,;272.521219,7.86434,;272.521219,7.91443,;272.521219,7.96453,;272.521219,8.01461,;272.521219,8.0647,;272.521219,8.11481,;272.521219,8.1649,;272.521219,8.21498,;272.521219,8.26506,;272.521219,8.31515,;272.521219,8.36525,;272.521219,8.41534,;272.521219,8.46542,;272.521219,8.51552,;272.521219,8.5656,;272.521219,8.61569,;272.521219,8.66577,;272.521219,8.71586,;272.521219,8.76593,;262.464419,8.81604,;262.464419,8.86612,;262.464419,8.9162,;262.464419,8.96628,;262.464419,9.01636,;262.464419,9.06646,;262.464419,9.11656,;262.464419,9.16667,;262.464419,9.21675,;262.464419,9.26687,;262.464419,9.31695,;262.464419,9.36706,;262.464419,9.41718,;262.464419,9.46727,;262.464419,9.51739,;262.464419,9.56749,;262.464419,9.61757,;262.464419,9.66766,;262.464419,9.71775,;262.464419,9.76784,;262.464419,9.81792,;262.464419,9.868,;262.464419,9.91809,;262.464419,9.96817,;
inf,0.0500722,;inf,0.100157,;inf,0.15024,;inf,0.200325,;inf,0.250409,;inf,0.300506,;inf,0.350594,;inf,0.400689,;inf,0.450773,;inf,0.500863,;inf,0.550948,;inf,0.601033,;inf,0.651117,;inf,0.701235,;inf,0.75131,;inf,0.801382,;inf,0.851456,;inf,0.901527,;338.103078,0.951599,;336.140732,1.00168,;336.140732,1.05177,;336.140732,1.10185,;304.850575,1.15192,;304.850575,1.20199,;304.850575,1.2521,;302.078587,1.30219,;302.078587,1.35231,;302.078587,1.40243,;302.078587,1.45251,;302.078587,1.50263,;302.078587,1.55272,;302.078587,1.60283,;302.078587,1.6529,;302.078587,1.70302,;302.078587,1.75311,;302.078587,1.8032,;302.078587,1.85332,;302.078587,1.90343,;302.078587,1.95353,;302.078587,2.00362,;302.078587,2.0537,;302.078587,2.10377,;302.078587,2.15387,;302.078587,2.20394,;301.371934,2.25404,;301.371934,2.30413,;301.371934,2.35421,;301.371934,2.4043,;301.371934,2.45439,;301.371934,2.50447,;300.042719,2.55458,;300.042719,2.60469,;300.042719,2.65477,;295.276526,2.70487,;295.276526,2.75502,;284.635104,2.80511,;284.635104,2.85521,;284.635104,2.90528,;284.635104,2.95536,;284.635104,3.00548,;284.635104,3.05559,;284.635104,3.1057,;284.635104,3.15581,;284.635104,3.2059,;284.635104,3.25597,;284.635104,3.30609,;284.635104,3.35618,;284.635104,3.40626,;284.635104,3.45634,;282.147864,3.50642,;282.147864,3.5565,;282.147864,3.60659,;282.147864,3.65669,;282.147864,3.70677,;282.147864,3.75692,;282.147864,3.80704,;282.147864,3.85712,;282.147864,3.90723,;282.147864,3.95734,;282.147864,4.00746,;282.147864,4.05757,;282.147864,4.10769,;282.147864,4.15776,;282.147864,4.20784,;282.147864,4.25791,;282.147864,4.308,;282.147864,4.35811,;278.001211,4.40818,;278.001211,4.45829,;278.001211,4.50837,;278.001211,4.55845,;278.001211,4.60854,;278.001211,4.65864,;278.001211,4.70877,;278.001211,4.75886,;278.001211,4.80895,;278.001211,4.85904,;278.001211,4.90913,;278.001211,4.95925,;278.001211,5.00934,;278.001211,5.05944,;278.001211,5.10956,;278.001211,5.15968,;278.001211,5.20976,;275.429524,5.25985,;271.591898,5.30995,;271.591898,5.36002,;271.591898,5.41012,;271.591898,5.46021,;271.591898,5.51029,;271.591898,5.56039,;271.591898,5.61047,;271.591898,5.66054,;271.591898,5.71065,;271.591898,5.76075,;271.591898,5.81082,;271.591898,5.8609,;271.591898,5.91102,;271.591898,5.96112,;271.591898,6.01121,;265.370611,6.0613,;265.370611,6.11139,;265.370611,6.16148,;265.370611,6.21157,;265.370611,6.26167,;265.370611,6.31177,;265.370611,6.36186,;265.370611,6.41194,;265.370611,6.46206,;265.370611,6.51216,;265.370611,6.56229,;265.370611,6.61238,;265.370611,6.66247,;265.370611,6.71257,;265.370611,6.76265,;265.370611,6.81275,;265.370611,6.86283,;261.811991,6.91296,;261.811991,6.96304,;261.811991,7.01317,;261.811991,7.06325,;261.811991,7.11338,;261.811991,7.1635,;261.811991,7.21361,;261.811991,7.26371,;261.811991,7.31379,;261.811991,7.36388,;261.811991,7.41398,;261.811991,7.46409,;261.811991,7.51421,;261.811991,7.56433,;261.811991,7.61445,;261.811991,7.66453,;261.811991,7.71465,;261.811991,7.76474,;261.811991,7.81483,;261.811991,7.86493,;261.811991,7.91505,;261.811991,7.96513,;261.811991,8.01521,;261.811991,8.0653,;261.811991,8.11539,;261.559241,8.16549,;261.559241,8.21562,;261.559241,8.26571,;261.559241,8.31581,;261.559241,8.36589,;261.559241,8.41597,;261.559241,8.46606,;261.559241,8.51616,;261.559241,8.56624,;261.559241,8.61632,;261.559241,8.6664,;261.559241,8.7165,;261.559241,8.76658,;261.559241,8.81667,;261.559241,8.86676,;261.559241,8.91687,;261.559241,8.96696,;261.559241,9.01706,;261.559241,9.06715,;261.559241,9.11724,;261.559241,9.16733,;261.559241,9.21743,;261.559241,9.26751,;261.559241,9.3176,;261.559241,9.3677,;261.559241,9.4178,;261.559241,9.46788,;261.559241,9.51797,;261.559241,9.56805,;261.559241,9.61813,;261.559241,9.66822,;261.559241,9.71831,;261.559241,9.76839,;261.559241,9.81847,;261.559241,9.86855,;261.559241,9.91867,;261.559241,9.96876,;261.559241,10.0189,;
568.128482,0.0500685,;568.128482,0.100182,;423.127869,0.15025,;423.127869,0.200361,;423.127869,0.250433,;423.127869,0.300549,;423.127869,0.350623,;423.127869,0.400694,;423.127869,0.450785,;423.127869,0.500866,;423.127869,0.550937,;412.974344,0.601044,;412.974344,0.65112,;412.974344,0.701244,;412.974344,0.751354,;412.974344,0.801426,;412.974344,0.851524,;388.740726,0.901612,;388.740726,0.951725,;388.740726,1.00181,;312.615422,1.05189,;309.433091,1.10196,;309.433091,1.15205,;309.433091,1.20214,;309.433091,1.25225,;309.433091,1.30234,;309.433091,1.35245,;309.433091,1.40254,;309.433091,1.45262,;309.433091,1.50271,;309.433091,1.55282,;309.433091,1.6029,;309.433091,1.653,;309.433091,1.70309,;309.433091,1.75319,;309.433091,1.80329,;309.433091,1.85337,;309.433091,1.90348,;309.433091,1.95357,;309.433091,2.00367,;309.433091,2.05375,;309.433091,2.10384,;309.433091,2.15396,;309.433091,2.20403,;309.433091,2.25413,;309.433091,2.3042,;309.433091,2.35427,;309.433091,2.40439,;309.433091,2.45446,;309.433091,2.50455,;309.433091,2.55465,;309.433091,2.60473,;309.433091,2.65482,;309.433091,2.7049,;309.433091,2.75499,;309.433091,2.80507,;309.433091,2.8552,;309.433091,2.90528,;309.433091,2.9554,;309.433091,3.0055,;309.433091,3.05563,;309.433091,3.10571,;309.433091,3.15583,;309.433091,3.20594,;309.433091,3.25605,;309.433091,3.30617,;309.433091,3.35628,;309.433091,3.40636,;309.433091,3.45645,;309.433091,3.50657,;309.433091,3.55666,;309.433091,3.60675,;309.433091,3.65683,;309.433091,3.70693,;309.433091,3.75705,;309.433091,3.80714,;309.433091,3.85723,;309.433091,3.90732,;292.243596,3.95744,;292.243596,4.00753,;292.243596,4.05765,;292.243596,4.10773,;273.692976,4.15785,;273.692976,4.20793,;273.692976,4.25805,;273.692976,4.30813,;273.692976,4.35822,;273.692976,4.40833,;273.692976,4.4584,;273.692976,4.50852,;273.692976,4.55862,;273.692976,4.60871,;273.692976,4.65879,;273.692976,4.70887,;273.692976,4.75895,;273.692976,4.80907,;273.692976,4.85916,;273.692976,4.90925,;273.692976,4.95934,;273.692976,5.00943,;273.692976,5.05952,;273.692976,5.10959,;273.692976,5.15968,;273.692976,5.20975,;273.692976,5.25983,;272.813647,5.3099,;272.813647,5.35998,;272.813647,5.41006,;272.813647,5.46017,;272.813647,5.51025,;272.813647,5.56038,;272.813647,5.61046,;272.813647,5.66054,;272.813647,5.71063,;272.813647,5.76071,;272.813647,5.8108,;272.813647,5.86093,;272.813647,5.91102,;272.813647,5.96113,;272.813647,6.01122,;272.813647,6.06132,;272.813647,6.1114,;272.813647,6.16149,;272.813647,6.21156,;272.813647,6.26164,;272.813647,6.31172,;272.813647,6.3618,;272.813647,6.41187,;272.813647,6.46195,;272.813647,6.51203,;272.813647,6.5621,;272.813647,6.61217,;272.813647,6.66224,;272.813647,6.71234,;272.813647,6.76242,;272.813647,6.81249,;272.813647,6.86258,;272.813647,6.91268,;272.813647,6.96277,;272.813647,7.01285,;272.813647,7.06293,;272.813647,7.11302,;272.813647,7.16311,;272.813647,7.21323,;272.813647,7.26332,;272.813647,7.3134,;272.813647,7.36348,;272.813647,7.41356,;272.813647,7.46364,;272.813647,7.51371,;272.813647,7.5638,;272.813647,7.61389,;272.813647,7.66398,;272.813647,7.71407,;272.813647,7.76415,;272.813647,7.81423,;272.813647,7.86432,;272.813647,7.91441,;272.813647,7.96453,;272.813647,8.01463,;259.980768,8.06472,;259.980768,8.11482,;259.980768,8.16492,;259.980768,8.21501,;259.980768,8.2651,;259.980768,8.31519,;259.980768,8.36529,;259.980768,8.41538,;259.980768,8.46547,;259.980768,8.51556,;259.980768,8.56566,;259.980768,8.61578,;259.980768,8.6659,;259.980768,8.71602,;259.980768,8.76615,;259.980768,8.81629,;259.980768,8.86637,;259.980768,8.91651,;259.980768,8.9666,;259.980768,9.01669,;259.980768,9.06678,;259.980768,9.11686,;259.980768,9.16696,;259.980768,9.21705,;259.980768,9.26715,;259.980768,9.31724,;259.980768,9.36733,;259.980768,9.41746,;259.980768,9.46758,;259.980768,9.51769,;259.980768,9.56781,;259.980768,9.61793,;259.980768,9.66803,;259.980768,9.71816,;259.980768,9.7683,;259.980768,9.81836,;259.980768,9.86845,;259.980768,9.91855,;259.980768,9.96864,;
539.969550,0.0500951,;539.969550,0.100187,;539.969550,0.150307,;539.969550,0.200428,;534.047796,0.25052,;499.337509,0.300613,;499.337509,0.35071,;498.269694,0.400807,;498.269694,0.450906,;498.122540,0.501005,;498.122540,0.551127,;498.122540,0.601239,;498.122540,0.651312,;491.832893,0.70139,;419.292358,0.751487,;419.292358,0.801568,;419.292358,0.851671,;419.292358,0.901785,;419.292358,0.951875,;419.292358,1.00197,;419.292358,1.05207,;419.292358,1.10216,;419.292358,1.15229,;419.292358,1.20239,;419.292358,1.2525,;419.292358,1.30257,;419.292358,1.35267,;419.292358,1.40277,;419.292358,1.45289,;419.292358,1.50298,;419.292358,1.5531,;419.292358,1.60318,;419.292358,1.65329,;318.905045,1.70337,;310.920632,1.75345,;310.920632,1.80353,;310.920632,1.85366,;304.837691,1.90375,;304.837691,1.95387,;304.837691,2.00395,;304.837691,2.05408,;304.837691,2.10419,;304.837691,2.15433,;304.837691,2.20446,;304.837691,2.25455,;304.837691,2.30467,;304.837691,2.35475,;304.837691,2.40484,;299.806354,2.45493,;299.806354,2.50503,;299.806354,2.55515,;299.806354,2.60528,;299.806354,2.65536,;291.990512,2.70546,;291.990512,2.75555,;291.990512,2.80568,;291.990512,2.85576,;291.990512,2.90587,;291.990512,2.95594,;291.990512,3.00604,;291.990512,3.05613,;271.662422,3.10622,;271.662422,3.15632,;271.662422,3.20641,;271.662422,3.2565,;271.662422,3.30663,;271.662422,3.35675,;271.662422,3.40685,;271.662422,3.45695,;271.662422,3.50706,;271.662422,3.55717,;271.662422,3.60725,;271.662422,3.65735,;271.662422,3.70742,;271.662422,3.75753,;271.662422,3.80763,;271.662422,3.85774,;271.662422,3.90783,;271.662422,3.95793,;271.662422,4.00802,;271.662422,4.0581,;271.662422,4.10821,;271.662422,4.15832,;271.662422,4.20841,;271.662422,4.25852,;271.662422,4.30859,;271.662422,4.3587,;271.662422,4.40876,;267.684393,4.45887,;267.684393,4.50898,;267.684393,4.55909,;267.684393,4.60919,;267.684393,4.65926,;267.684393,4.70937,;267.684393,4.75944,;267.684393,4.80955,;267.684393,4.85966,;267.684393,4.90976,;267.684393,4.95987,;267.684393,5.00997,;267.684393,5.06009,;267.684393,5.11019,;267.684393,5.1603,;267.684393,5.21037,;267.684393,5.26046,;267.684393,5.31054,;267.684393,5.36062,;267.684393,5.4107,;267.684393,5.4608,;267.684393,5.51092,;267.684393,5.56104,;267.684393,5.61115,;267.684393,5.66126,;267.684393,5.71133,;267.684393,5.7614,;267.684393,5.81148,;267.684393,5.86159,;267.684393,5.91168,;267.684393,5.9618,;267.684393,6.01188,;267.684393,6.062,;267.684393,6.11211,;267.684393,6.16223,;267.684393,6.21234,;267.684393,6.26244,;267.684393,6.31255,;267.684393,6.36265,;267.684393,6.41276,;267.684393,6.46286,;267.684393,6.51297,;267.684393,6.56308,;267.684393,6.61319,;267.684393,6.6633,;267.684393,6.71341,;267.684393,6.76351,;267.684393,6.81362,;267.684393,6.8637,;267.684393,6.91382,;267.684393,6.96391,;267.684393,7.014,;267.684393,7.06409,;267.684393,7.1142,;267.684393,7.16429,;267.684393,7.21438,;267.684393,7.26449,;267.684393,7.3146,;267.684393,7.3647,;267.684393,7.41481,;267.684393,7.46489,;267.684393,7.51498,;267.684393,7.56509,;267.684393,7.61517,;267.684393,7.66524,;267.684393,7.71531,;267.684393,7.76542,;267.684393,7.81551,;267.684393,7.8656,;267.684393,7.91569,;267.684393,7.96578,;267.684393,8.01587,;267.684393,8.06595,;267.684393,8.11606,;267.684393,8.16617,;267.684393,8.21628,;267.684393,8.26638,;267.684393,8.31646,;267.684393,8.36653,;267.684393,8.41661,;267.684393,8.46673,;267.684393,8.51684,;267.684393,8.56695,;267.684393,8.61703,;267.684393,8.66715,;267.684393,8.71726,;267.684393,8.76733,;267.684393,8.81743,;267.684393,8.86751,;267.684393,8.91762,;267.684393,8.96771,;267.684393,9.01782,;267.684393,9.0679,;267.684393,9.11802,;267.684393,9.16808,;267.684393,9.21819,;267.684393,9.26827,;267.684393,9.31837,;267.684393,9.36846,;267.684393,9.41854,;267.684393,9.46865,;267.684393,9.51876,;267.684393,9.56883,;267.684393,9.61893,;267.684393,9.66904,;267.684393,9.71915,;267.684393,9.76923,;267.684393,9.81932,;267.684393,9.86942,;267.684393,9.91951,;267.684393,9.96962,;267.684393,10.0197,;267.684393,10.0698,;
407.064204,0.0500938,;400.708638,0.100182,;400.708638,0.150291,;400.708638,0.200375,;400.708638,0.250478,;400.708638,0.30058,;400.708638,0.350683,;378.348373,0.400791,;378.348373,0.450874,;319.199028,0.500993,;319.199028,0.551065,;319.199028,0.601136,;319.199028,0.65121,;319.199028,0.701292,;319.199028,0.751374,;319.199028,0.801486,;319.199028,0.85157,;319.199028,0.90167,;319.199028,0.951744,;319.199028,1.00186,;319.199028,1.05197,;319.199028,1.10205,;319.199028,1.15215,;319.199028,1.20227,;319.199028,1.25237,;309.387709,1.30248,;309.387709,1.35259,;309.387709,1.40269,;309.387709,1.4528,;309.387709,1.50287,;309.387709,1.55298,;309.387709,1.60304,;309.387709,1.65315,;309.387709,1.70323,;309.387709,1.75335,;309.387709,1.80343,;309.387709,1.85355,;309.387709,1.90364,;309.387709,1.95375,;309.387709,2.00383,;309.387709,2.05392,;309.387709,2.10401,;309.387709,2.15411,;309.387709,2.20421,;283.791937,2.25432,;283.791937,2.30443,;283.791937,2.35453,;283.791937,2.40463,;283.791937,2.45474,;283.791937,2.50485,;283.791937,2.5549,;283.791937,2.60501,;283.791937,2.65508,;283.791937,2.70518,;283.791937,2.75527,;283.791937,2.80535,;283.791937,2.85544,;283.791937,2.90554,;283.791937,2.95563,;283.791937,3.00574,;283.791937,3.05585,;283.791937,3.10596,;283.791937,3.15604,;283.791937,3.20613,;270.096776,3.25624,;270.096776,3.30634,;270.096776,3.35643,;270.096776,3.40654,;270.096776,3.45664,;270.096776,3.50675,;270.096776,3.55685,;270.096776,3.60691,;270.096776,3.65701,;270.096776,3.70708,;270.096776,3.75719,;268.598521,3.80727,;268.598521,3.85738,;268.598521,3.90747,;268.598521,3.95758,;268.598521,4.00768,;268.598521,4.0578,;262.829768,4.10793,;262.829768,4.15806,;262.829768,4.20817,;262.829768,4.25828,;262.829768,4.30838,;262.829768,4.35848,;262.829768,4.40859,;262.829768,4.45868,;262.829768,4.50875,;262.672723,4.55884,;262.672723,4.60895,;262.672723,4.65902,;262.672723,4.70912,;262.672723,4.7592,;262.672723,4.80928,;262.672723,4.85935,;262.672723,4.90946,;262.672723,4.95955,;262.672723,5.00966,;262.672723,5.05975,;262.672723,5.10986,;262.672723,5.15996,;262.672723,5.21008,;262.672723,5.2602,;262.672723,5.31028,;262.672723,5.36037,;262.672723,5.41051,;262.672723,5.46059,;262.672723,5.51067,;262.672723,5.56076,;262.672723,5.61085,;262.672723,5.66093,;262.672723,5.71101,;262.672723,5.76109,;262.672723,5.81118,;262.672723,5.86129,;262.672723,5.91137,;262.672723,5.96144,;262.672723,6.01155,;262.672723,6.06164,;262.672723,6.11173,;262.672723,6.16181,;262.672723,6.2119,;262.672723,6.26197,;261.815766,6.31205,;261.815766,6.36214,;261.815766,6.41222,;261.815766,6.4623,;261.815766,6.51239,;261.815766,6.56248,;261.815766,6.61256,;261.815766,6.66265,;261.815766,6.71274,;261.815766,6.7628,;261.815766,6.81287,;261.815766,6.86293,;261.815766,6.913,;261.815766,6.96307,;261.815766,7.01314,;261.815766,7.06322,;261.815766,7.11329,;261.815766,7.16337,;261.815766,7.21343,;261.815766,7.26351,;261.815766,7.31359,;261.815766,7.36367,;261.815766,7.41379,;261.815766,7.46387,;261.815766,7.51397,;261.815766,7.56406,;261.815766,7.61414,;261.815766,7.66419,;261.815766,7.71426,;261.815766,7.76433,;261.815766,7.81441,;261.815766,7.86448,;261.815766,7.91455,;261.815766,7.96462,;261.815766,8.0147,;261.815766,8.06477,;261.815766,8.11487,;261.815766,8.16494,;261.815766,8.215,;261.815766,8.26508,;261.815766,8.31517,;261.815766,8.36526,;261.815766,8.41533,;261.815766,8.46541,;261.815766,8.51549,;261.815766,8.56559,;261.815766,8.61568,;261.815766,8.6658,;261.815766,8.71587,;261.815766,8.76594,;261.815766,8.81602,;261.815766,8.86611,;261.815766,8.91617,;261.815766,8.96624,;261.815766,9.01632,;261.815766,9.0664,;261.815766,9.11648,;261.815766,9.16656,;261.815766,9.21665,;261.815766,9.26674,;261.815766,9.31682,;261.815766,9.36687,;261.815766,9.41695,;261.815766,9.46702,;261.815766,9.5171,;261.815766,9.56718,;261.815766,9.61725,;261.815766,9.66732,;261.815766,9.7174,;261.815766,9.76748,;261.815766,9.81755,;261.815766,9.86763,;261.815766,9.9177,;261.815766,9.96778,;261.815766,10.0179,;
521.442686,0.0500661,;521.442686,0.100139,;521.442686,0.150241,;521.442686,0.20032,;435.887345,0.250355,;435.887345,0.300424,;435.887345,0.350509,;435.887345,0.400595,;435.887345,0.450689,;435.887345,0.500777,;418.706338,0.550852,;418.706338,0.600924,;418.706338,0.650996,;418.706338,0.701068,;418.706338,0.751146,;391.159771,0.80123,;379.360325,0.851322,;318.259415,0.901402,;318.259415,0.951486,;318.259415,1.00157,;318.259415,1.05166,;318.259415,1.10174,;318.259415,1.15182,;318.259415,1.20193,;318.259415,1.25204,;318.259415,1.30214,;318.259415,1.35226,;318.259415,1.40237,;318.259415,1.45245,;318.259415,1.50254,;318.259415,1.55264,;318.259415,1.60273,;296.323044,1.65281,;296.323044,1.7029,;296.323044,1.753,;296.323044,1.80309,;296.323044,1.85318,;296.323044,1.9033,;296.323044,1.95338,;296.323044,2.00348,;296.323044,2.05358,;296.323044,2.10368,;296.323044,2.15379,;296.323044,2.20386,;296.323044,2.25398,;296.323044,2.30406,;296.323044,2.35414,;296.323044,2.40422,;296.323044,2.45429,;296.323044,2.50437,;296.323044,2.55443,;296.323044,2.6045,;296.323044,2.65457,;296.323044,2.70465,;296.323044,2.75473,;296.323044,2.80481,;296.323044,2.85489,;287.059076,2.90501,;287.059076,2.95509,;287.059076,3.0052,;287.059076,3.0553,;287.059076,3.1054,;287.059076,3.15548,;287.059076,3.20556,;287.059076,3.25567,;287.059076,3.30575,;287.059076,3.35582,;287.059076,3.40594,;287.059076,3.45604,;280.052943,3.50614,;280.052943,3.55625,;280.052943,3.60635,;280.052943,3.65646,;280.052943,3.70653,;280.052943,3.75663,;280.052943,3.80673,;280.052943,3.85684,;280.052943,3.90694,;280.052943,3.95706,;280.052943,4.00715,;280.052943,4.05727,;280.052943,4.10741,;280.052943,4.15752,;280.052943,4.20763,;280.052943,4.25774,;280.052943,4.30785,;280.052943,4.35793,;280.052943,4.40805,;280.052943,4.45813,;280.052943,4.50825,;280.052943,4.55833,;271.693488,4.60842,;271.693488,4.65849,;271.693488,4.7086,;271.693488,4.75868,;271.693488,4.80882,;271.693488,4.85893,;271.693488,4.90905,;271.693488,4.95914,;271.693488,5.00925,;271.693488,5.05936,;271.693488,5.10947,;271.693488,5.15955,;271.693488,5.20961,;271.693488,5.25968,;271.693488,5.30975,;271.693488,5.35985,;271.693488,5.40997,;271.693488,5.46005,;271.693488,5.51017,;271.693488,5.56027,;271.693488,5.61038,;271.693488,5.66049,;271.693488,5.71056,;271.693488,5.76064,;271.693488,5.81073,;271.693488,5.86085,;271.693488,5.91095,;271.693488,5.96106,;271.693488,6.01114,;271.693488,6.06122,;271.693488,6.1113,;271.693488,6.16141,;271.693488,6.2115,;271.693488,6.26158,;271.693488,6.31165,;271.693488,6.36174,;271.693488,6.41184,;257.589543,6.46193,;257.589543,6.51202,;257.589543,6.56211,;257.589543,6.61221,;257.589543,6.6623,;257.589543,6.71238,;257.589543,6.76246,;257.589543,6.81254,;257.589543,6.86262,;257.589543,6.91271,;257.589543,6.9628,;257.589543,7.01289,;257.589543,7.06299,;257.589543,7.11309,;257.589543,7.16318,;257.589543,7.21328,;257.589543,7.26339,;257.589543,7.3135,;257.589543,7.36358,;257.589543,7.4137,;257.589543,7.46377,;257.589543,7.51389,;257.589543,7.564,;257.589543,7.61411,;254.737949,7.66422,;254.737949,7.71433,;254.737949,7.76444,;254.737949,7.81451,;254.737949,7.86461,;254.737949,7.9147,;254.737949,7.96482,;254.737949,8.01491,;254.737949,8.06501,;254.737949,8.1151,;254.737949,8.1652,;254.737949,8.21529,;254.737949,8.2654,;254.737949,8.31548,;254.737949,8.3656,;254.737949,8.41573,;254.737949,8.46584,;254.737949,8.51596,;254.737949,8.56606,;254.737949,8.61616,;254.737949,8.66627,;254.737949,8.71638,;254.737949,8.76641,;254.737949,8.81651,;254.737949,8.86659,;254.737949,8.91671,;254.737949,8.9668,;254.737949,9.01691,;254.737949,9.06698,;254.737949,9.11708,;254.737949,9.16717,;254.737949,9.21728,;254.737949,9.26735,;254.737949,9.31746,;254.737949,9.36755,;254.737949,9.41766,;254.737949,9.46777,;254.737949,9.51788,;254.737949,9.56798,;254.737949,9.61809,;254.737949,9.6682,;254.737949,9.7183,;254.737949,9.7684,;254.737949,9.81847,;254.737949,9.86858,;254.737949,9.91866,;254.737949,9.96878,;254.737949,10.0189,;254.737949,10.069,;
628.647773,0.0500558,;511.082991,0.100168,;511.082991,0.150271,;511.082991,0.200379,;511.082991,0.250486,;511.082991,0.30059,;511.082991,0.35072,;410.908719,0.400828,;410.908719,0.450935,;410.908719,0.501037,;396.491906,0.551139,;373.724259,0.601247,;373.724259,0.651352,;373.724259,0.701457,;373.724259,0.751561,;373.724259,0.801663,;373.724259,0.851746,;373.724259,0.901879,;288.477154,0.951988,;288.477154,1.00211,;288.477154,1.05221,;288.477154,1.10232,;288.477154,1.15239,;288.477154,1.20245,;288.477154,1.25254,;288.477154,1.30262,;288.477154,1.3527,;288.477154,1.40278,;288.477154,1.45289,;288.477154,1.50299,;288.477154,1.5531,;288.477154,1.60321,;288.477154,1.65332,;288.477154,1.70342,;288.477154,1.75351,;288.477154,1.80362,;288.477154,1.8537,;288.477154,1.90379,;288.477154,1.95389,;288.477154,2.004,;285.160519,2.05408,;285.160519,2.10419,;285.160519,2.15427,;285.160519,2.20439,;285.160519,2.25449,;285.160519,2.30461,;285.160519,2.35469,;285.160519,2.4048,;285.160519,2.45491,;285.160519,2.50498,;285.160519,2.55509,;285.160519,2.60516,;285.160519,2.65526,;285.160519,2.70537,;284.813842,2.75547,;284.813842,2.80554,;284.813842,2.85565,;280.383066,2.90572,;280.383066,2.95583,;280.383066,3.00591,;280.383066,3.05602,;280.383066,3.1061,;280.383066,3.15617,;280.383066,3.20626,;280.383066,3.25637,;280.383066,3.30647,;280.383066,3.35659,;280.383066,3.4067,;280.383066,3.45681,;280.383066,3.50693,;280.383066,3.55703,;280.383066,3.60712,;280.383066,3.65724,;280.383066,3.70732,;280.383066,3.7574,;280.383066,3.80748,;280.383066,3.85757,;280.383066,3.90767,;280.383066,3.95776,;280.383066,4.00785,;280.383066,4.05794,;278.676733,4.10802,;278.676733,4.15811,;278.676733,4.20818,;278.676733,4.25828,;278.676733,4.30836,;278.676733,4.35846,;278.676733,4.40854,;278.676733,4.45863,;278.676733,4.50871,;278.676733,4.5588,;278.676733,4.60888,;278.676733,4.65899,;278.676733,4.70907,;278.676733,4.75915,;278.676733,4.80924,;278.676733,4.85932,;278.676733,4.9094,;278.676733,4.95948,;278.676733,5.00954,;278.676733,5.05965,;278.676733,5.10971,;278.676733,5.15982,;278.676733,5.20988,;271.245927,5.25996,;271.245927,5.31006,;271.245927,5.36018,;271.245927,5.41026,;271.245927,5.46037,;271.245927,5.51045,;270.424740,5.56056,;270.424740,5.61065,;270.424740,5.66073,;270.424740,5.71081,;270.424740,5.76089,;270.424740,5.81101,;270.424740,5.86112,;270.424740,5.91123,;270.424740,5.96132,;270.424740,6.01143,;270.424740,6.06154,;270.424740,6.11164,;270.424740,6.16171,;270.424740,6.21182,;270.424740,6.26191,;270.424740,6.31203,;270.424740,6.36212,;270.424740,6.41222,;270.424740,6.46233,;270.424740,6.5124,;270.424740,6.5625,;270.424740,6.61261,;260.812886,6.66271,;260.812886,6.71281,;260.812886,6.76292,;260.812886,6.81303,;260.812886,6.86314,;260.812886,6.91322,;260.812886,6.96334,;260.812886,7.01345,;260.812886,7.06353,;260.812886,7.11361,;260.812886,7.16369,;260.812886,7.21376,;260.812886,7.26389,;260.812886,7.31398,;260.812886,7.36411,;260.812886,7.4142,;260.812886,7.46432,;260.812886,7.5144,;260.812886,7.56451,;260.812886,7.61459,;260.812886,7.66471,;260.812886,7.7148,;260.812886,7.76488,;260.812886,7.81499,;260.812886,7.8651,;260.812886,7.9152,;260.812886,7.96529,;260.812886,8.01537,;260.812886,8.06548,;260.812886,8.11558,;260.812886,8.16565,;260.812886,8.21571,;260.812886,8.26579,;260.812886,8.31587,;260.812886,8.36599,;260.812886,8.41606,;260.812886,8.46616,;260.812886,8.51623,;260.812886,8.56633,;260.812886,8.61641,;260.812886,8.66652,;260.812886,8.7166,;260.812886,8.76669,;260.812886,8.81677,;260.812886,8.86689,;260.812886,8.91697,;260.812886,8.96709,;260.812886,9.01716,;260.812886,9.06728,;260.812886,9.11736,;260.812886,9.16747,;260.812886,9.21754,;260.812886,9.26764,;260.812886,9.31772,;260.812886,9.36783,;260.812886,9.41792,;260.812886,9.468,;260.812886,9.51808,;260.812886,9.56816,;260.812886,9.61824,;260.812886,9.66834,;260.812886,9.71841,;260.812886,9.76852,;260.812886,9.81861,;260.812886,9.86873,;253.550419,9.91882,;253.550419,9.96891,;253.550419,10.019,;
600.497133,0.0500919,;463.114907,0.100177,;463.114907,0.150281,;463.114907,0.200398,;463.114907,0.250511,;463.114907,0.300597,;463.114907,0.350706,;463.114907,0.400813,;463.114907,0.450893,;463.114907,0.501003,;463.114907,0.551105,;463.114907,0.601206,;463.114907,0.651312,;463.114907,0.70142,;463.114907,0.751492,;463.114907,0.801596,;416.872967,0.851683,;416.872967,0.901767,;416.872967,0.951854,;416.872967,1.00194,;416.872967,1.05204,;416.872967,1.10212,;416.872967,1.15223,;385.241658,1.20231,;385.241658,1.2524,;355.916727,1.30251,;355.916727,1.3526,;355.916727,1.40268,;355.916727,1.45279,;353.897232,1.50287,;353.897232,1.55298,;353.897232,1.60306,;353.897232,1.65317,;353.897232,1.70325,;353.897232,1.75336,;353.897232,1.80344,;332.997477,1.85355,;332.997477,1.90362,;322.490599,1.95373,;322.490599,2.00381,;316.438021,2.05392,;316.438021,2.10399,;316.438021,2.15411,;316.438021,2.20422,;316.438021,2.25432,;316.438021,2.3044,;316.438021,2.35453,;316.438021,2.40461,;316.438021,2.45472,;316.438021,2.50482,;316.438021,2.55493,;316.438021,2.60504,;316.438021,2.65514,;316.438021,2.70524,;316.438021,2.75537,;316.438021,2.80549,;316.438021,2.85556,;316.438021,2.90566,;316.438021,2.95577,;316.438021,3.00587,;316.438021,3.05598,;316.438021,3.10608,;316.438021,3.15616,;316.438021,3.20627,;316.438021,3.25637,;316.438021,3.30649,;316.438021,3.3566,;316.438021,3.40671,;316.438021,3.45681,;316.438021,3.50689,;316.438021,3.55697,;316.438021,3.60708,;316.438021,3.65718,;316.438021,3.70726,;316.438021,3.75735,;316.438021,3.80743,;316.438021,3.85753,;316.438021,3.90761,;316.438021,3.95773,;316.438021,4.00781,;316.438021,4.05793,;316.438021,4.10805,;316.438021,4.15811,;316.438021,4.20818,;316.438021,4.25826,;316.438021,4.30833,;316.438021,4.35844,;316.438021,4.40852,;316.438021,4.45863,;316.438021,4.50871,;316.438021,4.55885,;316.438021,4.60893,;316.438021,4.65904,;316.438021,4.70911,;316.438021,4.7592,;316.438021,4.80929,;316.438021,4.85936,;316.438021,4.90948,;293.364983,4.95955,;293.364983,5.00963,;293.364983,5.05974,;293.364983,5.10982,;293.364983,5.15993,;293.364983,5.21003,;293.364983,5.26014,;293.364983,5.31023,;293.364983,5.36036,;293.364983,5.41045,;293.364983,5.46054,;293.364983,5.51063,;293.364983,5.56074,;293.364983,5.61082,;293.364983,5.6609,;293.364983,5.71101,;293.364983,5.7611,;293.364983,5.81119,;293.364983,5.86128,;293.364983,5.91133,;293.364983,5.9614,;293.364983,6.01147,;279.810554,6.06155,;279.810554,6.11163,;279.810554,6.16171,;279.810554,6.21182,;279.810554,6.26193,;279.810554,6.31201,;279.810554,6.36213,;279.810554,6.41221,;279.810554,6.46231,;279.810554,6.51239,;279.810554,6.56251,;279.810554,6.6126,;279.810554,6.6627,;279.810554,6.7128,;279.810554,6.76291,;279.810554,6.81301,;279.810554,6.86312,;279.810554,6.9132,;279.810554,6.96328,;279.810554,7.01335,;279.810554,7.06342,;279.810554,7.11353,;279.810554,7.16359,;279.810554,7.21367,;279.810554,7.26376,;279.810554,7.31387,;279.810554,7.36398,;279.810554,7.41411,;279.810554,7.46421,;279.810554,7.51431,;279.810554,7.56442,;279.810554,7.61449,;279.810554,7.66459,;279.810554,7.71469,;279.810554,7.76478,;279.810554,7.81487,;279.810554,7.865,;279.810554,7.91511,;279.810554,7.96521,;279.810554,8.01534,;279.810554,8.06544,;279.810554,8.11552,;279.810554,8.16563,;279.810554,8.21571,;279.810554,8.26581,;279.810554,8.3159,;279.810554,8.36601,;279.810554,8.41609,;279.810554,8.4662,;279.810554,8.5163,;279.810554,8.56641,;279.810554,8.61649,;279.810554,8.66657,;279.810554,8.71665,;279.810554,8.76676,;279.810554,8.81687,;279.810554,8.86697,;279.810554,8.91708,;279.810554,8.96718,;279.810554,9.01728,;279.810554,9.06735,;279.810554,9.11742,;279.810554,9.16753,;279.810554,9.21761,;279.810554,9.26771,;279.810554,9.3178,;279.810554,9.36791,;279.810554,9.41799,;279.810554,9.4681,;279.810554,9.51818,;279.810554,9.56829,;279.810554,9.61837,;279.810554,9.66846,;279.810554,9.71857,;279.810554,9.76865,;279.810554,9.81876,;279.810554,9.86883,;279.810554,9.91892,;279.810554,9.96903,;279.810554,10.0191,;
inf,0.0501034,;inf,0.100192,;inf,0.150308,;inf,0.200422,;inf,0.250515,;inf,0.300605,;inf,0.350688,;inf,0.400777,;473.342118,0.45087,;473.342118,0.500958,;473.342118,0.551045,;444.638583,0.601128,;405.379011,0.651221,;402.660292,0.701309,;402.660292,0.751402,;402.660292,0.801496,;402.660292,0.851616,;402.660292,0.901709,;402.660292,0.951794,;402.660292,1.0019,;402.660292,1.05199,;402.660292,1.1021,;402.660292,1.15221,;324.938960,1.20233,;311.122257,1.25241,;311.122257,1.30251,;311.122257,1.35261,;308.346671,1.40274,;308.346671,1.45283,;308.346671,1.50296,;308.346671,1.55306,;308.346671,1.60317,;308.346671,1.65325,;308.346671,1.70336,;308.346671,1.75347,;308.346671,1.80355,;308.346671,1.85368,;308.346671,1.90375,;308.346671,1.95387,;308.346671,2.00394,;308.346671,2.05403,;308.346671,2.10412,;308.346671,2.15423,;308.346671,2.20432,;308.346671,2.25443,;308.346671,2.30452,;308.346671,2.35463,;308.346671,2.40474,;308.346671,2.45484,;308.346671,2.50494,;308.346671,2.55502,;308.346671,2.60514,;308.346671,2.65526,;308.346671,2.70535,;308.346671,2.75547,;308.346671,2.80559,;308.346671,2.85573,;308.346671,2.90585,;308.346671,2.95593,;308.346671,3.006,;308.346671,3.05608,;308.346671,3.10617,;308.346671,3.15628,;308.346671,3.20639,;308.346671,3.25647,;308.346671,3.30659,;308.346671,3.3567,;308.346671,3.40682,;308.346671,3.4569,;308.346671,3.50701,;308.346671,3.55711,;308.346671,3.6072,;308.346671,3.6573,;308.346671,3.70738,;308.346671,3.75749,;308.346671,3.80758,;308.346671,3.8577,;308.346671,3.90777,;308.346671,3.95785,;308.346671,4.00793,;308.346671,4.05804,;308.346671,4.10814,;308.346671,4.15825,;308.346671,4.20834,;308.346671,4.25845,;308.346671,4.30854,;308.346671,4.35865,;308.346671,4.40876,;308.346671,4.45883,;308.346671,4.50891,;308.346671,4.559,;308.346671,4.60907,;308.346671,4.65917,;308.346671,4.70926,;308.346671,4.75934,;308.346671,4.80941,;308.346671,4.85948,;308.346671,4.90954,;308.346671,4.95962,;308.346671,5.00974,;308.346671,5.05981,;308.346671,5.10988,;308.346671,5.16,;273.350442,5.2101,;273.350442,5.26018,;273.350442,5.3103,;273.350442,5.3604,;273.350442,5.41047,;273.350442,5.46058,;273.350442,5.51068,;273.350442,5.56076,;273.350442,5.61087,;273.350442,5.66098,;273.350442,5.71108,;273.350442,5.76119,;273.350442,5.81126,;273.350442,5.86138,;273.350442,5.91146,;273.350442,5.96157,;273.350442,6.01169,;273.350442,6.0618,;273.350442,6.11188,;273.350442,6.16198,;273.350442,6.21208,;273.350442,6.26216,;273.350442,6.31226,;273.350442,6.36237,;273.350442,6.41244,;273.350442,6.46255,;273.350442,6.51265,;273.350442,6.56276,;273.350442,6.61284,;273.350442,6.66295,;273.350442,6.71303,;273.350442,6.76313,;273.350442,6.81323,;273.350442,6.8633,;273.350442,6.91342,;273.350442,6.96352,;273.350442,7.0136,;273.350442,7.06368,;273.350442,7.11379,;273.350442,7.16386,;273.350442,7.21393,;273.350442,7.26402,;273.350442,7.31413,;273.350442,7.36424,;273.350442,7.41434,;273.350442,7.46445,;273.350442,7.51456,;273.350442,7.56464,;273.350442,7.61475,;273.350442,7.66485,;273.350442,7.71496,;273.350442,7.76503,;273.350442,7.81514,;273.350442,7.86524,;273.350442,7.91535,;273.350442,7.96548,;273.350442,8.0156,;273.350442,8.06568,;273.350442,8.11577,;273.350442,8.16588,;273.350442,8.21595,;273.350442,8.26606,;273.350442,8.31615,;273.350442,8.36623,;273.350442,8.41638,;273.350442,8.46649,;273.350442,8.51656,;273.350442,8.56669,;273.350442,8.61679,;273.350442,8.6669,;273.350442,8.71696,;273.350442,8.76703,;273.350442,8.81714,;273.350442,8.86722,;273.350442,8.9173,;273.350442,8.96738,;273.350442,9.01746,;273.350442,9.06753,;273.350442,9.1176,;273.350442,9.16767,;273.350442,9.21774,;273.350442,9.26781,;273.350442,9.3179,;273.350442,9.36798,;273.350442,9.41809,;273.350442,9.46817,;273.350442,9.51828,;273.350442,9.56837,;273.350442,9.61845,;273.350442,9.66853,;273.350442,9.71862,;273.350442,9.76874,;273.350442,9.81885,;273.350442,9.86893,;273.350442,9.91903,;273.350442,9.96914,;273.350442,10.0192,;
inf,0.0500688,;589.807391,0.100167,;589.807391,0.150278,;589.807391,0.200365,;589.807391,0.250472,;589.807391,0.300577,;589.807391,0.350678,;589.807391,0.400784,;524.512516,0.450886,;524.512516,0.500993,;524.512516,0.551095,;524.512516,0.601169,;524.512516,0.651251,;426.229006,0.701324,;426.229006,0.751429,;426.229006,0.801533,;426.229006,0.851609,;426.229006,0.901746,;426.229006,0.951832,;426.229006,1.00192,;426.229006,1.05199,;359.003839,1.10209,;359.003839,1.15218,;359.003839,1.20226,;359.003839,1.25234,;359.003839,1.30245,;359.003839,1.35253,;359.003839,1.40261,;359.003839,1.45273,;359.003839,1.50284,;345.199838,1.55294,;345.199838,1.60305,;345.199838,1.65315,;345.199838,1.70323,;345.199838,1.75333,;345.199838,1.8034,;297.343891,1.85352,;297.343891,1.90359,;297.343891,1.9537,;297.343891,2.00379,;297.343891,2.0539,;297.343891,2.10402,;297.343891,2.15409,;297.343891,2.2042,;297.343891,2.25431,;297.343891,2.30442,;297.343891,2.35451,;297.343891,2.4046,;297.343891,2.4547,;297.343891,2.50481,;297.343891,2.55491,;297.343891,2.60502,;297.343891,2.6551,;297.343891,2.70522,;297.343891,2.75528,;297.343891,2.8054,;297.343891,2.85553,;297.343891,2.90565,;297.343891,2.95572,;297.343891,3.00582,;297.343891,3.05589,;297.343891,3.106,;297.343891,3.1561,;297.343891,3.20617,;297.343891,3.25628,;297.343891,3.30638,;297.343891,3.35649,;297.343891,3.40659,;297.343891,3.45666,;297.343891,3.50674,;272.551716,3.55685,;272.551716,3.60695,;272.551716,3.65702,;272.551716,3.70713,;272.551716,3.7572,;272.551716,3.80728,;272.551716,3.85737,;272.551716,3.90745,;272.551716,3.95752,;272.551716,4.00761,;272.551716,4.05768,;272.551716,4.10778,;272.551716,4.15786,;272.551716,4.20798,;272.551716,4.25807,;272.551716,4.30815,;272.551716,4.35824,;272.551716,4.40832,;272.551716,4.45841,;272.551716,4.5085,;272.551716,4.55858,;272.551716,4.60867,;272.551716,4.65875,;272.551716,4.70885,;272.551716,4.75891,;272.551716,4.809,;272.551716,4.85908,;272.551716,4.90917,;272.551716,4.95926,;272.551716,5.00934,;272.551716,5.05941,;272.551716,5.10952,;272.551716,5.1596,;272.551716,5.20971,;272.551716,5.25979,;272.551716,5.3099,;272.551716,5.35999,;272.551716,5.41006,;272.551716,5.46014,;272.551716,5.51026,;272.551716,5.56033,;272.551716,5.61044,;272.551716,5.66053,;272.551716,5.7106,;272.551716,5.76068,;272.551716,5.8108,;272.551716,5.86091,;272.551716,5.91099,;272.551716,5.9611,;272.551716,6.0112,;272.551716,6.06128,;272.551716,6.11137,;264.243879,6.16144,;264.243879,6.21151,;264.243879,6.26162,;264.243879,6.31169,;264.243879,6.36178,;264.243879,6.41186,;264.243879,6.46195,;264.243879,6.51204,;264.243879,6.56213,;264.243879,6.61221,;264.243879,6.6623,;264.243879,6.71238,;264.243879,6.76247,;264.243879,6.81255,;264.243879,6.86264,;262.359841,6.91273,;262.359841,6.96283,;262.359841,7.01293,;262.359841,7.063,;262.359841,7.11308,;262.359841,7.16319,;262.359841,7.21327,;262.359841,7.26338,;262.359841,7.31347,;262.359841,7.36355,;262.359841,7.41365,;262.359841,7.46372,;262.359841,7.51385,;262.359841,7.56393,;262.359841,7.61404,;262.359841,7.66413,;262.359841,7.71424,;262.359841,7.76435,;262.359841,7.81446,;262.359841,7.86454,;262.359841,7.91466,;262.359841,7.96476,;262.359841,8.01487,;262.359841,8.06495,;262.359841,8.11506,;262.359841,8.16517,;262.359841,8.21528,;261.351373,8.26536,;261.351373,8.31546,;261.351373,8.36557,;261.351373,8.41563,;261.351373,8.46574,;261.351373,8.51583,;261.351373,8.56593,;261.351373,8.61601,;257.123773,8.66614,;257.123773,8.71623,;257.123773,8.76635,;257.123773,8.81645,;257.123773,8.86656,;257.123773,8.91665,;257.123773,8.96676,;257.123773,9.01684,;257.123773,9.06695,;257.123773,9.11702,;257.123773,9.16714,;257.123773,9.21722,;257.123773,9.26729,;257.123773,9.3174,;257.123773,9.36742,;257.123773,9.41753,;257.123773,9.4676,;257.123773,9.51771,;257.123773,9.56778,;257.123773,9.61788,;257.123773,9.66796,;257.123773,9.71807,;257.123773,9.76814,;257.123773,9.81825,;257.123773,9.86833,;257.123773,9.91846,;257.123773,9.96855,;257.123773,10.0187,;
inf,0.0500969,;522.738423,0.100217,;522.738423,0.150334,;407.649719,0.200422,;407.649719,0.250545,;407.649719,0.30065,;407.649719,0.350718,;407.649719,0.400789,;407.649719,0.450861,;407.649719,0.501003,;407.649719,0.55111,;407.649719,0.601216,;407.649719,0.651321,;407.649719,0.701439,;407.649719,0.751552,;367.804047,0.801664,;367.804047,0.851748,;367.804047,0.901855,;367.804047,0.951959,;353.734686,1.00207,;353.734686,1.05217,;349.782751,1.10229,;349.782751,1.15239,;349.782751,1.2025,;349.782751,1.25261,;349.782751,1.30272,;349.782751,1.3528,;321.041405,1.40292,;321.041405,1.45304,;321.041405,1.50315,;321.041405,1.55326,;321.041405,1.60336,;321.041405,1.65347,;321.041405,1.70357,;292.531102,1.75368,;292.531102,1.8038,;278.420587,1.85392,;278.420587,1.90404,;278.420587,1.95414,;278.420587,2.00425,;278.420587,2.05436,;278.420587,2.10447,;278.420587,2.15456,;278.420587,2.20468,;278.420587,2.25478,;278.420587,2.30492,;278.420587,2.35497,;278.420587,2.40508,;278.420587,2.45515,;278.420587,2.50526,;278.420587,2.55536,;278.420587,2.60546,;278.420587,2.65557,;278.420587,2.70564,;278.420587,2.75572,;278.420587,2.80583,;278.420587,2.85592,;278.420587,2.90602,;278.420587,2.95613,;278.420587,3.00623,;278.420587,3.05631,;278.420587,3.10643,;276.923036,3.15653,;276.923036,3.20664,;276.923036,3.25674,;276.923036,3.30685,;276.923036,3.35696,;276.923036,3.40702,;276.923036,3.45709,;276.923036,3.50716,;276.923036,3.55724,;276.923036,3.60732,;276.923036,3.65742,;276.923036,3.7075,;276.923036,3.75759,;276.923036,3.80768,;276.923036,3.85776,;276.923036,3.90784,;276.923036,3.95792,;276.923036,4.00801,;276.923036,4.0581,;276.923036,4.10819,;276.923036,4.15829,;276.025715,4.20838,;276.025715,4.25846,;276.025715,4.30853,;276.025715,4.35861,;276.025715,4.40869,;276.025715,4.45878,;276.025715,4.50887,;276.025715,4.55896,;276.025715,4.60904,;276.025715,4.65912,;276.025715,4.7092,;276.025715,4.75929,;276.025715,4.80938,;276.025715,4.85946,;276.025715,4.90955,;276.025715,4.95963,;276.025715,5.00971,;276.025715,5.0598,;276.025715,5.10989,;276.025715,5.15997,;276.025715,5.21006,;276.025715,5.26014,;276.025715,5.31023,;276.025715,5.3603,;276.025715,5.41038,;276.025715,5.46047,;276.025715,5.51055,;276.025715,5.56063,;276.025715,5.6107,;276.025715,5.66081,;276.025715,5.71092,;276.025715,5.76099,;276.025715,5.81107,;276.025715,5.86113,;276.025715,5.91121,;276.025715,5.96132,;276.025715,6.0114,;276.025715,6.06149,;276.025715,6.11159,;276.025715,6.16169,;276.025715,6.21178,;276.025715,6.26185,;276.025715,6.31194,;276.025715,6.36203,;276.025715,6.41211,;276.025715,6.4622,;276.025715,6.51228,;276.025715,6.56237,;276.025715,6.61245,;276.025715,6.66254,;276.025715,6.71262,;276.025715,6.76269,;276.025715,6.81276,;276.025715,6.86284,;276.025715,6.91291,;276.025715,6.96295,;276.025715,7.01302,;254.287356,7.06308,;254.287356,7.11315,;254.287356,7.16327,;254.287356,7.21337,;254.287356,7.26346,;254.287356,7.31358,;254.287356,7.36369,;254.287356,7.4138,;254.287356,7.46391,;254.287356,7.51402,;254.287356,7.56413,;254.287356,7.61423,;254.287356,7.66433,;254.287356,7.71444,;254.287356,7.76452,;254.287356,7.81464,;254.287356,7.86472,;254.287356,7.9148,;254.287356,7.96492,;254.287356,8.01501,;254.287356,8.06512,;254.287356,8.1152,;254.287356,8.16529,;254.287356,8.21536,;254.287356,8.26545,;254.287356,8.31553,;254.287356,8.36562,;254.287356,8.4157,;254.287356,8.46579,;254.287356,8.51587,;254.287356,8.56596,;254.287356,8.61604,;254.287356,8.66612,;254.287356,8.7162,;254.287356,8.76627,;254.287356,8.81634,;254.287356,8.86641,;254.287356,8.91648,;254.287356,8.96654,;254.287356,9.01661,;254.287356,9.06668,;254.287356,9.11676,;254.287356,9.16683,;254.287356,9.21692,;254.287356,9.26697,;254.287356,9.31709,;254.287356,9.36718,;254.287356,9.41724,;254.287356,9.46731,;254.287356,9.51738,;254.287356,9.56745,;254.287356,9.61755,;254.287356,9.66763,;249.925022,9.71772,;249.925022,9.7678,;249.925022,9.8179,;249.489231,9.86799,;249.489231,9.9181,;249.489231,9.96821,;249.489231,10.0183,;249.489231,10.0684,;
681.759579,0.0500692,;681.759579,0.100201,;643.537944,0.15031,;623.674471,0.200431,;600.293047,0.250536,;600.293047,0.300648,;590.287520,0.350761,;576.019659,0.400866,;576.019659,0.450977,;576.019659,0.501082,;576.019659,0.551185,;576.019659,0.601296,;576.019659,0.651384,;576.019659,0.701467,;576.019659,0.751552,;576.019659,0.801627,;576.019659,0.851734,;576.019659,0.901876,;576.019659,0.951982,;576.019659,1.0021,;576.019659,1.05221,;399.933385,1.1023,;399.933385,1.15237,;399.933385,1.20244,;399.933385,1.25253,;399.933385,1.30261,;399.933385,1.35269,;399.933385,1.40276,;399.933385,1.45283,;399.933385,1.50293,;399.933385,1.55306,;310.955336,1.6032,;310.955336,1.6533,;310.955336,1.70341,;310.955336,1.75348,;310.955336,1.80359,;310.955336,1.85366,;310.955336,1.90378,;310.955336,1.95386,;310.955336,2.00396,;310.955336,2.05408,;310.955336,2.10417,;310.955336,2.15429,;310.955336,2.20437,;310.955336,2.25448,;310.955336,2.30457,;310.955336,2.35468,;310.955336,2.40475,;310.955336,2.45485,;310.955336,2.50493,;310.955336,2.555,;310.955336,2.6051,;310.955336,2.65523,;310.955336,2.70532,;310.955336,2.75545,;310.955336,2.80557,;310.955336,2.85569,;310.955336,2.90581,;310.955336,2.95594,;310.955336,3.00603,;310.955336,3.05611,;310.955336,3.10622,;285.986488,3.15633,;285.986488,3.20644,;285.986488,3.25655,;285.986488,3.30666,;285.986488,3.35673,;285.986488,3.40684,;285.986488,3.45694,;285.986488,3.50706,;285.986488,3.55715,;285.986488,3.60726,;285.986488,3.65735,;285.986488,3.70747,;285.986488,3.75758,;285.986488,3.80768,;285.986488,3.85779,;285.986488,3.9079,;285.986488,3.95801,;285.986488,4.00812,;285.986488,4.05824,;285.986488,4.10836,;285.986488,4.15847,;285.986488,4.20858,;285.986488,4.25869,;285.986488,4.30876,;285.986488,4.35886,;285.986488,4.40896,;285.986488,4.45907,;285.986488,4.50917,;285.986488,4.55928,;285.986488,4.60938,;285.986488,4.65949,;285.986488,4.7096,;285.986488,4.7597,;285.986488,4.80981,;285.986488,4.85991,;285.986488,4.91,;285.986488,4.96011,;285.986488,5.01022,;285.986488,5.06033,;285.986488,5.11044,;285.986488,5.16055,;285.986488,5.21066,;285.986488,5.26073,;285.986488,5.31083,;285.986488,5.36095,;285.986488,5.41102,;285.986488,5.46112,;285.986488,5.51123,;285.986488,5.56131,;282.660384,5.61142,;282.660384,5.66153,;282.660384,5.71164,;282.660384,5.76175,;277.247055,5.81185,;277.247055,5.86193,;277.247055,5.91205,;277.247055,5.96216,;277.247055,6.01225,;277.247055,6.06236,;277.247055,6.11244,;277.247055,6.16252,;277.247055,6.2126,;277.247055,6.26271,;277.247055,6.31277,;277.247055,6.36284,;277.247055,6.413,;277.247055,6.46307,;277.247055,6.51317,;277.247055,6.56326,;277.247055,6.61334,;277.247055,6.66345,;277.247055,6.71354,;277.247055,6.76365,;277.247055,6.81376,;277.247055,6.86386,;277.247055,6.91395,;277.247055,6.96406,;275.924165,7.01416,;275.924165,7.06427,;275.924165,7.11437,;275.924165,7.16446,;275.924165,7.21458,;275.924165,7.26461,;267.688373,7.3147,;267.688373,7.36477,;267.688373,7.41488,;267.688373,7.46496,;267.688373,7.51507,;267.688373,7.56515,;267.688373,7.61526,;267.688373,7.66535,;267.688373,7.71547,;267.688373,7.76558,;267.688373,7.81569,;267.688373,7.86578,;267.688373,7.91589,;267.688373,7.96598,;267.688373,8.01606,;267.688373,8.06618,;267.688373,8.11625,;267.688373,8.16633,;267.688373,8.21645,;267.688373,8.26653,;267.688373,8.31656,;267.688373,8.36663,;267.688373,8.4167,;267.688373,8.46677,;265.622015,8.51685,;265.622015,8.56693,;265.622015,8.61704,;265.622015,8.66711,;265.622015,8.71721,;265.622015,8.76732,;265.622015,8.81744,;265.622015,8.86752,;265.622015,8.91762,;265.622015,8.96769,;265.622015,9.01781,;265.622015,9.06791,;259.279340,9.11799,;259.279340,9.1681,;259.279340,9.21817,;259.279340,9.26827,;259.279340,9.31834,;259.279340,9.36842,;259.279340,9.4185,;259.279340,9.46856,;259.279340,9.51864,;259.279340,9.5687,;259.279340,9.61881,;259.279340,9.66892,;259.279340,9.71903,;259.279340,9.76914,;259.279340,9.81922,;259.279340,9.8693,;259.279340,9.9194,;259.279340,9.96952,;259.279340,10.0196,;259.279340,10.0697,;
485.167999,0.0500593,;485.167999,0.10017,;485.167999,0.150278,;459.753134,0.200388,;459.753134,0.25049,;407.599084,0.300598,;407.599084,0.350709,;407.599084,0.400812,;407.599084,0.450916,;406.301483,0.501025,;389.996701,0.551128,;389.996701,0.601199,;389.996701,0.651274,;389.996701,0.701387,;293.525278,0.751493,;293.525278,0.801583,;293.525278,0.851691,;293.525278,0.9018,;293.525278,0.951915,;293.525278,1.00198,;293.525278,1.05209,;293.525278,1.10219,;293.525278,1.15229,;293.525278,1.20238,;293.209942,1.25248,;293.209942,1.30256,;293.209942,1.35266,;293.209942,1.40278,;293.209942,1.45288,;293.209942,1.50298,;293.209942,1.55308,;293.209942,1.60319,;293.209942,1.65325,;293.209942,1.70335,;293.209942,1.75342,;293.209942,1.80353,;293.209942,1.8536,;291.551647,1.90372,;291.551647,1.95379,;291.551647,2.00386,;291.551647,2.05395,;273.244611,2.10405,;273.244611,2.15412,;273.244611,2.20419,;271.104219,2.25426,;271.104219,2.30433,;271.104219,2.35442,;271.104219,2.40458,;271.104219,2.45465,;257.848883,2.50472,;257.848883,2.5548,;257.848883,2.60492,;257.848883,2.65499,;257.848883,2.70509,;257.848883,2.75517,;257.848883,2.80525,;257.848883,2.85532,;257.848883,2.90543,;257.848883,2.9555,;257.848883,3.00558,;257.848883,3.05568,;257.848883,3.10579,;257.848883,3.15586,;257.848883,3.20593,;257.848883,3.25603,;257.848883,3.30612,;257.848883,3.35623,;257.848883,3.40631,;257.848883,3.45643,;257.848883,3.50651,;257.848883,3.55662,;257.848883,3.60669,;257.848883,3.65676,;257.848883,3.70683,;257.848883,3.7569,;257.848883,3.80697,;257.848883,3.85704,;257.848883,3.90712,;257.848883,3.9572,;257.848883,4.0073,;257.848883,4.05741,;257.848883,4.10752,;257.848883,4.15763,;257.848883,4.20774,;257.848883,4.25785,;257.848883,4.30795,;257.848883,4.35802,;257.848883,4.40812,;257.848883,4.45819,;257.848883,4.50827,;257.848883,4.5584,;257.848883,4.6085,;257.848883,4.65859,;257.848883,4.7087,;257.848883,4.75878,;257.848883,4.80889,;257.848883,4.85896,;257.848883,4.90906,;257.848883,4.95915,;257.848883,5.00926,;257.848883,5.05937,;257.848883,5.10943,;257.848883,5.15953,;257.848883,5.20962,;257.848883,5.25973,;257.848883,5.30983,;257.848883,5.35993,;257.848883,5.41,;257.848883,5.46011,;257.848883,5.51018,;257.848883,5.56029,;257.848883,5.61036,;257.848883,5.66047,;257.848883,5.71054,;257.848883,5.76064,;257.848883,5.81074,;257.848883,5.86082,;257.848883,5.91091,;257.848883,5.96102,;257.848883,6.0111,;257.848883,6.06121,;257.848883,6.11132,;257.848883,6.1614,;257.848883,6.21151,;257.848883,6.26161,;257.848883,6.31172,;257.848883,6.36182,;257.848883,6.41193,;257.848883,6.46203,;257.848883,6.51214,;257.848883,6.56224,;257.848883,6.61235,;257.848883,6.66243,;257.848883,6.71254,;257.848883,6.76263,;257.848883,6.81271,;257.848883,6.8628,;257.848883,6.91292,;257.848883,6.96299,;257.848883,7.0131,;257.848883,7.06317,;257.848883,7.11325,;257.848883,7.16331,;257.848883,7.21339,;257.848883,7.26347,;257.848883,7.31356,;257.848883,7.36363,;257.848883,7.41374,;257.848883,7.4638,;257.848883,7.51391,;257.848883,7.56399,;257.848883,7.61406,;257.848883,7.66418,;257.848883,7.71425,;257.848883,7.76434,;257.848883,7.81441,;257.848883,7.8645,;257.848883,7.91458,;257.848883,7.96466,;257.848883,8.01475,;257.848883,8.06486,;257.848883,8.11496,;257.848883,8.16506,;257.848883,8.21517,;257.848883,8.26527,;257.848883,8.31538,;257.848883,8.36549,;257.848883,8.41559,;257.848883,8.46567,;257.848883,8.51579,;257.848883,8.5659,;257.848883,8.61599,;257.848883,8.66607,;257.848883,8.71619,;257.848883,8.76629,;257.848883,8.8164,;257.848883,8.86648,;257.848883,8.9166,;257.848883,8.96668,;257.848883,9.01679,;257.848883,9.06689,;257.848883,9.117,;257.848883,9.16707,;257.848883,9.21718,;257.848883,9.26729,;257.848883,9.3174,;257.848883,9.3675,;257.848883,9.41761,;257.848883,9.46773,;257.848883,9.51784,;257.848883,9.56791,;257.848883,9.618,;257.848883,9.6681,;257.848883,9.71821,;257.848883,9.76832,;257.848883,9.81841,;257.848883,9.8685,;257.848883,9.91858,;257.848883,9.96869,;257.848883,10.0188,;257.848883,10.0689,;
549.095473,0.0500586,;549.095473,0.100158,;538.340365,0.150243,;480.989785,0.200324,;480.989785,0.25041,;479.629410,0.300498,;479.629410,0.350593,;479.629410,0.400667,;434.071881,0.450758,;434.071881,0.500864,;434.071881,0.550945,;398.862839,0.601051,;398.862839,0.651119,;398.862839,0.701195,;398.862839,0.751272,;346.853034,0.801394,;346.853034,0.851503,;346.853034,0.901568,;346.853034,0.951641,;346.853034,1.00172,;337.657166,1.05178,;337.657166,1.10186,;337.657166,1.15196,;337.657166,1.20204,;337.657166,1.25214,;337.657166,1.30223,;337.657166,1.35231,;318.178958,1.4024,;312.912970,1.45251,;312.912970,1.50258,;312.912970,1.55269,;312.912970,1.60277,;312.912970,1.65288,;312.912970,1.70296,;312.912970,1.75308,;312.912970,1.80318,;312.912970,1.85329,;312.912970,1.9034,;312.912970,1.95348,;312.912970,2.00361,;312.912970,2.05372,;312.912970,2.1038,;312.912970,2.15387,;312.912970,2.20398,;307.177792,2.25409,;307.177792,2.30419,;307.177792,2.35431,;307.177792,2.40443,;306.979776,2.45452,;306.979776,2.50463,;306.979776,2.5547,;306.979776,2.60476,;306.979776,2.65487,;306.979776,2.70494,;306.979776,2.75502,;306.979776,2.80509,;306.979776,2.85517,;306.979776,2.90525,;306.979776,2.95533,;306.979776,3.0054,;306.979776,3.05547,;306.979776,3.10556,;306.979776,3.15563,;304.818383,3.20568,;304.818383,3.25575,;304.818383,3.30583,;304.818383,3.35591,;298.767092,3.406,;298.767092,3.45611,;298.767092,3.50622,;298.767092,3.55633,;285.377605,3.60645,;285.377605,3.65655,;285.377605,3.70666,;285.377605,3.75674,;285.377605,3.80681,;281.282781,3.8569,;273.390905,3.90702,;273.390905,3.95713,;273.390905,4.00723,;273.390905,4.05735,;273.390905,4.10746,;273.390905,4.15757,;273.390905,4.20768,;273.390905,4.25771,;273.390905,4.30782,;273.390905,4.35789,;273.390905,4.40799,;273.390905,4.45809,;273.390905,4.5082,;273.390905,4.5583,;273.390905,4.60841,;273.390905,4.65852,;267.952252,4.70862,;267.952252,4.7587,;267.952252,4.80881,;267.952252,4.85888,;267.952252,4.90902,;267.952252,4.95909,;267.952252,5.0092,;267.952252,5.05932,;267.952252,5.10942,;267.289281,5.15954,;267.289281,5.20964,;267.289281,5.25976,;267.289281,5.30983,;267.289281,5.35993,;267.289281,5.41004,;267.289281,5.46014,;267.289281,5.51025,;267.289281,5.56032,;267.289281,5.61042,;267.289281,5.66051,;267.289281,5.71061,;267.289281,5.76071,;267.289281,5.81081,;267.289281,5.8609,;267.289281,5.91107,;267.289281,5.96114,;267.289281,6.01126,;267.289281,6.06137,;267.289281,6.11145,;267.289281,6.16155,;267.289281,6.21163,;267.289281,6.26168,;267.289281,6.31176,;267.289281,6.36183,;267.289281,6.41189,;267.289281,6.46197,;267.289281,6.51205,;267.289281,6.56214,;267.289281,6.61222,;267.289281,6.66231,;267.289281,6.71241,;267.289281,6.76248,;267.289281,6.81255,;267.289281,6.86266,;267.289281,6.91276,;267.289281,6.96284,;267.289281,7.01295,;267.289281,7.06303,;267.289281,7.11314,;267.289281,7.16322,;267.289281,7.2133,;267.289281,7.2634,;267.289281,7.3135,;267.289281,7.3636,;267.289281,7.41371,;267.289281,7.46382,;267.289281,7.51388,;267.289281,7.56399,;267.289281,7.61406,;267.289281,7.66415,;267.289281,7.71423,;267.289281,7.7643,;267.289281,7.81439,;267.289281,7.86448,;267.289281,7.91456,;267.289281,7.96464,;267.289281,8.01473,;267.289281,8.06484,;267.289281,8.11493,;267.289281,8.16502,;267.289281,8.21513,;267.289281,8.26519,;267.289281,8.31528,;267.289281,8.36538,;267.289281,8.41548,;267.289281,8.46558,;267.289281,8.51569,;267.289281,8.56572,;267.289281,8.61579,;267.289281,8.66586,;267.289281,8.71597,;267.289281,8.76604,;267.289281,8.81611,;267.289281,8.86618,;267.289281,8.91627,;267.289281,8.96635,;267.289281,9.01646,;267.289281,9.06653,;267.289281,9.11663,;267.289281,9.16671,;267.289281,9.21682,;267.289281,9.2669,;257.263364,9.31701,;257.263364,9.36711,;257.263364,9.41722,;257.263364,9.46733,;257.263364,9.51743,;257.263364,9.56754,;257.263364,9.61764,;257.263364,9.66773,;257.263364,9.7178,;257.263364,9.7679,;257.263364,9.81798,;257.263364,9.8681,;257.263364,9.91819,;257.263364,9.96829,;257.263364,10.0184,;257.263364,10.0686,;
395.015168,0.0500836,;395.015168,0.100199,;395.015168,0.150309,;395.015168,0.200411,;395.015168,0.250535,;395.015168,0.300638,;395.015168,0.350745,;367.613624,0.400829,;367.613624,0.450945,;367.613624,0.50105,;367.613624,0.551124,;367.613624,0.601196,;362.841485,0.651309,;362.841485,0.701412,;362.841485,0.75151,;362.841485,0.801597,;362.841485,0.851685,;362.841485,0.90179,;335.047171,0.951892,;335.047171,1.00196,;335.047171,1.05207,;335.047171,1.10216,;335.047171,1.15228,;335.047171,1.20239,;335.047171,1.25249,;335.047171,1.30252,;335.047171,1.35262,;304.914077,1.40269,;304.914077,1.4528,;304.914077,1.50292,;304.914077,1.55299,;304.914077,1.60307,;298.691738,1.65318,;298.691738,1.70327,;298.691738,1.75338,;298.691738,1.80345,;298.691738,1.85356,;298.691738,1.90364,;298.691738,1.95376,;298.691738,2.00384,;298.691738,2.05395,;298.691738,2.10402,;298.691738,2.15413,;298.691738,2.20423,;298.691738,2.25434,;298.691738,2.30441,;298.691738,2.35448,;298.691738,2.40459,;298.691738,2.45466,;298.691738,2.50477,;292.156801,2.55488,;292.156801,2.60498,;289.666603,2.65509,;289.666603,2.70519,;289.666603,2.75528,;288.989829,2.80539,;288.989829,2.85548,;288.989829,2.9056,;288.989829,2.9557,;288.989829,3.00581,;288.989829,3.05592,;288.989829,3.10603,;288.989829,3.15614,;288.989829,3.20624,;288.989829,3.25635,;288.989829,3.30643,;288.989829,3.35655,;288.989829,3.40662,;288.989829,3.45673,;288.989829,3.50681,;288.989829,3.55692,;288.989829,3.60702,;288.989829,3.65712,;288.989829,3.70722,;288.989829,3.75733,;288.989829,3.80742,;288.989829,3.85754,;288.989829,3.90765,;288.989829,3.95776,;274.899694,4.00784,;274.899694,4.05796,;274.899694,4.10803,;274.899694,4.15814,;274.899694,4.20822,;274.899694,4.25833,;274.899694,4.30844,;274.899694,4.35851,;274.899694,4.40861,;274.899694,4.45869,;274.899694,4.50879,;274.899694,4.55888,;274.899694,4.60898,;274.899694,4.65907,;274.899694,4.70918,;274.899694,4.75927,;274.899694,4.80937,;274.899694,4.85948,;274.899694,4.90956,;274.899694,4.95967,;274.899694,5.00977,;274.899694,5.05988,;274.899694,5.10998,;274.899694,5.16012,;274.899694,5.21022,;274.899694,5.2603,;274.899694,5.31041,;274.899694,5.36051,;274.899694,5.41057,;274.899694,5.46072,;274.899694,5.5108,;274.899694,5.56091,;274.899694,5.61099,;274.899694,5.6611,;274.899694,5.7112,;274.899694,5.76129,;274.899694,5.81137,;274.899694,5.86148,;274.899694,5.9116,;274.899694,5.96171,;274.899694,6.01178,;274.899694,6.06189,;274.899694,6.11198,;274.899694,6.1621,;274.899694,6.21218,;274.899694,6.2623,;274.899694,6.3124,;274.899694,6.36252,;274.899694,6.41262,;274.899694,6.4627,;272.391565,6.5128,;272.391565,6.56289,;272.391565,6.61297,;268.203507,6.66306,;268.203507,6.71315,;268.203507,6.76324,;266.394288,6.81335,;266.394288,6.86344,;266.394288,6.91355,;266.394288,6.96363,;266.394288,7.01375,;266.394288,7.06386,;266.394288,7.11396,;266.394288,7.16407,;260.991322,7.21417,;260.991322,7.26428,;260.991322,7.31437,;260.991322,7.36448,;260.991322,7.41454,;260.991322,7.46464,;260.991322,7.51471,;260.991322,7.56478,;259.587823,7.61487,;259.587823,7.66498,;259.587823,7.71509,;259.587823,7.7652,;259.587823,7.81528,;259.587823,7.86539,;259.587823,7.91551,;259.587823,7.96559,;259.587823,8.01567,;259.587823,8.06577,;259.587823,8.1159,;259.587823,8.16602,;259.587823,8.21613,;259.587823,8.26624,;259.587823,8.31634,;259.587823,8.36645,;259.587823,8.41657,;259.587823,8.46664,;259.587823,8.51675,;259.587823,8.56685,;259.587823,8.61696,;259.587823,8.66706,;259.587823,8.71717,;259.587823,8.76724,;259.587823,8.81731,;259.587823,8.86742,;259.587823,8.91751,;259.587823,8.96759,;259.587823,9.01766,;259.587823,9.06775,;259.587823,9.11782,;259.587823,9.1679,;259.587823,9.21797,;259.587823,9.26803,;259.587823,9.31811,;259.587823,9.36822,;259.587823,9.41829,;259.587823,9.46837,;259.587823,9.51844,;259.587823,9.56858,;259.587823,9.61865,;259.587823,9.66875,;259.587823,9.71884,;259.587823,9.76895,;259.587823,9.81904,;259.587823,9.86912,;259.587823,9.9192,;259.587823,9.96931,;259.587823,10.0194,;
570.630905,0.0500958,;570.630905,0.10018,;570.630905,0.150259,;570.630905,0.200363,;570.630905,0.250445,;570.630905,0.300519,;570.630905,0.350607,;570.630905,0.400714,;570.630905,0.450817,;570.630905,0.500922,;570.630905,0.551023,;570.630905,0.601091,;381.477343,0.65117,;381.477343,0.701246,;381.477343,0.751356,;381.477343,0.801441,;381.477343,0.851548,;357.630981,0.901656,;357.630981,0.951759,;328.466804,1.00183,;328.466804,1.05193,;328.466804,1.10204,;328.466804,1.15215,;328.466804,1.20225,;328.466804,1.25234,;328.466804,1.30244,;328.466804,1.35254,;328.466804,1.40262,;305.430106,1.45273,;305.430106,1.50284,;299.986940,1.55296,;299.986940,1.60306,;299.986940,1.65313,;299.986940,1.70327,;299.986940,1.75337,;299.986940,1.80346,;299.986940,1.85354,;299.986940,1.90365,;289.430989,1.95374,;289.430989,2.00382,;289.430989,2.05393,;289.430989,2.10402,;289.430989,2.15414,;289.430989,2.20425,;289.430989,2.25434,;289.430989,2.30445,;289.430989,2.35455,;289.430989,2.40466,;289.430989,2.45476,;289.430989,2.50483,;289.430989,2.55493,;289.430989,2.60503,;289.430989,2.65514,;289.430989,2.7052,;289.430989,2.75531,;289.430989,2.80539,;289.430989,2.8555,;289.430989,2.90559,;289.430989,2.95569,;289.430989,3.0058,;289.430989,3.05588,;289.430989,3.10599,;289.430989,3.15608,;289.430989,3.20618,;289.430989,3.25629,;286.358377,3.30639,;286.358377,3.3565,;286.358377,3.40661,;286.358377,3.45673,;286.358377,3.50683,;286.358377,3.55694,;286.358377,3.60704,;286.358377,3.65711,;286.358377,3.70721,;286.358377,3.75732,;286.358377,3.80742,;286.358377,3.85751,;286.358377,3.90763,;286.358377,3.95774,;286.358377,4.00781,;286.358377,4.05792,;286.358377,4.10803,;280.993744,4.1581,;280.993744,4.2082,;280.993744,4.25831,;280.993744,4.30841,;280.993744,4.35851,;280.993744,4.40861,;280.993744,4.45873,;280.993744,4.50883,;280.993744,4.55893,;280.993744,4.60903,;280.993744,4.65913,;280.993744,4.70924,;280.993744,4.75933,;280.993744,4.80944,;280.993744,4.85954,;280.993744,4.90964,;280.993744,4.95971,;280.993744,5.00982,;280.993744,5.05992,;280.993744,5.11003,;280.993744,5.16013,;280.993744,5.21023,;280.993744,5.26034,;280.993744,5.31042,;280.993744,5.36053,;280.993744,5.41062,;280.993744,5.46073,;280.993744,5.51084,;280.993744,5.56094,;280.993744,5.61104,;254.569522,5.66115,;254.569522,5.71125,;254.569522,5.76135,;254.569522,5.81146,;254.569522,5.86157,;254.569522,5.91168,;254.569522,5.9618,;254.569522,6.01189,;254.569522,6.062,;254.569522,6.1121,;254.569522,6.16217,;254.569522,6.21228,;254.569522,6.26236,;254.569522,6.31247,;254.569522,6.36257,;254.569522,6.41266,;254.569522,6.46277,;254.569522,6.51287,;254.569522,6.56299,;254.569522,6.6131,;254.569522,6.6632,;254.569522,6.71328,;254.569522,6.76339,;254.569522,6.81348,;254.569522,6.86359,;254.569522,6.91369,;254.569522,6.96381,;254.569522,7.01391,;254.569522,7.06403,;254.569522,7.11414,;254.569522,7.16424,;254.569522,7.21435,;254.569522,7.26446,;254.569522,7.31456,;254.569522,7.36467,;254.569522,7.41477,;254.569522,7.46488,;254.569522,7.51498,;254.569522,7.5651,;254.569522,7.61521,;254.569522,7.66529,;254.569522,7.71539,;254.569522,7.7655,;254.569522,7.81562,;254.569522,7.86572,;254.569522,7.91582,;254.569522,7.96592,;254.569522,8.01603,;254.569522,8.06613,;254.569522,8.11625,;254.569522,8.16633,;254.569522,8.21644,;254.569522,8.26655,;254.569522,8.31666,;254.569522,8.36677,;254.569522,8.41685,;254.569522,8.46695,;254.569522,8.51707,;254.569522,8.56717,;254.569522,8.61724,;254.569522,8.6673,;254.569522,8.71742,;254.569522,8.76751,;254.569522,8.8176,;254.569522,8.86768,;254.569522,8.91776,;254.569522,8.96784,;254.569522,9.01797,;254.569522,9.06807,;254.569522,9.11814,;254.569522,9.16824,;254.569522,9.21835,;254.569522,9.26846,;254.569522,9.31856,;254.569522,9.36867,;254.569522,9.41877,;254.569522,9.46885,;254.569522,9.51896,;254.569522,9.56903,;254.569522,9.6191,;254.569522,9.6692,;254.569522,9.71931,;254.569522,9.76942,;254.569522,9.81952,;254.569522,9.8696,;254.569522,9.91969,;254.569522,9.96979,;254.569522,10.0199,;254.569522,10.07,;
534.765272,0.0500656,;534.765272,0.100177,;509.348676,0.150265,;509.348676,0.20035,;509.348676,0.250422,;492.271222,0.300502,;492.271222,0.350576,;492.271222,0.400678,;464.099020,0.45078,;464.099020,0.500879,;462.699418,0.550945,;462.699418,0.601052,;462.699418,0.651159,;408.962616,0.70126,;408.962616,0.751323,;408.962616,0.801421,;408.962616,0.851524,;404.834048,0.901591,;404.834048,0.95166,;380.607296,1.00173,;380.607296,1.05183,;380.607296,1.1019,;380.607296,1.15197,;380.607296,1.20206,;370.697531,1.25215,;370.697531,1.30223,;370.697531,1.3523,;341.876420,1.40239,;341.876420,1.45249,;341.876420,1.50258,;316.123936,1.55268,;316.123936,1.60275,;316.123936,1.65285,;303.021537,1.70292,;303.021537,1.75303,;303.021537,1.8031,;303.021537,1.85319,;303.021537,1.90328,;303.021537,1.95338,;303.021537,2.00347,;303.021537,2.05357,;303.021537,2.10368,;303.021537,2.1538,;303.021537,2.20391,;303.021537,2.25397,;303.021537,2.30408,;303.021537,2.35416,;303.021537,2.40428,;303.021537,2.45437,;303.021537,2.50447,;303.021537,2.55456,;303.021537,2.60468,;299.911819,2.65479,;299.911819,2.70489,;299.911819,2.755,;299.911819,2.8051,;299.911819,2.8552,;299.911819,2.90531,;299.911819,2.95542,;299.911819,3.00551,;299.911819,3.05562,;299.911819,3.10569,;299.911819,3.15576,;299.911819,3.20584,;299.911819,3.25592,;299.911819,3.30602,;299.911819,3.35612,;299.911819,3.40621,;299.911819,3.45632,;299.911819,3.50639,;299.911819,3.55658,;299.911819,3.60672,;299.911819,3.6568,;299.911819,3.70691,;299.911819,3.75701,;299.911819,3.80712,;299.911819,3.85722,;299.911819,3.90734,;299.911819,3.95744,;299.911819,4.00755,;299.911819,4.05766,;299.911819,4.10774,;299.911819,4.15787,;299.911819,4.20798,;299.911819,4.25808,;299.911819,4.30819,;299.911819,4.35829,;299.911819,4.40839,;299.911819,4.4585,;299.911819,4.5086,;299.911819,4.55867,;299.911819,4.60879,;299.911819,4.6589,;299.911819,4.709,;299.911819,4.75911,;299.911819,4.80919,;299.911819,4.8593,;299.911819,4.90943,;299.911819,4.95953,;299.911819,5.0096,;299.911819,5.0597,;299.911819,5.10977,;299.911819,5.15987,;299.911819,5.20996,;299.911819,5.26006,;299.911819,5.31016,;299.911819,5.36027,;299.911819,5.41037,;299.911819,5.46047,;299.911819,5.51054,;299.911819,5.56064,;299.911819,5.61072,;299.911819,5.66083,;299.911819,5.71092,;269.663401,5.76099,;269.663401,5.81108,;269.663401,5.86116,;269.663401,5.91124,;269.663401,5.96131,;269.663401,6.01139,;269.663401,6.06149,;269.663401,6.11157,;269.663401,6.16164,;269.663401,6.21175,;269.663401,6.26183,;269.663401,6.31194,;269.663401,6.36203,;269.663401,6.41214,;269.663401,6.46224,;269.663401,6.51236,;269.663401,6.56244,;269.663401,6.61255,;269.663401,6.66263,;268.040012,6.71274,;268.040012,6.76284,;268.040012,6.81294,;256.928036,6.86305,;256.928036,6.91315,;256.928036,6.96326,;256.928036,7.01333,;256.928036,7.06344,;256.928036,7.11355,;256.928036,7.16369,;256.928036,7.21377,;256.928036,7.26385,;256.928036,7.31396,;256.928036,7.36404,;256.928036,7.41413,;256.928036,7.46424,;256.928036,7.51434,;256.928036,7.56446,;256.928036,7.61454,;256.928036,7.66462,;256.928036,7.7147,;256.928036,7.76475,;256.928036,7.81483,;256.928036,7.86491,;256.928036,7.915,;256.928036,7.96513,;256.928036,8.0152,;256.928036,8.06528,;256.928036,8.11536,;256.928036,8.16545,;256.928036,8.21553,;256.928036,8.2656,;256.928036,8.3157,;256.928036,8.36577,;256.928036,8.41585,;256.928036,8.46593,;256.928036,8.51601,;256.928036,8.5661,;256.928036,8.6162,;256.928036,8.66628,;256.928036,8.71639,;256.928036,8.76648,;256.928036,8.81658,;256.928036,8.86666,;256.928036,8.91673,;256.928036,8.96681,;256.928036,9.01692,;256.928036,9.067,;256.928036,9.11709,;256.928036,9.16717,;256.928036,9.21726,;256.928036,9.26734,;256.928036,9.31747,;256.928036,9.36757,;256.928036,9.41764,;256.928036,9.46774,;256.928036,9.51782,;256.928036,9.56793,;256.928036,9.61802,;256.928036,9.66813,;256.928036,9.71821,;256.928036,9.76832,;256.928036,9.81843,;256.928036,9.8685,;256.928036,9.91861,;256.928036,9.96872,;256.928036,10.0188,;
inf,0.0500933,;452.584859,0.100179,;375.845986,0.150288,;375.845986,0.200373,;375.845986,0.250481,;375.845986,0.300564,;375.845986,0.350679,;375.845986,0.400757,;375.845986,0.450848,;375.845986,0.500932,;375.845986,0.551049,;375.845986,0.601157,;375.845986,0.651265,;375.845986,0.701368,;375.845986,0.75145,;375.845986,0.801556,;375.845986,0.851662,;343.181360,0.901777,;343.181360,0.951887,;343.181360,1.00199,;343.181360,1.05206,;287.930435,1.10216,;287.930435,1.15227,;287.930435,1.20237,;287.930435,1.25248,;287.930435,1.30258,;287.930435,1.35268,;287.930435,1.40279,;287.930435,1.4529,;287.930435,1.50302,;287.930435,1.55313,;287.930435,1.60324,;287.930435,1.65335,;287.930435,1.70344,;287.930435,1.75354,;287.930435,1.80361,;287.930435,1.85371,;287.930435,1.9038,;287.930435,1.95392,;287.930435,2.00399,;287.930435,2.05407,;287.930435,2.10416,;287.930435,2.15424,;287.930435,2.20433,;285.824753,2.25444,;285.824753,2.30452,;285.824753,2.35463,;285.824753,2.40474,;285.824753,2.45485,;285.824753,2.50495,;285.824753,2.55507,;285.824753,2.60517,;285.824753,2.65528,;285.824753,2.70538,;285.824753,2.75545,;285.824753,2.80553,;285.824753,2.85561,;285.824753,2.90572,;285.824753,2.9558,;285.824753,3.00591,;285.824753,3.05601,;285.824753,3.10612,;285.824753,3.1562,;285.824753,3.20631,;285.824753,3.2564,;285.824753,3.30652,;285.824753,3.35661,;285.824753,3.40671,;285.824753,3.45678,;285.824753,3.50688,;285.824753,3.55696,;285.824753,3.60707,;285.824753,3.65718,;285.824753,3.70728,;285.824753,3.75737,;285.824753,3.80745,;277.529325,3.85753,;277.529325,3.90761,;277.529325,3.95772,;277.529325,4.00783,;277.529325,4.05794,;277.529325,4.10806,;277.529325,4.15817,;277.529325,4.20828,;277.529325,4.25838,;277.529325,4.30846,;277.529325,4.35858,;277.529325,4.40869,;277.529325,4.45879,;277.529325,4.5089,;277.529325,4.559,;277.529325,4.60908,;277.529325,4.65919,;277.529325,4.70929,;277.529325,4.75939,;277.529325,4.80947,;277.529325,4.85954,;277.529325,4.90962,;277.529325,4.95973,;277.529325,5.00984,;277.529325,5.05994,;277.529325,5.11004,;277.529325,5.16015,;277.529325,5.21026,;277.529325,5.26037,;277.529325,5.31044,;277.529325,5.36055,;277.529325,5.41063,;277.529325,5.46073,;277.529325,5.51083,;277.529325,5.56094,;277.529325,5.61106,;277.529325,5.66116,;277.529325,5.71127,;277.529325,5.76137,;277.529325,5.81144,;277.529325,5.86155,;277.529325,5.91166,;277.529325,5.96174,;277.529325,6.01185,;277.529325,6.06197,;277.529325,6.11206,;277.529325,6.16214,;277.529325,6.21225,;277.529325,6.26236,;277.529325,6.31246,;277.529325,6.36257,;277.529325,6.41268,;277.529325,6.46275,;277.529325,6.51284,;277.529325,6.56295,;277.529325,6.61302,;277.529325,6.6631,;277.529325,6.71318,;277.529325,6.76327,;277.529325,6.81334,;277.529325,6.86341,;277.529325,6.91352,;277.529325,6.9636,;277.529325,7.01366,;277.529325,7.06373,;277.529325,7.11382,;277.529325,7.16389,;277.529325,7.214,;277.529325,7.26407,;277.529325,7.31414,;277.529325,7.36422,;277.529325,7.4143,;277.529325,7.46437,;277.529325,7.51448,;277.529325,7.56455,;277.529325,7.61462,;277.529325,7.6647,;277.529325,7.71481,;277.529325,7.76493,;277.529325,7.81501,;277.529325,7.86512,;277.529325,7.91524,;277.529325,7.96532,;277.529325,8.01541,;277.529325,8.0655,;277.529325,8.11557,;277.529325,8.16568,;277.529325,8.2158,;277.529325,8.26592,;277.529325,8.31599,;277.529325,8.36608,;277.529325,8.41615,;277.529325,8.46623,;277.529325,8.51632,;277.529325,8.5664,;277.529325,8.61649,;277.529325,8.66657,;277.529325,8.71666,;277.529325,8.76673,;277.529325,8.8168,;277.529325,8.86687,;277.529325,8.91696,;277.529325,8.96702,;277.529325,9.01709,;277.529325,9.06719,;277.529325,9.11729,;277.529325,9.16741,;277.529325,9.21752,;277.529325,9.26759,;277.529325,9.31769,;277.529325,9.36776,;277.529325,9.41787,;277.529325,9.46793,;277.529325,9.51804,;277.529325,9.56812,;277.529325,9.61821,;277.529325,9.66829,;277.529325,9.71838,;277.529325,9.76846,;277.529325,9.81853,;277.529325,9.8686,;277.529325,9.91871,;277.529325,9.96883,;277.529325,10.0189,;277.529325,10.069,;
452.191059,0.0500927,;452.191059,0.100172,;421.370383,0.150258,;421.370383,0.200349,;421.370383,0.250432,;352.998608,0.300525,;352.998608,0.350605,;352.998608,0.400752,;352.998608,0.450824,;352.998608,0.500903,;352.998608,0.550977,;352.998608,0.601042,;352.998608,0.651107,;352.998608,0.701182,;352.998608,0.751252,;352.998608,0.801332,;329.185632,0.851406,;329.185632,0.901483,;329.185632,0.951555,;329.185632,1.00163,;329.185632,1.0517,;329.185632,1.10178,;329.185632,1.15185,;329.185632,1.20192,;312.276356,1.25198,;312.276356,1.30205,;312.276356,1.35211,;312.276356,1.40218,;312.276356,1.45225,;312.276356,1.50232,;312.276356,1.55238,;312.276356,1.60245,;312.276356,1.65252,;312.276356,1.70258,;312.276356,1.75267,;312.276356,1.80278,;312.276356,1.85286,;312.276356,1.90295,;312.276356,1.95306,;312.276356,2.00313,;301.969423,2.05322,;301.969423,2.10333,;301.969423,2.15344,;301.969423,2.20355,;301.969423,2.25365,;301.969423,2.30375,;301.969423,2.35386,;286.601383,2.40393,;286.601383,2.45401,;286.601383,2.50409,;286.601383,2.55418,;286.601383,2.60426,;286.601383,2.65434,;286.601383,2.70443,;286.601383,2.75454,;286.601383,2.80463,;286.601383,2.85473,;286.601383,2.90481,;286.601383,2.95489,;286.601383,3.00501,;286.601383,3.05511,;286.601383,3.10522,;286.601383,3.15535,;286.601383,3.20546,;286.601383,3.25556,;286.601383,3.30564,;286.601383,3.35575,;286.601383,3.40585,;286.601383,3.45592,;286.601383,3.50603,;286.601383,3.55611,;286.601383,3.60621,;286.601383,3.65629,;286.601383,3.70641,;286.601383,3.75649,;286.601383,3.80659,;286.601383,3.8567,;286.601383,3.90681,;286.601383,3.95689,;286.601383,4.00696,;286.601383,4.05707,;286.601383,4.10718,;286.601383,4.15725,;286.601383,4.20733,;286.601383,4.25748,;286.601383,4.30756,;286.601383,4.35763,;286.601383,4.40772,;286.601383,4.45779,;286.601383,4.50786,;286.601383,4.55794,;286.601383,4.60802,;286.601383,4.65812,;286.601383,4.7082,;277.587249,4.7583,;277.587249,4.80839,;277.587249,4.85848,;277.587249,4.90856,;277.587249,4.95867,;277.587249,5.00875,;277.587249,5.05886,;277.587249,5.10897,;277.587249,5.15906,;277.587249,5.20914,;277.587249,5.25923,;277.587249,5.30931,;277.587249,5.35941,;277.587249,5.40948,;277.587249,5.45955,;277.587249,5.50963,;277.587249,5.55972,;277.587249,5.60983,;277.587249,5.65989,;277.587249,5.70997,;277.587249,5.76006,;277.587249,5.81017,;277.587249,5.86024,;277.587249,5.91036,;277.587249,5.96044,;277.587249,6.01055,;277.587249,6.06063,;277.587249,6.11074,;277.587249,6.16082,;276.587844,6.2109,;276.587844,6.26098,;276.587844,6.31107,;276.587844,6.36115,;276.587844,6.41124,;276.587844,6.46133,;276.587844,6.51145,;276.587844,6.56155,;276.587844,6.61162,;276.587844,6.66172,;276.587844,6.71174,;276.587844,6.76185,;276.587844,6.81192,;276.587844,6.86204,;276.587844,6.91212,;276.587844,6.96222,;276.587844,7.01231,;276.587844,7.06242,;276.587844,7.1125,;276.587844,7.16258,;276.587844,7.21265,;276.587844,7.26272,;276.587844,7.31281,;276.587844,7.36289,;276.587844,7.41297,;276.587844,7.46306,;276.587844,7.51314,;276.587844,7.56323,;276.587844,7.61331,;276.587844,7.6634,;276.587844,7.71349,;276.587844,7.76358,;276.587844,7.81367,;276.587844,7.86375,;276.587844,7.91383,;276.587844,7.96392,;276.587844,8.01401,;276.587844,8.06409,;276.587844,8.11422,;276.587844,8.16431,;276.587844,8.2144,;276.587844,8.26447,;276.587844,8.31456,;276.587844,8.36467,;276.587844,8.41476,;276.587844,8.46485,;276.587844,8.51495,;276.587844,8.56506,;276.587844,8.61517,;276.587844,8.66528,;276.587844,8.71539,;276.587844,8.76549,;276.587844,8.8156,;276.587844,8.86571,;276.587844,8.91578,;276.587844,8.96588,;276.587844,9.01595,;276.587844,9.06602,;276.587844,9.11611,;276.587844,9.16622,;276.587844,9.2163,;276.587844,9.26638,;276.587844,9.31647,;276.587844,9.36657,;276.587844,9.41668,;276.587844,9.46678,;276.587844,9.51687,;276.587844,9.56696,;276.587844,9.61706,;276.587844,9.66719,;276.587844,9.71731,;276.587844,9.76739,;264.068861,9.81751,;264.068861,9.86761,;264.068861,9.91769,;264.068861,9.96777,;264.068861,10.0178,;
.
control_mod_RRT
10 common properties
goal_bias = 0.05
intermediate_states = 0
longest_valid_segment_fraction = 0.01
max_control_duration = 20
min_control_duration = 1
projection.cellsize.0 = 5
projection.cellsize.1 = 5
projection.cellsize_factor = 0
propagation_step_size = 0.1
valid_segment_count_factor = 1
14 properties for each run
approximate solution BOOLEAN
correct solution BOOLEAN
graph motions INTEGER
graph states INTEGER
memory REAL
solution clearance REAL
solution difference REAL
solution length REAL
solution path length REAL
solution segments INTEGER
solved BOOLEAN
status ENUM
time REAL
valid segment fraction REAL
100 runs
0; 1; 4989; 4990; 27.875; 0; 0; 27.7; 213.992; 277; 1; 6; 0.118532; 0; 
0; 1; 1500; 1501; 29.4219; 0; 0; 17.3; 159.627; 173; 1; 6; 0.0281984; 0; 
0; 1; 4859; 4860; 29.4219; 0; 0; 30.7; 236.187; 307; 1; 6; 0.113101; 0; 
0; 1; 13101; 13102; 30.1953; 0; 0; 30.4; 225.128; 304; 1; 6; 0.385271; 0; 
0; 1; 1287; 1288; 34.3203; 0; 0; 31.5; 236.299; 315; 1; 6; 0.026954; 0; 
0; 1; 8168; 8169; 34.3203; 0; 0; 27; 213.891; 270; 1; 6; 0.193985; 0; 
0; 1; 5073; 5074; 34.3203; 0; 0; 21.3; 197.365; 213; 1; 6; 0.114968; 0; 
0; 1; 2082; 2083; 34.3203; 0; 0; 23.2; 184.688; 232; 1; 6; 0.0419221; 0; 
0; 1; 937; 938; 34.3203; 0; 0; 20; 183.196; 200; 1; 6; 0.0140713; 0; 
0; 1; 2482; 2483; 34.3203; 0; 0; 22.5; 183.742; 225; 1; 6; 0.0534723; 0; 
0; 1; 3260; 3261; 34.3203; 0; 0; 31; 217.39; 291; 1; 6; 0.0741221; 0; 
0; 1; 8741; 8742; 34.3203; 0; 0; 19.8; 163.694; 198; 1; 6; 0.221154; 0; 
0; 1; 3381; 3382; 34.3203; 0; 0; 22.1; 173.719; 221; 1; 6; 0.0819164; 0; 
0; 1; 2226; 2227; 34.3203; 0; 0; 22.4; 189.467; 224; 1; 6; 0.0433746; 0; 
0; 1; 2113; 2114; 34.3203; 0; 0; 29.2; 235.73; 282; 1; 6; 0.0446872; 0; 
0; 1; 2402; 2403; 34.3203; 0; 0; 24.3; 173.894; 243; 1; 6; 0.0539646; 0; 
0; 1; 3926; 3927; 34.3203; 0; 0; 23.1; 177.715; 231; 1; 6; 0.0912772; 0; 
0; 1; 3734; 3735; 34.3203; 0; 0; 28.3; 225.547; 283; 1; 6; 0.0806205; 0; 
0; 1; 6052; 6053; 34.3203; 0; 0; 33.5; 241.727; 335; 1; 6; 0.146442; 0; 
0; 1; 3492; 3493; 34.3203; 0; 0; 32.3; 247.87; 320; 1; 6; 0.0794591; 0; 
0; 1; 3846; 3847; 34.3203; 0; 0; 19.5; 151.879; 195; 1; 6; 0.0836534; 0; 
0; 1; 2666; 2667; 34.3203; 0; 0; 27.7; 222.161; 277; 1; 6; 0.0578575; 0; 
0; 1; 2762; 2763; 34.3203; 0; 0; 24.8; 212.791; 248; 1; 6; 0.0535849; 0; 
0; 1; 6607; 6608; 34.3203; 0; 0; 18.8; 184.089; 188; 1; 6; 0.153434; 0; 
0; 1; 2037; 2038; 34.3203; 0; 0; 28.1; 220.406; 281; 1; 6; 0.0447919; 0; 
0; 1; 6484; 6485; 34.3203; 0; 0; 24.9; 188.739; 249; 1; 6; 0.148165; 0; 
0; 1; 4199; 4200; 34.3203; 0; 0; 29.8; 218.488; 297; 1; 6; 0.111529; 0; 
0; 1; 4247; 4248; 34.3203; 0; 0; 24.8; 217.196; 248; 1; 6; 0.0815394; 0; 
0; 1; 5641; 5642; 34.3203; 0; 0; 24.3; 205.274; 243; 1; 6; 0.137287; 0; 
0; 1; 3210; 3211; 34.3203; 0; 0; 20.9; 194.322; 209; 1; 6; 0.0731849; 0; 
0; 1; 5143; 5144; 34.3203; 0; 0; 25.5; 186.133; 243; 1; 6; 0.119328; 0; 
0; 1; 3930; 3931; 34.3203; 0; 0; 29.8; 213.68; 298; 1; 6; 0.0989822; 0; 
0; 1; 3793; 3794; 34.3203; 0; 0; 29.8; 226.659; 298; 1; 6; 0.0815574; 0; 
0; 1; 2726; 2727; 34.3203; 0; 0; 26.1; 195.389; 261; 1; 6; 0.059117; 0; 
0; 1; 3003; 3004; 34.3203; 0; 0; 27.9; 207.275; 279; 1; 6; 0.0634333; 0; 
0; 1; 5426; 5427; 34.3203; 0; 0; 24.3; 177.743; 243; 1; 6; 0.11455; 0; 
0; 1; 5220; 5221; 34.3203; 0; 0; 31.9; 235.21; 314; 1; 6; 0.124631; 0; 
0; 1; 4123; 4124; 34.3203; 0; 0; 27.9; 239.134; 279; 1; 6; 0.0860199; 0; 
0; 1; 2479; 2480; 34.3203; 0; 0; 25.6; 213.007; 256; 1; 6; 0.0548008; 0; 
0; 1; 1998; 1999; 34.3203; 0; 0; 22.8; 187.733; 228; 1; 6; 0.0379006; 0; 
0; 1; 2452; 2453; 34.3203; 0; 0; 22.9; 195.544; 229; 1; 6; 0.0568443; 0; 
0; 1; 1780; 1781; 34.3203; 0; 0; 27.9; 206.29; 279; 1; 6; 0.0311408; 0; 
0; 1; 3067; 3068; 34.3203; 0; 0; 26; 196.944; 260; 1; 6; 0.0643986; 0; 
0; 1; 1928; 1929; 34.3203; 0; 0; 23.9; 188.622; 239; 1; 6; 0.0385889; 0; 
0; 1; 6901; 6902; 34.3203; 0; 0; 21.2; 187.886; 212; 1; 6; 0.153475; 0; 
0; 1; 7194; 7195; 34.3203; 0; 0; 24.5; 187.676; 226; 1; 6; 0.192081; 0; 
0; 1; 4072; 4073; 34.3203; 0; 0; 20.5; 181.004; 205; 1; 6; 0.098784; 0; 
0; 1; 2847; 2848; 34.3203; 0; 0; 20.8; 175.994; 208; 1; 6; 0.0592962; 0; 
0; 1; 8677; 8678; 34.3203; 0; 0; 29.7; 232.364; 297; 1; 6; 0.232024; 0; 
0; 1; 5580; 5581; 34.3203; 0; 0; 27.9; 220.518; 279; 1; 6; 0.138454; 0; 
0; 1; 3250; 3251; 34.3203; 0; 0; 23.6; 181.551; 236; 1; 6; 0.0699576; 0; 
0; 1; 1624; 1625; 34.3203; 0; 0; 18.7; 153.199; 187; 1; 6; 0.0293215; 0; 
0; 1; 4548; 4549; 34.3203; 0; 0; 30; 228.426; 300; 1; 6; 0.0922913; 0; 
0; 1; 2333; 2334; 34.3203; 0; 0; 23; 208.171; 230; 1; 6; 0.0509401; 0; 
0; 1; 4745; 4746; 34.3203; 0; 0; 24.9; 212.892; 232; 1; 6; 0.116674; 0; 
0; 1; 1597; 1598; 34.3203; 0; 0; 20; 173.914; 200; 1; 6; 0.027166; 0; 
0; 1; 6243; 6244; 34.3203; 0; 0; 23.8; 192.759; 238; 1; 6; 0.146681; 0; 
0; 1; 1234; 1235; 34.3203; 0; 0; 21.1; 178.338; 211; 1; 6; 0.0247174; 0; 
0; 1; 1641; 1642; 34.3203; 0; 0; 22.2; 185.798; 222; 1; 6; 0.0304208; 0; 
0; 1; 3135; 3136; 34.3203; 0; 0; 27.9; 247.895; 279; 1; 6; 0.0646618; 0; 
0; 1; 3468; 3469; 34.3203; 0; 0; 30; 235.154; 300; 1; 6; 0.081853; 0; 
0; 1; 6423; 6424; 34.3203; 0; 0; 29.3; 219.387; 293; 1; 6; 0.16505; 0; 
0; 1; 3467; 3468; 34.3203; 0; 0; 33; 241.118; 330; 1; 6; 0.0764048; 0; 
0; 1; 2606; 2607; 34.3203; 0; 0; 26.3; 194.729; 263; 1; 6; 0.0597249; 0; 
0; 1; 3179; 3180; 34.3203; 0; 0; 29.4; 220.925; 294; 1; 6; 0.0732569; 0; 
0; 1; 7974; 7975; 34.3203; 0; 0; 26.2; 182.008; 262; 1; 6; 0.207076; 0; 
0; 1; 3264; 3265; 34.3203; 0; 0; 21.9; 165.953; 219; 1; 6; 0.0693107; 0; 
0; 1; 3225; 3226; 34.3203; 0; 0; 29.2; 231.889; 292; 1; 6; 0.0662404; 0; 
0; 1; 3265; 3266; 34.3203; 0; 0; 17.8; 181.04; 178; 1; 6; 0.0747226; 0; 
0; 1; 3440; 3441; 34.3203; 0; 0; 23.5; 198.435; 235; 1; 6; 0.0821281; 0; 
0; 1; 2358; 2359; 34.3203; 0; 0; 25; 213.424; 250; 1; 6; 0.0461865; 0; 
0; 1; 3821; 3822; 34.3203; 0; 0; 25.8; 185.091; 258; 1; 6; 0.0806513; 0; 
0; 1; 9776; 9777; 34.3203; 0; 0; 26.3; 215.955; 263; 1; 6; 0.263056; 0; 
0; 1; 4524; 4525; 34.3203; 0; 0; 28.3; 228.643; 283; 1; 6; 0.100755; 0; 
0; 1; 3499; 3500; 34.3203; 0; 0; 19; 146.266; 190; 1; 6; 0.0813619; 0; 
0; 1; 3259; 3260; 34.3203; 0; 0; 26.4; 193.002; 264; 1; 6; 0.0867755; 0; 
0; 1; 2604; 2605; 34.3203; 0; 0; 22.4; 185.433; 224; 1; 6; 0.0580585; 0; 
0; 1; 5060; 5061; 34.3203; 0; 0; 28; 224.204; 280; 1; 6; 0.126916; 0; 
0; 1; 1189; 1190; 34.3203; 0; 0; 24.4; 202.655; 244; 1; 6; 0.0227522; 0; 
0; 1; 2438; 2439; 34.3203; 0; 0; 27.2; 210.977; 272; 1; 6; 0.052971; 0; 
0; 1; 4016; 4017; 34.3203; 0; 0; 29.6; 196.005; 296; 1; 6; 0.0905045; 0; 
0; 1; 5415; 5416; 34.3203; 0; 0; 23.7; 211.215; 237; 1; 6; 0.117228; 0; 
0; 1; 2203; 2204; 34.3203; 0; 0; 23; 183.426; 230; 1; 6; 0.049357; 0; 
0; 1; 3202; 3203; 34.3203; 0; 0; 26.2; 218.572; 262; 1; 6; 0.0703455; 0; 
0; 1; 3638; 3639; 34.3203; 0; 0; 26.8; 221.751; 268; 1; 6; 0.0812541; 0; 
0; 1; 2842; 2843; 34.3203; 0; 0; 30.3; 231.98; 290; 1; 6; 0.0563656; 0; 
0; 1; 2005; 2006; 34.3203; 0; 0; 21.8; 171.744; 218; 1; 6; 0.0386513; 0; 
0; 1; 3450; 3451; 34.3203; 0; 0; 25.5; 213.275; 255; 1; 6; 0.0665381; 0; 
0; 1; 1250; 1251; 34.3203; 0; 0; 26; 190.493; 260; 1; 6; 0.0250289; 0; 
0; 1; 2008; 2009; 34.3203; 0; 0; 17.7; 143.756; 177; 1; 6; 0.0376476; 0; 
0; 1; 3645; 3646; 34.3203; 0; 0; 23.4; 182.415; 234; 1; 6; 0.0816898; 0; 
0; 1; 2315; 2316; 34.3203; 0; 0; 29.5; 226.959; 295; 1; 6; 0.0506406; 0; 
0; 1; 8642; 8643; 34.3203; 0; 0; 25; 208.815; 250; 1; 6; 0.216823; 0; 
0; 1; 4947; 4948; 34.3203; 0; 0; 21.9; 184.635; 219; 1; 6; 0.129052; 0; 
0; 1; 9709; 9710; 34.3203; 0; 0; 22.6; 195.913; 226; 1; 6; 0.260398; 0; 
0; 1; 6274; 6275; 34.3203; 0; 0; 25; 197.84; 250; 1; 6; 0.141103; 0; 
0; 1; 7314; 7315; 34.3203; 0; 0; 25.9; 215.238; 259; 1; 6; 0.18746; 0; 
0; 1; 2186; 2187; 34.3203; 0; 0; 21; 180.516; 210; 1; 6; 0.041042; 0; 
0; 1; 9015; 9016; 34.3203; 0; 0; 26.8; 224.284; 268; 1; 6; 0.241959; 0; 
0; 1; 1472; 1473; 34.3203; 0; 0; 21.5; 161.46; 215; 1; 6; 0.0291495; 0; 
.
