OMPL version 
Experiment rrbt
4 experiment properties
Q_value double = 0.200000
R double = 0.100000
R_bad_value double = 5.000000
first_solution bool = 1
Running on Vivaldi
Starting at 2024-07-06 20:36:35
<<<|
Properties of the state space 'RealVectorSpace0'
  - signature: 2 1 2 
  - dimension: 2
  - extent: 141.421
  - sanity checks for state space passed
  - probability of valid states: 0.85
  - average length of a valid motion: 35.2354
  - average number of samples drawn per second: sampleUniform()=2.36563e+07 sampleUniformNear()=2.45513e+07 sampleGaussian()=1.1755e+07
Settings for the state space 'RealVectorSpace0'
  - state validity check resolution: 1%
  - valid segment count factor: 1
  - state space:
Real vector state space 'RealVectorSpace0' of dimension 2 with bounds: 
  - min: 0 0 
  - max: 100 100 

Declared parameters:
longest_valid_segment_fraction = 0.01
max_control_duration = 20
min_control_duration = 1
projection.cellsize.0 = 5
projection.cellsize.1 = 5
projection.cellsize_factor = 0
propagation_step_size = 0.1
valid_segment_count_factor = 1
Valid state sampler named uniform with parameters:
nr_attempts = 100
  - control space:
Real vector control space 'RealVectorControl[RealVectorSpace0]' with bounds: 
  - min: -10 -10 
  - max: 10 10 
  - can propagate backward: no
  - propagation step size: 0.1
  - propagation duration: [1, 20]
Planner KPIECE1 specs:
Multithreaded:                 No
Reports approximate solutions: Yes
Can optimize solutions:        No
Aware of the following parameters: bad_score_factor border_fraction goal_bias good_score_factor max_close_samples
Declared parameters for planner KPIECE1:
bad_score_factor = 0.45
border_fraction = 0.8
goal_bias = 0.05
good_score_factor = 0.9
max_close_samples = 30
Start states:
RealVectorState [1 1]
Goal region, threshold = 10, memory address = 0xd0ed50
Optimization Objective: Path Length @0xd0f1b0
Optimization Threshold: 10000
Average state cost: 0
There are 0 solutions

Properties of benchmarked planners:
Planner RRBT specs:
Multithreaded:                 No
Reports approximate solutions: Yes
Can optimize solutions:        Yes
Aware of the following parameters: delay_collision_checking focus_search goal_bias informed_sampling new_state_rejection number_sampling_attempts ordered_sampling ordering_batch_size prune_threshold pruned_measure range rewire_factor sample_rejection tree_pruning use_admissible_heuristic use_k_nearest
|>>>
<<<|
Architecture:                       x86_64
CPU op-mode(s):                     32-bit, 64-bit
Byte Order:                         Little Endian
Address sizes:                      39 bits physical, 48 bits virtual
CPU(s):                             16
On-line CPU(s) list:                0-15
Thread(s) per core:                 2
Core(s) per socket:                 8
Socket(s):                          1
NUMA node(s):                       1
Vendor ID:                          GenuineIntel
CPU family:                         6
Model:                              167
Model name:                         11th Gen Intel(R) Core(TM) i7-11700K @ 3.60GHz
Stepping:                           1
CPU MHz:                            3600.000
CPU max MHz:                        5000.0000
CPU min MHz:                        800.0000
BogoMIPS:                           7200.00
Virtualization:                     VT-x
L1d cache:                          384 KiB
L1i cache:                          256 KiB
L2 cache:                           4 MiB
L3 cache:                           16 MiB
NUMA node0 CPU(s):                  0-15
Vulnerability Gather data sampling: Mitigation; Microcode
Vulnerability Itlb multihit:        Not affected
Vulnerability L1tf:                 Not affected
Vulnerability Mds:                  Not affected
Vulnerability Meltdown:             Not affected
Vulnerability Mmio stale data:      Mitigation; Clear CPU buffers; SMT vulnerable
Vulnerability Retbleed:             Mitigation; Enhanced IBRS
Vulnerability Spec rstack overflow: Not affected
Vulnerability Spec store bypass:    Mitigation; Speculative Store Bypass disabled via prctl and seccomp
Vulnerability Spectre v1:           Mitigation; usercopy/swapgs barriers and __user pointer sanitization
Vulnerability Spectre v2:           Mitigation; Enhanced IBRS, IBPB conditional, RSB filling, PBRSB-eIBRS SW sequence
Vulnerability Srbds:                Not affected
Vulnerability Tsx async abort:      Not affected
Flags:                              fpu vme de pse tsc msr pae mce cx8 apic sep mtrr pge mca cmov pat pse36 clflush dts acpi mmx fxsr sse sse2 ss ht tm pbe syscall nx pdpe1gb rdtscp lm constant_tsc art arch_perfmon pebs bts rep_good nopl xtopology nonstop_tsc cpuid aperfmperf tsc_known_freq pni pclmulqdq dtes64 monitor ds_cpl vmx smx est tm2 ssse3 sdbg fma cx16 xtpr pdcm pcid sse4_1 sse4_2 x2apic movbe popcnt tsc_deadline_timer aes xsave avx f16c rdrand lahf_lm abm 3dnowprefetch cpuid_fault epb invpcid_single ssbd ibrs ibpb stibp ibrs_enhanced tpr_shadow vnmi flexpriority ept vpid ept_ad fsgsbase tsc_adjust bmi1 avx2 smep bmi2 erms invpcid mpx avx512f avx512dq rdseed adx smap avx512ifma clflushopt intel_pt avx512cd sha_ni avx512bw avx512vl xsaveopt xsavec xgetbv1 xsaves dtherm ida arat pln pts hwp hwp_notify hwp_act_window hwp_epp hwp_pkg_req avx512vbmi umip pku ospke avx512_vbmi2 gfni vaes vpclmulqdq avx512_vnni avx512_bitalg avx512_vpopcntdq rdpid fsrm md_clear flush_l1d arch_capabilities
|>>>
10943691832637704 is the random seed
10 seconds per run
10000 MB per run
100 runs per planner
529.743 seconds spent to collect the data
1 enum type
status|Unknown status|Invalid start|Invalid goal|Unrecognized goal type|Timeout|Approximate solution|Exact solution|Crash|Unknown status
1 planners
control_RRBT
24 common properties
delay_collision_checking = 0
focus_search = 0
goal_bias = 0.05
informed_sampling = 0
longest_valid_segment_fraction = 0.01
max_control_duration = 20
min_control_duration = 1
new_state_rejection = 0
number_sampling_attempts = 100
ordered_sampling = 0
ordering_batch_size = 1
projection.cellsize.0 = 5
projection.cellsize.1 = 5
projection.cellsize_factor = 0
propagation_step_size = 0.1
prune_threshold = 0.05
pruned_measure = 0
range = 10
rewire_factor = 1.1
sample_rejection = 0
tree_pruning = 0
use_admissible_heuristic = 1
use_k_nearest = 0
valid_segment_count_factor = 1
11 properties for each run
approximate solution BOOLEAN
best cost REAL
graph motions INTEGER
graph states INTEGER
iterations INTEGER
memory REAL
solution length REAL
solved BOOLEAN
status ENUM
time REAL
valid segment fraction REAL
100 runs
0; 507.478622; 302; 303; 718; 10.8164; 229.868; 1; 6; 0.526665; 0; 
0; 456.864964; 1011; 1012; 1761; 14.0469; 209.862; 1; 6; 9.55719; 0; 
0; 478.967691; 621; 622; 990; 15.8633; 214.776; 1; 6; 2.53365; 0; 
0; 473.318029; 791; 792; 1630; 18.9492; 217.591; 1; 6; 9.70909; 0; 
; inf; 783; 784; 2040; 21.5938; ; 0; 4; 10.027; 0; 
0; 511.156053; 330; 331; 758; 22.8828; 230.925; 1; 6; 1.07658; 0; 
0; 456.971778; 521; 522; 1001; 25.7305; 208.862; 1; 6; 3.39022; 0; 
0; 480.309276; 618; 619; 1395; 28.0508; 218.11; 1; 6; 3.89237; 0; 
0; 491.503582; 493; 494; 864; 30.1133; 226.774; 1; 6; 2.47978; 0; 
0; 476.818578; 458; 459; 963; 31.918; 214.699; 1; 6; 1.50836; 0; 
0; 466.200543; 537; 538; 1022; 35.0117; 218.121; 1; 6; 3.87018; 0; 
; inf; 740; 741; 1734; 37.2227; ; 0; 4; 10.0882; 0; 
; inf; 797; 798; 1603; 40.3164; ; 0; 4; 10.0977; 0; 
0; 457.651013; 629; 630; 966; 44.1836; 207.616; 1; 6; 3.87096; 0; 
0; 459.270325; 774; 775; 1293; 48.3086; 208.339; 1; 6; 9.43036; 0; 
; inf; 812; 813; 1437; 52.418; ; 0; 4; 10.0508; 0; 
0; 463.595899; 619; 620; 1040; 54.9961; 212.963; 1; 6; 4.61111; 0; 
0; 508.670424; 284; 285; 464; 56.0273; 228.301; 1; 6; 0.372529; 0; 
0; 470.640620; 492; 493; 820; 58.3477; 215.469; 1; 6; 1.8897; 0; 
0; 464.313355; 594; 595; 1004; 60.1875; 213.791; 1; 6; 3.0229; 0; 
0; 489.858684; 571; 572; 1089; 62.5078; 222.923; 1; 6; 4.45163; 0; 
0; 471.218313; 415; 416; 615; 64.0547; 213.092; 1; 6; 1.03133; 0; 
0; 467.401474; 500; 501; 936; 66.1172; 213.975; 1; 6; 3.34001; 0; 
0; 488.290892; 441; 442; 868; 67.6641; 220.07; 1; 6; 1.39888; 0; 
; inf; 822; 823; 1563; 71.5273; ; 0; 4; 10.0549; 0; 
0; 476.645760; 710; 711; 1317; 74.3633; 217.207; 1; 6; 6.4407; 0; 
0; 459.292905; 687; 688; 1289; 77.1992; 207.325; 1; 6; 6.68362; 0; 
0; 484.023286; 597; 598; 1237; 79.5195; 225.185; 1; 6; 4.83139; 0; 
0; 467.473744; 578; 579; 1290; 81.3242; 216.496; 1; 6; 3.23242; 0; 
0; 469.924079; 514; 515; 1019; 83.1289; 214.889; 1; 6; 2.09088; 0; 
0; 485.186309; 470; 471; 768; 85.4492; 216.089; 1; 6; 2.0557; 0; 
0; 472.600098; 556; 557; 915; 90.0625; 215.583; 1; 6; 4.47738; 0; 
; inf; 904; 905; 1855; 93.4141; ; 0; 4; 10.112; 0; 
; inf; 766; 767; 1499; 97.0234; ; 0; 4; 10.1627; 0; 
0; 477.212070; 459; 460; 884; 98.5703; 217.858; 1; 6; 1.46532; 0; 
0; 484.919098; 531; 532; 918; 100.633; 224.268; 1; 6; 2.88116; 0; 
0; 473.226567; 468; 469; 1339; 102.438; 216.502; 1; 6; 2.0267; 0; 
0; 463.001438; 817; 818; 1593; 106.039; 208.286; 1; 6; 9.51939; 0; 
0; 498.722788; 407; 408; 638; 108.871; 225.879; 1; 6; 1.39599; 0; 
0; 478.758179; 395; 396; 1114; 110.16; 218.66; 1; 6; 1.30671; 0; 
; inf; 797; 798; 1508; 113.254; ; 0; 4; 10.0501; 0; 
0; 542.566217; 281; 282; 535; 114.027; 243.607; 1; 6; 0.294514; 0; 
0; 500.080602; 415; 416; 834; 115.574; 224.41; 1; 6; 1.08742; 0; 
; inf; 882; 883; 1315; 120.73; ; 0; 4; 10.0348; 0; 
; inf; 741; 742; 1316; 124.062; ; 0; 4; 10.1193; 0; 
0; 474.074306; 338; 339; 639; 125.094; 215.875; 1; 6; 0.683478; 0; 
0; 482.722714; 387; 388; 723; 126.125; 219.892; 1; 6; 0.906718; 0; 
0; 484.666508; 574; 575; 1499; 127.93; 215.851; 1; 6; 3.77594; 0; 
0; 464.133268; 697; 698; 1164; 131.539; 210.261; 1; 6; 4.6662; 0; 
0; 511.176131; 425; 426; 837; 132.828; 231.058; 1; 6; 1.44838; 0; 
0; 452.462904; 832; 833; 1838; 139.016; 208.872; 1; 6; 8.51088; 0; 
0; 462.936578; 761; 762; 1326; 141.844; 211.898; 1; 6; 6.40701; 0; 
; inf; 679; 680; 1695; 145.961; ; 0; 4; 10.0309; 0; 
0; 461.031314; 620; 621; 1016; 148.281; 208.137; 1; 6; 3.60117; 0; 
; inf; 806; 807; 1548; 151.891; ; 0; 4; 10.1249; 0; 
; inf; 896; 897; 1714; 155.75; ; 0; 4; 10.0448; 0; 
0; 472.340612; 393; 394; 764; 157.039; 216.9; 1; 6; 1.39557; 0; 
0; 473.792546; 334; 335; 788; 158.07; 215.414; 1; 6; 0.88842; 0; 
; inf; 833; 834; 1490; 163.227; ; 0; 4; 10.0369; 0; 
; inf; 854; 855; 1688; 166.32; ; 0; 4; 10.0474; 0; 
0; 501.532874; 728; 729; 1565; 169.113; 228.503; 1; 6; 8.95408; 0; 
0; 474.542105; 785; 786; 1386; 172.207; 216.986; 1; 6; 8.94724; 0; 
; inf; 608; 609; 1286; 175.816; ; 0; 4; 10.1323; 0; 
0; 474.378357; 767; 768; 1742; 179.426; 216.94; 1; 6; 6.98401; 0; 
0; 474.089608; 587; 588; 1088; 181.23; 216.594; 1; 6; 3.03787; 0; 
0; 494.635956; 720; 721; 1240; 184.578; 225.219; 1; 6; 5.91151; 0; 
; inf; 874; 875; 1462; 188.703; ; 0; 4; 10.0841; 0; 
0; 457.777652; 582; 583; 1271; 191.023; 208.801; 1; 6; 3.49293; 0; 
0; 458.191194; 651; 652; 982; 193.859; 208.917; 1; 6; 3.69635; 0; 
0; 460.255121; 738; 739; 1195; 198.895; 208.851; 1; 6; 6.29337; 0; 
0; 473.695814; 530; 531; 962; 201.473; 217.944; 1; 6; 2.73182; 0; 
; inf; 691; 692; 2068; 204.555; ; 0; 4; 10.1513; 0; 
; inf; 908; 909; 1578; 207.906; ; 0; 4; 10.0375; 0; 
0; 459.402977; 625; 626; 1132; 210.484; 214.363; 1; 6; 4.4068; 0; 
0; 494.347131; 315; 316; 632; 211.258; 225.137; 1; 6; 0.469944; 0; 
0; 455.327719; 703; 704; 1314; 213.578; 209.521; 1; 6; 5.92805; 0; 
0; 481.246504; 513; 514; 1021; 216.414; 220.371; 1; 6; 2.68805; 0; 
0; 483.063091; 537; 538; 931; 218.734; 220.437; 1; 6; 2.86043; 0; 
0; 490.053053; 402; 403; 627; 221.824; 219.847; 1; 6; 1.37562; 0; 
; inf; 852; 853; 1525; 225.949; ; 0; 4; 10.0171; 0; 
0; 470.181966; 539; 540; 1029; 227.754; 211.748; 1; 6; 2.91472; 0; 
0; 462.210900; 408; 409; 803; 229.043; 213.557; 1; 6; 1.12607; 0; 
0; 455.409420; 865; 866; 1449; 233.168; 208.593; 1; 6; 8.62965; 0; 
0; 474.855660; 477; 478; 854; 234.973; 221.776; 1; 6; 2.05218; 0; 
0; 451.212418; 809; 810; 1199; 239.098; 208.867; 1; 6; 7.01986; 0; 
0; 501.285052; 659; 660; 1402; 241.41; 227.956; 1; 6; 7.26822; 0; 
0; 459.218354; 630; 631; 1097; 243.988; 210.621; 1; 6; 4.40256; 0; 
0; 463.106868; 490; 491; 1009; 245.793; 207.958; 1; 6; 1.70533; 0; 
0; 461.222759; 699; 700; 1141; 249.66; 211.444; 1; 6; 6.0629; 0; 
; inf; 810; 811; 1401; 254.301; ; 0; 4; 10.0704; 0; 
; inf; 818; 819; 1575; 257.391; ; 0; 4; 10.0403; 0; 
; inf; 820; 821; 1717; 259.969; ; 0; 4; 10.0872; 0; 
0; 476.628165; 654; 655; 1221; 262.289; 217.467; 1; 6; 5.92069; 0; 
0; 476.796817; 489; 490; 892; 264.609; 218.357; 1; 6; 1.8009; 0; 
0; 453.167642; 745; 746; 2189; 268.992; 206.432; 1; 6; 5.70349; 0; 
0; 489.655171; 344; 345; 672; 269.766; 229.694; 1; 6; 0.603242; 0; 
0; 464.938503; 698; 699; 1183; 273.891; 211.805; 1; 6; 6.1648; 0; 
; inf; 770; 771; 1948; 277.5; ; 0; 4; 10.0552; 0; 
0; 464.778826; 443; 444; 730; 279.047; 207.016; 1; 6; 1.28893; 0; 
0; 471.638435; 591; 592; 1106; 281.883; 215.474; 1; 6; 3.39066; 0; 
3 progress properties for each run
best cost REAL
iterations INTEGER
time REAL
100 runs
inf,403,0.0500608,;inf,478,0.100152,;inf,525,0.150227,;inf,547,0.200298,;inf,581,0.250374,;inf,622,0.300462,;inf,652,0.350543,;inf,680,0.400632,;inf,697,0.450707,;inf,710,0.500791,;
inf,421,0.0500707,;inf,528,0.100151,;inf,586,0.150233,;inf,625,0.200328,;inf,652,0.250416,;inf,702,0.300489,;inf,723,0.350573,;inf,743,0.400658,;inf,767,0.450742,;inf,784,0.500821,;inf,808,0.550901,;inf,829,0.600978,;inf,844,0.651088,;inf,860,0.701156,;inf,873,0.751229,;inf,876,0.80131,;inf,886,0.851433,;inf,892,0.901547,;inf,897,0.951658,;inf,904,1.00173,;inf,913,1.05182,;inf,924,1.10189,;inf,932,1.15198,;inf,937,1.20207,;inf,947,1.25215,;inf,960,1.30222,;inf,968,1.35229,;inf,973,1.40237,;inf,993,1.45245,;inf,1008,1.50252,;inf,1025,1.55262,;inf,1027,1.60271,;inf,1037,1.6528,;inf,1047,1.70291,;inf,1052,1.75298,;inf,1055,1.80309,;inf,1063,1.85316,;inf,1072,1.90324,;inf,1077,1.95334,;inf,1089,2.00341,;inf,1099,2.05349,;inf,1109,2.10357,;inf,1114,2.15367,;inf,1118,2.20374,;inf,1126,2.25382,;inf,1131,2.30393,;inf,1136,2.35402,;inf,1142,2.40413,;inf,1147,2.45419,;inf,1152,2.50427,;inf,1157,2.55444,;inf,1170,2.60454,;inf,1173,2.65463,;inf,1178,2.70472,;inf,1182,2.75481,;inf,1188,2.80489,;inf,1191,2.85496,;inf,1196,2.90504,;inf,1198,2.95512,;inf,1203,3.00521,;inf,1213,3.05532,;inf,1216,3.1054,;inf,1221,3.15549,;inf,1228,3.20557,;inf,1230,3.25569,;inf,1238,3.30578,;inf,1243,3.35585,;inf,1248,3.40593,;inf,1256,3.45604,;inf,1263,3.50612,;inf,1269,3.55624,;inf,1274,3.60632,;inf,1279,3.65644,;inf,1284,3.70655,;inf,1287,3.75662,;inf,1289,3.80673,;inf,1299,3.85682,;inf,1310,3.90694,;inf,1316,3.95702,;inf,1319,4.00709,;inf,1326,4.05716,;inf,1332,4.10723,;inf,1334,4.1573,;inf,1336,4.20741,;inf,1339,4.25748,;inf,1344,4.30755,;inf,1349,4.35764,;inf,1353,4.40775,;inf,1361,4.45786,;inf,1367,4.50797,;inf,1371,4.55806,;inf,1375,4.60818,;inf,1383,4.65827,;inf,1385,4.70834,;inf,1389,4.75846,;inf,1391,4.80853,;inf,1400,4.8586,;inf,1408,4.90868,;inf,1411,4.9588,;inf,1416,5.0089,;inf,1420,5.05903,;inf,1421,5.1091,;inf,1430,5.15921,;inf,1433,5.20933,;inf,1436,5.25945,;inf,1440,5.30953,;inf,1447,5.35962,;inf,1449,5.40971,;inf,1452,5.4598,;inf,1456,5.50991,;inf,1460,5.55999,;inf,1463,5.6101,;inf,1469,5.66018,;inf,1474,5.71027,;inf,1477,5.76035,;inf,1490,5.81043,;inf,1497,5.86051,;inf,1500,5.91058,;inf,1502,5.96065,;inf,1506,6.01072,;inf,1508,6.0608,;inf,1513,6.11087,;inf,1516,6.16092,;inf,1524,6.211,;inf,1531,6.26107,;inf,1539,6.31119,;inf,1543,6.36127,;inf,1548,6.41136,;inf,1551,6.46145,;inf,1552,6.51155,;inf,1554,6.56164,;inf,1558,6.61173,;inf,1562,6.66182,;inf,1564,6.7119,;inf,1567,6.76198,;inf,1570,6.81208,;inf,1573,6.86219,;inf,1575,6.91231,;inf,1579,6.9624,;inf,1582,7.01247,;inf,1587,7.06255,;inf,1589,7.11264,;inf,1592,7.16277,;inf,1595,7.21287,;inf,1599,7.26298,;inf,1605,7.31306,;inf,1608,7.36313,;inf,1610,7.4132,;inf,1613,7.46329,;inf,1614,7.51338,;inf,1615,7.56348,;inf,1617,7.61357,;inf,1625,7.66366,;inf,1630,7.71376,;inf,1631,7.76385,;inf,1635,7.81392,;inf,1640,7.864,;inf,1646,7.91408,;inf,1648,7.96418,;inf,1650,8.01427,;inf,1653,8.06437,;inf,1656,8.11445,;inf,1659,8.16456,;inf,1666,8.21467,;inf,1669,8.26475,;inf,1670,8.31487,;inf,1672,8.36495,;inf,1676,8.41505,;inf,1678,8.46512,;inf,1680,8.5152,;inf,1683,8.56529,;inf,1687,8.61541,;inf,1691,8.66549,;inf,1695,8.71561,;inf,1697,8.76568,;inf,1702,8.81576,;inf,1705,8.86586,;inf,1708,8.91594,;inf,1711,8.96605,;inf,1718,9.01616,;inf,1721,9.06627,;inf,1724,9.11637,;inf,1727,9.1665,;inf,1731,9.21661,;inf,1734,9.26667,;inf,1736,9.31678,;inf,1740,9.36687,;inf,1749,9.41696,;inf,1754,9.46709,;inf,1757,9.51716,;
inf,330,0.0500694,;inf,406,0.100194,;inf,479,0.150274,;inf,521,0.200366,;inf,553,0.250457,;inf,575,0.30056,;inf,593,0.350647,;inf,608,0.400762,;inf,632,0.450853,;inf,649,0.500937,;inf,668,0.551016,;inf,686,0.601142,;inf,698,0.651228,;inf,714,0.701299,;inf,731,0.75137,;inf,739,0.801416,;inf,751,0.851592,;inf,764,0.901682,;inf,774,0.951759,;inf,787,1.00184,;inf,796,1.05192,;inf,804,1.10199,;inf,815,1.15207,;inf,828,1.20217,;inf,838,1.25224,;inf,848,1.30233,;inf,855,1.3524,;inf,862,1.40247,;inf,870,1.45256,;inf,874,1.50264,;inf,878,1.55272,;inf,884,1.60281,;inf,891,1.6529,;inf,898,1.70299,;inf,904,1.75306,;inf,914,1.80315,;inf,922,1.85323,;inf,926,1.90331,;inf,928,1.95339,;inf,936,2.00346,;inf,940,2.05355,;inf,947,2.10364,;inf,950,2.15372,;inf,958,2.20381,;inf,962,2.25393,;inf,967,2.30405,;inf,972,2.35416,;inf,976,2.40424,;inf,983,2.45429,;inf,988,2.50437,;
inf,468,0.0500583,;inf,559,0.100164,;inf,601,0.15028,;inf,647,0.200354,;inf,684,0.250465,;inf,703,0.300559,;inf,722,0.350636,;inf,745,0.400756,;inf,771,0.450828,;inf,789,0.500901,;inf,806,0.551012,;inf,830,0.601121,;inf,852,0.651203,;inf,858,0.701294,;inf,871,0.75138,;inf,886,0.801491,;inf,891,0.851579,;inf,907,0.901662,;inf,926,0.951752,;inf,936,1.00184,;inf,947,1.05192,;inf,958,1.10204,;inf,968,1.15217,;inf,978,1.20225,;inf,988,1.25233,;inf,999,1.30242,;inf,1009,1.35251,;inf,1017,1.40262,;inf,1021,1.45271,;inf,1035,1.50282,;inf,1046,1.5529,;inf,1056,1.60299,;inf,1064,1.65307,;inf,1073,1.70319,;inf,1077,1.75326,;inf,1080,1.80337,;inf,1083,1.85345,;inf,1087,1.90355,;inf,1092,1.95363,;inf,1101,2.00372,;inf,1107,2.0538,;inf,1115,2.10388,;inf,1118,2.15399,;inf,1124,2.20412,;inf,1129,2.2542,;inf,1132,2.30428,;inf,1140,2.35434,;inf,1142,2.40441,;inf,1145,2.45449,;inf,1152,2.50456,;inf,1157,2.55465,;inf,1164,2.60476,;inf,1169,2.65483,;inf,1174,2.70491,;inf,1178,2.75504,;inf,1182,2.80513,;inf,1188,2.85521,;inf,1197,2.90529,;inf,1201,2.95541,;inf,1209,3.00549,;inf,1213,3.05558,;inf,1215,3.10569,;inf,1218,3.1558,;inf,1221,3.2059,;inf,1224,3.25602,;inf,1232,3.30614,;inf,1235,3.35621,;inf,1238,3.4063,;inf,1246,3.45637,;inf,1250,3.50648,;inf,1254,3.55656,;inf,1258,3.60668,;inf,1263,3.65677,;inf,1267,3.70685,;inf,1272,3.75693,;inf,1277,3.807,;inf,1280,3.85712,;inf,1283,3.90723,;inf,1286,3.9573,;inf,1293,4.00737,;inf,1302,4.05745,;inf,1303,4.10753,;inf,1305,4.15761,;inf,1310,4.2077,;inf,1313,4.25779,;inf,1318,4.30786,;inf,1323,4.35795,;inf,1324,4.40806,;inf,1329,4.45815,;inf,1333,4.50823,;inf,1338,4.55835,;inf,1339,4.60847,;inf,1342,4.65854,;inf,1347,4.70862,;inf,1349,4.75873,;inf,1353,4.80882,;inf,1355,4.85891,;inf,1357,4.909,;inf,1358,4.95909,;inf,1366,5.00916,;inf,1371,5.05925,;inf,1375,5.10933,;inf,1377,5.1594,;inf,1379,5.20947,;inf,1381,5.25955,;inf,1382,5.30962,;inf,1386,5.3597,;inf,1392,5.40978,;inf,1395,5.45985,;inf,1396,5.50992,;inf,1398,5.55999,;inf,1399,5.61007,;inf,1408,5.66011,;inf,1414,5.71018,;inf,1418,5.76026,;inf,1426,5.81034,;inf,1431,5.86042,;inf,1432,5.9105,;inf,1437,5.96057,;inf,1443,6.01065,;inf,1446,6.06072,;inf,1448,6.1108,;inf,1450,6.16089,;inf,1457,6.21096,;inf,1458,6.26107,;inf,1461,6.31114,;inf,1464,6.36123,;inf,1471,6.41135,;inf,1472,6.46146,;inf,1472,6.51154,;inf,1474,6.56165,;inf,1477,6.61176,;inf,1479,6.66187,;inf,1486,6.71198,;inf,1488,6.76205,;inf,1491,6.81215,;inf,1493,6.86226,;inf,1494,6.91233,;inf,1495,6.96244,;inf,1499,7.01252,;inf,1504,7.0626,;inf,1508,7.11269,;inf,1508,7.16276,;inf,1515,7.21284,;inf,1521,7.26292,;inf,1523,7.31301,;inf,1523,7.36312,;inf,1527,7.41321,;inf,1527,7.46329,;inf,1529,7.51337,;inf,1530,7.56347,;inf,1534,7.61358,;inf,1535,7.6637,;inf,1538,7.71378,;inf,1539,7.7639,;inf,1541,7.81398,;inf,1547,7.86406,;inf,1548,7.91417,;inf,1550,7.96428,;inf,1552,8.01437,;inf,1554,8.06445,;inf,1558,8.11453,;inf,1561,8.1646,;inf,1562,8.21468,;inf,1566,8.26478,;inf,1566,8.31491,;inf,1569,8.365,;inf,1569,8.4151,;inf,1571,8.46519,;inf,1573,8.51529,;inf,1578,8.56541,;inf,1579,8.61553,;inf,1581,8.66561,;inf,1583,8.71569,;inf,1585,8.76578,;inf,1588,8.81586,;inf,1589,8.86594,;inf,1592,8.91602,;inf,1593,8.9661,;inf,1594,9.01618,;inf,1595,9.06627,;inf,1595,9.11635,;inf,1598,9.16642,;inf,1602,9.2165,;inf,1606,9.26661,;inf,1608,9.3167,;inf,1610,9.36681,;inf,1611,9.41689,;inf,1612,9.46697,;inf,1613,9.51707,;inf,1615,9.56714,;inf,1618,9.61722,;inf,1621,9.66733,;
inf,737,0.0500199,;inf,812,0.100107,;inf,871,0.15019,;inf,922,0.20027,;inf,953,0.250347,;inf,989,0.300432,;inf,1019,0.350508,;inf,1036,0.400608,;inf,1048,0.450685,;inf,1060,0.500772,;inf,1078,0.550853,;inf,1098,0.600928,;inf,1119,0.651003,;inf,1131,0.70108,;inf,1146,0.751159,;inf,1155,0.801246,;inf,1171,0.851324,;inf,1179,0.901415,;inf,1190,0.951495,;inf,1200,1.00157,;inf,1209,1.05165,;inf,1223,1.10175,;inf,1240,1.15186,;inf,1246,1.20194,;inf,1251,1.25205,;inf,1256,1.30213,;inf,1261,1.35222,;inf,1270,1.4023,;inf,1282,1.45241,;inf,1296,1.5025,;inf,1315,1.55261,;inf,1327,1.60268,;inf,1333,1.65277,;inf,1343,1.70286,;inf,1350,1.75299,;inf,1361,1.80308,;inf,1374,1.85321,;inf,1379,1.9033,;inf,1385,1.95338,;inf,1393,2.00349,;inf,1397,2.05358,;inf,1405,2.10369,;inf,1409,2.15376,;inf,1419,2.20384,;inf,1426,2.25392,;inf,1434,2.30399,;inf,1442,2.35406,;inf,1451,2.40414,;inf,1456,2.45422,;inf,1466,2.5043,;inf,1468,2.55439,;inf,1474,2.60449,;inf,1478,2.65456,;inf,1484,2.70464,;inf,1491,2.75471,;inf,1496,2.8048,;inf,1502,2.85487,;inf,1513,2.90496,;inf,1520,2.95504,;inf,1529,3.00512,;inf,1534,3.0552,;inf,1537,3.10528,;inf,1544,3.15536,;inf,1550,3.20544,;inf,1557,3.25552,;inf,1563,3.3056,;inf,1566,3.35569,;inf,1568,3.40578,;inf,1571,3.45585,;inf,1577,3.50594,;inf,1583,3.55601,;inf,1594,3.60609,;inf,1597,3.65617,;inf,1600,3.70625,;inf,1602,3.75632,;inf,1606,3.80641,;inf,1612,3.85649,;inf,1620,3.90657,;inf,1622,3.95665,;inf,1634,4.00673,;inf,1641,4.05682,;inf,1644,4.1069,;inf,1649,4.15698,;inf,1651,4.20707,;inf,1656,4.25714,;inf,1665,4.30722,;inf,1671,4.35729,;inf,1673,4.40738,;inf,1676,4.45746,;inf,1680,4.50754,;inf,1682,4.55762,;inf,1686,4.6077,;inf,1689,4.65778,;inf,1695,4.70786,;inf,1697,4.75793,;inf,1701,4.80801,;inf,1705,4.85809,;inf,1708,4.90817,;inf,1710,4.95825,;inf,1717,5.00832,;inf,1722,5.0584,;inf,1724,5.10849,;inf,1732,5.15857,;inf,1735,5.20865,;inf,1746,5.25873,;inf,1749,5.30881,;inf,1752,5.35889,;inf,1756,5.40898,;inf,1757,5.45905,;inf,1761,5.50913,;inf,1766,5.55921,;inf,1773,5.60929,;inf,1776,5.65938,;inf,1778,5.70946,;inf,1779,5.75954,;inf,1782,5.80962,;inf,1789,5.8597,;inf,1792,5.90979,;inf,1794,5.95986,;inf,1798,6.00995,;inf,1799,6.06003,;inf,1805,6.11011,;inf,1812,6.1602,;inf,1814,6.21027,;inf,1818,6.26036,;inf,1820,6.31044,;inf,1825,6.36053,;inf,1828,6.41061,;inf,1829,6.46069,;inf,1832,6.51079,;inf,1835,6.56087,;inf,1840,6.61095,;inf,1842,6.66102,;inf,1847,6.71111,;inf,1848,6.76118,;inf,1853,6.81126,;inf,1861,6.86134,;inf,1862,6.91142,;inf,1865,6.96151,;inf,1867,7.01158,;inf,1872,7.06167,;inf,1877,7.11175,;inf,1879,7.16183,;inf,1881,7.21192,;inf,1883,7.26199,;inf,1888,7.31207,;inf,1896,7.36215,;inf,1897,7.41224,;inf,1898,7.46232,;inf,1901,7.51239,;inf,1906,7.56247,;inf,1913,7.61255,;inf,1914,7.66263,;inf,1916,7.71271,;inf,1919,7.76279,;inf,1920,7.81287,;inf,1921,7.86295,;inf,1922,7.91304,;inf,1924,7.96312,;inf,1925,8.0132,;inf,1930,8.06328,;inf,1932,8.11336,;inf,1933,8.16345,;inf,1939,8.21354,;inf,1941,8.26362,;inf,1944,8.3137,;inf,1945,8.36378,;inf,1948,8.41384,;inf,1949,8.46391,;inf,1950,8.514,;inf,1956,8.56407,;inf,1958,8.61415,;inf,1959,8.66422,;inf,1961,8.71431,;inf,1967,8.76439,;inf,1969,8.81447,;inf,1971,8.86455,;inf,1972,8.91463,;inf,1977,8.96472,;inf,1981,9.0148,;inf,1981,9.06488,;inf,1985,9.11496,;inf,1988,9.16504,;inf,1990,9.21511,;inf,1995,9.26519,;inf,1996,9.31527,;inf,1997,9.36535,;inf,1998,9.41543,;inf,2005,9.46551,;inf,2009,9.51559,;inf,2010,9.56566,;inf,2022,9.61574,;inf,2023,9.66582,;inf,2029,9.7159,;inf,2030,9.76598,;inf,2033,9.81605,;inf,2035,9.86612,;inf,2038,9.91621,;inf,2038,9.96628,;inf,2040,10.0164,;
inf,362,0.0500745,;inf,439,0.100162,;inf,493,0.150239,;inf,523,0.200351,;inf,534,0.250438,;inf,566,0.300546,;inf,590,0.350635,;inf,607,0.400713,;inf,633,0.450785,;inf,646,0.500888,;inf,650,0.550974,;inf,668,0.601081,;inf,679,0.651156,;inf,687,0.701278,;inf,698,0.751346,;inf,706,0.801418,;inf,716,0.851541,;inf,720,0.901625,;inf,737,0.951745,;inf,746,1.00182,;inf,756,1.05193,;
inf,390,0.0500985,;inf,448,0.100218,;inf,505,0.150336,;inf,546,0.200457,;inf,547,0.250581,;inf,562,0.300631,;inf,572,0.350723,;inf,580,0.400809,;inf,593,0.450922,;inf,605,0.501002,;inf,625,0.551087,;inf,633,0.601175,;inf,648,0.651297,;inf,657,0.701388,;inf,673,0.751498,;inf,681,0.801582,;inf,687,0.851706,;inf,696,0.901792,;inf,703,0.951879,;inf,709,1.00195,;inf,714,1.05208,;inf,725,1.10219,;inf,728,1.15228,;inf,738,1.20236,;inf,743,1.25248,;inf,750,1.30256,;inf,762,1.35268,;inf,775,1.4028,;inf,780,1.45287,;inf,785,1.50295,;inf,791,1.55304,;inf,796,1.60316,;inf,805,1.65324,;inf,808,1.70336,;inf,812,1.75348,;inf,817,1.80356,;inf,821,1.85364,;inf,827,1.90377,;inf,828,1.95389,;inf,832,2.00397,;inf,840,2.05411,;inf,846,2.10419,;inf,849,2.15427,;inf,855,2.20435,;inf,863,2.25444,;inf,867,2.30452,;inf,874,2.3546,;inf,880,2.40468,;inf,897,2.45476,;inf,901,2.50485,;inf,907,2.55497,;inf,914,2.60506,;inf,923,2.65516,;inf,931,2.70524,;inf,932,2.75533,;inf,937,2.80541,;inf,945,2.85554,;inf,948,2.90567,;inf,956,2.95579,;inf,965,3.0059,;inf,971,3.05599,;inf,976,3.10611,;inf,979,3.15622,;inf,982,3.20634,;inf,986,3.25645,;inf,994,3.30655,;inf,996,3.35663,;
inf,502,0.0500668,;inf,586,0.100186,;inf,663,0.15028,;inf,693,0.200395,;inf,722,0.25049,;inf,750,0.300611,;inf,765,0.350703,;inf,791,0.400796,;inf,818,0.450922,;inf,834,0.501044,;inf,866,0.551162,;inf,891,0.601278,;inf,907,0.651398,;inf,923,0.701478,;inf,939,0.751595,;inf,975,0.801676,;inf,982,0.851801,;inf,990,0.901895,;inf,1010,0.951986,;inf,1028,1.00208,;inf,1041,1.05218,;inf,1052,1.10228,;inf,1062,1.15239,;inf,1075,1.20249,;inf,1083,1.25261,;inf,1098,1.3027,;inf,1104,1.35282,;inf,1107,1.40291,;inf,1112,1.453,;inf,1120,1.5031,;inf,1121,1.55318,;inf,1133,1.60328,;inf,1136,1.65335,;inf,1147,1.70343,;inf,1150,1.75351,;inf,1163,1.80359,;inf,1165,1.85368,;inf,1169,1.90376,;inf,1173,1.95384,;inf,1182,2.00392,;inf,1188,2.05404,;inf,1193,2.10412,;inf,1199,2.15421,;inf,1206,2.20433,;inf,1212,2.25441,;inf,1223,2.3045,;inf,1228,2.35458,;inf,1236,2.4047,;inf,1242,2.45478,;inf,1246,2.5049,;inf,1255,2.55502,;inf,1262,2.60513,;inf,1269,2.65523,;inf,1271,2.70532,;inf,1279,2.75545,;inf,1287,2.80553,;inf,1291,2.85565,;inf,1295,2.90574,;inf,1299,2.95584,;inf,1301,3.00594,;inf,1313,3.05606,;inf,1319,3.10615,;inf,1323,3.15627,;inf,1329,3.20638,;inf,1332,3.25648,;inf,1340,3.30658,;inf,1344,3.35666,;inf,1350,3.40674,;inf,1356,3.45683,;inf,1360,3.50692,;inf,1367,3.557,;inf,1372,3.60709,;inf,1375,3.65718,;inf,1377,3.70726,;inf,1383,3.75735,;inf,1386,3.80749,;inf,1389,3.85757,;
inf,294,0.0500999,;inf,316,0.100175,;inf,353,0.150261,;inf,373,0.200336,;inf,395,0.250411,;inf,425,0.300484,;inf,449,0.350559,;inf,466,0.400634,;inf,495,0.450707,;inf,519,0.500796,;inf,531,0.550875,;inf,548,0.600951,;inf,563,0.651029,;inf,568,0.701122,;inf,577,0.751236,;inf,590,0.801348,;inf,596,0.851464,;inf,609,0.901549,;inf,619,0.951641,;inf,637,1.00172,;inf,643,1.05181,;inf,654,1.10189,;inf,665,1.15197,;inf,673,1.20206,;inf,685,1.25214,;inf,695,1.30225,;inf,704,1.35234,;inf,716,1.40242,;inf,724,1.45252,;inf,730,1.50263,;inf,738,1.55271,;inf,747,1.60283,;inf,755,1.65291,;inf,762,1.70299,;inf,768,1.75308,;inf,775,1.80317,;inf,787,1.85326,;inf,795,1.90334,;inf,801,1.95343,;inf,805,2.00352,;inf,817,2.0536,;inf,821,2.10367,;inf,828,2.15375,;inf,831,2.20383,;inf,838,2.25395,;inf,847,2.30403,;inf,854,2.35411,;inf,858,2.40419,;inf,860,2.45426,;
inf,400,0.0500595,;inf,471,0.100137,;inf,525,0.150219,;inf,575,0.200307,;inf,610,0.250387,;inf,640,0.300464,;inf,675,0.350544,;inf,706,0.400621,;inf,725,0.450704,;inf,740,0.500777,;inf,763,0.550856,;inf,775,0.600929,;inf,794,0.651005,;inf,807,0.701078,;inf,813,0.751156,;inf,829,0.801228,;inf,841,0.851303,;inf,851,0.90138,;inf,860,0.951468,;inf,870,1.00154,;inf,876,1.05162,;inf,890,1.1017,;inf,897,1.15178,;inf,907,1.20185,;inf,914,1.25193,;inf,923,1.30201,;inf,935,1.35209,;inf,942,1.40216,;inf,956,1.45224,;inf,961,1.50232,;
inf,249,0.0500603,;inf,318,0.100171,;inf,375,0.150284,;inf,423,0.200402,;inf,456,0.250475,;inf,467,0.300554,;inf,480,0.350648,;inf,490,0.40073,;inf,503,0.450859,;inf,517,0.500968,;inf,533,0.551058,;inf,547,0.601175,;inf,555,0.651251,;inf,575,0.701365,;inf,587,0.751447,;inf,598,0.801566,;inf,605,0.851639,;inf,612,0.901727,;inf,623,0.951815,;inf,650,1.00191,;inf,658,1.052,;inf,678,1.10208,;inf,689,1.1522,;inf,701,1.20226,;inf,705,1.25237,;inf,722,1.30245,;inf,725,1.35256,;inf,734,1.40265,;inf,751,1.45275,;inf,756,1.50284,;inf,764,1.55296,;inf,774,1.60305,;inf,781,1.65314,;inf,787,1.70324,;inf,789,1.75332,;inf,793,1.8034,;inf,801,1.85351,;inf,813,1.90359,;inf,818,1.95368,;inf,824,2.00376,;inf,830,2.05388,;inf,838,2.104,;inf,844,2.15409,;inf,847,2.20419,;inf,863,2.25427,;inf,869,2.30436,;inf,873,2.35444,;inf,879,2.40454,;inf,879,2.45464,;inf,879,2.50475,;inf,879,2.55482,;inf,884,2.60491,;inf,889,2.65499,;inf,898,2.70511,;inf,904,2.7552,;inf,907,2.80529,;inf,912,2.85537,;inf,914,2.90549,;inf,922,2.95558,;inf,929,3.0057,;inf,938,3.05582,;inf,944,3.10594,;inf,956,3.15605,;inf,960,3.20613,;inf,964,3.25624,;inf,972,3.30629,;inf,974,3.35638,;inf,978,3.40646,;inf,981,3.45659,;inf,986,3.50668,;inf,989,3.55676,;inf,995,3.60684,;inf,1003,3.65692,;inf,1010,3.70702,;inf,1011,3.75712,;inf,1015,3.80721,;inf,1020,3.8573,;
inf,365,0.0500943,;inf,485,0.100173,;inf,565,0.150254,;inf,604,0.200335,;inf,625,0.250421,;inf,662,0.300506,;inf,685,0.350585,;inf,713,0.400685,;inf,731,0.450809,;inf,743,0.500929,;inf,758,0.551013,;inf,769,0.601134,;inf,800,0.651215,;inf,813,0.701329,;inf,832,0.751422,;inf,843,0.801514,;inf,862,0.851603,;inf,872,0.901686,;inf,885,0.951776,;inf,907,1.00188,;inf,916,1.05198,;inf,927,1.10207,;inf,936,1.15217,;inf,941,1.20229,;inf,950,1.25237,;inf,958,1.30249,;inf,966,1.35257,;inf,977,1.40266,;inf,985,1.45279,;inf,993,1.50288,;inf,1003,1.553,;inf,1008,1.60309,;inf,1024,1.65318,;inf,1029,1.70327,;inf,1044,1.75339,;inf,1048,1.80348,;inf,1060,1.85357,;inf,1071,1.90366,;inf,1076,1.9538,;inf,1079,2.00389,;inf,1083,2.05398,;inf,1088,2.10407,;inf,1098,2.15416,;inf,1108,2.20424,;inf,1112,2.25433,;inf,1118,2.30442,;inf,1124,2.35453,;inf,1138,2.40463,;inf,1146,2.45473,;inf,1149,2.50481,;inf,1159,2.55489,;inf,1164,2.60497,;inf,1168,2.65508,;inf,1171,2.70517,;inf,1174,2.75526,;inf,1185,2.80534,;inf,1187,2.85543,;inf,1189,2.90552,;inf,1196,2.95562,;inf,1206,3.0057,;inf,1208,3.0558,;inf,1215,3.10592,;inf,1220,3.15601,;inf,1225,3.20613,;inf,1228,3.25621,;inf,1236,3.30633,;inf,1246,3.3564,;inf,1253,3.40652,;inf,1256,3.45661,;inf,1260,3.50674,;inf,1262,3.55686,;inf,1269,3.60694,;inf,1272,3.65706,;inf,1277,3.70714,;inf,1286,3.75722,;inf,1288,3.8073,;inf,1290,3.85743,;inf,1293,3.90752,;inf,1296,3.95762,;inf,1297,4.00771,;inf,1299,4.0578,;inf,1304,4.1079,;inf,1310,4.15802,;inf,1313,4.20811,;inf,1320,4.25824,;inf,1324,4.30833,;inf,1327,4.35845,;inf,1334,4.40852,;inf,1339,4.45864,;inf,1345,4.50872,;inf,1345,4.55883,;inf,1359,4.60892,;inf,1364,4.659,;inf,1368,4.70912,;inf,1374,4.75919,;inf,1381,4.80931,;inf,1384,4.85941,;inf,1385,4.90953,;inf,1391,4.95963,;inf,1393,5.00974,;inf,1399,5.05983,;inf,1400,5.10996,;inf,1401,5.16008,;inf,1415,5.2102,;inf,1417,5.26027,;inf,1419,5.31035,;inf,1427,5.36044,;inf,1428,5.41053,;inf,1429,5.46062,;inf,1435,5.51071,;inf,1442,5.56079,;inf,1446,5.6109,;inf,1452,5.66102,;inf,1455,5.71111,;inf,1458,5.7612,;inf,1461,5.81128,;inf,1462,5.8614,;inf,1467,5.91148,;inf,1475,5.9616,;inf,1478,6.01168,;inf,1479,6.0618,;inf,1482,6.11189,;inf,1485,6.162,;inf,1487,6.21208,;inf,1488,6.26216,;inf,1493,6.31224,;inf,1499,6.36234,;inf,1503,6.41243,;inf,1511,6.46252,;inf,1514,6.51261,;inf,1521,6.56272,;inf,1526,6.61281,;inf,1533,6.6629,;inf,1537,6.71302,;inf,1539,6.76311,;inf,1542,6.8132,;inf,1543,6.86328,;inf,1546,6.91337,;inf,1550,6.96346,;inf,1552,7.01355,;inf,1557,7.06364,;inf,1558,7.11372,;inf,1560,7.16381,;inf,1561,7.2139,;inf,1566,7.26399,;inf,1568,7.31408,;inf,1568,7.36423,;inf,1570,7.41436,;inf,1570,7.46444,;inf,1576,7.51453,;inf,1586,7.56463,;inf,1586,7.61472,;inf,1588,7.66484,;inf,1589,7.71495,;inf,1591,7.76505,;inf,1593,7.81511,;inf,1597,7.86523,;inf,1598,7.91531,;inf,1599,7.96543,;inf,1601,8.01553,;inf,1607,8.06564,;inf,1612,8.11573,;inf,1613,8.16583,;inf,1615,8.21595,;inf,1619,8.26603,;inf,1621,8.31614,;inf,1621,8.36627,;inf,1624,8.41637,;inf,1627,8.46649,;inf,1629,8.51661,;inf,1630,8.56672,;inf,1637,8.61682,;inf,1651,8.66691,;inf,1655,8.71704,;inf,1656,8.76709,;inf,1657,8.81725,;inf,1660,8.86733,;inf,1662,8.91746,;inf,1669,8.96756,;inf,1673,9.01766,;inf,1679,9.06775,;inf,1680,9.11785,;inf,1681,9.16794,;inf,1682,9.21805,;inf,1688,9.26814,;inf,1695,9.31823,;inf,1697,9.36833,;inf,1704,9.41845,;inf,1706,9.46856,;inf,1709,9.51866,;inf,1713,9.56874,;inf,1715,9.61884,;inf,1715,9.66896,;inf,1716,9.71909,;inf,1718,9.76918,;inf,1721,9.81926,;inf,1722,9.86934,;inf,1728,9.91943,;inf,1729,9.96953,;inf,1731,10.0196,;inf,1734,10.0698,;
inf,401,0.05006,;inf,458,0.100138,;inf,499,0.150228,;inf,523,0.200318,;inf,533,0.250413,;inf,544,0.300501,;inf,571,0.350596,;inf,590,0.400707,;inf,607,0.450822,;inf,629,0.500935,;inf,639,0.551047,;inf,661,0.601178,;inf,670,0.651256,;inf,676,0.701376,;inf,690,0.751463,;inf,702,0.80155,;inf,713,0.85164,;inf,720,0.901722,;inf,729,0.951809,;inf,735,1.00193,;inf,748,1.05201,;inf,763,1.10211,;inf,767,1.15222,;inf,777,1.20233,;inf,792,1.25241,;inf,806,1.30249,;inf,808,1.35261,;inf,823,1.40272,;inf,831,1.45279,;inf,836,1.50289,;inf,852,1.553,;inf,860,1.60307,;inf,865,1.65316,;inf,881,1.70328,;inf,895,1.75336,;inf,910,1.80345,;inf,918,1.85356,;inf,920,1.90367,;inf,925,1.95375,;inf,926,2.00387,;inf,934,2.05396,;inf,936,2.10408,;inf,948,2.15417,;inf,953,2.20426,;inf,957,2.25435,;inf,962,2.30446,;inf,973,2.35458,;inf,973,2.4047,;inf,975,2.45481,;inf,976,2.50494,;inf,982,2.55505,;inf,988,2.60513,;inf,998,2.65525,;inf,1003,2.70536,;inf,1009,2.75545,;inf,1016,2.80553,;inf,1022,2.85561,;inf,1042,2.90569,;inf,1044,2.95577,;inf,1052,3.00585,;inf,1058,3.05596,;inf,1073,3.10608,;inf,1074,3.1562,;inf,1079,3.20629,;inf,1090,3.25637,;inf,1094,3.30649,;inf,1101,3.35658,;inf,1102,3.4067,;inf,1108,3.45682,;inf,1120,3.50691,;inf,1125,3.55701,;inf,1127,3.60708,;inf,1135,3.65717,;inf,1143,3.70728,;inf,1152,3.75738,;inf,1153,3.80749,;inf,1159,3.85756,;inf,1160,3.90767,;inf,1162,3.95775,;inf,1167,4.00783,;inf,1169,4.05793,;inf,1171,4.10801,;inf,1172,4.1581,;inf,1174,4.20819,;inf,1177,4.25829,;inf,1178,4.30841,;inf,1179,4.35852,;inf,1183,4.40864,;inf,1185,4.45873,;inf,1191,4.5088,;inf,1199,4.5589,;inf,1210,4.60901,;inf,1214,4.65909,;inf,1216,4.70922,;inf,1217,4.75929,;inf,1221,4.8094,;inf,1223,4.85949,;inf,1227,4.90958,;inf,1227,4.95966,;inf,1234,5.00975,;inf,1235,5.0599,;inf,1238,5.10999,;inf,1249,5.1601,;inf,1255,5.21022,;inf,1259,5.26031,;inf,1261,5.31038,;inf,1266,5.36045,;inf,1271,5.41053,;inf,1272,5.46062,;inf,1274,5.51071,;inf,1275,5.56082,;inf,1286,5.61091,;inf,1289,5.66102,;inf,1292,5.71111,;inf,1298,5.76123,;inf,1300,5.81133,;inf,1305,5.86141,;inf,1314,5.9115,;inf,1315,5.96166,;inf,1325,6.01175,;inf,1334,6.06183,;inf,1342,6.11193,;inf,1351,6.16201,;inf,1354,6.21214,;inf,1356,6.26222,;inf,1359,6.31232,;inf,1363,6.36238,;inf,1364,6.41246,;inf,1371,6.46254,;inf,1372,6.51261,;inf,1382,6.56271,;inf,1383,6.61279,;inf,1387,6.66288,;inf,1388,6.71296,;inf,1388,6.76303,;inf,1391,6.81312,;inf,1398,6.86322,;inf,1402,6.91331,;inf,1402,6.9634,;inf,1407,7.01351,;inf,1410,7.0636,;inf,1414,7.11369,;inf,1416,7.16377,;inf,1425,7.21384,;inf,1425,7.26392,;inf,1432,7.314,;inf,1433,7.36412,;inf,1437,7.41421,;inf,1440,7.46434,;inf,1442,7.51441,;inf,1444,7.56448,;inf,1445,7.61461,;inf,1448,7.66474,;inf,1458,7.71482,;inf,1464,7.76494,;inf,1480,7.81503,;inf,1481,7.86515,;inf,1483,7.91523,;inf,1496,7.96534,;inf,1502,8.01544,;inf,1504,8.06552,;inf,1505,8.11561,;inf,1507,8.1657,;inf,1509,8.21582,;inf,1509,8.26591,;inf,1512,8.31601,;inf,1514,8.3661,;inf,1517,8.41622,;inf,1520,8.46631,;inf,1523,8.51639,;inf,1527,8.56651,;inf,1529,8.61663,;inf,1529,8.66673,;inf,1532,8.71684,;inf,1538,8.76693,;inf,1540,8.81702,;inf,1542,8.8671,;inf,1542,8.9172,;inf,1544,8.96728,;inf,1544,9.01737,;inf,1552,9.06749,;inf,1552,9.11757,;inf,1554,9.16765,;inf,1555,9.21772,;inf,1556,9.2678,;inf,1556,9.3179,;inf,1558,9.36799,;inf,1560,9.41807,;inf,1560,9.46816,;inf,1565,9.51825,;inf,1565,9.56834,;inf,1569,9.61843,;inf,1571,9.66853,;inf,1573,9.71863,;inf,1573,9.76875,;inf,1580,9.81882,;inf,1580,9.8689,;inf,1583,9.91898,;inf,1585,9.96907,;inf,1593,10.0191,;inf,1601,10.0693,;
inf,298,0.0500652,;inf,361,0.100157,;inf,390,0.150258,;inf,436,0.200336,;inf,471,0.250414,;inf,489,0.300533,;inf,509,0.350606,;inf,526,0.400703,;inf,543,0.450789,;inf,561,0.500906,;inf,579,0.55098,;inf,587,0.601089,;inf,601,0.651171,;inf,609,0.701288,;inf,618,0.75137,;inf,629,0.801503,;inf,640,0.851597,;inf,649,0.90168,;inf,665,0.951798,;inf,673,1.00191,;inf,687,1.05203,;inf,698,1.10214,;inf,705,1.15226,;inf,711,1.20237,;inf,726,1.25249,;inf,739,1.30257,;inf,754,1.35268,;inf,759,1.40277,;inf,766,1.45285,;inf,771,1.50293,;inf,777,1.55302,;inf,788,1.60311,;inf,797,1.6532,;inf,802,1.70327,;inf,802,1.75336,;inf,802,1.80345,;inf,805,1.85353,;inf,808,1.9036,;inf,812,1.95372,;inf,817,2.00383,;inf,821,2.05392,;inf,828,2.10404,;inf,832,2.15412,;inf,839,2.20421,;inf,844,2.25429,;inf,848,2.30439,;inf,850,2.35447,;inf,855,2.40457,;inf,858,2.45465,;inf,864,2.50476,;inf,868,2.55485,;inf,870,2.60495,;inf,876,2.65503,;inf,878,2.70512,;inf,880,2.7552,;inf,882,2.80532,;inf,889,2.85539,;inf,893,2.90551,;inf,896,2.95558,;inf,899,3.00566,;inf,901,3.05574,;inf,905,3.10582,;inf,914,3.1559,;inf,920,3.20602,;inf,924,3.25613,;inf,929,3.30621,;inf,933,3.3563,;inf,936,3.40638,;inf,939,3.45646,;inf,942,3.50653,;inf,944,3.55662,;inf,948,3.60671,;inf,953,3.6568,;inf,957,3.70689,;inf,963,3.75698,;inf,963,3.80706,;inf,965,3.8572,;
inf,283,0.0500963,;inf,345,0.100188,;inf,361,0.150272,;inf,390,0.20036,;inf,417,0.250479,;inf,437,0.300632,;inf,458,0.350714,;inf,482,0.40079,;inf,492,0.450881,;inf,506,0.500995,;inf,516,0.551085,;inf,526,0.601198,;inf,536,0.651286,;inf,544,0.701403,;inf,561,0.751517,;inf,568,0.801628,;inf,575,0.851723,;inf,581,0.901802,;inf,591,0.951917,;inf,601,1.002,;inf,609,1.05213,;inf,623,1.10229,;inf,636,1.15238,;inf,646,1.20247,;inf,654,1.25263,;inf,665,1.30271,;inf,670,1.35283,;inf,672,1.40292,;inf,683,1.45299,;inf,688,1.50306,;inf,694,1.55314,;inf,706,1.60323,;inf,717,1.65331,;inf,727,1.70342,;inf,731,1.75346,;inf,746,1.80354,;inf,751,1.85362,;inf,759,1.90376,;inf,764,1.95384,;inf,770,2.00396,;inf,772,2.05407,;inf,780,2.1042,;inf,783,2.15427,;inf,794,2.20436,;inf,803,2.25443,;inf,805,2.30453,;inf,808,2.35461,;inf,820,2.40473,;inf,822,2.45482,;inf,824,2.50494,;inf,825,2.55503,;inf,831,2.60514,;inf,841,2.65519,;inf,845,2.7053,;inf,848,2.75539,;inf,854,2.80544,;inf,860,2.85553,;inf,868,2.90565,;inf,873,2.95573,;inf,879,3.00577,;inf,886,3.05587,;inf,892,3.10596,;inf,894,3.15605,;inf,898,3.20615,;inf,904,3.25626,;inf,909,3.30636,;inf,914,3.35648,;inf,915,3.40657,;inf,919,3.45664,;inf,923,3.50672,;inf,927,3.55679,;inf,934,3.60688,;inf,939,3.65695,;inf,940,3.70704,;inf,944,3.75714,;inf,948,3.80722,;inf,954,3.85732,;inf,959,3.90741,;inf,966,3.95751,;inf,969,4.00762,;inf,974,4.0577,;inf,979,4.10777,;inf,984,4.15786,;inf,986,4.20798,;inf,989,4.25806,;inf,994,4.3082,;inf,998,4.35831,;inf,1000,4.40843,;inf,1010,4.45857,;inf,1016,4.50868,;inf,1018,4.55876,;inf,1027,4.60888,;inf,1030,4.65896,;inf,1034,4.70909,;inf,1038,4.75918,;inf,1039,4.80925,;inf,1040,4.85934,;inf,1043,4.90947,;inf,1050,4.95956,;inf,1052,5.00968,;inf,1056,5.05975,;inf,1059,5.10987,;inf,1061,5.15996,;inf,1066,5.21008,;inf,1066,5.26017,;inf,1071,5.31028,;inf,1076,5.36037,;inf,1082,5.4105,;inf,1087,5.46061,;inf,1087,5.51069,;inf,1092,5.56081,;inf,1097,5.61091,;inf,1102,5.661,;inf,1103,5.71108,;inf,1108,5.7612,;inf,1109,5.8113,;inf,1110,5.86142,;inf,1111,5.91154,;inf,1113,5.96168,;inf,1114,6.01179,;inf,1115,6.06187,;inf,1117,6.11196,;inf,1122,6.16207,;inf,1124,6.21216,;inf,1127,6.26224,;inf,1131,6.31233,;inf,1137,6.36247,;inf,1142,6.4126,;inf,1145,6.46268,;inf,1149,6.51279,;inf,1152,6.56288,;inf,1153,6.613,;inf,1155,6.66309,;inf,1160,6.71321,;inf,1162,6.7633,;inf,1164,6.81342,;inf,1170,6.86351,;inf,1175,6.91363,;inf,1181,6.96372,;inf,1182,7.01384,;inf,1185,7.06393,;inf,1188,7.11405,;inf,1189,7.16414,;inf,1195,7.21426,;inf,1198,7.26438,;inf,1199,7.31446,;inf,1202,7.36457,;inf,1204,7.41464,;inf,1207,7.46476,;inf,1216,7.51487,;inf,1219,7.56496,;inf,1221,7.61505,;inf,1221,7.66514,;inf,1223,7.71522,;inf,1225,7.76533,;inf,1228,7.81542,;inf,1231,7.86551,;inf,1231,7.91559,;inf,1232,7.96569,;inf,1233,8.0158,;inf,1235,8.06588,;inf,1235,8.11597,;inf,1238,8.16605,;inf,1245,8.21613,;inf,1245,8.26622,;inf,1247,8.3163,;inf,1248,8.36638,;inf,1249,8.41648,;inf,1250,8.46656,;inf,1253,8.51664,;inf,1255,8.56673,;inf,1256,8.61681,;inf,1259,8.6669,;inf,1263,8.71698,;inf,1264,8.76706,;inf,1266,8.81714,;inf,1269,8.86723,;inf,1271,8.91736,;inf,1271,8.96741,;inf,1273,9.01752,;inf,1278,9.06759,;inf,1281,9.11768,;inf,1281,9.16776,;inf,1283,9.21784,;inf,1283,9.26793,;inf,1288,9.318,;inf,1290,9.36809,;inf,1291,9.41819,;
inf,325,0.0500673,;inf,376,0.100159,;inf,419,0.150252,;inf,442,0.200342,;inf,468,0.250427,;inf,487,0.300523,;inf,500,0.350618,;inf,524,0.400709,;inf,541,0.450816,;inf,573,0.500897,;inf,599,0.550988,;inf,620,0.601104,;inf,650,0.651198,;inf,659,0.701314,;inf,681,0.751431,;inf,693,0.80151,;inf,706,0.851602,;inf,711,0.901724,;inf,715,0.951842,;inf,730,1.00196,;inf,738,1.05205,;inf,745,1.10213,;inf,754,1.15226,;inf,763,1.20234,;inf,772,1.25243,;inf,782,1.30255,;inf,794,1.35263,;inf,806,1.40271,;inf,810,1.45285,;inf,813,1.50292,;inf,820,1.55304,;inf,832,1.60316,;inf,841,1.65325,;inf,847,1.70335,;inf,856,1.75344,;inf,857,1.80353,;inf,864,1.85363,;inf,870,1.90372,;inf,873,1.95384,;inf,886,2.00393,;inf,888,2.05405,;inf,896,2.10414,;inf,906,2.15422,;inf,910,2.20431,;inf,913,2.2544,;inf,916,2.30449,;inf,925,2.35463,;inf,928,2.4047,;inf,933,2.45478,;inf,938,2.50486,;inf,946,2.55494,;inf,948,2.60506,;inf,952,2.65513,;inf,954,2.70525,;inf,959,2.75533,;inf,961,2.80545,;inf,962,2.85553,;inf,971,2.90561,;inf,979,2.95569,;inf,983,3.00577,;inf,990,3.05586,;inf,996,3.10598,;inf,999,3.15606,;inf,1001,3.20614,;inf,1011,3.25623,;inf,1011,3.30632,;inf,1014,3.3564,;inf,1025,3.40648,;inf,1026,3.45656,;inf,1036,3.50664,;inf,1039,3.55673,;inf,1047,3.60681,;inf,1052,3.65689,;inf,1054,3.70698,;inf,1055,3.75709,;inf,1058,3.80717,;inf,1063,3.85725,;inf,1066,3.90734,;inf,1071,3.95746,;inf,1073,4.00755,;inf,1077,4.05767,;inf,1082,4.10776,;inf,1086,4.15789,;inf,1089,4.20798,;inf,1094,4.25807,;inf,1095,4.30817,;inf,1099,4.35829,;inf,1102,4.40841,;inf,1108,4.45853,;inf,1117,4.50864,;inf,1118,4.55873,;inf,1119,4.60885,;inf,1135,4.65893,;inf,1136,4.70905,;inf,1138,4.75913,;inf,1140,4.80926,;inf,1141,4.85935,;inf,1145,4.90943,;inf,1150,4.95952,;inf,1154,5.0096,;inf,1158,5.05968,;inf,1160,5.10976,;inf,1162,5.15986,;inf,1165,5.20995,;inf,1168,5.26005,;inf,1169,5.31014,;inf,1173,5.36025,;inf,1173,5.41035,;inf,1178,5.46043,;inf,1180,5.51052,;inf,1181,5.5606,;inf,1183,5.61075,;inf,1185,5.66087,;inf,1189,5.71093,;inf,1190,5.76103,;inf,1194,5.81112,;inf,1195,5.8612,;inf,1201,5.9113,;inf,1202,5.9614,;inf,1204,6.01149,;inf,1205,6.06161,;inf,1209,6.1117,;inf,1211,6.16183,;inf,1215,6.21192,;inf,1220,6.26201,;inf,1227,6.3121,;inf,1227,6.36222,;inf,1228,6.41231,;inf,1230,6.46239,;inf,1236,6.51249,;inf,1243,6.56261,;inf,1247,6.61273,;inf,1249,6.66285,;inf,1252,6.71295,;inf,1256,6.76303,;inf,1263,6.81313,;inf,1263,6.86323,;inf,1267,6.91335,;inf,1272,6.96344,;inf,1274,7.01357,;inf,1276,7.06366,;inf,1279,7.11375,;inf,1282,7.16383,;inf,1287,7.21392,;inf,1288,7.26402,;inf,1293,7.31414,;inf,1294,7.36423,;inf,1298,7.41431,;inf,1300,7.46439,;inf,1306,7.51455,;inf,1307,7.56469,;inf,1307,7.6148,;inf,1310,7.66489,;inf,1314,7.71498,;inf,1315,7.7651,;inf,1315,7.81518,;inf,1322,7.86535,;inf,1325,7.91544,;inf,1325,7.96553,;inf,1328,8.01563,;inf,1328,8.06571,;inf,1331,8.11581,;inf,1333,8.16591,;inf,1333,8.21601,;inf,1336,8.26611,;inf,1339,8.31619,;inf,1340,8.36627,;inf,1347,8.41637,;inf,1351,8.46646,;inf,1352,8.51657,;inf,1360,8.5667,;inf,1361,8.6168,;inf,1364,8.66688,;inf,1364,8.71698,;inf,1365,8.76706,;inf,1366,8.81715,;inf,1369,8.86725,;inf,1376,8.91733,;inf,1380,8.96743,;inf,1383,9.01751,;inf,1386,9.0676,;inf,1386,9.11769,;inf,1395,9.16779,;inf,1397,9.21788,;inf,1400,9.26797,;inf,1402,9.31806,;inf,1405,9.36814,;inf,1407,9.41826,;inf,1410,9.46836,;inf,1413,9.51844,;inf,1417,9.56853,;inf,1419,9.61866,;inf,1420,9.66879,;inf,1421,9.71888,;inf,1426,9.76897,;inf,1429,9.81906,;inf,1431,9.86918,;inf,1434,9.91926,;inf,1434,9.96935,;inf,1437,10.0195,;
inf,263,0.0500576,;inf,325,0.100154,;inf,364,0.150231,;inf,382,0.200314,;inf,416,0.250423,;inf,450,0.300541,;inf,470,0.350617,;inf,507,0.400708,;inf,520,0.450782,;inf,531,0.500871,;inf,554,0.550954,;inf,563,0.601066,;inf,577,0.651153,;inf,586,0.701243,;inf,599,0.751336,;inf,606,0.801417,;inf,619,0.851539,;inf,630,0.90163,;inf,638,0.951742,;inf,648,1.00183,;inf,655,1.05192,;inf,659,1.10204,;inf,669,1.15213,;inf,679,1.20226,;inf,687,1.25234,;inf,691,1.30241,;inf,701,1.3525,;inf,714,1.40258,;inf,724,1.45269,;inf,735,1.50277,;inf,739,1.55289,;inf,747,1.60297,;inf,754,1.65304,;inf,759,1.70313,;inf,763,1.75324,;inf,771,1.80334,;inf,775,1.85345,;inf,778,1.90353,;inf,785,1.95362,;inf,789,2.00374,;inf,796,2.05382,;inf,802,2.10389,;inf,807,2.15397,;inf,812,2.20409,;inf,815,2.2542,;inf,819,2.30428,;inf,822,2.35441,;inf,829,2.40454,;inf,830,2.45462,;inf,843,2.5047,;inf,847,2.55478,;inf,852,2.60486,;inf,860,2.65494,;inf,863,2.70502,;inf,865,2.7551,;inf,872,2.80521,;inf,882,2.85533,;inf,886,2.90541,;inf,888,2.9555,;inf,894,3.00559,;inf,900,3.05569,;inf,902,3.10581,;inf,909,3.1559,;inf,911,3.20599,;inf,914,3.25611,;inf,915,3.30622,;inf,918,3.35633,;inf,926,3.40645,;inf,928,3.45652,;inf,931,3.50659,;inf,933,3.5567,;inf,939,3.60678,;inf,942,3.65688,;inf,945,3.70696,;inf,951,3.75704,;inf,956,3.80712,;inf,962,3.85726,;inf,971,3.90735,;inf,975,3.95742,;inf,979,4.00749,;inf,984,4.05758,;inf,993,4.10766,;inf,999,4.15774,;inf,1004,4.20782,;inf,1005,4.25794,;inf,1006,4.30802,;inf,1008,4.35811,;inf,1017,4.40819,;inf,1021,4.45828,;inf,1027,4.50835,;inf,1029,4.55842,;inf,1039,4.6085,;
inf,230,0.0500938,;inf,274,0.100207,;inf,302,0.15028,;inf,359,0.200391,;inf,411,0.250468,;inf,430,0.300583,;inf,453,0.350712,;
inf,228,0.0500725,;inf,333,0.100195,;inf,404,0.150318,;inf,427,0.200434,;inf,469,0.25052,;inf,491,0.300605,;inf,521,0.350706,;inf,542,0.400794,;inf,559,0.450887,;inf,572,0.501011,;inf,578,0.551127,;inf,595,0.601252,;inf,606,0.651345,;inf,621,0.701428,;inf,633,0.75152,;inf,640,0.80161,;inf,658,0.851707,;inf,669,0.901802,;inf,680,0.951886,;inf,689,1.00198,;inf,697,1.05206,;inf,706,1.10214,;inf,714,1.15222,;inf,729,1.20234,;inf,737,1.25243,;inf,744,1.30252,;inf,755,1.35261,;inf,758,1.40271,;inf,762,1.4528,;inf,766,1.50289,;inf,771,1.55298,;inf,776,1.6031,;inf,788,1.65318,;inf,796,1.70331,;inf,800,1.75339,;inf,809,1.80351,;inf,816,1.85359,;
inf,251,0.0500675,;inf,307,0.100166,;inf,343,0.150272,;inf,368,0.200365,;inf,416,0.250462,;inf,441,0.300555,;inf,463,0.35065,;inf,489,0.400744,;inf,506,0.450837,;inf,522,0.500922,;inf,541,0.551005,;inf,566,0.60108,;inf,581,0.651168,;inf,592,0.701257,;inf,608,0.751348,;inf,621,0.801436,;inf,647,0.851513,;inf,661,0.901606,;inf,677,0.951686,;inf,687,1.00176,;inf,705,1.05185,;inf,721,1.10193,;inf,732,1.15202,;inf,742,1.20211,;inf,758,1.2522,;inf,767,1.30229,;inf,778,1.35237,;inf,784,1.40246,;inf,792,1.45254,;inf,802,1.50263,;inf,810,1.55271,;inf,817,1.6028,;inf,822,1.65288,;inf,831,1.70297,;inf,840,1.75306,;inf,847,1.80314,;inf,853,1.85322,;inf,857,1.90331,;inf,864,1.9534,;inf,872,2.00349,;inf,882,2.05357,;inf,891,2.10367,;inf,897,2.15375,;inf,904,2.20383,;inf,911,2.25392,;inf,916,2.304,;inf,925,2.35408,;inf,933,2.40417,;inf,942,2.45425,;inf,946,2.50434,;inf,954,2.55443,;inf,960,2.60452,;inf,964,2.6546,;inf,974,2.70469,;inf,977,2.75477,;inf,987,2.80486,;inf,989,2.85494,;inf,993,2.90503,;inf,997,2.95512,;inf,1003,3.0052,;
inf,312,0.0500568,;inf,354,0.100141,;inf,398,0.150228,;inf,440,0.200344,;inf,466,0.250427,;inf,500,0.300508,;inf,534,0.350592,;inf,559,0.400674,;inf,578,0.450767,;inf,594,0.500861,;inf,612,0.550942,;inf,627,0.601023,;inf,638,0.651103,;inf,658,0.701215,;inf,668,0.751297,;inf,680,0.801416,;inf,692,0.8515,;inf,708,0.901619,;inf,723,0.951704,;inf,733,1.00184,;inf,737,1.05195,;inf,744,1.10206,;inf,749,1.15215,;inf,761,1.20227,;inf,770,1.25238,;inf,773,1.30249,;inf,778,1.35261,;inf,784,1.40269,;inf,787,1.4528,;inf,799,1.50286,;inf,802,1.55297,;inf,810,1.60305,;inf,816,1.65316,;inf,820,1.70325,;inf,830,1.75334,;inf,833,1.80343,;inf,838,1.85355,;inf,847,1.90363,;inf,857,1.95375,;inf,864,2.00382,;inf,871,2.05394,;inf,877,2.10401,;inf,884,2.15413,;inf,888,2.20421,;inf,890,2.25431,;inf,898,2.30443,;inf,903,2.35451,;inf,905,2.40459,;inf,913,2.45472,;inf,917,2.50483,;inf,919,2.55494,;inf,923,2.60502,;inf,927,2.65509,;inf,931,2.70522,;inf,937,2.75531,;inf,941,2.80542,;inf,949,2.85549,;inf,955,2.90561,;inf,958,2.95569,;inf,965,3.00582,;inf,968,3.05593,;inf,971,3.10604,;inf,975,3.15615,;inf,979,3.20626,;inf,983,3.25637,;inf,986,3.30648,;inf,993,3.35657,;inf,998,3.40665,;inf,1002,3.45677,;inf,1004,3.50687,;inf,1012,3.55696,;inf,1013,3.60704,;inf,1022,3.65714,;inf,1033,3.70723,;inf,1034,3.75732,;inf,1041,3.80741,;inf,1043,3.85749,;inf,1046,3.90757,;inf,1049,3.95765,;inf,1052,4.00773,;inf,1054,4.05781,;inf,1055,4.10789,;inf,1058,4.15796,;inf,1063,4.20805,;inf,1080,4.25814,;inf,1082,4.30822,;inf,1086,4.35834,;inf,1088,4.40843,;
inf,228,0.0500981,;inf,298,0.100209,;inf,339,0.150284,;inf,357,0.200404,;inf,390,0.250482,;inf,408,0.300606,;inf,424,0.35068,;inf,440,0.400791,;inf,454,0.450878,;inf,474,0.500971,;inf,498,0.551068,;inf,513,0.601206,;inf,524,0.651294,;inf,543,0.701384,;inf,556,0.751468,;inf,569,0.801548,;inf,578,0.851635,;inf,590,0.901754,;inf,598,0.951873,;inf,607,1.00195,;
inf,229,0.050104,;inf,302,0.10022,;inf,344,0.150299,;inf,378,0.200417,;inf,419,0.25051,;inf,446,0.300627,;inf,475,0.350747,;inf,487,0.400863,;inf,502,0.450977,;inf,526,0.501094,;inf,545,0.551178,;inf,555,0.60134,;inf,566,0.651429,;inf,574,0.701548,;inf,590,0.75166,;inf,604,0.801749,;inf,615,0.851868,;inf,621,0.901954,;inf,632,0.952085,;inf,637,1.00217,;inf,647,1.05228,;inf,653,1.1024,;inf,677,1.15252,;inf,682,1.20261,;inf,690,1.2527,;inf,696,1.30279,;inf,702,1.35288,;inf,719,1.40298,;inf,731,1.45311,;inf,736,1.50319,;inf,746,1.5533,;inf,752,1.60338,;inf,754,1.65347,;inf,768,1.70359,;inf,777,1.75368,;inf,781,1.80376,;inf,789,1.85385,;inf,796,1.90393,;inf,797,1.95401,;inf,807,2.00414,;inf,809,2.05422,;inf,818,2.1043,;inf,821,2.1544,;inf,830,2.20448,;inf,834,2.25456,;inf,841,2.30464,;inf,848,2.35473,;inf,855,2.40482,;inf,860,2.45491,;inf,865,2.50503,;inf,870,2.55512,;inf,875,2.60523,;inf,883,2.65531,;inf,887,2.70543,;inf,892,2.75551,;inf,898,2.80562,;inf,900,2.8557,;inf,902,2.90579,;inf,906,2.95593,;inf,907,3.00601,;inf,915,3.0561,;inf,921,3.10618,;inf,926,3.15627,;inf,928,3.20637,;inf,929,3.2565,;inf,931,3.30658,;
inf,368,0.0500587,;inf,446,0.10014,;inf,504,0.150221,;inf,550,0.200302,;inf,570,0.250405,;inf,598,0.300502,;inf,616,0.350624,;inf,641,0.400745,;inf,658,0.450835,;inf,672,0.500937,;inf,691,0.551026,;inf,704,0.601122,;inf,718,0.651253,;inf,730,0.701334,;inf,735,0.751451,;inf,743,0.801545,;inf,755,0.851671,;inf,768,0.901757,;inf,779,0.951874,;inf,795,1.00197,;inf,801,1.05209,;inf,809,1.10221,;inf,826,1.15229,;inf,831,1.20239,;inf,841,1.25251,;inf,848,1.30263,;inf,853,1.35275,;
inf,329,0.0500703,;inf,411,0.100171,;inf,464,0.150262,;inf,520,0.200361,;inf,539,0.250477,;inf,556,0.300575,;inf,577,0.350659,;inf,593,0.400734,;inf,622,0.450835,;inf,646,0.500951,;inf,662,0.551038,;inf,669,0.60113,;inf,679,0.651224,;inf,702,0.701313,;inf,707,0.751398,;inf,716,0.801481,;inf,736,0.851604,;inf,744,0.901694,;inf,749,0.951823,;inf,755,1.00192,;inf,765,1.05205,;inf,776,1.10214,;inf,783,1.15223,;inf,796,1.20232,;inf,808,1.25245,;inf,820,1.30253,;inf,823,1.35265,;inf,835,1.40272,;inf,847,1.45283,;inf,855,1.50292,;inf,863,1.553,;inf,878,1.60309,;inf,890,1.65321,;inf,894,1.70329,;inf,897,1.75336,;inf,904,1.80349,;inf,915,1.85357,;inf,921,1.90369,;inf,927,1.95378,;inf,934,2.00388,;inf,937,2.05397,;inf,946,2.10409,;inf,951,2.15422,;inf,959,2.2043,;inf,971,2.25439,;inf,980,2.30448,;inf,988,2.35456,;inf,997,2.40464,;inf,1015,2.45472,;inf,1029,2.5048,;inf,1035,2.55489,;inf,1045,2.60496,;inf,1049,2.65504,;inf,1056,2.70512,;inf,1064,2.7552,;inf,1070,2.80531,;inf,1074,2.8554,;inf,1078,2.90549,;inf,1081,2.95556,;inf,1090,3.00566,;inf,1093,3.05575,;inf,1098,3.10583,;inf,1103,3.15594,;inf,1109,3.20603,;inf,1116,3.25613,;inf,1122,3.30622,;inf,1125,3.35632,;inf,1136,3.40641,;inf,1139,3.45649,;inf,1149,3.50657,;inf,1159,3.55663,;inf,1161,3.60672,;inf,1165,3.6568,;inf,1173,3.70689,;inf,1176,3.75697,;inf,1181,3.80705,;inf,1183,3.85713,;inf,1186,3.90718,;inf,1191,3.95732,;inf,1194,4.00741,;inf,1197,4.05749,;inf,1199,4.10756,;inf,1202,4.15764,;inf,1205,4.20774,;inf,1210,4.25783,;inf,1215,4.30793,;inf,1222,4.35802,;inf,1229,4.4081,;inf,1236,4.45819,;inf,1241,4.50829,;inf,1244,4.55838,;inf,1245,4.60846,;inf,1249,4.65854,;inf,1258,4.70865,;inf,1260,4.75873,;inf,1270,4.80882,;inf,1277,4.8589,;inf,1283,4.90901,;inf,1288,4.9591,;inf,1290,5.00919,;inf,1293,5.0593,;inf,1297,5.10936,;inf,1306,5.1595,;inf,1308,5.20958,;inf,1310,5.25971,;inf,1315,5.3098,;inf,1316,5.35992,;inf,1321,5.41001,;inf,1324,5.46013,;inf,1330,5.51025,;inf,1331,5.56034,;inf,1334,5.61042,;inf,1334,5.66051,;inf,1334,5.7106,;inf,1336,5.76076,;inf,1337,5.81089,;inf,1339,5.86097,;inf,1345,5.91106,;inf,1347,5.96116,;inf,1352,6.01129,;inf,1360,6.06136,;inf,1363,6.11146,;inf,1365,6.16154,;inf,1370,6.21167,;inf,1372,6.26174,;inf,1377,6.31183,;inf,1381,6.36193,;inf,1382,6.41205,;inf,1383,6.46217,;inf,1384,6.51229,;inf,1387,6.56238,;inf,1395,6.6125,;inf,1396,6.66262,;inf,1397,6.71274,;inf,1401,6.76286,;inf,1405,6.81298,;inf,1408,6.8631,;inf,1409,6.91322,;inf,1410,6.96334,;inf,1413,7.01343,;inf,1417,7.06355,;inf,1421,7.11363,;inf,1425,7.16375,;inf,1429,7.21383,;inf,1430,7.26395,;inf,1432,7.31404,;inf,1433,7.36416,;inf,1434,7.41426,;inf,1437,7.46438,;inf,1442,7.51447,;inf,1445,7.56459,;inf,1450,7.6147,;inf,1457,7.66482,;inf,1457,7.71492,;inf,1459,7.76504,;inf,1460,7.81513,;inf,1462,7.86525,;inf,1464,7.91537,;inf,1465,7.96548,;inf,1466,8.0156,;inf,1470,8.06573,;inf,1471,8.11584,;inf,1473,8.16594,;inf,1481,8.21604,;inf,1482,8.26614,;inf,1483,8.31626,;inf,1484,8.36635,;inf,1492,8.41648,;inf,1494,8.46658,;inf,1495,8.5167,;inf,1498,8.56679,;inf,1499,8.61689,;inf,1500,8.66697,;inf,1504,8.7171,;inf,1505,8.76722,;inf,1509,8.81734,;inf,1510,8.86746,;inf,1513,8.91755,;inf,1514,8.96765,;inf,1516,9.01774,;inf,1518,9.06787,;inf,1520,9.11795,;inf,1523,9.16807,;inf,1527,9.21816,;inf,1536,9.26825,;inf,1537,9.31834,;inf,1538,9.36846,;inf,1541,9.41854,;inf,1542,9.46866,;inf,1544,9.51879,;inf,1545,9.56892,;inf,1548,9.61901,;inf,1550,9.66911,;inf,1551,9.71924,;inf,1552,9.76933,;inf,1555,9.81946,;inf,1558,9.86954,;inf,1560,9.91966,;inf,1562,9.96975,;inf,1563,10.0199,;
inf,323,0.0500584,;inf,415,0.100147,;inf,454,0.150239,;inf,480,0.200362,;inf,502,0.250447,;inf,519,0.300531,;inf,528,0.350612,;inf,548,0.400708,;inf,563,0.450828,;inf,588,0.500869,;inf,606,0.550955,;inf,617,0.601037,;inf,646,0.651154,;inf,675,0.701207,;inf,686,0.751327,;inf,688,0.801412,;inf,701,0.851497,;inf,708,0.901575,;inf,718,0.951666,;inf,728,1.00179,;inf,736,1.05191,;inf,743,1.10201,;inf,761,1.15209,;inf,773,1.20217,;inf,789,1.25226,;inf,796,1.30236,;inf,806,1.35244,;inf,816,1.40252,;inf,829,1.45261,;inf,833,1.50269,;inf,843,1.55278,;inf,865,1.60287,;inf,876,1.65294,;inf,888,1.70305,;inf,895,1.75314,;inf,904,1.80323,;inf,907,1.85332,;inf,920,1.90341,;inf,922,1.95349,;inf,932,2.00361,;inf,937,2.0537,;inf,947,2.10378,;inf,952,2.15391,;inf,957,2.20399,;inf,962,2.25408,;inf,964,2.30416,;inf,968,2.35425,;inf,978,2.40436,;inf,983,2.45448,;inf,988,2.50456,;inf,995,2.55464,;inf,999,2.60471,;inf,1004,2.65479,;inf,1011,2.70482,;inf,1018,2.7549,;inf,1025,2.80497,;inf,1028,2.855,;inf,1032,2.90508,;inf,1042,2.95515,;inf,1046,3.00523,;inf,1049,3.05532,;inf,1059,3.1054,;inf,1061,3.15554,;inf,1063,3.20565,;inf,1066,3.25577,;inf,1074,3.30586,;inf,1080,3.35597,;inf,1086,3.40606,;inf,1091,3.45615,;inf,1094,3.50627,;inf,1098,3.55638,;inf,1104,3.60648,;inf,1115,3.65657,;inf,1117,3.70664,;inf,1123,3.75673,;inf,1128,3.80682,;inf,1130,3.85688,;inf,1133,3.90695,;inf,1141,3.95703,;inf,1145,4.00714,;inf,1147,4.05725,;inf,1156,4.10734,;inf,1161,4.15747,;inf,1166,4.20755,;inf,1170,4.25763,;inf,1175,4.30771,;inf,1178,4.3578,;inf,1179,4.40792,;inf,1182,4.458,;inf,1184,4.50811,;inf,1187,4.55825,;inf,1189,4.60834,;inf,1200,4.65843,;inf,1206,4.70851,;inf,1214,4.75862,;inf,1218,4.8087,;inf,1221,4.85882,;inf,1223,4.90889,;inf,1229,4.95897,;inf,1230,5.00905,;inf,1233,5.05912,;inf,1235,5.10925,;inf,1238,5.15935,;inf,1241,5.20945,;inf,1249,5.25956,;inf,1251,5.30966,;inf,1254,5.35977,;inf,1256,5.40988,;inf,1259,5.45996,;inf,1263,5.51005,;inf,1264,5.56013,;inf,1266,5.61025,;inf,1269,5.66036,;inf,1271,5.71048,;inf,1274,5.76059,;inf,1277,5.8107,;inf,1280,5.86082,;inf,1283,5.91093,;inf,1284,5.96101,;inf,1285,6.0111,;inf,1287,6.06119,;inf,1288,6.11129,;inf,1288,6.16138,;inf,1291,6.2115,;inf,1295,6.26159,;inf,1301,6.3117,;inf,1311,6.36179,;inf,1313,6.41191,;
inf,315,0.0500941,;inf,387,0.100178,;inf,430,0.15027,;inf,460,0.200406,;inf,491,0.25052,;inf,523,0.30064,;inf,537,0.35076,;inf,560,0.400875,;inf,571,0.450958,;inf,582,0.501072,;inf,594,0.551192,;inf,603,0.601314,;inf,612,0.65141,;inf,628,0.701501,;inf,639,0.751593,;inf,644,0.80168,;inf,657,0.851807,;inf,669,0.901883,;inf,676,0.951968,;inf,689,1.00207,;inf,697,1.05223,;inf,710,1.10235,;inf,726,1.15244,;inf,735,1.20252,;inf,741,1.25261,;inf,751,1.30269,;inf,760,1.35277,;inf,770,1.40285,;inf,779,1.45295,;inf,787,1.50303,;inf,798,1.55315,;inf,809,1.60325,;inf,816,1.65336,;inf,821,1.70345,;inf,831,1.75357,;inf,836,1.80365,;inf,841,1.85375,;inf,845,1.90382,;inf,848,1.9539,;inf,855,2.00398,;inf,863,2.05406,;inf,871,2.10414,;inf,873,2.15422,;inf,883,2.2043,;inf,889,2.25438,;inf,896,2.30446,;inf,901,2.35454,;inf,912,2.40462,;inf,913,2.45471,;inf,916,2.50479,;inf,918,2.55488,;inf,925,2.60496,;inf,926,2.65504,;inf,928,2.70512,;inf,931,2.7552,;inf,943,2.80528,;inf,947,2.85536,;inf,948,2.90545,;inf,952,2.95553,;inf,958,3.0056,;inf,963,3.05568,;inf,968,3.10577,;inf,976,3.15585,;inf,979,3.20597,;inf,986,3.25605,;inf,994,3.30613,;inf,1000,3.35621,;inf,1003,3.4063,;inf,1006,3.45638,;inf,1013,3.50646,;inf,1021,3.55655,;inf,1029,3.60662,;inf,1034,3.65671,;inf,1042,3.70679,;inf,1047,3.75687,;inf,1052,3.80695,;inf,1056,3.85703,;inf,1059,3.90711,;inf,1063,3.95719,;inf,1068,4.00727,;inf,1072,4.05736,;inf,1075,4.10745,;inf,1079,4.15753,;inf,1083,4.20762,;inf,1087,4.2577,;inf,1089,4.30778,;inf,1090,4.35788,;inf,1095,4.40796,;inf,1104,4.45804,;inf,1110,4.50812,;inf,1112,4.55821,;inf,1119,4.60829,;inf,1122,4.65837,;inf,1125,4.70848,;inf,1128,4.7586,;inf,1129,4.80868,;inf,1133,4.8588,;inf,1134,4.90891,;inf,1138,4.95898,;inf,1159,5.00909,;inf,1168,5.05918,;inf,1174,5.10929,;inf,1178,5.15937,;inf,1184,5.20945,;inf,1186,5.25954,;inf,1189,5.30962,;inf,1196,5.35972,;inf,1204,5.4098,;inf,1208,5.45989,;inf,1211,5.50997,;inf,1212,5.56006,;inf,1218,5.61014,;inf,1222,5.66022,;inf,1223,5.71029,;inf,1225,5.76041,;inf,1234,5.81049,;inf,1237,5.86058,;inf,1238,5.9107,;inf,1240,5.96081,;inf,1244,6.01093,;inf,1246,6.06103,;inf,1250,6.11111,;inf,1251,6.16121,;inf,1259,6.21129,;inf,1266,6.2614,;inf,1269,6.31149,;inf,1270,6.3616,;inf,1272,6.41169,;inf,1275,6.4618,;inf,1276,6.51191,;inf,1281,6.56202,;inf,1282,6.61211,;inf,1286,6.66222,;
inf,313,0.0500596,;inf,400,0.10017,;inf,445,0.150246,;inf,476,0.200366,;inf,500,0.25046,;inf,540,0.30057,;inf,572,0.350681,;inf,593,0.400792,;inf,612,0.450907,;inf,634,0.500995,;inf,650,0.551082,;inf,665,0.601159,;inf,678,0.651243,;inf,691,0.701359,;inf,702,0.751471,;inf,709,0.801606,;inf,730,0.851717,;inf,734,0.901812,;inf,739,0.951889,;inf,749,1.00199,;inf,755,1.05206,;inf,764,1.10214,;inf,773,1.15221,;inf,793,1.20231,;inf,799,1.25236,;inf,804,1.30244,;inf,820,1.35251,;inf,833,1.40257,;inf,842,1.4527,;inf,853,1.50277,;inf,861,1.5529,;inf,873,1.60299,;inf,893,1.65311,;inf,906,1.70322,;inf,912,1.75335,;inf,918,1.80347,;inf,925,1.85356,;inf,940,1.90365,;inf,949,1.95376,;inf,968,2.00387,;inf,976,2.05399,;inf,989,2.10411,;inf,995,2.15418,;inf,998,2.2043,;inf,1004,2.25439,;inf,1008,2.30447,;inf,1013,2.35456,;inf,1021,2.40467,;inf,1029,2.45474,;inf,1033,2.50482,;inf,1037,2.55489,;inf,1041,2.60498,;inf,1045,2.6551,;inf,1049,2.70518,;inf,1059,2.75525,;inf,1065,2.80533,;inf,1068,2.85541,;inf,1079,2.90548,;inf,1080,2.95557,;inf,1089,3.00569,;inf,1091,3.05577,;inf,1095,3.10586,;inf,1098,3.15595,;inf,1106,3.20603,;inf,1109,3.25607,;inf,1113,3.30616,;inf,1114,3.35625,;inf,1120,3.40634,;inf,1129,3.45646,;inf,1130,3.50655,;inf,1133,3.55663,;inf,1143,3.60671,;inf,1147,3.65682,;inf,1151,3.70693,;inf,1154,3.75705,;inf,1157,3.80713,;inf,1163,3.85725,;inf,1172,3.90737,;inf,1175,3.95749,;inf,1183,4.0076,;inf,1190,4.05772,;inf,1191,4.1078,;inf,1193,4.15789,;inf,1197,4.20801,;inf,1204,4.25809,;inf,1205,4.30817,;inf,1212,4.35827,;inf,1214,4.40839,;inf,1216,4.45848,;inf,1219,4.50856,;inf,1221,4.5587,;inf,1224,4.60878,;inf,1226,4.65889,;inf,1228,4.70901,;inf,1232,4.7591,;inf,1235,4.80922,;
inf,466,0.0500937,;inf,563,0.100169,;inf,612,0.150249,;inf,659,0.200344,;inf,694,0.250475,;inf,730,0.300589,;inf,750,0.350702,;inf,775,0.400789,;inf,795,0.450903,;inf,822,0.501021,;inf,841,0.551142,;inf,857,0.601231,;inf,875,0.651354,;inf,889,0.701429,;inf,902,0.751525,;inf,915,0.80161,;inf,926,0.85173,;inf,946,0.901822,;inf,958,0.951935,;inf,970,1.00203,;inf,982,1.05214,;inf,994,1.10222,;inf,1003,1.1523,;inf,1010,1.20238,;inf,1016,1.25253,;inf,1024,1.30264,;inf,1033,1.35271,;inf,1053,1.40279,;inf,1061,1.45291,;inf,1067,1.50303,;inf,1073,1.55316,;inf,1077,1.60324,;inf,1090,1.65332,;inf,1097,1.7034,;inf,1102,1.75349,;inf,1107,1.80361,;inf,1119,1.8537,;inf,1128,1.90381,;inf,1131,1.95389,;inf,1138,2.00399,;inf,1145,2.05407,;inf,1150,2.10419,;inf,1161,2.1543,;inf,1171,2.20439,;inf,1179,2.25447,;inf,1188,2.30454,;inf,1192,2.35463,;inf,1195,2.40475,;inf,1205,2.45484,;inf,1207,2.50492,;inf,1219,2.55506,;inf,1225,2.60518,;inf,1230,2.65526,;inf,1233,2.7053,;inf,1238,2.75541,;inf,1248,2.80549,;inf,1256,2.85556,;inf,1259,2.90564,;inf,1261,2.95575,;inf,1267,3.00584,;inf,1270,3.05592,;inf,1273,3.10601,;inf,1278,3.15609,;inf,1285,3.20618,;
inf,359,0.0500644,;inf,437,0.100156,;inf,481,0.150273,;inf,520,0.200388,;inf,550,0.250465,;inf,575,0.300588,;inf,599,0.35071,;inf,625,0.400822,;inf,659,0.450894,;inf,678,0.501006,;inf,690,0.551134,;inf,715,0.601207,;inf,725,0.651288,;inf,739,0.701374,;inf,745,0.75147,;inf,752,0.80156,;inf,768,0.851656,;inf,782,0.901745,;inf,798,0.951823,;inf,821,1.00193,;inf,831,1.052,;inf,836,1.1021,;inf,844,1.15219,;inf,857,1.20232,;inf,867,1.2524,;inf,879,1.30248,;inf,883,1.3526,;inf,897,1.40267,;inf,902,1.45275,;inf,911,1.50286,;inf,924,1.55294,;inf,930,1.60307,;inf,940,1.65314,;inf,958,1.70323,;inf,966,1.75335,;inf,974,1.80347,;inf,978,1.85358,;inf,985,1.90365,;inf,991,1.95373,;inf,1002,2.00381,;inf,1010,2.0539,;
inf,241,0.0500667,;inf,301,0.100153,;inf,332,0.150266,;inf,364,0.200356,;inf,388,0.250443,;inf,420,0.300526,;inf,439,0.350642,;inf,462,0.40074,;inf,475,0.450852,;inf,491,0.500968,;inf,509,0.551052,;inf,528,0.601136,;inf,546,0.651223,;inf,562,0.701308,;inf,578,0.751398,;inf,587,0.80148,;inf,590,0.851556,;inf,600,0.901644,;inf,608,0.951725,;inf,613,1.0018,;inf,624,1.05187,;inf,633,1.10196,;inf,640,1.15205,;inf,644,1.20213,;inf,656,1.25221,;inf,662,1.30229,;inf,670,1.35238,;inf,678,1.40247,;inf,683,1.45256,;inf,690,1.50265,;inf,703,1.55275,;inf,709,1.60283,;inf,719,1.65293,;inf,723,1.70302,;inf,726,1.75311,;inf,733,1.80321,;inf,738,1.85331,;inf,747,1.9034,;inf,754,1.95349,;inf,762,2.00359,;inf,767,2.05369,;
inf,243,0.0500661,;inf,338,0.10016,;inf,360,0.150254,;inf,388,0.200352,;inf,426,0.25045,;inf,460,0.30053,;inf,480,0.350623,;inf,496,0.40071,;inf,512,0.450758,;inf,523,0.500848,;inf,529,0.550931,;inf,538,0.601013,;inf,564,0.651099,;inf,575,0.701185,;inf,585,0.751275,;inf,595,0.801365,;inf,605,0.851452,;inf,615,0.901545,;inf,625,0.951663,;inf,636,1.00174,;inf,640,1.05183,;inf,658,1.10191,;inf,667,1.15199,;inf,675,1.20207,;inf,681,1.25215,;inf,691,1.30225,;inf,704,1.35233,;inf,708,1.40241,;inf,713,1.45249,;inf,720,1.50257,;inf,724,1.55265,;inf,737,1.60274,;inf,744,1.65282,;inf,751,1.70291,;inf,760,1.753,;inf,765,1.80309,;inf,773,1.85317,;inf,785,1.90325,;inf,795,1.95334,;inf,800,2.00342,;inf,800,2.05352,;inf,800,2.1036,;inf,800,2.15368,;inf,800,2.20376,;inf,800,2.25384,;inf,800,2.30393,;inf,800,2.35401,;inf,800,2.4041,;inf,800,2.45418,;inf,800,2.50427,;inf,800,2.55435,;inf,803,2.60444,;inf,805,2.65451,;inf,812,2.70459,;inf,814,2.75467,;inf,817,2.80475,;inf,820,2.85483,;inf,822,2.90491,;inf,825,2.95499,;inf,828,3.00507,;inf,828,3.05516,;inf,828,3.10524,;inf,830,3.15533,;inf,833,3.20541,;inf,836,3.25549,;inf,838,3.30558,;inf,841,3.35566,;inf,842,3.40575,;inf,846,3.45583,;inf,848,3.50592,;inf,854,3.556,;inf,858,3.60609,;inf,861,3.65617,;inf,864,3.70625,;inf,869,3.75634,;inf,871,3.80642,;inf,876,3.8565,;inf,878,3.90659,;inf,879,3.95667,;inf,884,4.00675,;inf,887,4.05684,;inf,889,4.10691,;inf,892,4.15699,;inf,897,4.20708,;inf,899,4.25718,;inf,902,4.30726,;inf,906,4.35735,;inf,909,4.40743,;inf,914,4.45752,;
inf,497,0.0500674,;inf,575,0.100146,;inf,637,0.150296,;inf,681,0.200372,;inf,708,0.250465,;inf,724,0.30052,;inf,736,0.350626,;inf,759,0.400716,;inf,778,0.450835,;inf,791,0.50089,;inf,806,0.551059,;inf,819,0.601175,;inf,836,0.651251,;inf,855,0.701349,;inf,869,0.751431,;inf,893,0.801513,;inf,922,0.851599,;inf,932,0.901685,;inf,945,0.951814,;inf,952,1.0019,;inf,959,1.05202,;inf,969,1.1021,;inf,984,1.15215,;inf,988,1.20226,;inf,997,1.25233,;inf,1010,1.30242,;inf,1026,1.35251,;inf,1031,1.4026,;inf,1037,1.45268,;inf,1049,1.50279,;inf,1059,1.55288,;inf,1072,1.603,;inf,1082,1.65311,;inf,1090,1.7032,;inf,1094,1.75332,;inf,1101,1.8034,;inf,1108,1.85351,;inf,1121,1.90358,;inf,1132,1.95365,;inf,1137,2.00376,;inf,1144,2.05387,;inf,1149,2.10396,;inf,1155,2.15407,;inf,1160,2.20413,;inf,1169,2.25422,;inf,1175,2.30434,;inf,1184,2.35446,;inf,1188,2.40456,;inf,1193,2.45467,;inf,1200,2.50476,;inf,1207,2.55485,;inf,1213,2.60494,;inf,1217,2.65503,;inf,1225,2.70512,;inf,1239,2.75521,;inf,1246,2.8053,;inf,1248,2.85539,;inf,1262,2.90548,;inf,1273,2.95557,;inf,1277,3.00566,;inf,1284,3.05575,;inf,1287,3.10585,;inf,1290,3.15594,;inf,1298,3.20603,;inf,1305,3.25611,;inf,1310,3.3062,;inf,1313,3.35628,;inf,1318,3.40637,;inf,1331,3.45644,;inf,1339,3.50652,;inf,1345,3.5566,;inf,1353,3.60669,;inf,1355,3.65676,;inf,1358,3.70684,;inf,1362,3.75692,;inf,1366,3.80699,;inf,1372,3.85706,;inf,1378,3.90714,;inf,1381,3.95722,;inf,1386,4.00729,;inf,1392,4.05736,;inf,1398,4.10744,;inf,1402,4.1575,;inf,1406,4.2076,;inf,1413,4.25769,;inf,1418,4.30778,;inf,1422,4.35787,;inf,1431,4.40796,;inf,1435,4.45804,;inf,1444,4.5081,;inf,1447,4.5582,;inf,1452,4.60827,;inf,1455,4.65835,;inf,1458,4.70847,;inf,1471,4.75855,;inf,1477,4.80866,;inf,1481,4.85875,;inf,1489,4.90884,;inf,1494,4.95893,;inf,1495,5.00903,;inf,1503,5.05912,;inf,1507,5.1092,;inf,1508,5.15932,;inf,1512,5.20944,;inf,1518,5.25951,;inf,1521,5.30959,;inf,1523,5.35967,;inf,1528,5.40975,;inf,1531,5.45983,;inf,1532,5.50991,;inf,1535,5.56004,;inf,1541,5.61017,;inf,1551,5.66024,;inf,1556,5.71032,;inf,1557,5.7604,;inf,1560,5.81048,;inf,1564,5.86055,;inf,1565,5.91063,;inf,1568,5.96071,;inf,1572,6.01079,;inf,1578,6.06086,;inf,1580,6.11094,;inf,1586,6.16102,;inf,1588,6.21113,;inf,1592,6.26125,;inf,1593,6.31134,;inf,1596,6.36142,;inf,1602,6.41151,;inf,1603,6.46163,;inf,1604,6.51171,;inf,1612,6.56179,;inf,1616,6.61187,;inf,1620,6.66196,;inf,1622,6.71204,;inf,1633,6.76212,;inf,1634,6.8122,;inf,1636,6.86228,;inf,1639,6.91236,;inf,1644,6.96244,;inf,1647,7.01252,;inf,1647,7.0626,;inf,1650,7.11269,;inf,1652,7.16277,;inf,1656,7.21285,;inf,1658,7.26294,;inf,1662,7.31302,;inf,1663,7.3631,;inf,1670,7.41318,;inf,1671,7.46326,;inf,1673,7.51334,;inf,1676,7.56343,;inf,1680,7.61351,;inf,1686,7.66359,;inf,1687,7.71367,;inf,1693,7.76376,;inf,1697,7.81384,;inf,1699,7.86396,;inf,1702,7.91408,;inf,1709,7.96415,;inf,1713,8.01426,;inf,1717,8.06435,;inf,1724,8.11444,;inf,1727,8.16453,;inf,1730,8.21464,;inf,1732,8.26473,;inf,1736,8.31482,;inf,1738,8.36491,;inf,1741,8.415,;inf,1746,8.46509,;inf,1748,8.51518,;inf,1758,8.56526,;inf,1762,8.61534,;inf,1766,8.66542,;inf,1769,8.7155,;inf,1771,8.76563,;inf,1774,8.81571,;inf,1778,8.86578,;inf,1780,8.91586,;inf,1783,8.96595,;inf,1785,9.01603,;inf,1788,9.06613,;inf,1791,9.11621,;inf,1795,9.1663,;inf,1797,9.21639,;inf,1799,9.26647,;inf,1801,9.31656,;inf,1803,9.36664,;inf,1806,9.41673,;inf,1812,9.46682,;inf,1814,9.51691,;inf,1819,9.567,;inf,1821,9.61709,;inf,1822,9.66717,;inf,1824,9.71725,;inf,1826,9.76735,;inf,1834,9.81744,;inf,1839,9.86754,;inf,1840,9.91763,;inf,1845,9.96772,;inf,1848,10.0178,;inf,1853,10.0679,;
inf,296,0.0500655,;inf,373,0.100161,;inf,419,0.15025,;inf,470,0.200331,;inf,514,0.250454,;inf,534,0.300534,;inf,548,0.35066,;inf,570,0.400775,;inf,588,0.450853,;inf,602,0.500965,;inf,614,0.55104,;inf,637,0.601119,;inf,645,0.651202,;inf,660,0.701312,;inf,673,0.751401,;inf,679,0.801513,;inf,690,0.851602,;inf,701,0.901725,;inf,717,0.951837,;inf,723,1.00195,;inf,732,1.05206,;inf,742,1.10214,;inf,752,1.15224,;inf,763,1.20235,;inf,777,1.25246,;inf,782,1.30256,;inf,792,1.35264,;inf,800,1.40268,;inf,811,1.4528,;inf,818,1.50288,;inf,824,1.55299,;inf,837,1.60306,;inf,842,1.65318,;inf,854,1.70327,;inf,861,1.75339,;inf,872,1.80348,;inf,877,1.85359,;inf,885,1.90366,;inf,891,1.95378,;inf,896,2.00386,;inf,911,2.05396,;inf,918,2.10407,;inf,922,2.15418,;inf,929,2.20429,;inf,933,2.25441,;inf,939,2.30453,;inf,939,2.35464,;inf,942,2.40475,;inf,946,2.45483,;inf,949,2.50494,;inf,955,2.55503,;inf,960,2.60514,;inf,969,2.65523,;inf,974,2.70534,;inf,978,2.75542,;inf,983,2.80553,;inf,995,2.85562,;inf,998,2.90573,;inf,1005,2.95581,;inf,1009,3.0059,;inf,1010,3.05602,;inf,1016,3.10613,;inf,1020,3.15624,;inf,1026,3.20633,;inf,1033,3.25644,;inf,1040,3.30655,;inf,1047,3.35662,;inf,1056,3.4067,;inf,1059,3.4568,;inf,1064,3.50688,;inf,1071,3.55696,;inf,1074,3.60704,;inf,1083,3.65713,;inf,1087,3.70725,;inf,1088,3.75736,;inf,1091,3.80745,;inf,1096,3.85754,;inf,1102,3.90766,;inf,1108,3.95774,;inf,1121,4.00785,;inf,1128,4.05797,;inf,1131,4.10805,;inf,1134,4.15817,;inf,1141,4.20831,;inf,1145,4.25838,;inf,1152,4.30846,;inf,1154,4.35854,;inf,1156,4.40863,;inf,1166,4.45871,;inf,1170,4.50878,;inf,1172,4.55886,;inf,1174,4.60893,;inf,1181,4.659,;inf,1184,4.70909,;inf,1187,4.75916,;inf,1190,4.80924,;inf,1192,4.85933,;inf,1196,4.90942,;inf,1204,4.9595,;inf,1207,5.00959,;inf,1209,5.05968,;inf,1211,5.10976,;inf,1214,5.15983,;inf,1215,5.20991,;inf,1219,5.25999,;inf,1222,5.31006,;inf,1230,5.36011,;inf,1234,5.41021,;inf,1235,5.4603,;inf,1240,5.51038,;inf,1241,5.56047,;inf,1242,5.61055,;inf,1244,5.66067,;inf,1246,5.71074,;inf,1249,5.76086,;inf,1250,5.81094,;inf,1255,5.86102,;inf,1257,5.91109,;inf,1258,5.96116,;inf,1260,6.01124,;inf,1264,6.06133,;inf,1266,6.1114,;inf,1271,6.16148,;inf,1278,6.21157,;inf,1280,6.26166,;inf,1281,6.31175,;inf,1289,6.36184,;inf,1290,6.41192,;inf,1292,6.46204,;inf,1293,6.51213,;inf,1295,6.56221,;inf,1300,6.6123,;inf,1300,6.6624,;inf,1306,6.71249,;inf,1311,6.76257,;inf,1314,6.81265,;inf,1314,6.86273,;inf,1319,6.9128,;inf,1325,6.96291,;inf,1330,7.01303,;inf,1340,7.06312,;inf,1341,7.11323,;inf,1347,7.16334,;inf,1352,7.21345,;inf,1354,7.26356,;inf,1356,7.31368,;inf,1358,7.36377,;inf,1362,7.41389,;inf,1362,7.46396,;inf,1364,7.51407,;inf,1371,7.56418,;inf,1372,7.61429,;inf,1373,7.66436,;inf,1374,7.71448,;inf,1380,7.76456,;inf,1384,7.81466,;inf,1385,7.86479,;inf,1388,7.91487,;inf,1390,7.96495,;inf,1391,8.01503,;inf,1392,8.06516,;inf,1394,8.11524,;inf,1402,8.16532,;inf,1403,8.21541,;inf,1406,8.26551,;inf,1407,8.3156,;inf,1408,8.36572,;inf,1416,8.41583,;inf,1417,8.46594,;inf,1418,8.51606,;inf,1426,8.56618,;inf,1428,8.6163,;inf,1432,8.66638,;inf,1435,8.71647,;inf,1441,8.76658,;inf,1448,8.81671,;inf,1450,8.86679,;inf,1455,8.91688,;inf,1456,8.96698,;inf,1456,9.01709,;inf,1457,9.06718,;inf,1458,9.11731,;inf,1461,9.16743,;inf,1461,9.21754,;inf,1462,9.26767,;inf,1465,9.31779,;inf,1466,9.36786,;inf,1471,9.41793,;inf,1472,9.46801,;inf,1476,9.5181,;inf,1478,9.56819,;inf,1479,9.61828,;inf,1480,9.66835,;inf,1481,9.71844,;inf,1484,9.76853,;inf,1486,9.81861,;inf,1490,9.86875,;inf,1491,9.91882,;inf,1493,9.9689,;inf,1494,10.019,;inf,1498,10.0691,;inf,1499,10.1191,;
inf,298,0.050061,;inf,387,0.100174,;inf,434,0.150288,;inf,478,0.200378,;inf,505,0.250454,;inf,539,0.300568,;inf,569,0.350641,;inf,595,0.400753,;inf,620,0.450862,;inf,631,0.500941,;inf,656,0.551017,;inf,675,0.601092,;inf,684,0.65118,;inf,713,0.701268,;inf,729,0.751386,;inf,748,0.801502,;inf,758,0.851587,;inf,765,0.90168,;inf,773,0.951798,;inf,787,1.00188,;inf,798,1.05197,;inf,815,1.10209,;inf,820,1.15218,;inf,830,1.20226,;inf,837,1.25234,;inf,847,1.30246,;inf,856,1.35258,;inf,871,1.40266,;inf,877,1.45277,;
inf,237,0.0500674,;inf,288,0.100154,;inf,345,0.15028,;inf,380,0.20036,;inf,397,0.250478,;inf,414,0.300562,;inf,435,0.350691,;inf,453,0.400786,;inf,482,0.45089,;inf,498,0.500978,;inf,522,0.551062,;inf,537,0.601163,;inf,553,0.651283,;inf,570,0.70136,;inf,589,0.751441,;inf,599,0.801515,;inf,609,0.8516,;inf,619,0.901661,;inf,633,0.951745,;inf,646,1.00182,;inf,658,1.05194,;inf,670,1.10205,;inf,677,1.15215,;inf,685,1.20227,;inf,703,1.25234,;inf,710,1.30245,;inf,720,1.35253,;inf,732,1.40264,;inf,736,1.45272,;inf,748,1.50284,;inf,754,1.55293,;inf,765,1.60301,;inf,770,1.6531,;inf,778,1.70322,;inf,784,1.75333,;inf,788,1.80343,;inf,794,1.85351,;inf,803,1.90362,;inf,810,1.95371,;inf,815,2.00382,;inf,821,2.05391,;inf,830,2.10399,;inf,836,2.15407,;inf,843,2.20418,;inf,852,2.25426,;inf,860,2.30431,;inf,863,2.3544,;inf,868,2.40449,;inf,879,2.45458,;inf,881,2.50467,;inf,887,2.5548,;inf,891,2.60488,;inf,897,2.65498,;inf,899,2.70507,;inf,907,2.75516,;inf,913,2.80528,;inf,916,2.85538,;
inf,781,0.0500572,;inf,866,0.100185,;inf,925,0.150261,;inf,962,0.200381,;inf,984,0.250469,;inf,1008,0.300566,;inf,1031,0.350643,;inf,1043,0.400754,;inf,1061,0.450833,;inf,1073,0.500945,;inf,1085,0.551057,;inf,1100,0.601133,;inf,1131,0.651254,;inf,1146,0.70134,;inf,1153,0.751436,;inf,1168,0.801512,;inf,1188,0.851629,;inf,1200,0.901703,;inf,1209,0.951784,;inf,1223,1.00188,;inf,1230,1.05197,;inf,1240,1.10209,;inf,1243,1.15225,;inf,1245,1.20233,;inf,1257,1.25244,;inf,1261,1.30252,;inf,1271,1.35261,;inf,1277,1.4027,;inf,1281,1.45282,;inf,1287,1.50291,;inf,1292,1.55303,;inf,1296,1.60312,;inf,1302,1.6533,;inf,1308,1.70338,;inf,1311,1.75347,;inf,1313,1.80355,;inf,1319,1.85364,;inf,1324,1.90372,;inf,1328,1.9538,;inf,1338,2.00389,;
inf,369,0.0500569,;inf,452,0.100183,;inf,498,0.150298,;inf,535,0.200414,;inf,588,0.250494,;inf,624,0.300584,;inf,656,0.350671,;inf,671,0.400787,;inf,701,0.450881,;inf,740,0.501001,;inf,753,0.551092,;inf,768,0.601174,;inf,786,0.651268,;inf,796,0.701365,;inf,806,0.751483,;inf,825,0.801565,;inf,841,0.851658,;inf,851,0.901743,;inf,862,0.951831,;inf,871,1.00198,;inf,879,1.05206,;inf,896,1.10215,;inf,906,1.15224,;inf,912,1.20232,;inf,923,1.25241,;inf,938,1.30247,;inf,947,1.35257,;inf,965,1.40265,;inf,977,1.45274,;inf,981,1.50283,;inf,989,1.55292,;inf,992,1.60301,;inf,1006,1.65311,;inf,1021,1.70321,;inf,1035,1.7533,;inf,1040,1.80338,;inf,1049,1.85347,;inf,1053,1.90356,;inf,1059,1.95365,;inf,1064,2.00374,;inf,1070,2.05386,;inf,1077,2.10398,;inf,1082,2.1541,;inf,1095,2.20422,;inf,1104,2.25431,;inf,1110,2.30439,;inf,1122,2.35452,;inf,1127,2.40461,;inf,1138,2.4547,;inf,1145,2.5048,;inf,1154,2.55488,;inf,1163,2.60498,;inf,1167,2.65509,;inf,1171,2.70518,;inf,1181,2.75527,;inf,1184,2.80537,;inf,1188,2.85546,;inf,1196,2.90556,;inf,1202,2.95564,;inf,1204,3.00573,;inf,1211,3.05582,;inf,1213,3.10592,;inf,1224,3.15601,;inf,1233,3.20611,;inf,1236,3.2562,;inf,1239,3.30629,;inf,1241,3.35637,;inf,1248,3.40648,;inf,1250,3.45656,;inf,1254,3.50665,;inf,1257,3.55673,;inf,1260,3.60682,;inf,1264,3.65693,;inf,1266,3.70702,;inf,1267,3.75712,;inf,1271,3.80722,;inf,1283,3.85734,;inf,1288,3.90747,;inf,1294,3.95759,;inf,1297,4.0077,;inf,1300,4.05782,;inf,1301,4.10794,;inf,1303,4.15802,;inf,1307,4.20815,;inf,1311,4.25824,;inf,1313,4.30836,;inf,1319,4.35849,;inf,1322,4.40861,;inf,1324,4.45869,;inf,1330,4.50878,;inf,1332,4.55888,;inf,1338,4.609,;inf,1342,4.65909,;inf,1346,4.70921,;inf,1347,4.75929,;inf,1349,4.80939,;inf,1353,4.85951,;inf,1356,4.9096,;inf,1360,4.95969,;inf,1361,5.00979,;inf,1365,5.05988,;inf,1366,5.11,;inf,1368,5.16008,;inf,1370,5.2102,;inf,1375,5.26032,;inf,1384,5.31041,;inf,1386,5.36054,;inf,1387,5.41062,;inf,1390,5.46071,;inf,1392,5.5108,;inf,1395,5.56093,;inf,1397,5.61102,;inf,1400,5.66114,;inf,1402,5.71122,;inf,1403,5.76134,;inf,1408,5.81145,;inf,1410,5.86154,;inf,1415,5.91163,;inf,1416,5.96175,;inf,1421,6.01187,;inf,1422,6.06196,;inf,1424,6.11205,;inf,1426,6.16214,;inf,1430,6.21223,;inf,1434,6.26232,;inf,1435,6.31239,;inf,1437,6.36249,;inf,1445,6.41257,;inf,1446,6.46264,;inf,1448,6.51276,;inf,1450,6.56285,;inf,1453,6.61293,;inf,1454,6.66301,;inf,1456,6.71312,;inf,1461,6.76321,;inf,1464,6.81332,;inf,1464,6.86341,;inf,1466,6.91351,;inf,1467,6.9636,;inf,1470,7.01369,;inf,1472,7.06377,;inf,1476,7.11384,;inf,1476,7.16392,;inf,1478,7.21401,;inf,1480,7.2641,;inf,1484,7.31418,;inf,1486,7.36429,;inf,1489,7.41437,;inf,1491,7.46449,;inf,1492,7.51453,;inf,1494,7.56464,;inf,1499,7.61472,;inf,1500,7.66483,;inf,1502,7.71492,;inf,1503,7.76504,;inf,1506,7.81513,;inf,1511,7.86523,;inf,1514,7.91532,;inf,1515,7.96544,;inf,1519,8.01553,;inf,1525,8.06565,;inf,1527,8.11574,;inf,1529,8.16582,;inf,1530,8.21593,;inf,1532,8.26605,;inf,1534,8.31616,;inf,1538,8.36627,;inf,1542,8.41635,;inf,1545,8.46643,;inf,1551,8.51655,;inf,1553,8.56663,;inf,1558,8.61675,;inf,1562,8.66685,;inf,1563,8.71697,;inf,1566,8.76705,;inf,1567,8.81714,;inf,1572,8.86724,;inf,1574,8.91736,;inf,1575,8.96747,;inf,1577,9.01758,;inf,1578,9.06771,;inf,1581,9.1178,;inf,1584,9.16792,;inf,1585,9.21803,;inf,1586,9.26813,;inf,1586,9.31824,;inf,1587,9.36836,;inf,1589,9.41848,;inf,1591,9.46857,;463.001438,1593,9.51869,;
inf,283,0.0500591,;inf,308,0.100179,;inf,326,0.150269,;inf,359,0.200393,;inf,381,0.250471,;inf,406,0.300586,;inf,419,0.350683,;inf,431,0.400805,;inf,442,0.450898,;inf,458,0.501017,;inf,477,0.551109,;inf,485,0.601231,;inf,493,0.651347,;inf,502,0.701477,;inf,521,0.751595,;inf,534,0.80167,;inf,541,0.851785,;inf,560,0.901865,;inf,577,0.952021,;inf,583,1.0021,;inf,589,1.05222,;inf,596,1.1023,;inf,601,1.15239,;inf,607,1.20249,;inf,617,1.25261,;inf,627,1.30271,;inf,632,1.35282,;
inf,635,0.0501315,;inf,696,0.100218,;inf,766,0.150339,;inf,810,0.200452,;inf,831,0.250545,;inf,855,0.300645,;inf,870,0.350763,;inf,897,0.400866,;inf,905,0.450946,;inf,928,0.501022,;inf,938,0.551104,;inf,950,0.601198,;inf,973,0.65128,;inf,984,0.70137,;inf,994,0.751454,;inf,999,0.801551,;inf,1011,0.851635,;inf,1023,0.901759,;inf,1040,0.951843,;inf,1053,1.00199,;inf,1064,1.05207,;inf,1070,1.10215,;inf,1082,1.15223,;inf,1095,1.20231,;inf,1101,1.25238,;inf,1109,1.30246,;
inf,292,0.0500587,;inf,386,0.100154,;inf,438,0.150247,;inf,470,0.200345,;inf,502,0.250467,;inf,527,0.300562,;inf,550,0.350642,;inf,576,0.400762,;inf,608,0.450847,;inf,619,0.500941,;inf,636,0.551038,;inf,650,0.601158,;inf,661,0.651253,;inf,671,0.701374,;inf,687,0.751489,;inf,702,0.801547,;inf,714,0.85167,;inf,731,0.901758,;inf,737,0.951878,;inf,743,1.00197,;inf,753,1.0521,;inf,763,1.10219,;inf,772,1.15228,;inf,779,1.20241,;inf,786,1.25253,;inf,800,1.30265,;inf,806,1.35277,;inf,810,1.4029,;inf,819,1.45298,;inf,831,1.50307,;inf,847,1.55319,;inf,851,1.60328,;inf,859,1.65337,;inf,867,1.70345,;inf,870,1.7535,;inf,884,1.80363,;inf,896,1.85371,;inf,903,1.90383,;inf,907,1.95391,;inf,914,2.004,;inf,920,2.05409,;inf,934,2.10422,;inf,938,2.15436,;inf,942,2.20444,;inf,952,2.25452,;inf,961,2.3046,;inf,969,2.35468,;inf,973,2.40477,;inf,977,2.45484,;inf,982,2.50492,;inf,986,2.555,;inf,989,2.60509,;inf,990,2.65518,;inf,995,2.7053,;inf,999,2.75542,;inf,1005,2.80551,;inf,1011,2.85564,;inf,1026,2.90573,;inf,1031,2.95586,;inf,1042,3.00595,;inf,1045,3.05607,;inf,1048,3.10617,;inf,1056,3.1563,;inf,1061,3.20638,;inf,1065,3.25649,;inf,1070,3.30659,;inf,1079,3.35668,;inf,1087,3.40677,;inf,1090,3.45686,;inf,1092,3.50695,;inf,1105,3.55704,;inf,1109,3.60715,;inf,1116,3.65723,;inf,1120,3.70732,;inf,1122,3.75744,;inf,1127,3.80757,;inf,1134,3.85769,;inf,1138,3.90777,;inf,1139,3.95786,;inf,1144,4.00795,;inf,1149,4.05803,;inf,1150,4.10814,;inf,1158,4.15825,;inf,1162,4.20835,;inf,1164,4.25847,;inf,1170,4.30858,;inf,1174,4.35866,;inf,1177,4.40878,;inf,1179,4.45888,;inf,1182,4.50896,;inf,1188,4.55905,;inf,1192,4.60917,;inf,1200,4.65929,;inf,1206,4.70938,;inf,1209,4.7595,;inf,1213,4.80957,;inf,1215,4.85962,;inf,1221,4.90971,;inf,1224,4.95978,;inf,1226,5.00987,;inf,1230,5.05995,;inf,1238,5.11003,;inf,1239,5.16014,;inf,1241,5.21022,;inf,1251,5.26034,;inf,1255,5.31042,;inf,1257,5.36053,;inf,1258,5.41064,;inf,1263,5.46075,;inf,1265,5.51082,;inf,1267,5.5609,;inf,1270,5.61099,;inf,1273,5.66108,;inf,1274,5.71116,;inf,1278,5.76125,;inf,1282,5.81131,;inf,1287,5.86135,;inf,1289,5.91143,;inf,1294,5.9615,;inf,1295,6.01158,;inf,1298,6.06166,;inf,1305,6.11173,;inf,1306,6.16181,;inf,1309,6.21189,;inf,1310,6.26196,;inf,1313,6.31204,;inf,1314,6.36213,;inf,1317,6.4122,;inf,1321,6.46229,;inf,1322,6.51239,;inf,1324,6.56248,;inf,1325,6.61256,;inf,1330,6.66264,;inf,1333,6.71273,;inf,1339,6.76282,;inf,1340,6.81292,;inf,1343,6.863,;inf,1348,6.91309,;inf,1349,6.96318,;inf,1352,7.01327,;inf,1354,7.06336,;inf,1357,7.11344,;inf,1359,7.16357,;inf,1361,7.21364,;inf,1367,7.26375,;inf,1371,7.31384,;inf,1373,7.36396,;inf,1375,7.41405,;inf,1381,7.46413,;inf,1386,7.51422,;inf,1390,7.56434,;inf,1392,7.61441,;inf,1399,7.66453,;inf,1402,7.71465,;inf,1403,7.76474,;inf,1409,7.81482,;inf,1412,7.86494,;inf,1414,7.91504,;inf,1415,7.96515,;inf,1419,8.01523,;inf,1422,8.06535,;inf,1423,8.11543,;inf,1425,8.16555,;inf,1426,8.21562,;inf,1429,8.2657,;inf,1432,8.31578,;inf,1434,8.3659,;inf,1438,8.41599,;inf,1439,8.46607,;inf,1440,8.51619,;inf,1442,8.56628,;inf,1445,8.61636,;inf,1446,8.66644,;inf,1447,8.71652,;inf,1448,8.7666,;inf,1451,8.81669,;inf,1457,8.86679,;inf,1458,8.91688,;inf,1461,8.96697,;inf,1462,9.01706,;inf,1465,9.06714,;inf,1466,9.11726,;inf,1469,9.16735,;inf,1471,9.21746,;inf,1472,9.26758,;inf,1473,9.31767,;inf,1474,9.36778,;inf,1479,9.41786,;inf,1480,9.46799,;inf,1483,9.51807,;inf,1485,9.56819,;inf,1490,9.61828,;inf,1491,9.66839,;inf,1495,9.71847,;inf,1497,9.7686,;inf,1498,9.81869,;inf,1498,9.86881,;inf,1499,9.91889,;inf,1507,9.96897,;inf,1508,10.0191,;
inf,304,0.0500564,;inf,393,0.100143,;inf,443,0.150223,;inf,470,0.200336,;inf,504,0.25041,;
inf,363,0.0500976,;inf,426,0.100211,;inf,486,0.150306,;inf,532,0.20039,;inf,557,0.250504,;inf,595,0.300576,;inf,625,0.350657,;inf,656,0.400747,;inf,675,0.450803,;inf,695,0.500891,;inf,708,0.55097,;inf,717,0.601048,;inf,735,0.651135,;inf,746,0.701238,;inf,758,0.751317,;inf,767,0.801426,;inf,775,0.851515,;inf,782,0.901638,;inf,799,0.95175,;inf,805,1.00186,;inf,824,1.05197,;
inf,275,0.050075,;inf,361,0.100152,;inf,402,0.150239,;inf,426,0.200328,;inf,444,0.250414,;inf,467,0.300493,;inf,474,0.350542,;inf,492,0.400623,;inf,501,0.4507,;inf,511,0.500813,;inf,518,0.550896,;inf,523,0.600972,;inf,540,0.651063,;inf,547,0.701154,;inf,555,0.751231,;inf,567,0.80131,;inf,581,0.851389,;inf,589,0.901465,;inf,597,0.951546,;inf,606,1.00167,;inf,620,1.05175,;inf,631,1.10183,;inf,640,1.15192,;inf,654,1.20204,;inf,665,1.25212,;inf,674,1.3022,;inf,684,1.35228,;inf,689,1.40238,;inf,693,1.45245,;inf,700,1.50254,;inf,708,1.55262,;inf,713,1.6027,;inf,718,1.65277,;inf,726,1.70286,;inf,736,1.75295,;inf,745,1.80304,;inf,750,1.85316,;inf,759,1.90325,;inf,765,1.95333,;inf,770,2.00341,;inf,775,2.05353,;inf,779,2.10362,;inf,781,2.1537,;inf,787,2.20379,;inf,793,2.25391,;inf,798,2.30399,;inf,801,2.35407,;inf,808,2.40416,;inf,811,2.45425,;inf,814,2.50437,;inf,820,2.55446,;inf,829,2.60454,;inf,832,2.65458,;inf,837,2.7047,;inf,839,2.75481,;inf,845,2.80493,;inf,848,2.85502,;inf,852,2.90511,;inf,867,2.95523,;inf,874,3.00534,;inf,877,3.05542,;inf,883,3.10553,;inf,888,3.15561,;inf,892,3.20574,;inf,900,3.25584,;inf,906,3.30595,;inf,911,3.35604,;inf,915,3.40617,;inf,918,3.45628,;inf,922,3.5064,;inf,925,3.55651,;inf,929,3.60659,;inf,933,3.6567,;inf,938,3.70678,;inf,941,3.75687,;inf,947,3.80697,;inf,951,3.85708,;inf,954,3.9072,;inf,958,3.95731,;inf,961,4.00742,;inf,964,4.05753,;inf,969,4.10762,;inf,972,4.1577,;inf,976,4.20779,;inf,980,4.25791,;inf,983,4.30798,;inf,988,4.3581,;inf,990,4.40823,;inf,995,4.45832,;inf,1000,4.50844,;inf,1002,4.55856,;inf,1005,4.60868,;inf,1008,4.65883,;inf,1014,4.70891,;inf,1019,4.75899,;inf,1023,4.80912,;inf,1034,4.85921,;inf,1036,4.90933,;inf,1042,4.95945,;inf,1047,5.00954,;inf,1051,5.05964,;inf,1053,5.10977,;inf,1056,5.15985,;inf,1057,5.20993,;inf,1059,5.26006,;inf,1064,5.31017,;inf,1066,5.3603,;inf,1069,5.41042,;inf,1074,5.46054,;inf,1079,5.51062,;inf,1081,5.5607,;inf,1083,5.61079,;inf,1087,5.66087,;inf,1089,5.71096,;inf,1093,5.76108,;inf,1095,5.81118,;inf,1098,5.8613,;inf,1100,5.9114,;inf,1102,5.96152,;inf,1106,6.01163,;inf,1108,6.06172,;inf,1110,6.11184,;inf,1112,6.16195,;inf,1115,6.21206,;inf,1119,6.26214,;inf,1128,6.31224,;inf,1129,6.36234,;inf,1131,6.41245,;inf,1134,6.46253,;inf,1141,6.51262,;inf,1144,6.5627,;inf,1146,6.61279,;inf,1149,6.66289,;inf,1152,6.71301,;inf,1152,6.76309,;inf,1152,6.81321,;inf,1152,6.8633,;inf,1153,6.91341,;inf,1155,6.96349,;inf,1157,7.0136,;inf,1160,7.06372,;inf,1163,7.11384,;inf,1165,7.16392,;inf,1166,7.21401,;inf,1169,7.26413,;inf,1172,7.31425,;inf,1175,7.36433,;inf,1180,7.41441,;inf,1181,7.46453,;inf,1187,7.51461,;inf,1189,7.5647,;inf,1191,7.6148,;inf,1195,7.66491,;inf,1196,7.71499,;inf,1199,7.76511,;inf,1200,7.8152,;inf,1200,7.86529,;inf,1202,7.91539,;inf,1204,7.96547,;inf,1206,8.01557,;inf,1210,8.06566,;inf,1213,8.11574,;inf,1213,8.16584,;inf,1215,8.21592,;inf,1216,8.26605,;inf,1217,8.31613,;inf,1219,8.36625,;inf,1223,8.41635,;inf,1227,8.46646,;inf,1233,8.51655,;inf,1234,8.56664,;inf,1237,8.61674,;inf,1238,8.66682,;inf,1242,8.71694,;inf,1246,8.76702,;inf,1248,8.8171,;inf,1250,8.8672,;inf,1257,8.91732,;inf,1259,8.96742,;inf,1261,9.01754,;inf,1262,9.06763,;inf,1264,9.11775,;inf,1267,9.16785,;inf,1268,9.21793,;inf,1270,9.26805,;inf,1274,9.31819,;inf,1277,9.36832,;inf,1280,9.41845,;inf,1284,9.46857,;inf,1286,9.51865,;inf,1291,9.56877,;inf,1296,9.61885,;inf,1298,9.66895,;inf,1302,9.71903,;inf,1303,9.76909,;inf,1306,9.81919,;inf,1309,9.86931,;inf,1310,9.91941,;inf,1312,9.96949,;inf,1314,10.0196,;
inf,247,0.0500672,;inf,293,0.100152,;inf,335,0.150268,;inf,364,0.20038,;inf,389,0.250504,;inf,421,0.300618,;inf,443,0.350694,;inf,469,0.400807,;inf,476,0.450901,;inf,500,0.501024,;inf,520,0.551113,;inf,536,0.601227,;inf,551,0.651338,;inf,560,0.701463,;inf,579,0.751586,;inf,587,0.801699,;inf,595,0.851809,;inf,619,0.90193,;inf,630,0.952044,;inf,639,1.00211,;inf,642,1.05222,;inf,657,1.1023,;inf,670,1.15242,;inf,683,1.20249,;inf,693,1.25261,;inf,700,1.3027,;inf,706,1.35281,;inf,706,1.40292,;inf,709,1.45304,;inf,725,1.50312,;inf,729,1.55323,;inf,733,1.60334,;inf,738,1.65346,;inf,745,1.70357,;inf,749,1.7537,;inf,757,1.80377,;inf,764,1.85389,;inf,769,1.904,;inf,772,1.95411,;inf,776,2.00422,;inf,779,2.0543,;inf,781,2.10442,;inf,787,2.15451,;inf,789,2.20464,;inf,795,2.25473,;inf,799,2.30484,;inf,805,2.35492,;inf,812,2.405,;inf,823,2.45508,;inf,831,2.50518,;inf,834,2.55527,;inf,839,2.60535,;inf,841,2.65543,;inf,843,2.70551,;inf,855,2.75562,;inf,869,2.80573,;inf,870,2.85581,;inf,878,2.9059,;inf,890,2.95599,;inf,894,3.00604,;inf,900,3.05612,;inf,902,3.1062,;inf,905,3.15631,;inf,906,3.20639,;inf,907,3.2565,;inf,909,3.3066,;inf,913,3.35668,;inf,916,3.40676,;inf,918,3.45688,;inf,925,3.50697,;inf,932,3.55706,;inf,937,3.60715,;inf,945,3.65724,;inf,947,3.70732,;inf,949,3.75741,;inf,950,3.8075,;inf,954,3.85762,;inf,955,3.90771,;inf,959,3.95783,;inf,962,4.00791,;inf,969,4.058,;inf,971,4.10812,;inf,974,4.1582,;inf,976,4.20828,;inf,982,4.25835,;inf,985,4.30843,;inf,986,4.35851,;inf,987,4.40859,;inf,992,4.45869,;inf,993,4.50877,;inf,1001,4.55887,;inf,1002,4.60895,;inf,1003,4.65904,;inf,1009,4.70912,;inf,1014,4.7592,;inf,1016,4.80929,;inf,1017,4.85937,;inf,1020,4.90945,;inf,1021,4.95954,;inf,1025,5.00962,;inf,1033,5.0597,;inf,1034,5.10979,;inf,1036,5.15987,;inf,1046,5.20995,;inf,1051,5.26003,;inf,1053,5.31011,;inf,1055,5.3602,;inf,1059,5.41028,;inf,1060,5.46037,;inf,1060,5.51045,;inf,1065,5.56054,;inf,1066,5.61062,;inf,1072,5.66072,;inf,1081,5.7108,;inf,1084,5.76089,;inf,1089,5.81097,;inf,1091,5.86107,;inf,1098,5.91116,;inf,1099,5.96125,;inf,1102,6.01133,;inf,1111,6.06143,;inf,1116,6.11152,;inf,1119,6.16161,;inf,1123,6.2117,;inf,1127,6.26178,;inf,1129,6.31187,;inf,1130,6.36197,;inf,1131,6.41206,;inf,1139,6.46215,;inf,1146,6.51225,;inf,1150,6.56233,;inf,1153,6.61242,;inf,1156,6.6625,;inf,1158,6.71258,;inf,1163,6.76267,;inf,1168,6.81275,;inf,1170,6.86284,;inf,1174,6.91293,;inf,1178,6.96301,;inf,1181,7.0131,;inf,1182,7.06319,;inf,1184,7.11328,;inf,1185,7.16337,;inf,1186,7.21346,;inf,1191,7.26354,;inf,1194,7.31368,;inf,1195,7.3638,;inf,1195,7.41393,;inf,1196,7.46405,;inf,1199,7.51411,;inf,1204,7.56418,;inf,1208,7.61426,;inf,1209,7.66438,;inf,1211,7.71448,;inf,1214,7.7646,;inf,1216,7.8147,;inf,1217,7.86481,;inf,1217,7.91491,;inf,1219,7.96502,;inf,1220,8.01512,;inf,1223,8.06524,;inf,1228,8.11533,;inf,1234,8.16542,;inf,1235,8.21551,;inf,1241,8.2656,;inf,1243,8.31569,;inf,1244,8.36578,;inf,1246,8.41586,;inf,1247,8.46596,;inf,1250,8.51604,;inf,1252,8.56613,;inf,1253,8.61622,;inf,1253,8.6663,;inf,1255,8.71639,;inf,1257,8.76648,;inf,1258,8.81657,;inf,1261,8.86667,;inf,1263,8.9168,;inf,1266,8.96689,;inf,1269,9.01701,;inf,1269,9.0671,;inf,1274,9.11721,;inf,1276,9.16731,;inf,1276,9.21741,;inf,1278,9.2675,;inf,1280,9.31763,;inf,1281,9.36772,;inf,1282,9.41783,;inf,1287,9.46792,;inf,1288,9.518,;inf,1290,9.56812,;inf,1292,9.6182,;inf,1294,9.66833,;inf,1297,9.71843,;inf,1299,9.76854,;inf,1303,9.81864,;inf,1304,9.86872,;inf,1306,9.91882,;inf,1308,9.96891,;inf,1312,10.019,;inf,1315,10.0691,;inf,1316,10.1191,;
inf,278,0.05006,;inf,351,0.100149,;inf,403,0.150242,;inf,438,0.200331,;inf,487,0.250423,;inf,507,0.300514,;inf,528,0.350606,;inf,546,0.400699,;inf,566,0.450793,;inf,586,0.500884,;inf,608,0.550974,;inf,622,0.601062,;inf,635,0.651152,;
inf,280,0.0500988,;inf,350,0.100178,;inf,405,0.15026,;inf,438,0.200339,;inf,469,0.250458,;inf,491,0.300548,;inf,516,0.350644,;inf,542,0.400731,;inf,565,0.45082,;inf,587,0.500909,;inf,597,0.551035,;inf,616,0.601119,;inf,639,0.651206,;inf,653,0.701288,;inf,674,0.751403,;inf,689,0.801486,;inf,705,0.851583,;inf,721,0.901681,;
inf,483,0.0500658,;inf,625,0.100174,;inf,672,0.150271,;inf,718,0.200364,;inf,755,0.250456,;inf,795,0.300551,;inf,823,0.350678,;inf,855,0.400786,;inf,879,0.450875,;inf,891,0.50096,;inf,917,0.551079,;inf,928,0.601181,;inf,951,0.651281,;inf,975,0.701396,;inf,992,0.751516,;inf,1009,0.801592,;inf,1033,0.851714,;inf,1042,0.901806,;inf,1059,0.951891,;inf,1066,1.00199,;inf,1081,1.05211,;inf,1087,1.1022,;inf,1099,1.15232,;inf,1106,1.20241,;inf,1119,1.2525,;inf,1132,1.30263,;inf,1155,1.35274,;inf,1161,1.40286,;inf,1166,1.45294,;inf,1175,1.50306,;inf,1192,1.55317,;inf,1211,1.60325,;inf,1218,1.65338,;inf,1222,1.7035,;inf,1227,1.75358,;inf,1239,1.8037,;inf,1241,1.85381,;inf,1244,1.90388,;inf,1251,1.95396,;inf,1257,2.00405,;inf,1261,2.05414,;inf,1280,2.10423,;inf,1294,2.1543,;inf,1303,2.20438,;inf,1310,2.25445,;inf,1315,2.30456,;inf,1321,2.35468,;inf,1324,2.40476,;inf,1331,2.45485,;inf,1340,2.50494,;inf,1350,2.55503,;inf,1360,2.60511,;inf,1372,2.6552,;inf,1379,2.70528,;inf,1385,2.75537,;inf,1393,2.80544,;inf,1409,2.85552,;inf,1413,2.9056,;inf,1418,2.95573,;inf,1425,3.0058,;inf,1429,3.05587,;inf,1431,3.10595,;inf,1436,3.15607,;inf,1438,3.20616,;inf,1441,3.25625,;inf,1445,3.30637,;inf,1456,3.35644,;inf,1460,3.40654,;inf,1473,3.45663,;inf,1478,3.50671,;inf,1481,3.55679,;inf,1488,3.60686,;inf,1492,3.65697,;inf,1495,3.70705,;inf,1497,3.75717,;
inf,373,0.0500958,;inf,427,0.100187,;inf,463,0.150309,;inf,498,0.200409,;inf,527,0.250523,;inf,558,0.300607,;inf,578,0.350684,;inf,597,0.40076,;inf,615,0.450871,;inf,643,0.500967,;inf,658,0.55108,;inf,672,0.601163,;inf,685,0.651253,;inf,697,0.701372,;inf,704,0.751479,;inf,715,0.80155,;inf,735,0.851657,;inf,744,0.901743,;inf,755,0.951819,;inf,776,1.00193,;inf,786,1.05204,;inf,799,1.10211,;inf,805,1.15219,;inf,818,1.20227,;inf,826,1.25239,;inf,835,1.30248,;inf,845,1.35256,;inf,849,1.40264,;inf,860,1.45273,;inf,867,1.50283,;inf,873,1.55291,;inf,878,1.60299,;inf,885,1.65308,;inf,892,1.70318,;inf,900,1.75328,;inf,901,1.80336,;inf,910,1.85345,;inf,920,1.90358,;inf,926,1.95369,;inf,932,2.00377,;inf,938,2.05385,;inf,944,2.10393,;inf,949,2.15402,;inf,958,2.20411,;inf,962,2.2542,;inf,968,2.30432,;inf,975,2.35441,;inf,979,2.40445,;inf,983,2.45454,;inf,988,2.50462,;inf,991,2.55474,;inf,995,2.60486,;inf,998,2.65498,;inf,1005,2.70507,;inf,1010,2.75518,;inf,1013,2.80526,;inf,1017,2.85536,;inf,1023,2.90548,;inf,1032,2.95557,;inf,1034,3.00567,;inf,1037,3.05574,;inf,1037,3.10586,;inf,1039,3.15595,;inf,1043,3.20607,;inf,1047,3.2562,;inf,1050,3.30629,;inf,1053,3.35638,;inf,1057,3.4065,;inf,1060,3.45658,;inf,1063,3.5067,;inf,1066,3.5568,;inf,1075,3.60688,;inf,1079,3.65696,;inf,1083,3.70709,;inf,1084,3.75718,;inf,1087,3.80727,;inf,1090,3.85735,;inf,1095,3.90744,;inf,1098,3.95752,;inf,1106,4.00765,;inf,1113,4.05777,;inf,1116,4.10785,;inf,1119,4.15796,;inf,1123,4.20808,;inf,1127,4.25815,;inf,1135,4.30823,;inf,1137,4.35831,;inf,1141,4.40839,;inf,1145,4.45847,;inf,1148,4.50855,;inf,1151,4.55863,;inf,1155,4.60871,;inf,1159,4.6588,;
inf,302,0.0500989,;inf,371,0.100233,;inf,417,0.150352,;inf,463,0.200468,;inf,503,0.250589,;inf,534,0.300713,;inf,562,0.350832,;inf,590,0.400919,;inf,603,0.451009,;inf,624,0.501089,;inf,640,0.551182,;inf,665,0.601277,;inf,673,0.65136,;inf,683,0.701438,;inf,701,0.751538,;inf,718,0.801625,;inf,722,0.851709,;inf,734,0.901789,;inf,739,0.951876,;inf,750,1.00197,;inf,766,1.05206,;inf,771,1.10215,;inf,777,1.15227,;inf,787,1.20237,;inf,793,1.25249,;inf,804,1.30261,;inf,816,1.35269,;inf,828,1.40279,;
inf,811,0.0500659,;inf,891,0.100158,;inf,949,0.150281,;inf,977,0.200385,;inf,1014,0.250509,;inf,1045,0.300591,;inf,1064,0.350718,;inf,1085,0.400868,;inf,1106,0.450998,;inf,1121,0.501119,;inf,1137,0.551239,;inf,1149,0.601403,;inf,1160,0.651487,;inf,1190,0.701577,;inf,1209,0.751638,;inf,1225,0.801766,;inf,1232,0.851856,;inf,1242,0.901971,;inf,1253,0.952052,;inf,1265,1.00213,;inf,1276,1.05222,;inf,1279,1.10231,;inf,1287,1.15238,;inf,1301,1.20246,;inf,1311,1.25255,;inf,1315,1.30263,;inf,1321,1.35275,;inf,1327,1.40287,;inf,1334,1.45295,;inf,1342,1.50307,;inf,1348,1.55315,;inf,1353,1.60324,;inf,1360,1.65332,;inf,1369,1.70344,;inf,1377,1.75355,;inf,1381,1.80362,;inf,1388,1.85376,;inf,1391,1.90383,;inf,1398,1.95394,;inf,1405,2.00405,;inf,1412,2.05416,;inf,1418,2.10425,;inf,1431,2.15431,;inf,1438,2.2044,;inf,1439,2.25453,;inf,1445,2.30462,;inf,1448,2.35469,;inf,1456,2.40482,;inf,1456,2.45493,;inf,1457,2.505,;inf,1460,2.55508,;inf,1461,2.60517,;inf,1467,2.65533,;inf,1474,2.7054,;inf,1478,2.75549,;inf,1484,2.80557,;inf,1492,2.85563,;inf,1495,2.90572,;inf,1506,2.9558,;inf,1514,3.00591,;inf,1517,3.056,;inf,1522,3.10612,;inf,1536,3.1562,;inf,1539,3.20631,;inf,1542,3.2564,;inf,1548,3.30649,;inf,1553,3.35661,;inf,1557,3.4067,;inf,1560,3.45679,;inf,1563,3.50691,;inf,1566,3.557,;inf,1569,3.60713,;inf,1572,3.65724,;inf,1572,3.70736,;inf,1572,3.75747,;inf,1572,3.8076,;inf,1572,3.85772,;inf,1575,3.9078,;inf,1581,3.95792,;inf,1587,4.00801,;inf,1591,4.05813,;inf,1594,4.10821,;inf,1598,4.15836,;inf,1600,4.20845,;inf,1603,4.25857,;inf,1606,4.30869,;inf,1611,4.35881,;inf,1616,4.4089,;inf,1620,4.45899,;inf,1623,4.50911,;inf,1626,4.55919,;inf,1626,4.60929,;inf,1632,4.6594,;inf,1639,4.70949,;inf,1642,4.75958,;inf,1645,4.80968,;inf,1650,4.85977,;inf,1652,4.90986,;inf,1657,4.95994,;inf,1661,5.0101,;inf,1664,5.06018,;inf,1667,5.11026,;inf,1671,5.16034,;inf,1674,5.21042,;inf,1680,5.2605,;inf,1684,5.31057,;inf,1692,5.36065,;inf,1696,5.41073,;inf,1701,5.4608,;inf,1702,5.51088,;inf,1703,5.56095,;inf,1706,5.61103,;inf,1707,5.6611,;inf,1707,5.71118,;inf,1709,5.76126,;inf,1712,5.81133,;inf,1715,5.86149,;inf,1719,5.91159,;inf,1722,5.96168,;inf,1725,6.01175,;inf,1728,6.06187,;inf,1731,6.11197,;inf,1736,6.16209,;inf,1739,6.2122,;inf,1741,6.26232,;inf,1742,6.31241,;inf,1747,6.36251,;inf,1749,6.41262,;inf,1753,6.46274,;inf,1756,6.51286,;inf,1756,6.56296,;inf,1757,6.61305,;inf,1760,6.66318,;inf,1761,6.71329,;inf,1763,6.76339,;inf,1764,6.81347,;inf,1767,6.86355,;inf,1768,6.91364,;inf,1770,6.96376,;inf,1770,7.01388,;inf,1771,7.06398,;inf,1773,7.11405,;inf,1776,7.16415,;inf,1778,7.21426,;inf,1780,7.26437,;inf,1782,7.31449,;inf,1785,7.3646,;inf,1788,7.41469,;inf,1791,7.46481,;inf,1797,7.51489,;inf,1799,7.56497,;inf,1800,7.61509,;inf,1803,7.6652,;inf,1805,7.7153,;inf,1806,7.76542,;inf,1810,7.81554,;inf,1811,7.86563,;inf,1814,7.91571,;inf,1815,7.96584,;inf,1817,8.01592,;inf,1822,8.06604,;inf,1823,8.11614,;inf,1824,8.16626,;inf,1829,8.21636,;inf,1831,8.26645,;inf,1832,8.31658,;inf,1833,8.3667,;inf,1834,8.41678,;inf,1836,8.46691,;
inf,281,0.0500725,;inf,331,0.100166,;inf,396,0.150284,;inf,422,0.200377,;inf,454,0.250458,;inf,480,0.300541,;inf,509,0.350666,;inf,538,0.400766,;inf,553,0.45085,;inf,568,0.500939,;inf,579,0.551065,;inf,600,0.601146,;inf,622,0.651241,;inf,643,0.70134,;inf,651,0.751421,;inf,667,0.801509,;inf,697,0.851601,;inf,717,0.901694,;inf,726,0.951789,;inf,743,1.00188,;inf,758,1.05198,;inf,770,1.10206,;inf,776,1.15216,;inf,787,1.20226,;inf,797,1.25235,;inf,810,1.30245,;inf,815,1.35254,;inf,828,1.40263,;inf,834,1.45272,;inf,849,1.50282,;inf,865,1.55291,;inf,875,1.60299,;inf,889,1.65308,;inf,900,1.70317,;inf,912,1.75327,;inf,918,1.80335,;inf,921,1.85344,;inf,926,1.90352,;inf,937,1.95361,;inf,942,2.00369,;inf,950,2.05379,;inf,954,2.10388,;inf,964,2.15398,;inf,974,2.20408,;inf,980,2.2542,;inf,987,2.30431,;inf,991,2.35443,;inf,998,2.40455,;inf,1003,2.45467,;inf,1008,2.50477,;inf,1015,2.55489,;inf,1019,2.605,;inf,1027,2.65509,;inf,1035,2.70521,;inf,1041,2.75531,;inf,1047,2.80545,;inf,1051,2.85553,;inf,1057,2.90561,;inf,1063,2.9557,;inf,1066,3.00579,;inf,1069,3.05588,;inf,1074,3.10597,;inf,1082,3.15606,;inf,1086,3.20614,;inf,1095,3.25623,;inf,1096,3.30633,;inf,1103,3.35641,;inf,1111,3.40652,;inf,1115,3.45663,;inf,1117,3.50672,;inf,1119,3.5568,;inf,1123,3.60688,;inf,1130,3.65699,;inf,1136,3.70707,;inf,1145,3.75715,;inf,1153,3.80728,;inf,1156,3.85735,;inf,1158,3.90742,;inf,1161,3.95749,;inf,1167,4.00758,;inf,1170,4.05766,;inf,1172,4.10775,;inf,1175,4.15784,;inf,1179,4.20794,;inf,1182,4.25806,;inf,1189,4.30813,;inf,1190,4.3582,;inf,1192,4.40829,;inf,1194,4.45839,;inf,1198,4.5085,;inf,1201,4.55861,;inf,1202,4.60869,;inf,1203,4.65881,;inf,1204,4.70889,;inf,1211,4.759,;inf,1216,4.80912,;inf,1218,4.85924,;inf,1221,4.90933,;inf,1225,4.95941,;inf,1226,5.00953,;inf,1227,5.0596,;inf,1229,5.10972,;inf,1235,5.15981,;inf,1237,5.20993,;inf,1238,5.26001,;inf,1242,5.31011,;inf,1246,5.3602,;inf,1247,5.41028,;inf,1249,5.46038,;inf,1252,5.5105,;inf,1259,5.56061,;inf,1263,5.61072,;inf,1265,5.66081,;inf,1267,5.71089,;inf,1274,5.761,;inf,1275,5.81111,;inf,1280,5.8612,;inf,1283,5.91128,;inf,1295,5.96139,;inf,1299,6.01147,;inf,1303,6.06159,;inf,1305,6.11166,;inf,1307,6.16175,;inf,1310,6.21185,;inf,1311,6.26196,;inf,1315,6.31205,;inf,1320,6.36218,;
inf,584,0.0500966,;inf,646,0.10018,;inf,677,0.150335,;inf,709,0.200422,;inf,736,0.250501,;inf,758,0.300573,;inf,791,0.350661,;inf,826,0.400741,;inf,838,0.450812,;inf,859,0.500884,;inf,869,0.550998,;inf,879,0.601116,;inf,891,0.651233,;inf,900,0.701345,;inf,917,0.751438,;inf,934,0.801509,;inf,943,0.851563,;inf,950,0.901649,;inf,963,0.951737,;inf,970,1.00185,;inf,979,1.05196,;inf,995,1.10208,;inf,1004,1.15217,;inf,1011,1.20225,;inf,1026,1.25241,;inf,1041,1.3025,;inf,1050,1.35262,;inf,1062,1.40272,;inf,1072,1.45281,;inf,1089,1.50289,;inf,1092,1.55298,;inf,1100,1.60305,;inf,1104,1.65314,;inf,1118,1.70324,;inf,1121,1.75331,;inf,1131,1.80343,;inf,1139,1.85351,;inf,1145,1.9036,;inf,1155,1.9537,;inf,1159,2.00379,;inf,1165,2.05388,;inf,1169,2.10397,;inf,1175,2.15409,;inf,1178,2.20417,;inf,1186,2.25425,;inf,1188,2.30433,;inf,1195,2.35444,;inf,1203,2.40451,;inf,1209,2.45463,;inf,1211,2.50474,;inf,1216,2.55486,;inf,1220,2.60498,;inf,1230,2.65506,;inf,1237,2.70518,;inf,1242,2.75525,;inf,1249,2.80536,;inf,1260,2.85546,;inf,1266,2.90557,;inf,1273,2.95566,;inf,1279,3.00577,;inf,1285,3.05586,;inf,1286,3.10595,;inf,1291,3.15606,;inf,1294,3.20614,;inf,1296,3.25622,;inf,1304,3.30631,;inf,1307,3.3564,;inf,1313,3.40648,;inf,1317,3.45656,;inf,1319,3.50664,;inf,1323,3.55673,;inf,1326,3.60687,;inf,1336,3.65696,;inf,1338,3.70704,;inf,1342,3.75712,;inf,1355,3.8072,;inf,1362,3.85727,;inf,1366,3.90734,;inf,1373,3.95741,;inf,1374,4.00748,;inf,1377,4.05755,;inf,1381,4.10763,;inf,1385,4.15775,;inf,1386,4.20787,;inf,1388,4.25794,;inf,1398,4.30805,;inf,1401,4.35814,;inf,1405,4.40827,;inf,1409,4.45835,;inf,1411,4.50847,;inf,1413,4.55855,;inf,1420,4.60867,;inf,1437,4.65875,;inf,1441,4.70883,;inf,1446,4.75889,;inf,1451,4.80898,;inf,1453,4.85907,;inf,1460,4.90915,;inf,1463,4.95923,;inf,1465,5.00932,;inf,1467,5.05943,;inf,1468,5.10952,;inf,1473,5.15962,;inf,1478,5.20974,;inf,1482,5.25982,;inf,1483,5.30993,;inf,1486,5.36002,;inf,1487,5.41012,;inf,1488,5.46021,;inf,1490,5.51029,;inf,1492,5.5604,;inf,1495,5.61052,;inf,1496,5.66063,;inf,1498,5.71074,;inf,1500,5.76086,;inf,1501,5.81098,;inf,1505,5.8611,;inf,1506,5.91122,;inf,1509,5.96133,;inf,1513,6.01144,;inf,1515,6.06153,;inf,1515,6.11163,;inf,1519,6.16171,;inf,1520,6.21182,;inf,1521,6.26194,;inf,1521,6.31202,;inf,1524,6.36213,;inf,1527,6.41223,;inf,1528,6.46234,;inf,1530,6.51246,;inf,1531,6.56256,;inf,1536,6.61267,;inf,1537,6.66277,;inf,1539,6.71288,;inf,1540,6.76296,;inf,1542,6.81303,;inf,1548,6.86312,;inf,1550,6.91323,;inf,1557,6.9633,;inf,1562,7.01341,;inf,1567,7.0635,;inf,1568,7.11362,;inf,1575,7.1637,;inf,1579,7.21379,;inf,1581,7.26391,;inf,1582,7.31402,;inf,1586,7.3641,;inf,1587,7.41422,;inf,1587,7.46429,;inf,1588,7.51438,;inf,1591,7.56447,;inf,1592,7.61456,;inf,1596,7.66465,;inf,1598,7.71472,;inf,1599,7.76487,;inf,1605,7.81493,;inf,1605,7.86504,;inf,1608,7.91511,;inf,1609,7.96519,;inf,1610,8.01529,;inf,1616,8.0654,;inf,1619,8.1155,;inf,1621,8.16561,;inf,1627,8.21571,;inf,1631,8.26582,;inf,1632,8.31592,;inf,1635,8.36603,;inf,1635,8.41612,;inf,1638,8.4662,;inf,1640,8.51628,;inf,1640,8.56635,;inf,1644,8.61643,;inf,1650,8.66651,;inf,1652,8.71659,;inf,1653,8.76667,;inf,1656,8.81674,;inf,1656,8.86682,;inf,1660,8.9169,;inf,1661,8.96698,;inf,1662,9.01706,;inf,1664,9.06714,;inf,1664,9.11723,;inf,1669,9.16731,;inf,1672,9.21739,;inf,1673,9.26747,;inf,1676,9.31754,;inf,1678,9.36762,;inf,1679,9.41774,;inf,1679,9.46782,;inf,1683,9.5179,;inf,1685,9.56798,;inf,1685,9.61809,;inf,1685,9.66818,;inf,1685,9.71827,;inf,1685,9.76834,;inf,1686,9.81845,;inf,1691,9.86853,;inf,1694,9.91861,;inf,1694,9.96869,;inf,1695,10.0188,;
inf,283,0.0500676,;inf,347,0.100157,;inf,402,0.150276,;inf,424,0.200358,;inf,451,0.250438,;inf,480,0.300515,;inf,504,0.350589,;inf,514,0.400669,;inf,524,0.450793,;inf,544,0.500896,;inf,549,0.55098,;inf,566,0.601056,;inf,585,0.651151,;inf,603,0.70124,;inf,616,0.751325,;inf,628,0.801401,;inf,645,0.851484,;inf,660,0.901577,;inf,668,0.951663,;inf,675,1.00175,;inf,689,1.05184,;inf,699,1.10193,;inf,712,1.15203,;inf,722,1.20211,;inf,729,1.25222,;inf,736,1.3023,;inf,744,1.3524,;inf,748,1.40248,;inf,760,1.45257,;inf,768,1.50266,;inf,779,1.55273,;inf,785,1.6028,;inf,790,1.65289,;inf,800,1.70297,;inf,814,1.75309,;inf,819,1.80318,;inf,826,1.85326,;inf,839,1.90335,;inf,847,1.95347,;inf,853,2.00356,;inf,854,2.05365,;inf,863,2.10378,;inf,872,2.1539,;inf,875,2.20398,;inf,878,2.25414,;inf,888,2.30422,;inf,893,2.35431,;inf,894,2.40443,;inf,897,2.45452,;inf,902,2.50459,;inf,905,2.55471,;inf,914,2.60482,;inf,919,2.6549,;inf,928,2.705,;inf,930,2.75509,;inf,933,2.80521,;inf,939,2.8553,;inf,952,2.90539,;inf,959,2.95549,;inf,963,3.00561,;inf,973,3.0557,;inf,974,3.10579,;inf,975,3.15589,;inf,979,3.20601,;inf,983,3.2561,;inf,989,3.30619,;inf,995,3.35628,;inf,999,3.40643,;inf,1002,3.45652,;inf,1012,3.50661,;inf,1014,3.55673,;
inf,354,0.0500587,;inf,409,0.100141,;inf,443,0.150237,;inf,469,0.200325,;inf,503,0.250404,;inf,532,0.300485,;inf,570,0.35057,;inf,587,0.400645,;inf,609,0.450728,;inf,615,0.500808,;inf,634,0.550885,;inf,654,0.600977,;inf,674,0.651055,;inf,693,0.70113,;inf,706,0.751204,;inf,712,0.801278,;inf,721,0.85138,;inf,734,0.901478,;inf,744,0.951564,;inf,764,1.00165,;inf,776,1.05172,;inf,786,1.1018,;inf,797,1.15193,;inf,808,1.20202,;inf,817,1.25211,;inf,830,1.3022,;inf,839,1.35229,;inf,847,1.40238,;inf,857,1.45246,;inf,870,1.50254,;inf,876,1.55262,;inf,889,1.6027,;inf,899,1.65277,;inf,906,1.70283,;inf,912,1.75293,;inf,917,1.80305,;inf,926,1.85314,;inf,934,1.90322,;inf,937,1.95331,;inf,946,2.0034,;inf,947,2.05352,;inf,955,2.10359,;inf,963,2.15371,;inf,965,2.20379,;inf,980,2.25391,;inf,983,2.304,;inf,984,2.35408,;inf,989,2.40417,;inf,994,2.45426,;inf,1004,2.50435,;inf,1012,2.55444,;inf,1023,2.60454,;inf,1028,2.65466,;inf,1033,2.70474,;inf,1044,2.75486,;inf,1053,2.80494,;inf,1053,2.85507,;inf,1053,2.90515,;inf,1056,2.95526,;inf,1058,3.00535,;inf,1060,3.05547,;inf,1071,3.10556,;inf,1080,3.15568,;inf,1081,3.20577,;inf,1087,3.25586,;inf,1089,3.30594,;inf,1091,3.35602,;inf,1093,3.4061,;inf,1096,3.45618,;inf,1099,3.50627,;inf,1101,3.55635,;inf,1105,3.60648,;inf,1110,3.6566,;inf,1115,3.7067,;inf,1119,3.75675,;inf,1126,3.80683,;inf,1130,3.85691,;inf,1134,3.907,;inf,1137,3.95709,;inf,1138,4.00724,;inf,1143,4.05732,;inf,1151,4.1074,;inf,1153,4.15752,;inf,1155,4.2076,;inf,1160,4.25768,;inf,1162,4.30777,;inf,1167,4.35786,;inf,1171,4.40797,;inf,1179,4.45806,;inf,1181,4.50819,;inf,1183,4.55828,;inf,1192,4.60837,;inf,1197,4.65847,;inf,1200,4.70855,;inf,1205,4.75865,;inf,1211,4.80871,;inf,1216,4.8588,;inf,1219,4.90888,;inf,1229,4.95895,;inf,1237,5.00903,;inf,1243,5.0591,;inf,1248,5.10918,;inf,1252,5.15927,;inf,1260,5.20939,;inf,1263,5.2595,;inf,1265,5.30961,;inf,1268,5.35974,;inf,1276,5.40983,;inf,1279,5.45994,;inf,1280,5.51006,;inf,1284,5.56014,;inf,1286,5.61027,;inf,1288,5.66039,;inf,1293,5.71051,;inf,1297,5.76059,;inf,1301,5.81071,;inf,1303,5.86078,;inf,1304,5.91089,;inf,1306,5.96099,;inf,1307,6.01107,;inf,1308,6.06117,;inf,1310,6.11125,;inf,1316,6.16138,;inf,1320,6.21149,;inf,1321,6.26158,;inf,1326,6.3117,;inf,1328,6.36182,;inf,1331,6.41194,;inf,1334,6.46207,;inf,1335,6.51219,;inf,1338,6.5623,;inf,1342,6.61243,;inf,1343,6.66254,;inf,1348,6.71265,;inf,1354,6.76283,;inf,1357,6.81291,;inf,1359,6.86299,;inf,1365,6.91306,;inf,1368,6.96313,;inf,1369,7.01321,;inf,1370,7.06329,;inf,1376,7.11339,;inf,1377,7.1635,;inf,1390,7.21362,;inf,1395,7.2637,;inf,1397,7.3138,;inf,1398,7.36393,;inf,1403,7.41403,;inf,1407,7.46413,;inf,1408,7.51422,;inf,1409,7.56432,;inf,1411,7.61442,;inf,1413,7.66451,;inf,1417,7.71459,;inf,1422,7.76463,;inf,1423,7.81471,;inf,1430,7.86478,;inf,1431,7.91486,;inf,1433,7.96496,;inf,1435,8.01505,;inf,1437,8.06513,;inf,1439,8.11521,;inf,1444,8.1653,;inf,1445,8.21539,;inf,1449,8.26546,;inf,1452,8.31555,;inf,1458,8.36563,;inf,1468,8.41576,;inf,1470,8.46583,;inf,1471,8.51596,;inf,1478,8.56604,;inf,1479,8.61611,;inf,1482,8.66619,;inf,1484,8.71623,;inf,1485,8.76636,;inf,1489,8.81646,;inf,1490,8.86659,;inf,1493,8.91667,;inf,1495,8.96678,;inf,1495,9.01686,;inf,1496,9.06698,;inf,1499,9.11708,;inf,1506,9.16719,;inf,1508,9.21727,;inf,1512,9.26739,;inf,1514,9.31747,;inf,1516,9.36755,;inf,1517,9.41767,;inf,1519,9.46778,;inf,1526,9.51789,;inf,1526,9.56801,;inf,1528,9.6181,;inf,1529,9.66822,;inf,1533,9.71831,;inf,1536,9.76843,;inf,1537,9.81854,;inf,1542,9.86859,;inf,1544,9.91868,;inf,1545,9.96876,;inf,1546,10.0188,;inf,1547,10.0689,;inf,1548,10.119,;
inf,468,0.0500942,;inf,566,0.100184,;inf,613,0.150305,;inf,647,0.200418,;inf,700,0.250497,;inf,746,0.300613,;inf,762,0.350691,;inf,788,0.400812,;inf,814,0.450906,;inf,839,0.501024,;inf,853,0.551118,;inf,864,0.6012,;inf,897,0.651284,;inf,922,0.701406,;inf,933,0.751495,;inf,941,0.801581,;inf,952,0.85171,;inf,964,0.901791,;inf,981,0.951903,;inf,988,1.00202,;inf,994,1.0521,;inf,1001,1.10222,;inf,1023,1.15234,;inf,1026,1.2024,;inf,1031,1.25251,;inf,1033,1.30259,;inf,1033,1.35271,;inf,1038,1.40283,;inf,1046,1.45295,;inf,1050,1.50304,;inf,1057,1.55316,;inf,1069,1.60327,;inf,1073,1.65339,;inf,1081,1.70351,;inf,1088,1.75362,;inf,1093,1.80374,;inf,1102,1.85385,;inf,1106,1.90395,;inf,1110,1.95406,;inf,1114,2.00417,;inf,1126,2.05426,;inf,1132,2.10441,;inf,1136,2.15449,;inf,1137,2.20456,;inf,1148,2.25464,;inf,1150,2.30472,;inf,1152,2.3548,;inf,1159,2.40488,;inf,1164,2.45496,;inf,1171,2.50504,;inf,1176,2.55513,;inf,1178,2.60524,;inf,1184,2.65535,;inf,1193,2.70547,;inf,1201,2.75551,;inf,1206,2.80564,;inf,1212,2.85576,;inf,1215,2.90585,;inf,1222,2.95598,;inf,1232,3.00606,;inf,1237,3.05616,;inf,1242,3.10624,;inf,1246,3.15633,;inf,1247,3.20641,;inf,1257,3.25652,;inf,1265,3.30659,;inf,1268,3.35666,;inf,1270,3.40675,;inf,1274,3.45686,;inf,1284,3.50694,;inf,1290,3.55703,;inf,1296,3.60712,;inf,1296,3.65723,;inf,1300,3.70732,;inf,1301,3.7574,;inf,1302,3.80748,;inf,1305,3.85756,;inf,1311,3.90765,;inf,1319,3.95774,;inf,1325,4.00783,;inf,1328,4.05795,;inf,1332,4.10806,;inf,1339,4.15814,;inf,1346,4.20821,;inf,1349,4.25833,;inf,1350,4.30841,;inf,1358,4.35848,;inf,1364,4.40856,;inf,1368,4.45861,;inf,1369,4.50872,;inf,1373,4.55881,;inf,1378,4.60889,;inf,1381,4.65897,;inf,1382,4.70906,;inf,1386,4.75915,;inf,1387,4.80924,;inf,1392,4.85936,;inf,1401,4.90945,;inf,1406,4.95956,;inf,1410,5.00968,;inf,1411,5.05976,;inf,1413,5.10984,;inf,1418,5.15995,;inf,1419,5.21003,;inf,1423,5.26014,;inf,1426,5.31026,;inf,1427,5.36035,;inf,1431,5.41043,;inf,1432,5.46052,;inf,1436,5.5106,;inf,1446,5.5607,;inf,1449,5.61079,;inf,1451,5.66088,;inf,1455,5.71097,;inf,1457,5.76105,;inf,1458,5.81113,;inf,1464,5.86123,;inf,1467,5.91135,;inf,1469,5.96143,;inf,1470,6.01152,;inf,1474,6.06164,;inf,1478,6.11172,;inf,1481,6.16181,;inf,1485,6.2119,;inf,1487,6.26198,;inf,1488,6.31206,;inf,1490,6.36214,;inf,1491,6.41223,;inf,1492,6.46231,;inf,1494,6.5124,;inf,1495,6.56248,;inf,1497,6.61258,;inf,1502,6.66267,;inf,1507,6.71279,;inf,1512,6.76288,;inf,1513,6.813,;inf,1514,6.86307,;inf,1519,6.91316,;inf,1521,6.96324,;inf,1524,7.0134,;inf,1527,7.06348,;inf,1529,7.11356,;inf,1532,7.16364,;inf,1539,7.21372,;inf,1543,7.2638,;inf,1546,7.31389,;inf,1548,7.36398,;inf,1550,7.41408,;inf,1554,7.4642,;inf,1557,7.51428,;inf,1560,7.56438,;inf,1562,7.61446,;inf,1566,7.66458,;inf,1574,7.71465,;inf,1579,7.76474,;inf,1581,7.81484,;inf,1582,7.86498,;inf,1584,7.91508,;inf,1587,7.96518,;inf,1590,8.01526,;inf,1591,8.06534,;inf,1599,8.11543,;inf,1603,8.16552,;inf,1609,8.21561,;inf,1611,8.26569,;inf,1615,8.31578,;inf,1618,8.36587,;inf,1618,8.41599,;inf,1625,8.46608,;inf,1626,8.5162,;inf,1629,8.56631,;inf,1636,8.61641,;inf,1636,8.6665,;inf,1638,8.71659,;inf,1644,8.76669,;inf,1648,8.81678,;inf,1651,8.86687,;inf,1655,8.91696,;inf,1660,8.96705,;inf,1663,9.0172,;inf,1665,9.0673,;inf,1671,9.11739,;inf,1673,9.16749,;inf,1674,9.21758,;inf,1675,9.26768,;inf,1679,9.31777,;inf,1683,9.36787,;inf,1686,9.41797,;inf,1691,9.46806,;inf,1693,9.51815,;inf,1694,9.56825,;inf,1697,9.61836,;inf,1699,9.66845,;inf,1701,9.71854,;inf,1704,9.76863,;inf,1706,9.81873,;inf,1707,9.86885,;inf,1711,9.91894,;inf,1712,9.96905,;inf,1714,10.0191,;
inf,339,0.0501,;inf,402,0.100174,;inf,428,0.15025,;inf,439,0.200325,;inf,466,0.250402,;inf,483,0.300485,;inf,498,0.350577,;inf,526,0.400667,;inf,540,0.450789,;inf,572,0.500884,;inf,585,0.550945,;inf,604,0.601032,;inf,610,0.65115,;inf,623,0.701243,;inf,633,0.751363,;inf,647,0.801444,;inf,675,0.851533,;inf,680,0.901652,;inf,690,0.951766,;inf,700,1.00185,;inf,709,1.05194,;inf,717,1.10203,;inf,725,1.15209,;inf,737,1.20221,;inf,746,1.25232,;inf,753,1.30244,;inf,755,1.35253,;
inf,439,0.0500613,;inf,469,0.100159,;inf,521,0.150276,;inf,575,0.200358,;inf,606,0.250447,;inf,622,0.300525,;inf,656,0.35061,;inf,668,0.400687,;inf,685,0.45076,;inf,695,0.500843,;inf,711,0.550967,;inf,731,0.601043,;inf,745,0.651126,;inf,751,0.701212,;inf,760,0.751296,;inf,770,0.80141,;inf,781,0.851485,;
inf,378,0.0500978,;inf,441,0.100186,;inf,488,0.150312,;inf,516,0.200407,;inf,543,0.250527,;inf,563,0.300607,;inf,586,0.350687,;inf,606,0.400771,;inf,625,0.450861,;inf,638,0.500979,;inf,655,0.551055,;inf,670,0.601154,;inf,680,0.651273,;inf,693,0.701368,;inf,706,0.751487,;inf,724,0.801601,;inf,739,0.851681,;inf,757,0.901796,;inf,764,0.951884,;inf,770,1.00198,;inf,777,1.05205,;inf,782,1.10213,;inf,788,1.15222,;inf,805,1.20232,;inf,810,1.25238,;inf,817,1.3025,;inf,825,1.35259,;inf,835,1.40266,;inf,846,1.45274,;inf,851,1.50282,;inf,860,1.55293,;inf,866,1.60301,;inf,886,1.65308,;inf,889,1.70316,;inf,898,1.75325,;inf,904,1.80333,;inf,918,1.85342,;inf,923,1.90349,;inf,934,1.95358,;inf,948,2.00366,;inf,956,2.05378,;inf,966,2.10386,;inf,975,2.15394,;inf,980,2.20403,;inf,984,2.25412,;inf,988,2.30422,;inf,992,2.35432,;inf,998,2.40441,;inf,1005,2.4545,;inf,1011,2.50459,;inf,1014,2.55468,;inf,1034,2.60477,;inf,1043,2.65486,;inf,1050,2.70494,;inf,1055,2.75502,;inf,1059,2.8051,;inf,1066,2.85518,;inf,1068,2.90527,;inf,1071,2.95534,;inf,1072,3.00543,;inf,1078,3.05551,;inf,1080,3.10558,;inf,1087,3.15568,;inf,1094,3.20577,;inf,1101,3.25585,;inf,1106,3.30592,;inf,1111,3.356,;inf,1114,3.40613,;inf,1125,3.45622,;inf,1127,3.50632,;inf,1128,3.55642,;inf,1134,3.60652,;inf,1141,3.65664,;inf,1144,3.70672,;inf,1147,3.75681,;inf,1149,3.8069,;inf,1157,3.85698,;inf,1161,3.90706,;inf,1165,3.95715,;inf,1169,4.00723,;inf,1172,4.05731,;inf,1174,4.10739,;inf,1182,4.15747,;inf,1187,4.20756,;inf,1189,4.25765,;inf,1191,4.30773,;inf,1193,4.35782,;inf,1194,4.4079,;inf,1195,4.45798,;inf,1197,4.50807,;inf,1200,4.55815,;inf,1204,4.60824,;inf,1208,4.65832,;inf,1208,4.70841,;inf,1212,4.75849,;inf,1215,4.80858,;inf,1219,4.85866,;inf,1225,4.90874,;inf,1229,4.95882,;inf,1239,5.00891,;inf,1242,5.05899,;inf,1253,5.10907,;inf,1255,5.15916,;inf,1258,5.20924,;inf,1261,5.25933,;inf,1263,5.30942,;inf,1266,5.35951,;inf,1267,5.4096,;inf,1271,5.45968,;inf,1274,5.50976,;inf,1278,5.55983,;inf,1280,5.60992,;inf,1284,5.66,;inf,1287,5.71008,;inf,1291,5.76017,;inf,1293,5.81025,;inf,1294,5.86034,;inf,1297,5.91042,;inf,1298,5.9605,;inf,1301,6.01058,;inf,1306,6.06067,;inf,1307,6.11075,;inf,1308,6.16085,;inf,1309,6.21094,;inf,1312,6.26103,;inf,1314,6.31111,;inf,1315,6.36118,;inf,1318,6.41127,;inf,1319,6.46136,;inf,1323,6.51146,;inf,1324,6.56156,;inf,1328,6.61164,;inf,1331,6.66172,;inf,1333,6.7118,;inf,1337,6.7619,;inf,1343,6.81198,;inf,1346,6.86207,;inf,1352,6.91215,;inf,1353,6.96224,;inf,1354,7.01232,;inf,1356,7.0624,;inf,1360,7.11248,;inf,1365,7.16252,;inf,1368,7.2126,;inf,1368,7.26269,;inf,1368,7.31278,;inf,1368,7.36287,;inf,1368,7.41295,;inf,1368,7.46303,;inf,1368,7.51313,;inf,1368,7.56322,;inf,1368,7.61331,;inf,1370,7.6634,;inf,1373,7.71349,;inf,1379,7.76358,;inf,1382,7.81368,;inf,1384,7.86376,;inf,1387,7.91389,;inf,1390,7.96397,;inf,1391,8.01405,;inf,1398,8.06413,;inf,1400,8.11421,;inf,1403,8.16429,;inf,1407,8.21439,;inf,1410,8.26448,;inf,1412,8.31453,;inf,1412,8.36461,;inf,1416,8.41469,;inf,1419,8.46478,;inf,1419,8.51486,;inf,1422,8.56494,;inf,1424,8.61501,;inf,1426,8.66509,;inf,1429,8.71517,;inf,1431,8.76525,;inf,1432,8.81533,;inf,1434,8.86541,;inf,1435,8.91549,;inf,1441,8.96557,;inf,1442,9.01565,;inf,1445,9.06576,;inf,1446,9.11584,;inf,1447,9.16592,;inf,1450,9.21601,;inf,1451,9.26609,;inf,1452,9.31617,;inf,1455,9.36625,;inf,1459,9.41633,;inf,1461,9.4664,;inf,1462,9.51648,;inf,1464,9.56652,;inf,1469,9.6166,;inf,1469,9.66668,;inf,1478,9.71676,;inf,1478,9.76684,;inf,1481,9.81692,;inf,1483,9.867,;inf,1484,9.91708,;inf,1489,9.96715,;inf,1490,10.0173,;
inf,387,0.0500955,;inf,465,0.100177,;inf,510,0.150295,;inf,558,0.200369,;inf,579,0.250488,;inf,605,0.300567,;inf,618,0.350657,;inf,645,0.400758,;inf,671,0.450871,;inf,707,0.500961,;inf,719,0.55106,;inf,730,0.601153,;inf,747,0.651238,;inf,758,0.701357,;inf,785,0.751468,;inf,804,0.801573,;inf,816,0.851692,;inf,831,0.901807,;inf,846,0.951889,;inf,866,1.00201,;inf,876,1.05212,;inf,894,1.1022,;inf,904,1.15232,;inf,916,1.2024,;inf,926,1.25248,;inf,932,1.30258,;inf,942,1.35268,;inf,946,1.40274,;inf,955,1.45285,;inf,966,1.50293,;inf,975,1.55302,;inf,991,1.60314,;inf,1000,1.65324,;inf,1009,1.70335,;inf,1017,1.75347,;inf,1020,1.80358,;inf,1031,1.85367,;inf,1038,1.90379,;inf,1041,1.95391,;inf,1045,2.00403,;inf,1063,2.0541,;inf,1069,2.10418,;inf,1089,2.1543,;inf,1094,2.20436,;inf,1103,2.25445,;inf,1110,2.30452,;inf,1116,2.35461,;inf,1121,2.40468,;inf,1126,2.45479,;inf,1128,2.50488,;inf,1132,2.55496,;inf,1139,2.60504,;inf,1148,2.65515,;inf,1152,2.70523,;inf,1156,2.75535,;inf,1165,2.80546,;inf,1170,2.85553,;inf,1186,2.90565,;inf,1188,2.95575,;inf,1193,3.00587,;inf,1197,3.05598,;inf,1201,3.1061,;inf,1205,3.15619,;inf,1208,3.20631,;inf,1212,3.25638,;inf,1214,3.30646,;inf,1217,3.35655,;inf,1230,3.40662,;inf,1235,3.45671,;inf,1242,3.50678,;inf,1250,3.55686,;inf,1251,3.60699,;inf,1269,3.65708,;inf,1275,3.70719,;inf,1277,3.75728,;inf,1282,3.8074,;inf,1289,3.85748,;inf,1300,3.90756,;inf,1302,3.95771,;inf,1305,4.00782,;inf,1309,4.0579,;inf,1312,4.108,;inf,1320,4.15809,;inf,1321,4.20818,;inf,1327,4.25831,;inf,1329,4.3084,;inf,1333,4.35849,;inf,1336,4.40857,;inf,1342,4.45868,;inf,1348,4.50877,;inf,1350,4.55889,;inf,1358,4.60898,;inf,1363,4.65905,;inf,1364,4.70914,;inf,1370,4.75923,;inf,1372,4.8093,;inf,1375,4.85938,;inf,1377,4.90946,;inf,1380,4.95955,;inf,1382,5.00963,;inf,1388,5.05972,;inf,1396,5.10984,;inf,1397,5.15993,;inf,1399,5.21002,;inf,1403,5.2601,;inf,1408,5.31019,;inf,1409,5.36027,;inf,1414,5.41038,;inf,1418,5.46046,;inf,1419,5.51057,;inf,1422,5.56066,;inf,1426,5.61075,;inf,1432,5.66084,;inf,1434,5.71092,;inf,1439,5.761,;inf,1442,5.8111,;inf,1444,5.86118,;inf,1447,5.91126,;inf,1450,5.96133,;inf,1453,6.01143,;inf,1461,6.06151,;inf,1461,6.11159,;inf,1464,6.16167,;inf,1470,6.21175,;inf,1470,6.26184,;inf,1474,6.31193,;inf,1475,6.36204,;inf,1477,6.41216,;inf,1479,6.46225,;inf,1482,6.51232,;inf,1488,6.56246,;inf,1491,6.61254,;inf,1491,6.66266,;inf,1496,6.71273,;inf,1497,6.76285,;inf,1505,6.81294,;inf,1508,6.86306,;inf,1511,6.91313,;inf,1515,6.96325,;inf,1518,7.01333,;inf,1519,7.06344,;inf,1522,7.11353,;inf,1523,7.16363,;inf,1527,7.21372,;inf,1531,7.26384,;inf,1534,7.31395,;inf,1535,7.36405,;inf,1537,7.41416,;inf,1538,7.46427,;inf,1540,7.51438,;inf,1543,7.56446,;inf,1544,7.61459,;inf,1547,7.66472,;inf,1552,7.7148,;inf,1553,7.76489,;inf,1555,7.81498,;inf,1559,7.86507,;inf,1560,7.91516,;inf,1562,7.96529,;inf,1566,8.01537,;inf,1570,8.06548,;inf,1572,8.11557,;inf,1574,8.16566,;inf,1574,8.21575,;inf,1575,8.26587,;inf,1579,8.31596,;inf,1580,8.36608,;inf,1585,8.41617,;inf,1589,8.46626,;inf,1592,8.51634,;inf,1596,8.56646,;inf,1599,8.61653,;inf,1605,8.66662,;inf,1606,8.71671,;inf,1607,8.76683,;inf,1608,8.81691,;inf,1609,8.86704,;inf,1614,8.91712,;inf,1615,8.96725,;inf,1619,9.01733,;inf,1624,9.06742,;inf,1625,9.11749,;inf,1631,9.16761,;inf,1633,9.21773,;inf,1636,9.26782,;inf,1639,9.31794,;inf,1643,9.36802,;inf,1648,9.41813,;inf,1657,9.46822,;inf,1660,9.51833,;inf,1661,9.5684,;inf,1670,9.61851,;inf,1671,9.66859,;inf,1673,9.7187,;inf,1676,9.76878,;inf,1680,9.8189,;inf,1681,9.86902,;inf,1683,9.91913,;inf,1683,9.96922,;inf,1687,10.0193,;
inf,380,0.0500982,;inf,440,0.100211,;inf,509,0.150321,;inf,547,0.200434,;inf,567,0.250548,;inf,588,0.300642,;inf,596,0.350767,;inf,610,0.400882,;inf,630,0.450992,;inf,650,0.501079,;inf,673,0.551159,;inf,693,0.601275,;inf,704,0.651355,;inf,723,0.701483,;inf,741,0.751554,;inf,750,0.801636,;inf,776,0.85172,;inf,788,0.90183,;inf,796,0.951911,;inf,807,1.00199,;inf,815,1.05207,;inf,823,1.10217,;inf,831,1.15226,;inf,838,1.20237,;inf,856,1.25244,;inf,872,1.30256,;inf,880,1.35264,;inf,895,1.40275,;inf,907,1.45282,;inf,916,1.5029,;inf,924,1.55298,;inf,931,1.60309,;inf,938,1.65317,;inf,947,1.70325,;inf,956,1.75335,;inf,968,1.80344,;inf,972,1.85356,;inf,979,1.90363,;inf,981,1.95375,;inf,986,2.00382,;inf,990,2.05393,;inf,996,2.10402,;inf,1004,2.15413,;inf,1008,2.20423,;inf,1014,2.25434,;inf,1027,2.30443,;inf,1035,2.35455,;inf,1039,2.40464,;inf,1044,2.45475,;inf,1046,2.50483,;inf,1051,2.55496,;inf,1054,2.60508,;inf,1061,2.65515,;inf,1068,2.70528,;inf,1081,2.75536,;inf,1091,2.80544,;inf,1104,2.85552,;inf,1109,2.9056,;inf,1111,2.95567,;inf,1119,3.00574,;inf,1126,3.05583,;inf,1130,3.10594,;inf,1136,3.15606,;inf,1138,3.20616,;inf,1146,3.25625,;inf,1157,3.30637,;inf,1160,3.35649,;inf,1162,3.40656,;inf,1168,3.45668,;inf,1171,3.50677,;inf,1175,3.55686,;inf,1182,3.60697,;inf,1186,3.65706,;inf,1189,3.70714,;inf,1191,3.75723,;inf,1194,3.80735,;inf,1197,3.85748,;inf,1208,3.90756,;inf,1210,3.95767,;inf,1220,4.00775,;inf,1222,4.05784,;inf,1229,4.10792,;inf,1235,4.15801,;inf,1239,4.2081,;inf,1242,4.25821,;inf,1246,4.30832,;inf,1248,4.35845,;inf,1252,4.40856,;inf,1257,4.45865,;inf,1264,4.50874,;inf,1270,4.55882,;inf,1275,4.60892,;inf,1278,4.659,;inf,1282,4.7091,;inf,1287,4.75918,;inf,1291,4.80926,;inf,1296,4.85935,;inf,1299,4.90945,;inf,1304,4.95953,;inf,1306,5.00961,;inf,1309,5.05969,;inf,1312,5.10979,;inf,1316,5.15987,;inf,1317,5.20999,;inf,1321,5.26007,;inf,1322,5.31018,;inf,1332,5.36028,;inf,1335,5.41036,;inf,1337,5.46044,;inf,1341,5.51053,;inf,1344,5.56061,;inf,1345,5.6107,;inf,1355,5.66078,;inf,1358,5.71087,;inf,1360,5.76095,;inf,1365,5.81102,;inf,1367,5.86113,;inf,1373,5.91121,;inf,1374,5.9613,;inf,1376,6.01137,;inf,1383,6.06146,;inf,1386,6.11154,;inf,1389,6.16163,;inf,1392,6.21171,;inf,1393,6.2618,;inf,1395,6.3119,;inf,1397,6.36202,;inf,1398,6.41211,;inf,1399,6.46222,;inf,1403,6.5123,;inf,1403,6.56239,;inf,1406,6.61249,;inf,1406,6.66261,;inf,1412,6.71268,;inf,1416,6.76278,;inf,1421,6.81287,;inf,1423,6.86295,;inf,1425,6.91307,;inf,1431,6.96315,;inf,1437,7.01324,;inf,1442,7.06337,;inf,1442,7.11349,;inf,1451,7.16354,;inf,1453,7.21363,;inf,1453,7.26371,;inf,1459,7.3138,;inf,1463,7.36388,;inf,1466,7.41397,;inf,1468,7.46405,;inf,1469,7.5142,;inf,1473,7.5643,;inf,1474,7.61442,;inf,1475,7.66454,;inf,1478,7.71466,;inf,1483,7.76475,;inf,1486,7.81487,;inf,1491,7.86499,;inf,1493,7.9151,;inf,1495,7.96522,;inf,1497,8.01533,;inf,1498,8.06545,;inf,1505,8.11553,;inf,1512,8.16562,;inf,1512,8.2157,;inf,1522,8.26582,;inf,1525,8.31591,;inf,1527,8.366,;inf,1527,8.41608,;inf,1531,8.46619,;inf,1532,8.51627,;inf,1537,8.56637,;inf,1541,8.61648,;inf,1542,8.66657,;inf,1544,8.71666,;inf,1546,8.76675,;inf,1550,8.81684,;inf,1558,8.86695,;inf,1562,8.91707,;
inf,326,0.050094,;inf,386,0.100174,;inf,413,0.150292,;inf,465,0.200372,;inf,483,0.250504,;inf,519,0.300627,;inf,549,0.350741,;inf,574,0.40086,;inf,595,0.450978,;inf,616,0.501069,;inf,646,0.551159,;inf,658,0.601239,;inf,678,0.651342,;inf,691,0.701424,;inf,699,0.751513,;inf,706,0.801596,;inf,730,0.851682,;inf,745,0.901763,;inf,754,0.951847,;inf,754,1.00196,;inf,766,1.05205,;inf,771,1.10213,;inf,778,1.15225,;inf,796,1.20235,;inf,805,1.25248,;inf,819,1.30256,;inf,825,1.35264,;inf,828,1.40273,;inf,834,1.45282,;inf,840,1.50292,;inf,847,1.55304,;inf,851,1.60318,;inf,858,1.65329,;inf,866,1.70341,;inf,876,1.75352,;inf,881,1.8036,;inf,885,1.85369,;inf,894,1.90381,;inf,903,1.95392,;inf,906,2.004,;inf,915,2.05411,;inf,920,2.1042,;inf,924,2.15429,;inf,928,2.20438,;inf,931,2.2545,;inf,935,2.30459,;inf,943,2.3547,;inf,945,2.40477,;inf,949,2.45486,;inf,954,2.50493,;inf,955,2.55502,;inf,959,2.60514,;inf,962,2.65525,;inf,965,2.70537,;inf,970,2.75548,;inf,974,2.8056,;inf,980,2.85569,;inf,989,2.90579,;inf,992,2.95589,;inf,995,3.00601,;inf,997,3.05608,;inf,1000,3.10617,;inf,1005,3.15627,;inf,1009,3.20636,;inf,1017,3.25645,;inf,1023,3.30656,;inf,1031,3.35666,;inf,1035,3.40677,;inf,1037,3.45686,;inf,1046,3.50694,;inf,1052,3.55703,;inf,1056,3.60715,;inf,1068,3.65732,;inf,1074,3.70741,;inf,1077,3.75751,;inf,1079,3.80763,;inf,1082,3.85772,;inf,1084,3.90782,;inf,1085,3.95791,;inf,1088,4.008,;inf,1095,4.05808,;inf,1099,4.10816,;inf,1100,4.15827,;inf,1106,4.20836,;inf,1108,4.25848,;inf,1110,4.3086,;inf,1111,4.35871,;inf,1112,4.40881,;inf,1119,4.4589,;inf,1123,4.50902,;inf,1125,4.55914,;inf,1128,4.60925,;inf,1131,4.65937,;inf,1135,4.70949,;inf,1138,4.75961,;inf,1141,4.80974,;inf,1143,4.85986,;inf,1148,4.90994,;inf,1149,4.96002,;inf,1154,5.01011,;inf,1160,5.06019,;inf,1161,5.11027,;inf,1165,5.16036,;inf,1168,5.21044,;inf,1170,5.26054,;inf,1175,5.31062,;inf,1180,5.36071,;inf,1182,5.41083,;inf,1183,5.46091,;inf,1190,5.51099,;inf,1192,5.56107,;inf,1197,5.61115,;inf,1198,5.66125,;inf,1204,5.71134,;inf,1211,5.76142,;inf,1217,5.81151,;inf,1220,5.86161,;inf,1221,5.91171,;inf,1224,5.96179,;inf,1225,6.01189,;inf,1227,6.06201,;inf,1229,6.11209,;inf,1231,6.16217,;inf,1236,6.21226,;inf,1239,6.26235,;inf,1245,6.31245,;inf,1250,6.36258,;inf,1253,6.41266,;inf,1254,6.46278,;inf,1257,6.5129,;inf,1259,6.56299,;inf,1262,6.61307,;inf,1264,6.66319,;inf,1265,6.71329,;inf,1267,6.76338,;inf,1270,6.81351,;inf,1275,6.86359,;inf,1276,6.91371,;inf,1278,6.9638,;inf,1281,7.01389,;inf,1282,7.06397,;inf,1288,7.11409,;inf,1290,7.16417,;inf,1291,7.2143,;inf,1293,7.2644,;inf,1295,7.31452,;inf,1296,7.36462,;inf,1301,7.41471,;inf,1310,7.46481,;inf,1311,7.51493,;inf,1315,7.56502,;inf,1316,7.6151,;inf,1318,7.66522,;inf,1321,7.71531,;inf,1325,7.7654,;inf,1326,7.81549,;inf,1327,7.86558,;inf,1330,7.91567,;inf,1333,7.96579,;inf,1334,8.01589,;inf,1337,8.06601,;inf,1342,8.1161,;inf,1343,8.16621,;inf,1348,8.21631,;inf,1351,8.26643,;inf,1352,8.31655,;inf,1359,8.36663,;inf,1360,8.41672,;inf,1362,8.4668,;inf,1366,8.51688,;inf,1367,8.56696,;inf,1370,8.61705,;inf,1372,8.66714,;inf,1377,8.71722,;inf,1379,8.76733,;inf,1380,8.81741,;inf,1384,8.86751,;inf,1384,8.91764,;
inf,288,0.0500568,;inf,362,0.100148,;inf,406,0.150222,;inf,450,0.200306,;inf,482,0.250396,;inf,493,0.300479,;inf,507,0.350597,;inf,531,0.400687,;inf,540,0.450803,;inf,540,0.500922,;inf,540,0.551014,;inf,548,0.601093,;inf,565,0.651172,;inf,567,0.701251,;inf,572,0.751327,;inf,580,0.801442,;inf,593,0.851535,;inf,601,0.901618,;inf,608,0.951724,;inf,619,1.00184,;inf,625,1.05193,;inf,632,1.10205,;inf,640,1.15216,;inf,648,1.20228,;inf,651,1.25241,;inf,653,1.30253,;inf,655,1.35269,;inf,655,1.40277,;inf,667,1.45289,;inf,675,1.50301,;inf,678,1.55312,;inf,685,1.6032,;inf,694,1.65333,;inf,699,1.70341,;inf,705,1.75349,;inf,707,1.80356,;inf,719,1.85368,;inf,723,1.90377,;inf,735,1.95389,;inf,735,2.00398,;inf,741,2.05407,;inf,747,2.10416,;inf,754,2.15425,;inf,759,2.20438,;inf,771,2.2545,;inf,781,2.30461,;inf,791,2.35471,;inf,803,2.40482,;inf,808,2.45494,;inf,812,2.50503,;inf,815,2.55515,;inf,824,2.60526,;inf,829,2.65534,;inf,832,2.70545,;inf,834,2.75554,;inf,839,2.80562,;inf,841,2.85571,;inf,847,2.90582,;inf,857,2.95592,;inf,859,3.00605,;inf,862,3.05614,;inf,865,3.10626,;inf,868,3.15638,;inf,874,3.2065,;inf,878,3.25658,;inf,881,3.3067,;inf,882,3.35682,;inf,887,3.40693,;inf,890,3.45704,;inf,891,3.50711,;inf,895,3.55723,;inf,897,3.6073,;inf,902,3.65742,;inf,903,3.70753,;inf,904,3.75764,;inf,913,3.80775,;inf,914,3.85785,;inf,915,3.90793,;inf,920,3.95805,;inf,921,4.00812,;inf,928,4.0582,;inf,932,4.10828,;inf,933,4.15837,;inf,938,4.20845,;inf,948,4.25854,;inf,953,4.30867,;inf,961,4.35878,;inf,964,4.40889,;inf,978,4.45901,;inf,982,4.50909,;inf,983,4.55919,;inf,987,4.6093,;inf,987,4.65938,;inf,991,4.70949,;inf,993,4.75958,;inf,994,4.8097,;inf,1004,4.85979,;inf,1005,4.9099,;inf,1007,4.96002,;inf,1015,5.01013,;inf,1020,5.06022,;inf,1021,5.11034,;inf,1024,5.16047,;inf,1025,5.21058,;inf,1027,5.2607,;inf,1029,5.31078,;inf,1031,5.3609,;inf,1033,5.41101,;inf,1035,5.46112,;inf,1037,5.5112,;inf,1038,5.56128,;inf,1039,5.61136,;inf,1044,5.66144,;inf,1048,5.71154,;inf,1052,5.76166,;inf,1058,5.81175,;inf,1059,5.86187,;inf,1060,5.91196,;inf,1064,5.96207,;inf,1067,6.01215,;inf,1069,6.06226,;inf,1070,6.11236,;inf,1074,6.16248,;inf,1076,6.21262,;inf,1078,6.26272,;inf,1085,6.31285,;inf,1087,6.36297,;inf,1088,6.41309,;inf,1089,6.46317,;inf,1091,6.5133,;inf,1093,6.56342,;inf,1095,6.61354,;inf,1101,6.66363,;inf,1107,6.71375,;inf,1111,6.76387,;inf,1114,6.81398,;inf,1118,6.8641,;inf,1122,6.91422,;inf,1126,6.96431,;inf,1126,7.01441,;inf,1131,7.06453,;inf,1135,7.11465,;inf,1143,7.16477,;inf,1144,7.21486,;inf,1147,7.26495,;inf,1149,7.31503,;inf,1155,7.36514,;inf,1161,7.41523,;inf,1162,7.46535,;inf,1166,7.51545,;inf,1167,7.56559,;inf,1171,7.6157,;inf,1173,7.66578,;inf,1173,7.71591,;inf,1176,7.76599,;inf,1177,7.81607,;inf,1178,7.8662,;inf,1178,7.9163,;inf,1181,7.96641,;inf,1186,8.01649,;inf,1193,8.06661,;inf,1195,8.1167,;inf,1196,8.16682,;inf,1197,8.21692,;inf,1199,8.26701,;inf,1200,8.31713,;inf,1204,8.36721,;inf,1205,8.41733,;inf,1206,8.46741,;inf,1209,8.51753,;inf,1209,8.56765,;inf,1212,8.61776,;inf,1216,8.66786,;inf,1219,8.71795,;inf,1223,8.76805,;inf,1225,8.81814,;inf,1227,8.86823,;inf,1229,8.91834,;inf,1229,8.96843,;inf,1233,9.01852,;inf,1233,9.06859,;inf,1238,9.11868,;inf,1241,9.16876,;inf,1243,9.21882,;inf,1247,9.26892,;inf,1248,9.319,;inf,1248,9.36912,;inf,1250,9.41921,;inf,1255,9.4693,;inf,1255,9.51939,;inf,1258,9.56951,;inf,1258,9.61963,;inf,1261,9.66972,;inf,1262,9.71982,;inf,1267,9.7699,;inf,1270,9.81998,;inf,1277,9.87007,;inf,1278,9.92015,;inf,1283,9.97028,;inf,1285,10.0204,;inf,1285,10.0705,;inf,1286,10.1206,;
inf,659,0.0500709,;inf,748,0.100163,;inf,809,0.150259,;inf,850,0.200344,;inf,886,0.25043,;inf,906,0.30055,;inf,934,0.350645,;inf,967,0.400759,;inf,993,0.450856,;inf,1021,0.500969,;inf,1044,0.551063,;inf,1066,0.601137,;inf,1074,0.651211,;inf,1081,0.701328,;inf,1099,0.751444,;inf,1110,0.801535,;inf,1123,0.851652,;inf,1141,0.901764,;inf,1152,0.951891,;inf,1158,1.00197,;inf,1167,1.05211,;inf,1173,1.10219,;inf,1193,1.15227,;inf,1205,1.20234,;inf,1212,1.25241,;inf,1220,1.30249,;inf,1229,1.35262,;inf,1236,1.4027,;inf,1240,1.45279,;inf,1249,1.50287,;inf,1260,1.55296,;inf,1269,1.60307,;inf,1273,1.65318,;inf,1283,1.70327,;inf,1291,1.75338,;inf,1297,1.80349,;inf,1301,1.85361,;inf,1305,1.90373,;inf,1307,1.95378,;inf,1311,2.0039,;inf,1316,2.05398,;inf,1321,2.10409,;inf,1329,2.15421,;inf,1335,2.20433,;inf,1340,2.25441,;inf,1350,2.30454,;inf,1355,2.35466,;inf,1358,2.40478,;inf,1366,2.45486,;inf,1370,2.50496,;inf,1375,2.55508,;inf,1381,2.60516,;inf,1387,2.65524,;inf,1394,2.70536,;inf,1401,2.75547,;inf,1404,2.80555,;inf,1408,2.85562,;inf,1415,2.9057,;inf,1422,2.9558,;inf,1425,3.00588,;inf,1431,3.05596,;inf,1437,3.10604,;inf,1443,3.15612,;inf,1447,3.20621,;inf,1450,3.2563,;inf,1460,3.30639,;inf,1462,3.35646,;inf,1468,3.40653,;inf,1473,3.45662,;inf,1478,3.50669,;inf,1480,3.55677,;inf,1483,3.60686,;inf,1487,3.65693,;inf,1497,3.707,;inf,1502,3.75708,;inf,1507,3.80716,;inf,1510,3.85724,;inf,1515,3.90732,;inf,1518,3.95741,;inf,1525,4.0075,;inf,1527,4.05759,;inf,1530,4.10769,;inf,1532,4.15778,;inf,1533,4.2079,;inf,1536,4.25798,;inf,1546,4.30807,;inf,1553,4.35815,;inf,1556,4.40826,;inf,1558,4.45836,;inf,1559,4.50847,;inf,1562,4.5586,;inf,1564,4.60867,;inf,1565,4.65875,;inf,1571,4.70884,;inf,1573,4.75891,;inf,1580,4.80899,;inf,1583,4.8591,;inf,1586,4.90921,;inf,1590,4.95929,;inf,1597,5.00937,;inf,1598,5.05946,;inf,1606,5.10957,;inf,1622,5.15969,;inf,1624,5.20977,;inf,1627,5.25988,;inf,1629,5.30995,;inf,1630,5.36007,;inf,1635,5.41015,;inf,1640,5.46028,;inf,1642,5.51037,;inf,1644,5.56045,;inf,1648,5.61054,;inf,1651,5.66062,;inf,1654,5.71073,;inf,1656,5.76081,;inf,1661,5.8109,;inf,1664,5.86098,;inf,1670,5.91107,;inf,1673,5.96115,;inf,1676,6.01127,;inf,1679,6.06136,;inf,1689,6.11148,;inf,1693,6.16159,;inf,1694,6.21167,;inf,1697,6.26174,;inf,1699,6.31184,;inf,1700,6.36192,;inf,1700,6.41208,;inf,1704,6.46216,;inf,1706,6.5123,;inf,1711,6.56237,;inf,1714,6.61248,;inf,1716,6.66257,;inf,1719,6.71268,;inf,1721,6.76274,;inf,1724,6.81283,;inf,1727,6.86292,;inf,1736,6.91299,;inf,1737,6.96307,;
inf,328,0.0500946,;inf,408,0.100214,;inf,465,0.150331,;inf,494,0.200417,;inf,533,0.250531,;inf,556,0.300609,;inf,566,0.350702,;inf,582,0.400804,;inf,608,0.450896,;inf,628,0.501002,;inf,637,0.551085,;inf,655,0.601174,;inf,664,0.651268,;inf,671,0.701353,;inf,685,0.751439,;inf,706,0.801534,;inf,732,0.851625,;inf,748,0.901716,;inf,768,0.951811,;inf,778,1.00189,;inf,786,1.05201,;inf,800,1.1021,;inf,813,1.15222,;inf,827,1.20234,;inf,835,1.25247,;inf,844,1.30256,;inf,858,1.35268,;inf,873,1.4028,;inf,883,1.4529,;inf,887,1.50298,;inf,892,1.55308,;inf,897,1.60319,;inf,906,1.65329,;inf,912,1.70341,;inf,918,1.75353,;inf,927,1.80366,;inf,933,1.85379,;inf,941,1.9039,;inf,966,1.95399,;inf,972,2.00407,;inf,978,2.05416,;inf,992,2.10426,;inf,997,2.15435,;inf,1004,2.20443,;inf,1008,2.25453,;inf,1018,2.30461,;inf,1025,2.3547,;inf,1037,2.4048,;inf,1041,2.45489,;inf,1046,2.50499,;inf,1049,2.55508,;inf,1052,2.60516,;inf,1058,2.65533,;inf,1060,2.70542,;inf,1064,2.75555,;inf,1067,2.80567,;inf,1073,2.85579,;inf,1077,2.90588,;inf,1081,2.956,;inf,1086,3.00612,;
inf,305,0.0500565,;inf,385,0.100132,;inf,427,0.150218,;inf,474,0.200309,;inf,501,0.250401,;inf,519,0.300491,;inf,536,0.350647,;inf,550,0.40076,;inf,573,0.45085,;inf,594,0.500966,;inf,620,0.551088,;inf,626,0.601206,;inf,640,0.651323,;inf,655,0.701447,;inf,663,0.751531,;inf,685,0.801618,;inf,696,0.85174,;inf,704,0.90182,;inf,710,0.951918,;inf,722,1.002,;inf,730,1.05213,;inf,744,1.10221,;inf,753,1.1523,;inf,766,1.20242,;inf,777,1.25251,;inf,785,1.3026,;inf,796,1.35268,;inf,809,1.4028,;inf,822,1.45284,;inf,833,1.50292,;inf,849,1.553,;inf,855,1.6031,;inf,863,1.65318,;inf,867,1.70327,;inf,870,1.75334,;inf,876,1.80342,;inf,879,1.85346,;inf,885,1.90355,;inf,890,1.95364,;inf,895,2.00374,;inf,901,2.05384,;inf,910,2.10396,;inf,912,2.15404,;inf,919,2.20413,;inf,923,2.25424,;inf,927,2.30435,;inf,935,2.35443,;inf,944,2.40453,;inf,950,2.45461,;inf,962,2.50475,;inf,967,2.55487,;inf,969,2.605,;inf,973,2.65512,;inf,984,2.70523,;inf,986,2.75536,;inf,992,2.80544,;inf,1002,2.85556,;inf,1005,2.90563,;inf,1014,2.95571,;inf,1017,3.0058,;inf,1022,3.05592,;inf,1029,3.10601,;inf,1038,3.15614,;inf,1043,3.20622,;inf,1047,3.25634,;inf,1056,3.30646,;inf,1064,3.35658,;inf,1066,3.4067,;inf,1069,3.45681,;inf,1072,3.50689,;inf,1075,3.557,;inf,1079,3.60712,;inf,1087,3.6572,;inf,1093,3.7073,;inf,1096,3.75741,;inf,1099,3.80749,;inf,1102,3.85753,;inf,1108,3.90761,;inf,1111,3.95774,;inf,1114,4.00785,;inf,1118,4.05793,;inf,1124,4.10802,;inf,1126,4.15816,;inf,1127,4.20828,;inf,1131,4.2584,;inf,1133,4.30852,;inf,1139,4.35865,;inf,1140,4.40878,;inf,1142,4.45887,;inf,1148,4.50897,;inf,1154,4.55909,;inf,1158,4.60921,;inf,1164,4.6593,;inf,1166,4.70943,;inf,1171,4.75956,;inf,1175,4.80963,;inf,1177,4.85972,;inf,1181,4.90981,;inf,1187,4.95989,;inf,1189,5.01,;inf,1189,5.06008,;inf,1191,5.11016,;inf,1194,5.16024,;inf,1196,5.21032,;inf,1198,5.26045,;inf,1201,5.31054,;inf,1206,5.36063,;inf,1210,5.41072,;inf,1213,5.46081,;inf,1215,5.5109,;inf,1218,5.56102,;inf,1220,5.61114,;inf,1222,5.66123,;inf,1226,5.71135,;inf,1229,5.76142,;inf,1233,5.81154,;inf,1237,5.86161,;
inf,395,0.0501154,;inf,468,0.100219,;inf,503,0.150316,;inf,525,0.200437,;inf,550,0.250558,;inf,579,0.30062,;inf,603,0.350711,;inf,623,0.400791,;inf,641,0.450903,;inf,657,0.500988,;inf,671,0.551101,;inf,690,0.601179,;inf,701,0.651293,;inf,724,0.701422,;inf,739,0.75154,;inf,747,0.801629,;inf,759,0.851712,;inf,768,0.901829,;inf,777,0.95195,;inf,782,1.00208,;inf,788,1.05216,;inf,802,1.10229,;inf,813,1.1524,;inf,821,1.20248,;inf,833,1.2526,;inf,838,1.30273,;inf,844,1.35281,;inf,850,1.40297,;inf,860,1.45309,;inf,862,1.50321,;inf,866,1.55329,;inf,872,1.60338,;inf,877,1.65346,;inf,885,1.70356,;inf,892,1.75368,;inf,896,1.80376,;inf,898,1.85385,;inf,906,1.90397,;inf,908,1.95409,;inf,915,2.00417,;inf,920,2.05429,;inf,925,2.10437,;inf,934,2.15449,;inf,943,2.20463,;inf,948,2.25473,;inf,950,2.30481,;inf,955,2.35489,;inf,958,2.40499,;inf,965,2.4551,;inf,966,2.5052,;inf,973,2.55532,;inf,976,2.6054,;inf,984,2.65552,;inf,990,2.70561,;inf,994,2.75573,;inf,997,2.80581,;inf,998,2.85593,;inf,1002,2.90602,;inf,1009,2.95611,;inf,1016,3.0062,;inf,1028,3.05629,;inf,1030,3.10641,;inf,1041,3.15649,;inf,1045,3.20661,;inf,1058,3.25669,;inf,1061,3.30677,;inf,1066,3.35685,;inf,1071,3.40697,;inf,1073,3.45709,;inf,1075,3.50717,;inf,1080,3.55729,;inf,1087,3.60737,;inf,1092,3.65747,;inf,1096,3.70759,;inf,1102,3.75772,;inf,1102,3.80784,;inf,1108,3.85792,;inf,1109,3.90804,;inf,1111,3.95819,;inf,1116,4.00832,;inf,1118,4.05842,;inf,1123,4.10851,;inf,1123,4.1586,;inf,1127,4.20866,;inf,1132,4.25875,;inf,1135,4.30884,;inf,1140,4.35897,;inf,1143,4.40909,;inf,1150,4.45917,;inf,1156,4.50927,;inf,1158,4.55939,;inf,1160,4.60948,;inf,1161,4.6596,;inf,1163,4.70969,;inf,1167,4.75981,;inf,1170,4.80991,;inf,1173,4.86002,;inf,1175,4.91011,;inf,1179,4.96019,;inf,1183,5.01031,;inf,1186,5.06044,;inf,1190,5.11053,;inf,1192,5.16068,;inf,1198,5.21076,;inf,1199,5.26084,;inf,1199,5.31093,;inf,1206,5.36103,;inf,1209,5.41113,;inf,1210,5.46121,;inf,1214,5.51127,;inf,1217,5.56137,;inf,1220,5.61149,;inf,1224,5.66161,;inf,1225,5.71173,;inf,1226,5.76185,;inf,1228,5.81195,;inf,1231,5.86204,;inf,1233,5.91214,;inf,1236,5.96222,;inf,1241,6.01231,;inf,1243,6.06241,;inf,1247,6.1125,;inf,1251,6.16259,;inf,1255,6.21268,;inf,1260,6.26279,;inf,1261,6.31288,;inf,1263,6.363,;inf,1264,6.4131,;inf,1266,6.46323,;inf,1269,6.51332,;inf,1271,6.56344,;inf,1275,6.61354,;inf,1281,6.66367,;inf,1286,6.71377,;inf,1289,6.76389,;inf,1291,6.81401,;inf,1296,6.86409,;inf,1300,6.91417,;inf,1303,6.96425,;inf,1306,7.01433,;inf,1308,7.06441,;inf,1315,7.11449,;inf,1318,7.16457,;inf,1323,7.21465,;inf,1324,7.26477,;inf,1326,7.31485,;inf,1330,7.36494,;inf,1332,7.41503,;inf,1333,7.46513,;inf,1335,7.51522,;inf,1339,7.56531,;inf,1340,7.61539,;inf,1343,7.66547,;inf,1344,7.71556,;inf,1344,7.76569,;inf,1347,7.8158,;inf,1349,7.86588,;inf,1351,7.91598,;inf,1353,7.96606,;inf,1355,8.01615,;inf,1360,8.06624,;inf,1362,8.11633,;inf,1365,8.16641,;inf,1370,8.2165,;inf,1373,8.26659,;inf,1377,8.31663,;inf,1379,8.36672,;inf,1382,8.41679,;inf,1382,8.46687,;inf,1383,8.51696,;inf,1385,8.56705,;inf,1389,8.61713,;inf,1391,8.66722,;inf,1393,8.7173,;inf,1395,8.76738,;inf,1397,8.81747,;inf,1399,8.86756,;inf,1400,8.91765,;inf,1402,8.96774,;inf,1405,9.01781,;inf,1408,9.06789,;inf,1410,9.11797,;inf,1412,9.16805,;inf,1414,9.21814,;inf,1418,9.26823,;inf,1418,9.31833,;inf,1420,9.36842,;inf,1425,9.41851,;inf,1427,9.4686,;inf,1430,9.5187,;inf,1432,9.56878,;inf,1436,9.61887,;inf,1437,9.66896,;inf,1440,9.71905,;inf,1442,9.76914,;inf,1446,9.81923,;inf,1450,9.86938,;inf,1450,9.91946,;inf,1451,9.96954,;inf,1455,10.0196,;inf,1462,10.0697,;
inf,547,0.0500961,;inf,605,0.100215,;inf,649,0.15033,;inf,678,0.200411,;inf,708,0.250496,;inf,734,0.300611,;inf,773,0.350723,;inf,794,0.400812,;inf,817,0.450912,;inf,827,0.501048,;inf,845,0.551127,;inf,866,0.601242,;inf,898,0.651329,;inf,918,0.701423,;inf,929,0.751511,;inf,942,0.801632,;inf,953,0.851721,;inf,967,0.901841,;inf,979,0.951918,;inf,993,1.00204,;inf,1006,1.05213,;inf,1020,1.10222,;inf,1023,1.15231,;inf,1031,1.20243,;inf,1037,1.25254,;inf,1047,1.30265,;inf,1057,1.35278,;inf,1064,1.40289,;inf,1072,1.45297,;inf,1078,1.50305,;inf,1085,1.55313,;inf,1089,1.60321,;inf,1095,1.65333,;inf,1100,1.7034,;inf,1103,1.75353,;inf,1108,1.80362,;inf,1112,1.85374,;inf,1116,1.90382,;inf,1121,1.95394,;inf,1127,2.00403,;inf,1130,2.05413,;inf,1139,2.10423,;inf,1145,2.15435,;inf,1148,2.20444,;inf,1152,2.25454,;inf,1159,2.30466,;inf,1164,2.35477,;inf,1168,2.40489,;inf,1176,2.45495,;inf,1179,2.50503,;inf,1180,2.55512,;inf,1188,2.60524,;inf,1191,2.65533,;inf,1196,2.70542,;inf,1201,2.7555,;inf,1202,2.80558,;inf,1209,2.85567,;inf,1215,2.90575,;inf,1220,2.95585,;inf,1225,3.00594,;inf,1230,3.05603,;inf,1238,3.10612,;inf,1243,3.15623,;inf,1245,3.20632,;inf,1248,3.25644,;inf,1252,3.30653,;inf,1254,3.35665,;inf,1261,3.40677,;inf,1267,3.45688,;
inf,279,0.0500669,;inf,343,0.100154,;inf,390,0.150232,;inf,430,0.200304,;inf,453,0.250374,;inf,479,0.300456,;inf,510,0.350542,;inf,538,0.400677,;inf,554,0.450751,;inf,577,0.50083,;inf,595,0.550912,;inf,619,0.600989,;inf,631,0.651071,;inf,644,0.701152,;inf,653,0.751241,;inf,669,0.801334,;inf,676,0.851458,;inf,687,0.901547,;inf,697,0.951664,;inf,708,1.00175,;inf,719,1.05187,;inf,729,1.10195,;inf,744,1.15208,;inf,751,1.20219,;inf,759,1.2523,;inf,765,1.30242,;inf,771,1.35253,;inf,783,1.40263,;inf,786,1.45274,;inf,790,1.50286,;inf,799,1.55291,;inf,804,1.60301,;inf,804,1.65309,;inf,807,1.70318,;inf,811,1.75328,;inf,816,1.80339,;inf,822,1.85349,;inf,824,1.90361,;inf,829,1.95371,;inf,833,2.0038,;inf,837,2.05392,;inf,840,2.10401,;inf,846,2.15412,;inf,851,2.20423,;inf,857,2.25436,;inf,863,2.30448,;inf,872,2.3546,;inf,877,2.40473,;inf,882,2.45484,;inf,886,2.50497,;inf,889,2.55508,;inf,893,2.60517,;inf,897,2.65529,;inf,900,2.70538,;inf,907,2.75551,;inf,910,2.8056,;inf,914,2.85572,;inf,918,2.90581,;inf,923,2.95593,;inf,927,3.00602,;inf,932,3.05614,;inf,935,3.10624,;inf,939,3.15634,;inf,944,3.20646,;inf,949,3.25658,;inf,952,3.3067,;inf,955,3.35682,;inf,963,3.40694,;inf,967,3.45702,;inf,972,3.50714,;inf,973,3.55723,;inf,977,3.60734,;inf,978,3.65743,;
inf,382,0.0500959,;inf,449,0.100184,;inf,477,0.150298,;inf,512,0.20041,;inf,539,0.25052,;inf,567,0.300602,;inf,591,0.350718,;inf,612,0.400803,;inf,628,0.450915,;inf,646,0.500996,;inf,671,0.551112,;inf,687,0.601222,;inf,703,0.651341,;inf,709,0.701455,;inf,718,0.75153,;inf,727,0.801605,;inf,738,0.851687,;inf,753,0.901798,;inf,762,0.95188,;inf,764,1.002,;inf,774,1.05209,;inf,782,1.1022,;inf,788,1.15228,;inf,795,1.20239,;inf,806,1.25246,;inf,819,1.30258,;inf,827,1.35269,;inf,832,1.4028,;inf,839,1.45291,;inf,846,1.50302,;inf,852,1.55309,;inf,859,1.60318,;inf,868,1.65327,;inf,877,1.70337,;inf,884,1.75344,;inf,892,1.80351,;inf,897,1.85361,;inf,903,1.90369,;inf,907,1.95377,;inf,914,2.00385,;inf,920,2.05393,;inf,927,2.104,;inf,933,2.15411,;inf,941,2.20419,;inf,944,2.25428,;inf,952,2.30437,;inf,955,2.35445,;inf,961,2.40453,;inf,965,2.45464,;inf,970,2.50472,;inf,977,2.5548,;inf,985,2.60489,;inf,991,2.65497,;inf,994,2.70505,;inf,994,2.75514,;inf,994,2.80523,;inf,998,2.85531,;inf,1004,2.90539,;inf,1007,2.95549,;inf,1011,3.00557,;inf,1013,3.05566,;inf,1016,3.10574,;inf,1020,3.15582,;inf,1030,3.20591,;inf,1034,3.25598,;inf,1036,3.30607,;inf,1037,3.35615,;inf,1044,3.40623,;inf,1044,3.4563,;inf,1046,3.50639,;inf,1054,3.55647,;inf,1062,3.60656,;inf,1067,3.65664,;inf,1069,3.70672,;inf,1072,3.7568,;inf,1075,3.80688,;inf,1079,3.85695,;inf,1084,3.90707,;inf,1090,3.95714,;inf,1095,4.00722,;inf,1097,4.05731,;inf,1100,4.10735,;inf,1102,4.15743,;inf,1105,4.20751,;inf,1107,4.25759,;inf,1108,4.30767,;inf,1111,4.35776,;inf,1113,4.40784,;inf,1115,4.45792,;inf,1118,4.50799,;inf,1120,4.55807,;inf,1120,4.60815,;inf,1121,4.65823,;inf,1124,4.70831,;inf,1129,4.75839,;inf,1131,4.80848,;inf,1132,4.85856,;inf,1132,4.90866,;inf,1137,4.95873,;inf,1139,5.00884,;inf,1142,5.05895,;inf,1144,5.10907,;inf,1147,5.15915,;inf,1149,5.20924,;inf,1150,5.25934,;inf,1153,5.30943,;inf,1155,5.35951,;inf,1157,5.40958,;inf,1158,5.45966,;inf,1162,5.50975,;inf,1166,5.55984,;inf,1167,5.60993,;inf,1170,5.66002,;inf,1173,5.71014,;inf,1175,5.76025,;inf,1178,5.81038,;inf,1184,5.86046,;inf,1185,5.91055,;inf,1189,5.96064,;inf,1190,6.01073,;inf,1192,6.06082,;inf,1193,6.11091,;inf,1193,6.16098,;inf,1193,6.2111,;inf,1194,6.26121,;
inf,312,0.050098,;inf,360,0.100178,;inf,422,0.150266,;inf,470,0.200356,;inf,492,0.250485,;inf,517,0.300565,;inf,553,0.350646,;inf,589,0.400729,;inf,607,0.450843,;inf,622,0.500925,;inf,645,0.551042,;inf,652,0.601163,;inf,663,0.651275,;inf,668,0.701364,;inf,687,0.751477,;inf,699,0.80159,;inf,719,0.851711,;inf,732,0.9018,;inf,740,0.951919,;inf,758,1.00206,;inf,769,1.05217,;inf,781,1.10229,;inf,786,1.1524,;inf,795,1.20251,;inf,805,1.25263,;inf,814,1.30274,;inf,822,1.35282,;inf,826,1.40293,;inf,829,1.45304,;inf,834,1.50315,;inf,845,1.55327,;inf,851,1.60338,;inf,862,1.65348,;inf,873,1.70355,;inf,881,1.75364,;inf,884,1.80376,;inf,890,1.85387,;inf,896,1.90399,;inf,902,1.95408,;inf,906,2.00419,;inf,910,2.05428,;inf,912,2.1044,;inf,914,2.15452,;inf,918,2.20463,;inf,924,2.2547,;inf,926,2.30483,;inf,934,2.3549,;inf,937,2.40498,;inf,941,2.4551,;inf,944,2.50521,;inf,948,2.55532,;inf,951,2.60542,;inf,956,2.65553,;inf,959,2.70565,;
inf,860,0.0500575,;inf,934,0.100175,;inf,981,0.150257,;inf,1035,0.200387,;inf,1068,0.2505,;inf,1089,0.300616,;inf,1110,0.350737,;inf,1150,0.400849,;inf,1164,0.45096,;inf,1189,0.501085,;inf,1194,0.551197,;inf,1220,0.601311,;inf,1231,0.651432,;inf,1246,0.701538,;inf,1260,0.751658,;inf,1284,0.801776,;inf,1305,0.851897,;inf,1331,0.901976,;inf,1346,0.952054,;inf,1359,1.00218,;inf,1364,1.05228,;inf,1376,1.1024,;inf,1382,1.15249,;inf,1389,1.20257,;inf,1400,1.25267,;inf,1412,1.30276,;inf,1426,1.35287,;inf,1431,1.40299,;inf,1443,1.45308,;inf,1450,1.50316,;inf,1460,1.55326,;inf,1465,1.60334,;inf,1472,1.65346,;inf,1481,1.70353,;inf,1489,1.75364,;inf,1499,1.80375,;inf,1505,1.85383,;inf,1514,1.90392,;inf,1523,1.95403,;inf,1527,2.00411,;inf,1533,2.0542,;inf,1547,2.10429,;inf,1556,2.15437,;inf,1569,2.20445,;inf,1572,2.25453,;inf,1574,2.30462,;inf,1577,2.35473,;inf,1583,2.40482,;inf,1588,2.45489,;inf,1589,2.50498,;inf,1591,2.5551,;inf,1598,2.60518,;inf,1603,2.65527,;inf,1608,2.70538,;inf,1609,2.7555,;inf,1620,2.80561,;inf,1623,2.8557,;inf,1625,2.90581,;inf,1630,2.95589,;inf,1640,3.00602,;inf,1643,3.0561,;inf,1646,3.10619,;inf,1647,3.15629,;inf,1649,3.20638,;inf,1655,3.25646,;inf,1656,3.30657,;inf,1661,3.35668,;inf,1669,3.40679,;inf,1673,3.4569,;inf,1674,3.50702,;inf,1679,3.55711,;inf,1684,3.60719,;inf,1686,3.65727,;inf,1689,3.70738,;inf,1692,3.75745,;inf,1699,3.80753,;inf,1704,3.85764,;inf,1708,3.90774,;inf,1709,3.95782,;inf,1716,4.00792,;inf,1719,4.05803,;inf,1728,4.10811,;inf,1733,4.15822,;inf,1738,4.20831,;inf,1745,4.25844,;inf,1747,4.30853,;inf,1747,4.35861,;inf,1759,4.4087,;inf,1760,4.45879,;inf,1764,4.50888,;inf,1764,4.559,;inf,1775,4.60912,;inf,1776,4.65925,;inf,1776,4.70939,;inf,1778,4.75951,;inf,1782,4.80959,;inf,1787,4.85969,;inf,1790,4.9098,;inf,1790,4.95987,;inf,1792,5.00996,;inf,1795,5.06004,;inf,1800,5.11012,;inf,1818,5.1602,;inf,1823,5.21029,;inf,1824,5.26037,;inf,1831,5.31048,;inf,1831,5.3606,;inf,1835,5.41072,;inf,1838,5.46084,;inf,1842,5.51095,;inf,1843,5.56103,;inf,1843,5.61111,;inf,1845,5.66123,;inf,1845,5.71134,;inf,1849,5.76147,;inf,1850,5.81155,;inf,1853,5.86165,;inf,1855,5.91177,;inf,1857,5.96189,;inf,1861,6.01201,;inf,1866,6.06214,;inf,1867,6.11226,;inf,1870,6.16234,;inf,1872,6.21244,;inf,1875,6.26253,;inf,1883,6.31262,;inf,1885,6.36274,;inf,1885,6.41284,;inf,1888,6.46296,;inf,1892,6.51305,;inf,1893,6.56317,;inf,1894,6.61326,;inf,1894,6.66338,;inf,1899,6.7135,;inf,1906,6.76362,;inf,1907,6.81373,;inf,1907,6.86385,;inf,1910,6.91396,;inf,1917,6.96404,;inf,1924,7.01416,;inf,1934,7.06425,;inf,1934,7.11434,;inf,1935,7.16443,;inf,1937,7.21451,;inf,1937,7.26461,;inf,1943,7.31473,;inf,1943,7.36482,;inf,1947,7.4149,;inf,1949,7.46501,;inf,1949,7.51512,;inf,1951,7.56523,;inf,1952,7.61535,;inf,1955,7.66542,;inf,1956,7.71551,;inf,1956,7.76561,;inf,1959,7.8157,;inf,1959,7.86582,;inf,1966,7.91592,;inf,1968,7.96603,;inf,1969,8.01616,;inf,1974,8.06628,;inf,1974,8.11636,;inf,1975,8.16648,;inf,1978,8.21658,;inf,1982,8.2667,;inf,1983,8.31679,;inf,1985,8.36692,;inf,1989,8.41704,;inf,1989,8.46715,;inf,1993,8.51727,;inf,1995,8.56738,;inf,1996,8.6175,;inf,1999,8.66759,;inf,2001,8.71771,;inf,2002,8.76784,;inf,2007,8.81795,;inf,2008,8.86807,;inf,2012,8.91819,;inf,2014,8.96827,;inf,2014,9.01839,;inf,2017,9.06848,;inf,2017,9.11863,;inf,2020,9.16872,;inf,2024,9.21883,;inf,2029,9.26895,;inf,2029,9.31904,;inf,2034,9.36913,;inf,2038,9.41922,;inf,2038,9.46934,;inf,2039,9.51946,;inf,2040,9.56954,;inf,2044,9.61962,;inf,2045,9.6697,;inf,2045,9.71977,;inf,2046,9.76985,;inf,2052,9.81993,;inf,2052,9.87001,;inf,2058,9.92009,;inf,2061,9.97017,;inf,2062,10.0203,;inf,2063,10.0704,;inf,2068,10.1205,;
inf,342,0.0500969,;inf,407,0.100175,;inf,441,0.150268,;inf,482,0.200387,;inf,506,0.250477,;inf,534,0.300574,;inf,550,0.350692,;inf,571,0.400806,;inf,582,0.450921,;inf,603,0.501043,;inf,616,0.551128,;inf,633,0.601257,;inf,645,0.651349,;inf,655,0.701431,;inf,667,0.751516,;inf,685,0.801595,;inf,695,0.851696,;inf,712,0.901776,;inf,728,0.951863,;inf,735,1.00195,;inf,752,1.05204,;inf,765,1.10212,;inf,780,1.15221,;inf,801,1.2023,;inf,809,1.25237,;inf,819,1.30246,;inf,829,1.35255,;inf,845,1.40263,;inf,857,1.45272,;inf,862,1.50286,;inf,875,1.55297,;inf,884,1.60309,;inf,887,1.65319,;inf,891,1.70331,;inf,898,1.7534,;inf,901,1.80348,;inf,906,1.85355,;inf,914,1.90363,;inf,922,1.95374,;inf,926,2.00382,;inf,945,2.05392,;inf,951,2.10401,;inf,963,2.15409,;inf,968,2.20419,;inf,972,2.2543,;inf,978,2.30441,;inf,987,2.35448,;inf,991,2.40456,;inf,1003,2.45465,;inf,1012,2.50476,;inf,1017,2.55484,;inf,1019,2.60493,;inf,1026,2.65506,;inf,1031,2.70513,;inf,1037,2.75522,;inf,1041,2.80534,;inf,1050,2.85541,;inf,1058,2.90548,;inf,1067,2.95556,;inf,1075,3.00565,;inf,1086,3.05574,;inf,1089,3.10585,;inf,1094,3.15593,;inf,1100,3.20602,;inf,1109,3.25613,;inf,1115,3.30624,;inf,1119,3.35635,;inf,1123,3.40647,;inf,1127,3.45654,;inf,1128,3.50662,;inf,1133,3.55673,;inf,1137,3.60684,;inf,1140,3.65693,;inf,1150,3.70701,;inf,1154,3.75713,;inf,1159,3.8072,;inf,1165,3.85728,;inf,1167,3.90732,;inf,1180,3.9574,;inf,1186,4.00748,;inf,1188,4.05764,;inf,1191,4.10773,;inf,1195,4.15782,;inf,1199,4.20791,;inf,1204,4.258,;inf,1207,4.30809,;inf,1209,4.35821,;inf,1211,4.4083,;inf,1214,4.45841,;inf,1223,4.5085,;inf,1227,4.55861,;inf,1228,4.6087,;inf,1234,4.65878,;inf,1236,4.70889,;inf,1238,4.75899,;inf,1242,4.80911,;inf,1245,4.85922,;inf,1250,4.90933,;inf,1254,4.95941,;inf,1261,5.0095,;inf,1266,5.05958,;inf,1270,5.10966,;inf,1277,5.15977,;inf,1281,5.20988,;inf,1283,5.25998,;inf,1288,5.31009,;inf,1293,5.36018,;inf,1297,5.4103,;inf,1301,5.46039,;inf,1308,5.5105,;inf,1309,5.56058,;inf,1313,5.61069,;inf,1317,5.6608,;inf,1322,5.71089,;inf,1326,5.76101,;inf,1327,5.8111,;inf,1329,5.86121,;inf,1330,5.9113,;inf,1334,5.96143,;inf,1341,6.0115,;inf,1348,6.06159,;inf,1349,6.11169,;inf,1352,6.16178,;inf,1353,6.21187,;inf,1355,6.26198,;inf,1358,6.31207,;inf,1360,6.36219,;inf,1364,6.4123,;inf,1365,6.46241,;inf,1371,6.51251,;inf,1382,6.56262,;inf,1383,6.61274,;inf,1387,6.66285,;inf,1390,6.71297,;inf,1393,6.76308,;inf,1394,6.81318,;inf,1397,6.86329,;inf,1398,6.91338,;inf,1400,6.96346,;inf,1402,7.01358,;inf,1403,7.06367,;inf,1405,7.11374,;inf,1408,7.16382,;inf,1410,7.21389,;inf,1412,7.26398,;inf,1414,7.31413,;inf,1417,7.36425,;inf,1422,7.41433,;inf,1427,7.46444,;inf,1429,7.51455,;inf,1434,7.56467,;inf,1438,7.61478,;inf,1439,7.66489,;inf,1444,7.71501,;inf,1445,7.76514,;inf,1447,7.81525,;inf,1451,7.86537,;inf,1452,7.91544,;inf,1453,7.96553,;inf,1460,8.01562,;inf,1465,8.06574,;inf,1471,8.11582,;inf,1473,8.16592,;inf,1479,8.21601,;inf,1480,8.26609,;inf,1483,8.31619,;inf,1487,8.3663,;inf,1491,8.41639,;inf,1492,8.46648,;inf,1493,8.51659,;inf,1496,8.5667,;inf,1499,8.61678,;inf,1502,8.66686,;inf,1503,8.71698,;inf,1506,8.76707,;inf,1509,8.81716,;inf,1511,8.86725,;inf,1512,8.91734,;inf,1513,8.96742,;inf,1515,9.01752,;inf,1517,9.0676,;inf,1518,9.11769,;inf,1521,9.16778,;inf,1522,9.21786,;inf,1526,9.26796,;inf,1530,9.31807,;inf,1531,9.36819,;inf,1535,9.4183,;inf,1542,9.46839,;inf,1544,9.51847,;inf,1545,9.56859,;inf,1548,9.6187,;inf,1550,9.66881,;inf,1556,9.7189,;inf,1559,9.76902,;inf,1561,9.81913,;inf,1565,9.86925,;inf,1568,9.9194,;inf,1569,9.96952,;inf,1578,10.0196,;
inf,318,0.0500594,;inf,377,0.100151,;inf,410,0.150278,;inf,432,0.200364,;inf,461,0.250503,;inf,479,0.300579,;inf,499,0.350632,;inf,520,0.400713,;inf,539,0.450803,;inf,557,0.500894,;inf,577,0.550988,;inf,591,0.601079,;inf,612,0.651183,;inf,630,0.70127,;inf,646,0.751368,;inf,662,0.801506,;inf,675,0.851616,;inf,686,0.901699,;inf,694,0.951788,;inf,698,1.00186,;inf,705,1.05195,;inf,718,1.10207,;inf,729,1.15216,;inf,737,1.20225,;inf,747,1.25234,;inf,761,1.30241,;inf,769,1.35249,;inf,774,1.40258,;inf,791,1.45266,;inf,797,1.50273,;inf,804,1.55281,;inf,813,1.6029,;inf,827,1.65298,;inf,832,1.70309,;inf,841,1.75318,;inf,848,1.80327,;inf,857,1.85336,;inf,865,1.90346,;inf,871,1.95356,;inf,875,2.00364,;inf,890,2.05373,;inf,901,2.10381,;inf,906,2.15389,;inf,908,2.20397,;inf,914,2.25406,;inf,921,2.30415,;inf,926,2.35424,;inf,934,2.40436,;inf,940,2.45443,;inf,945,2.5045,;inf,953,2.55457,;inf,958,2.60464,;inf,966,2.65471,;inf,966,2.70479,;inf,968,2.75486,;inf,970,2.80494,;inf,980,2.85501,;inf,982,2.90508,;inf,989,2.95515,;inf,991,3.00523,;inf,1002,3.05532,;inf,1005,3.1054,;inf,1015,3.15549,;inf,1020,3.20557,;inf,1022,3.25565,;inf,1026,3.30573,;inf,1028,3.35581,;inf,1039,3.40589,;inf,1043,3.45598,;inf,1047,3.50606,;inf,1048,3.55614,;inf,1053,3.60622,;inf,1057,3.65631,;inf,1061,3.70639,;inf,1065,3.75647,;inf,1071,3.80656,;inf,1080,3.85665,;inf,1084,3.90673,;inf,1091,3.95681,;inf,1095,4.00689,;inf,1107,4.05698,;inf,1112,4.10706,;inf,1113,4.15715,;inf,1118,4.20724,;inf,1122,4.25732,;inf,1124,4.3074,;inf,1128,4.35748,;
inf,287,0.0500576,;inf,381,0.100135,;inf,458,0.15021,;inf,493,0.200288,;inf,518,0.250374,;inf,552,0.300472,;inf,578,0.350563,;inf,605,0.400686,;inf,627,0.450762,;
inf,355,0.0500717,;inf,427,0.100161,;inf,469,0.150252,;inf,495,0.200348,;inf,525,0.250445,;inf,559,0.300532,;inf,586,0.350626,;inf,606,0.400712,;inf,620,0.450804,;inf,642,0.500923,;inf,654,0.551035,;inf,663,0.601165,;inf,682,0.651281,;inf,687,0.701316,;inf,695,0.751429,;inf,716,0.801538,;inf,734,0.85165,;inf,744,0.901743,;inf,758,0.951835,;inf,774,1.00193,;inf,785,1.05205,;inf,807,1.10214,;inf,820,1.15223,;inf,832,1.20235,;inf,841,1.25247,;inf,855,1.30255,;inf,861,1.35267,;inf,869,1.40279,;inf,877,1.45287,;inf,883,1.50298,;inf,888,1.55309,;inf,890,1.60322,;inf,895,1.6533,;inf,902,1.70341,;inf,913,1.75349,;inf,918,1.80357,;inf,927,1.85365,;inf,936,1.90373,;inf,946,1.95381,;inf,953,2.00389,;inf,960,2.05401,;inf,969,2.10408,;inf,976,2.15416,;inf,979,2.20427,;inf,984,2.25434,;inf,987,2.30446,;inf,997,2.35454,;inf,1007,2.40463,;inf,1015,2.45471,;inf,1022,2.50482,;inf,1025,2.55493,;inf,1033,2.605,;inf,1041,2.65512,;inf,1043,2.7052,;inf,1045,2.75535,;inf,1048,2.80542,;inf,1049,2.85549,;inf,1053,2.90556,;inf,1059,2.95564,;inf,1060,3.00572,;inf,1067,3.0558,;inf,1069,3.10588,;inf,1072,3.15596,;inf,1075,3.20605,;inf,1087,3.25613,;inf,1098,3.30625,;inf,1104,3.35634,;inf,1114,3.40644,;inf,1118,3.45649,;inf,1121,3.50658,;inf,1124,3.55667,;inf,1140,3.60675,;inf,1144,3.65684,;inf,1149,3.70693,;inf,1155,3.75701,;inf,1157,3.80709,;inf,1168,3.8572,;inf,1170,3.90729,;inf,1175,3.95737,;inf,1179,4.00746,;inf,1181,4.05754,;inf,1183,4.10763,;inf,1186,4.15772,;inf,1189,4.20785,;inf,1191,4.25793,;inf,1197,4.30802,;inf,1198,4.35812,;inf,1204,4.40821,;inf,1211,4.4583,;inf,1216,4.5084,;inf,1217,4.55848,;inf,1220,4.6086,;inf,1227,4.65872,;inf,1230,4.70884,;inf,1235,4.75896,;inf,1242,4.80909,;inf,1244,4.85922,;inf,1247,4.90932,;inf,1251,4.95946,;inf,1262,5.00955,;inf,1263,5.05967,;inf,1265,5.10977,;inf,1268,5.15987,;inf,1269,5.20997,;inf,1271,5.2601,;inf,1275,5.3102,;inf,1278,5.36032,;inf,1279,5.41041,;inf,1283,5.46053,;inf,1288,5.51065,;inf,1293,5.56077,;inf,1296,5.61088,;inf,1298,5.66102,;inf,1302,5.71114,;inf,1304,5.76124,;inf,1306,5.81136,;inf,1311,5.86145,;inf,1313,5.91153,;
inf,459,0.0500715,;inf,539,0.10016,;inf,569,0.150251,;inf,597,0.200341,;inf,616,0.25042,;inf,649,0.300496,;inf,661,0.350577,;inf,690,0.400655,;inf,709,0.450733,;inf,726,0.500789,;inf,742,0.550906,;inf,751,0.600994,;inf,760,0.651106,;inf,780,0.701204,;inf,782,0.751319,;inf,796,0.801427,;inf,807,0.851506,;inf,812,0.901614,;inf,820,0.951733,;inf,827,1.00183,;inf,836,1.05192,;inf,849,1.10205,;inf,856,1.15212,;inf,859,1.20221,;inf,864,1.2523,;inf,872,1.30239,;inf,876,1.35248,;inf,883,1.40258,;inf,889,1.45266,;inf,892,1.50275,;inf,896,1.55284,;inf,901,1.60293,;inf,907,1.65305,;inf,912,1.70316,;inf,922,1.75327,;inf,924,1.80335,;inf,929,1.85343,;inf,934,1.90351,;inf,941,1.95359,;inf,949,2.00368,;inf,958,2.05376,;inf,964,2.10383,;inf,970,2.15391,;inf,976,2.20399,;inf,984,2.25407,;inf,985,2.30414,;inf,990,2.35426,;inf,996,2.40439,;inf,1004,2.45447,;inf,1009,2.50456,;inf,1013,2.55465,;inf,1015,2.60473,;inf,1018,2.65481,;
inf,232,0.0500961,;inf,303,0.100174,;inf,342,0.150288,;inf,375,0.200375,;inf,395,0.250489,;inf,426,0.300619,;inf,457,0.350734,;inf,486,0.400817,;inf,510,0.450907,;inf,520,0.50099,;inf,539,0.55107,;inf,547,0.601153,;inf,552,0.651233,;inf,569,0.701329,;inf,588,0.751451,;inf,604,0.80156,;inf,609,0.851682,;inf,619,0.901767,;inf,631,0.951867,;inf,643,1.00195,;inf,657,1.05209,;inf,667,1.10217,;inf,677,1.15228,;inf,693,1.20236,;inf,699,1.25244,;inf,706,1.30252,;inf,720,1.35265,;inf,735,1.40272,;inf,739,1.4528,;inf,751,1.50289,;inf,756,1.55299,;inf,766,1.60307,;inf,774,1.65315,;inf,784,1.70325,;inf,791,1.75337,;inf,797,1.80345,;inf,805,1.85355,;inf,821,1.90367,;inf,827,1.95379,;inf,836,2.00388,;inf,840,2.054,;inf,848,2.10409,;inf,856,2.15421,;inf,862,2.20433,;inf,868,2.25441,;inf,870,2.3045,;inf,876,2.3546,;inf,883,2.40472,;inf,889,2.45484,;inf,895,2.50495,;inf,897,2.55503,;inf,902,2.60516,;inf,906,2.65525,;inf,914,2.70533,;inf,917,2.75545,;inf,922,2.80554,;inf,930,2.85564,;
inf,305,0.0500559,;inf,359,0.100135,;inf,383,0.150215,;inf,400,0.200293,;inf,425,0.250373,;inf,445,0.300507,;inf,467,0.350617,;inf,487,0.400691,;inf,506,0.450781,;inf,514,0.500873,;inf,521,0.551,;inf,521,0.601116,;inf,528,0.6512,;inf,535,0.701278,;inf,546,0.751354,;inf,559,0.801435,;inf,570,0.851598,;inf,577,0.901722,;inf,583,0.951833,;inf,591,1.00191,;inf,594,1.05202,;inf,596,1.10209,;inf,606,1.1522,;inf,612,1.20229,;inf,621,1.25238,;inf,625,1.30246,;inf,626,1.35258,;
inf,366,0.0500689,;inf,469,0.100189,;inf,540,0.150277,;inf,579,0.200402,;inf,598,0.250495,;inf,617,0.300585,;inf,644,0.350706,;inf,658,0.400784,;inf,677,0.450865,;inf,693,0.500947,;inf,708,0.55106,;inf,725,0.601151,;inf,744,0.651274,;inf,752,0.701351,;inf,762,0.751472,;inf,779,0.801559,;inf,806,0.851659,;inf,814,0.901753,;inf,836,0.95185,;inf,840,1.00195,;inf,848,1.05203,;inf,855,1.10212,;inf,862,1.15222,;inf,879,1.20231,;inf,889,1.25242,;inf,894,1.3025,;inf,899,1.3526,;inf,914,1.4027,;inf,918,1.45279,;inf,924,1.50287,;inf,936,1.55301,;inf,941,1.60309,;inf,946,1.65316,;inf,951,1.70325,;inf,956,1.75335,;inf,959,1.80347,;inf,964,1.85355,;inf,978,1.90363,;inf,982,1.95375,;inf,985,2.00384,;inf,997,2.05393,;inf,1000,2.10401,;inf,1006,2.15409,;inf,1015,2.20417,;inf,1018,2.25425,;inf,1023,2.30435,;inf,1038,2.35444,;inf,1043,2.40456,;inf,1049,2.45465,;inf,1055,2.5047,;inf,1065,2.5548,;inf,1074,2.60488,;inf,1077,2.65496,;inf,1080,2.70506,;inf,1090,2.75515,;inf,1096,2.80525,;inf,1098,2.85534,;inf,1101,2.90543,;inf,1103,2.95553,;inf,1112,3.00564,;inf,1117,3.05577,;inf,1122,3.10587,;inf,1126,3.15597,;inf,1128,3.20609,;inf,1134,3.25618,;inf,1140,3.30627,;inf,1145,3.35636,;inf,1150,3.40645,;inf,1151,3.45655,;inf,1156,3.50664,;inf,1159,3.5567,;inf,1164,3.60682,;inf,1165,3.6569,;inf,1168,3.70698,;inf,1172,3.75708,;inf,1178,3.80717,;inf,1182,3.85725,;inf,1184,3.90732,;inf,1191,3.9574,;inf,1192,4.00748,;inf,1196,4.05755,;inf,1199,4.10763,;inf,1203,4.1577,;inf,1207,4.20778,;inf,1209,4.25787,;inf,1210,4.30795,;inf,1214,4.35805,;inf,1216,4.40816,;inf,1220,4.45826,;inf,1222,4.50834,;inf,1224,4.55844,;inf,1232,4.60852,;inf,1234,4.65861,;inf,1236,4.70869,;inf,1240,4.75878,;inf,1241,4.80886,;inf,1245,4.85895,;inf,1250,4.90903,;inf,1250,4.95911,;inf,1252,5.0092,;inf,1254,5.0593,;inf,1256,5.10939,;inf,1259,5.15947,;inf,1260,5.20955,;inf,1262,5.25964,;inf,1265,5.30972,;inf,1265,5.35981,;inf,1272,5.40992,;inf,1272,5.46,;inf,1274,5.51012,;inf,1275,5.56025,;inf,1277,5.61037,;inf,1279,5.66049,;inf,1280,5.71058,;inf,1287,5.7607,;inf,1290,5.81081,;inf,1291,5.86089,;inf,1296,5.91101,;inf,1299,5.9611,;inf,1307,6.01118,;inf,1311,6.06127,;inf,1311,6.11136,;inf,1315,6.16146,;inf,1316,6.21154,;inf,1318,6.26165,;inf,1318,6.31177,;inf,1319,6.36186,;inf,1322,6.41196,;inf,1326,6.46208,;inf,1330,6.51219,;inf,1330,6.56227,;inf,1334,6.61239,;inf,1334,6.66248,;inf,1336,6.71257,;inf,1338,6.7627,;inf,1341,6.81278,;inf,1341,6.86289,;inf,1344,6.91297,;inf,1347,6.96305,;inf,1352,7.01313,;inf,1354,7.06325,;inf,1357,7.11336,;inf,1361,7.16348,;inf,1364,7.21357,;inf,1365,7.26369,;inf,1368,7.31379,;inf,1369,7.36391,;inf,1371,7.414,;inf,1372,7.46412,;inf,1374,7.5142,;inf,1378,7.56428,;inf,1378,7.61436,;inf,1380,7.66445,;inf,1386,7.71456,;inf,1386,7.76465,;inf,1390,7.81473,;inf,1391,7.86482,;inf,1395,7.9149,;inf,1396,7.96497,;inf,1404,8.01509,;inf,1404,8.06516,;inf,1407,8.11526,;inf,1409,8.16535,;inf,1410,8.21547,;inf,1412,8.26556,;inf,1413,8.31565,;inf,1416,8.36573,;inf,1419,8.41581,;inf,1421,8.46591,;inf,1430,8.51604,;inf,1430,8.56616,;inf,1437,8.61624,;inf,1440,8.66631,;inf,1443,8.7164,;inf,1446,8.76651,;inf,1453,8.8166,;inf,1458,8.86672,;inf,1459,8.9168,;inf,1460,8.96693,;inf,1465,9.01702,;inf,1469,9.06712,;inf,1470,9.11724,;inf,1470,9.16737,;inf,1472,9.21745,;inf,1475,9.26757,;inf,1475,9.31766,;inf,1478,9.36775,;inf,1482,9.41783,;inf,1489,9.46795,;inf,1491,9.51804,;inf,1495,9.56816,;inf,1502,9.61825,;inf,1505,9.66836,;inf,1509,9.71845,;inf,1514,9.76856,;inf,1515,9.81864,;inf,1518,9.86873,;inf,1519,9.91885,;inf,1524,9.96893,;
inf,351,0.0500568,;inf,416,0.100161,;inf,470,0.150289,;inf,505,0.200383,;inf,518,0.250513,;inf,552,0.300601,;inf,570,0.350701,;inf,585,0.400791,;inf,596,0.450879,;inf,612,0.501015,;inf,629,0.551105,;inf,646,0.601183,;inf,671,0.651269,;inf,684,0.701362,;inf,701,0.751451,;inf,713,0.801536,;inf,722,0.851634,;inf,729,0.901757,;inf,744,0.951878,;inf,755,1.00196,;inf,765,1.05204,;inf,771,1.10212,;inf,780,1.15223,;inf,790,1.20231,;inf,794,1.2524,;inf,805,1.30249,;inf,809,1.35257,;inf,818,1.40265,;inf,829,1.45274,;inf,839,1.50283,;inf,848,1.55291,;inf,855,1.603,;inf,861,1.65307,;inf,867,1.70316,;inf,871,1.75325,;inf,877,1.80333,;inf,882,1.85342,;inf,888,1.90351,;inf,898,1.95359,;inf,901,2.00368,;inf,911,2.05379,;inf,921,2.10387,;inf,925,2.15395,;inf,938,2.20404,;inf,947,2.25413,;inf,950,2.30421,;inf,954,2.35433,;inf,962,2.4044,;inf,970,2.45449,;inf,972,2.50457,;inf,978,2.55467,;inf,985,2.60475,;inf,994,2.65486,;inf,1004,2.70498,;inf,1011,2.75508,;inf,1019,2.80517,;inf,1023,2.85527,;inf,1028,2.90535,;
inf,401,0.0500954,;inf,462,0.100189,;inf,488,0.150284,;inf,514,0.200378,;inf,547,0.250459,;inf,571,0.300542,;inf,589,0.350624,;inf,608,0.400714,;inf,632,0.450811,;inf,653,0.500867,;inf,668,0.550961,;inf,685,0.601015,;inf,694,0.65112,;inf,703,0.701241,;inf,717,0.751325,;inf,723,0.801416,;inf,741,0.85151,;inf,753,0.901633,;inf,765,0.951781,;inf,777,1.00186,;inf,786,1.05196,;inf,796,1.10205,;
inf,320,0.0500963,;inf,378,0.10018,;inf,438,0.15025,;inf,473,0.200332,;inf,509,0.250412,;inf,535,0.300491,;inf,562,0.350578,;inf,592,0.400686,;inf,630,0.450793,;inf,647,0.500863,;inf,665,0.550971,;inf,681,0.601058,;inf,699,0.651131,;inf,711,0.701205,;inf,726,0.751312,;inf,737,0.801421,;inf,747,0.851533,;inf,753,0.901606,;inf,760,0.951655,;inf,776,1.00177,;inf,788,1.05188,;inf,801,1.10199,;inf,807,1.1521,;inf,814,1.20221,;inf,829,1.25229,;inf,844,1.30237,;inf,851,1.35247,;inf,861,1.40258,;inf,869,1.45266,;inf,879,1.50276,;inf,886,1.55285,;inf,895,1.60296,;inf,904,1.65308,;inf,912,1.70321,;inf,922,1.75332,;inf,936,1.80343,;inf,949,1.85351,;inf,953,1.90358,;inf,958,1.9537,;inf,970,2.00377,;inf,985,2.05388,;inf,1001,2.10395,;inf,1004,2.15408,;inf,1013,2.20416,;inf,1020,2.25424,;inf,1025,2.30436,;inf,1033,2.35445,;inf,1037,2.40456,;inf,1046,2.45467,;inf,1048,2.50482,;inf,1053,2.55489,;inf,1057,2.605,;inf,1068,2.65508,;inf,1072,2.70517,;inf,1081,2.75524,;inf,1087,2.80531,;inf,1095,2.85539,;inf,1098,2.90548,;inf,1105,2.95556,;inf,1110,3.00563,;inf,1114,3.0557,;inf,1123,3.10582,;inf,1128,3.1559,;inf,1130,3.20601,;inf,1135,3.25609,;inf,1136,3.30616,;inf,1140,3.35625,;inf,1144,3.40636,;inf,1150,3.45648,;inf,1160,3.5066,;inf,1161,3.55673,;inf,1166,3.60684,;inf,1169,3.65692,;inf,1172,3.70706,;inf,1174,3.75717,;inf,1176,3.80728,;inf,1179,3.85737,;inf,1183,3.90745,;inf,1187,3.95753,;inf,1189,4.00761,;inf,1193,4.0577,;inf,1199,4.10777,;inf,1204,4.15786,;inf,1207,4.20794,;inf,1211,4.25805,;inf,1214,4.30812,;inf,1220,4.35821,;inf,1223,4.4083,;inf,1227,4.45838,;inf,1229,4.50847,;inf,1233,4.55858,;inf,1236,4.60869,;inf,1239,4.6588,;inf,1239,4.70888,;inf,1240,4.759,;inf,1244,4.80911,;inf,1248,4.85922,;inf,1251,4.90933,;inf,1254,4.95945,;inf,1255,5.00956,;inf,1260,5.05964,;inf,1264,5.10976,;inf,1269,5.15985,;inf,1270,5.20996,;inf,1272,5.26008,;inf,1277,5.31019,;inf,1279,5.36027,;inf,1284,5.41036,;inf,1286,5.46047,;inf,1290,5.51057,;inf,1291,5.56066,;inf,1298,5.61079,;inf,1303,5.66087,;inf,1305,5.71095,;inf,1308,5.76106,;inf,1312,5.81114,;inf,1314,5.86125,;inf,1317,5.91137,;inf,1317,5.96146,;inf,1317,6.01158,;inf,1317,6.0617,;inf,1319,6.11177,;inf,1320,6.16185,;inf,1322,6.21194,;inf,1324,6.26204,;inf,1326,6.31213,;inf,1332,6.36221,;inf,1334,6.41229,;inf,1335,6.46236,;inf,1338,6.51244,;inf,1342,6.56256,;inf,1346,6.61266,;inf,1347,6.66277,;inf,1353,6.71285,;inf,1357,6.76293,;inf,1358,6.81301,;inf,1361,6.86308,;inf,1362,6.91315,;inf,1365,6.96324,;inf,1367,7.01338,;inf,1369,7.06349,;inf,1369,7.11365,;inf,1370,7.16373,;inf,1372,7.21386,;inf,1373,7.26394,;inf,1375,7.31402,;inf,1376,7.36413,;inf,1378,7.41423,;inf,1379,7.46432,;inf,1381,7.51445,;inf,1384,7.56454,;inf,1386,7.61463,;inf,1388,7.66473,;inf,1393,7.71483,;inf,1394,7.76495,;inf,1396,7.81507,;inf,1404,7.86519,;inf,1408,7.91531,;inf,1409,7.96541,;inf,1415,8.0155,;inf,1416,8.06561,;inf,1418,8.11569,;inf,1419,8.1658,;inf,1423,8.21592,;inf,1425,8.26601,;inf,1427,8.31615,;inf,1431,8.36624,;inf,1432,8.41634,;inf,1439,8.46645,;inf,1443,8.51653,;inf,1447,8.56665,;inf,1449,8.61677,;
inf,376,0.0501304,;inf,430,0.10022,;inf,464,0.150343,;inf,499,0.200433,;inf,518,0.250594,;inf,543,0.300663,;inf,560,0.350784,;inf,585,0.400869,;inf,594,0.450984,;inf,607,0.501084,;inf,620,0.551207,;inf,629,0.601305,;inf,641,0.651431,;inf,655,0.701557,;inf,664,0.751678,;inf,671,0.801793,;inf,682,0.851875,;inf,690,0.901996,;inf,703,0.952115,;inf,716,1.00223,;inf,724,1.05234,;inf,731,1.10246,;inf,737,1.15258,;inf,744,1.20271,;inf,754,1.25283,;inf,766,1.30291,;inf,774,1.35295,;inf,786,1.40303,;inf,793,1.45311,;inf,802,1.50318,;inf,810,1.55326,;inf,815,1.60335,;inf,821,1.65343,;inf,828,1.70353,;inf,832,1.75361,;inf,835,1.80371,;inf,837,1.85377,;inf,843,1.90386,;inf,846,1.95394,;inf,848,2.00402,;
inf,267,0.0501098,;inf,334,0.100202,;inf,376,0.150324,;inf,402,0.200415,;inf,426,0.250517,;inf,443,0.30062,;inf,463,0.350734,;inf,484,0.40082,;inf,505,0.450934,;inf,520,0.501035,;inf,534,0.551123,;inf,548,0.601202,;inf,564,0.651285,;inf,577,0.701364,;inf,588,0.75143,;inf,602,0.801505,;inf,612,0.851585,;inf,625,0.901671,;inf,635,0.951762,;inf,644,1.00185,;inf,650,1.05193,;inf,663,1.10201,;inf,671,1.15209,;inf,677,1.20217,;inf,686,1.25226,;inf,693,1.30234,;inf,701,1.35243,;inf,711,1.40251,;inf,718,1.45259,;inf,722,1.50267,;inf,728,1.55275,;inf,737,1.60283,;inf,745,1.65291,;inf,749,1.703,;inf,755,1.75309,;inf,762,1.80317,;inf,768,1.85325,;inf,776,1.90333,;inf,783,1.95343,;inf,793,2.00351,;inf,796,2.05361,;inf,806,2.1037,;inf,812,2.15379,;inf,815,2.20387,;inf,821,2.25395,;inf,828,2.30403,;inf,831,2.35412,;inf,833,2.4042,;inf,839,2.45428,;inf,843,2.50436,;inf,851,2.55445,;inf,855,2.60453,;inf,858,2.65462,;inf,863,2.7047,;inf,872,2.75479,;inf,878,2.80488,;inf,885,2.85496,;inf,898,2.90505,;inf,903,2.95514,;inf,906,3.00523,;inf,913,3.05531,;inf,918,3.10539,;inf,923,3.15543,;inf,923,3.20552,;inf,928,3.2556,;inf,930,3.30569,;inf,934,3.35577,;inf,941,3.40585,;inf,947,3.45593,;inf,953,3.50601,;inf,958,3.5561,;inf,966,3.60618,;inf,971,3.65627,;inf,976,3.70635,;inf,980,3.75644,;inf,984,3.80652,;inf,989,3.8566,;inf,994,3.90668,;inf,997,3.95676,;inf,999,4.00684,;inf,1002,4.05693,;inf,1004,4.10704,;inf,1007,4.15715,;inf,1012,4.20724,;inf,1018,4.25733,;inf,1019,4.30745,;inf,1023,4.35754,;inf,1027,4.40763,;inf,1032,4.45775,;inf,1034,4.50784,;inf,1038,4.55796,;inf,1043,4.60804,;inf,1047,4.65814,;inf,1050,4.70824,;inf,1054,4.75835,;inf,1059,4.80846,;inf,1063,4.85856,;inf,1065,4.90865,;inf,1069,4.95877,;inf,1074,5.00886,;inf,1078,5.05897,;inf,1080,5.10906,;inf,1083,5.15914,;inf,1089,5.20922,;inf,1093,5.25932,;inf,1095,5.30941,;inf,1102,5.3595,;inf,1105,5.40962,;inf,1111,5.4597,;inf,1112,5.50979,;inf,1114,5.55989,;inf,1116,5.60998,;inf,1120,5.66008,;inf,1123,5.71018,;inf,1126,5.76027,;inf,1129,5.81036,;inf,1132,5.86046,;inf,1134,5.91058,;inf,1139,5.96067,;inf,1141,6.01079,;inf,1144,6.06089,;inf,1148,6.11101,;inf,1154,6.16109,;inf,1156,6.2112,;inf,1157,6.26129,;inf,1159,6.31138,;inf,1161,6.36148,;inf,1164,6.41156,;inf,1166,6.46164,;inf,1168,6.51172,;inf,1170,6.5618,;inf,1172,6.61188,;inf,1174,6.66197,;inf,1177,6.71205,;inf,1180,6.76212,;inf,1184,6.8122,;inf,1191,6.86228,;inf,1194,6.91236,;inf,1197,6.96244,;inf,1198,7.01253,;
inf,270,0.0500577,;inf,320,0.100138,;inf,385,0.150216,;inf,426,0.200295,;inf,462,0.250373,;inf,514,0.300451,;inf,548,0.350529,;inf,572,0.400608,;inf,584,0.450687,;inf,609,0.500764,;inf,618,0.550829,;inf,639,0.600956,;inf,655,0.651045,;inf,663,0.701136,;inf,679,0.751287,;inf,684,0.801364,;inf,702,0.851454,;inf,709,0.901535,;inf,729,0.951626,;inf,754,1.00175,;inf,758,1.05183,;inf,763,1.10191,;inf,773,1.15199,;inf,781,1.20207,;inf,790,1.25218,;inf,801,1.30228,;inf,810,1.35236,;inf,816,1.40245,;inf,829,1.45253,;inf,834,1.50262,;inf,847,1.5527,;inf,870,1.60278,;inf,871,1.65287,;inf,877,1.70296,;inf,884,1.75309,;inf,897,1.80318,;inf,915,1.85328,;inf,920,1.90336,;inf,928,1.95344,;inf,930,2.00356,;inf,940,2.05364,;inf,946,2.10376,;inf,949,2.15388,;inf,955,2.20399,;inf,962,2.25408,;inf,966,2.3042,;inf,969,2.35427,;inf,975,2.40435,;inf,986,2.45447,;inf,991,2.50458,;inf,994,2.55469,;inf,1003,2.60477,;inf,1007,2.65484,;inf,1021,2.70492,;inf,1035,2.75503,;inf,1040,2.80511,;inf,1048,2.85523,;inf,1051,2.90531,;inf,1051,2.9554,;inf,1057,3.00552,;inf,1062,3.05562,;inf,1068,3.1057,;inf,1076,3.1558,;inf,1079,3.20586,;inf,1079,3.25597,;inf,1082,3.30606,;inf,1085,3.35615,;inf,1098,3.40623,;inf,1104,3.45635,;inf,1106,3.50644,;inf,1115,3.55656,;inf,1118,3.60663,;inf,1120,3.65672,;inf,1121,3.70684,;inf,1128,3.75694,;inf,1135,3.80707,;inf,1138,3.85716,;inf,1143,3.90728,;inf,1150,3.95741,;inf,1156,4.0075,;inf,1157,4.05762,;inf,1158,4.10774,;inf,1158,4.15785,;inf,1166,4.20795,;inf,1168,4.25802,;inf,1174,4.30812,;inf,1179,4.35823,;inf,1180,4.40832,;inf,1187,4.4584,;inf,1187,4.50851,;inf,1199,4.55859,;inf,1204,4.6087,;inf,1205,4.65878,;inf,1209,4.7089,;inf,1214,4.75898,;inf,1219,4.8091,;inf,1224,4.85921,;inf,1226,4.90932,;inf,1235,4.9594,;inf,1237,5.00953,;inf,1247,5.05962,;inf,1251,5.10974,;inf,1252,5.15982,;inf,1258,5.2099,;inf,1259,5.26002,;inf,1259,5.3101,;inf,1261,5.36022,;inf,1267,5.4103,;inf,1271,5.46043,;inf,1276,5.51053,;inf,1277,5.56065,;inf,1289,5.61072,;inf,1291,5.66081,;inf,1296,5.71092,;inf,1299,5.76103,;inf,1307,5.81112,;inf,1316,5.8612,;inf,1317,5.91132,;inf,1317,5.96144,;inf,1322,6.01152,;inf,1325,6.06163,;inf,1331,6.11172,;inf,1339,6.16186,;inf,1343,6.21198,;inf,1347,6.26206,;inf,1350,6.31214,;inf,1351,6.36223,;inf,1353,6.41232,;inf,1359,6.46242,;inf,1365,6.51252,;inf,1371,6.56261,;inf,1372,6.61272,;inf,1374,6.66283,;inf,1377,6.71292,;inf,1377,6.76303,;inf,1379,6.81311,;inf,1381,6.8632,;inf,1383,6.91329,;inf,1388,6.96339,;inf,1388,7.01348,;inf,1390,7.06357,;inf,1393,7.11371,;inf,1394,7.16382,;inf,1397,7.21389,;inf,1397,7.26401,;
inf,297,0.0500663,;inf,350,0.10016,;inf,386,0.150235,;inf,412,0.200332,;inf,433,0.250448,;inf,459,0.300528,;inf,495,0.350618,;inf,513,0.400697,;inf,527,0.450812,;inf,545,0.500899,;inf,558,0.550983,;inf,582,0.601075,;inf,608,0.651162,;inf,618,0.701244,;inf,625,0.751324,;inf,637,0.801417,;inf,646,0.851533,;inf,664,0.901625,;inf,681,0.951749,;inf,690,1.00186,;inf,699,1.05195,;inf,705,1.10205,;inf,715,1.15217,;inf,725,1.20228,;inf,737,1.25241,;inf,745,1.30253,;inf,754,1.35261,;inf,763,1.40269,;inf,772,1.45279,;inf,780,1.50289,;inf,797,1.55298,;inf,802,1.60307,;inf,814,1.65317,;inf,824,1.70329,;inf,835,1.75342,;inf,843,1.80354,;inf,851,1.85366,;inf,857,1.90377,;inf,863,1.95386,;inf,873,2.00398,;inf,879,2.0541,;inf,888,2.1042,;inf,894,2.1543,;inf,898,2.20439,;inf,907,2.25449,;inf,911,2.30457,;inf,917,2.35465,;inf,920,2.40473,;inf,925,2.45483,;inf,928,2.50492,;inf,937,2.55502,;inf,944,2.60512,;inf,947,2.6552,;inf,954,2.70528,;inf,958,2.75538,;inf,963,2.80548,;inf,966,2.85557,;inf,969,2.90567,;inf,973,2.95577,;inf,974,3.00586,;inf,981,3.05595,;inf,987,3.10603,;inf,990,3.1561,;inf,993,3.20618,;inf,998,3.25627,;inf,1005,3.30637,;inf,1007,3.35645,;inf,1011,3.40655,;inf,1016,3.45663,;inf,1020,3.50674,;inf,1028,3.55683,;inf,1033,3.60696,;inf,1041,3.65705,;inf,1044,3.70718,;inf,1049,3.75726,;inf,1050,3.80735,;inf,1052,3.85744,;inf,1056,3.90757,;inf,1063,3.95766,;inf,1070,4.00775,;inf,1073,4.05784,;inf,1077,4.10796,;inf,1078,4.15806,;inf,1082,4.20814,;inf,1085,4.25822,;inf,1088,4.30834,;inf,1091,4.35847,;
inf,452,0.0500585,;inf,532,0.100147,;inf,590,0.150247,;inf,615,0.200358,;inf,653,0.250459,;inf,669,0.300549,;inf,691,0.35069,;inf,711,0.400775,;inf,734,0.450887,;inf,745,0.500963,;inf,767,0.551076,;inf,781,0.601159,;inf,794,0.651238,;inf,803,0.701324,;inf,813,0.751444,;inf,827,0.801521,;inf,836,0.851636,;inf,848,0.901721,;inf,858,0.951809,;inf,865,1.00193,;inf,879,1.05201,;inf,893,1.10209,;inf,901,1.15221,;inf,912,1.20232,;inf,923,1.2524,;inf,932,1.30254,;inf,946,1.35265,;inf,957,1.40275,;inf,964,1.45282,;inf,974,1.50293,;inf,979,1.55301,;inf,989,1.60308,;inf,1001,1.65315,;inf,1009,1.70324,;
inf,314,0.0501052,;inf,377,0.100215,;inf,433,0.150297,;inf,468,0.200358,;inf,502,0.250463,;inf,527,0.300551,;inf,544,0.350626,;inf,559,0.400737,;inf,580,0.450819,;inf,592,0.500951,;inf,607,0.551067,;inf,625,0.601175,;inf,641,0.651298,;inf,648,0.701414,;inf,648,0.751527,;inf,656,0.801647,;inf,680,0.851735,;inf,688,0.90185,;inf,698,0.951961,;inf,709,1.00204,;inf,713,1.05216,;inf,724,1.10228,;inf,732,1.1524,;inf,743,1.20253,;inf,747,1.25261,;inf,758,1.3027,;inf,761,1.35281,;inf,768,1.40289,;inf,770,1.45302,;inf,774,1.5031,;inf,774,1.55322,;inf,782,1.60331,;inf,793,1.65346,;inf,798,1.70353,;inf,802,1.75362,;inf,812,1.80373,;inf,818,1.85385,;inf,820,1.90393,;inf,827,1.95401,;inf,834,2.00413,;inf,836,2.05425,;inf,839,2.10432,;inf,849,2.15441,;inf,858,2.20449,;inf,862,2.25457,;inf,866,2.30464,;inf,870,2.35472,;inf,873,2.40484,;inf,876,2.45492,;inf,883,2.50501,;inf,898,2.55509,;inf,900,2.6052,;inf,902,2.65529,;inf,907,2.70541,;inf,914,2.75552,;inf,919,2.80564,;inf,923,2.85575,;inf,925,2.90586,;inf,927,2.95597,;inf,932,3.00609,;inf,938,3.0562,;inf,946,3.10631,;inf,949,3.15643,;inf,951,3.20655,;inf,953,3.25666,;inf,958,3.30673,;inf,959,3.35681,;inf,962,3.4069,;inf,969,3.45702,;inf,976,3.50714,;inf,980,3.55726,;inf,983,3.60737,;inf,984,3.65748,;inf,990,3.7076,;inf,990,3.75772,;inf,992,3.80783,;inf,997,3.85795,;inf,999,3.90806,;inf,1000,3.95817,;inf,1004,4.00828,;inf,1008,4.0584,;inf,1013,4.10852,;inf,1019,4.15859,;inf,1023,4.20871,;inf,1026,4.2588,;inf,1028,4.30892,;inf,1034,4.35904,;inf,1037,4.40916,;inf,1042,4.45927,;inf,1045,4.50939,;inf,1050,4.5595,;inf,1052,4.60962,;inf,1054,4.6597,;inf,1056,4.70982,;inf,1059,4.7599,;inf,1063,4.80999,;inf,1064,4.86008,;inf,1074,4.91016,;inf,1076,4.96023,;inf,1077,5.01032,;inf,1082,5.06041,;inf,1085,5.11049,;inf,1086,5.16064,;inf,1090,5.21071,;inf,1092,5.26079,;inf,1095,5.31088,;inf,1095,5.36095,;inf,1099,5.41104,;inf,1101,5.46113,;inf,1103,5.51122,;inf,1108,5.56131,;inf,1113,5.61139,;inf,1115,5.66146,;inf,1119,5.71162,;inf,1121,5.76171,;inf,1125,5.8118,;inf,1127,5.86193,;inf,1129,5.91201,;inf,1138,5.96214,;inf,1139,6.01223,;461.222759,1141,6.06234,;
inf,402,0.0500987,;inf,461,0.100217,;inf,499,0.150297,;inf,524,0.200389,;inf,538,0.250471,;inf,568,0.30058,;inf,588,0.350673,;inf,608,0.400764,;inf,634,0.450847,;inf,645,0.500964,;inf,663,0.551083,;inf,679,0.601181,;inf,691,0.651306,;inf,699,0.701418,;inf,711,0.751532,;inf,726,0.801618,;inf,748,0.851716,;inf,753,0.90184,;inf,767,0.951955,;inf,776,1.00207,;inf,782,1.05217,;inf,793,1.10223,;inf,800,1.15235,;inf,815,1.20242,;inf,827,1.2525,;inf,831,1.3026,;inf,842,1.35271,;inf,847,1.40282,;inf,854,1.45293,;inf,865,1.50302,;inf,871,1.55314,;inf,874,1.60326,;inf,880,1.65335,;inf,884,1.70344,;inf,890,1.75353,;inf,896,1.80361,;inf,902,1.85373,;inf,907,1.90382,;inf,914,1.9539,;inf,925,2.00399,;inf,929,2.05407,;inf,934,2.10415,;inf,939,2.1542,;inf,944,2.2043,;inf,951,2.25438,;inf,958,2.30447,;inf,968,2.35455,;inf,976,2.40463,;inf,978,2.45471,;inf,982,2.5048,;inf,987,2.55488,;inf,989,2.60496,;inf,994,2.6551,;inf,999,2.70519,;inf,1003,2.75528,;inf,1012,2.80537,;inf,1017,2.85546,;inf,1023,2.90559,;inf,1027,2.95568,;inf,1029,3.0058,;inf,1034,3.05589,;inf,1040,3.10601,;inf,1044,3.15613,;inf,1052,3.20622,;inf,1058,3.25634,;inf,1064,3.30641,;inf,1066,3.35652,;inf,1069,3.4066,;inf,1074,3.4567,;inf,1078,3.50679,;inf,1080,3.55691,;inf,1084,3.60699,;inf,1088,3.65708,;inf,1095,3.7072,;inf,1103,3.75728,;inf,1108,3.8074,;inf,1110,3.85751,;inf,1112,3.90759,;inf,1116,3.9577,;inf,1119,4.00777,;inf,1123,4.0579,;inf,1125,4.10798,;inf,1127,4.15806,;inf,1134,4.20815,;inf,1134,4.25822,;inf,1137,4.30831,;inf,1140,4.35839,;inf,1144,4.40845,;inf,1147,4.45853,;inf,1148,4.50861,;inf,1151,4.55869,;inf,1152,4.60878,;inf,1155,4.65887,;inf,1155,4.70895,;inf,1158,4.75904,;inf,1161,4.80913,;inf,1162,4.85922,;inf,1167,4.9093,;inf,1173,4.95938,;inf,1175,5.00947,;inf,1179,5.05955,;inf,1179,5.10963,;inf,1183,5.15972,;inf,1185,5.20981,;inf,1188,5.25989,;inf,1189,5.30998,;inf,1192,5.36006,;inf,1192,5.41014,;inf,1196,5.46023,;inf,1198,5.51031,;inf,1199,5.5604,;inf,1200,5.61048,;inf,1205,5.6606,;inf,1207,5.71069,;inf,1211,5.76081,;inf,1216,5.8109,;inf,1216,5.86103,;inf,1221,5.91115,;inf,1224,5.96126,;inf,1226,6.01138,;inf,1228,6.06149,;inf,1229,6.11161,;inf,1232,6.16172,;inf,1234,6.21185,;inf,1235,6.26197,;inf,1237,6.31209,;inf,1239,6.36221,;inf,1239,6.41232,;inf,1242,6.4624,;inf,1242,6.51249,;inf,1247,6.56259,;inf,1251,6.61272,;inf,1253,6.66281,;inf,1254,6.71293,;inf,1254,6.76302,;inf,1255,6.81315,;inf,1260,6.86324,;inf,1262,6.91336,;inf,1267,6.96345,;inf,1267,7.01355,;inf,1269,7.06364,;inf,1272,7.11374,;inf,1274,7.16383,;inf,1277,7.21391,;inf,1278,7.264,;inf,1281,7.3141,;inf,1282,7.36418,;inf,1282,7.41426,;inf,1284,7.46435,;inf,1289,7.51443,;inf,1292,7.56455,;inf,1292,7.61464,;inf,1294,7.66474,;inf,1295,7.71482,;inf,1296,7.7649,;inf,1299,7.81499,;inf,1301,7.86508,;inf,1304,7.91517,;inf,1308,7.96525,;inf,1309,8.01538,;inf,1315,8.06547,;inf,1316,8.11556,;inf,1318,8.16565,;inf,1320,8.21573,;inf,1323,8.26581,;inf,1325,8.31588,;inf,1327,8.36597,;inf,1328,8.41606,;inf,1329,8.46614,;inf,1332,8.51623,;inf,1332,8.56631,;inf,1335,8.61639,;inf,1337,8.66649,;inf,1340,8.71657,;inf,1340,8.76665,;inf,1342,8.81673,;inf,1343,8.86683,;inf,1346,8.91691,;inf,1350,8.967,;inf,1352,9.01713,;inf,1354,9.06725,;inf,1355,9.11733,;inf,1355,9.16741,;inf,1360,9.21754,;inf,1360,9.26763,;inf,1364,9.31772,;inf,1365,9.3678,;inf,1365,9.41788,;inf,1368,9.46797,;inf,1370,9.51805,;inf,1376,9.56817,;inf,1378,9.61827,;inf,1381,9.66836,;inf,1383,9.71842,;inf,1391,9.7685,;inf,1393,9.8186,;inf,1395,9.86873,;inf,1400,9.91881,;inf,1400,9.9689,;inf,1401,10.019,;inf,1401,10.0691,;
inf,302,0.0500647,;inf,388,0.100163,;inf,427,0.150246,;inf,470,0.200325,;inf,518,0.250412,;inf,543,0.300508,;inf,569,0.3506,;inf,592,0.400684,;inf,616,0.45077,;inf,642,0.50087,;inf,661,0.550962,;inf,680,0.601054,;inf,694,0.651203,;inf,700,0.701296,;inf,721,0.751394,;inf,738,0.801511,;inf,744,0.851607,;inf,755,0.901731,;inf,760,0.951848,;inf,773,1.00197,;inf,784,1.05209,;inf,798,1.10221,;inf,802,1.15233,;inf,806,1.20245,;inf,808,1.25257,;inf,813,1.30266,;inf,816,1.35275,;inf,820,1.40287,;inf,823,1.453,;inf,829,1.50309,;inf,836,1.55321,;inf,840,1.60333,;inf,845,1.65341,;inf,860,1.70353,;inf,867,1.75364,;inf,887,1.80376,;inf,892,1.85388,;inf,900,1.90401,;inf,904,1.95414,;inf,912,2.00427,;inf,921,2.05436,;inf,929,2.10448,;inf,934,2.15457,;inf,942,2.20465,;inf,950,2.25473,;inf,965,2.30485,;inf,974,2.35495,;inf,979,2.40507,;inf,988,2.45516,;inf,991,2.50525,;inf,994,2.55538,;inf,996,2.6055,;inf,1007,2.6556,;inf,1017,2.70572,;inf,1022,2.75583,;inf,1029,2.80595,;inf,1033,2.85604,;inf,1035,2.90612,;inf,1044,2.95621,;inf,1051,3.0063,;inf,1059,3.05639,;inf,1063,3.10645,;inf,1066,3.15653,;inf,1070,3.20661,;inf,1072,3.25668,;inf,1076,3.30675,;inf,1079,3.35683,;inf,1088,3.4069,;inf,1091,3.45698,;inf,1092,3.50701,;inf,1102,3.5571,;inf,1104,3.6072,;inf,1111,3.65732,;inf,1114,3.70743,;inf,1123,3.75754,;inf,1125,3.80761,;inf,1126,3.85772,;inf,1138,3.90781,;inf,1145,3.95791,;inf,1150,4.00799,;inf,1154,4.05807,;inf,1159,4.10815,;inf,1163,4.15824,;inf,1168,4.20832,;inf,1173,4.2584,;inf,1182,4.30848,;inf,1190,4.35857,;inf,1195,4.40865,;inf,1198,4.45873,;inf,1205,4.50881,;inf,1207,4.55889,;inf,1209,4.60897,;inf,1215,4.65906,;inf,1219,4.70914,;inf,1224,4.75922,;inf,1231,4.8093,;inf,1235,4.85938,;inf,1236,4.90945,;inf,1240,4.95953,;inf,1243,5.00961,;inf,1244,5.05968,;inf,1249,5.10976,;inf,1251,5.15984,;inf,1251,5.20992,;inf,1253,5.26004,;inf,1256,5.31015,;inf,1258,5.36026,;inf,1260,5.41037,;inf,1262,5.46048,;inf,1267,5.51055,;inf,1272,5.56066,;inf,1274,5.61074,;inf,1289,5.66085,;inf,1294,5.71094,;inf,1308,5.76106,;inf,1310,5.81115,;inf,1318,5.86128,;inf,1320,5.91137,;inf,1322,5.96146,;inf,1327,6.01155,;inf,1333,6.06163,;inf,1337,6.11175,;inf,1342,6.16185,;inf,1347,6.21196,;inf,1353,6.26204,;inf,1359,6.31214,;inf,1360,6.36224,;inf,1369,6.41231,;inf,1370,6.4624,;inf,1378,6.51248,;inf,1380,6.56256,;inf,1381,6.61264,;inf,1385,6.66272,;inf,1390,6.71279,;inf,1391,6.76287,;inf,1392,6.81295,;inf,1394,6.86304,;inf,1398,6.91311,;inf,1402,6.96316,;inf,1408,7.01324,;inf,1416,7.06332,;inf,1424,7.1134,;inf,1425,7.16349,;inf,1430,7.21357,;inf,1434,7.26366,;inf,1436,7.31374,;inf,1438,7.36383,;inf,1441,7.41391,;inf,1446,7.46399,;inf,1450,7.51408,;inf,1454,7.56416,;inf,1455,7.61425,;inf,1459,7.66433,;inf,1459,7.71441,;inf,1461,7.76455,;inf,1463,7.81463,;inf,1465,7.8647,;inf,1466,7.9148,;inf,1468,7.96488,;inf,1475,8.01498,;inf,1483,8.06507,;inf,1485,8.11517,;inf,1490,8.16528,;inf,1494,8.2154,;inf,1499,8.26551,;inf,1501,8.31562,;inf,1502,8.3657,;inf,1503,8.41581,;inf,1506,8.46589,;inf,1507,8.516,;inf,1509,8.56611,;inf,1509,8.61623,;inf,1513,8.66632,;inf,1514,8.71642,;inf,1516,8.76647,;inf,1519,8.81658,;inf,1521,8.86665,;inf,1525,8.91673,;inf,1526,8.96681,;inf,1527,9.01689,;inf,1530,9.06697,;inf,1531,9.11706,;inf,1534,9.16714,;inf,1540,9.21724,;inf,1542,9.26734,;inf,1544,9.31745,;inf,1546,9.36753,;inf,1548,9.41766,;inf,1550,9.46774,;inf,1551,9.51786,;inf,1552,9.56794,;inf,1554,9.61805,;inf,1558,9.66814,;inf,1561,9.71822,;inf,1566,9.76833,;inf,1568,9.81842,;inf,1569,9.8685,;inf,1570,9.91858,;inf,1572,9.96869,;inf,1575,10.0188,;
inf,392,0.0500799,;inf,486,0.100214,;inf,529,0.150333,;inf,562,0.20045,;inf,588,0.250573,;inf,616,0.300686,;inf,636,0.350765,;inf,667,0.400844,;inf,689,0.450918,;inf,713,0.500994,;inf,742,0.55111,;inf,756,0.601202,;inf,763,0.651318,;inf,778,0.701393,;inf,787,0.751474,;inf,793,0.80156,;inf,799,0.851673,;inf,816,0.901762,;inf,828,0.951848,;inf,844,1.00198,;inf,854,1.0521,;inf,874,1.10217,;inf,895,1.15227,;inf,900,1.20238,;inf,909,1.25249,;inf,923,1.30258,;inf,929,1.35268,;inf,941,1.4028,;inf,949,1.45288,;inf,953,1.50298,;inf,958,1.55306,;inf,968,1.60314,;inf,981,1.65322,;inf,997,1.70331,;inf,1006,1.75339,;inf,1018,1.8035,;inf,1025,1.85359,;inf,1029,1.90371,;inf,1036,1.9538,;inf,1044,2.00392,;inf,1048,2.054,;inf,1051,2.10413,;inf,1065,2.15418,;inf,1072,2.20429,;inf,1085,2.25437,;inf,1100,2.30445,;inf,1106,2.35453,;inf,1111,2.40464,;inf,1119,2.45472,;inf,1128,2.50481,;inf,1138,2.55493,;inf,1141,2.60501,;inf,1150,2.65508,;inf,1155,2.70516,;inf,1161,2.75529,;inf,1168,2.80539,;inf,1176,2.85552,;inf,1188,2.90559,;inf,1191,2.95567,;inf,1195,3.00576,;inf,1203,3.05584,;inf,1205,3.10592,;inf,1213,3.15599,;inf,1220,3.20608,;inf,1225,3.25615,;inf,1233,3.30627,;inf,1236,3.35637,;inf,1238,3.40645,;inf,1248,3.45655,;inf,1250,3.50664,;inf,1255,3.55671,;inf,1258,3.6068,;inf,1260,3.65688,;inf,1265,3.707,;inf,1268,3.75708,;inf,1271,3.80717,;inf,1275,3.85726,;inf,1279,3.90737,;inf,1280,3.95746,;inf,1286,4.00754,;inf,1291,4.05763,;inf,1298,4.10775,;inf,1301,4.15784,;inf,1309,4.20792,;inf,1314,4.25801,;inf,1315,4.30813,;inf,1324,4.35822,;inf,1328,4.4083,;inf,1331,4.45838,;inf,1335,4.50848,;inf,1337,4.55856,;inf,1341,4.60866,;inf,1353,4.65877,;inf,1353,4.70884,;inf,1361,4.75892,;inf,1364,4.80903,;inf,1370,4.85911,;inf,1376,4.9092,;inf,1379,4.95932,;inf,1385,5.0094,;inf,1388,5.05951,;inf,1390,5.10961,;inf,1395,5.15969,;inf,1400,5.20979,;inf,1402,5.2599,;inf,1411,5.30999,;inf,1413,5.36006,;inf,1419,5.41014,;inf,1424,5.46025,;inf,1429,5.51037,;inf,1434,5.56044,;inf,1435,5.61051,;inf,1436,5.66062,;inf,1440,5.71073,;inf,1446,5.76085,;inf,1452,5.81092,;inf,1460,5.861,;inf,1462,5.91114,;inf,1464,5.96122,;inf,1469,6.01131,;inf,1470,6.06141,;inf,1471,6.11152,;inf,1472,6.16161,;inf,1475,6.21169,;inf,1478,6.26179,;inf,1481,6.31188,;inf,1488,6.36198,;inf,1491,6.4121,;inf,1494,6.46221,;inf,1501,6.51236,;inf,1502,6.56244,;inf,1508,6.61258,;inf,1509,6.66266,;inf,1516,6.71277,;inf,1519,6.76285,;inf,1523,6.81292,;inf,1530,6.86307,;inf,1535,6.91316,;inf,1537,6.96327,;inf,1537,7.01336,;inf,1550,7.06343,;inf,1554,7.11355,;inf,1556,7.16366,;inf,1559,7.21377,;inf,1560,7.26388,;inf,1561,7.31397,;inf,1563,7.36409,;inf,1564,7.41421,;inf,1568,7.46432,;inf,1569,7.5144,;inf,1570,7.5645,;inf,1572,7.61459,;inf,1573,7.66471,;inf,1577,7.71479,;inf,1580,7.76486,;inf,1581,7.81493,;inf,1583,7.865,;inf,1584,7.91512,;inf,1588,7.9652,;inf,1591,8.01532,;inf,1592,8.0654,;inf,1593,8.11548,;inf,1600,8.16557,;inf,1603,8.21565,;inf,1606,8.26574,;inf,1607,8.31586,;inf,1608,8.36593,;inf,1612,8.41601,;inf,1617,8.46609,;inf,1618,8.51621,;inf,1619,8.56629,;inf,1621,8.6164,;inf,1626,8.66652,;inf,1626,8.71661,;inf,1627,8.7667,;inf,1630,8.81677,;inf,1631,8.86686,;inf,1636,8.91694,;inf,1640,8.96703,;inf,1641,9.01712,;inf,1642,9.06728,;inf,1651,9.11737,;inf,1657,9.16748,;inf,1661,9.21757,;inf,1669,9.2677,;inf,1671,9.31778,;inf,1674,9.3679,;inf,1677,9.41799,;inf,1684,9.46811,;inf,1687,9.51823,;inf,1688,9.56832,;inf,1690,9.6184,;inf,1697,9.66849,;inf,1699,9.71861,;inf,1701,9.76868,;inf,1703,9.81881,;inf,1703,9.86888,;inf,1708,9.91899,;inf,1712,9.96909,;inf,1716,10.0192,;inf,1717,10.0693,;
inf,275,0.0500653,;inf,337,0.100152,;inf,386,0.150244,;inf,415,0.200339,;inf,436,0.250436,;inf,460,0.300533,;inf,482,0.350623,;inf,489,0.400718,;inf,508,0.450812,;inf,534,0.500908,;inf,551,0.550993,;inf,571,0.601072,;inf,581,0.651157,;inf,589,0.70125,;inf,599,0.751347,;inf,604,0.801443,;inf,610,0.851536,;inf,620,0.901631,;inf,640,0.951716,;inf,645,1.0018,;inf,657,1.05193,;inf,669,1.10206,;inf,682,1.15214,;inf,691,1.20226,;inf,709,1.25235,;inf,730,1.30244,;inf,745,1.35254,;inf,762,1.40267,;inf,772,1.45275,;inf,781,1.50284,;inf,792,1.55293,;inf,796,1.60307,;inf,805,1.65316,;inf,813,1.70324,;inf,828,1.75332,;inf,839,1.80341,;inf,847,1.85349,;inf,855,1.90358,;inf,865,1.95366,;inf,868,2.00374,;inf,871,2.05383,;inf,875,2.10391,;inf,879,2.15403,;inf,887,2.20411,;inf,900,2.2542,;inf,908,2.30429,;inf,913,2.35438,;inf,919,2.40447,;inf,922,2.45459,;inf,926,2.50468,;inf,931,2.55478,;inf,937,2.60488,;inf,943,2.655,;inf,947,2.70509,;inf,954,2.75521,;inf,956,2.80533,;inf,968,2.85541,;inf,972,2.90549,;inf,976,2.95556,;inf,983,3.00568,;inf,986,3.05576,;inf,992,3.10586,;inf,996,3.15598,;inf,998,3.20609,;inf,1007,3.25616,;inf,1011,3.30628,;inf,1012,3.35637,;inf,1019,3.40649,;inf,1026,3.45657,;inf,1027,3.50668,;inf,1030,3.55678,;inf,1036,3.60686,;inf,1041,3.65694,;inf,1046,3.70707,;inf,1054,3.75715,;inf,1057,3.80723,;inf,1065,3.85731,;inf,1070,3.90743,;inf,1076,3.95751,;inf,1080,4.00769,;inf,1086,4.05781,;inf,1091,4.10792,;inf,1092,4.15801,;inf,1107,4.20809,;inf,1112,4.25822,;inf,1116,4.30831,;inf,1119,4.35843,;inf,1124,4.40853,;inf,1131,4.45865,;inf,1133,4.50874,;inf,1137,4.55886,;inf,1140,4.60895,;inf,1144,4.65907,;inf,1147,4.70916,;inf,1151,4.75928,;inf,1153,4.80937,;inf,1156,4.85945,;inf,1159,4.90957,;inf,1161,4.95966,;inf,1163,5.00975,;inf,1164,5.05984,;inf,1166,5.10992,;inf,1173,5.15997,;inf,1176,5.21005,;inf,1178,5.26013,;inf,1183,5.31022,;inf,1185,5.36031,;inf,1187,5.41041,;inf,1192,5.46051,;inf,1198,5.51064,;inf,1200,5.56073,;inf,1206,5.61083,;inf,1209,5.66092,;inf,1210,5.71104,;inf,1212,5.76113,;inf,1214,5.81123,;inf,1217,5.86132,;inf,1219,5.9114,;
inf,331,0.0500507,;inf,417,0.100142,;inf,461,0.150228,;inf,497,0.200317,;inf,541,0.250424,;inf,556,0.300515,;inf,583,0.350611,;inf,592,0.400696,;inf,615,0.450795,;inf,626,0.500893,;inf,639,0.550976,;inf,659,0.601092,;inf,678,0.651209,;inf,695,0.701298,;inf,701,0.751393,;inf,711,0.801513,;inf,731,0.851631,;inf,744,0.901719,;inf,763,0.951848,;inf,768,1.00197,;inf,773,1.05205,;inf,789,1.10214,;inf,801,1.15222,;inf,809,1.2023,;inf,815,1.25238,;inf,818,1.30246,;inf,826,1.35253,;inf,831,1.40261,;inf,840,1.45269,;inf,848,1.50277,;inf,859,1.55285,;inf,868,1.60298,;inf,873,1.65307,;inf,875,1.70317,;inf,885,1.75326,;
inf,1325,0.0501043,;inf,1396,0.100231,;inf,1424,0.150351,;inf,1462,0.200475,;inf,1494,0.250565,;inf,1512,0.300694,;inf,1540,0.350777,;inf,1558,0.400899,;inf,1565,0.451017,;inf,1589,0.501115,;inf,1602,0.551224,;inf,1614,0.601316,;inf,1629,0.651405,;inf,1648,0.701489,;inf,1661,0.751579,;inf,1675,0.801659,;inf,1687,0.85175,;inf,1695,0.901853,;inf,1704,0.951949,;inf,1715,1.00205,;inf,1734,1.05215,;inf,1747,1.10228,;inf,1760,1.15236,;inf,1771,1.20245,;inf,1780,1.25254,;inf,1786,1.30263,;inf,1792,1.35271,;inf,1794,1.4028,;inf,1804,1.4529,;inf,1814,1.50303,;inf,1820,1.55315,;inf,1829,1.60323,;inf,1836,1.65331,;inf,1841,1.70338,;inf,1851,1.75346,;inf,1855,1.80355,;inf,1862,1.85364,;inf,1868,1.90373,;inf,1876,1.95382,;inf,1878,2.00391,;inf,1884,2.05403,;inf,1891,2.10412,;inf,1898,2.15421,;inf,1910,2.20429,;inf,1920,2.25441,;inf,1926,2.3045,;inf,1936,2.35459,;inf,1942,2.40468,;inf,1949,2.45477,;inf,1954,2.50486,;inf,1955,2.55498,;inf,1962,2.60507,;inf,1967,2.65515,;inf,1975,2.70523,;inf,1978,2.75532,;inf,1986,2.80541,;inf,1993,2.85554,;inf,1999,2.90564,;inf,2001,2.95576,;inf,2009,3.00584,;inf,2011,3.05593,;inf,2014,3.10602,;inf,2019,3.15615,;inf,2024,3.20629,;inf,2033,3.25637,;inf,2035,3.30646,;inf,2041,3.35655,;inf,2042,3.40668,;inf,2042,3.45677,;inf,2042,3.5069,;inf,2046,3.55699,;inf,2053,3.60709,;inf,2055,3.65719,;inf,2059,3.70729,;inf,2062,3.75738,;inf,2063,3.80746,;inf,2068,3.85755,;inf,2072,3.90763,;inf,2074,3.95772,;inf,2080,4.0078,;inf,2085,4.05788,;inf,2092,4.10797,;inf,2095,4.15806,;inf,2101,4.20815,;inf,2104,4.25823,;inf,2106,4.30834,;inf,2111,4.35842,;inf,2116,4.40852,;inf,2118,4.45864,;inf,2122,4.50874,;inf,2125,4.55883,;inf,2131,4.60892,;inf,2135,4.65901,;inf,2141,4.7091,;inf,2144,4.75918,;inf,2148,4.80927,;inf,2150,4.85936,;inf,2152,4.90945,;inf,2155,4.95954,;inf,2157,5.00962,;inf,2160,5.05971,;inf,2161,5.10979,;inf,2168,5.15987,;inf,2169,5.20996,;inf,2169,5.26004,;inf,2169,5.31012,;inf,2169,5.36018,;inf,2172,5.41026,;inf,2175,5.46034,;inf,2177,5.51043,;inf,2178,5.56051,;inf,2182,5.6106,;inf,2186,5.66068,;
inf,323,0.050057,;inf,393,0.100129,;inf,451,0.150202,;inf,480,0.200293,;inf,531,0.250378,;inf,555,0.300491,;inf,581,0.350574,;inf,600,0.40065,;inf,624,0.450731,;inf,641,0.500822,;inf,660,0.550897,;inf,671,0.600983,;
inf,372,0.0501005,;inf,430,0.100192,;inf,467,0.150308,;inf,495,0.200419,;inf,519,0.25053,;inf,550,0.300611,;inf,571,0.350727,;inf,589,0.400839,;inf,608,0.450952,;inf,622,0.50107,;inf,641,0.551185,;inf,648,0.601256,;inf,660,0.651339,;inf,668,0.701453,;inf,681,0.75157,;inf,687,0.80165,;inf,699,0.851839,;inf,716,0.901953,;inf,726,0.952029,;inf,735,1.00214,;inf,745,1.05223,;inf,754,1.10234,;inf,757,1.15242,;inf,762,1.20254,;inf,768,1.25263,;inf,774,1.30271,;inf,781,1.35282,;inf,788,1.40294,;inf,801,1.45301,;inf,807,1.50313,;inf,815,1.55323,;inf,817,1.60332,;inf,830,1.65339,;inf,837,1.70354,;inf,844,1.75364,;inf,849,1.80373,;inf,855,1.85388,;inf,859,1.90396,;inf,869,1.95405,;inf,874,2.00414,;inf,877,2.05422,;inf,885,2.10432,;inf,895,2.15443,;inf,899,2.20452,;inf,903,2.25464,;inf,908,2.30475,;inf,913,2.35483,;inf,921,2.40495,;inf,930,2.45506,;inf,932,2.50517,;inf,935,2.55525,;inf,940,2.60535,;inf,941,2.65545,;inf,944,2.70556,;inf,950,2.75567,;inf,952,2.80579,;inf,960,2.85586,;inf,963,2.90594,;inf,968,2.95602,;inf,973,3.0061,;inf,977,3.05617,;inf,982,3.10624,;inf,986,3.15632,;inf,990,3.20639,;inf,998,3.25647,;inf,1007,3.30658,;inf,1009,3.35666,;inf,1018,3.40675,;inf,1019,3.45684,;inf,1023,3.50696,;inf,1029,3.55707,;inf,1037,3.60715,;inf,1041,3.65721,;inf,1046,3.7073,;inf,1052,3.75738,;inf,1058,3.80746,;inf,1059,3.85754,;inf,1061,3.90763,;inf,1063,3.9577,;inf,1067,4.00778,;inf,1070,4.05786,;inf,1070,4.10793,;inf,1071,4.15801,;inf,1074,4.20809,;inf,1076,4.25817,;inf,1084,4.30825,;inf,1086,4.35833,;inf,1089,4.40841,;inf,1095,4.45853,;inf,1099,4.50863,;inf,1101,4.55873,;inf,1102,4.60882,;inf,1104,4.65891,;inf,1108,4.70899,;inf,1109,4.75906,;inf,1111,4.80914,;inf,1113,4.85922,;inf,1118,4.90931,;inf,1120,4.9594,;inf,1125,5.00948,;inf,1128,5.05956,;inf,1134,5.10964,;inf,1137,5.15973,;inf,1140,5.20981,;inf,1142,5.25989,;inf,1144,5.30997,;inf,1146,5.36005,;inf,1149,5.41013,;inf,1151,5.46021,;inf,1153,5.51029,;inf,1154,5.56037,;inf,1155,5.61045,;inf,1158,5.66053,;inf,1160,5.71061,;inf,1162,5.76069,;inf,1164,5.81078,;inf,1169,5.86086,;inf,1170,5.91094,;inf,1172,5.96102,;inf,1174,6.01111,;inf,1177,6.06119,;inf,1180,6.11127,;inf,1183,6.16136,;
inf,815,0.0500664,;inf,867,0.100193,;inf,906,0.150316,;inf,943,0.200412,;inf,980,0.25051,;inf,1000,0.300629,;inf,1031,0.350748,;inf,1057,0.400867,;inf,1075,0.450983,;inf,1094,0.501102,;inf,1119,0.551222,;inf,1131,0.60131,;inf,1144,0.651434,;inf,1160,0.701558,;inf,1174,0.751686,;inf,1182,0.801767,;inf,1195,0.851861,;inf,1209,0.901946,;inf,1219,0.952046,;inf,1225,1.00215,;inf,1232,1.05227,;inf,1242,1.10235,;inf,1251,1.15244,;inf,1258,1.20253,;inf,1272,1.25265,;inf,1279,1.30276,;inf,1287,1.35287,;inf,1301,1.40299,;inf,1308,1.45308,;inf,1320,1.5032,;inf,1334,1.55329,;inf,1336,1.60338,;inf,1352,1.65347,;inf,1355,1.70355,;inf,1369,1.75367,;inf,1376,1.8038,;inf,1381,1.85388,;inf,1389,1.90397,;inf,1395,1.95407,;inf,1398,2.00419,;inf,1407,2.05429,;inf,1411,2.10441,;inf,1415,2.1545,;inf,1421,2.20459,;inf,1429,2.25468,;inf,1434,2.30478,;inf,1437,2.35491,;inf,1440,2.40503,;inf,1443,2.45515,;inf,1447,2.50527,;inf,1454,2.55537,;inf,1468,2.60544,;inf,1472,2.65552,;inf,1475,2.70561,;inf,1480,2.75571,;inf,1485,2.8058,;inf,1487,2.85591,;inf,1494,2.90599,;inf,1499,2.95611,;inf,1512,3.0062,;inf,1514,3.05633,;inf,1520,3.10642,;inf,1530,3.1565,;inf,1535,3.20658,;inf,1539,3.2567,;inf,1543,3.30679,;inf,1547,3.35688,;inf,1551,3.40698,;inf,1553,3.45706,;inf,1559,3.5072,;inf,1561,3.55731,;inf,1567,3.60743,;inf,1571,3.65751,;inf,1582,3.70759,;inf,1587,3.75769,;inf,1589,3.80779,;inf,1595,3.8579,;inf,1596,3.90799,;inf,1600,3.95809,;inf,1606,4.00818,;inf,1611,4.05828,;inf,1613,4.10838,;inf,1616,4.15848,;inf,1626,4.20857,;inf,1631,4.25865,;inf,1631,4.30875,;inf,1641,4.35889,;inf,1643,4.40896,;inf,1645,4.45905,;inf,1648,4.50914,;inf,1653,4.55922,;inf,1656,4.60934,;inf,1658,4.65942,;inf,1659,4.70955,;inf,1666,4.75966,;inf,1666,4.80974,;inf,1671,4.85983,;inf,1673,4.90991,;inf,1679,4.96002,;inf,1682,5.01012,;inf,1683,5.06023,;inf,1685,5.11033,;inf,1688,5.16042,;inf,1689,5.2105,;inf,1693,5.26059,;inf,1698,5.31069,;inf,1701,5.36078,;inf,1703,5.4109,;inf,1707,5.46105,;inf,1709,5.51115,;inf,1711,5.56123,;inf,1713,5.61131,;inf,1714,5.66141,;inf,1719,5.71153,;inf,1720,5.76162,;inf,1724,5.81171,;inf,1725,5.86183,;inf,1728,5.91191,;inf,1729,5.962,;inf,1737,6.01208,;inf,1744,6.06217,;inf,1749,6.11226,;inf,1751,6.16236,;inf,1755,6.21248,;inf,1761,6.26264,;inf,1762,6.31273,;inf,1765,6.36282,;inf,1765,6.41293,;inf,1769,6.46303,;inf,1773,6.51317,;inf,1777,6.56326,;inf,1782,6.61335,;inf,1782,6.66345,;inf,1783,6.71353,;inf,1786,6.76365,;inf,1787,6.81374,;inf,1790,6.86382,;inf,1801,6.9139,;inf,1804,6.96399,;inf,1806,7.01408,;inf,1808,7.06418,;inf,1815,7.11428,;inf,1820,7.16437,;inf,1823,7.21446,;inf,1824,7.26458,;inf,1829,7.31466,;inf,1832,7.36474,;inf,1833,7.41482,;inf,1836,7.46495,;inf,1837,7.51503,;inf,1838,7.56512,;inf,1841,7.6152,;inf,1844,7.66534,;inf,1848,7.71547,;inf,1850,7.76558,;inf,1851,7.81567,;inf,1852,7.86578,;inf,1853,7.91587,;inf,1857,7.96595,;inf,1858,8.01603,;inf,1858,8.06612,;inf,1859,8.11624,;inf,1861,8.16634,;inf,1862,8.21646,;inf,1864,8.26654,;inf,1870,8.31668,;inf,1871,8.36676,;inf,1874,8.41685,;inf,1876,8.46694,;inf,1883,8.51707,;inf,1885,8.56716,;inf,1886,8.61729,;inf,1888,8.6674,;inf,1890,8.71752,;inf,1890,8.76764,;inf,1893,8.81777,;inf,1894,8.86789,;inf,1898,8.91797,;inf,1903,8.9681,;inf,1904,9.0182,;inf,1906,9.06832,;inf,1906,9.1184,;inf,1907,9.1685,;inf,1910,9.21858,;inf,1913,9.26866,;inf,1915,9.31875,;inf,1917,9.36886,;inf,1920,9.41895,;inf,1920,9.46905,;inf,1923,9.51914,;inf,1926,9.56926,;inf,1929,9.61936,;inf,1934,9.66948,;inf,1934,9.71956,;inf,1937,9.76968,;inf,1940,9.81979,;inf,1942,9.86988,;inf,1942,9.92,;inf,1947,9.9701,;inf,1948,10.0202,;
inf,289,0.0500712,;inf,361,0.100195,;inf,393,0.150292,;inf,430,0.200413,;inf,464,0.250508,;inf,492,0.300609,;inf,512,0.350693,;inf,536,0.400777,;inf,552,0.450869,;inf,578,0.500968,;inf,592,0.551061,;inf,604,0.601163,;inf,612,0.651255,;inf,626,0.701354,;inf,634,0.751444,;inf,645,0.801544,;inf,654,0.851624,;inf,662,0.901701,;inf,672,0.951793,;inf,681,1.00192,;inf,690,1.05204,;inf,699,1.10213,;inf,706,1.15221,;inf,718,1.20233,;inf,727,1.25245,;
inf,381,0.0500848,;inf,449,0.10018,;inf,490,0.150316,;inf,542,0.200436,;inf,571,0.250556,;inf,596,0.300674,;inf,615,0.350761,;inf,634,0.400891,;inf,650,0.450979,;inf,660,0.501076,;inf,670,0.551177,;inf,688,0.601307,;inf,709,0.651402,;inf,726,0.701493,;inf,744,0.751593,;inf,761,0.801716,;inf,775,0.851842,;inf,791,0.901968,;inf,803,0.952064,;inf,813,1.00224,;inf,820,1.05232,;inf,835,1.10245,;inf,842,1.15254,;inf,852,1.2027,;inf,862,1.25279,;inf,875,1.30291,;inf,885,1.35303,;inf,892,1.40312,;inf,897,1.45321,;inf,905,1.50331,;inf,912,1.55339,;inf,922,1.60348,;inf,927,1.65356,;inf,938,1.70363,;inf,943,1.75374,;inf,948,1.80383,;inf,954,1.85392,;inf,957,1.90399,;inf,965,1.95411,;inf,969,2.00419,;inf,981,2.05428,;inf,993,2.10435,;inf,999,2.15446,;inf,1002,2.20454,;inf,1008,2.25463,;inf,1013,2.3047,;inf,1014,2.35477,;inf,1022,2.40484,;inf,1029,2.45492,;inf,1033,2.505,;inf,1037,2.55507,;inf,1043,2.60515,;inf,1046,2.65522,;inf,1048,2.7053,;inf,1052,2.75538,;inf,1060,2.8055,;inf,1067,2.85559,;inf,1071,2.9057,;inf,1075,2.9558,;inf,1078,3.00591,;inf,1083,3.05599,;inf,1085,3.10607,;inf,1086,3.15618,;inf,1091,3.20626,;inf,1094,3.25637,;inf,1100,3.30648,;inf,1105,3.35657,;
.
