OMPL version 
Experiment wasserstein
5 experiment properties
Q_value double = 0.200000
R double = 0.100000
R_bad_value double = 5.000000
bias_value double = 0.200000
first_solution bool = 0
Running on Vivaldi
Starting at 2024-07-06 20:37:09
<<<|
Properties of the state space 'R2_BELIEFRealVectorSpace0'
  - signature: 2 1 2 
  - dimension: 2
  - extent: 141.421
  - sanity checks for state space passed
  - probability of valid states: 0.734
  - average length of a valid motion: 26.9293
  - average number of samples drawn per second: sampleUniform()=2.39091e+07 sampleUniformNear()=2.48781e+07 sampleGaussian()=1.17187e+07
Settings for the state space 'R2_BELIEFRealVectorSpace0'
  - state validity check resolution: 1%
  - valid segment count factor: 1
  - state space:
Real vector state space 'R2_BELIEFRealVectorSpace0' of dimension 2 with bounds: 
  - min: 0 0 
  - max: 100 100 

Declared parameters:
longest_valid_segment_fraction = 0.01
max_control_duration = 20
min_control_duration = 1
projection.cellsize.0 = 5
projection.cellsize.1 = 5
projection.cellsize_factor = 0
propagation_step_size = 0.1
valid_segment_count_factor = 1
Valid state sampler named uniform with parameters:
nr_attempts = 100
  - control space:
Real vector control space 'RealVectorControl[R2_BELIEFRealVectorSpace0]' with bounds: 
  - min: -10 -10 
  - max: 10 10 
  - can propagate backward: no
  - propagation step size: 0.1
  - propagation duration: [1, 20]
Planner KPIECE1 specs:
Multithreaded:                 No
Reports approximate solutions: Yes
Can optimize solutions:        No
Aware of the following parameters: bad_score_factor border_fraction goal_bias good_score_factor max_close_samples
Declared parameters for planner KPIECE1:
bad_score_factor = 0.45
border_fraction = 0.8
goal_bias = 0.05
good_score_factor = 0.9
max_close_samples = 30
Start states:
RealVectorState [1 1]
Goal region, threshold = 10, memory address = 0x149a9a0
Optimization Objective: Path Length @0x149a100
Optimization Threshold: 0
Average state cost: 0
There are 1 solutions

Properties of benchmarked planners:
Planner SSBT specs:
Multithreaded:                 No
Reports approximate solutions: Yes
Can optimize solutions:        No
Aware of the following parameters: goal_bias pruning_radius selection_radius
Planner mod_RRT specs:
Multithreaded:                 No
Reports approximate solutions: Yes
Can optimize solutions:        No
Aware of the following parameters: goal_bias intermediate_states
|>>>
<<<|
Architecture:                       x86_64
CPU op-mode(s):                     32-bit, 64-bit
Byte Order:                         Little Endian
Address sizes:                      39 bits physical, 48 bits virtual
CPU(s):                             16
On-line CPU(s) list:                0-15
Thread(s) per core:                 2
Core(s) per socket:                 8
Socket(s):                          1
NUMA node(s):                       1
Vendor ID:                          GenuineIntel
CPU family:                         6
Model:                              167
Model name:                         11th Gen Intel(R) Core(TM) i7-11700K @ 3.60GHz
Stepping:                           1
CPU MHz:                            2288.384
CPU max MHz:                        5000.0000
CPU min MHz:                        800.0000
BogoMIPS:                           7200.00
Virtualization:                     VT-x
L1d cache:                          384 KiB
L1i cache:                          256 KiB
L2 cache:                           4 MiB
L3 cache:                           16 MiB
NUMA node0 CPU(s):                  0-15
Vulnerability Gather data sampling: Mitigation; Microcode
Vulnerability Itlb multihit:        Not affected
Vulnerability L1tf:                 Not affected
Vulnerability Mds:                  Not affected
Vulnerability Meltdown:             Not affected
Vulnerability Mmio stale data:      Mitigation; Clear CPU buffers; SMT vulnerable
Vulnerability Retbleed:             Mitigation; Enhanced IBRS
Vulnerability Spec rstack overflow: Not affected
Vulnerability Spec store bypass:    Mitigation; Speculative Store Bypass disabled via prctl and seccomp
Vulnerability Spectre v1:           Mitigation; usercopy/swapgs barriers and __user pointer sanitization
Vulnerability Spectre v2:           Mitigation; Enhanced IBRS, IBPB conditional, RSB filling, PBRSB-eIBRS SW sequence
Vulnerability Srbds:                Not affected
Vulnerability Tsx async abort:      Not affected
Flags:                              fpu vme de pse tsc msr pae mce cx8 apic sep mtrr pge mca cmov pat pse36 clflush dts acpi mmx fxsr sse sse2 ss ht tm pbe syscall nx pdpe1gb rdtscp lm constant_tsc art arch_perfmon pebs bts rep_good nopl xtopology nonstop_tsc cpuid aperfmperf tsc_known_freq pni pclmulqdq dtes64 monitor ds_cpl vmx smx est tm2 ssse3 sdbg fma cx16 xtpr pdcm pcid sse4_1 sse4_2 x2apic movbe popcnt tsc_deadline_timer aes xsave avx f16c rdrand lahf_lm abm 3dnowprefetch cpuid_fault epb invpcid_single ssbd ibrs ibpb stibp ibrs_enhanced tpr_shadow vnmi flexpriority ept vpid ept_ad fsgsbase tsc_adjust bmi1 avx2 smep bmi2 erms invpcid mpx avx512f avx512dq rdseed adx smap avx512ifma clflushopt intel_pt avx512cd sha_ni avx512bw avx512vl xsaveopt xsavec xgetbv1 xsaves dtherm ida arat pln pts hwp hwp_notify hwp_act_window hwp_epp hwp_pkg_req avx512vbmi umip pku ospke avx512_vbmi2 gfni vaes vpclmulqdq avx512_vnni avx512_bitalg avx512_vpopcntdq rdpid fsrm md_clear flush_l1d arch_capabilities
|>>>
10943691832637704 is the random seed
10 seconds per run
1000 MB per run
100 runs per planner
1034.15 seconds spent to collect the data
1 enum type
status|Unknown status|Invalid start|Invalid goal|Unrecognized goal type|Timeout|Approximate solution|Exact solution|Crash|Unknown status
2 planners
control_SSBT
11 common properties
goal_bias = 0.05
longest_valid_segment_fraction = 0.01
max_control_duration = 20
min_control_duration = 1
projection.cellsize.0 = 5
projection.cellsize.1 = 5
projection.cellsize_factor = 0
propagation_step_size = 0.1
pruning_radius = 1
selection_radius = 5
valid_segment_count_factor = 1
15 properties for each run
approximate solution BOOLEAN
best cost REAL
correct solution BOOLEAN
graph motions INTEGER
graph states INTEGER
memory REAL
solution clearance REAL
solution difference REAL
solution length REAL
solution path length REAL
solution segments INTEGER
solved BOOLEAN
status ENUM
time REAL
valid segment fraction REAL
100 runs
0; 515.526975; 1; 19679; 19681; 33.6992; 0; 0; 22.1; 235.032; 20; 1; 6; 10.0191; 0; 
0; 516.590002; 1; 19212; 19214; 35.4336; 0; 0; 22.3; 229.497; 18; 1; 6; 10.0213; 0; 
0; 532.529496; 1; 19078; 19080; 36.3594; 0; 0; 23.4; 220.341; 18; 1; 6; 10.0514; 0; 
0; 524.441154; 1; 19240; 19242; 37.3672; 0; 0; 22.8; 224.951; 23; 1; 6; 10.0732; 0; 
0; 489.672631; 1; 19355; 19357; 40.9727; 0; 0; 20.9; 225.444; 19; 1; 6; 10.0469; 0; 
0; 519.788610; 1; 18443; 18445; 42.5195; 0; 0; 22.5; 228.82; 19; 1; 6; 10.0047; 0; 
0; 532.275006; 1; 18775; 18777; 42.375; 0; 0; 23; 234.555; 21; 1; 6; 10.1014; 0; 
0; 493.419244; 1; 19264; 19266; 42.375; 0; 0; 20.9; 234.691; 20; 1; 6; 10.0013; 0; 
0; 488.530235; 1; 18929; 18931; 45.207; 0; 0; 21; 218.656; 18; 1; 6; 10.0425; 0; 
0; 520.417825; 1; 19892; 19894; 46.4961; 0; 0; 22.5; 228.98; 21; 1; 6; 10.1032; 0; 
0; 510.105138; 1; 18642; 18644; 47.5273; 0; 0; 22.2; 218.953; 22; 1; 6; 10.004; 0; 
0; 532.113842; 1; 18015; 18017; 48.8164; 0; 0; 22.9; 238.343; 21; 1; 6; 10.0965; 0; 
0; 520.533977; 1; 19145; 19147; 49.5898; 0; 0; 22.7; 220.63; 20; 1; 6; 10.0414; 0; 
0; 537.052857; 1; 18723; 18725; 48.6133; 0; 0; 23.5; 224.289; 21; 1; 6; 10.0186; 0; 
0; 509.701467; 1; 18565; 18567; 48.8438; 0; 0; 22; 226.788; 21; 1; 6; 10.0137; 0; 
0; 516.478344; 1; 18780; 18782; 49.8086; 0; 0; 22.3; 230.1; 22; 1; 6; 10.0427; 0; 
0; 518.773621; 1; 18271; 18273; 50.9648; 0; 0; 22.6; 221.602; 22; 1; 6; 10.0406; 0; 
0; 531.464400; 1; 18633; 18635; 51.8164; 0; 0; 23.3; 221.138; 18; 1; 6; 10.0186; 0; 
0; 508.114445; 1; 19638; 19640; 55.1641; 0; 0; 21.9; 227.539; 23; 1; 6; 10.0795; 0; 
0; 485.860831; 1; 17446; 17448; 57.9883; 0; 0; 21; 214.146; 19; 1; 6; 10.0165; 0; 
0; 506.537115; 1; 19494; 19496; 56.9648; 0; 0; 21.8; 227.857; 19; 1; 6; 10.0156; 0; 
0; 508.226382; 1; 18573; 18575; 56.9609; 0; 0; 21.9; 227.688; 17; 1; 6; 10.0198; 0; 
0; 520.620023; 1; 18545; 18547; 57.3047; 0; 0; 22.4; 233.578; 23; 1; 6; 10.0632; 0; 
0; 507.900395; 1; 18926; 18928; 58.2461; 0; 0; 22; 221.269; 18; 1; 6; 10.0055; 0; 
0; 540.862845; 1; 19144; 19146; 61.5938; 0; 0; 23.7; 226.018; 19; 1; 6; 10.0352; 0; 
0; 503.931536; 1; 18564; 18566; 64.1719; 0; 0; 21.7; 225.982; 18; 1; 6; 10.021; 0; 
0; 497.407667; 1; 18550; 18552; 63.2266; 0; 0; 21.3; 226.905; 20; 1; 6; 10.0371; 0; 
0; 523.906200; 1; 18460; 18462; 63.2266; 0; 0; 22.5; 237.178; 19; 1; 6; 10.0447; 0; 
0; 503.004805; 1; 18101; 18103; 63.6562; 0; 0; 21.7; 222.942; 16; 1; 6; 10.0167; 0; 
0; 534.213799; 1; 18733; 18735; 64.3477; 0; 0; 23.2; 231.523; 22; 1; 6; 10.0363; 0; 
0; 522.120719; 1; 18983; 18985; 65.8281; 0; 0; 22.2; 245.875; 19; 1; 6; 10.0434; 0; 
0; 504.910963; 1; 18236; 18238; 67.0859; 0; 0; 21.6; 231.845; 17; 1; 6; 10.0223; 0; 
0; 489.212725; 1; 17354; 17356; 67.7383; 0; 0; 21; 222.121; 15; 1; 6; 10.0582; 0; 
0; 519.543730; 1; 19150; 19152; 68.3984; 0; 0; 22.5; 226.502; 20; 1; 6; 10.0369; 0; 
0; 512.211874; 1; 18719; 18721; 72.2617; 0; 0; 22; 232.15; 19; 1; 6; 10.0379; 0; 
0; 506.524694; 1; 18040; 18042; 74.582; 0; 0; 21.8; 227.012; 20; 1; 6; 10.0576; 0; 
0; 511.238085; 1; 17999; 18001; 73.5742; 0; 0; 22; 230.466; 21; 1; 6; 10.0028; 0; 
0; 507.313733; 1; 18365; 18367; 73.5742; 0; 0; 21.9; 224.096; 20; 1; 6; 10.0181; 0; 
0; 501.150840; 1; 17334; 17336; 74.2188; 0; 0; 21.6; 222.972; 18; 1; 6; 10.0089; 0; 
0; 528.646783; 1; 19160; 19162; 74.7656; 0; 0; 22.9; 229.396; 20; 1; 6; 10.0224; 0; 
0; 560.705092; 1; 18424; 18426; 78.6289; 0; 0; 24.5; 235.257; 18; 1; 6; 10.0813; 0; 
0; 510.681464; 1; 17990; 17992; 80.6914; 0; 0; 22.2; 219.104; 20; 1; 6; 10.0578; 0; 
0; 489.010788; 1; 17319; 17321; 79.7969; 0; 0; 21.2; 212.978; 18; 1; 6; 10.0239; 0; 
0; 536.466286; 1; 18971; 18973; 79.7969; 0; 0; 23.5; 223.379; 18; 1; 6; 10.0287; 0; 
0; 511.692493; 1; 19291; 19293; 81.0781; 0; 0; 22.3; 219.447; 18; 1; 6; 10.0758; 0; 
0; 492.530516; 1; 18887; 18889; 84.4258; 0; 0; 21.1; 223.438; 23; 1; 6; 10.0059; 0; 
0; 503.814484; 1; 18776; 18778; 82.9453; 0; 0; 21.8; 221.373; 19; 1; 6; 10.0843; 0; 
0; 518.992459; 1; 18824; 18826; 83.8164; 0; 0; 22.5; 227.836; 22; 1; 6; 10.0825; 0; 
0; 510.559953; 1; 19693; 19695; 85.0195; 0; 0; 22.1; 224.646; 22; 1; 6; 10.0364; 0; 
0; 525.133060; 1; 18559; 18561; 88.8828; 0; 0; 22.7; 231.266; 21; 1; 6; 10.0813; 0; 
0; 502.367866; 1; 18545; 18547; 91.2031; 0; 0; 21.8; 218.458; 19; 1; 6; 10.0431; 0; 
0; 522.189982; 1; 19406; 19408; 90.3594; 0; 0; 22.4; 237.292; 19; 1; 6; 10.0059; 0; 
0; 509.075055; 1; 18517; 18519; 90.3594; 0; 0; 21.9; 229.077; 22; 1; 6; 10.0522; 0; 
0; 519.517341; 1; 18772; 18774; 90.3594; 0; 0; 22.6; 222.753; 25; 1; 6; 10.0461; 0; 
0; 516.345358; 1; 18769; 18771; 91.332; 0; 0; 22.4; 224.236; 20; 1; 6; 10.0264; 0; 
0; 522.801810; 1; 19167; 19169; 92.2969; 0; 0; 22.5; 234.845; 21; 1; 6; 10.0365; 0; 
0; 524.991559; 1; 19394; 19396; 93.5234; 0; 0; 22.5; 239.889; 20; 1; 6; 10.0419; 0; 
0; 528.057263; 1; 19271; 19273; 97.1289; 0; 0; 23; 225.117; 20; 1; 6; 10.0228; 0; 
0; 534.839186; 1; 18966; 18968; 98.6758; 0; 0; 23.1; 236.408; 21; 1; 6; 10.0031; 0; 
0; 540.319949; 1; 19189; 19191; 98.4531; 0; 0; 23.7; 225.309; 21; 1; 6; 10.088; 0; 
0; 523.169093; 1; 18782; 18784; 98.4531; 0; 0; 22.5; 235.554; 18; 1; 6; 10.1031; 0; 
0; 517.268419; 1; 18185; 18187; 98.4531; 0; 0; 22.7; 214.15; 19; 1; 6; 10.0086; 0; 
0; 523.492411; 1; 19163; 19165; 99.3516; 0; 0; 22.6; 231.981; 20; 1; 6; 10.0491; 0; 
0; 521.958855; 1; 18467; 18469; 100.82; 0; 0; 22.8; 222.543; 17; 1; 6; 10.096; 0; 
0; 499.128388; 1; 18947; 18949; 101.418; 0; 0; 21.6; 218.209; 17; 1; 6; 10.0896; 0; 
0; 515.658491; 1; 18606; 18608; 104.766; 0; 0; 22.3; 223.727; 18; 1; 6; 10.0104; 0; 
0; 529.074808; 1; 18806; 18808; 107.086; 0; 0; 23.2; 221.711; 18; 1; 6; 10.0989; 0; 
0; 504.726038; 1; 18402; 18404; 106.293; 0; 0; 21.9; 220.237; 17; 1; 6; 10.0367; 0; 
0; 522.449129; 1; 19254; 19256; 106.293; 0; 0; 22.8; 221.304; 20; 1; 6; 10.0492; 0; 
0; 504.485976; 1; 18672; 18674; 106.984; 0; 0; 21.4; 238.112; 17; 1; 6; 10.0497; 0; 
0; 519.041132; 1; 18982; 18984; 107.766; 0; 0; 22.6; 220.955; 21; 1; 6; 10.0589; 0; 
0; 513.418423; 1; 18512; 18514; 108.91; 0; 0; 22.1; 230.393; 17; 1; 6; 10.0083; 0; 
0; 532.707778; 1; 19286; 19288; 109.867; 0; 0; 23.2; 227.836; 21; 1; 6; 10.0123; 0; 
0; 497.876120; 1; 19658; 19660; 113.473; 0; 0; 21.4; 224.404; 18; 1; 6; 10.0412; 0; 
0; 493.090428; 1; 17972; 17974; 115.793; 0; 0; 21.2; 221.855; 18; 1; 6; 10.0225; 0; 
0; 517.086544; 1; 17962; 17964; 114.844; 0; 0; 22.4; 227.217; 18; 1; 6; 10.0237; 0; 
0; 538.017151; 1; 18636; 18638; 114.844; 0; 0; 23.5; 228.943; 22; 1; 6; 10.0279; 0; 
0; 508.164772; 1; 19397; 19399; 115.102; 0; 0; 21.9; 226.253; 19; 1; 6; 10.0102; 0; 
0; 520.057421; 1; 18251; 18253; 116.402; 0; 0; 22.4; 231.359; 21; 1; 6; 10.0617; 0; 
0; 512.314776; 1; 18452; 18454; 116.934; 0; 0; 22.1; 225.836; 19; 1; 6; 10.0137; 0; 
0; 539.463511; 1; 19546; 19548; 118.066; 0; 0; 23.5; 230.116; 21; 1; 6; 10.06; 0; 
0; 502.553389; 1; 18150; 18152; 119.504; 0; 0; 21.7; 223.781; 21; 1; 6; 10.0176; 0; 
0; 505.766067; 1; 19107; 19109; 119.98; 0; 0; 21.9; 221.157; 19; 1; 6; 10.0676; 0; 
0; 534.114746; 1; 19481; 19483; 123.844; 0; 0; 23.3; 225.571; 19; 1; 6; 10.0729; 0; 
0; 514.458418; 1; 19476; 19478; 125.906; 0; 0; 22.1; 233.398; 18; 1; 6; 10.0549; 0; 
0; 516.910509; 1; 18847; 18849; 125.031; 0; 0; 22.3; 227.602; 17; 1; 6; 10.0338; 0; 
0; 513.687011; 1; 18540; 18542; 125.031; 0; 0; 22.1; 229.04; 18; 1; 6; 10.0696; 0; 
0; 511.839789; 1; 19257; 19259; 125.371; 0; 0; 22.2; 223.765; 21; 1; 6; 10.0801; 0; 
0; 509.422076; 1; 18663; 18665; 126.859; 0; 0; 21.9; 227.41; 18; 1; 6; 10.0473; 0; 
0; 510.837608; 1; 19008; 19010; 127.605; 0; 0; 22.1; 222.531; 16; 1; 6; 10.0281; 0; 
0; 524.095173; 1; 18933; 18935; 128.512; 0; 0; 22.7; 228.966; 28; 1; 6; 10.0622; 0; 
0; 541.660893; 1; 19318; 19320; 129.754; 0; 0; 23.8; 224.342; 22; 1; 6; 10.0498; 0; 
0; 525.097546; 1; 18157; 18159; 130.887; 0; 0; 22.8; 227.334; 20; 1; 6; 10.0543; 0; 
0; 511.407163; 1; 17784; 17786; 131.461; 0; 0; 22.1; 226; 21; 1; 6; 10.0046; 0; 
0; 498.278375; 1; 18575; 18577; 132.16; 0; 0; 21.3; 229.861; 17; 1; 6; 10.0452; 0; 
0; 524.142556; 1; 19261; 19263; 133.566; 0; 0; 22.6; 234.037; 24; 1; 6; 10.042; 0; 
0; 522.375226; 1; 18639; 18641; 137.172; 0; 0; 22.4; 238.827; 21; 1; 6; 10.032; 0; 
0; 530.340624; 1; 19204; 19206; 139.234; 0; 0; 22.8; 240.574; 19; 1; 6; 10.0694; 0; 
0; 514.999039; 1; 18148; 18150; 138.301; 0; 0; 22.5; 216.065; 19; 1; 6; 10.0307; 0; 
0; 544.277227; 1; 19367; 19369; 138.875; 0; 0; 23.7; 229.998; 19; 1; 6; 10.0408; 0; 
2 progress properties for each run
best cost REAL
time REAL
100 runs
inf,0.0500619,;907.744531,0.100138,;907.744531,0.150224,;907.744531,0.200321,;859.246875,0.250398,;859.246875,0.300466,;859.246875,0.350543,;848.786123,0.400632,;848.786123,0.450726,;848.786123,0.500819,;848.786123,0.550912,;808.510334,0.600996,;808.510334,0.651091,;808.510334,0.701176,;808.510334,0.751267,;808.510334,0.801355,;808.510334,0.851436,;808.510334,0.901516,;808.510334,0.951602,;808.510334,1.00171,;808.510334,1.05179,;808.510334,1.10186,;808.510334,1.15195,;808.510334,1.20203,;808.510334,1.25212,;787.531510,1.30227,;784.129230,1.35236,;784.129230,1.40247,;784.129230,1.45254,;774.426062,1.50265,;774.426062,1.55276,;774.426062,1.60284,;774.426062,1.65292,;774.426062,1.70305,;770.699655,1.75316,;770.699655,1.80325,;770.699655,1.85334,;770.699655,1.90346,;770.699655,1.95354,;762.182153,2.00364,;762.182153,2.05373,;762.182153,2.10381,;762.182153,2.15389,;762.182153,2.20397,;762.182153,2.2541,;762.182153,2.30419,;762.182153,2.35431,;762.182153,2.40439,;762.182153,2.45451,;762.182153,2.50459,;762.182153,2.55471,;762.182153,2.60478,;762.182153,2.65488,;762.182153,2.70497,;762.182153,2.75501,;762.182153,2.8051,;762.182153,2.85518,;754.520665,2.90526,;754.520665,2.95537,;754.520665,3.00546,;754.520665,3.05557,;754.520665,3.10565,;754.520665,3.15574,;754.520665,3.20585,;754.520665,3.25593,;754.520665,3.30606,;754.520665,3.35615,;637.864534,3.40628,;637.864534,3.45637,;637.864534,3.50648,;608.387890,3.55656,;608.387890,3.60664,;608.387890,3.65674,;608.387890,3.70681,;564.918060,3.7569,;564.918060,3.80698,;564.918060,3.85707,;564.918060,3.90715,;564.918060,3.95726,;564.918060,4.00734,;564.918060,4.05743,;564.918060,4.10752,;564.918060,4.15764,;564.918060,4.20776,;564.918060,4.25783,;564.918060,4.30791,;564.918060,4.35802,;564.918060,4.4081,;564.918060,4.45818,;564.918060,4.50827,;564.918060,4.55836,;564.918060,4.60845,;564.918060,4.65853,;564.918060,4.7086,;564.918060,4.75868,;564.918060,4.80877,;564.918060,4.8589,;564.918060,4.90901,;564.918060,4.95912,;553.907288,5.00924,;553.907288,5.05931,;553.907288,5.10943,;553.907288,5.15954,;553.907288,5.20966,;553.907288,5.25977,;553.907288,5.30989,;548.896589,5.36001,;548.896589,5.41013,;548.896589,5.46025,;541.636983,5.51033,;541.636983,5.56042,;541.636983,5.61049,;541.636983,5.66057,;541.636983,5.71069,;541.636983,5.76082,;541.636983,5.8109,;541.636983,5.86099,;541.636983,5.91111,;541.636983,5.96122,;541.636983,6.01133,;533.846262,6.06145,;533.846262,6.11156,;533.846262,6.16167,;533.846262,6.21179,;533.846262,6.26187,;533.846262,6.31194,;533.846262,6.36202,;533.846262,6.41214,;533.846262,6.46222,;533.846262,6.51231,;533.846262,6.56242,;533.846262,6.6125,;533.846262,6.66258,;533.846262,6.71267,;533.846262,6.76279,;533.846262,6.81288,;533.846262,6.863,;533.846262,6.91309,;533.846262,6.96317,;533.846262,7.01326,;533.846262,7.06338,;533.846262,7.11346,;533.846262,7.16355,;533.846262,7.21366,;533.846262,7.26374,;533.846262,7.31386,;533.846262,7.36393,;533.846262,7.41405,;533.846262,7.46417,;533.846262,7.51424,;533.846262,7.56436,;533.846262,7.61444,;533.846262,7.66452,;524.277598,7.7146,;524.277598,7.76469,;524.277598,7.81478,;524.277598,7.86487,;524.277598,7.91495,;524.277598,7.96504,;524.277598,8.01515,;524.277598,8.06524,;524.277598,8.11533,;524.277598,8.16545,;524.277598,8.21557,;524.277598,8.26568,;524.277598,8.31579,;524.277598,8.3659,;524.277598,8.41597,;524.277598,8.46608,;524.277598,8.5162,;524.277598,8.56627,;524.277598,8.61639,;524.277598,8.66651,;524.277598,8.71658,;524.277598,8.76666,;524.277598,8.81674,;524.277598,8.86686,;524.277598,8.91697,;524.277598,8.96705,;524.277598,9.01713,;524.277598,9.06721,;524.277598,9.1173,;524.277598,9.16738,;515.526975,9.21746,;515.526975,9.26758,;515.526975,9.31766,;515.526975,9.36775,;515.526975,9.41786,;515.526975,9.46794,;515.526975,9.51803,;515.526975,9.56812,;515.526975,9.61822,;515.526975,9.66831,;515.526975,9.71843,;515.526975,9.76852,;515.526975,9.81861,;515.526975,9.86871,;515.526975,9.9188,;515.526975,9.96888,;515.526975,10.0189,;
inf,0.0500673,;932.409439,0.100158,;932.409439,0.150233,;889.460659,0.200312,;848.214748,0.250389,;848.214748,0.300468,;848.214748,0.350553,;848.214748,0.400638,;848.214748,0.450724,;848.214748,0.500806,;848.214748,0.550885,;848.214748,0.600963,;848.214748,0.651055,;848.214748,0.701176,;848.214748,0.751253,;848.214748,0.801347,;819.002408,0.851504,;819.002408,0.901582,;819.002408,0.951651,;819.002408,1.00174,;819.002408,1.05183,;819.002408,1.1019,;819.002408,1.15199,;819.002408,1.2021,;808.134319,1.25219,;808.134319,1.3023,;808.134319,1.35239,;808.134319,1.4025,;808.134319,1.45261,;808.134319,1.50269,;808.134319,1.55278,;808.134319,1.60288,;808.134319,1.65299,;808.134319,1.70309,;807.269954,1.75321,;807.269954,1.80329,;755.786924,1.85337,;755.786924,1.90347,;755.786924,1.95359,;755.786924,2.00364,;755.786924,2.05376,;755.786924,2.10384,;755.786924,2.15393,;755.786924,2.20401,;755.786924,2.25414,;755.786924,2.30423,;755.786924,2.35431,;755.786924,2.40441,;755.786924,2.45449,;732.949831,2.50458,;732.949831,2.55469,;699.309909,2.60478,;699.309909,2.6549,;699.309909,2.70501,;699.309909,2.75513,;699.309909,2.80524,;699.309909,2.85532,;699.309909,2.90544,;699.309909,2.95555,;699.309909,3.00566,;685.782973,3.05574,;685.782973,3.10583,;685.782973,3.15591,;685.782973,3.20598,;685.782973,3.25608,;685.782973,3.30619,;682.951170,3.35629,;682.951170,3.40638,;682.951170,3.45648,;682.951170,3.50661,;682.951170,3.55669,;682.951170,3.60682,;682.951170,3.65695,;682.951170,3.70707,;670.446074,3.75716,;670.446074,3.80725,;670.446074,3.85738,;670.446074,3.90746,;670.446074,3.95756,;659.891190,4.00767,;632.216334,4.05776,;632.216334,4.10784,;632.216334,4.15794,;632.216334,4.20802,;632.216334,4.25812,;632.216334,4.3082,;632.216334,4.35828,;632.216334,4.40837,;632.216334,4.45845,;621.267035,4.50855,;621.267035,4.55865,;621.267035,4.60875,;547.528955,4.65884,;547.528955,4.70893,;547.528955,4.75901,;547.528955,4.80909,;547.528955,4.85918,;525.074243,4.90928,;525.074243,4.95943,;525.074243,5.00954,;525.074243,5.05963,;525.074243,5.10974,;525.074243,5.15982,;525.074243,5.2099,;525.074243,5.25997,;525.074243,5.31005,;525.074243,5.36018,;525.074243,5.41025,;525.074243,5.46033,;525.074243,5.51041,;525.074243,5.56048,;525.074243,5.61056,;525.074243,5.66064,;525.074243,5.71071,;525.074243,5.7608,;525.074243,5.8109,;525.074243,5.86102,;525.074243,5.91113,;525.074243,5.96121,;525.074243,6.01129,;525.074243,6.06137,;525.074243,6.11149,;525.074243,6.1616,;525.074243,6.21164,;525.074243,6.26173,;525.074243,6.3118,;525.074243,6.36188,;525.074243,6.41196,;525.074243,6.46204,;525.074243,6.51212,;525.074243,6.5622,;525.074243,6.61228,;525.074243,6.66236,;525.074243,6.71243,;525.074243,6.76253,;525.074243,6.8126,;525.074243,6.86269,;525.074243,6.91276,;525.074243,6.96284,;525.074243,7.01294,;525.074243,7.06301,;525.074243,7.11311,;525.074243,7.16323,;525.074243,7.21334,;525.074243,7.26346,;525.074243,7.31358,;525.074243,7.36369,;525.074243,7.41376,;525.074243,7.46384,;525.074243,7.51392,;525.074243,7.56399,;525.074243,7.61407,;525.074243,7.66414,;525.074243,7.71421,;525.074243,7.7643,;525.074243,7.81437,;525.074243,7.86445,;525.074243,7.91454,;525.074243,7.96465,;525.074243,8.01475,;525.074243,8.06486,;525.074243,8.11494,;525.074243,8.16506,;525.074243,8.21514,;525.074243,8.26522,;525.074243,8.3153,;525.074243,8.36538,;525.074243,8.41546,;525.074243,8.46554,;525.074243,8.51562,;525.074243,8.5657,;525.074243,8.61578,;525.074243,8.66586,;525.074243,8.71594,;525.074243,8.76602,;525.074243,8.81609,;525.074243,8.86617,;525.074243,8.91625,;525.074243,8.96632,;525.074243,9.01641,;525.074243,9.06649,;525.074243,9.11657,;525.074243,9.16665,;525.074243,9.21673,;525.074243,9.26681,;525.074243,9.31689,;525.074243,9.36697,;525.074243,9.41705,;525.074243,9.46713,;525.074243,9.51721,;516.590002,9.56729,;516.590002,9.61737,;516.590002,9.66744,;516.590002,9.71752,;516.590002,9.7676,;516.590002,9.81769,;516.590002,9.86776,;516.590002,9.91785,;516.590002,9.96793,;516.590002,10.018,;
inf,0.0501023,;887.854850,0.100177,;887.854850,0.150295,;887.854850,0.200383,;879.695947,0.250456,;879.695947,0.300562,;879.695947,0.350627,;879.695947,0.400738,;879.695947,0.450813,;879.695947,0.500924,;879.695947,0.550997,;879.695947,0.601097,;879.695947,0.65118,;879.695947,0.701294,;879.695947,0.751368,;879.695947,0.801445,;879.695947,0.851526,;793.512776,0.901598,;793.512776,0.951677,;793.512776,1.00177,;793.512776,1.05186,;793.512776,1.10194,;793.512776,1.15203,;793.512776,1.20212,;793.512776,1.2522,;793.512776,1.30231,;793.512776,1.35242,;793.512776,1.40254,;793.512776,1.45265,;734.002243,1.5027,;734.002243,1.55278,;734.002243,1.60286,;734.002243,1.65297,;734.002243,1.70306,;734.002243,1.75316,;727.720435,1.80324,;727.720435,1.85333,;727.720435,1.9034,;727.720435,1.95352,;727.720435,2.00363,;727.720435,2.05371,;727.720435,2.10379,;727.720435,2.15388,;727.720435,2.20397,;727.720435,2.25409,;727.720435,2.3042,;727.720435,2.35428,;727.720435,2.4044,;727.720435,2.45449,;727.720435,2.50459,;727.720435,2.55468,;727.720435,2.60477,;727.720435,2.65487,;727.720435,2.70496,;727.720435,2.75504,;727.720435,2.80513,;727.720435,2.85522,;727.720435,2.9053,;727.720435,2.95538,;574.487303,3.00546,;574.487303,3.05559,;574.487303,3.1057,;574.487303,3.15578,;566.564404,3.20586,;566.564404,3.25594,;564.644209,3.30606,;564.644209,3.35618,;564.644209,3.40626,;564.644209,3.45634,;564.644209,3.50642,;564.644209,3.55653,;564.644209,3.60664,;564.644209,3.65672,;564.644209,3.70676,;564.644209,3.75685,;564.644209,3.80693,;564.644209,3.85704,;564.644209,3.90712,;564.644209,3.95724,;564.644209,4.00731,;564.644209,4.05743,;564.644209,4.10751,;564.644209,4.15763,;564.644209,4.2077,;564.644209,4.25782,;564.644209,4.30793,;564.644209,4.358,;564.644209,4.40807,;564.644209,4.45818,;564.644209,4.50826,;564.644209,4.55834,;561.272385,4.60841,;561.272385,4.6585,;561.272385,4.70859,;561.272385,4.75871,;559.390242,4.80878,;559.390242,4.85886,;559.390242,4.90897,;559.390242,4.95908,;559.390242,5.00917,;559.390242,5.05929,;559.390242,5.10937,;559.390242,5.15949,;559.390242,5.2096,;559.390242,5.25971,;559.390242,5.30982,;559.390242,5.35993,;559.390242,5.41004,;559.390242,5.46016,;559.390242,5.51025,;559.390242,5.56036,;559.390242,5.61048,;559.390242,5.66056,;559.087130,5.71068,;559.087130,5.76078,;559.087130,5.81086,;559.087130,5.86095,;559.087130,5.91104,;559.087130,5.96114,;559.087130,6.01122,;559.087130,6.0613,;559.087130,6.11136,;559.087130,6.16147,;556.886542,6.21158,;556.886542,6.26166,;556.886542,6.31174,;556.886542,6.36184,;556.886542,6.41192,;556.886542,6.46201,;556.886542,6.5121,;556.886542,6.5622,;556.886542,6.61229,;556.886542,6.66239,;556.886542,6.71248,;556.886542,6.76258,;550.803237,6.81265,;550.803237,6.86273,;550.803237,6.9128,;550.803237,6.96288,;550.803237,7.013,;550.803237,7.0631,;550.803237,7.11321,;550.803237,7.1633,;550.803237,7.21342,;550.803237,7.26351,;550.803237,7.31362,;550.803237,7.36374,;550.803237,7.41385,;550.803237,7.46394,;550.803237,7.51405,;550.803237,7.56418,;550.803237,7.61429,;550.803237,7.6644,;550.803237,7.71449,;550.403502,7.76457,;550.403502,7.81469,;550.403502,7.86481,;550.403502,7.91488,;535.359017,7.965,;535.359017,8.0151,;535.359017,8.06522,;535.359017,8.11532,;535.359017,8.16544,;535.359017,8.21556,;535.359017,8.26564,;535.359017,8.31576,;535.359017,8.36589,;535.359017,8.41599,;535.359017,8.46611,;535.359017,8.5162,;535.359017,8.56632,;535.359017,8.61645,;535.359017,8.66657,;532.529496,8.71668,;532.529496,8.76677,;532.529496,8.81686,;532.529496,8.86694,;532.529496,8.91699,;532.529496,8.9671,;532.529496,9.01721,;532.529496,9.06733,;532.529496,9.11745,;532.529496,9.16753,;532.529496,9.2176,;532.529496,9.26768,;532.529496,9.31775,;532.529496,9.36789,;532.529496,9.41797,;532.529496,9.46806,;532.529496,9.51815,;532.529496,9.56823,;532.529496,9.61833,;532.529496,9.66842,;532.529496,9.7185,;532.529496,9.76861,;532.529496,9.81872,;532.529496,9.8688,;532.529496,9.91889,;532.529496,9.96898,;532.529496,10.0191,;
inf,0.0500677,;948.987150,0.100158,;948.987150,0.150273,;948.987150,0.20038,;948.987150,0.25046,;948.987150,0.300575,;948.987150,0.350691,;948.987150,0.400779,;940.689482,0.450862,;898.914328,0.500951,;898.914328,0.551068,;898.914328,0.601184,;898.914328,0.651303,;898.914328,0.701418,;898.914328,0.75151,;898.914328,0.8016,;898.914328,0.851705,;889.622198,0.901816,;889.622198,0.951939,;889.622198,1.00202,;889.622198,1.05218,;889.622198,1.10227,;889.622198,1.15239,;889.622198,1.2025,;889.622198,1.25259,;889.622198,1.30269,;889.622198,1.35281,;889.622198,1.40289,;889.622198,1.45298,;889.622198,1.50307,;889.622198,1.55316,;889.622198,1.60326,;889.622198,1.65338,;889.622198,1.70345,;889.622198,1.75358,;889.622198,1.80366,;889.622198,1.85378,;889.622198,1.90389,;889.622198,1.95401,;889.622198,2.00409,;836.616980,2.05421,;836.616980,2.10432,;836.616980,2.15443,;836.616980,2.20454,;836.616980,2.25466,;836.616980,2.30474,;733.735098,2.35482,;733.735098,2.4049,;733.735098,2.45499,;733.735098,2.50508,;733.735098,2.55517,;733.735098,2.60529,;733.735098,2.65538,;733.735098,2.70549,;733.735098,2.75558,;733.735098,2.80567,;733.735098,2.85576,;733.735098,2.90588,;733.735098,2.956,;683.133348,3.00611,;673.655812,3.0562,;673.655812,3.1063,;673.655812,3.15641,;673.655812,3.20651,;673.655812,3.25662,;673.655812,3.30669,;673.655812,3.3568,;673.655812,3.40688,;673.655812,3.457,;662.508684,3.5071,;662.508684,3.55719,;644.344347,3.60729,;644.344347,3.65736,;644.344347,3.70746,;644.344347,3.75757,;644.344347,3.80765,;644.344347,3.85773,;611.749266,3.90785,;611.749266,3.95794,;611.749266,4.00804,;611.749266,4.05812,;611.749266,4.10824,;608.873631,4.15834,;608.873631,4.20842,;592.581326,4.25852,;585.181512,4.30861,;579.964004,4.35866,;579.964004,4.40874,;579.964004,4.45884,;579.964004,4.50893,;579.964004,4.55901,;579.964004,4.60913,;579.964004,4.65922,;579.964004,4.7093,;579.964004,4.75938,;579.964004,4.80946,;579.964004,4.85955,;579.964004,4.90967,;579.964004,4.95975,;579.964004,5.00983,;579.964004,5.05993,;579.964004,5.11001,;579.964004,5.1601,;540.109724,5.21018,;540.109724,5.26027,;540.109724,5.31035,;540.109724,5.36042,;540.109724,5.41051,;540.109724,5.46064,;540.109724,5.5107,;540.109724,5.56079,;540.109724,5.61087,;540.109724,5.66097,;540.109724,5.71106,;540.109724,5.76114,;540.109724,5.81122,;540.109724,5.86133,;540.109724,5.91143,;540.109724,5.96151,;540.109724,6.0116,;540.109724,6.06173,;540.109724,6.1118,;540.109724,6.16193,;540.109724,6.21207,;540.109724,6.26216,;540.109724,6.31226,;540.109724,6.36234,;540.109724,6.41243,;535.550179,6.46251,;535.550179,6.51265,;535.550179,6.5627,;535.550179,6.61282,;535.550179,6.6629,;535.550179,6.71301,;535.550179,6.76311,;535.550179,6.8132,;535.550179,6.8633,;535.550179,6.91342,;535.550179,6.96352,;535.550179,7.01364,;535.550179,7.06373,;526.710113,7.11386,;526.710113,7.16395,;526.710113,7.21407,;526.710113,7.26416,;526.710113,7.31424,;526.710113,7.36436,;524.441154,7.41451,;524.441154,7.46463,;524.441154,7.5147,;524.441154,7.56479,;524.441154,7.61488,;524.441154,7.66496,;524.441154,7.71507,;524.441154,7.76516,;524.441154,7.81525,;524.441154,7.86534,;524.441154,7.91543,;524.441154,7.9655,;524.441154,8.01558,;524.441154,8.06565,;524.441154,8.11572,;524.441154,8.1658,;524.441154,8.21587,;524.441154,8.26595,;524.441154,8.31603,;524.441154,8.36612,;524.441154,8.41621,;524.441154,8.46629,;524.441154,8.51637,;524.441154,8.56646,;524.441154,8.61654,;524.441154,8.66661,;524.441154,8.71673,;524.441154,8.76681,;524.441154,8.81692,;524.441154,8.86701,;524.441154,8.91709,;524.441154,8.96721,;524.441154,9.01732,;524.441154,9.06741,;524.441154,9.11753,;524.441154,9.16762,;524.441154,9.21774,;524.441154,9.26782,;524.441154,9.3179,;524.441154,9.36798,;524.441154,9.41806,;524.441154,9.46813,;524.441154,9.5182,;524.441154,9.56835,;524.441154,9.61843,;524.441154,9.66851,;524.441154,9.71859,;524.441154,9.76867,;524.441154,9.81876,;524.441154,9.86884,;524.441154,9.91892,;524.441154,9.969,;524.441154,10.0191,;524.441154,10.0692,;
inf,0.0500588,;inf,0.100146,;828.368866,0.150228,;828.368866,0.200305,;828.368866,0.250381,;828.368866,0.300493,;828.368866,0.350584,;828.368866,0.400628,;828.368866,0.450741,;828.368866,0.500873,;779.557577,0.551021,;779.557577,0.601106,;779.557577,0.651172,;779.557577,0.70126,;779.557577,0.751337,;779.557577,0.801453,;779.557577,0.851564,;754.584621,0.901679,;754.584621,0.951752,;737.908451,1.00191,;734.761602,1.05202,;734.761602,1.10213,;734.761602,1.15222,;734.761602,1.20231,;734.761602,1.25239,;729.642922,1.30248,;729.642922,1.35255,;729.642922,1.40264,;729.642922,1.45273,;729.642922,1.50281,;729.642922,1.55288,;709.337925,1.603,;709.337925,1.65308,;709.337925,1.70318,;709.337925,1.75327,;694.732290,1.80339,;694.732290,1.85347,;680.042473,1.90355,;680.042473,1.95363,;680.042473,2.00371,;680.042473,2.0538,;680.042473,2.10389,;680.042473,2.15397,;680.042473,2.20406,;680.042473,2.25414,;680.042473,2.30421,;680.042473,2.35429,;680.042473,2.40437,;680.042473,2.45446,;680.042473,2.50454,;680.042473,2.55462,;680.042473,2.60475,;680.042473,2.65482,;680.042473,2.7049,;680.042473,2.75499,;680.042473,2.80508,;680.042473,2.85517,;631.673598,2.90529,;631.673598,2.95537,;631.673598,3.00545,;631.673598,3.05553,;631.673598,3.10562,;631.673598,3.15572,;631.673598,3.20584,;631.673598,3.25593,;631.673598,3.30601,;631.673598,3.35609,;631.673598,3.40617,;622.378677,3.45626,;622.378677,3.50635,;622.378677,3.55648,;622.378677,3.60657,;622.378677,3.65668,;622.378677,3.70677,;622.378677,3.75688,;592.389538,3.80699,;592.389538,3.85711,;592.389538,3.90725,;592.389538,3.95737,;592.389538,4.00746,;592.389538,4.05759,;567.549039,4.1077,;567.549039,4.15781,;567.549039,4.20789,;557.312302,4.25798,;557.312302,4.30809,;557.312302,4.35817,;557.312302,4.40828,;557.312302,4.45837,;557.312302,4.50849,;557.312302,4.55858,;557.312302,4.60871,;557.312302,4.6588,;557.312302,4.70888,;557.312302,4.75903,;557.312302,4.80915,;557.312302,4.85923,;557.312302,4.9093,;557.312302,4.95943,;557.312302,5.00951,;557.312302,5.0596,;557.312302,5.10969,;557.312302,5.15978,;557.312302,5.20988,;557.312302,5.26,;557.312302,5.31008,;557.312302,5.36017,;557.312302,5.41027,;557.312302,5.46039,;557.312302,5.51047,;557.312302,5.5606,;557.312302,5.61069,;557.312302,5.66078,;557.312302,5.71091,;557.312302,5.76102,;557.312302,5.81111,;557.312302,5.86124,;557.312302,5.91136,;557.312302,5.96148,;557.312302,6.01159,;557.312302,6.06171,;557.312302,6.11183,;557.312302,6.16194,;557.312302,6.21206,;557.312302,6.26214,;557.312302,6.31225,;557.312302,6.36235,;557.312302,6.41247,;557.312302,6.46255,;557.312302,6.51267,;557.312302,6.56277,;557.312302,6.61289,;557.312302,6.66301,;557.312302,6.71314,;554.901263,6.76323,;554.901263,6.81332,;554.901263,6.86343,;554.901263,6.91355,;554.901263,6.96368,;554.901263,7.01379,;554.901263,7.06387,;554.901263,7.11395,;510.134048,7.16406,;510.134048,7.21414,;510.134048,7.26423,;510.134048,7.31435,;510.134048,7.36443,;510.134048,7.41452,;510.134048,7.46461,;510.134048,7.5147,;510.134048,7.56483,;510.134048,7.61492,;510.134048,7.66504,;510.134048,7.71513,;510.134048,7.76525,;510.134048,7.81537,;510.134048,7.86547,;510.134048,7.91559,;510.134048,7.96571,;510.134048,8.01578,;510.134048,8.0659,;510.134048,8.11598,;510.134048,8.16607,;510.134048,8.21615,;510.134048,8.26623,;510.134048,8.3163,;510.134048,8.36638,;510.134048,8.41649,;510.134048,8.46658,;510.134048,8.51667,;510.134048,8.56675,;510.134048,8.61682,;510.134048,8.66694,;502.156266,8.71702,;502.156266,8.76713,;502.156266,8.81722,;502.156266,8.86735,;502.156266,8.91743,;495.989647,8.96755,;495.989647,9.01766,;495.989647,9.06778,;495.989647,9.11787,;495.989647,9.16797,;495.989647,9.21804,;495.989647,9.26812,;495.989647,9.3182,;495.989647,9.36831,;495.989647,9.4184,;495.989647,9.46852,;495.989647,9.51861,;495.989647,9.56872,;495.989647,9.6188,;495.989647,9.66891,;495.989647,9.719,;489.672631,9.76912,;489.672631,9.81923,;489.672631,9.86934,;489.672631,9.91945,;489.672631,9.96956,;489.672631,10.0197,;
inf,0.0500703,;inf,0.100191,;1139.690898,0.1503,;1139.690898,0.200395,;1139.690898,0.250484,;1139.690898,0.300563,;1109.042625,0.350636,;1109.042625,0.40072,;1109.042625,0.450814,;1109.042625,0.50093,;1109.042625,0.55104,;1036.379580,0.601161,;1036.379580,0.651299,;1036.379580,0.701415,;1030.576610,0.751526,;1030.576610,0.801619,;1030.576610,0.851729,;1030.576610,0.901842,;1030.576610,0.951951,;1030.576610,1.00203,;1001.375033,1.05215,;1001.375033,1.10224,;1001.375033,1.15235,;997.468638,1.20246,;997.468638,1.25257,;997.468638,1.30264,;997.468638,1.35273,;997.468638,1.40282,;997.468638,1.45294,;997.468638,1.50306,;997.468638,1.55315,;997.468638,1.60327,;997.468638,1.65335,;997.468638,1.70347,;984.589690,1.75355,;984.589690,1.80366,;984.589690,1.85375,;912.825823,1.90387,;912.825823,1.95395,;912.825823,2.00402,;912.825823,2.0541,;912.825823,2.10419,;912.825823,2.15429,;912.825823,2.20441,;912.825823,2.25449,;912.825823,2.30462,;912.825823,2.3547,;637.071092,2.40478,;637.071092,2.45486,;637.071092,2.50493,;637.071092,2.55501,;634.175344,2.60509,;634.175344,2.65516,;634.175344,2.70528,;634.175344,2.75537,;634.175344,2.80549,;634.175344,2.85558,;627.404102,2.90567,;627.404102,2.9558,;627.404102,3.00588,;627.404102,3.05596,;627.404102,3.10605,;627.404102,3.15615,;627.404102,3.20624,;627.404102,3.25632,;627.404102,3.3064,;627.404102,3.35649,;627.404102,3.40658,;627.404102,3.45667,;627.404102,3.50676,;583.399160,3.55684,;583.399160,3.60694,;559.061781,3.65704,;559.061781,3.70712,;559.061781,3.75721,;559.061781,3.8073,;559.061781,3.85742,;559.061781,3.90751,;559.061781,3.95761,;559.061781,4.00769,;559.061781,4.05778,;559.061781,4.10786,;559.061781,4.15794,;559.061781,4.20802,;559.061781,4.25811,;559.061781,4.30823,;559.061781,4.35832,;559.061781,4.40844,;559.061781,4.45851,;559.061781,4.5086,;559.061781,4.55869,;559.061781,4.60878,;559.061781,4.65886,;559.061781,4.70899,;559.061781,4.7591,;559.061781,4.80922,;559.061781,4.85933,;559.061781,4.90945,;559.061781,4.95953,;559.061781,5.00966,;559.061781,5.05974,;559.061781,5.10982,;559.061781,5.1599,;547.844858,5.20998,;547.844858,5.26009,;547.844858,5.31018,;547.844858,5.36028,;537.056047,5.41037,;537.056047,5.46049,;537.056047,5.51059,;537.056047,5.56068,;537.056047,5.61078,;537.056047,5.66091,;537.056047,5.71099,;534.900762,5.76109,;534.900762,5.81121,;534.900762,5.86133,;534.900762,5.91142,;534.900762,5.96153,;534.900762,6.01165,;534.900762,6.0617,;534.900762,6.11178,;534.900762,6.16186,;534.900762,6.21194,;534.900762,6.26204,;534.900762,6.31214,;534.900762,6.36223,;534.900762,6.41232,;534.900762,6.46242,;534.900762,6.51253,;534.900762,6.56262,;534.900762,6.61272,;534.900762,6.66281,;534.900762,6.71291,;530.525043,6.76299,;530.525043,6.81307,;530.525043,6.86317,;530.525043,6.91325,;530.525043,6.96334,;530.525043,7.01342,;530.525043,7.06351,;530.525043,7.11363,;530.525043,7.16375,;530.525043,7.21383,;530.525043,7.26392,;530.525043,7.314,;530.525043,7.3641,;530.525043,7.4142,;530.525043,7.46429,;530.525043,7.51439,;530.525043,7.56451,;530.525043,7.6146,;530.525043,7.66471,;530.525043,7.71479,;530.525043,7.76491,;530.525043,7.815,;530.525043,7.86509,;530.525043,7.91519,;530.525043,7.96528,;529.474021,8.01537,;529.474021,8.06549,;529.474021,8.11557,;529.474021,8.1657,;529.474021,8.21582,;529.474021,8.2659,;529.474021,8.31598,;529.474021,8.36607,;529.474021,8.41614,;529.474021,8.46622,;529.474021,8.51631,;529.474021,8.56639,;529.474021,8.61646,;529.474021,8.66654,;529.474021,8.71666,;529.474021,8.76679,;519.788610,8.81692,;519.788610,8.86701,;519.788610,8.91716,;519.788610,8.96724,;519.788610,9.01738,;519.788610,9.06747,;519.788610,9.11757,;519.788610,9.16765,;519.788610,9.21775,;519.788610,9.26783,;519.788610,9.31791,;519.788610,9.36803,;519.788610,9.41811,;519.788610,9.46824,;519.788610,9.51832,;519.788610,9.5684,;519.788610,9.61848,;519.788610,9.66857,;519.788610,9.71864,;519.788610,9.76873,;519.788610,9.8188,;519.788610,9.86888,;519.788610,9.91896,;519.788610,9.96908,;
inf,0.0500671,;inf,0.100158,;inf,0.150269,;1011.599328,0.20038,;1011.599328,0.250468,;1006.753289,0.300579,;969.585391,0.350656,;969.585391,0.400735,;969.585391,0.45083,;934.601316,0.500922,;934.601316,0.551009,;934.601316,0.601096,;934.601316,0.651186,;934.601316,0.701277,;934.601316,0.751366,;934.601316,0.80146,;934.601316,0.851551,;934.601316,0.901675,;934.601316,0.951764,;934.601316,1.00185,;934.601316,1.05193,;934.601316,1.10202,;927.744676,1.1521,;927.744676,1.20219,;927.744676,1.25228,;914.695015,1.30236,;914.695015,1.35247,;914.695015,1.40251,;914.695015,1.45259,;914.343488,1.50267,;914.343488,1.55275,;914.343488,1.60284,;914.343488,1.65292,;914.343488,1.70301,;914.343488,1.75313,;914.343488,1.8032,;907.423787,1.85332,;907.423787,1.90344,;907.423787,1.95355,;907.423787,2.00365,;907.423787,2.05372,;907.423787,2.10384,;907.423787,2.15393,;772.885490,2.20402,;772.885490,2.25411,;772.885490,2.30425,;772.885490,2.35434,;734.421089,2.40443,;734.421089,2.4545,;734.421089,2.50462,;734.421089,2.5547,;734.421089,2.60477,;734.421089,2.65486,;734.421089,2.70495,;734.421089,2.755,;734.421089,2.80508,;723.067618,2.85517,;723.067618,2.90525,;723.067618,2.95537,;723.067618,3.00548,;723.067618,3.05561,;723.067618,3.10572,;648.462937,3.15583,;648.462937,3.20594,;648.462937,3.25606,;648.462937,3.30617,;648.462937,3.35625,;648.462937,3.40636,;648.462937,3.45647,;648.462937,3.50655,;648.462937,3.55666,;648.462937,3.60673,;648.462937,3.65684,;648.462937,3.70692,;648.462937,3.757,;624.739845,3.80709,;624.739845,3.85721,;624.739845,3.9073,;624.739845,3.95741,;591.820233,4.00749,;591.820233,4.05758,;591.820233,4.1077,;591.820233,4.15781,;591.820233,4.20789,;591.820233,4.25798,;584.855468,4.30806,;584.855468,4.35816,;584.855468,4.40825,;584.855468,4.45833,;584.855468,4.50841,;584.855468,4.55845,;584.855468,4.60859,;584.855468,4.65866,;584.855468,4.70875,;584.855468,4.75883,;584.855468,4.80894,;584.855468,4.85904,;584.855468,4.90914,;584.855468,4.95923,;584.855468,5.00933,;584.855468,5.05942,;584.855468,5.10949,;584.855468,5.15959,;584.855468,5.20971,;577.256554,5.25981,;577.256554,5.30993,;577.256554,5.36004,;577.256554,5.41013,;577.256554,5.46025,;577.256554,5.51037,;577.256554,5.56048,;577.256554,5.61058,;577.256554,5.66067,;577.256554,5.71078,;577.256554,5.76088,;577.256554,5.81102,;577.256554,5.86113,;577.256554,5.91124,;577.256554,5.96135,;577.256554,6.01146,;577.256554,6.06157,;577.256554,6.11165,;577.256554,6.16173,;577.256554,6.21183,;577.256554,6.26191,;577.256554,6.31204,;577.256554,6.36212,;577.256554,6.41225,;577.256554,6.46236,;577.256554,6.51248,;577.256554,6.56255,;577.256554,6.61267,;577.256554,6.66274,;577.256554,6.71285,;577.256554,6.76294,;577.256554,6.81304,;577.256554,6.86314,;577.256554,6.91326,;576.520731,6.96339,;576.520731,7.01346,;576.520731,7.06354,;576.520731,7.11368,;576.520731,7.16379,;576.520731,7.2139,;576.520731,7.26398,;576.520731,7.3141,;576.520731,7.36417,;576.520731,7.41428,;560.353141,7.46437,;560.353141,7.51451,;535.687775,7.5646,;535.687775,7.61469,;535.687775,7.66478,;535.687775,7.71487,;535.687775,7.76497,;535.687775,7.81507,;535.687775,7.86516,;532.275006,7.91526,;532.275006,7.96533,;532.275006,8.01542,;532.275006,8.06552,;532.275006,8.11561,;532.275006,8.16569,;532.275006,8.21577,;532.275006,8.26587,;532.275006,8.31599,;532.275006,8.3661,;532.275006,8.41623,;532.275006,8.46634,;532.275006,8.51645,;532.275006,8.56651,;532.275006,8.61663,;532.275006,8.66671,;532.275006,8.71683,;532.275006,8.76692,;532.275006,8.81701,;532.275006,8.86712,;532.275006,8.9172,;532.275006,8.9673,;532.275006,9.01742,;532.275006,9.0675,;532.275006,9.11763,;532.275006,9.16775,;532.275006,9.21787,;532.275006,9.26799,;532.275006,9.31807,;532.275006,9.36816,;532.275006,9.41824,;532.275006,9.46833,;532.275006,9.51845,;532.275006,9.56854,;532.275006,9.61862,;532.275006,9.66874,;532.275006,9.71886,;532.275006,9.76894,;532.275006,9.81904,;532.275006,9.86916,;532.275006,9.91925,;532.275006,9.96933,;532.275006,10.0194,;532.275006,10.0696,;
inf,0.0500576,;938.622344,0.100138,;938.622344,0.150218,;938.622344,0.2003,;938.622344,0.25038,;938.622344,0.300464,;938.622344,0.350545,;938.622344,0.400675,;938.622344,0.45079,;938.622344,0.500883,;938.622344,0.550996,;938.622344,0.601072,;938.622344,0.651179,;825.163969,0.701258,;803.446997,0.751375,;803.446997,0.801455,;803.446997,0.851549,;803.446997,0.901668,;803.446997,0.951756,;803.446997,1.00185,;803.446997,1.05193,;803.446997,1.10201,;795.877836,1.15208,;794.254010,1.2022,;794.254010,1.25228,;792.892313,1.30236,;792.892313,1.35245,;792.892313,1.40254,;792.892313,1.45264,;792.892313,1.50273,;792.892313,1.55284,;792.892313,1.60292,;792.892313,1.65302,;792.892313,1.70314,;792.892313,1.75326,;773.986568,1.80333,;773.986568,1.8534,;759.728031,1.90348,;759.728031,1.95358,;759.728031,2.00366,;759.728031,2.05374,;759.728031,2.10386,;759.728031,2.15394,;758.191416,2.20403,;758.191416,2.25412,;758.191416,2.30421,;758.191416,2.35432,;758.191416,2.40441,;758.191416,2.45453,;676.546115,2.50462,;676.546115,2.55474,;676.546115,2.60482,;676.546115,2.6549,;676.546115,2.705,;676.546115,2.7551,;676.546115,2.80519,;676.546115,2.85529,;597.426496,2.90538,;597.426496,2.95547,;597.426496,3.00557,;597.426496,3.05567,;597.426496,3.10575,;597.426496,3.15585,;597.426496,3.20593,;597.426496,3.25602,;597.426496,3.3061,;597.426496,3.35621,;597.426496,3.40629,;597.426496,3.45637,;597.426496,3.50647,;597.426496,3.55655,;597.426496,3.60664,;597.426496,3.65672,;597.426496,3.70681,;597.426496,3.7569,;597.426496,3.80698,;597.426496,3.85707,;597.426496,3.90715,;597.426496,3.95725,;597.426496,4.00734,;597.426496,4.05744,;597.426496,4.10752,;597.426496,4.15764,;589.240664,4.20775,;579.659022,4.25786,;579.659022,4.3079,;579.659022,4.35799,;579.659022,4.40807,;579.659022,4.45817,;579.659022,4.50826,;579.659022,4.55836,;579.659022,4.60843,;579.659022,4.65851,;579.659022,4.7086,;579.659022,4.7587,;579.659022,4.8088,;564.738007,4.85892,;564.738007,4.909,;564.738007,4.95908,;564.738007,5.00916,;564.738007,5.05926,;564.738007,5.10935,;564.738007,5.15948,;564.738007,5.20957,;564.738007,5.25966,;564.738007,5.30978,;564.738007,5.35991,;564.738007,5.41,;564.738007,5.46008,;564.738007,5.51017,;564.738007,5.56025,;564.738007,5.61034,;564.738007,5.66043,;564.738007,5.71051,;564.738007,5.7606,;564.738007,5.81069,;564.738007,5.86078,;564.738007,5.91086,;564.738007,5.96095,;564.738007,6.01104,;564.738007,6.06113,;564.738007,6.11122,;564.738007,6.16131,;564.738007,6.21139,;549.610682,6.26148,;549.610682,6.31157,;549.610682,6.36165,;549.610682,6.41174,;549.610682,6.46184,;542.309715,6.51193,;542.309715,6.56202,;542.309715,6.61211,;542.309715,6.6622,;542.309715,6.71228,;542.309715,6.76237,;542.309715,6.81246,;542.309715,6.86254,;542.309715,6.91263,;524.341300,6.96271,;524.341300,7.0128,;524.341300,7.06288,;524.341300,7.11297,;524.341300,7.16306,;524.341300,7.21315,;524.341300,7.26323,;524.341300,7.31332,;524.341300,7.36341,;524.341300,7.4135,;524.341300,7.46359,;524.341300,7.51368,;524.341300,7.56377,;524.341300,7.61386,;524.341300,7.66395,;524.341300,7.71404,;512.634301,7.76412,;512.634301,7.81421,;512.634301,7.86429,;512.634301,7.91437,;512.634301,7.96445,;512.634301,8.01453,;512.634301,8.06461,;512.634301,8.11469,;512.634301,8.16477,;512.634301,8.21486,;512.634301,8.26494,;512.634301,8.31502,;512.634301,8.3651,;512.634301,8.41517,;512.634301,8.46525,;501.636829,8.51533,;501.636829,8.56536,;498.841010,8.61544,;498.841010,8.66551,;498.841010,8.71562,;498.841010,8.7657,;498.841010,8.81583,;498.841010,8.86594,;498.841010,8.91602,;498.841010,8.96614,;498.841010,9.01625,;498.841010,9.06633,;498.841010,9.11641,;498.841010,9.16652,;498.841010,9.21664,;498.841010,9.26672,;496.720505,9.31685,;496.720505,9.36696,;496.720505,9.41707,;496.720505,9.46718,;496.720505,9.51729,;496.720505,9.56741,;496.720505,9.61752,;496.720505,9.66759,;496.720505,9.71767,;496.720505,9.76777,;493.419244,9.81789,;493.419244,9.86797,;493.419244,9.91808,;493.419244,9.96816,;
inf,0.0500638,;843.370486,0.100194,;820.935826,0.150275,;820.935826,0.200395,;820.935826,0.250465,;767.948606,0.300549,;767.948606,0.350624,;767.948606,0.400722,;767.948606,0.450804,;754.971854,0.500925,;754.971854,0.55104,;754.971854,0.601156,;754.971854,0.651243,;754.971854,0.70132,;754.971854,0.751432,;754.971854,0.80152,;754.971854,0.851649,;754.971854,0.901727,;742.999751,0.951846,;723.977457,1.00192,;723.977457,1.052,;723.977457,1.10209,;723.977457,1.15217,;723.977457,1.2023,;723.977457,1.25242,;713.465942,1.30254,;713.465942,1.35266,;713.465942,1.40276,;713.465942,1.45287,;713.465942,1.503,;713.465942,1.55307,;713.465942,1.60315,;713.465942,1.65322,;713.465942,1.7033,;713.465942,1.75338,;713.465942,1.80346,;713.465942,1.85353,;713.465942,1.90361,;713.465942,1.95369,;713.465942,2.00377,;713.465942,2.05384,;713.465942,2.10392,;713.465942,2.15399,;713.465942,2.20406,;713.465942,2.25414,;654.625786,2.30417,;654.625786,2.35426,;654.625786,2.40435,;654.625786,2.45446,;646.154979,2.50456,;646.154979,2.55468,;646.154979,2.60476,;646.154979,2.65483,;646.154979,2.70491,;646.154979,2.75499,;646.154979,2.80507,;646.154979,2.85515,;646.154979,2.90523,;646.154979,2.9553,;646.154979,3.00539,;646.154979,3.05548,;646.154979,3.10561,;646.154979,3.15568,;646.154979,3.20575,;646.154979,3.25584,;577.529982,3.30593,;577.529982,3.35604,;577.529982,3.40613,;577.529982,3.45622,;577.529982,3.5063,;577.529982,3.55638,;577.529982,3.60646,;577.529982,3.65654,;577.529982,3.70662,;577.529982,3.7567,;577.529982,3.80678,;577.529982,3.85686,;577.529982,3.90694,;577.529982,3.95703,;577.529982,4.00712,;577.529982,4.05722,;577.529982,4.1073,;577.529982,4.15739,;577.529982,4.20748,;577.529982,4.25759,;577.529982,4.30767,;577.529982,4.35775,;577.529982,4.40782,;577.529982,4.45792,;577.529982,4.50804,;577.529982,4.55814,;577.529982,4.60826,;577.529982,4.65835,;577.529982,4.70847,;577.529982,4.75856,;577.529982,4.8087,;577.529982,4.85881,;577.529982,4.90893,;577.529982,4.95906,;577.529982,5.00917,;577.529982,5.05926,;577.529982,5.10935,;577.529982,5.15948,;577.529982,5.2096,;577.529982,5.25971,;577.529982,5.30979,;577.529982,5.35991,;577.529982,5.41,;577.529982,5.46013,;577.529982,5.51023,;577.529982,5.56035,;577.529982,5.61045,;577.529982,5.66054,;567.342201,5.71063,;567.342201,5.76075,;567.342201,5.81085,;567.342201,5.86097,;567.342201,5.91109,;567.342201,5.9612,;567.342201,6.01132,;567.342201,6.06141,;567.342201,6.11154,;567.342201,6.16162,;567.342201,6.21172,;567.342201,6.26181,;567.342201,6.31192,;567.342201,6.36202,;567.342201,6.41212,;567.342201,6.46222,;567.342201,6.51231,;567.342201,6.56241,;557.371177,6.6125,;557.371177,6.66263,;557.371177,6.71275,;557.371177,6.76287,;557.371177,6.81296,;557.371177,6.86305,;557.371177,6.91316,;557.371177,6.96326,;557.371177,7.01335,;557.371177,7.06346,;557.371177,7.11359,;557.371177,7.16371,;557.371177,7.21378,;557.371177,7.2639,;557.371177,7.31399,;557.371177,7.36409,;557.371177,7.41418,;557.371177,7.4643,;557.371177,7.51439,;557.371177,7.56448,;557.371177,7.61457,;557.371177,7.66466,;557.371177,7.71476,;557.371177,7.76484,;557.371177,7.81492,;557.371177,7.86501,;557.371177,7.9151,;557.371177,7.96518,;557.371177,8.01531,;557.371177,8.06543,;541.650405,8.11556,;540.609823,8.16564,;540.609823,8.21572,;540.609823,8.26585,;540.609823,8.31594,;540.609823,8.36604,;540.609823,8.41613,;540.609823,8.46623,;540.609823,8.51632,;540.609823,8.5664,;540.609823,8.61652,;540.609823,8.66661,;540.609823,8.71673,;540.609823,8.76683,;540.609823,8.81695,;540.609823,8.86705,;540.609823,8.91713,;540.609823,8.96726,;540.609823,9.01734,;540.609823,9.06742,;540.609823,9.1175,;540.609823,9.16758,;540.609823,9.21767,;540.609823,9.26775,;540.609823,9.31784,;540.609823,9.36797,;540.609823,9.41806,;540.609823,9.46814,;518.288218,9.51823,;518.288218,9.5683,;518.288218,9.61842,;518.288218,9.66851,;518.288218,9.71859,;518.288218,9.76869,;510.408434,9.81878,;510.408434,9.86886,;510.408434,9.91895,;510.408434,9.96904,;488.530235,10.0191,;
inf,0.050056,;inf,0.100128,;inf,0.150199,;1077.559978,0.200273,;1077.559978,0.250354,;1077.559978,0.300464,;1077.559978,0.350574,;1077.100831,0.400669,;1077.100831,0.450748,;1077.100831,0.500855,;1077.100831,0.550978,;1077.100831,0.601091,;1077.100831,0.651191,;1051.850699,0.701277,;1019.058184,0.751373,;1019.058184,0.801487,;1019.058184,0.851579,;1019.058184,0.901691,;1019.058184,0.951784,;1019.058184,1.00191,;1019.058184,1.052,;1019.058184,1.10211,;1019.058184,1.15223,;1019.058184,1.20235,;1015.931763,1.25246,;1015.931763,1.30257,;1015.931763,1.35269,;1015.931763,1.40279,;1015.931763,1.45291,;1015.931763,1.503,;1015.931763,1.55312,;904.639476,1.60319,;904.639476,1.65329,;904.639476,1.70337,;904.639476,1.75346,;774.719718,1.80355,;774.719718,1.85364,;774.719718,1.90374,;774.719718,1.95385,;774.719718,2.00397,;774.719718,2.05405,;774.719718,2.10416,;774.719718,2.15428,;774.719718,2.2044,;774.719718,2.25452,;774.719718,2.30464,;774.719718,2.35476,;774.719718,2.40488,;774.719718,2.45497,;774.719718,2.50508,;774.719718,2.55517,;774.719718,2.60532,;774.719718,2.6554,;774.719718,2.70551,;774.719718,2.7556,;774.719718,2.80573,;774.719718,2.85582,;774.719718,2.90594,;774.719718,2.95603,;774.719718,3.00615,;774.719718,3.05624,;774.719718,3.10632,;774.719718,3.15641,;774.719718,3.20654,;774.719718,3.25664,;774.719718,3.30674,;774.719718,3.35686,;774.719718,3.40694,;774.719718,3.45702,;774.719718,3.50712,;774.719718,3.5572,;728.032638,3.60728,;728.032638,3.65735,;728.032638,3.70744,;728.032638,3.75752,;717.283346,3.80761,;677.907598,3.85773,;677.907598,3.90781,;677.907598,3.95789,;677.907598,4.00798,;677.907598,4.05808,;677.907598,4.10817,;668.518289,4.15825,;668.518289,4.20834,;668.518289,4.25844,;668.518289,4.30852,;668.518289,4.3586,;668.518289,4.40871,;668.518289,4.45881,;668.518289,4.50893,;668.518289,4.55902,;668.518289,4.60914,;668.518289,4.65922,;668.518289,4.70934,;668.518289,4.75942,;668.518289,4.80954,;668.518289,4.85963,;668.518289,4.90975,;668.518289,4.95984,;668.518289,5.00997,;668.518289,5.06006,;668.518289,5.11018,;667.671550,5.16027,;667.671550,5.21039,;612.773505,5.26047,;612.773505,5.31059,;612.773505,5.36068,;612.773505,5.4108,;612.773505,5.46088,;612.773505,5.51097,;612.773505,5.56106,;612.773505,5.61116,;612.773505,5.66126,;612.773505,5.71135,;612.773505,5.76147,;612.773505,5.81156,;612.773505,5.86168,;612.773505,5.91177,;612.773505,5.9619,;612.773505,6.01199,;612.773505,6.06208,;612.773505,6.11216,;598.796004,6.16225,;598.796004,6.21234,;598.796004,6.26247,;598.796004,6.31256,;598.796004,6.36268,;598.796004,6.41279,;598.796004,6.46295,;593.865615,6.51305,;593.865615,6.56314,;585.716584,6.61326,;585.716584,6.66334,;585.716584,6.71343,;585.716584,6.76352,;585.716584,6.81364,;585.716584,6.86373,;585.716584,6.91384,;585.716584,6.96393,;585.716584,7.01405,;585.716584,7.06413,;585.716584,7.11425,;585.716584,7.16433,;585.716584,7.21444,;585.716584,7.26452,;585.716584,7.31463,;585.716584,7.36475,;585.716584,7.41486,;585.716584,7.46495,;585.716584,7.51503,;585.716584,7.56516,;585.716584,7.61524,;585.716584,7.66532,;585.716584,7.71541,;585.716584,7.76548,;585.716584,7.81556,;585.716584,7.86565,;585.716584,7.91574,;585.716584,7.96585,;585.716584,8.01592,;585.716584,8.066,;585.716584,8.11607,;585.716584,8.16615,;585.716584,8.21625,;585.716584,8.26637,;585.716584,8.31645,;585.716584,8.36652,;585.716584,8.4166,;585.716584,8.46668,;547.820476,8.51682,;547.820476,8.56694,;547.820476,8.61705,;547.820476,8.66716,;547.820476,8.71725,;547.820476,8.76732,;547.820476,8.81744,;547.820476,8.86754,;547.820476,8.91766,;547.820476,8.96775,;547.820476,9.01785,;547.820476,9.06794,;547.820476,9.11807,;547.820476,9.16816,;547.820476,9.21828,;547.820476,9.26835,;535.022048,9.31843,;535.022048,9.36853,;535.022048,9.41861,;535.022048,9.4687,;535.022048,9.51878,;535.022048,9.56887,;535.022048,9.61898,;535.022048,9.66906,;535.022048,9.71915,;535.022048,9.76928,;535.022048,9.81936,;535.022048,9.86947,;520.417825,9.91956,;520.417825,9.96967,;520.417825,10.0198,;520.417825,10.0699,;
inf,0.0500943,;inf,0.100179,;inf,0.15027,;957.531577,0.200382,;957.531577,0.250503,;856.625430,0.30058,;856.625430,0.35066,;856.625430,0.400786,;856.625430,0.450908,;856.625430,0.501023,;856.625430,0.551111,;856.625430,0.601227,;856.625430,0.651315,;856.625430,0.701439,;856.625430,0.751552,;856.625430,0.801663,;855.947125,0.851741,;855.947125,0.901854,;855.947125,0.951963,;855.947125,1.00205,;855.947125,1.05217,;839.867705,1.10228,;819.724656,1.1524,;819.724656,1.2025,;819.724656,1.25262,;819.724656,1.3027,;819.724656,1.35282,;819.724656,1.40291,;819.724656,1.45304,;819.724656,1.50312,;819.724656,1.5532,;819.724656,1.60333,;819.724656,1.65341,;819.724656,1.70351,;819.724656,1.75359,;819.724656,1.80371,;819.724656,1.85379,;819.724656,1.9039,;819.724656,1.95398,;819.724656,2.00408,;819.724656,2.05416,;819.724656,2.10428,;819.724656,2.15436,;819.724656,2.20445,;819.724656,2.25454,;819.724656,2.30463,;819.724656,2.35472,;819.724656,2.40479,;720.534573,2.45488,;720.534573,2.50497,;720.534573,2.55506,;720.534573,2.60518,;720.534573,2.65526,;720.534573,2.70537,;720.534573,2.75549,;720.534573,2.80556,;720.534573,2.85564,;720.534573,2.90572,;720.534573,2.95581,;720.534573,3.00589,;720.534573,3.05597,;720.534573,3.10606,;720.534573,3.15618,;720.534573,3.20627,;720.534573,3.25636,;720.534573,3.30648,;720.534573,3.35656,;720.534573,3.40663,;720.534573,3.45672,;720.534573,3.5068,;686.060496,3.55688,;686.060496,3.60696,;686.060496,3.65704,;686.060496,3.70712,;686.060496,3.75722,;686.060496,3.8073,;686.060496,3.85742,;662.399640,3.90751,;662.399640,3.9576,;662.399640,4.0077,;662.399640,4.05778,;662.399640,4.10789,;662.399640,4.15798,;654.896495,4.2081,;654.896495,4.25822,;654.896495,4.30834,;654.896495,4.35843,;654.896495,4.40858,;654.896495,4.45867,;654.896495,4.50874,;654.896495,4.55883,;654.896495,4.60895,;654.896495,4.65904,;645.950744,4.70917,;645.950744,4.75927,;645.950744,4.80939,;645.950744,4.85951,;645.950744,4.90963,;645.950744,4.95972,;645.950744,5.00985,;645.950744,5.05996,;645.950744,5.11008,;645.950744,5.16021,;645.950744,5.21033,;645.950744,5.26045,;645.950744,5.3105,;645.950744,5.36062,;550.860281,5.4107,;550.860281,5.46082,;550.860281,5.51092,;550.860281,5.56103,;550.860281,5.61112,;550.860281,5.66124,;550.860281,5.71133,;534.074231,5.76142,;534.074231,5.81155,;534.074231,5.86167,;534.074231,5.91176,;534.074231,5.96186,;534.074231,6.01194,;534.074231,6.06206,;534.074231,6.11218,;534.074231,6.16229,;534.074231,6.21241,;534.074231,6.26251,;534.074231,6.31263,;534.074231,6.36271,;534.074231,6.41283,;534.074231,6.46293,;534.074231,6.51305,;534.074231,6.56314,;524.722397,6.61326,;524.722397,6.66338,;524.722397,6.7135,;524.722397,6.76359,;524.722397,6.81368,;524.722397,6.86377,;524.722397,6.91385,;524.722397,6.96393,;524.722397,7.01401,;524.722397,7.06409,;524.722397,7.11417,;524.722397,7.16426,;524.722397,7.21439,;524.722397,7.26451,;520.682314,7.31459,;520.682314,7.36471,;520.682314,7.4148,;520.682314,7.46489,;520.682314,7.51496,;520.682314,7.56509,;520.682314,7.61518,;520.682314,7.66529,;520.682314,7.7154,;520.682314,7.76552,;515.513756,7.81561,;515.513756,7.86573,;515.513756,7.91581,;515.513756,7.96589,;515.513756,8.01598,;515.513756,8.06606,;515.513756,8.11614,;515.513756,8.16623,;515.513756,8.21633,;515.513756,8.26641,;515.513756,8.31653,;515.513756,8.3666,;515.513756,8.41671,;515.513756,8.46678,;515.513756,8.51686,;515.513756,8.56699,;515.513756,8.61706,;515.513756,8.66714,;515.513756,8.71723,;515.513756,8.76733,;515.513756,8.81741,;515.513756,8.86753,;515.513756,8.9176,;515.513756,8.96769,;515.513756,9.0178,;515.513756,9.0679,;515.513756,9.11797,;515.513756,9.16806,;515.087614,9.21814,;515.087614,9.26824,;515.087614,9.31834,;515.087614,9.36842,;514.377504,9.41847,;514.377504,9.46858,;514.377504,9.51865,;514.377504,9.56876,;514.377504,9.61885,;514.377504,9.66896,;514.377504,9.71904,;514.377504,9.76912,;510.105138,9.81921,;510.105138,9.86929,;510.105138,9.91941,;510.105138,9.96952,;
inf,0.0500914,;958.339278,0.100162,;958.339278,0.150247,;958.339278,0.200337,;937.029070,0.250416,;861.255210,0.300544,;861.255210,0.350614,;861.255210,0.400739,;861.255210,0.450816,;861.255210,0.500885,;861.255210,0.550975,;861.255210,0.601067,;861.255210,0.651149,;861.255210,0.70127,;861.255210,0.751356,;861.255210,0.801491,;861.255210,0.851588,;861.255210,0.901689,;840.890618,0.951785,;840.890618,1.0019,;840.890618,1.05197,;840.890618,1.1021,;840.890618,1.15221,;840.890618,1.20233,;806.947049,1.25242,;806.947049,1.3025,;806.947049,1.35262,;806.947049,1.40269,;806.947049,1.45279,;806.947049,1.50288,;806.947049,1.55299,;806.947049,1.60307,;806.947049,1.65319,;806.947049,1.70328,;806.947049,1.75338,;806.947049,1.80348,;799.214810,1.8536,;799.214810,1.90371,;799.214810,1.95382,;799.214810,2.00394,;799.214810,2.05405,;799.214810,2.10417,;799.214810,2.15428,;799.214810,2.2044,;799.214810,2.2545,;799.214810,2.30462,;798.557250,2.35473,;798.557250,2.40484,;776.999714,2.45496,;776.999714,2.50508,;776.999714,2.5552,;776.999714,2.60532,;776.999714,2.6554,;776.999714,2.70549,;734.231609,2.75559,;734.231609,2.80568,;666.477328,2.85577,;666.477328,2.90587,;666.477328,2.95595,;666.477328,3.00604,;666.477328,3.05613,;666.477328,3.10622,;666.477328,3.15631,;630.876208,3.20639,;630.876208,3.25648,;622.134514,3.30657,;622.134514,3.35672,;622.134514,3.4068,;622.134514,3.45689,;622.134514,3.50699,;622.134514,3.55707,;622.134514,3.60716,;612.778163,3.65725,;612.778163,3.70734,;612.778163,3.75743,;612.778163,3.80751,;612.778163,3.8576,;612.778163,3.90769,;612.778163,3.95777,;612.778163,4.00786,;612.778163,4.05794,;612.778163,4.10802,;612.778163,4.15811,;612.778163,4.2082,;612.778163,4.25829,;612.778163,4.30838,;612.778163,4.35847,;612.778163,4.40856,;612.778163,4.45865,;612.778163,4.50874,;612.778163,4.55883,;612.778163,4.60892,;592.015465,4.65901,;592.015465,4.71068,;592.015465,4.76077,;592.015465,4.81085,;592.015465,4.86094,;592.015465,4.91102,;592.015465,4.96111,;592.015465,5.0112,;592.015465,5.06129,;592.015465,5.11137,;592.015465,5.16146,;592.015465,5.21155,;592.015465,5.26163,;592.015465,5.31171,;592.015465,5.3618,;592.015465,5.41189,;592.015465,5.46197,;592.015465,5.51206,;576.149054,5.56215,;576.149054,5.61223,;576.149054,5.66232,;576.149054,5.71241,;576.149054,5.76249,;576.149054,5.81258,;576.149054,5.86267,;576.149054,5.91275,;576.149054,5.96284,;576.149054,6.01292,;576.149054,6.06301,;576.149054,6.1131,;576.149054,6.16319,;551.080893,6.21327,;551.080893,6.26336,;551.080893,6.31344,;551.080893,6.36353,;551.080893,6.41361,;551.080893,6.46366,;551.080893,6.51374,;551.080893,6.56382,;551.080893,6.6139,;551.080893,6.66399,;551.080893,6.71408,;551.080893,6.76412,;551.080893,6.81421,;551.080893,6.8643,;551.080893,6.91439,;551.080893,6.96447,;551.080893,7.01455,;551.080893,7.06463,;551.080893,7.11472,;551.080893,7.16481,;551.080893,7.2149,;551.080893,7.265,;551.080893,7.31509,;551.080893,7.36517,;551.080893,7.41526,;551.080893,7.46534,;551.080893,7.51547,;551.080893,7.56561,;551.080893,7.61574,;551.080893,7.66583,;551.080893,7.71592,;551.080893,7.76601,;551.080893,7.8161,;551.080893,7.86622,;551.080893,7.91635,;551.080893,7.96648,;551.080893,8.01656,;551.080893,8.06665,;551.080893,8.11674,;551.080893,8.16682,;551.080893,8.21694,;532.950847,8.26703,;532.950847,8.31712,;532.950847,8.36721,;532.950847,8.41731,;532.950847,8.46742,;532.950847,8.51755,;532.950847,8.56763,;532.950847,8.61775,;532.950847,8.66784,;532.950847,8.71794,;532.950847,8.76802,;532.950847,8.81812,;532.950847,8.86821,;532.113842,8.91831,;532.113842,8.96843,;532.113842,9.01855,;532.113842,9.06866,;532.113842,9.11874,;532.113842,9.16886,;532.113842,9.21896,;532.113842,9.26904,;532.113842,9.31914,;532.113842,9.36923,;532.113842,9.41932,;532.113842,9.46944,;532.113842,9.51956,;532.113842,9.56967,;532.113842,9.61975,;532.113842,9.66983,;532.113842,9.71993,;532.113842,9.77001,;532.113842,9.82015,;532.113842,9.87027,;532.113842,9.92038,;532.113842,9.9705,;532.113842,10.0206,;532.113842,10.0707,;
inf,0.0500941,;902.177707,0.100167,;902.177707,0.150238,;902.177707,0.200351,;902.177707,0.250438,;902.177707,0.300551,;899.441297,0.350645,;899.441297,0.400754,;892.827537,0.450873,;892.827537,0.500946,;892.827537,0.551059,;892.827537,0.601169,;892.827537,0.65124,;892.827537,0.701311,;892.827537,0.751399,;892.827537,0.801476,;892.827537,0.851584,;892.827537,0.901673,;892.827537,0.951787,;892.827537,1.00188,;850.826459,1.05199,;850.826459,1.10208,;850.826459,1.15216,;850.826459,1.20224,;850.826459,1.25233,;843.781503,1.30241,;788.424308,1.35251,;785.170511,1.40258,;785.170511,1.45266,;785.170511,1.50275,;785.170511,1.55284,;785.170511,1.60297,;774.501000,1.65308,;774.501000,1.70316,;774.501000,1.75321,;774.501000,1.8033,;774.501000,1.85338,;716.661666,1.90345,;716.661666,1.95353,;716.661666,2.00363,;716.661666,2.05372,;716.661666,2.10384,;716.661666,2.15395,;716.661666,2.20406,;716.661666,2.25417,;716.661666,2.30429,;716.661666,2.35438,;716.661666,2.40449,;689.534891,2.4546,;689.534891,2.50472,;689.534891,2.5548,;660.778262,2.60491,;660.778262,2.65499,;652.597320,2.70508,;651.410305,2.75516,;651.410305,2.8052,;651.410305,2.85529,;651.410305,2.90537,;651.410305,2.95548,;651.410305,3.00557,;651.410305,3.05569,;651.410305,3.10576,;651.410305,3.15583,;651.410305,3.20592,;629.178612,3.25602,;629.178612,3.30611,;629.178612,3.35622,;629.178612,3.40631,;629.178612,3.45643,;629.178612,3.50652,;629.178612,3.5566,;629.178612,3.60669,;629.178612,3.6568,;629.178612,3.70694,;629.178612,3.75705,;629.178612,3.80716,;626.372568,3.85726,;626.372568,3.90735,;626.372568,3.95742,;626.372568,4.00749,;626.372568,4.05757,;626.372568,4.10767,;626.372568,4.15775,;626.372568,4.20784,;626.372568,4.25793,;626.372568,4.30806,;626.372568,4.35817,;626.372568,4.40829,;626.372568,4.45837,;626.372568,4.50849,;626.372568,4.5586,;626.372568,4.6087,;626.372568,4.65878,;626.372568,4.70891,;578.446344,4.759,;578.446344,4.80909,;578.446344,4.85917,;578.446344,4.90926,;578.446344,4.95937,;578.446344,5.00945,;578.446344,5.0596,;578.446344,5.10969,;578.446344,5.15981,;578.446344,5.20988,;578.446344,5.25996,;578.446344,5.31004,;578.446344,5.36014,;578.446344,5.41023,;578.446344,5.46031,;578.446344,5.5104,;578.446344,5.5605,;578.446344,5.61059,;578.446344,5.66067,;578.446344,5.71076,;578.446344,5.76084,;578.446344,5.81089,;578.446344,5.86102,;566.453290,5.9111,;566.453290,5.96123,;566.453290,6.01131,;566.453290,6.0614,;566.453290,6.11147,;566.453290,6.16155,;566.453290,6.21165,;566.453290,6.26174,;566.453290,6.31186,;566.453290,6.36195,;566.453290,6.41206,;566.453290,6.46218,;566.453290,6.51229,;566.453290,6.56239,;566.453290,6.61251,;566.453290,6.66262,;566.453290,6.71274,;566.453290,6.76282,;566.453290,6.81295,;566.453290,6.86306,;566.453290,6.91318,;558.021897,6.96327,;558.021897,7.01334,;558.021897,7.06346,;558.021897,7.11353,;558.021897,7.16361,;558.021897,7.21371,;558.021897,7.26383,;558.021897,7.31392,;558.021897,7.36403,;558.021897,7.41412,;558.021897,7.46425,;558.021897,7.51434,;558.021897,7.56442,;558.021897,7.61449,;558.021897,7.66462,;558.021897,7.7147,;558.021897,7.76479,;558.021897,7.81487,;558.021897,7.86497,;558.021897,7.91506,;558.021897,7.96518,;558.021897,8.01527,;558.021897,8.06535,;558.021897,8.11544,;558.021897,8.16553,;558.021897,8.21566,;558.021897,8.26574,;558.021897,8.31582,;558.021897,8.3659,;558.021897,8.416,;558.021897,8.46609,;546.007721,8.51618,;546.007721,8.56627,;546.007721,8.61636,;546.007721,8.66645,;546.007721,8.71648,;546.007721,8.7666,;546.007721,8.81668,;546.007721,8.86676,;546.007721,8.91685,;546.007721,8.96696,;546.007721,9.01707,;546.007721,9.06718,;546.007721,9.11727,;546.007721,9.16738,;520.533977,9.21747,;520.533977,9.26755,;520.533977,9.31764,;520.533977,9.36776,;520.533977,9.41786,;520.533977,9.46794,;520.533977,9.51804,;520.533977,9.56816,;520.533977,9.61825,;520.533977,9.66834,;520.533977,9.71846,;520.533977,9.76857,;520.533977,9.81867,;520.533977,9.86878,;520.533977,9.91888,;520.533977,9.96897,;520.533977,10.019,;
inf,0.0500944,;inf,0.10018,;932.775706,0.150243,;932.775706,0.200328,;912.192628,0.250408,;912.192628,0.300492,;912.192628,0.350586,;912.192628,0.400701,;887.457980,0.450786,;887.457980,0.500881,;887.457980,0.550966,;887.457980,0.601047,;834.086862,0.651136,;834.086862,0.701253,;834.086862,0.75134,;834.086862,0.801423,;834.086862,0.851512,;834.086862,0.901599,;773.124290,0.951677,;773.124290,1.00175,;773.124290,1.05184,;773.124290,1.10196,;773.124290,1.15205,;773.124290,1.20217,;773.124290,1.25224,;773.124290,1.30232,;773.124290,1.35241,;739.910181,1.40248,;714.612128,1.45256,;714.612128,1.50265,;714.612128,1.55273,;714.612128,1.60283,;714.612128,1.65294,;714.612128,1.70302,;714.612128,1.75309,;714.612128,1.80318,;714.612128,1.85327,;714.612128,1.90336,;714.612128,1.95344,;714.612128,2.00351,;714.612128,2.05359,;714.612128,2.10369,;714.612128,2.15378,;714.612128,2.20387,;714.612128,2.25392,;714.612128,2.304,;714.612128,2.3541,;714.612128,2.40424,;711.584030,2.45432,;711.584030,2.50441,;711.584030,2.55449,;711.584030,2.60457,;711.584030,2.65464,;711.584030,2.70473,;711.584030,2.75482,;711.584030,2.80494,;711.584030,2.85502,;711.584030,2.90511,;711.584030,2.9552,;711.584030,3.00529,;680.606782,3.05539,;680.606782,3.1055,;680.606782,3.15561,;680.606782,3.2057,;680.606782,3.25582,;680.606782,3.30594,;680.606782,3.35602,;680.606782,3.40611,;680.606782,3.45624,;680.606782,3.50632,;680.606782,3.55644,;680.606782,3.60652,;680.606782,3.6566,;680.606782,3.70669,;680.606782,3.75677,;680.606782,3.80687,;680.606782,3.85695,;680.606782,3.90705,;680.606782,3.9571,;680.606782,4.00717,;680.606782,4.05726,;680.606782,4.10735,;680.606782,4.15747,;680.606782,4.20755,;667.011143,4.25762,;667.011143,4.3077,;667.011143,4.35782,;667.011143,4.40794,;667.011143,4.45802,;667.011143,4.50811,;667.011143,4.55824,;667.011143,4.60832,;667.011143,4.6584,;667.011143,4.70849,;667.011143,4.75859,;667.011143,4.80867,;667.011143,4.8588,;667.011143,4.90892,;667.011143,4.95902,;667.011143,5.00913,;667.011143,5.05922,;667.011143,5.10934,;667.011143,5.15943,;667.011143,5.20952,;667.011143,5.25964,;629.153641,5.30976,;629.153641,5.35984,;629.153641,5.40997,;590.354214,5.46005,;590.354214,5.51016,;590.354214,5.56028,;590.354214,5.61037,;590.354214,5.66045,;590.354214,5.71053,;575.003552,5.76064,;575.003552,5.81073,;575.003552,5.86081,;575.003552,5.9109,;575.003552,5.96098,;575.003552,6.01106,;547.008088,6.06114,;547.008088,6.11127,;547.008088,6.16136,;547.008088,6.21146,;544.823573,6.26156,;544.823573,6.31171,;544.823573,6.3618,;544.823573,6.41189,;542.518667,6.462,;542.518667,6.51212,;542.518667,6.56223,;542.518667,6.61233,;542.518667,6.66242,;542.518667,6.71254,;542.518667,6.76262,;542.518667,6.81271,;542.518667,6.8628,;540.387308,6.91292,;540.387308,6.963,;540.387308,7.01312,;540.387308,7.06321,;540.387308,7.11333,;540.387308,7.16343,;540.387308,7.21355,;540.387308,7.26364,;540.387308,7.31377,;540.387308,7.36386,;540.387308,7.41395,;540.387308,7.46405,;540.387308,7.51415,;540.387308,7.56427,;540.387308,7.61435,;540.387308,7.66443,;540.387308,7.71452,;540.387308,7.76461,;540.387308,7.81471,;540.387308,7.86479,;540.387308,7.91487,;540.387308,7.96494,;540.387308,8.01503,;540.387308,8.06511,;540.387308,8.11521,;540.387308,8.16533,;540.387308,8.21542,;540.387308,8.26551,;537.052857,8.3156,;537.052857,8.36571,;537.052857,8.41583,;537.052857,8.46595,;537.052857,8.51606,;537.052857,8.56615,;537.052857,8.61625,;537.052857,8.6663,;537.052857,8.71642,;537.052857,8.7665,;537.052857,8.81662,;537.052857,8.86671,;537.052857,8.9168,;537.052857,8.96689,;537.052857,9.017,;537.052857,9.06708,;537.052857,9.11718,;537.052857,9.1673,;537.052857,9.21741,;537.052857,9.26749,;537.052857,9.31758,;537.052857,9.36765,;537.052857,9.41773,;537.052857,9.46785,;537.052857,9.51797,;537.052857,9.56808,;537.052857,9.61819,;537.052857,9.66827,;537.052857,9.71831,;537.052857,9.76842,;537.052857,9.81849,;537.052857,9.86857,;537.052857,9.91865,;537.052857,9.96877,;
inf,0.050067,;974.927944,0.100144,;950.421069,0.150217,;815.039243,0.200298,;815.039243,0.250375,;815.039243,0.300447,;815.039243,0.350522,;815.039243,0.400601,;815.039243,0.450686,;815.039243,0.500764,;815.039243,0.550835,;815.039243,0.600914,;815.039243,0.650998,;815.039243,0.701135,;815.039243,0.751225,;815.039243,0.801301,;799.003610,0.851381,;773.002612,0.901468,;741.562325,0.951563,;741.562325,1.00164,;741.562325,1.05173,;741.562325,1.10181,;741.562325,1.15191,;741.562325,1.20201,;741.562325,1.25209,;741.562325,1.30218,;741.562325,1.35228,;741.562325,1.40237,;741.562325,1.45247,;741.562325,1.50256,;741.562325,1.55264,;741.562325,1.60276,;741.562325,1.65287,;713.486721,1.70299,;713.486721,1.7531,;713.486721,1.80321,;713.486721,1.85329,;713.486721,1.90337,;713.486721,1.95346,;713.486721,2.00356,;713.486721,2.05366,;713.486721,2.10377,;713.486721,2.15384,;712.380531,2.20395,;712.380531,2.25406,;712.380531,2.30417,;712.380531,2.35429,;712.380531,2.40439,;701.038193,2.4545,;701.038193,2.50458,;697.533053,2.55466,;697.533053,2.60479,;697.533053,2.6549,;697.533053,2.70502,;697.533053,2.75513,;665.173115,2.80519,;665.173115,2.85528,;665.173115,2.90537,;665.173115,2.95545,;665.173115,3.00554,;665.173115,3.05565,;665.173115,3.10573,;665.173115,3.1558,;624.695523,3.20589,;624.695523,3.25601,;624.695523,3.3061,;624.695523,3.35622,;624.695523,3.4063,;624.695523,3.45644,;624.695523,3.50652,;624.695523,3.55664,;624.695523,3.60672,;624.695523,3.6568,;624.695523,3.70689,;624.695523,3.75698,;623.100363,3.80707,;623.100363,3.8572,;623.100363,3.90728,;623.100363,3.95736,;582.832943,4.00744,;582.832943,4.05753,;582.832943,4.10764,;582.832943,4.15773,;582.832943,4.20782,;582.832943,4.25792,;582.832943,4.30801,;582.832943,4.35811,;582.832943,4.40818,;582.832943,4.45826,;582.832943,4.50835,;582.832943,4.55843,;582.832943,4.60855,;582.832943,4.65866,;582.832943,4.70875,;582.832943,4.75883,;571.946440,4.80891,;571.946440,4.85899,;571.946440,4.90907,;571.946440,4.95919,;571.946440,5.00926,;571.946440,5.05938,;571.946440,5.10947,;538.024844,5.15955,;538.024844,5.20965,;538.024844,5.25974,;538.024844,5.30982,;538.024844,5.3599,;538.024844,5.40997,;538.024844,5.46005,;538.024844,5.51013,;538.024844,5.56021,;538.024844,5.6103,;538.024844,5.66039,;538.024844,5.71051,;538.024844,5.7606,;538.024844,5.81069,;538.024844,5.8608,;538.024844,5.91093,;538.024844,5.96105,;538.024844,6.01116,;538.024844,6.06125,;538.024844,6.11136,;538.024844,6.16144,;538.024844,6.21153,;538.024844,6.26162,;538.024844,6.3117,;538.024844,6.36178,;538.024844,6.41191,;538.024844,6.46199,;538.024844,6.51208,;538.024844,6.5622,;538.024844,6.61232,;538.024844,6.66244,;538.024844,6.71251,;538.024844,6.76263,;538.024844,6.81274,;538.024844,6.86285,;538.024844,6.91296,;538.024844,6.96304,;509.701467,7.01315,;509.701467,7.06324,;509.701467,7.11332,;509.701467,7.16341,;509.701467,7.21349,;509.701467,7.2636,;509.701467,7.31368,;509.701467,7.36378,;509.701467,7.41387,;509.701467,7.46399,;509.701467,7.51408,;509.701467,7.56417,;509.701467,7.61426,;509.701467,7.66438,;509.701467,7.71447,;509.701467,7.76455,;509.701467,7.81467,;509.701467,7.86477,;509.701467,7.91485,;509.701467,7.96493,;509.701467,8.015,;509.701467,8.06509,;509.701467,8.11517,;509.701467,8.1652,;509.701467,8.21531,;509.701467,8.26538,;509.701467,8.31549,;509.701467,8.36556,;509.701467,8.41568,;509.701467,8.46576,;509.701467,8.51587,;509.701467,8.56596,;509.701467,8.61604,;509.701467,8.66613,;509.701467,8.71622,;509.701467,8.76633,;509.701467,8.81644,;509.701467,8.86654,;509.701467,8.91665,;509.701467,8.96679,;509.701467,9.0169,;509.701467,9.06702,;509.701467,9.11714,;509.701467,9.16721,;509.701467,9.21729,;509.701467,9.26738,;509.701467,9.31748,;509.701467,9.36756,;509.701467,9.41764,;509.701467,9.46774,;509.701467,9.51782,;509.701467,9.56791,;509.701467,9.618,;509.701467,9.66809,;509.701467,9.7182,;509.701467,9.76829,;509.701467,9.81838,;509.701467,9.86848,;509.701467,9.91857,;509.701467,9.96866,;
inf,0.0500286,;946.225800,0.10014,;946.225800,0.150214,;874.148716,0.200311,;874.148716,0.250388,;874.148716,0.300474,;874.148716,0.350572,;874.148716,0.400685,;874.148716,0.450772,;855.533820,0.500892,;840.742967,0.551042,;840.742967,0.601154,;840.742967,0.65124,;834.265028,0.701325,;834.265028,0.751401,;834.265028,0.801491,;834.265028,0.851602,;834.265028,0.901714,;834.265028,0.951801,;834.265028,1.00189,;834.265028,1.05198,;834.265028,1.10206,;834.265028,1.15219,;834.265028,1.20226,;834.265028,1.25237,;834.265028,1.30246,;834.265028,1.35259,;834.265028,1.40268,;834.265028,1.45281,;834.265028,1.5029,;834.265028,1.55298,;834.265028,1.60306,;834.265028,1.65315,;828.449796,1.70323,;828.449796,1.75331,;828.449796,1.80342,;828.449796,1.85352,;828.449796,1.9036,;724.632602,1.95369,;724.632602,2.00376,;724.632602,2.05384,;724.632602,2.10391,;724.632602,2.15404,;724.632602,2.20417,;724.632602,2.25428,;724.632602,2.30437,;724.632602,2.35448,;724.632602,2.4046,;724.632602,2.45473,;724.632602,2.50485,;724.632602,2.55496,;724.632602,2.60504,;724.632602,2.65513,;724.632602,2.70525,;724.632602,2.75536,;724.632602,2.80548,;724.632602,2.85558,;724.632602,2.90569,;724.632602,2.95581,;724.632602,3.00593,;724.632602,3.05605,;721.423856,3.10613,;721.423856,3.15624,;721.423856,3.20633,;721.423856,3.25644,;721.423856,3.30653,;721.423856,3.35662,;721.423856,3.40673,;721.423856,3.45684,;721.423856,3.50694,;721.423856,3.55706,;697.541955,3.60718,;656.562279,3.6573,;656.562279,3.70742,;656.562279,3.75753,;656.562279,3.80765,;656.562279,3.85773,;656.562279,3.90784,;656.562279,3.95794,;656.562279,4.00802,;656.562279,4.05809,;656.562279,4.10818,;656.562279,4.15827,;656.562279,4.20836,;656.562279,4.25845,;656.562279,4.30855,;656.562279,4.35864,;656.562279,4.40876,;656.562279,4.45885,;656.562279,4.50894,;656.562279,4.55904,;656.562279,4.60916,;656.562279,4.65924,;653.833292,4.70933,;653.833292,4.75945,;653.833292,4.80958,;575.799566,4.85966,;575.799566,4.90977,;575.799566,4.95985,;575.799566,5.00994,;575.799566,5.06005,;575.799566,5.11013,;575.799566,5.16026,;575.799566,5.21036,;575.799566,5.26045,;575.799566,5.31053,;575.799566,5.36061,;575.799566,5.41069,;575.799566,5.46081,;575.799566,5.51089,;575.799566,5.56098,;575.799566,5.61107,;575.799566,5.66119,;575.799566,5.71126,;575.799566,5.76138,;575.799566,5.81147,;575.799566,5.86157,;547.433758,5.91166,;547.433758,5.96175,;547.433758,6.01184,;547.433758,6.06193,;547.433758,6.11201,;547.433758,6.16209,;547.433758,6.21218,;547.433758,6.26226,;547.433758,6.31236,;547.433758,6.36244,;520.289111,6.41253,;520.289111,6.46261,;520.289111,6.51271,;520.289111,6.5628,;520.289111,6.61288,;520.289111,6.66296,;520.289111,6.71302,;520.289111,6.76311,;520.289111,6.81319,;520.289111,6.86327,;520.289111,6.91336,;520.289111,6.96345,;520.289111,7.01355,;520.289111,7.06364,;520.289111,7.11376,;520.289111,7.16389,;520.289111,7.21401,;520.289111,7.2641,;520.289111,7.31418,;520.289111,7.36427,;520.289111,7.41436,;520.289111,7.46448,;520.289111,7.51457,;520.289111,7.56466,;520.289111,7.61479,;520.289111,7.66487,;520.289111,7.71496,;520.289111,7.76503,;520.289111,7.81512,;520.289111,7.86521,;520.289111,7.9153,;520.289111,7.96541,;518.124774,8.01549,;518.124774,8.06557,;518.124774,8.11565,;518.124774,8.16572,;518.124774,8.2158,;518.124774,8.2659,;518.124774,8.31599,;518.124774,8.36607,;518.124774,8.41618,;518.124774,8.46626,;518.124774,8.51635,;518.124774,8.56643,;518.124774,8.61651,;518.124774,8.66659,;518.124774,8.71668,;518.124774,8.76676,;518.124774,8.81684,;518.124774,8.86693,;518.124774,8.91705,;518.124774,8.96714,;518.124774,9.01722,;518.124774,9.0673,;518.124774,9.11738,;518.124774,9.16746,;518.124774,9.21758,;518.124774,9.26766,;518.124774,9.31778,;518.124774,9.36788,;516.478344,9.41799,;516.478344,9.46807,;516.478344,9.51815,;516.478344,9.56822,;516.478344,9.6183,;516.478344,9.66839,;516.478344,9.71848,;516.478344,9.76856,;516.478344,9.81863,;516.478344,9.86871,;516.478344,9.91878,;516.478344,9.96886,;516.478344,10.0189,;
inf,0.0500645,;920.484884,0.100144,;920.484884,0.150239,;920.484884,0.200358,;920.484884,0.250438,;920.484884,0.300512,;894.008967,0.350604,;894.008967,0.400687,;873.824011,0.450767,;867.159367,0.50085,;867.159367,0.550942,;867.159367,0.601033,;830.831715,0.65112,;818.331158,0.701204,;818.331158,0.751277,;818.331158,0.801354,;808.967959,0.851428,;808.967959,0.901504,;808.967959,0.951579,;808.967959,1.00165,;807.456287,1.05178,;807.456287,1.10185,;807.456287,1.15196,;804.811718,1.20206,;804.811718,1.25218,;804.811718,1.30229,;786.937928,1.35242,;786.937928,1.4025,;786.937928,1.45261,;786.937928,1.5027,;786.937928,1.55282,;786.937928,1.60291,;786.937928,1.65299,;786.937928,1.70307,;786.937928,1.75316,;786.937928,1.80324,;786.937928,1.85332,;786.937928,1.9034,;786.937928,1.9535,;786.937928,2.0036,;786.937928,2.05373,;786.937928,2.10381,;786.937928,2.15388,;786.937928,2.20397,;786.937928,2.25407,;786.937928,2.30419,;786.937928,2.3543,;786.937928,2.40442,;786.937928,2.4545,;612.738385,2.50461,;591.296935,2.5547,;591.296935,2.60481,;591.296935,2.6549,;591.296935,2.70502,;591.296935,2.75511,;591.296935,2.80523,;591.296935,2.8553,;591.296935,2.90542,;591.296935,2.9555,;591.296935,3.00559,;591.296935,3.05567,;591.296935,3.10576,;591.296935,3.15584,;565.863971,3.20593,;565.863971,3.25602,;565.863971,3.3061,;565.863971,3.35618,;565.863971,3.40626,;565.863971,3.45637,;565.863971,3.50645,;565.863971,3.55656,;565.863971,3.60664,;565.863971,3.65677,;565.863971,3.70686,;565.863971,3.75698,;565.863971,3.80707,;556.385657,3.85718,;556.385657,3.90726,;556.385657,3.95738,;556.385657,4.00746,;556.385657,4.05758,;556.385657,4.10767,;556.385657,4.15775,;556.385657,4.20784,;556.385657,4.25794,;556.385657,4.30803,;556.385657,4.35812,;556.385657,4.40821,;532.566708,4.45831,;532.566708,4.5084,;532.566708,4.55845,;532.566708,4.60857,;532.566708,4.65865,;532.566708,4.70876,;532.566708,4.75884,;532.566708,4.80893,;532.566708,4.85905,;532.566708,4.90915,;532.566708,4.95922,;532.566708,5.00931,;532.566708,5.05943,;532.566708,5.10955,;532.566708,5.15966,;532.566708,5.20976,;532.566708,5.25988,;532.566708,5.30996,;532.566708,5.36009,;532.566708,5.41017,;532.566708,5.46029,;532.566708,5.51037,;532.566708,5.56048,;532.566708,5.61056,;532.566708,5.66066,;532.566708,5.71074,;532.566708,5.76088,;532.566708,5.81096,;532.566708,5.86105,;532.566708,5.91114,;532.566708,5.96122,;532.566708,6.0113,;532.566708,6.06139,;527.634167,6.11148,;527.634167,6.1616,;527.634167,6.21168,;527.634167,6.26178,;527.634167,6.31189,;527.634167,6.36199,;527.634167,6.41207,;527.634167,6.46216,;527.634167,6.51224,;524.863761,6.56233,;524.863761,6.61241,;524.863761,6.6625,;524.863761,6.71259,;524.863761,6.76268,;524.863761,6.81276,;524.863761,6.86284,;524.863761,6.91295,;524.863761,6.96305,;524.863761,7.01317,;524.863761,7.06325,;521.685997,7.11338,;521.685997,7.16347,;521.685997,7.21356,;521.685997,7.26364,;521.685997,7.31375,;521.685997,7.36386,;521.685997,7.41398,;521.685997,7.46407,;521.685997,7.51415,;521.685997,7.56424,;521.685997,7.6143,;521.685997,7.66438,;521.685997,7.71445,;521.685997,7.76458,;521.685997,7.81467,;521.685997,7.86475,;521.685997,7.91484,;521.685997,7.96496,;521.685997,8.01505,;521.685997,8.06516,;521.685997,8.11524,;521.685997,8.16535,;521.685997,8.21544,;521.685997,8.26557,;521.685997,8.31569,;521.685997,8.3658,;521.685997,8.4159,;521.685997,8.46602,;521.685997,8.51613,;521.685997,8.56624,;521.685997,8.61635,;521.685997,8.66643,;521.685997,8.71655,;521.685997,8.76664,;521.685997,8.81676,;521.685997,8.86685,;521.685997,8.91697,;521.685997,8.96708,;521.685997,9.01719,;521.685997,9.06728,;521.685997,9.1174,;521.685997,9.1675,;521.685997,9.21761,;521.685997,9.26771,;521.685997,9.3178,;521.685997,9.36789,;521.685997,9.41798,;521.685997,9.4681,;521.685997,9.51821,;521.685997,9.5683,;521.685997,9.61838,;521.685997,9.66847,;521.685997,9.71855,;521.685997,9.76867,;518.773621,9.81878,;518.773621,9.8689,;518.773621,9.91899,;518.773621,9.9691,;518.773621,10.0192,;
900.877786,0.0500954,;900.877786,0.100207,;900.877786,0.150316,;845.431065,0.200424,;835.635753,0.250493,;835.635753,0.300575,;819.326393,0.350669,;819.326393,0.400743,;819.326393,0.450832,;819.326393,0.500907,;803.169153,0.550986,;803.169153,0.601104,;803.169153,0.651185,;803.169153,0.701304,;787.002595,0.751387,;787.002595,0.801509,;787.002595,0.851588,;784.758926,0.901719,;784.758926,0.951806,;784.758926,1.0019,;780.659573,1.05198,;780.659573,1.10206,;780.659573,1.15218,;780.659573,1.2023,;780.659573,1.25242,;780.659573,1.30249,;780.659573,1.35261,;749.779566,1.40272,;749.779566,1.45279,;749.779566,1.50287,;749.779566,1.55296,;749.779566,1.60305,;729.770409,1.65316,;729.770409,1.70324,;729.770409,1.75335,;729.770409,1.80343,;729.770409,1.85351,;729.770409,1.90359,;729.770409,1.9537,;724.023359,2.00382,;724.023359,2.05393,;724.023359,2.10404,;724.023359,2.15414,;724.023359,2.20425,;724.023359,2.25433,;724.023359,2.30444,;640.820466,2.35452,;640.820466,2.40459,;640.820466,2.45468,;640.820466,2.50481,;640.820466,2.5549,;640.820466,2.60497,;640.820466,2.65506,;640.820466,2.70518,;640.820466,2.75529,;634.063842,2.80538,;634.063842,2.85546,;634.063842,2.90557,;634.063842,2.95566,;634.063842,3.00575,;625.661687,3.05583,;625.661687,3.10594,;625.661687,3.15606,;625.661687,3.20614,;625.661687,3.25621,;625.661687,3.30636,;625.661687,3.35647,;625.661687,3.40654,;625.661687,3.45665,;625.661687,3.50674,;625.661687,3.55686,;625.661687,3.60693,;625.661687,3.65705,;625.661687,3.70714,;625.661687,3.75731,;625.661687,3.8074,;625.661687,3.85748,;625.661687,3.90759,;625.661687,3.9577,;625.661687,4.0078,;625.661687,4.05792,;625.661687,4.10804,;612.341299,4.15812,;612.341299,4.2082,;612.341299,4.25832,;593.403267,4.30842,;593.403267,4.35849,;593.403267,4.40858,;593.403267,4.45867,;593.403267,4.50875,;593.403267,4.55883,;593.403267,4.6089,;593.403267,4.65898,;593.403267,4.70907,;593.403267,4.75917,;593.403267,4.80925,;593.403267,4.85935,;593.403267,4.90947,;593.403267,4.95955,;593.403267,5.00964,;585.232821,5.05972,;585.232821,5.1098,;585.232821,5.15987,;585.232821,5.20995,;585.232821,5.26003,;585.232821,5.31011,;585.232821,5.3602,;585.232821,5.41027,;585.232821,5.46036,;585.232821,5.51043,;558.944151,5.56054,;558.944151,5.61062,;558.944151,5.66074,;558.944151,5.71082,;558.944151,5.76094,;558.944151,5.81102,;558.944151,5.8611,;558.944151,5.91119,;558.944151,5.96128,;558.944151,6.01135,;558.944151,6.06146,;558.944151,6.11153,;558.944151,6.16162,;558.944151,6.21171,;558.944151,6.26179,;558.944151,6.3119,;558.944151,6.36198,;558.944151,6.4121,;558.944151,6.46222,;558.944151,6.51233,;558.944151,6.56241,;558.944151,6.61252,;558.944151,6.66264,;558.944151,6.71272,;558.944151,6.76281,;558.944151,6.81288,;558.944151,6.86296,;558.944151,6.91304,;558.944151,6.96311,;558.376929,7.01319,;558.376929,7.06327,;558.376929,7.11334,;558.376929,7.16342,;558.376929,7.2135,;558.376929,7.26358,;558.376929,7.31366,;558.376929,7.36375,;558.376929,7.41384,;558.376929,7.46393,;558.376929,7.514,;558.376929,7.56412,;531.464400,7.6142,;531.464400,7.66428,;531.464400,7.71436,;531.464400,7.76447,;531.464400,7.81454,;531.464400,7.86466,;531.464400,7.91474,;531.464400,7.96486,;531.464400,8.01494,;531.464400,8.06507,;531.464400,8.11515,;531.464400,8.16527,;531.464400,8.21538,;531.464400,8.2655,;531.464400,8.31559,;531.464400,8.36568,;531.464400,8.41576,;531.464400,8.46585,;531.464400,8.51594,;531.464400,8.56602,;531.464400,8.61612,;531.464400,8.66621,;531.464400,8.7163,;531.464400,8.76639,;531.464400,8.81647,;531.464400,8.86655,;531.464400,8.91666,;531.464400,8.96675,;531.464400,9.01682,;531.464400,9.0669,;531.464400,9.11701,;531.464400,9.1671,;531.464400,9.21722,;531.464400,9.26733,;531.464400,9.31744,;531.464400,9.36752,;531.464400,9.41764,;531.464400,9.46775,;531.464400,9.51784,;531.464400,9.56794,;531.464400,9.61805,;531.464400,9.66814,;531.464400,9.71824,;531.464400,9.76836,;531.464400,9.81844,;531.464400,9.86853,;531.464400,9.91862,;531.464400,9.96875,;
812.121575,0.050118,;781.308486,0.100191,;781.308486,0.150266,;781.308486,0.200341,;781.308486,0.250411,;781.308486,0.300484,;781.308486,0.350557,;781.308486,0.400631,;781.308486,0.450703,;781.308486,0.500775,;781.308486,0.550847,;781.308486,0.600921,;760.072461,0.650998,;760.072461,0.701069,;760.072461,0.751141,;760.072461,0.801208,;760.072461,0.851262,;760.072461,0.901393,;760.072461,0.951464,;739.942432,1.00155,;739.942432,1.05163,;721.480044,1.10172,;721.480044,1.1518,;721.480044,1.20189,;721.480044,1.25198,;721.480044,1.30207,;707.884125,1.35216,;707.884125,1.40225,;707.884125,1.45232,;707.858237,1.50239,;707.858237,1.55246,;707.858237,1.60254,;707.858237,1.65262,;707.858237,1.7027,;699.674430,1.75277,;699.674430,1.80285,;699.674430,1.85292,;699.674430,1.903,;699.674430,1.95308,;672.784194,2.00317,;672.784194,2.05326,;672.784194,2.1033,;672.784194,2.15341,;672.784194,2.20348,;672.784194,2.25359,;672.784194,2.30368,;672.784194,2.3538,;672.784194,2.40389,;672.784194,2.45396,;672.784194,2.50405,;672.784194,2.55417,;672.784194,2.60426,;672.784194,2.65435,;672.784194,2.70444,;672.784194,2.75452,;672.784194,2.80461,;672.784194,2.8547,;672.784194,2.90478,;672.784194,2.95489,;672.784194,3.00497,;672.784194,3.05506,;672.784194,3.10514,;672.784194,3.15523,;672.784194,3.20532,;672.784194,3.2554,;672.784194,3.30548,;672.784194,3.35556,;672.784194,3.40564,;672.784194,3.45571,;672.784194,3.50579,;672.784194,3.55587,;672.784194,3.60594,;672.784194,3.65602,;672.784194,3.70609,;645.113464,3.75617,;645.113464,3.80624,;626.908496,3.85634,;626.908496,3.90644,;626.908496,3.95653,;626.908496,4.00662,;626.908496,4.05671,;626.908496,4.10682,;626.908496,4.15692,;626.908496,4.207,;626.908496,4.25711,;626.908496,4.30723,;626.908496,4.35735,;626.908496,4.40743,;626.908496,4.45755,;626.908496,4.50768,;626.908496,4.55779,;626.908496,4.60789,;584.187314,4.658,;584.187314,4.7081,;584.187314,4.75823,;584.187314,4.80831,;584.187314,4.85839,;584.187314,4.90846,;584.187314,4.95854,;584.187314,5.00861,;584.187314,5.05873,;584.187314,5.10881,;584.187314,5.15893,;584.187314,5.20901,;584.187314,5.25909,;584.187314,5.30917,;584.187314,5.35926,;584.187314,5.40935,;584.187314,5.45943,;584.187314,5.50951,;584.187314,5.55962,;584.187314,5.6097,;584.187314,5.6598,;584.187314,5.70987,;584.187314,5.75997,;584.187314,5.81004,;574.729360,5.86013,;574.729360,5.91022,;574.729360,5.96033,;574.729360,6.01046,;574.729360,6.06057,;574.729360,6.11066,;574.729360,6.16075,;574.729360,6.21087,;574.729360,6.26099,;574.729360,6.31111,;542.598449,6.36118,;542.598449,6.4113,;542.598449,6.46141,;542.598449,6.51148,;542.598449,6.56159,;542.598449,6.61168,;542.598449,6.6618,;542.598449,6.71188,;542.598449,6.762,;542.598449,6.81208,;542.598449,6.86222,;542.598449,6.9123,;542.598449,6.96239,;542.598449,7.01251,;542.598449,7.06259,;528.115782,7.11267,;528.115782,7.16275,;528.115782,7.21286,;528.115782,7.26295,;528.115782,7.31307,;528.115782,7.36318,;528.115782,7.4133,;528.115782,7.46337,;528.115782,7.51345,;528.115782,7.56356,;528.115782,7.61367,;528.115782,7.66375,;528.115782,7.71385,;528.115782,7.76397,;528.115782,7.81405,;528.115782,7.86414,;528.115782,7.91423,;528.115782,7.9643,;528.115782,8.01437,;528.115782,8.06445,;528.115782,8.11458,;528.115782,8.1647,;528.115782,8.21481,;528.115782,8.26492,;528.115782,8.31503,;528.115782,8.36514,;528.115782,8.41526,;528.115782,8.46538,;528.115782,8.51546,;528.115782,8.56554,;528.115782,8.61564,;528.115782,8.66576,;528.115782,8.71584,;528.115782,8.76592,;528.115782,8.81601,;528.115782,8.86609,;528.115782,8.91618,;528.115782,8.96626,;528.115782,9.01635,;528.115782,9.06647,;513.186948,9.11655,;513.186948,9.16664,;513.186948,9.21673,;513.186948,9.26685,;513.186948,9.31692,;513.186948,9.367,;513.186948,9.41708,;513.186948,9.46716,;513.186948,9.51724,;513.186948,9.56732,;513.186948,9.61739,;513.186948,9.66747,;513.186948,9.71755,;513.186948,9.76762,;513.186948,9.81771,;513.186948,9.86779,;513.186948,9.91786,;513.186948,9.96794,;508.114445,10.018,;508.114445,10.0681,;
inf,0.0500949,;1008.667259,0.100169,;938.229596,0.150287,;938.229596,0.200397,;938.229596,0.25054,;938.229596,0.300675,;938.229596,0.350753,;716.967903,0.40089,;716.967903,0.450965,;716.967903,0.501079,;716.967903,0.551164,;716.967903,0.601292,;716.967903,0.651379,;716.967903,0.701496,;716.967903,0.751603,;661.819359,0.801696,;656.613308,0.851812,;656.613308,0.901921,;656.613308,0.952038,;656.613308,1.00215,;656.613308,1.05226,;656.613308,1.10235,;656.613308,1.15247,;656.613308,1.20254,;656.613308,1.25263,;656.613308,1.30271,;656.613308,1.3528,;656.613308,1.40289,;656.613308,1.45297,;656.613308,1.50306,;656.613308,1.55314,;656.613308,1.60324,;656.613308,1.65334,;656.613308,1.70342,;656.613308,1.75354,;656.613308,1.80362,;641.489169,1.85374,;641.489169,1.90382,;641.489169,1.9539,;641.489169,2.00398,;641.489169,2.05407,;641.489169,2.10416,;641.489169,2.15424,;641.489169,2.20433,;641.489169,2.25442,;641.489169,2.30455,;641.489169,2.35462,;641.489169,2.40474,;641.489169,2.45483,;641.489169,2.50494,;641.489169,2.55503,;641.489169,2.60511,;641.489169,2.6552,;641.489169,2.70529,;641.489169,2.75537,;641.489169,2.80545,;641.489169,2.85553,;641.489169,2.9057,;641.489169,2.95581,;638.847232,3.0059,;638.847232,3.05606,;638.847232,3.10618,;638.847232,3.15627,;597.053203,3.20635,;597.053203,3.25644,;597.053203,3.30652,;597.053203,3.35659,;597.053203,3.40667,;597.053203,3.45675,;597.053203,3.50683,;597.053203,3.55694,;597.053203,3.60702,;551.291340,3.65711,;551.291340,3.7072,;551.291340,3.75729,;551.291340,3.80737,;551.291340,3.8575,;551.291340,3.90759,;545.218907,3.95768,;545.218907,4.00776,;545.218907,4.05785,;545.218907,4.10797,;545.218907,4.15805,;545.218907,4.20815,;545.107150,4.25824,;545.107150,4.30837,;521.361711,4.35847,;521.361711,4.40858,;521.361711,4.45866,;521.361711,4.50878,;521.361711,4.55886,;521.361711,4.60898,;521.361711,4.65907,;521.361711,4.70919,;521.361711,4.75928,;521.361711,4.80936,;521.361711,4.85944,;521.361711,4.90957,;521.361711,4.95964,;521.361711,5.00976,;521.361711,5.05985,;521.361711,5.10994,;521.361711,5.16003,;521.361711,5.21012,;521.361711,5.2602,;521.361711,5.31032,;508.443369,5.36044,;508.443369,5.41052,;508.443369,5.46063,;508.443369,5.51071,;508.443369,5.56083,;508.443369,5.61093,;508.443369,5.66105,;508.443369,5.71114,;497.750353,5.76126,;497.750353,5.81135,;497.750353,5.86145,;497.750353,5.91154,;497.750353,5.96166,;497.750353,6.01174,;497.750353,6.06186,;497.750353,6.11197,;497.750353,6.1621,;497.750353,6.21223,;497.750353,6.26231,;497.750353,6.3124,;497.750353,6.36252,;497.750353,6.41263,;497.750353,6.4627,;497.750353,6.51278,;497.750353,6.56287,;495.357798,6.613,;495.357798,6.66309,;495.357798,6.71317,;495.357798,6.76326,;495.357798,6.81338,;495.357798,6.8635,;495.357798,6.91361,;495.357798,6.96371,;495.357798,7.01383,;495.357798,7.06392,;495.357798,7.11404,;495.357798,7.16415,;495.357798,7.21423,;495.357798,7.26432,;495.357798,7.31441,;495.357798,7.36453,;495.357798,7.4146,;495.357798,7.46468,;495.357798,7.51476,;495.357798,7.56489,;495.357798,7.61497,;495.357798,7.6651,;495.357798,7.71519,;495.357798,7.76531,;495.357798,7.8154,;495.357798,7.86551,;495.357798,7.9156,;495.357798,7.96569,;495.357798,8.01578,;495.357798,8.06587,;495.357798,8.11596,;495.357798,8.1661,;495.357798,8.21621,;495.357798,8.2663,;495.357798,8.31642,;495.357798,8.36653,;495.357798,8.41662,;495.357798,8.4667,;495.357798,8.51682,;495.357798,8.56692,;495.357798,8.61702,;495.357798,8.6671,;495.357798,8.71719,;495.357798,8.76729,;495.357798,8.81741,;495.357798,8.8675,;495.357798,8.91759,;495.357798,8.96768,;495.357798,9.01776,;495.357798,9.06785,;495.357798,9.11794,;495.357798,9.16805,;485.860831,9.21815,;485.860831,9.26823,;485.860831,9.31835,;485.860831,9.36842,;485.860831,9.41851,;485.860831,9.4686,;485.860831,9.51868,;485.860831,9.56875,;485.860831,9.61885,;485.860831,9.66893,;485.860831,9.719,;485.860831,9.76912,;485.860831,9.81921,;485.860831,9.86931,;485.860831,9.91939,;485.860831,9.96948,;
inf,0.0500693,;974.546136,0.100206,;974.546136,0.150314,;974.546136,0.200384,;970.349880,0.250453,;970.349880,0.300523,;970.349880,0.350619,;970.349880,0.400703,;970.349880,0.450831,;970.349880,0.500902,;970.349880,0.551018,;970.349880,0.601091,;970.349880,0.651176,;963.882227,0.701319,;963.882227,0.751392,;963.882227,0.801509,;963.882227,0.851618,;963.882227,0.901736,;963.882227,0.951808,;871.834095,1.00193,;871.834095,1.05201,;871.834095,1.1021,;871.834095,1.15218,;871.834095,1.20231,;871.834095,1.25238,;871.834095,1.3025,;871.834095,1.35262,;871.834095,1.40273,;871.834095,1.45281,;871.834095,1.5029,;871.834095,1.55298,;871.834095,1.60305,;871.834095,1.65312,;871.834095,1.70321,;871.834095,1.7533,;871.834095,1.80339,;871.834095,1.85348,;871.834095,1.90359,;871.834095,1.95371,;871.834095,2.00378,;871.834095,2.05386,;871.834095,2.10395,;853.417731,2.15404,;853.417731,2.20413,;845.999428,2.25422,;845.999428,2.30432,;845.999428,2.35442,;845.999428,2.40449,;845.999428,2.45457,;845.999428,2.50465,;710.437476,2.55474,;710.437476,2.60482,;700.772021,2.65491,;700.772021,2.70501,;700.772021,2.7551,;700.772021,2.80519,;700.772021,2.85527,;700.772021,2.90536,;700.772021,2.95545,;700.772021,3.00554,;700.772021,3.05563,;700.772021,3.10572,;700.772021,3.15581,;658.907504,3.2059,;658.907504,3.25599,;658.907504,3.3061,;658.907504,3.35621,;658.907504,3.4063,;658.907504,3.45638,;658.907504,3.50651,;658.907504,3.55659,;658.907504,3.60669,;647.187234,3.65679,;647.187234,3.70691,;647.187234,3.75698,;647.187234,3.80707,;647.187234,3.85716,;647.187234,3.90724,;623.816174,3.95733,;623.816174,4.00742,;623.816174,4.0575,;623.816174,4.10758,;623.816174,4.15767,;619.771306,4.20776,;619.771306,4.25785,;619.771306,4.30794,;619.771306,4.35803,;619.771306,4.40812,;577.592846,4.45821,;577.592846,4.50831,;577.592846,4.55839,;577.592846,4.60847,;574.532410,4.65855,;574.532410,4.70863,;574.532410,4.75875,;574.532410,4.80884,;574.532410,4.85893,;574.532410,4.90901,;574.532410,4.95913,;574.532410,5.00922,;574.532410,5.05931,;565.733065,5.10941,;565.733065,5.15952,;565.733065,5.20963,;565.733065,5.25975,;561.149665,5.30983,;561.149665,5.35991,;561.149665,5.41,;561.149665,5.46011,;561.149665,5.51022,;561.149665,5.56032,;561.149665,5.61039,;561.149665,5.66048,;561.149665,5.71055,;561.149665,5.76063,;561.149665,5.81072,;561.149665,5.8608,;561.149665,5.91094,;561.149665,5.96102,;561.149665,6.01113,;561.149665,6.06121,;560.697926,6.11129,;560.697926,6.16137,;560.697926,6.21145,;560.697926,6.26157,;560.697926,6.31165,;560.697926,6.36172,;560.697926,6.4118,;560.697926,6.46188,;560.697926,6.51197,;560.697926,6.56206,;560.697926,6.61213,;560.697926,6.66221,;558.885221,6.71231,;558.885221,6.76239,;558.885221,6.81247,;558.885221,6.86255,;558.885221,6.91265,;558.885221,6.96276,;558.885221,7.01284,;558.885221,7.06292,;558.885221,7.113,;558.885221,7.16308,;558.885221,7.2132,;558.885221,7.26329,;558.885221,7.31338,;558.885221,7.3635,;558.885221,7.41358,;522.266211,7.46366,;522.266211,7.51376,;522.266211,7.56388,;522.266211,7.61399,;522.266211,7.66408,;522.266211,7.71419,;522.266211,7.76431,;522.266211,7.81442,;522.266211,7.8645,;522.266211,7.91463,;522.266211,7.96471,;522.266211,8.01483,;522.266211,8.06493,;522.266211,8.11504,;522.266211,8.16513,;522.266211,8.21525,;522.266211,8.26536,;511.941194,8.31547,;511.941194,8.36554,;511.941194,8.41561,;511.941194,8.4657,;511.941194,8.51579,;510.944108,8.56587,;510.944108,8.61594,;510.944108,8.66601,;510.944108,8.71609,;510.944108,8.76616,;510.944108,8.81625,;510.449922,8.86635,;510.449922,8.91643,;510.449922,8.96654,;510.449922,9.01661,;510.449922,9.06673,;510.449922,9.11682,;510.449922,9.16694,;506.537115,9.21701,;506.537115,9.26709,;506.537115,9.31722,;506.537115,9.36734,;506.537115,9.41743,;506.537115,9.46756,;506.537115,9.51759,;506.537115,9.56767,;506.537115,9.61775,;506.537115,9.66784,;506.537115,9.71792,;506.537115,9.76799,;506.537115,9.81807,;506.537115,9.86814,;506.537115,9.91823,;506.537115,9.9683,;
inf,0.0500701,;inf,0.100184,;934.879161,0.150299,;904.591199,0.200393,;904.591199,0.250467,;904.591199,0.300549,;904.591199,0.350645,;904.591199,0.400725,;904.591199,0.450852,;904.591199,0.500941,;904.591199,0.551063,;904.591199,0.601179,;904.591199,0.651253,;904.591199,0.701337,;904.591199,0.75143,;904.591199,0.801525,;904.591199,0.85161,;904.591199,0.901724,;904.591199,0.951798,;904.591199,1.00191,;904.591199,1.05199,;904.591199,1.10208,;904.591199,1.15219,;898.311600,1.2023,;898.311600,1.25237,;898.311600,1.3025,;898.311600,1.35262,;883.522899,1.40269,;883.522899,1.4528,;883.522899,1.50291,;883.522899,1.55303,;878.909374,1.60311,;878.909374,1.65322,;845.236695,1.70334,;845.236695,1.75345,;845.236695,1.80356,;845.236695,1.85367,;845.236695,1.90379,;845.236695,1.95387,;845.236695,2.00397,;845.236695,2.05407,;845.236695,2.10411,;845.236695,2.15424,;845.197497,2.20436,;845.197497,2.25447,;845.197497,2.30459,;845.197497,2.3547,;845.197497,2.40482,;845.197497,2.4549,;845.197497,2.50499,;845.197497,2.55507,;845.197497,2.60518,;845.197497,2.65528,;845.197497,2.70534,;845.197497,2.75543,;845.197497,2.80554,;725.191832,2.85563,;725.191832,2.90575,;725.191832,2.95583,;725.191832,3.00594,;668.180623,3.05602,;668.180623,3.10611,;668.180623,3.15623,;668.180623,3.20632,;668.180623,3.25644,;668.180623,3.30653,;668.180623,3.35663,;668.180623,3.40673,;668.180623,3.45683,;668.180623,3.5069,;668.180623,3.55702,;668.180623,3.60713,;617.084400,3.65725,;617.084400,3.70734,;617.084400,3.75743,;617.084400,3.80752,;617.084400,3.85761,;617.084400,3.90771,;617.084400,3.95782,;617.084400,4.00794,;617.084400,4.05805,;605.907737,4.10815,;605.907737,4.15827,;605.907737,4.20836,;605.907737,4.25844,;605.907737,4.30853,;605.907737,4.35861,;605.907737,4.40869,;605.907737,4.45878,;605.907737,4.5089,;605.907737,4.55898,;605.907737,4.60907,;605.907737,4.65917,;605.907737,4.70929,;605.907737,4.75937,;605.907737,4.80946,;605.907737,4.85955,;605.907737,4.90967,;563.928461,4.95976,;563.928461,5.00986,;563.928461,5.05995,;563.928461,5.11007,;563.928461,5.16016,;563.928461,5.21024,;557.880819,5.26035,;557.880819,5.31049,;557.880819,5.36061,;557.880819,5.41073,;557.880819,5.46082,;557.880819,5.5109,;557.880819,5.56102,;557.880819,5.61109,;557.880819,5.66122,;557.880819,5.71131,;557.880819,5.76142,;557.880819,5.81154,;557.880819,5.86166,;557.880819,5.91178,;557.880819,5.96187,;557.880819,6.01199,;557.880819,6.06211,;557.880819,6.1122,;557.880819,6.16228,;557.880819,6.21241,;557.880819,6.26248,;557.880819,6.31258,;557.880819,6.36268,;557.880819,6.41276,;542.521074,6.46282,;542.521074,6.51291,;542.521074,6.56299,;542.521074,6.61311,;542.521074,6.66321,;542.521074,6.71331,;542.521074,6.7634,;542.521074,6.81351,;542.521074,6.86361,;542.521074,6.91373,;542.521074,6.96382,;542.521074,7.01394,;513.002840,7.06407,;513.002840,7.11422,;513.002840,7.16434,;513.002840,7.21446,;513.002840,7.26458,;513.002840,7.3147,;513.002840,7.36479,;513.002840,7.41488,;513.002840,7.46498,;513.002840,7.51506,;513.002840,7.56518,;513.002840,7.61527,;513.002840,7.66536,;513.002840,7.71545,;513.002840,7.76557,;513.002840,7.81565,;513.002840,7.86574,;513.002840,7.91586,;513.002840,7.96593,;513.002840,8.01605,;513.002840,8.06614,;513.002840,8.11623,;513.002840,8.16632,;513.002840,8.21644,;513.002840,8.26656,;513.002840,8.31663,;513.002840,8.36672,;513.002840,8.41681,;513.002840,8.46689,;513.002840,8.51701,;513.002840,8.56708,;513.002840,8.61717,;513.002840,8.66724,;513.002840,8.71732,;513.002840,8.76741,;513.002840,8.81753,;513.002840,8.86762,;513.002840,8.91774,;513.002840,8.96782,;513.002840,9.01791,;513.002840,9.068,;513.002840,9.11808,;513.002840,9.16819,;513.002840,9.21828,;513.002840,9.26836,;513.002840,9.31845,;513.002840,9.36853,;513.002840,9.41864,;513.002840,9.46871,;513.002840,9.51879,;513.002840,9.56886,;513.002840,9.61894,;508.226382,9.66901,;508.226382,9.71915,;508.226382,9.76924,;508.226382,9.81933,;508.226382,9.86942,;508.226382,9.91951,;508.226382,9.96964,;508.226382,10.0197,;
inf,0.0500657,;1024.697546,0.100144,;1024.697546,0.150223,;1024.697546,0.20031,;1024.697546,0.2504,;1024.697546,0.300477,;1024.697546,0.350558,;1024.697546,0.400648,;986.758881,0.450744,;906.811390,0.500822,;895.209153,0.550942,;895.209153,0.601024,;895.209153,0.651108,;895.209153,0.701192,;895.209153,0.751281,;895.209153,0.801363,;895.209153,0.851452,;895.209153,0.901542,;865.647057,0.95163,;865.647057,1.00172,;865.647057,1.05181,;865.647057,1.1019,;865.647057,1.15199,;764.350734,1.20207,;764.350734,1.25215,;764.350734,1.30224,;764.350734,1.35234,;764.350734,1.40246,;764.350734,1.45255,;764.350734,1.50264,;764.350734,1.55272,;764.350734,1.60281,;764.350734,1.65293,;764.350734,1.70304,;764.350734,1.75312,;764.350734,1.8032,;764.350734,1.85329,;764.350734,1.90338,;764.350734,1.95345,;764.350734,2.00353,;764.350734,2.05366,;764.350734,2.10373,;764.350734,2.15379,;764.350734,2.20389,;764.350734,2.25397,;764.350734,2.30405,;764.350734,2.35415,;764.350734,2.40424,;764.350734,2.45433,;764.350734,2.50442,;764.350734,2.5545,;764.350734,2.6046,;764.350734,2.65469,;764.350734,2.70477,;764.350734,2.75486,;764.350734,2.80495,;764.350734,2.85506,;764.350734,2.90515,;764.350734,2.95525,;764.350734,3.00534,;764.350734,3.05546,;764.350734,3.10554,;695.634005,3.15566,;695.634005,3.20574,;695.634005,3.25584,;695.634005,3.30592,;695.634005,3.35601,;660.775327,3.40608,;660.775327,3.45615,;660.775327,3.50627,;642.810734,3.5564,;632.474230,3.60648,;632.474230,3.65658,;632.474230,3.70668,;600.744449,3.75672,;600.598914,3.80679,;600.598914,3.85687,;600.598914,3.90695,;600.598914,3.95704,;600.598914,4.00713,;600.598914,4.05722,;600.598914,4.10732,;600.598914,4.15741,;600.598914,4.20752,;600.598914,4.25761,;600.598914,4.30774,;600.598914,4.35782,;600.598914,4.4079,;600.598914,4.45801,;600.598914,4.50813,;600.598914,4.55821,;600.598914,4.60834,;585.691461,4.65846,;585.691461,4.70859,;585.691461,4.75868,;585.691461,4.80876,;558.237760,4.85887,;558.237760,4.90897,;558.237760,4.95909,;558.237760,5.00918,;558.237760,5.05928,;558.237760,5.10936,;558.237760,5.15944,;558.237760,5.20953,;558.237760,5.25964,;558.237760,5.30972,;558.237760,5.35983,;558.237760,5.40991,;558.237760,5.46002,;558.237760,5.51009,;558.237760,5.56021,;558.237760,5.61029,;558.237760,5.66039,;558.237760,5.71048,;558.237760,5.76059,;558.237760,5.81068,;558.237760,5.86073,;558.237760,5.91082,;558.237760,5.9609,;558.237760,6.01098,;558.237760,6.06108,;558.237760,6.11117,;558.237760,6.16127,;558.237760,6.21134,;558.237760,6.26147,;558.237760,6.31156,;558.237760,6.36167,;558.237760,6.41175,;558.237760,6.46184,;558.237760,6.51192,;558.237760,6.56205,;558.237760,6.61213,;558.237760,6.66226,;558.237760,6.71234,;558.237760,6.76244,;558.237760,6.81254,;558.237760,6.86267,;558.237760,6.91275,;558.237760,6.96282,;558.237760,7.0129,;558.237760,7.06301,;558.237760,7.11313,;558.237760,7.16325,;558.237760,7.21334,;558.237760,7.26345,;558.237760,7.31354,;558.237760,7.36366,;558.237760,7.41378,;558.237760,7.4639,;558.237760,7.51399,;558.237760,7.56407,;558.237760,7.61416,;558.237760,7.66427,;558.237760,7.71436,;558.237760,7.76448,;558.237760,7.81454,;558.237760,7.86466,;558.237760,7.91481,;558.237760,7.96489,;558.237760,8.01502,;558.237760,8.06508,;549.414441,8.11517,;549.414441,8.16526,;549.414441,8.21535,;549.414441,8.26543,;536.810063,8.3155,;536.810063,8.36559,;536.810063,8.41567,;536.810063,8.46578,;536.810063,8.51589,;536.810063,8.56602,;536.810063,8.61613,;536.810063,8.66622,;536.810063,8.71634,;536.810063,8.76647,;536.810063,8.81654,;536.810063,8.86666,;536.810063,8.91673,;530.796640,8.96681,;530.796640,9.01688,;530.796640,9.06696,;530.796640,9.11704,;530.796640,9.16716,;526.483205,9.21723,;526.483205,9.26731,;526.483205,9.31739,;526.483205,9.36747,;526.483205,9.41756,;526.483205,9.46769,;520.620023,9.51777,;520.620023,9.56789,;520.620023,9.61797,;520.620023,9.66805,;520.620023,9.71815,;520.620023,9.76824,;520.620023,9.81835,;520.620023,9.86844,;520.620023,9.91852,;520.620023,9.96861,;520.620023,10.0187,;
inf,0.0500951,;937.721783,0.100167,;925.494047,0.150276,;925.494047,0.200349,;897.551600,0.250432,;897.551600,0.300528,;826.409010,0.350638,;826.409010,0.400726,;784.147825,0.45084,;784.147825,0.500929,;784.147825,0.551043,;784.147825,0.601128,;784.147825,0.65125,;784.147825,0.701336,;784.147825,0.751419,;784.147825,0.80149,;784.147825,0.851576,;784.147825,0.901685,;784.147825,0.951795,;784.147825,1.0019,;784.147825,1.05202,;784.147825,1.10213,;784.147825,1.1522,;784.147825,1.20229,;784.147825,1.25237,;777.347558,1.30248,;777.347558,1.35256,;777.347558,1.40267,;777.347558,1.45276,;740.919930,1.50284,;740.919930,1.55293,;740.919930,1.60301,;740.919930,1.65306,;740.919930,1.70317,;740.919930,1.7533,;740.919930,1.80341,;740.919930,1.85352,;740.919930,1.90363,;701.886125,1.95371,;701.886125,2.00382,;701.886125,2.0539,;701.886125,2.10397,;701.886125,2.15408,;701.886125,2.20411,;689.024392,2.25422,;663.084388,2.30429,;663.084388,2.35438,;663.084388,2.40447,;663.084388,2.45456,;663.084388,2.50464,;663.084388,2.55475,;663.084388,2.60482,;639.875782,2.6549,;639.875782,2.70499,;639.875782,2.75507,;639.875782,2.80516,;639.875782,2.85531,;639.875782,2.90538,;639.875782,2.9555,;639.875782,3.00559,;639.875782,3.0557,;639.875782,3.10577,;639.875782,3.15589,;639.875782,3.206,;639.875782,3.25608,;602.361326,3.30619,;602.361326,3.35626,;602.361326,3.40637,;602.361326,3.45646,;602.361326,3.50655,;602.361326,3.55664,;602.361326,3.60676,;602.361326,3.65685,;602.361326,3.70694,;602.361326,3.75703,;602.361326,3.80715,;579.035710,3.85724,;579.035710,3.90736,;579.035710,3.95748,;579.035710,4.0076,;579.035710,4.05771,;579.035710,4.1078,;579.035710,4.15792,;579.035710,4.20799,;579.035710,4.25806,;579.035710,4.30813,;579.035710,4.35823,;579.035710,4.40831,;568.024790,4.45842,;568.024790,4.5085,;568.024790,4.55862,;568.024790,4.60871,;568.024790,4.65886,;568.024790,4.70897,;568.024790,4.75909,;568.024790,4.8092,;568.024790,4.85932,;568.024790,4.9094,;568.024790,4.95947,;568.024790,5.00955,;568.024790,5.05963,;568.024790,5.10975,;568.024790,5.15985,;568.024790,5.20993,;568.024790,5.26004,;552.648941,5.31012,;552.648941,5.36019,;552.648941,5.41028,;552.648941,5.46036,;552.648941,5.51045,;552.648941,5.56054,;552.648941,5.61062,;552.648941,5.66072,;552.648941,5.71084,;552.648941,5.76092,;552.648941,5.81102,;552.648941,5.86113,;552.648941,5.91124,;552.648941,5.96134,;552.648941,6.01145,;552.648941,6.06153,;552.648941,6.11164,;552.648941,6.16175,;552.648941,6.21184,;552.648941,6.26194,;552.648941,6.31206,;552.648941,6.36217,;552.648941,6.41225,;552.648941,6.46236,;552.648941,6.51246,;552.648941,6.56257,;552.648941,6.61266,;552.648941,6.66278,;552.648941,6.71287,;552.648941,6.76298,;552.648941,6.81307,;552.648941,6.86318,;552.648941,6.91327,;552.648941,6.96338,;552.648941,7.01347,;552.648941,7.06359,;552.648941,7.11367,;552.648941,7.16376,;552.648941,7.21388,;552.648941,7.26399,;542.353352,7.3141,;542.353352,7.36417,;542.353352,7.41429,;542.353352,7.46436,;542.353352,7.51446,;542.353352,7.56455,;542.353352,7.61463,;542.353352,7.66472,;542.353352,7.71481,;542.353352,7.7649,;542.353352,7.81499,;542.353352,7.86507,;542.353352,7.91514,;542.353352,7.96522,;540.438563,8.0153,;533.062604,8.06538,;533.062604,8.11547,;533.062604,8.16556,;533.062604,8.21565,;533.062604,8.26575,;533.062604,8.31583,;533.062604,8.36592,;533.062604,8.41602,;533.062604,8.4661,;533.062604,8.51617,;533.062604,8.56625,;533.062604,8.61632,;533.062604,8.6664,;533.062604,8.71649,;533.062604,8.76658,;531.286248,8.81667,;531.286248,8.86677,;531.286248,8.91686,;507.900395,8.96695,;507.900395,9.01704,;507.900395,9.06712,;507.900395,9.11721,;507.900395,9.16729,;507.900395,9.21737,;507.900395,9.26744,;507.900395,9.31752,;507.900395,9.3676,;507.900395,9.41772,;507.900395,9.46784,;507.900395,9.51795,;507.900395,9.56807,;507.900395,9.61815,;507.900395,9.66823,;507.900395,9.71834,;507.900395,9.76841,;507.900395,9.81852,;507.900395,9.86863,;507.900395,9.91879,;507.900395,9.96887,;
inf,0.0500653,;inf,0.100154,;922.714338,0.150229,;922.714338,0.200311,;871.007995,0.250399,;871.007995,0.30052,;871.007995,0.350605,;871.007995,0.400722,;843.769369,0.450809,;843.769369,0.50094,;843.769369,0.551052,;843.769369,0.601125,;843.769369,0.651215,;843.769369,0.701304,;836.393586,0.751425,;803.604705,0.80154,;803.604705,0.851652,;803.604705,0.901763,;803.604705,0.951872,;803.604705,1.00196,;803.604705,1.05204,;803.604705,1.10211,;803.604705,1.15222,;795.769252,1.20233,;795.769252,1.25241,;795.769252,1.30252,;795.769252,1.35263,;795.769252,1.40274,;795.769252,1.45283,;795.769252,1.50294,;795.769252,1.55301,;795.769252,1.60308,;795.769252,1.65318,;795.769252,1.70327,;795.769252,1.75337,;795.769252,1.80344,;795.769252,1.85353,;771.591953,1.9036,;760.881374,1.95368,;760.881374,2.00376,;760.881374,2.05384,;760.881374,2.10396,;760.881374,2.15404,;760.881374,2.20416,;760.881374,2.25425,;760.881374,2.30438,;760.881374,2.35447,;760.881374,2.40461,;754.299294,2.45469,;754.299294,2.50477,;754.299294,2.55486,;754.299294,2.60493,;754.299294,2.65501,;754.299294,2.70508,;754.299294,2.75516,;754.299294,2.80526,;754.299294,2.85534,;754.299294,2.90543,;754.299294,2.95551,;754.299294,3.00559,;754.299294,3.05571,;754.299294,3.10579,;754.299294,3.15589,;754.299294,3.20597,;646.608562,3.25608,;646.608562,3.30621,;646.608562,3.35629,;646.608562,3.40639,;591.875991,3.4565,;591.875991,3.50659,;591.875991,3.55669,;591.875991,3.60677,;591.875991,3.65685,;591.875991,3.70694,;591.875991,3.75701,;591.875991,3.8071,;591.875991,3.85719,;591.875991,3.90728,;591.875991,3.95737,;591.875991,4.00746,;591.875991,4.05755,;591.875991,4.10766,;591.875991,4.15775,;591.875991,4.20787,;591.875991,4.25796,;591.875991,4.30808,;591.875991,4.3582,;591.875991,4.40833,;591.875991,4.45844,;591.875991,4.50854,;591.875991,4.55862,;562.847500,4.60872,;562.847500,4.65881,;562.847500,4.7089,;562.847500,4.75902,;562.847500,4.80911,;562.847500,4.85919,;562.847500,4.90927,;562.847500,4.95936,;562.847500,5.00945,;562.847500,5.05956,;562.847500,5.10965,;562.847500,5.15976,;561.531115,5.20985,;561.531115,5.25993,;561.531115,5.31002,;561.531115,5.3601,;561.531115,5.41018,;561.531115,5.46027,;561.531115,5.51035,;561.531115,5.56043,;561.531115,5.61052,;554.782874,5.66065,;554.782874,5.71076,;554.782874,5.76085,;554.782874,5.81092,;554.782874,5.861,;554.782874,5.91109,;554.782874,5.96118,;554.782874,6.01126,;554.782874,6.06135,;552.541590,6.11143,;552.541590,6.16151,;552.541590,6.21163,;552.541590,6.26171,;552.541590,6.31184,;552.541590,6.36194,;552.541590,6.41205,;552.541590,6.46213,;552.541590,6.51224,;552.541590,6.56234,;552.541590,6.61242,;552.541590,6.66253,;552.541590,6.71264,;552.541590,6.76272,;552.541590,6.81281,;552.541590,6.86289,;552.541590,6.91294,;552.541590,6.96306,;552.541590,7.01313,;552.541590,7.06323,;552.541590,7.11333,;552.541590,7.16345,;552.541590,7.21357,;552.541590,7.2637,;552.541590,7.31381,;552.541590,7.36389,;552.541590,7.41402,;552.541590,7.46413,;552.541590,7.51425,;552.541590,7.56436,;552.541590,7.61448,;552.541590,7.66459,;552.541590,7.71471,;552.541590,7.76482,;552.541590,7.81494,;552.541590,7.86501,;552.486361,7.91513,;552.486361,7.9652,;552.486361,8.01531,;552.486361,8.06542,;552.486361,8.11554,;552.486361,8.16566,;552.486361,8.21577,;552.486361,8.26586,;552.486361,8.31597,;552.486361,8.36606,;552.486361,8.41615,;552.486361,8.46631,;552.486361,8.51643,;552.486361,8.56654,;552.486361,8.61663,;552.486361,8.66672,;552.486361,8.71683,;552.486361,8.76695,;552.486361,8.81702,;552.486361,8.86713,;552.486361,8.91722,;552.486361,8.96733,;552.486361,9.01742,;552.486361,9.06753,;552.486361,9.11762,;552.486361,9.16773,;549.606978,9.21785,;549.606978,9.26792,;549.606978,9.31804,;549.606978,9.36813,;549.606978,9.41825,;549.606978,9.46833,;544.277499,9.51843,;540.862845,9.56851,;540.862845,9.61859,;540.862845,9.66875,;540.862845,9.71884,;540.862845,9.76895,;540.862845,9.81904,;540.862845,9.86912,;540.862845,9.91924,;540.862845,9.96933,;540.862845,10.0194,;
inf,0.0500652,;866.830994,0.100151,;866.830994,0.150236,;861.854317,0.200319,;852.282918,0.250433,;852.282918,0.300513,;852.282918,0.350593,;852.282918,0.400675,;852.282918,0.450764,;852.282918,0.500851,;852.282918,0.550939,;852.282918,0.601024,;852.282918,0.651142,;852.282918,0.701213,;852.282918,0.751294,;852.282918,0.801382,;852.282918,0.851459,;852.282918,0.901538,;802.930961,0.951626,;802.930961,1.00171,;802.930961,1.05179,;802.930961,1.10188,;802.930961,1.152,;802.930961,1.20209,;802.930961,1.25221,;802.930961,1.30233,;802.930961,1.35241,;802.930961,1.40254,;802.930961,1.45263,;802.930961,1.50273,;666.321289,1.55283,;666.321289,1.60292,;637.073643,1.653,;637.073643,1.70309,;637.073643,1.75317,;637.073643,1.80326,;637.073643,1.85335,;637.073643,1.90344,;637.073643,1.95351,;637.073643,2.00363,;620.061518,2.05374,;620.061518,2.10382,;620.061518,2.15391,;620.061518,2.20402,;620.061518,2.2541,;620.061518,2.30418,;620.061518,2.35426,;620.061518,2.40435,;607.751074,2.45446,;607.751074,2.50453,;607.751074,2.55462,;607.751074,2.60469,;607.751074,2.65478,;607.751074,2.70487,;593.244377,2.75496,;593.244377,2.80505,;593.244377,2.85515,;593.244377,2.90523,;584.268609,2.95531,;584.268609,3.0054,;584.268609,3.05555,;584.268609,3.10562,;584.268609,3.15571,;584.268609,3.20579,;584.268609,3.25591,;584.268609,3.30599,;584.268609,3.35608,;584.268609,3.40616,;584.268609,3.45619,;584.268609,3.50631,;583.273958,3.55638,;575.147212,3.60645,;572.871240,3.65653,;572.871240,3.7066,;572.871240,3.75669,;572.871240,3.80676,;572.871240,3.85685,;572.871240,3.90693,;572.871240,3.957,;572.871240,4.00707,;572.871240,4.05716,;572.871240,4.10724,;557.771724,4.15735,;557.771724,4.20743,;557.771724,4.25751,;557.771724,4.30758,;557.771724,4.35766,;557.771724,4.40774,;557.771724,4.45782,;557.771724,4.5079,;557.771724,4.55802,;539.699564,4.60809,;539.699564,4.6582,;539.699564,4.70827,;539.699564,4.75839,;539.699564,4.80847,;539.699564,4.85858,;539.699564,4.90867,;538.474091,4.95875,;538.474091,5.00883,;538.474091,5.05895,;538.474091,5.10903,;538.474091,5.15911,;536.693157,5.20919,;536.693157,5.25927,;536.693157,5.30936,;536.693157,5.35949,;536.693157,5.4096,;536.693157,5.45968,;536.693157,5.50979,;536.693157,5.55991,;536.693157,5.61002,;536.693157,5.66013,;536.693157,5.71025,;536.693157,5.76033,;536.693157,5.81045,;536.693157,5.86057,;536.693157,5.91067,;536.693157,5.96079,;536.693157,6.01088,;536.693157,6.06098,;536.693157,6.11109,;536.693157,6.16117,;536.693157,6.21128,;536.693157,6.26136,;536.693157,6.31148,;536.693157,6.36156,;536.693157,6.41165,;528.267992,6.46174,;528.267992,6.51183,;528.267992,6.56192,;528.267992,6.61203,;528.267992,6.66212,;528.267992,6.71221,;528.267992,6.76232,;528.267992,6.81239,;528.267992,6.86249,;528.267992,6.91257,;528.267992,6.96265,;528.267992,7.01274,;528.267992,7.06282,;528.267992,7.11292,;528.267992,7.16304,;528.267992,7.21312,;528.267992,7.26321,;528.267992,7.3133,;528.267992,7.36341,;528.267992,7.4135,;528.267992,7.46358,;528.267992,7.51367,;528.267992,7.56379,;528.267992,7.6139,;524.888428,7.66397,;524.888428,7.71409,;524.888428,7.76416,;524.888428,7.81427,;524.888428,7.86436,;524.888428,7.9145,;524.888428,7.96458,;524.888428,8.01469,;524.888428,8.06478,;524.888428,8.11489,;524.888428,8.16498,;524.888428,8.21512,;524.888428,8.26519,;524.888428,8.31528,;524.888428,8.36537,;524.888428,8.41546,;524.888428,8.46556,;524.888428,8.51568,;524.888428,8.56579,;524.888428,8.61586,;524.888428,8.66595,;524.888428,8.71603,;513.161496,8.76614,;513.161496,8.81622,;513.161496,8.86638,;513.161496,8.91649,;513.161496,8.96658,;513.161496,9.01669,;513.161496,9.06677,;513.161496,9.11688,;513.161496,9.16696,;505.223055,9.21704,;505.223055,9.26713,;505.223055,9.31725,;503.931536,9.36736,;503.931536,9.41745,;503.931536,9.46754,;503.931536,9.51763,;503.931536,9.56777,;503.931536,9.61786,;503.931536,9.66798,;503.931536,9.71809,;503.931536,9.76816,;503.931536,9.81825,;503.931536,9.86833,;503.931536,9.91841,;503.931536,9.96848,;503.931536,10.0186,;
inf,0.0500796,;inf,0.100161,;876.634897,0.15025,;869.263058,0.200339,;854.738343,0.250466,;854.738343,0.300521,;854.738343,0.350604,;832.734901,0.40069,;820.019502,0.450808,;820.019502,0.50089,;820.019502,0.55097,;809.795365,0.601055,;809.795365,0.651149,;804.947078,0.701232,;804.947078,0.751279,;804.947078,0.801363,;804.947078,0.85144,;804.947078,0.901524,;804.947078,0.951614,;804.947078,1.00171,;804.947078,1.05181,;804.947078,1.10189,;804.947078,1.15201,;804.947078,1.2021,;804.947078,1.25222,;804.947078,1.3023,;804.947078,1.35239,;804.947078,1.40252,;804.947078,1.4526,;763.805043,1.50268,;763.805043,1.55276,;763.805043,1.60284,;763.805043,1.65293,;696.491992,1.70305,;696.491992,1.75314,;696.491992,1.80326,;696.491992,1.85334,;696.491992,1.90343,;661.864835,1.95354,;661.864835,2.00365,;661.864835,2.05373,;661.864835,2.10385,;661.864835,2.15395,;661.864835,2.20407,;634.409362,2.2542,;634.409362,2.30428,;634.409362,2.35439,;634.409362,2.40451,;634.409362,2.45463,;634.409362,2.50471,;634.409362,2.55482,;634.409362,2.60491,;634.409362,2.65503,;634.409362,2.70512,;634.409362,2.75524,;634.409362,2.80534,;634.409362,2.85542,;634.409362,2.90551,;634.409362,2.95564,;634.409362,3.00577,;634.409362,3.05585,;634.409362,3.10594,;634.409362,3.15606,;634.409362,3.20619,;634.409362,3.25627,;634.409362,3.30636,;634.409362,3.35644,;614.496648,3.40653,;614.496648,3.4566,;614.496648,3.50668,;614.496648,3.55675,;614.496648,3.60683,;614.496648,3.65693,;614.496648,3.70706,;614.496648,3.75715,;614.496648,3.80727,;614.496648,3.85736,;614.496648,3.90745,;614.496648,3.95754,;614.496648,4.00768,;614.496648,4.05776,;614.496648,4.10789,;614.496648,4.15797,;614.496648,4.20806,;614.496648,4.25818,;614.496648,4.30829,;614.496648,4.35841,;614.496648,4.40854,;614.496648,4.45865,;614.496648,4.50873,;614.496648,4.55881,;614.496648,4.60891,;614.496648,4.65903,;614.496648,4.70912,;614.496648,4.7592,;614.496648,4.8093,;614.496648,4.85943,;614.496648,4.90955,;614.496648,4.95966,;614.496648,5.00978,;614.496648,5.05989,;614.496648,5.11001,;604.912059,5.1601,;604.912059,5.21023,;587.289118,5.26036,;587.289118,5.31049,;587.289118,5.36056,;587.289118,5.41065,;587.289118,5.46074,;587.289118,5.51083,;587.289118,5.56093,;587.289118,5.61103,;587.289118,5.66113,;587.289118,5.71122,;576.127894,5.76132,;576.127894,5.81142,;576.127894,5.86152,;576.127894,5.91161,;574.017579,5.96171,;574.017579,6.0118,;574.017579,6.0619,;574.017579,6.11198,;574.017579,6.1621,;574.017579,6.21218,;562.034504,6.26228,;542.641742,6.31237,;542.641742,6.36249,;536.283129,6.41257,;536.283129,6.46265,;536.283129,6.51273,;536.283129,6.56285,;536.283129,6.61295,;536.283129,6.66303,;528.237497,6.71311,;528.237497,6.76322,;528.237497,6.81329,;525.115287,6.86338,;525.115287,6.91347,;525.115287,6.96358,;525.115287,7.01367,;525.115287,7.06375,;525.115287,7.11383,;525.115287,7.16395,;525.115287,7.21403,;525.115287,7.26411,;525.115287,7.31418,;525.115287,7.36426,;525.115287,7.41435,;525.115287,7.46443,;525.115287,7.51452,;525.115287,7.5646,;525.115287,7.61468,;525.115287,7.66476,;525.115287,7.71483,;525.115287,7.76491,;525.115287,7.81504,;525.115287,7.86513,;525.115287,7.91523,;525.115287,7.96533,;525.115287,8.01544,;517.186711,8.06556,;517.186711,8.11567,;517.186711,8.16578,;517.186711,8.21587,;517.186711,8.26597,;517.186711,8.31608,;517.186711,8.36618,;517.186711,8.4163,;517.186711,8.46639,;517.186711,8.51651,;517.186711,8.56659,;513.546666,8.61667,;513.546666,8.66675,;497.407667,8.71683,;497.407667,8.76695,;497.407667,8.81705,;497.407667,8.86716,;497.407667,8.91728,;497.407667,8.96736,;497.407667,9.01744,;497.407667,9.06753,;497.407667,9.11761,;497.407667,9.16769,;497.407667,9.21776,;497.407667,9.26784,;497.407667,9.31792,;497.407667,9.368,;497.407667,9.41808,;497.407667,9.46815,;497.407667,9.51822,;497.407667,9.5683,;497.407667,9.61837,;497.407667,9.66844,;497.407667,9.71855,;497.407667,9.76862,;497.407667,9.81874,;497.407667,9.86881,;497.407667,9.91893,;497.407667,9.96904,;497.407667,10.0191,;
inf,0.0500959,;inf,0.100185,;inf,0.150297,;870.396381,0.200379,;870.396381,0.250466,;844.635219,0.300561,;844.635219,0.35065,;844.635219,0.400746,;844.635219,0.450826,;844.635219,0.500914,;844.635219,0.551029,;844.635219,0.601115,;844.635219,0.65121,;844.635219,0.701299,;844.635219,0.751389,;844.635219,0.801502,;799.995507,0.851576,;799.995507,0.901693,;799.995507,0.951764,;799.995507,1.00185,;785.446612,1.05195,;785.446612,1.10206,;785.446612,1.15215,;785.446612,1.20226,;785.446612,1.25234,;785.446612,1.30245,;785.446612,1.35254,;785.446612,1.40265,;785.446612,1.45273,;785.446612,1.50284,;785.446612,1.55296,;785.446612,1.60308,;785.446612,1.65319,;772.962859,1.70327,;772.962859,1.75336,;772.962859,1.80345,;772.962859,1.85358,;772.962859,1.90365,;772.962859,1.95376,;772.962859,2.00384,;772.962859,2.05396,;772.962859,2.10405,;772.962859,2.15413,;772.962859,2.20423,;772.962859,2.25434,;772.962859,2.30445,;772.962859,2.35457,;764.613673,2.40465,;760.497382,2.45476,;760.497382,2.50484,;760.497382,2.55492,;760.497382,2.60503,;760.011727,2.65515,;757.308912,2.70523,;757.308912,2.7553,;757.308912,2.80538,;757.308912,2.8555,;757.308912,2.90558,;757.308912,2.95566,;757.308912,3.00577,;757.308912,3.05584,;747.678223,3.10595,;747.678223,3.15604,;747.678223,3.20613,;747.678223,3.25622,;747.678223,3.3063,;747.678223,3.35636,;608.781484,3.40645,;608.781484,3.45653,;608.781484,3.50663,;608.781484,3.55675,;608.781484,3.60683,;606.299695,3.6569,;606.299695,3.707,;606.299695,3.75709,;606.299695,3.80719,;606.299695,3.85727,;606.299695,3.90734,;606.299695,3.95742,;575.710017,4.0075,;575.710017,4.05759,;575.710017,4.10766,;575.710017,4.15773,;575.710017,4.20781,;575.710017,4.2579,;575.710017,4.30798,;575.710017,4.35812,;575.710017,4.40819,;575.710017,4.45828,;575.710017,4.50837,;575.710017,4.55845,;575.710017,4.60854,;575.710017,4.65862,;575.710017,4.7087,;575.710017,4.75878,;575.710017,4.80887,;575.710017,4.85898,;575.710017,4.90909,;575.710017,4.9592,;575.710017,5.00932,;575.710017,5.05943,;575.710017,5.10951,;575.710017,5.15958,;575.710017,5.20967,;575.710017,5.25975,;575.710017,5.30986,;575.710017,5.35995,;575.710017,5.41007,;575.710017,5.46016,;553.501618,5.51027,;553.501618,5.56038,;553.501618,5.61046,;553.501618,5.66057,;553.501618,5.71069,;547.611566,5.76076,;547.611566,5.81085,;547.611566,5.86096,;547.611566,5.91105,;547.611566,5.96114,;547.611566,6.01122,;547.513974,6.06131,;547.513974,6.1114,;547.513974,6.16149,;547.513974,6.21157,;547.513974,6.26166,;547.513974,6.31174,;547.513974,6.36183,;547.513974,6.41192,;547.513974,6.46199,;547.513974,6.51208,;547.513974,6.56216,;547.513974,6.61224,;547.513974,6.66236,;547.513974,6.71245,;547.125259,6.76256,;547.125259,6.81265,;547.125259,6.86274,;547.125259,6.91286,;547.125259,6.96298,;547.125259,7.01305,;547.125259,7.06315,;547.125259,7.11327,;547.125259,7.16335,;547.125259,7.21344,;547.125259,7.26354,;547.125259,7.31365,;547.125259,7.36373,;547.125259,7.41384,;547.125259,7.46393,;547.125259,7.51401,;547.125259,7.56409,;547.125259,7.61421,;547.125259,7.6643,;547.125259,7.71441,;547.125259,7.76449,;547.125259,7.81461,;547.125259,7.86469,;547.125259,7.91477,;547.125259,7.96485,;547.125259,8.01493,;547.125259,8.06501,;547.125259,8.11511,;547.125259,8.16522,;547.125259,8.21533,;547.125259,8.26544,;547.125259,8.31553,;546.432433,8.36565,;546.432433,8.41572,;546.432433,8.46585,;546.432433,8.51594,;546.432433,8.56605,;546.432433,8.61613,;546.432433,8.6662,;546.432433,8.71628,;546.432433,8.76635,;546.432433,8.81643,;546.432433,8.86651,;546.432433,8.9166,;546.432433,8.96674,;546.432433,9.01683,;546.432433,9.06695,;546.432433,9.11708,;546.432433,9.1672,;546.432433,9.21732,;546.432433,9.26741,;546.432433,9.31753,;546.432433,9.36761,;546.432433,9.41768,;523.906200,9.46781,;523.906200,9.51792,;523.906200,9.56801,;523.906200,9.61813,;523.906200,9.66821,;523.906200,9.71833,;523.906200,9.76842,;523.906200,9.81853,;523.906200,9.86864,;523.906200,9.91875,;523.906200,9.96886,;523.906200,10.019,;
inf,0.0500822,;inf,0.100196,;877.041593,0.150267,;877.041593,0.200377,;863.617420,0.250459,;863.617420,0.300535,;863.617420,0.350607,;863.617420,0.400717,;863.617420,0.450803,;863.617420,0.500893,;863.617420,0.55094,;863.617420,0.601015,;863.617420,0.651103,;863.617420,0.701189,;863.617420,0.751271,;863.617420,0.801357,;863.617420,0.851442,;863.617420,0.901524,;794.262551,0.951595,;772.959992,1.00168,;772.959992,1.05177,;772.959992,1.10186,;772.959992,1.15195,;772.959992,1.20202,;772.959992,1.25211,;772.959992,1.30218,;772.959992,1.35227,;772.959992,1.40235,;771.739567,1.45246,;771.739567,1.50254,;771.739567,1.55263,;771.739567,1.60272,;738.096793,1.6528,;738.096793,1.70288,;738.096793,1.75296,;738.096793,1.80303,;738.096793,1.85312,;738.096793,1.90321,;738.096793,1.95329,;738.096793,2.0034,;714.919410,2.05351,;714.919410,2.1036,;714.919410,2.15373,;714.919410,2.20384,;714.919410,2.25397,;714.919410,2.30409,;714.919410,2.35412,;714.919410,2.40423,;714.919410,2.45431,;714.919410,2.50442,;714.919410,2.55451,;714.919410,2.60462,;714.919410,2.65471,;714.919410,2.70483,;714.919410,2.75491,;588.191384,2.80503,;588.191384,2.85512,;588.191384,2.90524,;574.827432,2.95535,;574.827432,3.00546,;574.827432,3.05555,;574.827432,3.10567,;574.827432,3.15579,;574.827432,3.20588,;574.827432,3.25599,;574.827432,3.30608,;574.827432,3.3562,;574.827432,3.40627,;574.827432,3.45635,;552.867057,3.50645,;552.867057,3.55656,;552.867057,3.60665,;552.867057,3.65673,;552.867057,3.70682,;552.867057,3.75693,;552.867057,3.80704,;552.867057,3.85712,;552.867057,3.90724,;552.867057,3.95733,;552.867057,4.00745,;552.867057,4.05753,;552.867057,4.10768,;552.867057,4.1578,;552.867057,4.20789,;552.867057,4.25798,;552.867057,4.30809,;552.867057,4.35817,;550.394510,4.40829,;550.394510,4.45836,;550.394510,4.50848,;550.394510,4.55859,;550.394510,4.60871,;550.394510,4.65879,;537.000108,4.70891,;537.000108,4.75903,;537.000108,4.80914,;537.000108,4.85926,;537.000108,4.90937,;537.000108,4.95948,;537.000108,5.0096,;537.000108,5.05968,;537.000108,5.10982,;537.000108,5.15993,;537.000108,5.21005,;537.000108,5.26017,;537.000108,5.31025,;537.000108,5.36034,;537.000108,5.41043,;537.000108,5.46055,;537.000108,5.51062,;537.000108,5.56073,;520.042781,5.61082,;520.042781,5.6609,;520.042781,5.71099,;520.042781,5.76108,;520.042781,5.8112,;520.042781,5.86132,;516.289690,5.91143,;516.289690,5.96151,;516.289690,6.0116,;516.289690,6.06168,;516.289690,6.11179,;516.289690,6.16186,;516.289690,6.21197,;516.289690,6.26208,;516.289690,6.3122,;516.289690,6.36227,;516.289690,6.41239,;516.289690,6.46247,;516.289690,6.51259,;516.289690,6.56267,;516.289690,6.61279,;516.289690,6.66287,;516.289690,6.71299,;516.289690,6.76307,;516.289690,6.81316,;516.289690,6.86326,;516.289690,6.91338,;516.289690,6.96346,;516.289690,7.01354,;516.289690,7.06362,;516.289690,7.11374,;516.289690,7.16385,;516.289690,7.21397,;516.289690,7.26406,;516.289690,7.31418,;516.289690,7.36429,;516.289690,7.41437,;516.289690,7.46446,;516.289690,7.51456,;516.289690,7.56468,;516.289690,7.61475,;516.289690,7.66487,;516.289690,7.71498,;516.289690,7.7651,;516.289690,7.81518,;516.289690,7.86528,;516.289690,7.91537,;516.289690,7.96549,;515.080753,8.01557,;515.080753,8.0657,;515.080753,8.11582,;515.080753,8.1659,;515.080753,8.21598,;515.080753,8.26608,;515.080753,8.3162,;515.080753,8.36628,;515.080753,8.41636,;515.080753,8.46644,;515.080753,8.51656,;515.080753,8.56663,;506.076745,8.61675,;506.076745,8.66684,;506.076745,8.71693,;506.076745,8.76701,;506.076745,8.81709,;506.076745,8.86718,;506.076745,8.91728,;506.076745,8.96737,;503.004805,9.01751,;503.004805,9.06762,;503.004805,9.11774,;503.004805,9.16787,;503.004805,9.21799,;503.004805,9.2681,;503.004805,9.31818,;503.004805,9.3683,;503.004805,9.4184,;503.004805,9.4685,;503.004805,9.51859,;503.004805,9.56868,;503.004805,9.61875,;503.004805,9.66884,;503.004805,9.71893,;503.004805,9.76902,;503.004805,9.8191,;503.004805,9.86918,;503.004805,9.91927,;503.004805,9.96936,;
inf,0.0500965,;956.985618,0.100171,;895.784800,0.150255,;863.417045,0.20035,;863.417045,0.250436,;863.417045,0.300532,;863.417045,0.350606,;748.560345,0.400738,;748.560345,0.450847,;748.560345,0.500922,;748.560345,0.550995,;748.560345,0.601073,;748.560345,0.651187,;748.560345,0.701268,;748.560345,0.751385,;748.560345,0.801465,;748.560345,0.851556,;748.560345,0.901641,;748.560345,0.951728,;748.560345,1.00182,;748.560345,1.0519,;748.560345,1.10203,;748.560345,1.15211,;748.560345,1.20222,;748.560345,1.2523,;748.560345,1.30242,;748.560345,1.3525,;740.958222,1.40259,;740.958222,1.45266,;740.958222,1.50274,;740.958222,1.55286,;740.958222,1.60293,;740.958222,1.65302,;739.653815,1.70311,;739.653815,1.75319,;729.795605,1.80326,;711.895497,1.85334,;711.895497,1.90343,;711.895497,1.95352,;711.895497,2.00361,;711.895497,2.0537,;711.895497,2.10381,;711.895497,2.15389,;711.895497,2.20398,;711.895497,2.25406,;711.895497,2.30413,;711.895497,2.35421,;711.895497,2.4043,;711.895497,2.45438,;711.895497,2.50445,;711.895497,2.55456,;711.895497,2.60464,;669.194469,2.65475,;669.194469,2.70486,;669.194469,2.75498,;669.194469,2.80506,;669.194469,2.85518,;669.194469,2.90526,;669.194469,2.95539,;669.194469,3.0055,;669.194469,3.05564,;667.026877,3.10575,;667.026877,3.15585,;667.026877,3.20596,;667.026877,3.25604,;667.026877,3.30615,;667.026877,3.35627,;558.498900,3.40636,;558.498900,3.45648,;558.498900,3.50659,;558.498900,3.5567,;558.498900,3.60681,;558.498900,3.6569,;558.498900,3.70702,;558.498900,3.7571,;558.498900,3.80718,;558.498900,3.85734,;558.498900,3.90743,;558.498900,3.95754,;558.498900,4.00766,;558.498900,4.05777,;558.498900,4.10788,;558.498900,4.158,;558.498900,4.20811,;558.498900,4.2582,;558.498900,4.30834,;558.498900,4.35845,;558.498900,4.40854,;558.498900,4.45866,;558.498900,4.50875,;558.498900,4.55887,;558.498900,4.60898,;558.498900,4.6591,;558.498900,4.70919,;558.498900,4.75927,;558.498900,4.80939,;558.498900,4.8595,;558.498900,4.90962,;558.498900,4.9597,;558.498900,5.00982,;558.498900,5.05993,;558.498900,5.11001,;558.498900,5.16009,;558.498900,5.2102,;558.498900,5.26029,;558.498900,5.31037,;558.498900,5.36047,;558.498900,5.41057,;558.498900,5.46069,;558.498900,5.51081,;558.498900,5.56093,;558.498900,5.61103,;558.498900,5.66114,;558.498900,5.71125,;558.498900,5.76134,;558.498900,5.81146,;551.336914,5.86157,;551.336914,5.91168,;551.336914,5.96181,;551.336914,6.0119,;551.336914,6.06199,;551.336914,6.11207,;551.336914,6.16214,;551.336914,6.21225,;551.336914,6.26233,;551.336914,6.31242,;551.336914,6.36252,;551.336914,6.41261,;551.336914,6.46271,;551.336914,6.5128,;551.336914,6.56294,;551.336914,6.61302,;551.336914,6.66313,;551.336914,6.71322,;550.497988,6.76334,;550.497988,6.81346,;550.497988,6.86353,;550.497988,6.91364,;550.497988,6.96372,;550.497988,7.01383,;550.497988,7.06398,;550.497988,7.11411,;550.497988,7.16419,;550.497988,7.21427,;550.497988,7.26433,;550.497988,7.31441,;540.340558,7.3645,;540.340558,7.4146,;540.340558,7.46468,;540.340558,7.51475,;540.340558,7.56483,;540.340558,7.61492,;540.340558,7.66502,;540.340558,7.71513,;540.340558,7.76526,;540.340558,7.81535,;540.340558,7.86544,;540.340558,7.91553,;540.340558,7.96561,;540.024246,8.01572,;540.024246,8.06581,;540.024246,8.11589,;540.024246,8.16597,;540.024246,8.21604,;540.024246,8.26612,;540.024246,8.31621,;540.024246,8.3663,;540.024246,8.41638,;540.024246,8.46649,;540.024246,8.51659,;540.024246,8.56667,;540.024246,8.61675,;540.024246,8.66683,;540.024246,8.71691,;540.024246,8.76699,;540.024246,8.81708,;540.024246,8.86717,;540.024246,8.91725,;540.024246,8.96735,;540.024246,9.01742,;540.024246,9.06752,;540.024246,9.1176,;540.024246,9.16769,;540.024246,9.21778,;540.024246,9.26786,;540.024246,9.318,;540.024246,9.36807,;540.024246,9.41819,;540.024246,9.46828,;540.024246,9.51839,;540.024246,9.56849,;540.024246,9.61858,;540.024246,9.66867,;540.024246,9.71871,;534.213799,9.76879,;534.213799,9.81887,;534.213799,9.86896,;534.213799,9.91903,;534.213799,9.96915,;534.213799,10.0192,;
inf,0.0500949,;865.936823,0.100168,;865.936823,0.150277,;865.936823,0.20035,;865.936823,0.25046,;862.841262,0.300551,;862.841262,0.350639,;862.841262,0.400736,;862.841262,0.450852,;844.042922,0.500959,;844.042922,0.551046,;844.042922,0.601178,;844.042922,0.651295,;844.042922,0.701406,;750.237948,0.751432,;750.237948,0.801547,;750.237948,0.851658,;750.237948,0.901733,;750.237948,0.951826,;750.237948,1.00194,;750.237948,1.05203,;750.237948,1.10214,;750.237948,1.15225,;750.237948,1.20236,;750.237948,1.25244,;750.237948,1.30253,;750.237948,1.35265,;750.237948,1.40276,;750.237948,1.45284,;750.237948,1.50292,;750.237948,1.55302,;750.237948,1.6031,;750.237948,1.65319,;750.237948,1.70329,;750.237948,1.75341,;750.237948,1.80349,;750.237948,1.85357,;750.237948,1.90365,;679.327386,1.95374,;679.327386,2.00384,;679.327386,2.05393,;679.327386,2.10401,;679.327386,2.15409,;679.327386,2.20422,;679.327386,2.25433,;679.327386,2.3044,;679.327386,2.35451,;679.327386,2.4046,;679.327386,2.45471,;679.327386,2.50479,;679.327386,2.55488,;679.327386,2.60497,;679.327386,2.65505,;679.327386,2.70514,;679.327386,2.75524,;679.327386,2.80532,;679.327386,2.8554,;679.327386,2.90547,;679.327386,2.95554,;679.327386,3.00562,;679.327386,3.0557,;679.327386,3.10577,;679.327386,3.15586,;673.479886,3.20594,;673.479886,3.25601,;673.479886,3.30609,;673.479886,3.35619,;673.479886,3.4063,;673.479886,3.45637,;673.479886,3.50645,;673.479886,3.55653,;673.479886,3.60665,;673.479886,3.65672,;673.479886,3.7068,;673.479886,3.75687,;673.479886,3.80695,;673.479886,3.85702,;673.479886,3.9071,;673.479886,3.95716,;673.479886,4.00727,;673.479886,4.05738,;673.479886,4.10746,;600.027291,4.15755,;600.027291,4.20763,;600.027291,4.25776,;600.027291,4.30783,;600.027291,4.35795,;600.027291,4.40803,;600.027291,4.45812,;600.027291,4.50819,;600.027291,4.55828,;600.027291,4.60835,;600.027291,4.65844,;600.027291,4.70852,;600.027291,4.75861,;600.027291,4.8087,;600.027291,4.85879,;600.027291,4.90887,;597.163257,4.95896,;597.163257,5.00904,;597.163257,5.05912,;597.163257,5.1092,;597.163257,5.15928,;597.163257,5.20937,;597.163257,5.25943,;597.163257,5.30951,;597.163257,5.35959,;597.163257,5.40967,;597.163257,5.45975,;597.163257,5.50983,;597.163257,5.55991,;597.163257,5.60998,;597.163257,5.66006,;597.163257,5.71014,;597.163257,5.76022,;597.163257,5.81031,;597.163257,5.86039,;597.163257,5.91046,;597.163257,5.96055,;597.163257,6.01063,;597.163257,6.06071,;597.163257,6.11079,;597.163257,6.16087,;597.163257,6.21095,;597.163257,6.26104,;597.163257,6.31112,;597.163257,6.3612,;583.259749,6.41128,;583.259749,6.46136,;583.259749,6.51143,;583.259749,6.56152,;583.259749,6.6116,;583.259749,6.66168,;583.259749,6.71176,;583.259749,6.76185,;567.970024,6.81193,;567.970024,6.86201,;567.970024,6.91209,;567.970024,6.96217,;567.970024,7.01225,;567.970024,7.06233,;567.970024,7.11241,;567.970024,7.16249,;567.970024,7.21257,;567.970024,7.26265,;567.970024,7.31273,;567.970024,7.36281,;567.970024,7.4129,;567.970024,7.46299,;567.970024,7.51308,;567.970024,7.56317,;567.970024,7.61325,;567.970024,7.66335,;567.970024,7.71344,;567.970024,7.76353,;567.970024,7.81361,;567.970024,7.8637,;567.970024,7.91379,;557.158502,7.96387,;557.158502,8.01399,;557.158502,8.06408,;557.158502,8.11417,;557.158502,8.16425,;557.158502,8.21434,;557.158502,8.26444,;557.158502,8.31453,;557.158502,8.36461,;557.158502,8.4147,;557.158502,8.46479,;557.158502,8.51489,;557.158502,8.56497,;557.158502,8.61506,;557.158502,8.66514,;522.120719,8.71523,;522.120719,8.76532,;522.120719,8.81541,;522.120719,8.8655,;522.120719,8.91559,;522.120719,8.96568,;522.120719,9.01577,;522.120719,9.06586,;522.120719,9.11594,;522.120719,9.16604,;522.120719,9.21612,;522.120719,9.26621,;522.120719,9.3163,;522.120719,9.36639,;522.120719,9.41648,;522.120719,9.46656,;522.120719,9.51665,;522.120719,9.56673,;522.120719,9.61682,;522.120719,9.6669,;522.120719,9.71699,;522.120719,9.76708,;522.120719,9.81717,;522.120719,9.86726,;522.120719,9.91734,;522.120719,9.96743,;522.120719,10.0175,;
inf,0.0500562,;inf,0.100167,;876.326300,0.150257,;876.326300,0.200366,;876.326300,0.250452,;876.326300,0.300543,;804.481733,0.350631,;804.481733,0.400705,;804.481733,0.450777,;804.481733,0.500848,;801.287933,0.55092,;801.287933,0.600997,;801.287933,0.65111,;791.732007,0.701193,;791.732007,0.751272,;791.732007,0.801345,;791.732007,0.851427,;791.732007,0.901511,;791.732007,0.951598,;791.732007,1.00169,;791.732007,1.05179,;776.365459,1.10189,;776.365459,1.15197,;776.365459,1.20207,;776.365459,1.25216,;776.365459,1.30225,;776.365459,1.35236,;776.365459,1.40248,;769.786399,1.45254,;769.786399,1.50264,;769.786399,1.55271,;769.786399,1.60282,;769.786399,1.65291,;769.786399,1.70302,;769.627783,1.7531,;677.364196,1.80322,;677.364196,1.85331,;677.364196,1.90342,;677.364196,1.95351,;649.736156,2.00359,;649.736156,2.0537,;597.776911,2.10378,;597.776911,2.15388,;597.776911,2.20399,;597.776911,2.25411,;597.776911,2.3042,;597.776911,2.35428,;597.776911,2.40437,;597.776911,2.45446,;597.776911,2.50455,;597.776911,2.55466,;597.776911,2.60473,;597.776911,2.65482,;597.776911,2.70491,;597.776911,2.75504,;597.776911,2.80512,;597.776911,2.85524,;597.776911,2.90535,;597.776911,2.95545,;597.776911,3.00557,;597.776911,3.05568,;597.776911,3.10575,;597.776911,3.15583,;597.776911,3.20591,;597.776911,3.25602,;597.776911,3.30613,;597.776911,3.35622,;597.776911,3.40635,;597.776911,3.45643,;597.776911,3.50659,;597.776911,3.55664,;597.776911,3.60673,;597.776911,3.65682,;597.776911,3.70691,;597.776911,3.75704,;597.776911,3.80715,;597.776911,3.85726,;597.776911,3.90738,;597.776911,3.9575,;597.776911,4.00757,;537.518345,4.05766,;537.518345,4.10777,;537.518345,4.15785,;537.518345,4.20793,;537.518345,4.25801,;537.518345,4.30809,;537.518345,4.35822,;537.518345,4.4083,;537.518345,4.45838,;537.518345,4.50846,;537.518345,4.55854,;537.518345,4.60862,;537.518345,4.65873,;537.518345,4.70884,;537.518345,4.75896,;537.518345,4.80905,;537.518345,4.85915,;533.867000,4.90924,;533.867000,4.95931,;533.867000,5.0094,;533.867000,5.05949,;533.867000,5.10957,;533.867000,5.15964,;533.867000,5.20971,;533.867000,5.25979,;533.867000,5.30989,;533.867000,5.35997,;533.867000,5.41006,;533.867000,5.46013,;533.867000,5.51021,;533.867000,5.56028,;533.867000,5.61036,;514.692852,5.66043,;514.692852,5.71051,;514.692852,5.76059,;514.692852,5.81066,;514.692852,5.86074,;514.692852,5.91085,;514.692852,5.96094,;514.692852,6.01103,;514.692852,6.06111,;514.692852,6.1112,;514.692852,6.16129,;514.692852,6.21137,;514.692852,6.26144,;514.692852,6.31152,;514.692852,6.36161,;514.692852,6.41172,;507.234242,6.46179,;507.234242,6.51189,;507.234242,6.562,;507.234242,6.61212,;507.234242,6.66221,;507.234242,6.71232,;507.234242,6.76244,;507.234242,6.81255,;504.910963,6.86263,;504.910963,6.91271,;504.910963,6.9628,;504.910963,7.0129,;504.910963,7.06302,;504.910963,7.11311,;504.910963,7.16323,;504.910963,7.21331,;504.910963,7.26344,;504.910963,7.31357,;504.910963,7.36367,;504.910963,7.41376,;504.910963,7.46388,;504.910963,7.51398,;504.910963,7.56408,;504.910963,7.6142,;504.910963,7.66433,;504.910963,7.71437,;504.910963,7.76445,;504.910963,7.81452,;504.910963,7.86461,;504.910963,7.9147,;504.910963,7.96477,;504.910963,8.01485,;504.910963,8.06494,;504.910963,8.11502,;504.910963,8.16511,;504.910963,8.21519,;504.910963,8.26527,;504.910963,8.31536,;504.910963,8.36546,;504.910963,8.41554,;504.910963,8.46563,;504.910963,8.51572,;504.910963,8.5658,;504.910963,8.61588,;504.910963,8.66596,;504.910963,8.71603,;504.910963,8.76611,;504.910963,8.81617,;504.910963,8.86631,;504.910963,8.9164,;504.910963,8.96652,;504.910963,9.0166,;504.910963,9.06672,;504.910963,9.1168,;504.910963,9.16689,;504.910963,9.21697,;504.910963,9.2671,;504.910963,9.31722,;504.910963,9.36734,;504.910963,9.41737,;504.910963,9.46749,;504.910963,9.51758,;504.910963,9.56772,;504.910963,9.61781,;504.910963,9.66792,;504.910963,9.71797,;504.910963,9.76808,;504.910963,9.81817,;504.910963,9.86825,;504.910963,9.91834,;504.910963,9.96843,;504.910963,10.0185,;
inf,0.0500962,;880.648624,0.100207,;880.648624,0.150317,;880.648624,0.200426,;880.648624,0.250515,;880.648624,0.30062,;880.648624,0.350704,;880.648624,0.400823,;880.648624,0.450898,;831.403733,0.501011,;831.403733,0.551125,;831.403733,0.601236,;831.403733,0.65132,;831.403733,0.701442,;831.403733,0.751566,;825.640282,0.801643,;825.640282,0.851734,;780.667342,0.901809,;780.667342,0.951879,;780.667342,1.00196,;780.667342,1.05209,;759.932914,1.10216,;759.932914,1.15227,;759.932914,1.20235,;759.932914,1.25244,;759.873014,1.30251,;741.932092,1.3526,;741.932092,1.40268,;741.932092,1.45279,;736.149830,1.50291,;736.149830,1.553,;736.149830,1.60307,;736.149830,1.65315,;736.149830,1.70325,;736.149830,1.75333,;736.149830,1.80343,;736.149830,1.85355,;736.149830,1.90364,;735.896751,1.95374,;681.081200,2.00385,;681.081200,2.05393,;681.081200,2.10405,;681.081200,2.15417,;681.081200,2.20425,;681.081200,2.25437,;681.081200,2.30449,;681.081200,2.35461,;681.081200,2.40472,;681.081200,2.45479,;673.594571,2.50491,;659.856075,2.555,;577.144967,2.60508,;577.144967,2.65517,;577.144967,2.70526,;577.144967,2.75535,;577.144967,2.80543,;577.144967,2.85551,;577.144967,2.90559,;577.144967,2.95566,;564.112710,3.00574,;564.112710,3.05583,;564.112710,3.10596,;564.112710,3.15605,;564.112710,3.20616,;564.112710,3.25626,;564.112710,3.30638,;564.112710,3.35648,;559.004604,3.40658,;559.004604,3.45668,;559.004604,3.50676,;559.004604,3.55684,;559.004604,3.60696,;559.004604,3.65705,;559.004604,3.70715,;559.004604,3.75723,;559.004604,3.80731,;559.004604,3.85738,;559.004604,3.90746,;559.004604,3.95754,;557.443586,4.00762,;557.443586,4.05774,;557.443586,4.10781,;557.443586,4.15793,;557.443586,4.20801,;557.443586,4.25813,;557.443586,4.30821,;553.710346,4.35832,;553.710346,4.40842,;553.710346,4.45853,;553.710346,4.5086,;524.613477,4.55864,;524.613477,4.60875,;524.613477,4.65883,;524.613477,4.70894,;524.613477,4.75904,;524.613477,4.80912,;524.613477,4.85921,;524.613477,4.90933,;524.613477,4.95941,;524.613477,5.00949,;524.613477,5.05961,;524.613477,5.10973,;524.613477,5.15982,;518.309808,5.2099,;518.309808,5.25999,;505.948139,5.31007,;505.948139,5.36016,;505.948139,5.41027,;505.948139,5.46038,;505.948139,5.51045,;505.948139,5.56056,;505.948139,5.61064,;505.948139,5.66076,;505.948139,5.71084,;505.948139,5.76092,;502.450519,5.81102,;502.450519,5.86113,;502.450519,5.91122,;502.450519,5.96131,;502.450519,6.0114,;502.450519,6.0615,;502.450519,6.11158,;502.450519,6.16166,;502.450519,6.21177,;502.450519,6.26188,;502.450519,6.31197,;502.450519,6.3621,;502.450519,6.41218,;502.450519,6.4623,;502.450519,6.51238,;502.450519,6.5625,;502.450519,6.61262,;491.682655,6.6627,;491.682655,6.71282,;491.682655,6.7629,;491.682655,6.81303,;491.682655,6.86311,;491.682655,6.91321,;491.682655,6.96329,;489.212725,7.01336,;489.212725,7.06344,;489.212725,7.11354,;489.212725,7.16363,;489.212725,7.21371,;489.212725,7.26379,;489.212725,7.31388,;489.212725,7.36397,;489.212725,7.41405,;489.212725,7.46412,;489.212725,7.51421,;489.212725,7.5643,;489.212725,7.61437,;489.212725,7.66446,;489.212725,7.71455,;489.212725,7.76464,;489.212725,7.81472,;489.212725,7.86481,;489.212725,7.9149,;489.212725,7.96499,;489.212725,8.01509,;489.212725,8.06518,;489.212725,8.11527,;489.212725,8.16536,;489.212725,8.21546,;489.212725,8.26554,;489.212725,8.31562,;489.212725,8.36572,;489.212725,8.4158,;489.212725,8.46589,;489.212725,8.51597,;489.212725,8.56607,;489.212725,8.61617,;489.212725,8.66625,;489.212725,8.71634,;489.212725,8.76644,;489.212725,8.81654,;489.212725,8.86659,;489.212725,8.91669,;489.212725,8.96678,;489.212725,9.01687,;489.212725,9.06696,;489.212725,9.11706,;489.212725,9.16715,;489.212725,9.21726,;489.212725,9.26735,;489.212725,9.31744,;489.212725,9.36752,;489.212725,9.41762,;489.212725,9.4677,;489.212725,9.5178,;489.212725,9.56788,;489.212725,9.61796,;489.212725,9.66811,;489.212725,9.7182,;489.212725,9.76828,;489.212725,9.81836,;489.212725,9.86844,;489.212725,9.91856,;489.212725,9.96868,;489.212725,10.0188,;
inf,0.050109,;1121.939080,0.1002,;1121.939080,0.150313,;1007.750337,0.200396,;1007.750337,0.250513,;978.230279,0.300598,;906.477089,0.350716,;906.477089,0.400803,;906.477089,0.450892,;906.477089,0.500974,;906.477089,0.551056,;906.477089,0.601147,;888.556583,0.651274,;877.078300,0.701392,;877.078300,0.751476,;877.078300,0.801556,;866.842235,0.851636,;866.842235,0.901717,;866.842235,0.951796,;866.842235,1.00189,;866.842235,1.05198,;866.842235,1.10209,;866.842235,1.15219,;848.912210,1.20227,;825.253035,1.25237,;825.253035,1.30246,;825.253035,1.35258,;825.253035,1.40266,;825.253035,1.45277,;825.253035,1.50285,;825.253035,1.55295,;825.253035,1.60304,;825.253035,1.65312,;798.389196,1.70326,;798.389196,1.75337,;798.389196,1.80349,;798.389196,1.8536,;798.389196,1.90368,;798.389196,1.95379,;761.000266,2.00386,;761.000266,2.05395,;761.000266,2.10403,;761.000266,2.15413,;761.000266,2.20421,;761.000266,2.2543,;761.000266,2.30438,;761.000266,2.35447,;696.795677,2.40456,;696.795677,2.45466,;696.795677,2.50474,;667.996649,2.55481,;666.217596,2.60489,;666.217596,2.65499,;657.354248,2.70507,;657.354248,2.75515,;657.354248,2.80524,;657.354248,2.85532,;643.459163,2.90541,;643.459163,2.95549,;643.459163,3.00559,;629.517102,3.05566,;629.517102,3.10574,;629.517102,3.15581,;629.517102,3.20591,;629.517102,3.256,;629.517102,3.30608,;629.517102,3.35617,;629.517102,3.40629,;629.517102,3.45637,;629.517102,3.5065,;620.379878,3.55659,;615.552129,3.60672,;615.552129,3.65679,;610.191801,3.70688,;610.191801,3.757,;610.191801,3.80708,;610.191801,3.85718,;610.191801,3.90726,;610.191801,3.95735,;610.191801,4.00749,;610.191801,4.05761,;610.191801,4.10773,;610.191801,4.15784,;610.191801,4.20796,;610.191801,4.25808,;610.191801,4.30819,;610.191801,4.35831,;610.191801,4.4084,;610.191801,4.45853,;610.191801,4.50863,;610.191801,4.55872,;610.191801,4.60882,;606.881455,4.6589,;606.881455,4.70899,;585.655765,4.75908,;585.655765,4.80918,;585.655765,4.85926,;585.655765,4.90935,;585.655765,4.95944,;585.655765,5.00956,;585.655765,5.0596,;585.655765,5.10971,;585.655765,5.15979,;585.655765,5.20991,;585.655765,5.26001,;585.655765,5.31013,;585.655765,5.36021,;585.655765,5.41033,;578.479866,5.46042,;578.479866,5.51054,;578.479866,5.56064,;578.479866,5.61077,;578.479866,5.66086,;578.479866,5.71099,;578.479866,5.76109,;578.479866,5.81122,;578.479866,5.86135,;578.479866,5.91148,;578.479866,5.96157,;578.479866,6.01166,;578.479866,6.06177,;578.479866,6.11186,;578.479866,6.16194,;578.479866,6.21203,;578.479866,6.26212,;571.458759,6.31221,;571.458759,6.3623,;571.458759,6.4124,;571.458759,6.46249,;571.458759,6.51259,;571.458759,6.56269,;571.458759,6.61278,;541.566176,6.66287,;541.566176,6.71296,;541.566176,6.76304,;529.004094,6.81312,;529.004094,6.86321,;529.004094,6.9133,;529.004094,6.96342,;529.004094,7.01349,;529.004094,7.06358,;529.004094,7.1137,;529.004094,7.16378,;529.004094,7.21388,;528.657481,7.26397,;528.657481,7.31408,;528.657481,7.36418,;528.657481,7.4143,;528.657481,7.46439,;528.657481,7.5145,;528.657481,7.56459,;528.657481,7.61471,;528.657481,7.6648,;528.657481,7.71486,;528.657481,7.76498,;528.657481,7.81506,;528.657481,7.86516,;528.657481,7.91525,;528.657481,7.96534,;528.657481,8.01543,;528.657481,8.06555,;528.657481,8.1156,;528.657481,8.16569,;528.657481,8.21578,;528.657481,8.26587,;523.447600,8.31596,;523.447600,8.36604,;523.447600,8.41613,;523.447600,8.46623,;523.447600,8.51632,;523.447600,8.56645,;523.447600,8.61653,;523.447600,8.66663,;523.447600,8.71672,;523.447600,8.7668,;523.447600,8.81688,;523.447600,8.86696,;523.447600,8.91705,;523.447600,8.96713,;523.447600,9.01722,;523.447600,9.06731,;520.155088,9.11739,;520.155088,9.16748,;519.543730,9.21757,;519.543730,9.2677,;519.543730,9.31783,;519.543730,9.36795,;519.543730,9.41807,;519.543730,9.46817,;519.543730,9.51825,;519.543730,9.56834,;519.543730,9.61847,;519.543730,9.66858,;519.543730,9.7187,;519.543730,9.76881,;519.543730,9.81893,;519.543730,9.86905,;519.543730,9.91913,;519.543730,9.96921,;519.543730,10.0193,;
inf,0.0500966,;inf,0.10017,;821.391645,0.150282,;779.759869,0.200353,;779.759869,0.250464,;779.759869,0.300535,;779.759869,0.350616,;779.759869,0.400714,;779.016004,0.450826,;779.016004,0.500919,;779.016004,0.550993,;779.016004,0.601104,;779.016004,0.651176,;745.011361,0.701284,;745.011361,0.751367,;745.011361,0.801444,;687.551110,0.851528,;687.551110,0.9016,;687.551110,0.951677,;687.551110,1.00179,;687.551110,1.0519,;687.551110,1.10201,;669.335478,1.15208,;669.335478,1.20215,;669.335478,1.25225,;652.445893,1.30233,;652.445893,1.35241,;652.445893,1.40249,;652.445893,1.45257,;652.445893,1.50265,;634.124936,1.55274,;634.124936,1.60282,;634.124936,1.65292,;634.124936,1.70301,;634.124936,1.75311,;632.126608,1.80321,;632.126608,1.8533,;632.126608,1.90338,;632.126608,1.95347,;632.126608,2.00354,;632.126608,2.05365,;632.126608,2.10376,;632.126608,2.15386,;632.126608,2.20394,;632.126608,2.25403,;632.126608,2.30411,;632.126608,2.3542,;630.054640,2.40428,;630.054640,2.45436,;630.054640,2.50443,;630.054640,2.55452,;630.054640,2.60461,;630.054640,2.65472,;621.911954,2.7048,;621.911954,2.7549,;612.089096,2.80498,;612.089096,2.85506,;612.089096,2.90515,;612.089096,2.95524,;612.089096,3.00533,;612.089096,3.05541,;612.089096,3.10551,;612.089096,3.15564,;612.089096,3.20573,;612.089096,3.2558,;612.089096,3.30588,;612.089096,3.35603,;612.089096,3.40615,;612.089096,3.45622,;581.646295,3.5063,;581.646295,3.55639,;581.646295,3.60646,;581.646295,3.65653,;581.646295,3.7066,;581.646295,3.75668,;581.646295,3.80677,;581.646295,3.85686,;581.646295,3.90698,;581.646295,3.95706,;581.646295,4.00718,;581.646295,4.05729,;581.646295,4.1074,;581.646295,4.15748,;581.646295,4.20756,;581.646295,4.25764,;581.646295,4.30776,;581.646295,4.35786,;581.646295,4.40791,;563.314180,4.45799,;563.314180,4.50808,;563.314180,4.55816,;563.314180,4.60824,;563.314180,4.65833,;563.314180,4.70841,;563.314180,4.75849,;563.314180,4.80857,;563.314180,4.8587,;563.314180,4.90877,;563.314180,4.9588,;563.314180,5.00889,;563.314180,5.05898,;563.314180,5.10906,;563.314180,5.15916,;563.314180,5.20924,;563.314180,5.25933,;563.314180,5.30941,;563.314180,5.3595,;563.314180,5.40958,;563.314180,5.45962,;563.314180,5.50975,;563.314180,5.55983,;563.314180,5.60991,;563.314180,5.66,;563.314180,5.71007,;563.314180,5.76016,;563.314180,5.81024,;563.314180,5.8603,;563.314180,5.91038,;563.314180,5.96046,;563.314180,6.01054,;563.314180,6.06063,;563.314180,6.11071,;563.314180,6.1608,;563.314180,6.21088,;563.314180,6.26096,;563.314180,6.31106,;563.314180,6.36114,;563.314180,6.41123,;563.314180,6.46133,;563.314180,6.51141,;563.314180,6.5615,;555.464042,6.61159,;555.464042,6.66168,;555.464042,6.71177,;555.464042,6.76193,;530.122165,6.81204,;530.122165,6.86212,;530.122165,6.91222,;530.122165,6.9623,;530.122165,7.01234,;530.122165,7.06246,;530.122165,7.11254,;530.122165,7.16266,;530.122165,7.21275,;530.122165,7.26286,;530.122165,7.31295,;530.122165,7.36306,;530.122165,7.41315,;530.122165,7.46323,;530.122165,7.51333,;530.122165,7.56341,;530.122165,7.6135,;530.122165,7.66359,;530.122165,7.7137,;530.122165,7.76382,;530.122165,7.81391,;527.002628,7.86398,;527.002628,7.91407,;527.002628,7.96416,;516.485015,8.01423,;516.485015,8.0643,;516.485015,8.11438,;516.485015,8.16446,;516.485015,8.21453,;516.485015,8.26462,;516.485015,8.31474,;516.485015,8.36486,;516.485015,8.41493,;516.485015,8.46501,;516.485015,8.51513,;516.485015,8.56528,;516.485015,8.6154,;516.485015,8.66548,;516.485015,8.71559,;516.485015,8.76568,;516.485015,8.81576,;516.485015,8.86586,;516.485015,8.91596,;516.485015,8.96605,;516.485015,9.01617,;516.485015,9.06628,;516.485015,9.11636,;516.485015,9.16644,;516.485015,9.21653,;516.485015,9.26661,;516.485015,9.3167,;516.485015,9.36681,;516.485015,9.4169,;516.485015,9.46705,;516.485015,9.51713,;516.485015,9.56722,;516.485015,9.6173,;516.485015,9.66738,;516.485015,9.71744,;513.916706,9.76753,;512.211874,9.8176,;512.211874,9.86772,;512.211874,9.91783,;512.211874,9.96794,;512.211874,10.0181,;
inf,0.0500582,;834.738940,0.100176,;834.738940,0.150251,;834.738940,0.200362,;834.738940,0.250439,;834.738940,0.300553,;834.738940,0.350643,;834.738940,0.400756,;834.738940,0.450841,;834.738940,0.500965,;834.738940,0.55106,;834.738940,0.601149,;834.738940,0.651282,;834.738940,0.701386,;834.738940,0.751469,;834.738940,0.801588,;834.738940,0.851702,;834.738940,0.90182,;787.130685,0.951935,;787.130685,1.00205,;787.130685,1.05216,;787.130685,1.10228,;787.130685,1.15241,;787.130685,1.20249,;787.130685,1.25261,;787.130685,1.30269,;787.130685,1.35277,;784.287120,1.40285,;784.287120,1.45298,;784.287120,1.50306,;784.287120,1.55316,;784.287120,1.60325,;784.287120,1.65334,;784.287120,1.70344,;743.035107,1.75355,;647.355062,1.80364,;647.355062,1.85376,;647.355062,1.90387,;647.355062,1.95399,;647.355062,2.0041,;647.355062,2.05423,;647.355062,2.10435,;647.355062,2.15448,;647.355062,2.2046,;647.355062,2.25471,;647.355062,2.30483,;646.070858,2.35493,;646.070858,2.40505,;646.070858,2.45514,;646.070858,2.50526,;645.462111,2.55536,;641.294938,2.60545,;634.424130,2.65554,;634.424130,2.70563,;634.424130,2.75572,;634.424130,2.80581,;634.424130,2.8559,;634.424130,2.906,;634.424130,2.95609,;634.424130,3.0062,;618.057399,3.05629,;618.057399,3.10637,;618.057399,3.15647,;618.057399,3.20656,;618.057399,3.25665,;618.057399,3.30674,;618.057399,3.35684,;618.057399,3.40694,;618.057399,3.45703,;618.057399,3.50712,;618.057399,3.55721,;613.798075,3.6073,;613.798075,3.65738,;572.570488,3.70746,;572.570488,3.75755,;572.570488,3.80764,;572.570488,3.85777,;572.570488,3.90786,;566.845359,3.95795,;566.845359,4.00803,;559.197086,4.05811,;559.197086,4.1082,;559.197086,4.15828,;559.197086,4.2084,;559.197086,4.25849,;559.197086,4.3086,;559.197086,4.35869,;559.197086,4.40877,;559.197086,4.45886,;559.197086,4.50912,;558.454807,4.55921,;558.454807,4.6093,;558.454807,4.65938,;558.454807,4.70947,;558.454807,4.75956,;558.454807,4.80964,;558.454807,4.85973,;558.454807,4.90982,;558.454807,4.95991,;558.454807,5.01,;558.454807,5.06009,;558.454807,5.11018,;558.454807,5.16027,;558.454807,5.21039,;558.454807,5.26051,;551.826089,5.31061,;551.826089,5.36073,;551.826089,5.41084,;551.826089,5.46092,;551.826089,5.51101,;551.826089,5.56111,;551.826089,5.61119,;551.826089,5.66131,;551.826089,5.7114,;551.826089,5.76152,;551.826089,5.81159,;551.826089,5.86167,;551.826089,5.91179,;551.826089,5.9619,;551.826089,6.01198,;551.826089,6.06207,;551.826089,6.11219,;551.826089,6.16227,;551.826089,6.21236,;551.826089,6.26245,;551.826089,6.31256,;528.578573,6.36266,;528.578573,6.41278,;528.578573,6.46288,;528.578573,6.51301,;528.578573,6.56311,;528.578573,6.61323,;528.578573,6.66332,;528.578573,6.71343,;528.578573,6.76355,;528.578573,6.81363,;528.578573,6.86375,;525.085443,6.91387,;525.085443,6.96399,;525.085443,7.0141,;525.085443,7.06422,;525.085443,7.11432,;525.085443,7.16444,;525.085443,7.21453,;525.085443,7.26461,;525.085443,7.3147,;525.085443,7.36481,;525.085443,7.41491,;525.085443,7.46499,;525.085443,7.51509,;519.162110,7.56517,;519.162110,7.61525,;519.162110,7.66535,;519.162110,7.71547,;519.162110,7.76556,;519.162110,7.81565,;519.162110,7.86573,;519.162110,7.91582,;519.162110,7.96592,;519.162110,8.01605,;519.162110,8.06617,;519.162110,8.1163,;519.162110,8.16642,;519.162110,8.21654,;519.162110,8.26663,;519.162110,8.31675,;519.162110,8.36684,;519.162110,8.41696,;519.162110,8.46704,;506.524694,8.51714,;506.524694,8.56724,;506.524694,8.61736,;506.524694,8.66745,;506.524694,8.71754,;506.524694,8.76763,;506.524694,8.81772,;506.524694,8.8678,;506.524694,8.9179,;506.524694,8.96799,;506.524694,9.01809,;506.524694,9.06817,;506.524694,9.11827,;506.524694,9.16836,;506.524694,9.21844,;506.524694,9.26853,;506.524694,9.31862,;506.524694,9.3687,;506.524694,9.41879,;506.524694,9.46888,;506.524694,9.51897,;506.524694,9.56906,;506.524694,9.61915,;506.524694,9.66924,;506.524694,9.71934,;506.524694,9.76942,;506.524694,9.81951,;506.524694,9.86959,;506.524694,9.91968,;506.524694,9.96976,;506.524694,10.0198,;
inf,0.0500716,;917.941268,0.100157,;917.941268,0.150244,;917.941268,0.20032,;917.941268,0.250391,;917.941268,0.300463,;917.941268,0.350562,;908.229926,0.400671,;908.229926,0.45076,;908.229926,0.500875,;859.721718,0.55097,;859.721718,0.601061,;847.336674,0.651176,;847.336674,0.701266,;847.336674,0.751342,;847.336674,0.801416,;846.971919,0.851502,;846.971919,0.901582,;846.971919,0.951655,;846.971919,1.00173,;846.971919,1.05181,;846.971919,1.1019,;846.971919,1.15201,;846.971919,1.20209,;846.971919,1.25218,;846.971919,1.30226,;846.971919,1.35233,;836.041489,1.40241,;836.041489,1.45252,;836.041489,1.50263,;836.041489,1.55269,;836.041489,1.60277,;836.041489,1.65289,;836.041489,1.70298,;836.041489,1.75307,;836.041489,1.8032,;836.041489,1.85331,;836.041489,1.90338,;836.041489,1.95345,;836.041489,2.00356,;836.041489,2.05365,;813.885686,2.10377,;813.885686,2.15385,;813.885686,2.20394,;813.885686,2.25403,;813.885686,2.3041,;813.885686,2.35421,;813.885686,2.40429,;813.885686,2.4544,;813.885686,2.50446,;813.885686,2.55454,;647.324916,2.60464,;627.235122,2.65472,;627.235122,2.70479,;627.235122,2.7549,;627.235122,2.80502,;627.235122,2.85511,;627.235122,2.90521,;627.235122,2.95529,;618.802817,3.00538,;618.802817,3.0555,;618.802817,3.10558,;618.802817,3.15565,;618.802817,3.20574,;618.802817,3.25583,;608.917111,3.30592,;608.917111,3.35601,;574.679800,3.4061,;574.679800,3.45623,;574.679800,3.50631,;574.679800,3.55638,;574.679800,3.60645,;574.679800,3.65652,;574.679800,3.70659,;572.150258,3.75666,;572.150258,3.80674,;572.150258,3.85681,;572.150258,3.90686,;572.150258,3.95699,;572.150258,4.00707,;572.150258,4.05716,;572.150258,4.10724,;572.150258,4.15733,;572.150258,4.20743,;572.150258,4.25751,;572.150258,4.3076,;572.150258,4.35769,;572.150258,4.40781,;572.150258,4.45791,;572.150258,4.50803,;572.150258,4.55812,;572.150258,4.60824,;572.150258,4.65833,;572.150258,4.70844,;572.150258,4.75853,;572.150258,4.80861,;572.150258,4.85872,;572.150258,4.9088,;572.150258,4.9589,;572.150258,5.009,;572.150258,5.05912,;572.150258,5.10923,;571.995726,5.15934,;570.961508,5.20941,;570.961508,5.2595,;570.961508,5.30958,;570.961508,5.3597,;570.961508,5.40978,;570.961508,5.45986,;570.961508,5.50995,;570.961508,5.56003,;570.961508,5.61016,;570.961508,5.66029,;570.961508,5.7104,;570.961508,5.76047,;570.961508,5.81056,;570.961508,5.86064,;570.961508,5.91073,;570.961508,5.96082,;570.961508,6.01094,;570.961508,6.06103,;570.961508,6.11111,;570.961508,6.16119,;570.961508,6.21129,;570.961508,6.26136,;570.961508,6.31143,;570.961508,6.36151,;570.961508,6.41159,;570.961508,6.46167,;570.961508,6.51176,;570.961508,6.56184,;570.961508,6.61194,;570.961508,6.66202,;570.961508,6.71211,;531.438464,6.7622,;531.219702,6.81232,;531.219702,6.86242,;531.219702,6.91253,;531.219702,6.96263,;531.219702,7.01278,;531.219702,7.0629,;531.219702,7.11298,;531.219702,7.16312,;531.219702,7.21321,;531.219702,7.26333,;531.219702,7.31337,;531.219702,7.3635,;531.219702,7.41357,;531.219702,7.46369,;531.219702,7.51378,;531.219702,7.5639,;531.219702,7.61399,;531.219702,7.66408,;531.219702,7.71417,;531.219702,7.76429,;531.219702,7.81438,;531.219702,7.86449,;531.219702,7.91458,;531.219702,7.9647,;531.219702,8.01477,;531.219702,8.0649,;531.219702,8.11498,;531.219702,8.1651,;531.219702,8.21521,;531.219702,8.2653,;531.219702,8.31542,;531.219702,8.36549,;531.219702,8.41561,;531.219702,8.46569,;531.219702,8.51581,;531.219702,8.5659,;531.219702,8.61603,;531.219702,8.66615,;531.219702,8.71627,;531.219702,8.7664,;531.219702,8.81651,;531.219702,8.86663,;531.219702,8.91674,;531.219702,8.96686,;531.219702,9.01697,;531.219702,9.06708,;531.219702,9.1172,;531.219702,9.1673,;531.219702,9.21741,;531.219702,9.2675,;511.238085,9.31758,;511.238085,9.3677,;511.238085,9.41778,;511.238085,9.46788,;511.238085,9.51798,;511.238085,9.56813,;511.238085,9.61826,;511.238085,9.66834,;511.238085,9.71844,;511.238085,9.76855,;511.238085,9.81867,;511.238085,9.86879,;511.238085,9.9189,;511.238085,9.96901,;
inf,0.0500562,;964.786741,0.100136,;964.786741,0.150213,;964.786741,0.200285,;964.786741,0.250357,;964.786741,0.300434,;956.809912,0.350524,;956.809912,0.400613,;956.809912,0.450696,;956.809912,0.500785,;956.809912,0.550871,;952.680561,0.600958,;952.680561,0.651043,;952.680561,0.701119,;952.680561,0.751204,;952.680561,0.801281,;952.680561,0.851357,;952.680561,0.90144,;952.680561,0.951527,;952.680561,1.00165,;858.526672,1.05176,;842.317863,1.10187,;791.456325,1.15199,;791.456325,1.20212,;791.456325,1.25223,;791.456325,1.30234,;791.456325,1.35245,;791.456325,1.40256,;791.456325,1.45267,;791.456325,1.50278,;791.456325,1.55305,;779.601146,1.60313,;779.601146,1.65323,;779.601146,1.70334,;779.601146,1.75343,;779.601146,1.80352,;779.601146,1.85361,;772.291104,1.90368,;772.291104,1.95376,;772.291104,2.00389,;772.291104,2.05396,;772.291104,2.10404,;772.291104,2.15416,;772.291104,2.20424,;772.291104,2.25432,;772.291104,2.30439,;772.291104,2.35446,;772.291104,2.40454,;772.291104,2.45461,;772.291104,2.50469,;722.499948,2.55481,;722.499948,2.60489,;722.499948,2.65497,;722.499948,2.70505,;722.499948,2.75517,;722.499948,2.80525,;722.499948,2.85534,;722.499948,2.90543,;698.018801,2.95551,;698.018801,3.00559,;698.018801,3.05571,;698.018801,3.10579,;698.018801,3.15588,;698.018801,3.20596,;698.018801,3.25605,;698.018801,3.30617,;698.018801,3.35624,;649.467648,3.40632,;649.467648,3.4564,;649.467648,3.50649,;606.194533,3.55657,;606.194533,3.60665,;606.194533,3.65673,;606.194533,3.70681,;606.194533,3.75686,;606.194533,3.80694,;606.194533,3.85701,;589.780249,3.90708,;589.780249,3.95716,;589.780249,4.00725,;589.780249,4.05734,;589.780249,4.10743,;589.780249,4.15751,;589.780249,4.2076,;589.780249,4.25768,;589.780249,4.30777,;589.780249,4.35786,;589.780249,4.40795,;589.780249,4.45804,;589.780249,4.50813,;589.780249,4.55821,;589.780249,4.60832,;589.780249,4.65841,;589.780249,4.7085,;589.780249,4.75858,;589.780249,4.80868,;589.780249,4.85875,;589.780249,4.90888,;589.780249,4.95897,;572.853722,5.00905,;572.853722,5.05913,;572.853722,5.10921,;572.853722,5.15934,;572.853722,5.20942,;572.853722,5.25952,;572.853722,5.30959,;572.853722,5.3597,;572.853722,5.40979,;572.853722,5.45989,;572.853722,5.50997,;572.853722,5.56007,;572.853722,5.61015,;572.853722,5.66024,;572.853722,5.71033,;572.853722,5.76041,;572.853722,5.81049,;572.853722,5.86058,;572.853722,5.91069,;572.853722,5.96081,;569.328262,6.01089,;541.891470,6.06096,;541.891470,6.11104,;541.891470,6.16114,;541.891470,6.21125,;541.891470,6.26134,;541.891470,6.31146,;541.891470,6.36154,;541.891470,6.41166,;541.891470,6.46175,;541.891470,6.51187,;534.007217,6.56195,;534.007217,6.61207,;534.007217,6.66218,;534.007217,6.71225,;534.007217,6.76236,;534.007217,6.81248,;534.007217,6.86259,;534.007217,6.9127,;534.007217,6.96281,;534.007217,7.01292,;534.007217,7.06301,;534.007217,7.11308,;534.007217,7.16319,;534.007217,7.21327,;534.007217,7.26338,;534.007217,7.31351,;534.007217,7.36359,;534.007217,7.41367,;534.007217,7.46375,;534.007217,7.51382,;534.007217,7.5639,;534.007217,7.61398,;534.007217,7.66408,;534.007217,7.71421,;534.007217,7.76433,;534.007217,7.81444,;534.007217,7.86452,;519.515676,7.91463,;519.515676,7.96474,;519.515676,8.01482,;519.515676,8.06491,;519.515676,8.11503,;519.515676,8.16511,;519.515676,8.2152,;519.515676,8.26529,;519.515676,8.31541,;519.515676,8.36552,;519.515676,8.41563,;519.515676,8.46572,;519.515676,8.51583,;519.515676,8.56591,;519.515676,8.61602,;519.515676,8.66609,;519.515676,8.7162,;519.515676,8.76632,;519.515676,8.81643,;519.515676,8.8665,;519.515676,8.91663,;519.515676,8.96675,;519.515676,9.01686,;519.515676,9.06693,;508.084881,9.11701,;508.084881,9.16713,;508.084881,9.21721,;508.084881,9.26729,;508.084881,9.31737,;508.084881,9.36745,;508.084881,9.41753,;508.084881,9.4676,;508.084881,9.51767,;508.084881,9.56776,;507.313733,9.61785,;507.313733,9.66792,;507.313733,9.718,;507.313733,9.76808,;507.313733,9.81817,;507.313733,9.86825,;507.313733,9.91833,;507.313733,9.96843,;
inf,0.0501032,;871.504648,0.100181,;871.504648,0.150293,;871.504648,0.200365,;838.139628,0.250451,;838.139628,0.300571,;838.139628,0.350651,;838.139628,0.400783,;838.139628,0.450866,;838.139628,0.500952,;832.028633,0.551076,;832.028633,0.60119,;832.028633,0.651275,;832.028633,0.701386,;832.028633,0.751466,;818.495714,0.80159,;818.495714,0.851671,;818.495714,0.901755,;818.495714,0.951875,;818.495714,1.00198,;818.495714,1.05205,;818.495714,1.10217,;818.495714,1.15226,;818.495714,1.20329,;818.495714,1.25339,;818.495714,1.30346,;818.495714,1.35355,;818.495714,1.40367,;818.495714,1.45378,;818.495714,1.50386,;818.495714,1.55395,;809.417320,1.60407,;809.417320,1.65418,;809.417320,1.7043,;809.417320,1.75441,;803.652238,1.80449,;803.652238,1.85461,;757.901646,1.90468,;750.879429,1.95476,;750.879429,2.00486,;667.214568,2.05498,;667.214568,2.10506,;666.784498,2.15518,;666.784498,2.20527,;666.784498,2.25541,;666.784498,2.30551,;666.784498,2.35556,;666.784498,2.40563,;634.672812,2.45575,;634.672812,2.50584,;634.672812,2.55596,;634.672812,2.60608,;634.672812,2.65614,;634.672812,2.70623,;634.672812,2.75631,;634.672812,2.80642,;634.672812,2.8565,;634.672812,2.90659,;634.672812,2.95667,;610.659774,3.00678,;610.659774,3.0569,;610.659774,3.10699,;610.659774,3.15712,;561.183701,3.20721,;561.183701,3.2573,;561.183701,3.30742,;561.183701,3.35751,;561.183701,3.4076,;561.183701,3.45772,;561.183701,3.50784,;541.508359,3.55795,;541.508359,3.60807,;526.965622,3.65817,;523.519035,3.70825,;523.519035,3.75833,;523.519035,3.80841,;523.519035,3.85846,;523.519035,3.90854,;523.519035,3.95864,;523.519035,4.00873,;523.519035,4.05882,;523.519035,4.10891,;523.519035,4.159,;523.519035,4.20907,;523.519035,4.25918,;523.519035,4.30926,;523.519035,4.35934,;523.519035,4.40944,;523.519035,4.45953,;523.519035,4.50965,;523.519035,4.55975,;518.162362,4.60987,;518.162362,4.65999,;518.162362,4.71011,;518.162362,4.76017,;518.162362,4.8103,;511.247030,4.86038,;511.247030,4.9105,;511.247030,4.96058,;511.247030,5.01067,;511.247030,5.06076,;508.427308,5.11085,;508.427308,5.16094,;508.427308,5.21108,;508.427308,5.26119,;508.427308,5.31133,;508.427308,5.36142,;508.427308,5.4115,;508.427308,5.46159,;508.427308,5.51165,;508.427308,5.56173,;508.427308,5.61182,;508.427308,5.6619,;508.427308,5.71198,;508.427308,5.76206,;508.427308,5.81211,;508.427308,5.86219,;508.427308,5.91227,;508.427308,5.96235,;508.427308,6.01243,;508.427308,6.06251,;508.427308,6.11259,;508.427308,6.16267,;508.427308,6.21275,;508.427308,6.26284,;508.427308,6.31292,;508.427308,6.36301,;508.427308,6.41309,;508.427308,6.46317,;508.427308,6.51326,;508.427308,6.56336,;508.427308,6.61344,;508.427308,6.66354,;508.427308,6.71363,;508.427308,6.76372,;508.427308,6.81381,;508.427308,6.86391,;508.427308,6.91403,;508.427308,6.96417,;508.427308,7.01429,;508.427308,7.06437,;508.427308,7.11449,;508.427308,7.16458,;508.427308,7.21467,;508.427308,7.26477,;508.427308,7.31487,;508.427308,7.36495,;508.427308,7.41504,;508.427308,7.46513,;508.427308,7.51525,;508.427308,7.56533,;508.427308,7.61546,;508.427308,7.66558,;508.427308,7.7157,;508.427308,7.76581,;508.427308,7.81593,;508.427308,7.86605,;508.427308,7.91616,;508.427308,7.96624,;508.427308,8.01633,;508.427308,8.06641,;508.427308,8.1165,;508.427308,8.16658,;508.427308,8.21666,;504.913543,8.26675,;504.913543,8.31683,;504.913543,8.36692,;504.913543,8.41701,;504.913543,8.4671,;504.913543,8.51718,;504.913543,8.56727,;504.913543,8.61735,;504.913543,8.66743,;504.913543,8.71751,;504.913543,8.7676,;504.913543,8.81769,;504.913543,8.86777,;504.913543,8.91785,;504.913543,8.96793,;504.913543,9.01801,;504.913543,9.0681,;504.913543,9.11818,;504.913543,9.16826,;504.913543,9.21834,;501.150840,9.26842,;501.150840,9.3185,;501.150840,9.36858,;501.150840,9.41866,;501.150840,9.46874,;501.150840,9.51881,;501.150840,9.56889,;501.150840,9.61897,;501.150840,9.66906,;501.150840,9.71913,;501.150840,9.76921,;501.150840,9.81928,;501.150840,9.86936,;501.150840,9.91943,;501.150840,9.96951,;
inf,0.050092,;inf,0.100173,;996.483018,0.150292,;948.254698,0.200373,;948.254698,0.250455,;948.254698,0.300544,;948.254698,0.350607,;894.825350,0.400726,;894.825350,0.450836,;894.825350,0.500951,;894.825350,0.55106,;894.825350,0.601138,;887.434657,0.651252,;887.434657,0.701325,;887.434657,0.751414,;887.434657,0.801536,;887.434657,0.851611,;887.434657,0.901719,;887.434657,0.95184,;887.434657,1.00198,;887.434657,1.05206,;887.434657,1.10217,;887.434657,1.15227,;887.434657,1.20237,;879.884439,1.25248,;851.633860,1.30262,;851.633860,1.35273,;847.803233,1.40281,;831.981792,1.45289,;831.981792,1.50301,;831.981792,1.55309,;831.981792,1.60318,;831.981792,1.65327,;831.981792,1.70337,;831.981792,1.75346,;831.981792,1.80354,;831.981792,1.85363,;831.981792,1.90373,;831.981792,1.95382,;831.981792,2.0039,;831.981792,2.05398,;831.981792,2.10412,;831.981792,2.15421,;831.981792,2.20437,;831.981792,2.25444,;831.981792,2.30455,;831.981792,2.35463,;831.981792,2.40476,;831.981792,2.45485,;831.981792,2.50494,;831.981792,2.55503,;831.981792,2.6051,;831.981792,2.6552,;831.981792,2.70532,;831.981792,2.7554,;831.981792,2.80552,;831.981792,2.85561,;831.981792,2.9057,;831.981792,2.95581,;831.981792,3.00596,;831.981792,3.05608,;831.981792,3.10619,;831.981792,3.15628,;831.981792,3.2064,;831.981792,3.25652,;831.981792,3.30662,;829.767915,3.35673,;829.767915,3.40681,;829.767915,3.45689,;829.767915,3.50699,;829.767915,3.55708,;829.767915,3.60718,;829.767915,3.65726,;649.501952,3.70733,;649.501952,3.75742,;649.501952,3.80752,;649.501952,3.85761,;634.678339,3.90769,;600.113402,3.95777,;600.113402,4.00785,;594.234061,4.05797,;594.234061,4.1081,;594.234061,4.15821,;594.234061,4.20833,;594.234061,4.25845,;594.234061,4.30854,;594.234061,4.35862,;594.234061,4.40872,;594.234061,4.45881,;594.234061,4.50889,;594.234061,4.55899,;594.234061,4.60911,;590.527204,4.6592,;590.527204,4.70933,;590.527204,4.75945,;590.527204,4.80953,;590.527204,4.85962,;590.527204,4.90974,;590.527204,4.95985,;590.527204,5.00997,;590.527204,5.06006,;590.527204,5.11018,;590.527204,5.16027,;590.527204,5.21038,;590.527204,5.26049,;590.527204,5.31062,;590.527204,5.36073,;590.527204,5.41082,;590.527204,5.46093,;559.737675,5.51101,;559.737675,5.56113,;559.737675,5.61122,;559.737675,5.66129,;559.737675,5.71137,;559.737675,5.76146,;559.737675,5.81154,;559.737675,5.86167,;559.737675,5.91175,;559.737675,5.96188,;559.737675,6.01197,;559.737675,6.06206,;559.737675,6.11215,;559.737675,6.16224,;559.737675,6.21233,;559.737675,6.26242,;559.737675,6.31254,;559.737675,6.36262,;559.737675,6.41273,;559.737675,6.46285,;559.737675,6.51297,;559.737675,6.56306,;559.737675,6.61318,;557.769550,6.66327,;557.769550,6.71339,;557.217681,6.76348,;557.217681,6.8136,;557.217681,6.86369,;557.217681,6.91378,;557.217681,6.96392,;557.217681,7.01404,;557.217681,7.06413,;549.729613,7.11423,;549.729613,7.16431,;549.729613,7.21444,;549.729613,7.26456,;549.729613,7.31464,;549.729613,7.36472,;549.049040,7.4148,;549.049040,7.46487,;549.049040,7.51495,;549.049040,7.56503,;549.049040,7.61512,;549.049040,7.6652,;549.049040,7.71529,;549.049040,7.76541,;549.049040,7.81554,;549.049040,7.86567,;549.049040,7.91576,;549.049040,7.96589,;537.270783,8.01601,;537.270783,8.0661,;537.270783,8.11618,;529.592390,8.16631,;529.592390,8.21643,;529.592390,8.26656,;529.592390,8.31668,;529.592390,8.36676,;529.592390,8.41688,;529.592390,8.46697,;529.592390,8.5171,;529.592390,8.5672,;529.592390,8.61731,;529.592390,8.6674,;529.592390,8.71749,;529.592390,8.76758,;529.592390,8.81767,;529.592390,8.86779,;529.592390,8.91788,;528.646783,8.96796,;528.646783,9.01804,;528.646783,9.06812,;528.646783,9.1182,;528.646783,9.16829,;528.646783,9.21836,;528.646783,9.26851,;528.646783,9.31859,;528.646783,9.3687,;528.646783,9.41878,;528.646783,9.4689,;528.646783,9.51899,;528.646783,9.56909,;528.646783,9.61922,;528.646783,9.66933,;528.646783,9.71942,;528.646783,9.76954,;528.646783,9.81966,;528.646783,9.86977,;528.646783,9.91985,;528.646783,9.96997,;528.646783,10.0201,;
inf,0.0500676,;inf,0.100158,;844.106407,0.150271,;844.106407,0.200379,;823.877864,0.250485,;823.877864,0.300556,;823.877864,0.350665,;823.877864,0.400745,;823.877864,0.450833,;823.877864,0.50095,;823.877864,0.551023,;823.877864,0.601107,;696.910724,0.651217,;696.910724,0.7013,;696.910724,0.751377,;696.910724,0.801489,;696.910724,0.851601,;696.910724,0.901695,;696.910724,0.951809,;696.910724,1.0019,;696.910724,1.052,;696.910724,1.10209,;696.910724,1.15217,;695.040431,1.20225,;695.040431,1.25237,;695.040431,1.30245,;695.040431,1.35253,;695.040431,1.40261,;695.040431,1.45269,;695.040431,1.5028,;695.040431,1.55289,;695.040431,1.60298,;695.040431,1.65307,;695.040431,1.70318,;695.040431,1.75327,;695.040431,1.80338,;695.040431,1.85345,;695.040431,1.90353,;695.040431,1.95361,;695.040431,2.00369,;695.040431,2.05377,;695.040431,2.10385,;695.040431,2.15393,;695.040431,2.20401,;695.040431,2.25409,;695.040431,2.30417,;683.449021,2.35425,;683.449021,2.40433,;683.449021,2.4544,;683.449021,2.50448,;683.449021,2.55456,;683.449021,2.60463,;683.449021,2.65471,;683.449021,2.70479,;677.814417,2.75486,;641.998199,2.80494,;641.998199,2.85502,;641.998199,2.9051,;641.998199,2.95517,;641.998199,3.00526,;641.998199,3.05534,;641.998199,3.10542,;641.998199,3.1555,;641.998199,3.20558,;641.998199,3.25566,;641.998199,3.30574,;641.998199,3.35581,;641.998199,3.40589,;641.998199,3.45597,;641.998199,3.50605,;641.998199,3.55612,;641.998199,3.60621,;641.998199,3.65628,;641.998199,3.70637,;618.335126,3.75645,;618.335126,3.80656,;592.314977,3.85664,;592.314977,3.90675,;592.314977,3.95684,;592.314977,4.00692,;592.314977,4.057,;592.314977,4.10708,;592.314977,4.15715,;592.314977,4.20723,;592.314977,4.25732,;592.314977,4.30743,;577.996613,4.35754,;577.996613,4.40763,;577.996613,4.45771,;577.996613,4.50782,;577.996613,4.5579,;577.996613,4.60801,;577.996613,4.6581,;577.996613,4.70818,;573.473166,4.7583,;573.473166,4.80842,;570.409020,4.8585,;570.409020,4.90857,;570.409020,4.95865,;570.409020,5.00873,;570.409020,5.05886,;570.409020,5.10894,;570.409020,5.15906,;570.409020,5.20915,;570.409020,5.25926,;570.409020,5.30935,;570.409020,5.35946,;570.409020,5.40958,;570.409020,5.45966,;570.409020,5.50974,;570.409020,5.55986,;570.409020,5.60994,;570.409020,5.66003,;570.409020,5.71012,;570.409020,5.76024,;570.409020,5.81035,;570.409020,5.86043,;570.409020,5.91051,;570.409020,5.96058,;570.409020,6.01067,;570.409020,6.06078,;570.409020,6.11089,;570.409020,6.16098,;570.409020,6.2111,;570.409020,6.26117,;570.409020,6.31132,;570.409020,6.36143,;570.409020,6.4115,;570.409020,6.46161,;570.409020,6.51173,;570.409020,6.56181,;570.409020,6.61189,;570.409020,6.66198,;570.409020,6.71207,;570.409020,6.76219,;570.409020,6.81231,;570.409020,6.86239,;570.409020,6.91248,;570.409020,6.96259,;570.409020,7.01267,;570.409020,7.06275,;570.409020,7.11284,;570.409020,7.16293,;570.409020,7.21302,;570.409020,7.26311,;570.409020,7.31319,;570.409020,7.36328,;570.409020,7.41338,;570.409020,7.46347,;570.409020,7.51356,;570.409020,7.56364,;570.409020,7.61372,;570.409020,7.6638,;570.409020,7.71388,;570.409020,7.76399,;570.409020,7.81408,;570.409020,7.86416,;570.409020,7.91425,;570.409020,7.96434,;570.409020,8.01442,;570.409020,8.06449,;570.409020,8.11458,;570.409020,8.16571,;570.409020,8.21581,;570.409020,8.26589,;570.409020,8.31597,;570.409020,8.36605,;570.409020,8.41614,;570.409020,8.46623,;570.409020,8.51632,;570.409020,8.56641,;570.409020,8.6165,;570.409020,8.66659,;560.705092,8.71667,;560.705092,8.76676,;560.705092,8.81685,;560.705092,8.86694,;560.705092,8.91702,;560.705092,8.96711,;560.705092,9.01719,;560.705092,9.06728,;560.705092,9.11736,;560.705092,9.16745,;560.705092,9.21754,;560.705092,9.26762,;560.705092,9.31771,;560.705092,9.3678,;560.705092,9.41788,;560.705092,9.46797,;560.705092,9.51806,;560.705092,9.56815,;560.705092,9.61824,;560.705092,9.66833,;560.705092,9.71841,;560.705092,9.76849,;560.705092,9.81856,;560.705092,9.86864,;560.705092,9.91872,;560.705092,9.96879,;560.705092,10.0189,;560.705092,10.0689,;
inf,0.050086,;inf,0.100201,;858.458125,0.150295,;840.239356,0.20037,;840.239356,0.250454,;830.987100,0.30055,;830.987100,0.350688,;830.987100,0.40077,;830.987100,0.450853,;830.987100,0.500947,;830.987100,0.55104,;830.987100,0.601135,;830.987100,0.651222,;830.987100,0.701312,;830.987100,0.751411,;830.987100,0.801507,;830.987100,0.851591,;813.221792,0.901673,;813.221792,0.951773,;813.221792,1.00187,;813.221792,1.05195,;813.221792,1.10207,;813.221792,1.15215,;813.221792,1.20227,;813.221792,1.25236,;813.221792,1.30248,;813.221792,1.3526,;813.221792,1.40274,;813.221792,1.45282,;813.221792,1.50295,;813.221792,1.55304,;813.221792,1.60314,;813.221792,1.65323,;813.221792,1.70333,;813.221792,1.75343,;813.221792,1.80351,;813.221792,1.8536,;813.221792,1.90376,;813.221792,1.95385,;794.068091,2.00393,;794.068091,2.05401,;794.068091,2.10408,;794.068091,2.15416,;794.068091,2.20428,;794.068091,2.2544,;794.068091,2.30449,;794.068091,2.35457,;794.068091,2.40466,;794.068091,2.45477,;794.068091,2.50486,;777.669702,2.55493,;748.800533,2.60502,;748.800533,2.65509,;748.800533,2.70517,;748.800533,2.75527,;737.411187,2.80535,;726.356990,2.85543,;726.356990,2.90554,;686.770270,2.95566,;683.261471,3.00577,;683.261471,3.05588,;683.261471,3.106,;683.261471,3.15611,;683.261471,3.20623,;683.261471,3.25631,;683.261471,3.30641,;683.261471,3.3565,;683.261471,3.40658,;564.666934,3.45666,;564.666934,3.50679,;552.415043,3.55687,;552.415043,3.60696,;552.415043,3.65706,;552.415043,3.70716,;552.415043,3.75726,;552.415043,3.80734,;552.415043,3.85743,;552.415043,3.90753,;552.415043,3.95765,;552.415043,4.00776,;552.415043,4.05784,;552.415043,4.10795,;552.415043,4.15803,;552.415043,4.20814,;552.415043,4.25822,;552.415043,4.3083,;552.415043,4.35842,;552.415043,4.40852,;552.415043,4.45861,;552.415043,4.50869,;552.415043,4.55881,;552.415043,4.60888,;552.415043,4.65896,;552.415043,4.70906,;552.415043,4.75916,;552.415043,4.80925,;552.415043,4.85936,;552.415043,4.90947,;552.415043,4.95959,;552.415043,5.0097,;552.415043,5.05982,;552.415043,5.10994,;552.415043,5.16006,;552.415043,5.21018,;542.602059,5.2603,;542.602059,5.3104,;542.602059,5.36052,;542.602059,5.41063,;542.602059,5.46068,;542.602059,5.51081,;542.602059,5.56089,;542.602059,5.61103,;542.602059,5.66112,;542.602059,5.71125,;542.602059,5.76134,;542.602059,5.81143,;538.084308,5.86153,;538.084308,5.91161,;538.084308,5.96171,;538.084308,6.01184,;538.084308,6.06192,;538.084308,6.11203,;538.084308,6.1621,;538.084308,6.21223,;538.084308,6.26232,;538.084308,6.31243,;538.084308,6.36256,;538.084308,6.41263,;538.084308,6.46276,;538.084308,6.51284,;538.084308,6.56297,;538.084308,6.61305,;538.084308,6.66318,;538.084308,6.71325,;538.084308,6.76337,;538.084308,6.81346,;538.084308,6.86359,;537.854132,6.91367,;537.854132,6.96382,;537.854132,7.01395,;537.854132,7.06403,;537.854132,7.11411,;537.854132,7.16419,;537.854132,7.21428,;537.854132,7.26436,;537.854132,7.31445,;537.854132,7.36453,;537.854132,7.4146,;537.854132,7.46468,;537.854132,7.51477,;537.854132,7.56489,;537.854132,7.61502,;537.854132,7.66509,;537.854132,7.71517,;537.854132,7.76525,;537.854132,7.81532,;537.854132,7.86541,;537.854132,7.91545,;537.854132,7.96554,;537.854132,8.01562,;537.854132,8.0657,;537.854132,8.11579,;537.854132,8.16586,;537.854132,8.21595,;537.854132,8.26604,;537.854132,8.31612,;537.854132,8.36621,;537.854132,8.41629,;537.854132,8.46637,;537.854132,8.51646,;537.854132,8.56654,;537.854132,8.61666,;537.854132,8.66678,;532.873811,8.71686,;532.873811,8.76698,;532.873811,8.81707,;532.873811,8.86719,;532.873811,8.91729,;532.873811,8.96739,;532.873811,9.01748,;532.873811,9.0676,;532.873811,9.11769,;532.873811,9.16781,;532.873811,9.2179,;532.873811,9.26799,;532.873811,9.31812,;532.873811,9.36824,;532.873811,9.41836,;532.873811,9.46847,;532.873811,9.51859,;532.873811,9.56866,;532.873811,9.61874,;532.873811,9.66882,;532.873811,9.71894,;532.873811,9.76903,;532.873811,9.81915,;532.873811,9.86924,;532.873811,9.91932,;510.681464,9.96941,;510.681464,10.0195,;
inf,0.0500692,;908.749466,0.100184,;908.749466,0.150277,;908.749466,0.200384,;908.749466,0.250457,;908.749466,0.300567,;849.185694,0.350649,;849.185694,0.400772,;849.185694,0.450881,;849.185694,0.500957,;849.185694,0.551029,;849.185694,0.6011,;785.009324,0.651208,;785.009324,0.701296,;785.009324,0.751422,;785.009324,0.801509,;785.009324,0.851628,;785.009324,0.901719,;785.009324,0.951804,;785.009324,1.00193,;767.237837,1.05204,;767.237837,1.10215,;767.237837,1.15226,;767.237837,1.20233,;767.237837,1.25242,;767.237837,1.3025,;767.237837,1.35257,;767.237837,1.40265,;767.237837,1.45273,;767.237837,1.50282,;762.199022,1.55289,;762.199022,1.60306,;762.199022,1.65314,;762.199022,1.70325,;762.199022,1.75333,;762.199022,1.80341,;762.199022,1.85352,;762.199022,1.90362,;762.199022,1.95371,;762.199022,2.00378,;762.199022,2.05386,;762.199022,2.10393,;762.199022,2.15402,;762.199022,2.20411,;762.199022,2.2542,;762.199022,2.30427,;762.199022,2.35438,;762.199022,2.40445,;762.199022,2.45453,;762.199022,2.50461,;576.248854,2.55469,;576.248854,2.60481,;576.248854,2.65492,;576.248854,2.70499,;576.248854,2.75507,;576.248854,2.80515,;576.248854,2.85527,;576.248854,2.90536,;521.160827,2.95544,;521.160827,3.00552,;521.160827,3.05561,;521.160827,3.1057,;521.160827,3.15582,;521.160827,3.20589,;521.160827,3.25601,;521.160827,3.30612,;521.160827,3.35623,;521.160827,3.40634,;521.160827,3.45646,;521.160827,3.50657,;521.160827,3.55668,;521.160827,3.60679,;521.160827,3.65691,;521.160827,3.70704,;521.160827,3.75712,;521.160827,3.80727,;521.160827,3.85735,;521.160827,3.90747,;521.160827,3.95756,;521.160827,4.00765,;521.160827,4.05774,;521.160827,4.10786,;521.160827,4.15795,;521.160827,4.20806,;521.160827,4.25818,;521.160827,4.30828,;521.160827,4.3584,;521.160827,4.40852,;521.160827,4.45859,;521.160827,4.50871,;521.160827,4.55879,;521.160827,4.60888,;521.160827,4.65903,;521.160827,4.7091,;521.160827,4.75922,;521.160827,4.80931,;521.160827,4.85943,;521.160827,4.90954,;521.160827,4.95965,;502.082331,5.00973,;502.082331,5.05985,;502.082331,5.10997,;502.082331,5.16008,;502.082331,5.21019,;502.082331,5.26031,;502.082331,5.31038,;502.082331,5.36049,;502.082331,5.41061,;502.082331,5.46069,;502.082331,5.51081,;502.082331,5.56094,;502.082331,5.61103,;502.082331,5.6611,;502.082331,5.71121,;502.082331,5.76131,;502.082331,5.81142,;502.082331,5.86151,;502.082331,5.91163,;502.082331,5.96172,;502.082331,6.0118,;502.082331,6.06189,;502.082331,6.11202,;502.082331,6.1621,;502.082331,6.21218,;502.082331,6.26226,;502.082331,6.31239,;502.082331,6.36246,;502.082331,6.41256,;502.082331,6.46264,;502.082331,6.51273,;502.082331,6.5628,;502.082331,6.61292,;502.082331,6.663,;502.082331,6.71308,;502.082331,6.76316,;502.082331,6.81326,;502.082331,6.86335,;502.082331,6.91345,;502.082331,6.96354,;502.082331,7.01364,;496.602356,7.06372,;496.602356,7.1138,;496.602356,7.16388,;496.602356,7.21396,;496.602356,7.26406,;496.602356,7.31418,;496.602356,7.36426,;496.602356,7.41434,;496.602356,7.46445,;496.602356,7.51453,;496.602356,7.56462,;496.602356,7.61471,;496.602356,7.66479,;496.602356,7.71491,;496.602356,7.76499,;496.602356,7.8151,;496.602356,7.86518,;496.602356,7.91529,;496.602356,7.96538,;496.602356,8.0155,;496.602356,8.06559,;496.602356,8.11571,;496.602356,8.16578,;496.602356,8.21587,;496.602356,8.26596,;496.602356,8.31604,;496.602356,8.36612,;496.602356,8.41623,;496.602356,8.46634,;496.602356,8.51645,;496.602356,8.56657,;496.602356,8.61665,;496.602356,8.66676,;496.602356,8.71684,;496.602356,8.76695,;496.602356,8.81703,;496.602356,8.8671,;496.602356,8.91717,;496.602356,8.96729,;496.602356,9.01737,;496.602356,9.06751,;496.602356,9.1176,;496.602356,9.16772,;496.602356,9.21781,;496.602356,9.26792,;496.602356,9.31801,;496.602356,9.36811,;496.602356,9.41819,;496.602356,9.46828,;496.602356,9.5184,;496.602356,9.56856,;496.602356,9.61864,;496.602356,9.66873,;496.602356,9.71881,;496.602356,9.76891,;496.602356,9.81898,;496.602356,9.86905,;489.010788,9.91914,;489.010788,9.96927,;489.010788,10.0193,;
inf,0.0500946,;inf,0.10018,;949.116345,0.150297,;881.076803,0.200414,;881.076803,0.250537,;881.076803,0.300647,;881.076803,0.350733,;881.076803,0.40085,;881.076803,0.45096,;881.076803,0.501053,;881.076803,0.551163,;861.463048,0.60127,;861.463048,0.651377,;847.760735,0.701488,;847.760735,0.751602,;847.760735,0.801711,;847.760735,0.851821,;847.760735,0.901903,;847.760735,0.95203,;847.760735,1.00217,;847.760735,1.05224,;847.760735,1.10231,;847.760735,1.15238,;847.760735,1.20246,;847.760735,1.25254,;847.760735,1.30261,;847.760735,1.35268,;844.795736,1.40276,;844.795736,1.45285,;844.795736,1.50293,;844.795736,1.55301,;844.795736,1.60317,;844.795736,1.65325,;844.795736,1.70333,;844.795736,1.75343,;844.795736,1.80351,;721.624601,1.85359,;721.624601,1.90368,;721.624601,1.95377,;721.624601,2.00385,;721.624601,2.05394,;721.624601,2.10402,;721.624601,2.15411,;721.624601,2.2042,;721.624601,2.25429,;716.981321,2.30438,;716.981321,2.35447,;716.981321,2.40455,;716.981321,2.45463,;716.981321,2.5047,;716.981321,2.55478,;716.981321,2.60485,;716.981321,2.65493,;716.981321,2.70501,;716.981321,2.75509,;716.981321,2.80517,;716.981321,2.85527,;716.981321,2.90539,;716.981321,2.9555,;716.981321,3.00559,;716.981321,3.05571,;716.981321,3.10582,;716.981321,3.15594,;716.981321,3.20605,;716.981321,3.25616,;716.981321,3.30627,;716.981321,3.35639,;716.981321,3.4065,;708.656099,3.45658,;708.656099,3.5067,;708.656099,3.55678,;708.656099,3.6069,;708.656099,3.65699,;708.656099,3.70711,;708.656099,3.7572,;603.994839,3.80727,;603.994839,3.85736,;603.994839,3.90748,;603.994839,3.95757,;603.994839,4.00765,;603.994839,4.05773,;603.994839,4.10785,;603.994839,4.15798,;603.994839,4.20808,;568.128444,4.25822,;568.128444,4.3083,;568.128444,4.35839,;568.128444,4.40849,;568.128444,4.4586,;568.128444,4.50868,;568.128444,4.55876,;568.128444,4.60885,;568.128444,4.65896,;568.128444,4.70906,;568.128444,4.75917,;568.128444,4.80926,;568.128444,4.85934,;568.128444,4.90944,;568.128444,4.95956,;568.128444,5.00963,;568.128444,5.05974,;568.128444,5.10983,;568.128444,5.15995,;568.128444,5.21005,;568.128444,5.26014,;568.128444,5.31026,;568.128444,5.36037,;568.128444,5.41048,;568.128444,5.46056,;568.128444,5.51063,;565.157306,5.56072,;565.157306,5.61081,;565.157306,5.6609,;565.157306,5.71101,;565.157306,5.76109,;565.157306,5.81117,;565.157306,5.86125,;565.157306,5.91133,;565.157306,5.9614,;565.157306,6.01148,;565.157306,6.06157,;565.157306,6.1117,;565.157306,6.16178,;565.157306,6.21186,;565.157306,6.26195,;565.157306,6.31204,;565.157306,6.36212,;565.157306,6.41224,;565.157306,6.46231,;549.239217,6.51243,;549.239217,6.56252,;549.239217,6.6126,;549.239217,6.66272,;549.239217,6.71282,;549.239217,6.7629,;549.239217,6.813,;549.239217,6.8631,;549.239217,6.91319,;549.239217,6.96331,;549.239217,7.01338,;549.239217,7.06351,;549.239217,7.11361,;549.239217,7.16372,;549.239217,7.21381,;549.239217,7.26394,;549.239217,7.31403,;549.239217,7.36413,;549.239217,7.41425,;549.239217,7.46434,;549.239217,7.51443,;549.239217,7.56451,;549.239217,7.61467,;549.239217,7.66476,;549.239217,7.71488,;549.239217,7.76498,;549.239217,7.8151,;549.239217,7.86519,;549.239217,7.91531,;549.239217,7.96543,;549.239217,8.01554,;549.239217,8.06562,;549.239217,8.11575,;549.239217,8.16587,;549.239217,8.21598,;549.239217,8.26606,;549.239217,8.31617,;549.239217,8.3663,;549.239217,8.41638,;549.239217,8.46649,;537.254334,8.51658,;537.254334,8.5667,;537.254334,8.61679,;537.254334,8.66691,;537.254334,8.717,;537.254334,8.76712,;537.254334,8.81721,;537.254334,8.86733,;537.254334,8.91746,;537.254334,8.96755,;537.254334,9.01771,;537.254334,9.0678,;537.254334,9.11789,;537.254334,9.16802,;537.254334,9.21814,;537.254334,9.26826,;537.254334,9.31839,;537.254334,9.3685,;537.254334,9.41862,;537.254334,9.4687,;537.254334,9.51882,;537.254334,9.56892,;537.254334,9.61904,;537.254334,9.66913,;537.254334,9.71922,;537.254334,9.76931,;537.254334,9.81939,;537.254334,9.86951,;537.254334,9.91959,;536.466286,9.96967,;536.466286,10.0198,;
inf,0.0500751,;1018.485422,0.100172,;1018.485422,0.150295,;1003.352479,0.200404,;949.058514,0.250495,;949.058514,0.300607,;916.887237,0.35068,;916.887237,0.400767,;916.887237,0.450853,;916.887237,0.500943,;916.887237,0.551043,;916.887237,0.601161,;916.887237,0.651245,;916.887237,0.701369,;916.887237,0.751481,;916.582021,0.801552,;916.582021,0.851641,;916.582021,0.901755,;877.716759,0.951866,;877.716759,1.00198,;877.716759,1.05207,;877.716759,1.10219,;877.716759,1.1523,;877.716759,1.20242,;877.716759,1.25249,;877.716759,1.3026,;877.716759,1.35273,;877.716759,1.40281,;877.716759,1.45289,;877.716759,1.50298,;877.716759,1.55306,;877.716759,1.60314,;871.397432,1.6533,;871.397432,1.70339,;845.375547,1.7535,;845.375547,1.80359,;845.375547,1.85371,;845.375547,1.90383,;845.375547,1.95394,;845.375547,2.00405,;845.375547,2.05414,;845.375547,2.10424,;802.925605,2.15433,;802.925605,2.20441,;802.925605,2.2545,;802.925605,2.30459,;802.925605,2.35467,;802.925605,2.40476,;802.925605,2.45484,;802.925605,2.50491,;802.925605,2.555,;802.925605,2.60509,;802.925605,2.65517,;802.925605,2.70526,;672.319379,2.75535,;672.319379,2.80544,;672.319379,2.85552,;672.319379,2.90562,;672.319379,2.9557,;672.319379,3.00578,;672.319379,3.05587,;672.319379,3.10597,;672.319379,3.15606,;672.319379,3.20615,;571.951332,3.25625,;571.951332,3.30634,;571.951332,3.35643,;571.951332,3.40652,;571.951332,3.45661,;571.951332,3.5067,;571.951332,3.55679,;571.951332,3.60687,;571.951332,3.65696,;571.951332,3.70706,;571.951332,3.75715,;571.951332,3.80724,;571.951332,3.85733,;571.951332,3.90743,;571.951332,3.95751,;571.951332,4.00761,;571.951332,4.0577,;571.951332,4.10779,;571.951332,4.15788,;571.951332,4.20797,;571.951332,4.25807,;571.951332,4.30816,;571.951332,4.35826,;571.951332,4.40835,;571.951332,4.45844,;571.951332,4.50853,;571.951332,4.55863,;571.951332,4.60875,;571.951332,4.65883,;571.951332,4.70891,;571.951332,4.759,;571.951332,4.80913,;571.951332,4.85921,;571.951332,4.90934,;571.951332,4.95944,;571.951332,5.00952,;571.951332,5.05961,;571.951332,5.10971,;571.951332,5.15979,;571.951332,5.20989,;571.951332,5.25998,;571.951332,5.31008,;571.951332,5.36018,;571.951332,5.41026,;571.951332,5.46039,;571.951332,5.51049,;571.951332,5.56061,;551.801525,5.61073,;551.801525,5.66082,;551.801525,5.7109,;551.801525,5.76103,;547.013304,5.81114,;547.013304,5.86126,;547.013304,5.91138,;547.013304,5.9615,;547.013304,6.01162,;547.013304,6.06174,;547.013304,6.11182,;547.013304,6.16194,;547.013304,6.21206,;547.013304,6.26218,;547.013304,6.31226,;547.013304,6.36238,;547.013304,6.41249,;547.013304,6.46262,;547.013304,6.51273,;547.013304,6.56281,;547.013304,6.61298,;547.013304,6.66307,;547.013304,6.71319,;547.013304,6.76329,;547.013304,6.81341,;547.013304,6.86352,;547.013304,6.91365,;547.013304,6.96375,;547.013304,7.01384,;547.013304,7.06394,;547.013304,7.11407,;547.013304,7.16415,;547.013304,7.21428,;547.013304,7.2644,;547.013304,7.31449,;547.013304,7.36461,;547.013304,7.41466,;547.013304,7.46475,;547.013304,7.51483,;547.013304,7.56495,;547.013304,7.61504,;547.013304,7.66516,;547.013304,7.71526,;547.013304,7.76538,;547.013304,7.81548,;547.013304,7.8656,;547.013304,7.91569,;547.013304,7.96581,;547.013304,8.0159,;547.013304,8.06598,;547.013304,8.11611,;547.013304,8.1662,;547.013304,8.21629,;547.013304,8.26637,;540.908497,8.3165,;540.908497,8.36661,;540.908497,8.41673,;540.908497,8.46681,;540.908497,8.51693,;540.908497,8.56702,;533.391958,8.61715,;533.391958,8.66729,;533.391958,8.7174,;533.391958,8.76748,;533.391958,8.81759,;533.391958,8.86769,;533.391958,8.91778,;533.391958,8.96787,;533.391958,9.01799,;533.361241,9.06808,;533.361241,9.1182,;533.361241,9.16829,;533.361241,9.21846,;533.361241,9.26858,;529.884339,9.31867,;529.884339,9.36878,;527.171659,9.41887,;511.692493,9.469,;511.692493,9.5191,;511.692493,9.56922,;511.692493,9.61932,;511.692493,9.6694,;511.692493,9.71948,;511.692493,9.76959,;511.692493,9.81968,;511.692493,9.86977,;511.692493,9.91987,;511.692493,9.96995,;511.692493,10.0201,;511.692493,10.0702,;
inf,0.0500702,;986.306046,0.100148,;986.306046,0.150228,;986.306046,0.200306,;973.517416,0.250397,;973.517416,0.300471,;973.517416,0.350582,;973.517416,0.400693,;973.517416,0.450805,;961.125973,0.500899,;961.125973,0.551025,;953.211015,0.601103,;953.211015,0.651192,;953.211015,0.701318,;953.211015,0.751432,;953.211015,0.801524,;935.795703,0.851646,;935.795703,0.901762,;915.299461,0.951878,;915.299461,1.00199,;915.299461,1.05208,;915.299461,1.10219,;915.299461,1.15231,;915.299461,1.20239,;903.491714,1.25251,;903.491714,1.30262,;903.491714,1.35273,;848.524710,1.40285,;848.524710,1.45297,;848.524710,1.50309,;840.059303,1.5532,;840.059303,1.60331,;840.059303,1.65343,;840.059303,1.70355,;633.342776,1.75367,;633.342776,1.80378,;633.342776,1.85386,;633.342776,1.90398,;633.342776,1.95409,;633.342776,2.00422,;633.342776,2.05431,;633.342776,2.10443,;633.342776,2.15452,;633.342776,2.20464,;633.342776,2.25476,;633.342776,2.30488,;633.342776,2.355,;621.081460,2.40509,;621.081460,2.45522,;621.081460,2.50531,;621.081460,2.5554,;621.081460,2.60553,;621.081460,2.65564,;621.081460,2.70572,;590.561975,2.75583,;590.561975,2.80591,;590.561975,2.856,;590.561975,2.9061,;590.561975,2.95619,;590.561975,3.00628,;590.561975,3.0564,;590.561975,3.10652,;590.561975,3.1566,;590.561975,3.20668,;590.561975,3.25675,;590.561975,3.30683,;590.561975,3.35695,;590.561975,3.40705,;590.561975,3.45713,;590.561975,3.50723,;590.561975,3.55726,;590.561975,3.60735,;590.561975,3.65744,;590.561975,3.70756,;590.561975,3.75763,;590.561975,3.80772,;590.561975,3.85781,;590.561975,3.90788,;590.561975,3.95797,;590.561975,4.0081,;590.561975,4.05819,;590.561975,4.10831,;590.561975,4.1584,;590.561975,4.20849,;590.561975,4.25858,;590.561975,4.30868,;590.561975,4.35877,;590.561975,4.40887,;590.561975,4.45899,;590.561975,4.5091,;569.230415,4.5592,;569.230415,4.60932,;569.230415,4.65943,;569.230415,4.70951,;569.230415,4.75959,;569.230415,4.80965,;569.230415,4.85977,;569.230415,4.90985,;569.230415,4.95993,;569.230415,5.01002,;569.230415,5.0601,;569.230415,5.11018,;569.230415,5.16031,;569.230415,5.21038,;569.230415,5.26046,;569.230415,5.31054,;569.230415,5.36061,;569.230415,5.41069,;569.230415,5.46081,;569.230415,5.51093,;569.230415,5.56101,;569.230415,5.61111,;569.230415,5.66123,;569.230415,5.71132,;569.230415,5.76142,;569.230415,5.81151,;569.230415,5.86159,;569.230415,5.91168,;569.230415,5.96176,;569.230415,6.01184,;569.230415,6.06192,;569.230415,6.11203,;569.230415,6.16212,;569.230415,6.21223,;569.230415,6.26233,;525.628734,6.31241,;525.628734,6.36249,;525.628734,6.41258,;525.628734,6.46268,;525.628734,6.51277,;525.628734,6.56287,;525.628734,6.61296,;525.628734,6.66306,;525.628734,6.71314,;525.628734,6.76323,;525.628734,6.81333,;525.628734,6.86342,;525.628734,6.91352,;525.628734,6.96359,;525.628734,7.01363,;525.628734,7.06372,;525.628734,7.1138,;525.628734,7.16388,;525.628734,7.21398,;525.628734,7.26407,;525.628734,7.31416,;525.628734,7.36426,;525.628734,7.41435,;516.479998,7.46444,;516.479998,7.51454,;516.479998,7.56462,;516.479998,7.6147,;516.479998,7.6648,;516.479998,7.71489,;516.479998,7.76501,;516.479998,7.8151,;516.479998,7.86519,;516.479998,7.91527,;516.479998,7.96536,;516.479998,8.01545,;516.479998,8.06558,;516.479998,8.11566,;516.479998,8.16575,;516.479998,8.21586,;516.479998,8.26599,;516.479998,8.31608,;516.479998,8.36616,;516.479998,8.41629,;516.479998,8.46636,;516.479998,8.51649,;516.479998,8.56658,;516.479998,8.6167,;516.479998,8.66678,;516.479998,8.71691,;516.479998,8.76699,;516.479998,8.81709,;516.479998,8.86718,;516.479998,8.91728,;516.479998,8.96738,;516.479998,9.01747,;516.479998,9.06759,;516.479998,9.11765,;516.479998,9.16776,;492.530516,9.21784,;492.530516,9.26793,;492.530516,9.31803,;492.530516,9.36814,;492.530516,9.41823,;492.530516,9.46835,;492.530516,9.51844,;492.530516,9.56856,;492.530516,9.61864,;492.530516,9.66872,;492.530516,9.7188,;492.530516,9.76891,;492.530516,9.819,;492.530516,9.86912,;492.530516,9.91919,;492.530516,9.96927,;
inf,0.0500563,;inf,0.100141,;inf,0.150258,;843.467571,0.200342,;843.467571,0.250459,;843.467571,0.300564,;843.467571,0.350642,;843.467571,0.400714,;843.467571,0.450786,;843.467571,0.500863,;811.304018,0.550958,;752.486108,0.601046,;752.486108,0.651123,;752.486108,0.701193,;752.486108,0.751284,;752.486108,0.801362,;752.486108,0.851437,;752.486108,0.901522,;752.486108,0.951605,;752.486108,1.00168,;752.486108,1.05177,;752.486108,1.10186,;752.486108,1.15194,;752.486108,1.20212,;752.486108,1.25221,;698.560247,1.30232,;698.560247,1.35239,;698.560247,1.40248,;698.560247,1.45259,;698.560247,1.5027,;698.560247,1.55281,;698.560247,1.60292,;698.560247,1.65301,;698.560247,1.70313,;698.560247,1.75325,;698.560247,1.80337,;698.560247,1.85347,;698.560247,1.90354,;698.560247,1.95362,;698.560247,2.0037,;698.560247,2.05377,;698.560247,2.10386,;695.263030,2.15394,;695.263030,2.20402,;695.263030,2.2541,;695.263030,2.30418,;695.263030,2.35428,;695.263030,2.40437,;695.263030,2.45447,;695.263030,2.50456,;695.263030,2.55464,;679.428840,2.60472,;679.428840,2.65482,;679.428840,2.70493,;679.428840,2.75501,;679.428840,2.80508,;679.428840,2.85517,;679.428840,2.90527,;679.428840,2.95537,;679.428840,3.00545,;679.428840,3.05552,;679.428840,3.10563,;679.428840,3.15571,;679.428840,3.20579,;679.428840,3.25587,;679.428840,3.30598,;679.428840,3.35607,;679.428840,3.40618,;679.428840,3.45627,;679.428840,3.50639,;679.428840,3.55648,;566.564255,3.6066,;566.564255,3.65668,;566.564255,3.7068,;566.564255,3.75691,;566.564255,3.80703,;566.564255,3.85715,;566.564255,3.90726,;549.265694,3.95734,;549.265694,4.0074,;549.265694,4.05753,;549.265694,4.10761,;549.265694,4.15768,;547.581492,4.20778,;547.581492,4.25791,;547.581492,4.308,;547.581492,4.35807,;547.581492,4.40816,;547.581492,4.45828,;547.581492,4.50837,;547.581492,4.55849,;547.581492,4.60856,;547.581492,4.65867,;547.581492,4.70878,;547.581492,4.75885,;547.581492,4.80896,;547.581492,4.85908,;547.581492,4.9092,;547.581492,4.95931,;547.581492,5.00943,;547.581492,5.05951,;547.581492,5.10959,;547.581492,5.15967,;547.581492,5.20979,;547.581492,5.25987,;547.581492,5.30999,;547.581492,5.36012,;547.581492,5.41021,;547.581492,5.46032,;547.581492,5.51043,;547.581492,5.56052,;546.647435,5.61063,;546.647435,5.66072,;546.647435,5.71084,;546.647435,5.76092,;545.821632,5.81103,;545.821632,5.86112,;545.821632,5.91124,;545.821632,5.96131,;545.821632,6.01138,;545.821632,6.06145,;545.821632,6.11153,;545.821632,6.16161,;545.821632,6.2117,;545.821632,6.26186,;545.821632,6.31195,;545.821632,6.36205,;545.821632,6.41214,;545.821632,6.46225,;545.821632,6.51235,;545.821632,6.56246,;545.821632,6.61255,;545.821632,6.66267,;545.821632,6.71274,;545.821632,6.76285,;545.821632,6.81296,;545.821632,6.86308,;545.821632,6.91319,;545.821632,6.96328,;545.821632,7.01339,;545.821632,7.06347,;540.969029,7.11358,;540.969029,7.16366,;540.969029,7.21377,;515.072336,7.26386,;515.072336,7.31397,;515.072336,7.36406,;515.072336,7.41418,;515.072336,7.46426,;515.072336,7.51434,;515.072336,7.56444,;515.072336,7.61455,;515.072336,7.66462,;515.072336,7.71476,;515.072336,7.76487,;515.072336,7.81499,;515.072336,7.8651,;515.072336,7.91517,;515.072336,7.96526,;515.072336,8.01539,;515.072336,8.0655,;515.072336,8.11558,;515.072336,8.16567,;515.072336,8.21577,;515.072336,8.26588,;515.072336,8.31596,;515.072336,8.36609,;515.072336,8.41619,;515.072336,8.46627,;515.072336,8.51639,;515.072336,8.5665,;515.072336,8.61661,;515.072336,8.66673,;515.072336,8.71684,;515.072336,8.76695,;515.072336,8.81704,;515.072336,8.86714,;515.072336,8.91725,;515.072336,8.96738,;515.072336,9.0175,;515.072336,9.06761,;515.072336,9.11773,;515.072336,9.16784,;515.072336,9.21796,;515.072336,9.26807,;512.248116,9.31817,;512.248116,9.36829,;512.248116,9.4184,;503.814484,9.46849,;503.814484,9.51861,;503.814484,9.56872,;503.814484,9.61884,;503.814484,9.66899,;503.814484,9.71907,;503.814484,9.76916,;503.814484,9.81925,;503.814484,9.86937,;503.814484,9.91944,;503.814484,9.96956,;503.814484,10.0196,;503.814484,10.0697,;
inf,0.0500559,;961.028741,0.100127,;893.659031,0.15021,;893.659031,0.200297,;869.519616,0.250374,;869.519616,0.300462,;869.519616,0.35055,;869.519616,0.400625,;869.519616,0.450703,;869.519616,0.50078,;822.709112,0.550859,;822.709112,0.600952,;822.709112,0.651035,;822.709112,0.701124,;821.219674,0.751203,;821.219674,0.801288,;821.219674,0.851414,;821.219674,0.901504,;821.219674,0.951617,;821.219674,1.0017,;821.219674,1.05179,;821.219674,1.10188,;821.219674,1.15201,;821.219674,1.20209,;821.219674,1.25217,;821.219674,1.30225,;821.219674,1.35232,;821.219674,1.40243,;797.483562,1.45252,;797.483562,1.50264,;797.483562,1.55274,;797.483562,1.60286,;797.483562,1.65294,;797.483562,1.70302,;797.483562,1.7531,;797.483562,1.80318,;797.483562,1.85327,;797.483562,1.90335,;797.483562,1.95343,;797.483562,2.00351,;797.483562,2.05359,;797.483562,2.10367,;797.483562,2.15376,;688.280743,2.20384,;688.280743,2.25392,;688.280743,2.304,;679.932979,2.35409,;679.932979,2.4042,;679.932979,2.45427,;645.981265,2.50434,;645.981265,2.55446,;645.981265,2.60456,;645.981265,2.65464,;645.981265,2.70475,;645.981265,2.75484,;645.981265,2.80492,;645.981265,2.85502,;645.981265,2.9051,;645.981265,2.95518,;645.981265,3.00526,;645.981265,3.05535,;645.981265,3.10543,;645.981265,3.15551,;645.981265,3.20559,;645.981265,3.25568,;644.223740,3.30576,;644.223740,3.35585,;644.223740,3.40593,;644.223740,3.45601,;644.223740,3.5061,;623.203890,3.55619,;623.203890,3.60627,;623.203890,3.65636,;623.203890,3.70644,;623.203890,3.75652,;623.203890,3.80661,;623.203890,3.85669,;623.203890,3.90678,;623.203890,3.95686,;623.203890,4.00695,;623.203890,4.05704,;623.203890,4.10712,;623.203890,4.1572,;623.203890,4.20728,;623.203890,4.25738,;623.203890,4.30746,;615.565164,4.35755,;605.811315,4.40764,;605.811315,4.45772,;605.811315,4.5078,;605.811315,4.55789,;605.811315,4.60798,;595.486015,4.65806,;592.744528,4.70814,;592.744528,4.75822,;592.744528,4.80831,;592.744528,4.85844,;592.744528,4.90852,;592.744528,4.95864,;592.744528,5.00872,;592.744528,5.0588,;592.744528,5.10888,;592.744528,5.15893,;592.744528,5.20901,;592.744528,5.2591,;592.744528,5.3092,;592.744528,5.35928,;592.744528,5.40937,;592.744528,5.45945,;592.744528,5.50953,;592.744528,5.55962,;592.744528,5.60971,;592.744528,5.65979,;591.455239,5.70988,;591.455239,5.76,;591.455239,5.81009,;591.455239,5.86017,;591.455239,5.91026,;591.455239,5.96034,;591.455239,6.01042,;591.455239,6.06051,;591.455239,6.11059,;591.455239,6.16068,;591.455239,6.21078,;591.455239,6.26088,;591.455239,6.31096,;591.455239,6.36105,;591.455239,6.41117,;591.455239,6.46125,;591.455239,6.51134,;591.455239,6.56142,;591.455239,6.6115,;591.455239,6.66159,;591.455239,6.71167,;585.545926,6.76176,;585.545926,6.81184,;585.545926,6.86192,;585.545926,6.91201,;585.545926,6.96209,;585.545926,7.01217,;585.545926,7.06226,;585.545926,7.11234,;585.545926,7.16242,;585.545926,7.21251,;585.545926,7.26259,;585.545926,7.31268,;585.545926,7.36276,;585.545926,7.41284,;585.545926,7.46293,;585.545926,7.51301,;585.545926,7.5631,;585.545926,7.61318,;582.228563,7.66327,;582.228563,7.71335,;582.228563,7.76344,;582.228563,7.81352,;582.228563,7.86361,;570.366271,7.9137,;570.366271,7.96378,;570.366271,8.01387,;570.366271,8.06395,;570.366271,8.11404,;522.057209,8.16412,;522.057209,8.2142,;522.057209,8.26428,;522.057209,8.31437,;522.057209,8.36446,;522.057209,8.41454,;522.057209,8.46462,;522.057209,8.51471,;522.057209,8.56479,;522.057209,8.61487,;522.057209,8.66495,;522.057209,8.71504,;522.057209,8.76512,;522.057209,8.81521,;522.057209,8.86529,;522.057209,8.91539,;522.057209,8.96547,;522.057209,9.01556,;522.057209,9.06564,;518.992459,9.11572,;518.992459,9.1658,;518.992459,9.21589,;518.992459,9.26597,;518.992459,9.31605,;518.992459,9.36614,;518.992459,9.41622,;518.992459,9.46631,;518.992459,9.51639,;518.992459,9.56648,;518.992459,9.61657,;518.992459,9.66666,;518.992459,9.71675,;518.992459,9.76684,;518.992459,9.81692,;518.992459,9.86701,;518.992459,9.91709,;518.992459,9.96717,;518.992459,10.0173,;518.992459,10.0673,;
inf,0.0500957,;910.595703,0.100215,;910.595703,0.150301,;910.595703,0.200381,;910.595703,0.250492,;910.595703,0.30058,;910.595703,0.350674,;910.595703,0.400752,;852.604219,0.450825,;852.604219,0.500899,;852.604219,0.550992,;843.773773,0.601065,;842.284580,0.651145,;842.284580,0.701233,;842.284580,0.751321,;842.284580,0.801409,;842.284580,0.851488,;842.284580,0.901571,;842.284580,0.95166,;842.284580,1.00174,;842.284580,1.05182,;842.284580,1.10194,;785.458489,1.15205,;785.458489,1.20217,;751.723371,1.25228,;751.723371,1.30239,;749.582738,1.3525,;749.582738,1.40258,;749.582738,1.45267,;734.302493,1.50274,;734.302493,1.55286,;734.302493,1.60298,;734.302493,1.65305,;734.302493,1.70316,;734.302493,1.75325,;734.302493,1.80336,;734.302493,1.85348,;734.302493,1.90362,;734.302493,1.95372,;734.302493,2.00383,;709.093272,2.05395,;709.093272,2.10403,;709.093272,2.15413,;709.093272,2.20422,;709.093272,2.2543,;709.093272,2.30437,;709.093272,2.35444,;709.093272,2.40451,;709.093272,2.45458,;709.093272,2.50465,;709.093272,2.55473,;709.093272,2.60481,;709.093272,2.65489,;709.093272,2.70496,;709.093272,2.75502,;709.093272,2.8051,;709.093272,2.85517,;709.093272,2.90524,;709.093272,2.95531,;709.093272,3.00539,;709.093272,3.05547,;681.999090,3.10554,;681.999090,3.15565,;681.999090,3.20576,;681.999090,3.25588,;681.999090,3.30599,;681.999090,3.35607,;625.050600,3.40616,;625.050600,3.45626,;625.050600,3.50634,;625.050600,3.55642,;625.050600,3.6065,;625.050600,3.65658,;625.050600,3.7067,;625.050600,3.75683,;625.050600,3.80691,;625.050600,3.85699,;625.050600,3.9071,;625.050600,3.95719,;625.050600,4.00731,;625.050600,4.05739,;625.050600,4.10751,;625.050600,4.1576,;625.050600,4.20769,;625.050600,4.25778,;625.050600,4.30787,;625.050600,4.35795,;625.050600,4.40804,;625.050600,4.45813,;625.050600,4.5082,;625.050600,4.55827,;625.050600,4.60834,;625.050600,4.65841,;625.050600,4.70848,;625.050600,4.75855,;625.050600,4.80862,;625.050600,4.8587,;566.644253,4.90877,;566.644253,4.95884,;566.644253,5.00891,;566.644253,5.05899,;566.644253,5.10906,;566.644253,5.15913,;566.644253,5.20921,;566.644253,5.25929,;566.644253,5.30936,;564.765421,5.35943,;564.765421,5.40951,;564.765421,5.45958,;564.765421,5.50966,;564.765421,5.55973,;564.765421,5.60981,;564.765421,5.65988,;564.765421,5.70995,;564.765421,5.76003,;564.656162,5.8101,;564.656162,5.86017,;564.656162,5.91025,;564.656162,5.96032,;564.656162,6.01039,;564.656162,6.06047,;564.656162,6.11062,;564.656162,6.16069,;564.656162,6.21077,;564.656162,6.26081,;564.656162,6.31095,;564.656162,6.36102,;564.656162,6.41114,;564.656162,6.46123,;561.542853,6.51135,;561.542853,6.56143,;554.121240,6.61151,;554.121240,6.66159,;554.121240,6.71171,;554.121240,6.7618,;554.121240,6.81189,;554.121240,6.86198,;554.121240,6.91207,;554.121240,6.96216,;554.121240,7.01228,;554.121240,7.06237,;554.121240,7.11244,;554.121240,7.16254,;540.866482,7.21266,;540.866482,7.26278,;540.866482,7.3128,;540.866482,7.36288,;540.866482,7.413,;540.866482,7.46308,;540.866482,7.51318,;540.866482,7.5633,;540.866482,7.61338,;540.866482,7.6635,;540.384104,7.71358,;540.384104,7.76371,;540.384104,7.81383,;540.384104,7.86394,;540.384104,7.91401,;540.384104,7.96412,;528.898488,8.01423,;528.898488,8.06434,;528.898488,8.11442,;528.898488,8.16451,;528.898488,8.21463,;528.898488,8.2647,;528.898488,8.31482,;528.898488,8.36489,;528.898488,8.415,;528.898488,8.46508,;528.898488,8.51519,;528.898488,8.56527,;528.898488,8.6154,;510.559953,8.66549,;510.559953,8.7156,;510.559953,8.76572,;510.559953,8.81584,;510.559953,8.86595,;510.559953,8.91606,;510.559953,8.96618,;510.559953,9.01629,;510.559953,9.06638,;510.559953,9.11649,;510.559953,9.1666,;510.559953,9.21672,;510.559953,9.26679,;510.559953,9.31686,;510.559953,9.36694,;510.559953,9.41701,;510.559953,9.46709,;510.559953,9.51716,;510.559953,9.56728,;510.559953,9.61736,;510.559953,9.66749,;510.559953,9.71756,;510.559953,9.76767,;510.559953,9.81778,;510.559953,9.86787,;510.559953,9.91798,;510.559953,9.96809,;510.559953,10.0182,;
inf,0.0500991,;945.662329,0.100217,;945.662329,0.150289,;866.522476,0.200405,;866.522476,0.250477,;866.522476,0.300549,;866.522476,0.350636,;866.522476,0.400723,;866.522476,0.450812,;866.522476,0.500935,;866.522476,0.551046,;866.522476,0.601164,;866.522476,0.651238,;866.522476,0.701323,;866.522476,0.751418,;866.522476,0.801511,;866.522476,0.8516,;866.522476,0.901723,;866.522476,0.951811,;866.522476,1.00193,;866.522476,1.052,;866.522476,1.1021,;866.522476,1.15221,;860.748978,1.20228,;852.478117,1.25239,;852.478117,1.30246,;852.478117,1.35257,;852.478117,1.40265,;852.478117,1.45272,;852.478117,1.50281,;852.478117,1.55291,;852.478117,1.60299,;846.225488,1.65307,;846.225488,1.70316,;846.225488,1.75324,;846.225488,1.80337,;846.225488,1.85344,;846.225488,1.90353,;814.854498,1.95365,;814.854498,2.00377,;814.854498,2.05389,;814.854498,2.10398,;799.729952,2.15409,;799.729952,2.20418,;799.729952,2.25426,;799.729952,2.30433,;799.729952,2.35441,;799.729952,2.40452,;799.729952,2.45464,;799.729952,2.50472,;686.416565,2.55479,;647.759686,2.60488,;602.050333,2.65495,;602.050333,2.70507,;602.050333,2.75517,;602.050333,2.80529,;602.050333,2.85538,;602.050333,2.9055,;602.050333,2.95558,;602.050333,3.00565,;602.050333,3.05573,;602.050333,3.10581,;602.050333,3.1559,;602.050333,3.206,;602.050333,3.25609,;602.050333,3.30618,;602.050333,3.3563,;602.050333,3.40638,;602.050333,3.45649,;602.050333,3.50657,;602.050333,3.55666,;602.050333,3.60674,;602.050333,3.65683,;602.050333,3.70692,;602.050333,3.757,;587.749113,3.80712,;587.749113,3.85721,;587.749113,3.9073,;582.985425,3.95738,;582.985425,4.00751,;582.985425,4.05761,;582.985425,4.10769,;582.985425,4.15778,;582.985425,4.20789,;582.985425,4.25799,;582.985425,4.3081,;582.985425,4.35818,;582.985425,4.40829,;582.985425,4.45838,;580.753657,4.50846,;571.956801,4.55856,;571.956801,4.60866,;571.956801,4.65876,;571.956801,4.70886,;571.956801,4.75894,;571.956801,4.80902,;571.956801,4.85911,;571.956801,4.90924,;571.956801,4.95933,;571.956801,5.00943,;571.956801,5.05954,;571.956801,5.10963,;571.956801,5.15972,;571.956801,5.20981,;558.406631,5.25995,;558.406631,5.31006,;558.406631,5.36015,;558.406631,5.41024,;558.406631,5.46032,;558.406631,5.51044,;558.406631,5.56055,;558.406631,5.61063,;558.406631,5.66072,;558.406631,5.7108,;558.406631,5.76088,;558.406631,5.81096,;551.306817,5.86105,;551.306817,5.91113,;551.306817,5.96122,;551.306817,6.01131,;551.306817,6.06139,;547.315366,6.11148,;546.111443,6.16157,;546.111443,6.21166,;546.111443,6.26175,;546.111443,6.31184,;546.111443,6.36193,;546.111443,6.41202,;546.111443,6.46211,;546.111443,6.5122,;546.111443,6.56229,;546.111443,6.61238,;546.111443,6.66251,;546.111443,6.71262,;546.111443,6.76272,;546.111443,6.81281,;546.111443,6.86291,;543.714589,6.913,;543.714589,6.96309,;543.714589,7.01321,;543.714589,7.0633,;543.714589,7.11339,;543.714589,7.16348,;543.714589,7.21357,;543.714589,7.26366,;543.714589,7.31376,;543.714589,7.36385,;543.714589,7.41394,;543.714589,7.46402,;543.714589,7.51407,;543.714589,7.56417,;543.714589,7.61425,;543.714589,7.66438,;543.714589,7.71448,;543.714589,7.7646,;543.714589,7.81469,;543.714589,7.86478,;543.714589,7.91487,;543.714589,7.96496,;543.714589,8.01506,;543.714589,8.06515,;543.714589,8.11524,;543.714589,8.16533,;543.714589,8.21542,;543.714589,8.2655,;543.714589,8.31559,;543.714589,8.36572,;543.714589,8.41582,;543.714589,8.4659,;543.714589,8.516,;543.714589,8.56609,;543.714589,8.61617,;543.714589,8.66626,;543.714589,8.71635,;543.714589,8.76643,;543.714589,8.81653,;543.714589,8.86661,;543.714589,8.91671,;543.714589,8.96679,;543.714589,9.01689,;543.714589,9.06698,;525.133060,9.11707,;525.133060,9.16716,;525.133060,9.21726,;525.133060,9.26735,;525.133060,9.31745,;525.133060,9.36754,;525.133060,9.41763,;525.133060,9.46773,;525.133060,9.51781,;525.133060,9.5679,;525.133060,9.618,;525.133060,9.66809,;525.133060,9.71818,;525.133060,9.76827,;525.133060,9.81836,;525.133060,9.86845,;525.133060,9.91854,;525.133060,9.96863,;525.133060,10.0187,;525.133060,10.0688,;
inf,0.0500691,;1245.642738,0.100182,;1245.642738,0.150252,;1245.642738,0.200341,;1245.642738,0.250428,;1245.642738,0.300539,;1197.944800,0.350612,;1197.944800,0.400696,;1197.944800,0.450782,;1197.944800,0.50086,;1197.944800,0.550933,;1197.944800,0.60102,;1197.944800,0.651135,;1197.497445,0.701189,;1197.497445,0.751303,;1197.497445,0.801373,;1102.483601,0.851485,;1102.483601,0.901575,;1102.483601,0.95169,;1102.483601,1.00181,;1070.438172,1.05188,;1070.438172,1.10197,;1070.438172,1.15206,;1070.438172,1.20218,;1070.438172,1.25229,;1070.438172,1.30238,;1070.438172,1.3525,;1055.408513,1.40258,;1055.408513,1.45268,;1055.408513,1.50277,;1055.408513,1.55286,;1055.408513,1.60299,;1055.408513,1.6531,;1055.408513,1.70321,;1055.408513,1.75324,;1055.408513,1.80336,;1055.408513,1.85343,;1055.408513,1.90355,;1055.408513,1.95364,;1055.408513,2.00375,;1055.408513,2.05383,;771.150649,2.10395,;759.468329,2.15404,;759.468329,2.20414,;723.683792,2.25423,;723.683792,2.30435,;723.683792,2.35446,;705.421663,2.40457,;705.421663,2.45465,;705.421663,2.50477,;705.421663,2.55488,;705.421663,2.60497,;663.617264,2.65505,;663.617264,2.70517,;568.712194,2.75529,;568.712194,2.80536,;568.712194,2.85548,;568.712194,2.90555,;568.712194,2.95565,;568.712194,3.00577,;568.712194,3.05584,;568.712194,3.10594,;568.712194,3.15605,;568.712194,3.20613,;568.712194,3.25624,;568.712194,3.30632,;568.712194,3.35641,;568.712194,3.40649,;568.712194,3.45662,;568.712194,3.5067,;568.712194,3.55682,;568.712194,3.6069,;568.712194,3.65699,;568.712194,3.70714,;568.712194,3.75719,;568.712194,3.80726,;568.712194,3.85733,;568.712194,3.90741,;568.712194,3.9575,;568.712194,4.00758,;568.712194,4.05767,;568.712194,4.10776,;568.712194,4.15783,;568.712194,4.20791,;568.712194,4.25799,;568.712194,4.30808,;568.712194,4.35817,;562.341674,4.40826,;562.341674,4.45834,;562.341674,4.50842,;562.341674,4.55851,;562.341674,4.60859,;560.045533,4.65866,;560.045533,4.70878,;560.045533,4.75886,;560.045533,4.80894,;560.045533,4.85905,;560.045533,4.90914,;560.045533,4.95926,;560.045533,5.00934,;560.045533,5.05945,;560.045533,5.10954,;560.045533,5.15966,;560.045533,5.20975,;560.045533,5.25983,;560.045533,5.30992,;560.045533,5.36003,;536.448112,5.41012,;536.448112,5.46023,;536.448112,5.51032,;536.448112,5.56044,;536.448112,5.61052,;536.448112,5.6606,;536.448112,5.71068,;536.448112,5.76076,;536.448112,5.81085,;536.448112,5.86097,;536.448112,5.91108,;536.448112,5.9612,;536.448112,6.01132,;536.448112,6.06139,;536.448112,6.1115,;530.400424,6.16159,;530.400424,6.21171,;530.400424,6.2618,;530.400424,6.31192,;530.400424,6.36201,;530.400424,6.41209,;530.400424,6.46219,;530.400424,6.51231,;530.400424,6.5624,;530.400424,6.61252,;530.400424,6.66264,;530.400424,6.71273,;530.400424,6.76281,;530.400424,6.81293,;530.400424,6.86304,;530.400424,6.91313,;519.540917,6.96324,;519.540917,7.01332,;519.540917,7.06344,;519.540917,7.11356,;519.540917,7.16367,;519.540917,7.21376,;519.540917,7.26387,;519.540917,7.31395,;519.540917,7.36404,;519.540917,7.41412,;519.540917,7.46424,;519.540917,7.51431,;519.540917,7.56439,;519.540917,7.61449,;519.540917,7.66464,;519.540917,7.71472,;519.540917,7.7648,;519.540917,7.8149,;519.540917,7.865,;519.376521,7.91509,;519.376521,7.96518,;519.376521,8.01527,;519.264222,8.06535,;519.264222,8.11543,;519.264222,8.16552,;516.544006,8.21561,;516.544006,8.2657,;516.544006,8.31578,;516.544006,8.36587,;516.544006,8.41596,;516.544006,8.46605,;516.544006,8.51617,;516.544006,8.56625,;508.599446,8.61636,;508.599446,8.66644,;508.599446,8.71654,;502.367866,8.76662,;502.367866,8.81672,;502.367866,8.8668,;502.367866,8.9169,;502.367866,8.96698,;502.367866,9.01711,;502.367866,9.06723,;502.367866,9.11731,;502.367866,9.16739,;502.367866,9.21747,;502.367866,9.26754,;502.367866,9.31763,;502.367866,9.36776,;502.367866,9.41784,;502.367866,9.46796,;502.367866,9.51806,;502.367866,9.56814,;502.367866,9.61825,;502.367866,9.66833,;502.367866,9.71844,;502.367866,9.76856,;502.367866,9.81864,;502.367866,9.86872,;502.367866,9.91883,;502.367866,9.96891,;502.367866,10.019,;
inf,0.0500262,;inf,0.100138,;1008.370502,0.150219,;970.443451,0.200295,;970.443451,0.250384,;926.962989,0.300465,;910.970745,0.350543,;910.970745,0.400649,;908.764655,0.450722,;908.764655,0.50083,;908.764655,0.550903,;908.764655,0.600978,;803.756310,0.651071,;803.756310,0.701187,;803.756310,0.751272,;803.756310,0.801356,;793.843354,0.851452,;793.843354,0.901567,;793.843354,0.951643,;793.843354,1.00175,;793.843354,1.05184,;793.843354,1.10192,;793.843354,1.15201,;793.843354,1.20209,;792.354328,1.25217,;792.354328,1.30226,;792.354328,1.35235,;786.365637,1.40244,;786.365637,1.45254,;786.365637,1.50264,;786.365637,1.55275,;786.365637,1.60283,;786.048032,1.65294,;786.048032,1.70302,;786.048032,1.75314,;756.926091,1.80322,;756.926091,1.85331,;756.926091,1.90342,;756.926091,1.95353,;756.926091,2.00365,;756.926091,2.05373,;740.464731,2.10384,;740.464731,2.15392,;740.464731,2.20401,;739.303486,2.25409,;739.303486,2.30416,;739.303486,2.35423,;739.303486,2.40431,;739.303486,2.45439,;739.303486,2.50448,;739.303486,2.55457,;739.303486,2.60465,;725.838606,2.65473,;647.543725,2.70482,;647.543725,2.75492,;647.543725,2.80501,;647.543725,2.8551,;647.543725,2.90519,;647.543725,2.95531,;647.543725,3.00543,;647.543725,3.05551,;647.543725,3.10563,;647.543725,3.15571,;647.543725,3.20582,;647.543725,3.25593,;647.543725,3.30602,;647.543725,3.35616,;647.543725,3.40624,;647.543725,3.45635,;647.543725,3.50644,;647.543725,3.55653,;647.543725,3.60663,;647.543725,3.65672,;647.543725,3.7068,;647.543725,3.7569,;647.543725,3.80698,;620.869416,3.8571,;620.869416,3.90717,;620.869416,3.95726,;620.869416,4.00734,;620.869416,4.05745,;620.869416,4.10752,;620.869416,4.1576,;620.410661,4.20768,;620.410661,4.25775,;597.817043,4.30784,;597.817043,4.35793,;597.817043,4.40805,;597.817043,4.45813,;597.817043,4.50822,;597.817043,4.55831,;597.817043,4.60843,;597.817043,4.65851,;597.817043,4.70863,;593.683021,4.75871,;593.683021,4.8088,;593.683021,4.85889,;593.683021,4.909,;562.270644,4.9591,;548.571662,5.00921,;548.571662,5.0593,;548.571662,5.10943,;548.571662,5.15954,;548.571662,5.20966,;548.571662,5.25978,;548.571662,5.30985,;548.571662,5.35993,;543.197085,5.40999,;543.197085,5.46008,;543.197085,5.51016,;543.197085,5.56025,;543.197085,5.61033,;543.197085,5.66044,;543.197085,5.71052,;543.197085,5.76064,;543.197085,5.81072,;543.197085,5.86082,;543.197085,5.91091,;543.197085,5.96103,;543.197085,6.0111,;543.197085,6.06119,;543.197085,6.11129,;543.197085,6.16136,;543.197085,6.21144,;543.197085,6.26156,;543.197085,6.31165,;543.197085,6.36175,;543.197085,6.41184,;543.197085,6.46192,;543.197085,6.51199,;543.197085,6.56207,;543.197085,6.61219,;543.197085,6.66231,;543.197085,6.7124,;543.197085,6.76249,;543.197085,6.8126,;543.197085,6.86272,;543.197085,6.91284,;543.197085,6.96296,;543.197085,7.01308,;543.197085,7.06317,;543.197085,7.11325,;543.197085,7.16334,;543.197085,7.21342,;543.197085,7.26353,;543.197085,7.31361,;543.197085,7.36368,;543.197085,7.41376,;543.197085,7.46384,;543.197085,7.51393,;543.197085,7.564,;543.197085,7.61407,;543.197085,7.66416,;543.197085,7.71425,;543.197085,7.76433,;543.197085,7.81442,;543.197085,7.86453,;543.197085,7.91461,;543.197085,7.96471,;541.613688,8.0148,;541.613688,8.06492,;541.613688,8.11504,;541.613688,8.16512,;541.613688,8.2152,;541.613688,8.26532,;541.613688,8.31544,;541.613688,8.36556,;541.613688,8.41568,;541.613688,8.46579,;522.189982,8.5159,;522.189982,8.56599,;522.189982,8.61607,;522.189982,8.66615,;522.189982,8.71623,;522.189982,8.76631,;522.189982,8.8164,;522.189982,8.86648,;522.189982,8.91656,;522.189982,8.96664,;522.189982,9.01672,;522.189982,9.06681,;522.189982,9.11689,;522.189982,9.16697,;522.189982,9.21705,;522.189982,9.26713,;522.189982,9.3172,;522.189982,9.36728,;522.189982,9.41737,;522.189982,9.46745,;522.189982,9.51753,;522.189982,9.56762,;522.189982,9.61771,;522.189982,9.66779,;522.189982,9.71786,;522.189982,9.76794,;522.189982,9.81797,;522.189982,9.86805,;522.189982,9.91812,;522.189982,9.9682,;
inf,0.0500663,;inf,0.100144,;1045.030589,0.150232,;1045.030589,0.200352,;1045.030589,0.250459,;1045.030589,0.300539,;1000.582883,0.350628,;1000.582883,0.400714,;1000.582883,0.450828,;1000.582883,0.500913,;1000.582883,0.550999,;933.444005,0.601076,;933.444005,0.651159,;926.495919,0.701232,;926.495919,0.751303,;926.495919,0.801421,;926.495919,0.851501,;926.495919,0.901588,;926.495919,0.951664,;926.495919,1.00175,;926.495919,1.05186,;848.099658,1.10198,;848.099658,1.15206,;848.099658,1.20215,;848.099658,1.25222,;848.099658,1.30234,;848.099658,1.35242,;848.099658,1.4025,;837.555992,1.45257,;837.555992,1.50264,;837.555992,1.55272,;837.555992,1.60284,;837.555992,1.65291,;837.555992,1.70301,;799.534604,1.75313,;665.709572,1.8032,;665.709572,1.85327,;665.709572,1.90335,;665.709572,1.95343,;665.709572,2.00352,;665.709572,2.0536,;665.709572,2.1037,;665.709572,2.1538,;665.709572,2.20393,;665.709572,2.25401,;665.709572,2.30413,;665.709572,2.35422,;665.709572,2.40433,;638.896263,2.4544,;638.896263,2.50451,;638.896263,2.55458,;599.202724,2.60468,;599.202724,2.65479,;589.392054,2.7049,;589.392054,2.75499,;589.392054,2.80507,;589.392054,2.85517,;589.392054,2.90522,;589.392054,2.95533,;589.392054,3.00545,;589.392054,3.05554,;589.392054,3.10562,;589.392054,3.15569,;589.392054,3.20577,;589.392054,3.25585,;589.392054,3.30597,;589.392054,3.35604,;589.392054,3.40612,;589.392054,3.4562,;589.392054,3.50629,;589.392054,3.55637,;589.392054,3.60646,;589.392054,3.65654,;578.863911,3.70662,;578.863911,3.7567,;578.863911,3.8068,;578.863911,3.85688,;578.863911,3.90699,;578.863911,3.95707,;578.863911,4.00715,;578.863911,4.05723,;578.863911,4.10738,;578.863911,4.15746,;578.863911,4.20758,;578.863911,4.25767,;578.863911,4.30779,;578.863911,4.35787,;578.863911,4.40799,;578.863911,4.45807,;578.863911,4.50818,;578.863911,4.55826,;578.863911,4.60834,;578.863911,4.65842,;578.863911,4.70854,;578.863911,4.75866,;578.863911,4.80874,;578.863911,4.85886,;578.863911,4.90894,;575.534235,4.95906,;575.534235,5.00919,;575.534235,5.0593,;575.534235,5.10938,;575.534235,5.15949,;575.534235,5.20958,;575.534235,5.25965,;575.534235,5.30974,;575.534235,5.35986,;575.534235,5.40993,;575.534235,5.46004,;574.753388,5.51012,;574.753388,5.56019,;574.753388,5.61031,;574.753388,5.66039,;574.753388,5.71048,;574.753388,5.76057,;574.753388,5.81065,;574.753388,5.86077,;574.753388,5.91086,;574.753388,5.96096,;574.753388,6.01107,;574.753388,6.06114,;574.753388,6.11125,;574.753388,6.16133,;565.370728,6.21145,;565.370728,6.26153,;523.742533,6.31161,;523.742533,6.36168,;523.742533,6.41175,;523.742533,6.46184,;523.742533,6.51199,;523.742533,6.56207,;523.742533,6.61219,;523.742533,6.66227,;523.742533,6.71235,;523.742533,6.76244,;523.742533,6.81252,;523.742533,6.8626,;523.742533,6.91269,;523.742533,6.96281,;523.742533,7.01289,;523.742533,7.06297,;523.742533,7.11309,;523.742533,7.1632,;523.742533,7.21327,;514.537831,7.26335,;514.537831,7.31343,;514.537831,7.36351,;514.537831,7.41359,;514.537831,7.46368,;514.537831,7.51377,;514.537831,7.56386,;514.537831,7.61396,;514.537831,7.66403,;514.537831,7.71411,;514.537831,7.76419,;514.537831,7.81427,;514.537831,7.8644,;514.537831,7.91451,;514.537831,7.96462,;514.537831,8.0147,;514.537831,8.06482,;514.537831,8.11493,;514.537831,8.16504,;514.537831,8.21512,;514.537831,8.26522,;514.537831,8.31534,;514.537831,8.36541,;514.537831,8.41553,;514.537831,8.46561,;514.537831,8.5157,;514.537831,8.56579,;514.537831,8.61587,;514.537831,8.66595,;514.537831,8.71608,;514.537831,8.76616,;514.537831,8.81625,;514.537831,8.86633,;514.537831,8.91644,;514.537831,8.96653,;514.537831,9.01664,;514.537831,9.06672,;514.537831,9.1168,;514.537831,9.16691,;514.537831,9.21706,;514.537831,9.26714,;514.537831,9.31718,;514.537831,9.36729,;514.537831,9.41736,;514.537831,9.46747,;514.537831,9.51755,;509.075055,9.56766,;509.075055,9.61775,;509.075055,9.66786,;509.075055,9.71794,;509.075055,9.76805,;509.075055,9.81813,;509.075055,9.86822,;509.075055,9.91832,;509.075055,9.96844,;509.075055,10.0185,;
inf,0.050095,;946.468038,0.100211,;946.468038,0.150284,;946.468038,0.200396,;946.468038,0.25047,;941.349321,0.300576,;941.349321,0.350663,;941.349321,0.400778,;941.349321,0.45086,;941.349321,0.500938,;941.349321,0.551022,;937.706818,0.601113,;937.706818,0.651205,;937.706818,0.701298,;937.706818,0.751386,;937.706818,0.801473,;937.706818,0.851552,;937.706818,0.901665,;937.706818,0.951777,;937.706818,1.00186,;937.706818,1.05195,;937.706818,1.10205,;937.706818,1.15213,;937.706818,1.20223,;937.706818,1.25235,;937.706818,1.30246,;937.706818,1.35257,;937.706818,1.40266,;937.706818,1.45278,;937.706818,1.50286,;937.706818,1.55297,;937.706818,1.60305,;933.015031,1.65313,;933.015031,1.70322,;933.015031,1.75331,;905.477279,1.80342,;905.477279,1.8535,;898.499488,1.90359,;898.499488,1.95368,;898.499488,2.00376,;898.499488,2.05384,;807.760544,2.10395,;807.760544,2.15404,;806.181636,2.20415,;806.181636,2.25422,;776.837080,2.30434,;776.837080,2.35442,;776.837080,2.40453,;776.837080,2.45463,;776.837080,2.50471,;776.837080,2.55479,;776.837080,2.60488,;776.837080,2.65496,;667.727092,2.70505,;649.398560,2.75517,;649.398560,2.80529,;649.398560,2.8554,;649.398560,2.90552,;649.398560,2.95564,;649.398560,3.0058,;649.398560,3.05587,;649.398560,3.10595,;649.398560,3.15605,;629.129621,3.20615,;629.129621,3.25624,;629.129621,3.30633,;619.039484,3.35641,;619.039484,3.40651,;619.039484,3.4566,;619.039484,3.50669,;619.039484,3.55679,;619.039484,3.60688,;619.039484,3.65696,;619.039484,3.70703,;619.039484,3.75713,;619.039484,3.80722,;598.057414,3.85731,;598.057414,3.90739,;598.057414,3.95748,;598.057414,4.00757,;598.057414,4.05766,;598.057414,4.10778,;598.057414,4.15785,;582.210595,4.20794,;582.210595,4.25803,;582.210595,4.30812,;582.210595,4.35817,;582.210595,4.40825,;582.210595,4.45833,;582.210595,4.50841,;582.210595,4.5585,;580.396637,4.60859,;580.396637,4.65868,;580.396637,4.70881,;580.396637,4.75889,;580.396637,4.80902,;580.396637,4.85909,;580.396637,4.90917,;580.396637,4.95925,;580.396637,5.00933,;580.396637,5.05942,;580.396637,5.1095,;580.396637,5.15959,;580.396637,5.20968,;580.396637,5.25976,;578.238258,5.30987,;578.238258,5.35995,;578.238258,5.41006,;578.238258,5.46013,;578.238258,5.51022,;578.238258,5.5603,;578.238258,5.61037,;578.238258,5.66045,;578.238258,5.71055,;578.238258,5.76064,;578.238258,5.81072,;577.509715,5.86079,;577.509715,5.91092,;577.509715,5.96103,;577.509715,6.01111,;577.509715,6.06118,;575.598227,6.11126,;575.598227,6.16138,;575.598227,6.21147,;575.598227,6.26154,;575.598227,6.31162,;575.598227,6.36171,;575.598227,6.41182,;575.598227,6.46191,;575.598227,6.512,;575.598227,6.56208,;575.598227,6.61215,;565.525523,6.66223,;565.525523,6.71231,;565.525523,6.76239,;565.525523,6.81248,;565.525523,6.86257,;565.525523,6.91266,;565.525523,6.96275,;556.179071,7.01283,;556.179071,7.06291,;556.179071,7.113,;556.179071,7.1631,;556.179071,7.21319,;552.568631,7.26327,;552.568631,7.31337,;552.568631,7.36349,;552.568631,7.41363,;552.568631,7.46372,;552.568631,7.51381,;552.568631,7.5639,;552.568631,7.61399,;552.568631,7.66408,;552.568631,7.71418,;552.568631,7.76427,;545.228423,7.81435,;545.228423,7.86444,;545.228423,7.91454,;545.228423,7.96464,;545.228423,8.01474,;545.228423,8.06483,;545.228423,8.11492,;545.228423,8.16502,;539.704597,8.21511,;539.704597,8.2652,;539.704597,8.3153,;539.704597,8.3654,;539.704597,8.41549,;539.704597,8.46558,;539.704597,8.51567,;539.704597,8.56576,;539.704597,8.61583,;539.704597,8.66595,;539.704597,8.71603,;539.704597,8.76611,;539.704597,8.81621,;539.704597,8.86629,;539.704597,8.91639,;539.704597,8.96647,;539.704597,9.01655,;539.704597,9.06663,;539.704597,9.11671,;539.704597,9.1668,;539.704597,9.21688,;539.704597,9.26698,;539.704597,9.31707,;539.704597,9.36715,;539.704597,9.41724,;522.496468,9.46733,;522.496468,9.51741,;522.496468,9.56757,;521.220705,9.61766,;521.220705,9.66777,;521.220705,9.71786,;521.220705,9.76798,;521.220705,9.81807,;521.220705,9.86816,;521.220705,9.91824,;519.517341,9.96831,;519.517341,10.0184,;
inf,0.0501018,;inf,0.10019,;908.604631,0.150277,;870.046953,0.200387,;870.046953,0.250467,;870.046953,0.30062,;776.635475,0.350701,;776.635475,0.400785,;776.635475,0.450867,;776.635475,0.500962,;776.635475,0.55104,;776.635475,0.601153,;776.635475,0.651309,;762.027698,0.701375,;762.027698,0.751492,;738.680756,0.8016,;738.680756,0.851707,;738.680756,0.901816,;738.680756,0.95191,;726.284337,1.002,;726.284337,1.05211,;726.284337,1.10219,;703.864014,1.1523,;703.864014,1.20241,;703.864014,1.25249,;703.864014,1.30261,;703.864014,1.35269,;703.864014,1.40277,;703.864014,1.45284,;703.864014,1.50292,;703.864014,1.553,;701.787583,1.60313,;701.787583,1.65328,;701.787583,1.70335,;701.787583,1.75342,;701.787583,1.80349,;701.787583,1.85358,;701.787583,1.90366,;701.787583,1.95374,;701.787583,2.00382,;701.787583,2.05391,;701.787583,2.104,;701.787583,2.15409,;701.787583,2.20421,;670.032939,2.25429,;670.032939,2.3044,;670.032939,2.35448,;670.032939,2.40457,;670.032939,2.45467,;670.032939,2.50476,;670.032939,2.55485,;670.032939,2.60494,;670.032939,2.65503,;670.032939,2.70516,;670.032939,2.75525,;670.032939,2.80536,;670.032939,2.85549,;670.032939,2.90561,;647.436260,2.95573,;647.436260,3.00584,;647.436260,3.05595,;647.436260,3.10603,;647.436260,3.15614,;647.436260,3.20618,;647.436260,3.25629,;643.597740,3.30637,;643.597740,3.35648,;643.597740,3.40657,;643.597740,3.45665,;643.597740,3.50673,;643.597740,3.55685,;643.597740,3.60694,;643.597740,3.65706,;643.597740,3.70717,;643.597740,3.75728,;560.660038,3.80739,;560.660038,3.8575,;551.657672,3.90761,;551.657672,3.95773,;551.657672,4.00784,;551.657672,4.05795,;551.657672,4.10803,;551.657672,4.15816,;551.657672,4.20827,;547.862361,4.25834,;547.862361,4.30842,;547.862361,4.35852,;539.070559,4.40861,;539.070559,4.4587,;539.070559,4.50878,;539.070559,4.55885,;539.070559,4.60893,;539.070559,4.65901,;539.070559,4.70909,;539.070559,4.75919,;539.070559,4.80927,;539.070559,4.85935,;539.070559,4.90944,;539.070559,4.95952,;539.070559,5.00964,;539.070559,5.05972,;539.070559,5.10981,;539.070559,5.15989,;539.070559,5.21001,;539.070559,5.26009,;539.070559,5.31017,;539.070559,5.36025,;539.070559,5.41034,;539.070559,5.46042,;539.070559,5.5105,;539.070559,5.56061,;539.070559,5.6107,;539.070559,5.66085,;539.070559,5.71093,;539.070559,5.76106,;539.070559,5.81118,;539.070559,5.8613,;539.070559,5.91142,;539.070559,5.96153,;539.070559,6.01164,;539.070559,6.06176,;539.070559,6.11187,;539.070559,6.16198,;539.070559,6.21209,;539.070559,6.26217,;539.070559,6.31228,;539.070559,6.36236,;529.190297,6.41247,;529.190297,6.46256,;529.190297,6.51268,;529.190297,6.56279,;529.190297,6.6129,;529.190297,6.66302,;529.190297,6.71314,;516.345358,6.76326,;516.345358,6.81335,;516.345358,6.86345,;516.345358,6.91354,;516.345358,6.96365,;516.345358,7.01376,;516.345358,7.06384,;516.345358,7.11392,;516.345358,7.16404,;516.345358,7.21414,;516.345358,7.26423,;516.345358,7.31431,;516.345358,7.36439,;516.345358,7.41447,;516.345358,7.46458,;516.345358,7.51467,;516.345358,7.56479,;516.345358,7.61488,;516.345358,7.665,;516.345358,7.71512,;516.345358,7.76523,;516.345358,7.81535,;516.345358,7.86546,;516.345358,7.91555,;516.345358,7.96567,;516.345358,8.01578,;516.345358,8.06589,;516.345358,8.116,;516.345358,8.1661,;516.345358,8.21624,;516.345358,8.26631,;516.345358,8.31639,;516.345358,8.36647,;516.345358,8.41659,;516.345358,8.46667,;516.345358,8.5168,;516.345358,8.5669,;516.345358,8.61698,;516.345358,8.6671,;516.345358,8.71721,;516.345358,8.7673,;516.345358,8.81742,;516.345358,8.86753,;516.345358,8.91764,;516.345358,8.96775,;516.345358,9.01784,;516.345358,9.06796,;516.345358,9.11806,;516.345358,9.16814,;516.345358,9.21823,;516.345358,9.26832,;516.345358,9.31841,;516.345358,9.36853,;516.345358,9.41863,;516.345358,9.46874,;516.345358,9.51884,;516.345358,9.56893,;516.345358,9.61906,;516.345358,9.66914,;516.345358,9.71925,;516.345358,9.76936,;516.345358,9.81944,;516.345358,9.86955,;516.345358,9.91967,;516.345358,9.96978,;516.345358,10.0199,;
1064.560274,0.0500571,;1064.560274,0.10013,;1064.560274,0.150224,;1064.560274,0.200344,;1064.560274,0.250389,;1064.560274,0.300514,;1064.560274,0.35059,;1064.560274,0.400662,;1064.560274,0.450745,;1064.560274,0.500895,;996.805820,0.550975,;996.805820,0.601065,;996.805820,0.651147,;996.805820,0.701265,;996.805820,0.751381,;996.805820,0.801453,;996.805820,0.851552,;996.805820,0.901662,;996.805820,0.951748,;975.800895,1.00187,;975.800895,1.05196,;975.800895,1.10205,;891.898370,1.15215,;891.898370,1.20223,;891.898370,1.25235,;891.898370,1.30243,;891.898370,1.35255,;891.898370,1.40264,;891.898370,1.45271,;891.898370,1.50278,;891.898370,1.55287,;891.898370,1.60291,;891.898370,1.65299,;891.898370,1.70308,;717.939080,1.75315,;717.939080,1.80322,;717.939080,1.8533,;717.939080,1.90342,;717.939080,1.95353,;717.939080,2.00361,;702.370450,2.05369,;702.370450,2.10381,;702.370450,2.15388,;702.370450,2.20396,;702.370450,2.25408,;696.128913,2.30416,;696.128913,2.35428,;696.128913,2.40436,;696.128913,2.45442,;696.128913,2.50453,;696.128913,2.5546,;696.128913,2.60472,;696.128913,2.6548,;696.128913,2.70494,;696.128913,2.75501,;696.128913,2.80509,;696.128913,2.85517,;696.128913,2.90528,;696.128913,2.95539,;691.850601,3.00552,;691.850601,3.05563,;691.850601,3.10574,;691.850601,3.15586,;691.850601,3.20597,;691.850601,3.25606,;691.850601,3.30614,;691.850601,3.35621,;691.850601,3.40629,;670.801076,3.45637,;670.801076,3.50642,;670.801076,3.5565,;670.801076,3.60658,;670.801076,3.65669,;670.801076,3.70677,;670.801076,3.75688,;670.801076,3.80697,;670.801076,3.85709,;670.801076,3.90717,;670.801076,3.95725,;670.801076,4.0074,;670.801076,4.05748,;670.801076,4.10758,;670.801076,4.15768,;670.801076,4.2078,;670.801076,4.25793,;670.801076,4.30802,;628.951901,4.35813,;628.951901,4.40824,;628.951901,4.45832,;628.951901,4.5084,;628.951901,4.55848,;628.951901,4.60855,;618.858171,4.65863,;618.858171,4.70875,;618.858171,4.75882,;618.858171,4.80894,;607.497936,4.85907,;607.497936,4.90919,;607.497936,4.95927,;607.497936,5.00938,;607.497936,5.05946,;607.497936,5.10957,;607.497936,5.15966,;607.497936,5.20978,;607.497936,5.25987,;607.497936,5.30995,;607.497936,5.36004,;606.828805,5.41015,;606.828805,5.46024,;599.807459,5.51035,;599.807459,5.56047,;599.807459,5.61055,;599.807459,5.66063,;599.807459,5.71073,;599.807459,5.76082,;599.807459,5.81092,;599.807459,5.86101,;599.807459,5.91111,;599.807459,5.9612,;599.807459,6.01132,;599.807459,6.06144,;599.807459,6.11156,;599.807459,6.16164,;599.807459,6.21173,;599.807459,6.26185,;599.807459,6.31197,;599.807459,6.36206,;599.807459,6.41217,;599.807459,6.46228,;599.807459,6.5124,;599.807459,6.56248,;599.807459,6.61259,;599.807459,6.66267,;599.807459,6.7128,;581.765934,6.7629,;581.765934,6.81298,;581.765934,6.86308,;571.857803,6.9132,;571.857803,6.96332,;571.857803,7.01345,;571.857803,7.06354,;571.857803,7.11366,;571.857803,7.16378,;571.857803,7.21389,;571.857803,7.26398,;571.857803,7.31408,;564.946481,7.3642,;564.946481,7.41431,;564.946481,7.46443,;564.946481,7.51451,;564.946481,7.5646,;564.946481,7.61469,;564.946481,7.6648,;538.958334,7.71489,;538.958334,7.76499,;538.958334,7.81508,;538.958334,7.86517,;538.958334,7.91529,;538.958334,7.96541,;538.958334,8.01551,;538.958334,8.06562,;538.958334,8.11574,;538.958334,8.16582,;538.958334,8.21591,;538.958334,8.26604,;538.958334,8.31613,;538.958334,8.36624,;538.958334,8.41633,;538.958334,8.46641,;538.958334,8.51653,;538.958334,8.56661,;537.878320,8.61674,;537.878320,8.66682,;537.878320,8.71693,;537.878320,8.76703,;537.878320,8.81712,;523.873684,8.86725,;523.873684,8.91738,;523.873684,8.96746,;523.873684,9.01755,;523.873684,9.06763,;523.873684,9.11774,;523.873684,9.16784,;523.873684,9.21794,;523.873684,9.26803,;523.873684,9.31813,;523.873684,9.36822,;523.873684,9.41837,;523.873684,9.46849,;523.873684,9.51857,;523.873684,9.56869,;523.873684,9.6188,;523.873684,9.66892,;523.873684,9.71902,;523.873684,9.7691,;523.873684,9.81921,;522.801810,9.86928,;522.801810,9.91939,;522.801810,9.96947,;522.801810,10.0195,;
inf,0.050059,;981.944381,0.100146,;938.578597,0.15024,;917.781303,0.200364,;917.781303,0.250477,;917.781303,0.300591,;917.781303,0.350668,;917.781303,0.40078,;917.781303,0.450892,;917.781303,0.501003,;917.781303,0.551112,;917.446042,0.601194,;917.446042,0.65131,;917.446042,0.701381,;917.446042,0.751451,;917.446042,0.80153,;917.446042,0.851613,;917.446042,0.901733,;917.446042,0.951846,;917.446042,1.00192,;917.446042,1.052,;917.446042,1.10209,;915.063244,1.15217,;915.063244,1.20225,;915.063244,1.25232,;778.358787,1.30244,;778.358787,1.35251,;778.358787,1.4026,;778.358787,1.45269,;778.358787,1.50276,;778.358787,1.55286,;778.358787,1.60294,;778.358787,1.65302,;778.358787,1.70309,;778.358787,1.75316,;778.358787,1.80328,;778.358787,1.85335,;778.358787,1.90343,;778.358787,1.95351,;778.358787,2.00363,;778.358787,2.05375,;778.358787,2.10383,;778.358787,2.15392,;778.358787,2.20404,;778.358787,2.25413,;778.358787,2.30425,;778.358787,2.35432,;778.358787,2.40443,;774.632661,2.45455,;774.632661,2.50466,;774.632661,2.55473,;774.632661,2.60484,;774.632661,2.65495,;774.632661,2.70503,;774.632661,2.75514,;774.632661,2.80522,;774.632661,2.8553,;769.513988,2.90538,;769.513988,2.95549,;769.513988,3.00558,;769.513988,3.05567,;769.513988,3.10579,;769.513988,3.15587,;769.513988,3.20597,;769.513988,3.25608,;769.513988,3.3062,;769.513988,3.35627,;769.513988,3.40635,;769.513988,3.45647,;769.513988,3.50655,;769.513988,3.55665,;769.513988,3.60674,;769.513988,3.65684,;769.513988,3.70691,;769.513988,3.75699,;769.513988,3.80707,;769.513988,3.85717,;651.578204,3.90731,;651.578204,3.95744,;651.578204,4.00752,;651.578204,4.05762,;651.578204,4.10774,;651.578204,4.15782,;651.578204,4.20791,;651.578204,4.258,;651.578204,4.30809,;651.578204,4.35818,;592.208339,4.40829,;592.208339,4.45845,;592.208339,4.50854,;592.208339,4.55865,;592.208339,4.60876,;592.208339,4.65887,;592.208339,4.70896,;592.208339,4.75904,;592.208339,4.80916,;592.208339,4.85924,;592.208339,4.90936,;592.208339,4.95946,;592.208339,5.00955,;592.208339,5.05967,;592.208339,5.10977,;592.208339,5.15988,;592.208339,5.20998,;592.208339,5.26006,;592.208339,5.31015,;581.679782,5.36025,;581.679782,5.41037,;581.679782,5.46049,;581.679782,5.5106,;581.679782,5.5607,;581.679782,5.61078,;581.679782,5.66086,;581.679782,5.71098,;581.679782,5.76106,;581.679782,5.81117,;581.679782,5.86128,;581.679782,5.91139,;581.679782,5.96149,;581.679782,6.01158,;581.679782,6.06168,;545.653871,6.11179,;545.653871,6.16188,;545.653871,6.21198,;545.653871,6.26206,;545.653871,6.31218,;545.653871,6.3623,;545.653871,6.4124,;545.653871,6.46249,;545.653871,6.51259,;545.653871,6.56271,;545.653871,6.61284,;545.653871,6.66296,;545.653871,6.71304,;545.653871,6.76312,;545.653871,6.81323,;544.144738,6.86335,;544.144738,6.91347,;544.144738,6.96358,;544.144738,7.0137,;544.144738,7.06382,;544.144738,7.11391,;544.144738,7.16402,;544.144738,7.2141,;544.144738,7.26422,;544.144738,7.31434,;544.144738,7.36445,;532.780861,7.41456,;532.780861,7.46471,;532.780861,7.51482,;532.780861,7.5649,;532.780861,7.61502,;532.780861,7.66516,;532.780861,7.71527,;532.780861,7.76539,;532.780861,7.8155,;532.780861,7.86561,;532.780861,7.91569,;531.079300,7.9658,;531.079300,8.01592,;531.079300,8.06601,;531.079300,8.11613,;531.079300,8.16621,;531.079300,8.21634,;531.079300,8.26645,;531.079300,8.31653,;531.079300,8.36665,;531.079300,8.41678,;531.079300,8.46686,;531.079300,8.51694,;531.079300,8.56703,;531.079300,8.61714,;531.079300,8.66722,;531.079300,8.71731,;524.991559,8.76745,;524.991559,8.81754,;524.991559,8.86766,;524.991559,8.91776,;524.991559,8.96786,;524.991559,9.01793,;524.991559,9.06801,;524.991559,9.1181,;524.991559,9.16822,;524.991559,9.2183,;524.991559,9.26838,;524.991559,9.31852,;524.991559,9.3686,;524.991559,9.41869,;524.991559,9.46878,;524.991559,9.51888,;524.991559,9.56896,;524.991559,9.61911,;524.991559,9.6692,;524.991559,9.7193,;524.991559,9.76939,;524.991559,9.81948,;524.991559,9.86956,;524.991559,9.91965,;524.991559,9.96974,;524.991559,10.0198,;
inf,0.0500563,;1145.671001,0.10014,;1145.671001,0.150221,;1073.447119,0.200316,;1073.447119,0.250391,;1073.447119,0.300476,;1073.447119,0.350572,;1073.447119,0.400662,;1073.447119,0.450737,;1073.447119,0.500822,;1073.447119,0.550918,;1061.350626,0.600993,;1061.350626,0.651103,;1061.350626,0.701215,;1061.350626,0.751327,;1061.350626,0.801436,;1061.350626,0.851507,;1061.350626,0.901616,;956.083581,0.951696,;956.083581,1.00179,;956.083581,1.05186,;956.083581,1.10194,;956.083581,1.15202,;956.083581,1.2021,;956.083581,1.25218,;956.083581,1.30225,;956.083581,1.35233,;956.083581,1.40241,;956.083581,1.45249,;956.083581,1.50258,;889.808409,1.55269,;889.808409,1.60277,;889.808409,1.65289,;889.808409,1.703,;889.808409,1.75309,;889.808409,1.80318,;889.808409,1.85329,;889.808409,1.90339,;889.808409,1.9535,;889.808409,2.00359,;889.808409,2.05368,;889.808409,2.10378,;889.808409,2.15389,;889.808409,2.20398,;889.808409,2.25411,;889.808409,2.3042,;864.316592,2.35427,;837.873189,2.40438,;837.873189,2.45446,;832.194600,2.50457,;832.194600,2.55465,;832.194600,2.60477,;832.194600,2.65485,;832.194600,2.70497,;832.194600,2.75508,;832.194600,2.8052,;832.194600,2.85529,;609.522992,2.9054,;609.522992,2.95551,;609.522992,3.00562,;609.522992,3.05573,;609.522992,3.10584,;609.522992,3.15593,;609.522992,3.20604,;609.522992,3.25616,;609.522992,3.3062,;560.227865,3.35631,;560.227865,3.40639,;560.227865,3.45649,;560.227865,3.50657,;560.227865,3.55669,;560.227865,3.60678,;560.227865,3.6569,;560.227865,3.70699,;560.227865,3.75706,;560.227865,3.80714,;560.227865,3.85721,;560.227865,3.90728,;560.227865,3.9574,;560.227865,4.00748,;560.227865,4.05756,;560.227865,4.10767,;560.227865,4.15779,;560.227865,4.20787,;560.227865,4.25795,;560.227865,4.30803,;560.227865,4.35816,;560.227865,4.40825,;560.227865,4.45833,;560.227865,4.50842,;560.227865,4.5585,;560.227865,4.60858,;560.227865,4.65867,;560.227865,4.70879,;560.227865,4.75887,;560.227865,4.80899,;560.227865,4.85907,;560.227865,4.90917,;560.227865,4.95926,;560.227865,5.00937,;560.227865,5.05946,;560.227865,5.10958,;560.227865,5.15966,;560.227865,5.20974,;560.227865,5.25985,;560.227865,5.30992,;537.183331,5.36001,;537.183331,5.4101,;537.183331,5.46019,;537.183331,5.51032,;537.183331,5.56043,;537.183331,5.61056,;537.183331,5.66067,;537.183331,5.71078,;537.183331,5.76089,;537.183331,5.81097,;537.183331,5.86108,;537.183331,5.9112,;537.183331,5.96131,;537.183331,6.0114,;537.183331,6.06151,;537.183331,6.1116,;537.183331,6.16168,;537.183331,6.21177,;537.183331,6.26188,;537.183331,6.31195,;536.573567,6.36204,;536.573567,6.41212,;536.573567,6.46215,;536.573567,6.51225,;529.123166,6.56232,;529.123166,6.61239,;529.123166,6.66246,;529.123166,6.71254,;529.123166,6.76262,;529.123166,6.81272,;529.123166,6.86281,;529.123166,6.9129,;529.123166,6.963,;529.123166,7.01308,;529.123166,7.06318,;529.123166,7.11327,;529.123166,7.16337,;529.123166,7.21346,;529.123166,7.26356,;529.123166,7.31369,;529.123166,7.36377,;529.123166,7.41388,;529.123166,7.46395,;529.123166,7.51404,;529.123166,7.56413,;528.982852,7.61418,;528.982852,7.6643,;528.982852,7.71438,;528.982852,7.76451,;528.982852,7.8146,;528.982852,7.86472,;528.982852,7.91482,;528.982852,7.96494,;528.982852,8.01502,;528.982852,8.06514,;528.982852,8.11523,;528.982852,8.16532,;528.982852,8.21545,;528.982852,8.26555,;528.982852,8.31563,;528.982852,8.36571,;528.982852,8.4158,;528.982852,8.4659,;528.982852,8.51599,;528.982852,8.56612,;528.982852,8.61624,;528.982852,8.66632,;528.982852,8.71644,;528.982852,8.76653,;528.982852,8.81662,;528.057263,8.8667,;528.057263,8.91679,;528.057263,8.96687,;528.057263,9.01699,;528.057263,9.06709,;528.057263,9.1172,;528.057263,9.16729,;528.057263,9.21742,;528.057263,9.2675,;528.057263,9.31761,;528.057263,9.36769,;528.057263,9.41782,;528.057263,9.4679,;528.057263,9.518,;528.057263,9.56809,;528.057263,9.61815,;528.057263,9.66829,;528.057263,9.71837,;528.057263,9.76848,;528.057263,9.81857,;528.057263,9.86869,;528.057263,9.91879,;528.057263,9.96887,;528.057263,10.019,;
inf,0.0500561,;861.068571,0.100139,;859.971379,0.150231,;859.971379,0.200305,;859.971379,0.250429,;859.971379,0.300513,;847.513601,0.350626,;847.513601,0.400697,;847.513601,0.450808,;847.513601,0.50088,;806.236547,0.550962,;806.236547,0.601,;806.236547,0.651069,;750.275398,0.701136,;750.275398,0.751207,;750.275398,0.801279,;750.275398,0.85135,;750.275398,0.901443,;750.275398,0.951554,;750.275398,1.00164,;750.275398,1.05175,;750.275398,1.10184,;750.275398,1.15196,;738.383896,1.20208,;738.383896,1.25219,;738.383896,1.30228,;738.383896,1.35239,;738.383896,1.40251,;738.383896,1.45263,;738.383896,1.50271,;738.383896,1.55279,;738.383896,1.60291,;738.383896,1.65302,;738.383896,1.7031,;738.383896,1.75318,;738.383896,1.80329,;738.383896,1.85337,;738.383896,1.90348,;738.383896,1.95355,;738.383896,2.00366,;738.383896,2.05378,;738.383896,2.1039,;738.383896,2.15399,;738.383896,2.20411,;738.383896,2.25422,;724.939413,2.30434,;718.866750,2.35445,;718.866750,2.40456,;718.866750,2.45468,;718.866750,2.50476,;654.415191,2.55485,;654.415191,2.60495,;654.415191,2.65504,;654.415191,2.70512,;654.415191,2.7552,;654.415191,2.80529,;654.415191,2.85541,;654.415191,2.90551,;654.415191,2.95562,;581.877352,3.00569,;581.877352,3.05581,;581.877352,3.1059,;581.877352,3.15598,;581.877352,3.20609,;581.877352,3.25618,;581.877352,3.30627,;581.877352,3.35635,;581.877352,3.40648,;581.877352,3.45664,;581.877352,3.50672,;581.877352,3.5568,;581.877352,3.60692,;581.877352,3.65701,;581.877352,3.70713,;581.877352,3.75721,;581.877352,3.80729,;581.877352,3.85738,;581.877352,3.9075,;581.877352,3.95759,;581.877352,4.00768,;581.877352,4.05776,;581.877352,4.10784,;581.877352,4.15791,;581.877352,4.20802,;581.877352,4.2581,;581.877352,4.30817,;572.373987,4.35829,;572.373987,4.4084,;562.391684,4.45849,;562.391684,4.50857,;562.391684,4.55864,;562.391684,4.60872,;562.391684,4.65883,;562.391684,4.7089,;562.391684,4.75898,;562.391684,4.80907,;562.391684,4.85919,;562.391684,4.90927,;562.391684,4.95934,;562.391684,5.00944,;562.391684,5.05955,;562.391684,5.10964,;562.391684,5.15972,;562.391684,5.2098,;562.391684,5.25991,;562.391684,5.31,;562.391684,5.36008,;562.391684,5.41017,;562.391684,5.46027,;562.391684,5.51035,;562.391684,5.56044,;562.391684,5.61052,;562.391684,5.66061,;562.391684,5.71069,;562.391684,5.76078,;562.391684,5.81087,;562.391684,5.86094,;562.391684,5.91103,;562.391684,5.96111,;562.391684,6.0112,;562.391684,6.06128,;562.391684,6.1114,;562.391684,6.16149,;562.391684,6.21161,;562.391684,6.26171,;562.391684,6.31182,;562.391684,6.36192,;562.391684,6.41204,;562.391684,6.46214,;562.391684,6.51226,;562.391684,6.56234,;562.391684,6.61247,;562.391684,6.66257,;562.391684,6.71266,;562.391684,6.76275,;562.391684,6.81289,;562.391684,6.86297,;562.391684,6.91306,;562.391684,6.96314,;562.391684,7.01322,;562.391684,7.06333,;562.391684,7.11342,;562.391684,7.16351,;562.391684,7.21361,;562.391684,7.26372,;562.391684,7.31381,;562.391684,7.36393,;562.391684,7.41404,;562.391684,7.46415,;562.391684,7.51424,;562.391684,7.56433,;562.391684,7.61444,;562.391684,7.66455,;562.391684,7.71464,;562.391684,7.76475,;562.391684,7.81487,;562.391684,7.86496,;562.391684,7.91507,;562.391684,7.96515,;562.391684,8.01524,;562.391684,8.06531,;562.391684,8.11544,;562.391684,8.16553,;562.391684,8.21565,;562.391684,8.26573,;562.391684,8.31583,;562.391684,8.36592,;562.391684,8.41601,;562.391684,8.46613,;562.391684,8.51624,;560.712685,8.56635,;560.712685,8.61646,;560.712685,8.66657,;560.712685,8.71668,;560.712685,8.76675,;560.712685,8.81686,;560.712685,8.86697,;560.712685,8.91705,;560.712685,8.96721,;554.041483,9.0173,;554.041483,9.06741,;552.127273,9.1175,;552.127273,9.16761,;552.127273,9.21769,;545.009652,9.26781,;545.009652,9.31789,;545.009652,9.36801,;545.009652,9.41809,;545.009652,9.46819,;545.009652,9.51827,;545.009652,9.56836,;545.009652,9.61846,;545.009652,9.66857,;545.009652,9.71866,;545.009652,9.76878,;545.009652,9.81886,;534.839186,9.86897,;534.839186,9.91908,;534.839186,9.96916,;
inf,0.0500747,;766.249014,0.100193,;759.812612,0.150278,;759.812612,0.2004,;759.812612,0.250486,;759.812612,0.300603,;759.812612,0.350721,;724.927534,0.400801,;717.895623,0.45089,;717.895623,0.500988,;717.895623,0.5511,;717.895623,0.601176,;717.895623,0.651289,;697.657850,0.70138,;697.657850,0.751502,;697.657850,0.801591,;697.657850,0.851688,;697.657850,0.901785,;697.657850,0.95188,;697.657850,1.002,;697.657850,1.05212,;697.657850,1.10221,;697.657850,1.15233,;697.657850,1.20245,;697.657850,1.25256,;697.657850,1.30268,;697.657850,1.35279,;697.657850,1.40291,;697.657850,1.45295,;697.657850,1.50303,;697.657850,1.5531,;697.657850,1.60323,;697.657850,1.65332,;697.657850,1.70344,;663.412551,1.75354,;663.412551,1.80362,;663.412551,1.85371,;663.412551,1.90379,;663.412551,1.95388,;663.412551,2.004,;663.412551,2.05409,;663.412551,2.10418,;657.287711,2.15427,;657.287711,2.20437,;657.287711,2.25445,;657.287711,2.30453,;657.287711,2.35462,;654.220891,2.40472,;654.220891,2.45481,;654.220891,2.5049,;654.220891,2.55499,;654.220891,2.60511,;647.033743,2.65522,;647.033743,2.70531,;647.033743,2.7554,;647.033743,2.8055,;647.033743,2.85563,;647.033743,2.90572,;647.033743,2.95585,;647.033743,3.00597,;647.033743,3.05608,;647.033743,3.1062,;647.033743,3.15631,;647.033743,3.20642,;636.803561,3.2565,;636.803561,3.30661,;636.803561,3.35669,;636.803561,3.40677,;636.803561,3.45684,;636.803561,3.50694,;636.803561,3.55702,;636.803561,3.60711,;636.803561,3.65719,;636.803561,3.7073,;636.803561,3.75738,;636.803561,3.80747,;636.803561,3.85757,;636.803561,3.90766,;636.803561,3.95776,;636.803561,4.00786,;636.803561,4.05795,;636.803561,4.10803,;636.803561,4.15812,;636.803561,4.20821,;636.803561,4.2583,;636.803561,4.30842,;613.409439,4.35854,;613.409439,4.40863,;613.409439,4.45875,;613.409439,4.50887,;613.409439,4.55899,;613.409439,4.60907,;613.409439,4.65915,;613.409439,4.70924,;613.409439,4.75935,;613.409439,4.80945,;613.409439,4.85956,;613.409439,4.90965,;613.409439,4.95977,;613.409439,5.00986,;613.409439,5.05994,;613.409439,5.11005,;613.409439,5.16017,;613.409439,5.21028,;613.409439,5.26039,;613.409439,5.31047,;613.409439,5.36059,;613.409439,5.41067,;613.409439,5.46076,;599.668803,5.51084,;599.668803,5.56094,;599.668803,5.61106,;599.668803,5.66114,;599.668803,5.71123,;599.668803,5.76131,;599.668803,5.81139,;599.668803,5.86147,;599.668803,5.91156,;599.668803,5.96165,;599.668803,6.01177,;599.668803,6.06187,;599.668803,6.11195,;599.668803,6.16205,;599.668803,6.21213,;599.668803,6.26221,;599.668803,6.31233,;599.668803,6.36247,;599.668803,6.41254,;599.668803,6.46268,;599.668803,6.51276,;568.734830,6.56286,;568.734830,6.61293,;568.734830,6.66301,;568.734830,6.71308,;568.734830,6.76316,;568.734830,6.81328,;568.734830,6.86337,;568.734830,6.91346,;568.734830,6.96357,;568.734830,7.01365,;568.734830,7.06374,;568.734830,7.11383,;568.734830,7.16392,;568.734830,7.21401,;568.734830,7.26411,;568.734830,7.3142,;568.734830,7.36432,;568.734830,7.4144,;568.734830,7.4645,;568.734830,7.51461,;568.734830,7.56474,;568.734830,7.61482,;568.734830,7.66492,;568.734830,7.71501,;568.734830,7.7651,;568.734830,7.81522,;568.734830,7.8653,;568.734830,7.91538,;568.734830,7.9655,;568.734830,8.01561,;568.734830,8.0657,;568.734830,8.11577,;566.038100,8.16589,;566.038100,8.21598,;566.038100,8.26607,;552.030676,8.31619,;552.030676,8.3663,;552.030676,8.41642,;552.030676,8.46653,;552.030676,8.51662,;552.030676,8.56674,;552.030676,8.61686,;552.030676,8.66697,;552.030676,8.71704,;552.030676,8.76711,;552.030676,8.81719,;552.030676,8.86726,;552.030676,8.91735,;552.030676,8.96744,;552.030676,9.01754,;552.030676,9.06765,;552.030676,9.11774,;552.030676,9.16785,;552.030676,9.21797,;552.030676,9.2681,;552.030676,9.31819,;552.030676,9.3683,;545.874894,9.41839,;545.874894,9.4685,;545.874894,9.51861,;540.319949,9.56873,;540.319949,9.61882,;540.319949,9.6689,;540.319949,9.71897,;540.319949,9.76905,;540.319949,9.81913,;540.319949,9.86921,;540.319949,9.91934,;540.319949,9.96943,;540.319949,10.0195,;540.319949,10.0696,;
inf,0.0500677,;966.175095,0.100144,;961.305307,0.150258,;961.305307,0.200346,;961.305307,0.250458,;961.305307,0.300544,;860.928931,0.350657,;860.928931,0.400745,;860.928931,0.450839,;840.657168,0.500915,;840.657168,0.551029,;840.657168,0.601146,;840.657168,0.651221,;840.657168,0.70134,;820.244127,0.751428,;820.244127,0.801544,;820.244127,0.851634,;820.244127,0.90175,;820.244127,0.951836,;820.244127,1.00196,;820.244127,1.05205,;820.244127,1.10223,;820.244127,1.15234,;820.244127,1.20243,;820.244127,1.25255,;820.244127,1.30266,;820.244127,1.35274,;820.244127,1.40286,;820.244127,1.45298,;820.244127,1.50305,;816.328300,1.55316,;809.229708,1.60324,;809.229708,1.65337,;809.229708,1.70346,;788.163020,1.75355,;788.163020,1.80367,;788.163020,1.85376,;788.163020,1.90386,;788.163020,1.95397,;788.163020,2.00405,;788.163020,2.05418,;788.163020,2.10427,;788.163020,2.1544,;788.163020,2.20451,;788.163020,2.25463,;788.163020,2.30472,;788.163020,2.35484,;788.163020,2.40495,;767.598496,2.45505,;767.598496,2.50512,;767.598496,2.5552,;767.598496,2.60529,;767.598496,2.65537,;767.598496,2.70549,;767.598496,2.75558,;754.454751,2.80567,;753.614939,2.85576,;753.614939,2.90584,;753.614939,2.95593,;753.614939,3.00602,;753.614939,3.05611,;753.614939,3.10621,;696.219670,3.1563,;696.219670,3.20638,;696.219670,3.25646,;696.219670,3.30655,;621.793728,3.35668,;620.177510,3.40675,;620.177510,3.45684,;620.177510,3.50692,;620.177510,3.55705,;620.177510,3.60713,;620.177510,3.65722,;620.177510,3.7073,;590.360065,3.75739,;590.360065,3.80748,;590.360065,3.85755,;590.360065,3.90766,;590.360065,3.95775,;590.360065,4.00787,;590.360065,4.05798,;590.360065,4.10807,;590.360065,4.15816,;590.360065,4.20824,;590.360065,4.25835,;590.360065,4.30847,;590.360065,4.35855,;590.360065,4.40865,;590.360065,4.45873,;590.360065,4.50883,;590.360065,4.55891,;590.360065,4.609,;590.360065,4.65908,;590.360065,4.70917,;590.360065,4.75925,;590.360065,4.80938,;590.360065,4.85947,;590.360065,4.90957,;590.360065,4.95965,;590.360065,5.0098,;590.360065,5.05991,;590.360065,5.10999,;590.360065,5.16008,;590.360065,5.21017,;590.360065,5.26026,;553.392049,5.31035,;553.392049,5.36044,;553.392049,5.41054,;553.392049,5.46062,;553.392049,5.5107,;553.392049,5.5608,;553.392049,5.6109,;553.392049,5.66099,;553.392049,5.71113,;553.392049,5.76125,;550.823029,5.81133,;550.823029,5.86141,;550.823029,5.91148,;550.823029,5.96161,;550.823029,6.0117,;550.823029,6.06181,;547.925741,6.11194,;547.925741,6.16203,;547.925741,6.21213,;547.925741,6.26225,;547.925741,6.31234,;547.925741,6.36246,;547.925741,6.41257,;547.925741,6.46267,;547.925741,6.5128,;547.925741,6.56292,;528.460274,6.61304,;528.460274,6.66314,;528.460274,6.71326,;528.460274,6.76335,;528.460274,6.81346,;528.460274,6.86355,;528.460274,6.91364,;528.460274,6.96374,;528.460274,7.01383,;528.460274,7.06392,;528.460274,7.11401,;528.460274,7.16413,;528.460274,7.21422,;528.460274,7.26434,;528.460274,7.31444,;528.460274,7.36456,;528.460274,7.41465,;528.460274,7.46474,;528.460274,7.51484,;528.460274,7.56493,;528.460274,7.61503,;528.460274,7.66521,;528.460274,7.71528,;528.460274,7.76537,;528.460274,7.81547,;528.460274,7.86556,;528.460274,7.91567,;528.460274,7.96577,;528.460274,8.01586,;528.460274,8.06594,;528.460274,8.11603,;528.460274,8.16615,;528.460274,8.21625,;528.460274,8.26636,;528.460274,8.31648,;528.460274,8.3666,;528.460274,8.41672,;528.460274,8.46684,;528.460274,8.51696,;528.460274,8.56705,;528.460274,8.61716,;528.460274,8.66724,;528.460274,8.71734,;523.169093,8.76743,;523.169093,8.81752,;523.169093,8.86761,;523.169093,8.9177,;523.169093,8.9678,;523.169093,9.01789,;523.169093,9.06798,;523.169093,9.11807,;523.169093,9.16817,;523.169093,9.21826,;523.169093,9.26837,;523.169093,9.31845,;523.169093,9.36853,;523.169093,9.41862,;523.169093,9.46871,;523.169093,9.51884,;523.169093,9.56893,;523.169093,9.619,;523.169093,9.6691,;523.169093,9.7192,;523.169093,9.76934,;523.169093,9.81943,;523.169093,9.86952,;523.169093,9.91962,;523.169093,9.96971,;523.169093,10.0198,;523.169093,10.0699,;
inf,0.0500931,;823.442901,0.100166,;794.075527,0.150235,;794.075527,0.200304,;794.075527,0.250378,;794.075527,0.300452,;794.075527,0.350556,;794.075527,0.400667,;794.075527,0.450752,;794.075527,0.500846,;781.807678,0.550923,;781.807678,0.600999,;781.807678,0.651086,;781.807678,0.701201,;781.807678,0.751313,;781.807678,0.801427,;781.807678,0.851537,;781.807678,0.901648,;781.807678,0.951757,;781.807678,1.00187,;760.535128,1.05199,;760.535128,1.1021,;760.535128,1.15221,;760.535128,1.20228,;760.535128,1.25239,;760.535128,1.30247,;760.535128,1.35257,;760.535128,1.40267,;760.535128,1.45277,;760.535128,1.50284,;760.535128,1.55296,;760.535128,1.60306,;760.535128,1.65317,;760.535128,1.70326,;760.535128,1.75334,;738.530976,1.80342,;738.530976,1.85353,;694.497203,1.90367,;694.497203,1.95378,;694.497203,2.00392,;694.497203,2.05402,;694.497203,2.10413,;694.497203,2.1542,;694.497203,2.20431,;694.497203,2.25439,;694.497203,2.30451,;694.497203,2.3546,;593.935787,2.40472,;593.935787,2.4548,;585.578016,2.50491,;585.578016,2.55499,;585.578016,2.60508,;585.578016,2.65517,;585.578016,2.70526,;585.578016,2.75537,;585.578016,2.80548,;585.578016,2.85556,;585.578016,2.90565,;585.578016,2.95572,;585.578016,3.00579,;585.578016,3.0559,;585.578016,3.10602,;572.118883,3.15609,;572.118883,3.20617,;572.118883,3.25628,;572.118883,3.30635,;572.118883,3.35647,;572.118883,3.40656,;572.118883,3.45666,;572.118883,3.50674,;572.118883,3.55683,;572.118883,3.60692,;572.118883,3.657,;572.118883,3.70708,;572.118883,3.75716,;572.118883,3.80725,;572.118883,3.85733,;572.118883,3.90743,;572.118883,3.95755,;572.118883,4.00762,;572.118883,4.05771,;572.118883,4.10781,;572.118883,4.1579,;572.118883,4.20799,;572.118883,4.25807,;572.118883,4.30816,;572.118883,4.35824,;572.118883,4.40837,;572.118883,4.45845,;572.118883,4.50854,;572.118883,4.55862,;572.118883,4.60875,;572.118883,4.65883,;572.118883,4.70892,;572.118883,4.75902,;572.118883,4.80911,;572.118883,4.8592,;572.118883,4.90928,;572.118883,4.95939,;572.118883,5.00948,;572.118883,5.05957,;569.532077,5.1097,;569.532077,5.15979,;569.532077,5.20991,;569.532077,5.26002,;569.532077,5.3101,;569.532077,5.36025,;569.532077,5.41036,;569.532077,5.46048,;569.532077,5.51056,;569.532077,5.56067,;569.532077,5.61076,;555.139985,5.66088,;554.000701,5.71097,;554.000701,5.76109,;554.000701,5.81121,;531.176363,5.86133,;531.176363,5.91142,;531.176363,5.96153,;531.176363,6.01165,;531.176363,6.06176,;531.176363,6.11185,;531.176363,6.16196,;531.176363,6.21207,;531.176363,6.26217,;531.176363,6.31232,;531.176363,6.36239,;531.176363,6.41251,;531.176363,6.4626,;531.176363,6.51272,;531.176363,6.56281,;531.176363,6.6129,;531.176363,6.663,;531.176363,6.7131,;531.176363,6.76319,;531.176363,6.81329,;531.176363,6.86339,;531.176363,6.91347,;531.176363,6.96355,;531.176363,7.01363,;531.176363,7.06372,;530.808630,7.11382,;530.808630,7.16393,;530.808630,7.21405,;530.808630,7.26418,;530.808630,7.31426,;530.808630,7.36437,;530.808630,7.41449,;530.808630,7.46458,;517.268419,7.51467,;517.268419,7.56475,;517.268419,7.61483,;517.268419,7.66493,;517.268419,7.71503,;517.268419,7.76516,;517.268419,7.81525,;517.268419,7.86533,;517.268419,7.91541,;517.268419,7.96548,;517.268419,8.01557,;517.268419,8.06565,;517.268419,8.11575,;517.268419,8.16584,;517.268419,8.21592,;517.268419,8.26601,;517.268419,8.31613,;517.268419,8.36621,;517.268419,8.41629,;517.268419,8.46636,;517.268419,8.51644,;517.268419,8.56654,;517.268419,8.61662,;517.268419,8.66672,;517.268419,8.71681,;517.268419,8.76691,;517.268419,8.817,;517.268419,8.86709,;517.268419,8.91717,;517.268419,8.96726,;517.268419,9.01738,;517.268419,9.06747,;517.268419,9.11759,;517.268419,9.16767,;517.268419,9.21777,;517.268419,9.26784,;517.268419,9.31791,;517.268419,9.36799,;517.268419,9.41807,;517.268419,9.46815,;517.268419,9.51823,;517.268419,9.56835,;517.268419,9.61842,;517.268419,9.66851,;517.268419,9.7186,;517.268419,9.7687,;517.268419,9.81879,;517.268419,9.86889,;517.268419,9.91897,;517.268419,9.96905,;
inf,0.0500671,;981.159468,0.100161,;981.159468,0.150236,;981.159468,0.200305,;953.813023,0.250409,;953.813023,0.300518,;953.813023,0.350608,;953.813023,0.400724,;953.813023,0.450803,;953.813023,0.500918,;953.813023,0.551006,;953.813023,0.601099,;953.813023,0.651227,;953.813023,0.701349,;953.813023,0.751424,;953.813023,0.801521,;953.813023,0.851613,;953.813023,0.901726,;908.303628,0.951799,;908.303628,1.00191,;908.303628,1.052,;908.303628,1.10214,;908.303628,1.15225,;895.394125,1.20232,;895.394125,1.25241,;895.394125,1.30249,;895.394125,1.35258,;895.394125,1.40271,;758.966549,1.45282,;758.966549,1.5029,;758.966549,1.55301,;758.966549,1.60308,;758.966549,1.65317,;758.966549,1.70325,;758.966549,1.75333,;758.966549,1.80342,;758.966549,1.85353,;758.966549,1.9036,;758.966549,1.95376,;758.966549,2.00384,;758.966549,2.05396,;758.966549,2.10407,;758.966549,2.15418,;758.966549,2.20427,;748.333426,2.25439,;748.333426,2.30447,;748.333426,2.35456,;748.333426,2.40466,;748.333426,2.45473,;748.333426,2.50484,;748.333426,2.55492,;741.620717,2.60501,;741.620717,2.65509,;741.620717,2.70521,;741.620717,2.75528,;741.620717,2.80539,;741.620717,2.85548,;741.620717,2.90559,;741.620717,2.95568,;741.620717,3.0058,;734.349473,3.05589,;734.349473,3.10597,;734.349473,3.15606,;734.349473,3.20613,;734.349473,3.25622,;734.349473,3.30634,;702.546869,3.35643,;702.546869,3.40655,;702.546869,3.45669,;702.546869,3.50677,;702.546869,3.55684,;702.546869,3.60693,;702.546869,3.65702,;684.599870,3.70709,;684.599870,3.75717,;684.599870,3.80725,;684.599870,3.85733,;684.599870,3.90741,;652.929320,3.95749,;619.697316,4.00757,;619.697316,4.05766,;619.697316,4.10774,;619.697316,4.15781,;619.697316,4.20788,;619.697316,4.25797,;619.236606,4.30809,;619.236606,4.35817,;619.236606,4.40825,;619.236606,4.45833,;619.236606,4.50841,;619.236606,4.55849,;619.236606,4.60858,;619.236606,4.65868,;619.236606,4.70877,;619.236606,4.75887,;619.236606,4.80899,;599.377891,4.85906,;599.377891,4.90914,;599.377891,4.95922,;599.377891,5.0093,;599.377891,5.05938,;599.377891,5.10947,;599.377891,5.15955,;587.532151,5.20963,;587.532151,5.25971,;587.532151,5.30985,;587.532151,5.35997,;587.532151,5.41008,;587.532151,5.46015,;587.532151,5.51026,;587.532151,5.56034,;587.532151,5.61042,;587.532151,5.66049,;587.532151,5.71057,;587.532151,5.76066,;576.164060,5.81076,;566.611281,5.86084,;566.611281,5.91092,;559.307197,5.96102,;559.307197,6.0111,;559.307197,6.06118,;559.307197,6.11128,;559.307197,6.16137,;559.307197,6.21145,;559.307197,6.26154,;559.307197,6.31162,;559.307197,6.36172,;553.659336,6.41181,;539.733897,6.4619,;539.733897,6.51199,;539.733897,6.56211,;523.492411,6.61218,;523.492411,6.66229,;523.492411,6.71241,;523.492411,6.76253,;523.492411,6.81265,;523.492411,6.86277,;523.492411,6.91288,;523.492411,6.963,;523.492411,7.01312,;523.492411,7.0632,;523.492411,7.11331,;523.492411,7.1634,;523.492411,7.21353,;523.492411,7.26362,;523.492411,7.31373,;523.492411,7.36383,;523.492411,7.41394,;523.492411,7.46403,;523.492411,7.51415,;523.492411,7.56426,;523.492411,7.61437,;523.492411,7.66448,;523.492411,7.71457,;523.492411,7.7647,;523.492411,7.81479,;523.492411,7.86491,;523.492411,7.91499,;523.492411,7.9651,;523.492411,8.01518,;523.492411,8.06529,;523.492411,8.11536,;523.492411,8.16544,;523.492411,8.21552,;523.492411,8.26566,;523.492411,8.31574,;523.492411,8.36582,;523.492411,8.4159,;523.492411,8.46597,;523.492411,8.51606,;523.492411,8.56615,;523.492411,8.61624,;523.492411,8.66633,;523.492411,8.71641,;523.492411,8.76654,;523.492411,8.81666,;523.492411,8.86674,;523.492411,8.91683,;523.492411,8.96695,;523.492411,9.01706,;523.492411,9.06714,;523.492411,9.11723,;523.492411,9.16732,;523.492411,9.21744,;523.492411,9.26753,;523.492411,9.31762,;523.492411,9.36776,;523.492411,9.41783,;523.492411,9.46792,;523.492411,9.51802,;523.492411,9.56809,;523.492411,9.61816,;523.492411,9.66827,;523.492411,9.71836,;523.492411,9.76848,;523.492411,9.8186,;523.492411,9.8687,;523.492411,9.91879,;523.492411,9.96889,;523.492411,10.019,;
inf,0.0500563,;881.561813,0.100134,;881.561813,0.150211,;881.561813,0.20032,;881.561813,0.250412,;880.441440,0.300502,;880.441440,0.35059,;880.441440,0.400681,;880.441440,0.450771,;880.441440,0.500851,;783.928291,0.550926,;777.772720,0.601014,;777.772720,0.651105,;777.772720,0.701199,;777.772720,0.751288,;777.772720,0.80138,;777.772720,0.851499,;777.772720,0.901612,;752.462685,0.951689,;752.462685,1.0018,;752.462685,1.05188,;742.629832,1.10201,;737.832327,1.15209,;682.803225,1.20217,;682.803225,1.25227,;682.803225,1.30235,;682.803225,1.35246,;682.803225,1.40254,;682.803225,1.45263,;682.803225,1.50269,;682.803225,1.55277,;682.803225,1.60289,;682.803225,1.65296,;682.803225,1.70305,;682.803225,1.75313,;682.803225,1.80321,;682.803225,1.8533,;682.803225,1.90338,;682.803225,1.95347,;682.803225,2.00356,;682.803225,2.05364,;682.803225,2.10372,;682.803225,2.15381,;677.675750,2.2039,;677.675750,2.25402,;677.675750,2.3041,;677.675750,2.35419,;677.675750,2.40428,;677.675750,2.45436,;677.675750,2.50446,;677.675750,2.55458,;677.675750,2.60467,;671.544874,2.65476,;671.544874,2.70485,;671.544874,2.75494,;671.544874,2.80506,;671.544874,2.85517,;671.544874,2.90528,;671.544874,2.9554,;671.544874,3.00552,;671.544874,3.05561,;671.544874,3.1057,;671.544874,3.15578,;642.097319,3.20586,;642.097319,3.25595,;587.577997,3.30607,;587.577997,3.35615,;587.577997,3.40627,;587.577997,3.45636,;587.577997,3.50648,;587.577997,3.5566,;587.577997,3.60671,;587.577997,3.65681,;587.577997,3.70692,;587.577997,3.75704,;587.577997,3.80717,;587.577997,3.85726,;573.105974,3.90738,;568.938482,3.95749,;568.938482,4.00761,;568.938482,4.05769,;568.938482,4.10777,;568.938482,4.15788,;568.938482,4.20797,;568.938482,4.25809,;568.938482,4.30817,;568.938482,4.35829,;568.938482,4.40841,;568.938482,4.45849,;568.938482,4.50858,;568.438935,4.5587,;568.438935,4.60882,;568.438935,4.65894,;568.438935,4.70903,;568.438935,4.75915,;568.438935,4.80927,;568.438935,4.85936,;568.438935,4.90948,;568.438935,4.95955,;568.438935,5.00965,;568.438935,5.05973,;568.438935,5.10984,;568.438935,5.15993,;568.438935,5.21005,;568.438935,5.26013,;568.438935,5.31025,;568.438935,5.36033,;568.438935,5.41044,;568.438935,5.46056,;568.438935,5.51068,;568.438935,5.56079,;568.438935,5.61091,;547.743585,5.661,;547.743585,5.71112,;547.743585,5.76123,;547.743585,5.81131,;547.743585,5.86143,;547.743585,5.91155,;547.743585,5.96166,;547.743585,6.01174,;547.743585,6.06186,;547.743585,6.11195,;547.743585,6.16207,;547.743585,6.21216,;547.743585,6.26225,;547.743585,6.31237,;547.743585,6.36248,;547.743585,6.41257,;547.743585,6.4627,;521.958855,6.51278,;521.958855,6.56288,;521.958855,6.61296,;521.958855,6.66305,;521.958855,6.71314,;521.958855,6.76323,;521.958855,6.81334,;521.958855,6.86341,;521.958855,6.9135,;521.958855,6.96357,;521.958855,7.01365,;521.958855,7.06374,;521.958855,7.11388,;521.958855,7.16397,;521.958855,7.21405,;521.958855,7.26414,;521.958855,7.31422,;521.958855,7.36434,;521.958855,7.41443,;521.958855,7.46451,;521.958855,7.51464,;521.958855,7.56476,;521.958855,7.61484,;521.958855,7.66496,;521.958855,7.71507,;521.958855,7.76516,;521.958855,7.81529,;521.958855,7.86538,;521.958855,7.91549,;521.958855,7.96561,;521.958855,8.01568,;521.958855,8.06576,;521.958855,8.11585,;521.958855,8.16597,;521.958855,8.21604,;521.958855,8.26616,;521.958855,8.31628,;521.958855,8.3664,;521.958855,8.41651,;521.958855,8.46663,;521.958855,8.51675,;521.958855,8.56687,;521.958855,8.61696,;521.958855,8.66706,;521.958855,8.71715,;521.958855,8.76726,;521.958855,8.81734,;521.958855,8.86745,;521.958855,8.91756,;521.958855,8.96764,;521.958855,9.01776,;521.958855,9.06784,;521.958855,9.11796,;521.958855,9.16805,;521.958855,9.21814,;521.958855,9.26824,;521.958855,9.31833,;521.958855,9.36842,;521.958855,9.41856,;521.958855,9.46865,;521.958855,9.51878,;521.958855,9.56887,;521.958855,9.61899,;521.958855,9.66911,;521.958855,9.71919,;521.958855,9.76928,;521.958855,9.8194,;521.958855,9.86948,;521.958855,9.91957,;521.958855,9.96969,;521.958855,10.0198,;521.958855,10.0698,;
inf,0.050094,;904.757417,0.100204,;904.757417,0.150252,;904.757417,0.200339,;904.757417,0.25042,;904.757417,0.300539,;828.760880,0.350632,;828.760880,0.400749,;828.760880,0.450841,;825.616687,0.500959,;825.616687,0.551052,;825.616687,0.601136,;825.616687,0.651231,;825.616687,0.701348,;825.616687,0.751433,;825.616687,0.80155,;825.616687,0.851658,;825.616687,0.901749,;825.616687,0.951861,;825.616687,1.00197,;825.616687,1.05206,;823.269232,1.10215,;823.269232,1.15228,;823.269232,1.20236,;823.269232,1.25244,;823.269232,1.30253,;823.269232,1.3526,;821.045207,1.4027,;821.045207,1.45282,;821.045207,1.50291,;821.045207,1.55298,;821.045207,1.60307,;815.945498,1.65318,;814.573984,1.70328,;814.573984,1.75336,;814.573984,1.80345,;814.573984,1.85353,;814.573984,1.90362,;814.573984,1.9538,;814.573984,2.00391,;688.089119,2.05402,;655.441099,2.10413,;655.441099,2.15425,;655.441099,2.20437,;655.441099,2.25444,;655.441099,2.30454,;655.441099,2.35466,;655.441099,2.40474,;655.441099,2.45486,;655.441099,2.50493,;655.441099,2.55504,;655.441099,2.60513,;655.441099,2.65526,;655.441099,2.70535,;655.441099,2.75544,;655.441099,2.80554,;655.441099,2.85563,;655.441099,2.90572,;655.441099,2.95581,;655.441099,3.00589,;655.441099,3.05597,;655.441099,3.10607,;655.441099,3.15619,;636.135043,3.20627,;636.135043,3.25638,;636.135043,3.30646,;636.135043,3.35657,;609.269287,3.40665,;609.269287,3.45676,;609.269287,3.50685,;609.269287,3.55694,;598.625274,3.60703,;598.625274,3.65711,;598.625274,3.70719,;598.625274,3.75728,;598.625274,3.80738,;597.743584,3.85746,;597.743584,3.90757,;597.743584,3.95765,;597.743584,4.00775,;597.743584,4.05784,;597.743584,4.10793,;597.743584,4.15805,;597.743584,4.20816,;597.743584,4.25821,;597.743584,4.30834,;577.635873,4.35842,;577.635873,4.40853,;577.635873,4.45863,;577.635873,4.50872,;572.759514,4.55882,;572.759514,4.60893,;572.759514,4.65902,;572.759514,4.70913,;572.759514,4.75925,;572.759514,4.80932,;572.759514,4.85944,;572.759514,4.90956,;572.759514,4.95967,;572.759514,5.00979,;572.759514,5.0599,;572.759514,5.10999,;572.759514,5.16011,;572.759514,5.21022,;572.759514,5.26032,;572.759514,5.31039,;572.759514,5.36048,;572.759514,5.41057,;572.759514,5.4607,;572.759514,5.51079,;572.759514,5.5609,;572.759514,5.61099,;572.759514,5.66111,;572.759514,5.71121,;572.759514,5.76133,;572.759514,5.81142,;572.759514,5.86151,;572.759514,5.91159,;572.759514,5.96171,;572.759514,6.01178,;572.759514,6.06193,;572.759514,6.11202,;546.930877,6.16216,;546.930877,6.21223,;546.930877,6.26236,;546.930877,6.31248,;546.930877,6.36261,;546.930877,6.4127,;546.930877,6.4628,;546.930877,6.51289,;546.930877,6.56298,;546.930877,6.61306,;510.476269,6.66314,;510.476269,6.71323,;510.476269,6.76332,;510.476269,6.81341,;510.476269,6.86349,;510.476269,6.91362,;510.476269,6.96371,;510.476269,7.0138,;510.476269,7.06389,;510.476269,7.11399,;510.476269,7.16408,;510.476269,7.21418,;510.476269,7.26431,;510.476269,7.31439,;510.476269,7.36451,;510.476269,7.41461,;510.476269,7.4647,;510.476269,7.51479,;510.476269,7.56491,;510.476269,7.61501,;510.476269,7.66513,;510.476269,7.7152,;510.476269,7.76532,;510.476269,7.81539,;510.476269,7.86548,;510.476269,7.91558,;510.476269,7.9657,;510.476269,8.01581,;510.476269,8.06589,;510.476269,8.11599,;510.476269,8.16609,;510.476269,8.21621,;510.476269,8.26629,;510.476269,8.31642,;510.476269,8.3665,;510.476269,8.41658,;510.476269,8.46667,;510.476269,8.51679,;510.476269,8.56693,;510.476269,8.61705,;510.476269,8.66717,;510.476269,8.71729,;510.476269,8.76739,;510.476269,8.8175,;499.128388,8.86759,;499.128388,8.91771,;499.128388,8.96779,;499.128388,9.01788,;499.128388,9.06797,;499.128388,9.11806,;499.128388,9.16815,;499.128388,9.21827,;499.128388,9.26837,;499.128388,9.31845,;499.128388,9.36855,;499.128388,9.41864,;499.128388,9.46873,;499.128388,9.51882,;499.128388,9.5689,;499.128388,9.619,;499.128388,9.66908,;499.128388,9.71918,;499.128388,9.76926,;499.128388,9.81934,;499.128388,9.8694,;499.128388,9.91949,;499.128388,9.96957,;499.128388,10.0197,;499.128388,10.0698,;
inf,0.0500908,;906.939705,0.100163,;840.715747,0.150274,;840.715747,0.200363,;840.715747,0.250451,;804.353943,0.300542,;781.100962,0.350629,;781.100962,0.400705,;781.100962,0.450812,;781.100962,0.500894,;781.100962,0.551009,;781.100962,0.601101,;781.100962,0.651176,;781.100962,0.701263,;781.100962,0.751359,;781.100962,0.801434,;781.100962,0.851529,;781.100962,0.901613,;781.100962,0.951693,;740.593301,1.00178,;740.593301,1.05185,;740.593301,1.10194,;740.593301,1.15203,;740.593301,1.2021,;740.593301,1.25218,;740.593301,1.30225,;740.593301,1.35234,;727.016947,1.40246,;727.016947,1.45255,;727.016947,1.50266,;727.016947,1.55274,;727.016947,1.60282,;727.016947,1.6529,;727.016947,1.70298,;727.016947,1.75306,;709.822799,1.80314,;709.822799,1.85323,;687.966921,1.90331,;687.966921,1.95339,;685.302197,2.0035,;685.302197,2.05361,;685.302197,2.10373,;656.586015,2.15384,;656.586015,2.20391,;656.586015,2.25402,;656.586015,2.30411,;656.586015,2.35422,;656.586015,2.40431,;656.586015,2.45443,;656.586015,2.50454,;656.586015,2.55466,;656.586015,2.60476,;656.586015,2.65484,;618.501504,2.70491,;618.501504,2.75499,;618.501504,2.80508,;618.501504,2.85516,;618.501504,2.90526,;618.501504,2.95538,;618.501504,3.00549,;618.501504,3.05561,;618.501504,3.10569,;618.501504,3.15575,;618.501504,3.20584,;618.501504,3.25592,;618.501504,3.30599,;618.501504,3.35607,;591.819479,3.4062,;589.531104,3.45628,;589.531104,3.50639,;589.531104,3.55648,;589.531104,3.6066,;589.531104,3.65671,;589.531104,3.70682,;589.531104,3.75693,;568.372322,3.80705,;568.372322,3.85713,;568.372322,3.90722,;559.617234,3.95734,;559.617234,4.00745,;559.617234,4.05754,;559.617234,4.10765,;559.617234,4.15776,;559.617234,4.20784,;559.617234,4.25795,;559.617234,4.30802,;559.617234,4.3581,;559.617234,4.40819,;559.617234,4.45831,;559.617234,4.5084,;559.617234,4.55852,;559.617234,4.60861,;559.617234,4.65872,;559.617234,4.7088,;559.617234,4.75889,;559.617234,4.809,;559.617234,4.85912,;559.617234,4.9092,;559.617234,4.95935,;559.617234,5.00946,;559.617234,5.05955,;559.617234,5.10966,;559.617234,5.15979,;553.610733,5.2099,;553.610733,5.26001,;553.610733,5.31012,;553.610733,5.3602,;553.610733,5.41032,;553.610733,5.46039,;553.610733,5.51055,;553.610733,5.56066,;553.610733,5.61077,;553.610733,5.66085,;553.610733,5.71096,;553.610733,5.76105,;553.610733,5.81116,;553.610733,5.86125,;553.610733,5.91134,;553.610733,5.96146,;553.610733,6.01157,;553.610733,6.06164,;553.610733,6.11176,;553.610733,6.16187,;553.610733,6.21195,;553.610733,6.26202,;551.911549,6.3121,;551.911549,6.36217,;551.911549,6.41226,;551.911549,6.46234,;551.911549,6.51245,;551.911549,6.56253,;551.911549,6.61261,;551.911549,6.6627,;551.911549,6.7128,;551.911549,6.76289,;551.911549,6.81298,;551.911549,6.8631,;551.911549,6.91317,;551.911549,6.96325,;551.911549,7.01333,;551.911549,7.0634,;551.911549,7.11349,;551.911549,7.16358,;551.911549,7.21366,;551.911549,7.26379,;551.911549,7.31391,;551.911549,7.36398,;551.911549,7.41411,;551.911549,7.46418,;551.911549,7.51426,;551.911549,7.56433,;551.911549,7.61442,;549.310416,7.66451,;549.310416,7.71463,;549.310416,7.76471,;549.310416,7.81483,;543.977864,7.86492,;543.977864,7.91504,;543.977864,7.96515,;543.977864,8.01526,;543.977864,8.06535,;543.977864,8.11547,;543.977864,8.16556,;543.977864,8.21564,;535.652647,8.26576,;535.652647,8.31583,;535.652647,8.3659,;535.652647,8.41598,;535.652647,8.4661,;535.652647,8.51619,;535.652647,8.56631,;535.652647,8.6164,;535.652647,8.66653,;516.684576,8.71662,;516.684576,8.76673,;516.684576,8.81685,;516.684576,8.86697,;516.684576,8.91706,;516.684576,8.96714,;516.684576,9.01725,;516.684576,9.06737,;516.684576,9.11748,;516.684576,9.1676,;516.684576,9.21768,;516.684576,9.26773,;516.684576,9.31785,;516.684576,9.36793,;515.658491,9.41804,;515.658491,9.46813,;515.658491,9.51825,;515.658491,9.56834,;515.658491,9.61845,;515.658491,9.66855,;515.658491,9.71867,;515.658491,9.76879,;515.658491,9.81891,;515.658491,9.86899,;515.658491,9.91909,;515.658491,9.96918,;
inf,0.0500932,;inf,0.100203,;1196.227839,0.150272,;1196.227839,0.200354,;1100.796102,0.250429,;1100.796102,0.300499,;1100.796102,0.350637,;1100.796102,0.400706,;1100.796102,0.450781,;1073.815034,0.500867,;1073.815034,0.55099,;1073.815034,0.601071,;1073.815034,0.651146,;1073.815034,0.70123,;1010.759995,0.751334,;1010.759995,0.801451,;1010.759995,0.851532,;1010.759995,0.90161,;1010.759995,0.95168,;1010.759995,1.00176,;1010.759995,1.05185,;1010.759995,1.10197,;1010.759995,1.15208,;1010.759995,1.20219,;1010.759995,1.2523,;1010.759995,1.30242,;949.452141,1.35249,;949.452141,1.4026,;949.452141,1.45267,;949.452141,1.50279,;949.452141,1.55288,;949.452141,1.60299,;949.452141,1.65308,;949.452141,1.70319,;949.452141,1.75328,;949.452141,1.80339,;949.452141,1.85348,;949.452141,1.90357,;728.630958,1.95365,;728.630958,2.00378,;727.592259,2.05389,;727.592259,2.10396,;727.592259,2.15407,;727.592259,2.20417,;727.592259,2.25429,;693.850069,2.30439,;693.850069,2.3545,;693.850069,2.40457,;679.818399,2.45466,;679.818399,2.50476,;679.818399,2.55486,;679.818399,2.60495,;679.818399,2.65507,;679.818399,2.70519,;679.818399,2.7553,;679.818399,2.80542,;679.818399,2.85553,;679.818399,2.90562,;679.818399,2.95573,;679.818399,3.00584,;679.818399,3.05592,;679.818399,3.10603,;679.818399,3.15611,;679.818399,3.20618,;629.311961,3.2563,;629.311961,3.30641,;629.311961,3.35648,;618.488256,3.40657,;618.488256,3.45665,;618.488256,3.50675,;618.488256,3.55683,;618.488256,3.60691,;618.488256,3.657,;618.488256,3.70711,;618.488256,3.75722,;618.488256,3.80734,;618.488256,3.85745,;618.488256,3.90755,;583.386635,3.95766,;583.386635,4.00774,;583.386635,4.05782,;583.386635,4.10793,;583.386635,4.15808,;583.386635,4.2082,;583.386635,4.25828,;583.386635,4.30836,;583.386635,4.35843,;583.386635,4.40848,;583.386635,4.45857,;583.386635,4.50865,;583.386635,4.55877,;583.386635,4.60884,;583.386635,4.65893,;583.386635,4.70902,;583.386635,4.75911,;583.386635,4.8092,;583.386635,4.85932,;583.386635,4.9094,;583.386635,4.95949,;583.386635,5.00957,;556.515689,5.05965,;556.515689,5.10973,;556.515689,5.15981,;556.515689,5.2099,;556.515689,5.26001,;556.515689,5.31009,;556.515689,5.36018,;556.515689,5.41025,;556.515689,5.46035,;556.515689,5.51046,;556.515689,5.56053,;556.515689,5.6106,;556.515689,5.66072,;556.515689,5.7108,;556.515689,5.76093,;556.515689,5.81104,;556.515689,5.86113,;556.515689,5.91122,;556.515689,5.96133,;556.515689,6.01141,;556.515689,6.06149,;556.515689,6.11158,;556.515689,6.16167,;556.515689,6.21179,;555.219737,6.2619,;555.219737,6.31202,;555.219737,6.36211,;555.219737,6.41219,;555.219737,6.46231,;555.219737,6.5124,;555.219737,6.56249,;555.219737,6.61257,;555.219737,6.66269,;555.219737,6.71277,;555.219737,6.76286,;555.219737,6.81298,;555.219737,6.86307,;555.219737,6.91315,;555.219737,6.96324,;555.219737,7.01332,;555.219737,7.06341,;535.462970,7.1135,;535.462970,7.16358,;535.462970,7.21365,;535.462970,7.26373,;535.462970,7.31381,;535.462970,7.3639,;535.462970,7.41399,;535.462970,7.46408,;535.462970,7.51417,;535.462970,7.56429,;530.973253,7.6144,;530.973253,7.66447,;530.973253,7.71459,;530.973253,7.76466,;530.973253,7.81477,;530.973253,7.86485,;530.973253,7.91499,;530.973253,7.96508,;530.973253,8.01518,;530.973253,8.06528,;530.973253,8.11536,;530.973253,8.16547,;529.074808,8.21559,;529.074808,8.26568,;529.074808,8.3158,;529.074808,8.36592,;529.074808,8.41603,;529.074808,8.46614,;529.074808,8.51625,;529.074808,8.56633,;529.074808,8.61646,;529.074808,8.66658,;529.074808,8.71666,;529.074808,8.76679,;529.074808,8.81688,;529.074808,8.86697,;529.074808,8.91706,;529.074808,8.96716,;529.074808,9.01728,;529.074808,9.06739,;529.074808,9.11751,;529.074808,9.16762,;529.074808,9.2177,;529.074808,9.26782,;529.074808,9.31796,;529.074808,9.36807,;529.074808,9.41816,;529.074808,9.46826,;529.074808,9.51838,;529.074808,9.56848,;529.074808,9.61856,;529.074808,9.66868,;529.074808,9.71879,;529.074808,9.76892,;529.074808,9.81904,;529.074808,9.86916,;529.074808,9.91927,;529.074808,9.96939,;529.074808,10.0195,;529.074808,10.0696,;
inf,0.0500772,;915.786137,0.100195,;874.857392,0.150279,;872.711133,0.200397,;872.711133,0.250471,;872.711133,0.300578,;872.711133,0.350668,;872.711133,0.400785,;872.711133,0.450901,;872.711133,0.501025,;756.500898,0.551113,;756.500898,0.601223,;756.500898,0.651337,;756.500898,0.701425,;756.500898,0.751519,;740.827552,0.801644,;740.827552,0.85174,;740.827552,0.901819,;740.827552,0.951945,;721.929163,1.00206,;721.929163,1.05215,;721.929163,1.10228,;715.547103,1.1524,;715.547103,1.20251,;715.547103,1.25259,;704.546523,1.30268,;704.546523,1.35279,;704.546523,1.40288,;704.546523,1.453,;704.546523,1.50309,;704.546523,1.55319,;704.546523,1.60329,;704.546523,1.65337,;704.546523,1.70347,;704.546523,1.75356,;704.546523,1.80366,;704.546523,1.85374,;704.546523,1.90384,;704.546523,1.95395,;704.546523,2.00405,;704.546523,2.05414,;704.546523,2.10425,;704.546523,2.15435,;704.546523,2.20445,;598.589477,2.25455,;598.589477,2.30466,;598.589477,2.35476,;598.589477,2.40488,;598.589477,2.45497,;598.589477,2.50506,;598.589477,2.55519,;598.589477,2.60529,;598.589477,2.65545,;598.589477,2.70558,;598.589477,2.75569,;598.589477,2.80577,;598.589477,2.85586,;598.589477,2.90595,;596.620751,2.95604,;596.620751,3.00612,;596.620751,3.0562,;596.620751,3.10628,;596.620751,3.15635,;596.620751,3.20643,;596.620751,3.25651,;596.620751,3.30662,;596.620751,3.35673,;596.620751,3.40685,;596.620751,3.45697,;596.620751,3.50713,;596.620751,3.55721,;596.620751,3.60728,;596.620751,3.65737,;596.620751,3.70749,;596.620751,3.75758,;596.620751,3.8077,;596.620751,3.85778,;596.620751,3.90786,;596.620751,3.95794,;596.620751,4.00802,;596.620751,4.0581,;596.620751,4.10818,;596.620751,4.15825,;596.620751,4.20833,;592.350163,4.25841,;592.350163,4.30851,;592.350163,4.3586,;592.350163,4.40871,;592.350163,4.45883,;592.350163,4.50892,;592.350163,4.55907,;592.350163,4.60917,;561.266224,4.65925,;561.266224,4.70933,;561.266224,4.75944,;561.266224,4.80954,;561.266224,4.85967,;561.266224,4.90975,;561.266224,4.95989,;551.919558,5.00999,;551.919558,5.06008,;551.919558,5.11018,;551.919558,5.16031,;551.919558,5.2104,;551.919558,5.26052,;551.919558,5.31061,;551.919558,5.36074,;551.919558,5.41085,;551.919558,5.46095,;551.919558,5.51106,;551.919558,5.56118,;551.919558,5.61129,;551.919558,5.66141,;551.919558,5.71153,;551.919558,5.76162,;551.919558,5.81174,;538.918648,5.86182,;538.918648,5.91194,;538.918648,5.96203,;538.918648,6.01216,;538.918648,6.06225,;538.918648,6.11237,;538.918648,6.16249,;538.918648,6.21261,;538.918648,6.2627,;538.918648,6.31283,;538.918648,6.36292,;538.918648,6.41304,;538.918648,6.46318,;538.918648,6.5133,;538.918648,6.5634,;538.918648,6.61352,;538.918648,6.66364,;538.918648,6.71372,;538.918648,6.76381,;538.918648,6.81391,;538.918648,6.86399,;538.918648,6.91407,;538.918648,6.96417,;538.918648,7.01426,;538.918648,7.06434,;535.362041,7.11443,;535.362041,7.16451,;535.362041,7.2146,;535.362041,7.26469,;535.362041,7.31481,;535.362041,7.36493,;504.726038,7.41505,;504.726038,7.46517,;504.726038,7.51529,;504.726038,7.56541,;504.726038,7.61549,;504.726038,7.66556,;504.726038,7.71567,;504.726038,7.76575,;504.726038,7.81587,;504.726038,7.86596,;504.726038,7.91605,;504.726038,7.96615,;504.726038,8.01624,;504.726038,8.06638,;504.726038,8.11646,;504.726038,8.16656,;504.726038,8.21665,;504.726038,8.26675,;504.726038,8.31688,;504.726038,8.36702,;504.726038,8.41714,;504.726038,8.46726,;504.726038,8.51738,;504.726038,8.56746,;504.726038,8.61759,;504.726038,8.66772,;504.726038,8.7178,;504.726038,8.76791,;504.726038,8.81801,;504.726038,8.86813,;504.726038,8.91823,;504.726038,8.96834,;504.726038,9.01846,;504.726038,9.06858,;504.726038,9.11871,;504.726038,9.16882,;504.726038,9.21894,;504.726038,9.26906,;504.726038,9.31919,;504.726038,9.36931,;504.726038,9.41943,;504.726038,9.46954,;504.726038,9.51966,;504.726038,9.56974,;504.726038,9.61987,;504.726038,9.66996,;504.726038,9.72009,;504.726038,9.77018,;504.726038,9.8203,;504.726038,9.87038,;504.726038,9.9205,;504.726038,9.97062,;504.726038,10.0207,;
inf,0.050058,;943.148799,0.100172,;943.148799,0.150244,;943.148799,0.20035,;943.148799,0.250422,;943.148799,0.300494,;897.103787,0.350566,;897.103787,0.40065,;897.103787,0.450727,;873.864898,0.500801,;873.864898,0.550913,;873.864898,0.600998,;873.864898,0.65109,;873.864898,0.701169,;820.910957,0.751254,;815.697620,0.801349,;815.697620,0.851485,;796.320976,0.901609,;796.320976,0.951702,;796.320976,1.00179,;796.320976,1.05188,;796.320976,1.10197,;796.320976,1.15205,;796.320976,1.20214,;796.320976,1.25223,;796.320976,1.30231,;796.320976,1.35242,;796.320976,1.40251,;796.320976,1.45262,;796.320976,1.50272,;796.320976,1.55282,;796.320976,1.60291,;796.320976,1.653,;796.320976,1.70311,;796.320976,1.75323,;796.320976,1.80335,;796.320976,1.85347,;796.320976,1.90358,;796.320976,1.95367,;786.870531,2.00379,;778.401352,2.05386,;778.401352,2.10397,;778.401352,2.15406,;778.401352,2.20418,;778.401352,2.25427,;681.639224,2.30439,;681.639224,2.3545,;681.639224,2.40458,;681.639224,2.45466,;681.639224,2.50475,;681.639224,2.55484,;681.639224,2.60496,;681.639224,2.65508,;681.639224,2.7052,;669.123919,2.75528,;669.123919,2.80539,;669.123919,2.85552,;669.123919,2.90563,;669.123919,2.95574,;669.123919,3.00582,;659.593192,3.05594,;659.593192,3.10603,;659.593192,3.15615,;659.593192,3.20625,;659.593192,3.25636,;659.593192,3.30645,;659.593192,3.35657,;659.593192,3.40668,;659.593192,3.45677,;659.593192,3.50685,;659.593192,3.55696,;659.593192,3.60708,;598.767281,3.65715,;595.767173,3.70727,;595.767173,3.75738,;595.767173,3.80745,;595.767173,3.85754,;595.767173,3.90763,;595.767173,3.95772,;595.767173,4.00784,;595.767173,4.05796,;595.767173,4.10807,;595.767173,4.15819,;595.767173,4.20831,;595.767173,4.25839,;595.767173,4.3085,;595.767173,4.35859,;595.767173,4.40868,;595.767173,4.45877,;595.767173,4.50886,;595.767173,4.55895,;595.767173,4.60908,;595.767173,4.6592,;595.767173,4.70932,;595.767173,4.75944,;595.767173,4.80955,;595.767173,4.85964,;595.767173,4.90977,;595.767173,4.95991,;595.767173,5.01003,;595.767173,5.06011,;595.767173,5.11021,;595.767173,5.16028,;595.767173,5.21038,;595.767173,5.26047,;595.767173,5.31056,;595.767173,5.36065,;595.767173,5.41077,;595.767173,5.46086,;595.767173,5.51098,;595.767173,5.56108,;595.767173,5.61117,;595.767173,5.66126,;595.767173,5.71142,;575.832012,5.76152,;575.832012,5.81163,;575.832012,5.86171,;575.832012,5.91179,;575.832012,5.96187,;575.832012,6.012,;575.832012,6.0621,;575.832012,6.11222,;575.832012,6.16231,;568.898262,6.21243,;568.898262,6.26254,;568.898262,6.31266,;568.898262,6.36277,;568.898262,6.41289,;526.666899,6.46298,;526.666899,6.5131,;526.666899,6.56319,;526.666899,6.61332,;526.666899,6.66341,;526.666899,6.71354,;526.666899,6.76366,;526.666899,6.81374,;526.666899,6.86386,;526.666899,6.91396,;526.666899,6.96407,;526.666899,7.01417,;526.666899,7.06425,;526.666899,7.11435,;526.666899,7.16444,;526.666899,7.21456,;526.666899,7.26468,;526.666899,7.31477,;526.666899,7.3649,;526.666899,7.41499,;526.666899,7.46511,;526.666899,7.5152,;526.666899,7.56532,;526.666899,7.61545,;526.666899,7.66557,;526.666899,7.71568,;526.666899,7.76576,;526.666899,7.81588,;526.666899,7.86596,;526.666899,7.91606,;526.666899,7.96616,;526.666899,8.01628,;526.666899,8.06638,;526.666899,8.11649,;526.666899,8.16659,;526.666899,8.21671,;526.666899,8.26682,;526.666899,8.31693,;526.666899,8.36705,;526.666899,8.41717,;526.666899,8.46729,;526.666899,8.51741,;526.666899,8.56753,;522.449129,8.61763,;522.449129,8.66772,;522.449129,8.71782,;522.449129,8.76794,;522.449129,8.81802,;522.449129,8.8681,;522.449129,8.9182,;522.449129,8.96832,;522.449129,9.0184,;522.449129,9.06849,;522.449129,9.11858,;522.449129,9.1687,;522.449129,9.2188,;522.449129,9.26889,;522.449129,9.319,;522.449129,9.36909,;522.449129,9.41921,;522.449129,9.4693,;522.449129,9.51938,;522.449129,9.56951,;522.449129,9.61961,;522.449129,9.66969,;522.449129,9.71977,;522.449129,9.76989,;522.449129,9.82001,;522.449129,9.87008,;522.449129,9.9202,;522.449129,9.97029,;522.449129,10.0204,;
inf,0.050067,;inf,0.100185,;inf,0.150264,;1043.297662,0.200355,;957.750268,0.250449,;957.750268,0.300536,;957.750268,0.350613,;957.750268,0.400701,;957.750268,0.450777,;957.750268,0.500856,;957.750268,0.550937,;957.750268,0.601014,;957.750268,0.651095,;957.750268,0.701172,;957.750268,0.751246,;957.750268,0.801323,;957.750268,0.851402,;957.750268,0.901482,;957.750268,0.951555,;948.433749,1.00163,;948.433749,1.05171,;948.433749,1.10179,;948.433749,1.15186,;948.433749,1.20194,;948.433749,1.25201,;948.433749,1.3021,;948.433749,1.35217,;948.433749,1.40225,;948.433749,1.45232,;948.433749,1.5024,;723.629705,1.55248,;723.629705,1.60255,;723.629705,1.65262,;722.125671,1.70275,;722.125671,1.75281,;722.125671,1.8029,;722.125671,1.85299,;710.075476,1.90306,;710.075476,1.95315,;710.075476,2.00327,;696.502545,2.05335,;696.502545,2.10345,;696.502545,2.15355,;696.502545,2.20362,;696.502545,2.25371,;696.502545,2.3038,;696.502545,2.35389,;696.502545,2.40399,;696.502545,2.45407,;696.502545,2.50415,;696.502545,2.55423,;696.502545,2.6043,;696.502545,2.65438,;696.502545,2.70445,;696.502545,2.7545,;696.502545,2.80458,;696.502545,2.85466,;696.502545,2.90474,;696.502545,2.95481,;696.502545,3.00489,;696.502545,3.05497,;696.502545,3.10506,;696.502545,3.15513,;696.502545,3.20522,;696.502545,3.2553,;696.502545,3.30539,;696.502545,3.35546,;696.502545,3.40555,;696.502545,3.45562,;696.502545,3.5057,;688.429650,3.55578,;688.429650,3.60586,;688.429650,3.65594,;688.429650,3.70602,;688.429650,3.7561,;688.429650,3.80618,;679.348736,3.85626,;679.348736,3.90634,;679.348736,3.95642,;679.348736,4.00651,;679.348736,4.05658,;626.458013,4.10667,;626.458013,4.15674,;626.458013,4.20682,;626.458013,4.2569,;626.458013,4.30698,;626.458013,4.35706,;626.458013,4.40714,;626.458013,4.45722,;626.458013,4.5073,;626.458013,4.55738,;626.458013,4.60746,;626.458013,4.65754,;626.458013,4.70762,;626.458013,4.75771,;626.458013,4.80779,;626.458013,4.85787,;626.458013,4.90795,;626.458013,4.95803,;626.458013,5.00811,;626.458013,5.05819,;556.841702,5.10828,;551.136456,5.15835,;551.136456,5.20843,;551.136456,5.2585,;551.136456,5.30859,;551.136456,5.35868,;551.136456,5.40878,;551.136456,5.45887,;551.136456,5.50895,;551.136456,5.55904,;551.136456,5.60913,;551.136456,5.65926,;551.136456,5.70935,;551.136456,5.75943,;551.136456,5.80953,;551.136456,5.85961,;551.136456,5.90974,;551.136456,5.95982,;551.136456,6.00991,;551.136456,6.05999,;551.136456,6.11007,;551.136456,6.16015,;532.546402,6.21023,;532.546402,6.26032,;532.546402,6.31041,;532.546402,6.36049,;532.546402,6.41058,;532.546402,6.46066,;532.546402,6.51074,;528.929564,6.56079,;528.929564,6.61087,;528.929564,6.66095,;512.671152,6.71103,;512.671152,6.76111,;512.671152,6.81119,;512.671152,6.86127,;512.671152,6.91136,;512.671152,6.96144,;512.671152,7.01152,;512.671152,7.0616,;512.671152,7.11169,;512.671152,7.16177,;512.671152,7.21185,;512.671152,7.26193,;512.671152,7.31201,;509.924225,7.36208,;509.924225,7.41217,;509.924225,7.46225,;509.924225,7.51233,;509.924225,7.56241,;509.924225,7.61249,;509.924225,7.66257,;509.924225,7.71265,;509.924225,7.76273,;509.924225,7.81281,;509.924225,7.8629,;509.924225,7.91299,;509.924225,7.96307,;509.924225,8.01315,;509.924225,8.06323,;509.924225,8.11331,;509.924225,8.16339,;509.924225,8.21347,;509.924225,8.26356,;509.924225,8.31365,;509.924225,8.36373,;509.924225,8.41382,;509.924225,8.46389,;509.924225,8.51398,;509.924225,8.56405,;509.924225,8.61414,;509.445264,8.66421,;509.445264,8.7143,;509.445264,8.76439,;504.485976,8.81446,;504.485976,8.86454,;504.485976,8.91462,;504.485976,8.9647,;504.485976,9.01479,;504.485976,9.06487,;504.485976,9.11495,;504.485976,9.16503,;504.485976,9.21515,;504.485976,9.26524,;504.485976,9.31532,;504.485976,9.36541,;504.485976,9.41553,;504.485976,9.46561,;504.485976,9.5157,;504.485976,9.56581,;504.485976,9.61589,;504.485976,9.66601,;504.485976,9.71612,;504.485976,9.76624,;504.485976,9.81635,;504.485976,9.86644,;504.485976,9.91653,;504.485976,9.96664,;504.485976,10.0167,;
inf,0.0500943,;1224.292830,0.10018,;1224.292830,0.150265,;1224.292830,0.200387,;1224.292830,0.250499,;1224.292830,0.300607,;1224.292830,0.350709,;1224.292830,0.40079,;1224.292830,0.450874,;1224.292830,0.500969,;1224.292830,0.551053,;1224.292830,0.601132,;1224.292830,0.651245,;1224.292830,0.701359,;1220.528873,0.751469,;1157.835757,0.801576,;1107.321669,0.85166,;1107.321669,0.901773,;1107.321669,0.951906,;1107.321669,1.00199,;1107.303348,1.05207,;1107.303348,1.10216,;1107.303348,1.15225,;1107.303348,1.20237,;1107.303348,1.25246,;1107.303348,1.30255,;1107.303348,1.35264,;1107.303348,1.40277,;1107.303348,1.45285,;1107.303348,1.50296,;1107.303348,1.55306,;1107.303348,1.60317,;1107.303348,1.65326,;1107.303348,1.70339,;1079.865011,1.75347,;1073.575692,1.80355,;1073.575692,1.85364,;1020.603354,1.90374,;1020.603354,1.95384,;1020.603354,2.00391,;1020.603354,2.054,;1020.603354,2.1041,;806.500323,2.15421,;771.048561,2.20432,;735.143231,2.25441,;735.143231,2.30449,;735.143231,2.3546,;735.143231,2.4047,;735.143231,2.45482,;735.143231,2.5049,;735.143231,2.55506,;735.143231,2.60514,;735.143231,2.65522,;735.143231,2.70531,;720.914437,2.75539,;720.914437,2.80548,;720.914437,2.85557,;720.914437,2.90569,;720.914437,2.95582,;720.914437,3.00593,;720.914437,3.05602,;720.914437,3.10613,;719.901799,3.15622,;719.901799,3.2063,;719.901799,3.25638,;719.901799,3.30646,;719.901799,3.35654,;719.901799,3.40662,;631.298088,3.4567,;631.298088,3.50679,;631.298088,3.55688,;631.298088,3.60696,;631.298088,3.65705,;631.298088,3.70717,;631.298088,3.75728,;631.298088,3.8074,;631.298088,3.8575,;631.298088,3.90759,;631.298088,3.95771,;631.298088,4.00785,;631.298088,4.05797,;631.298088,4.10805,;631.298088,4.15815,;631.298088,4.20826,;631.298088,4.25838,;631.298088,4.30848,;631.298088,4.3586,;631.298088,4.40873,;631.298088,4.45884,;593.567354,4.50893,;593.567354,4.55905,;593.567354,4.60913,;593.567354,4.65923,;593.567354,4.70933,;593.567354,4.75945,;593.567354,4.80954,;581.764018,4.85967,;581.764018,4.90978,;581.764018,4.95987,;581.764018,5.00996,;576.243147,5.06003,;576.243147,5.11015,;554.847017,5.16022,;554.847017,5.21032,;554.847017,5.2604,;554.847017,5.31053,;554.847017,5.36066,;554.847017,5.41078,;554.847017,5.46088,;554.847017,5.51097,;554.847017,5.56106,;554.847017,5.61117,;554.847017,5.66129,;554.847017,5.71141,;554.847017,5.7615,;554.847017,5.81159,;554.847017,5.86169,;554.847017,5.91177,;554.847017,5.96186,;554.847017,6.01194,;554.847017,6.06202,;554.847017,6.1121,;554.847017,6.16221,;554.847017,6.21229,;554.847017,6.26242,;554.847017,6.31252,;554.847017,6.3626,;554.847017,6.41268,;554.847017,6.4628,;543.648540,6.51288,;543.648540,6.56299,;543.648540,6.61309,;543.648540,6.66321,;543.648540,6.7133,;543.648540,6.76342,;543.648540,6.81353,;543.648540,6.86363,;543.648540,6.91374,;543.648540,6.96386,;543.648540,7.01395,;531.067177,7.06404,;531.067177,7.11413,;531.067177,7.16423,;531.067177,7.21436,;531.067177,7.26446,;531.067177,7.31458,;531.067177,7.36467,;531.067177,7.41479,;531.067177,7.46489,;531.067177,7.515,;531.067177,7.56512,;531.067177,7.61521,;531.067177,7.6653,;531.067177,7.71542,;531.067177,7.7655,;524.283987,7.8156,;524.283987,7.86573,;524.283987,7.91581,;524.283987,7.96594,;524.283987,8.01602,;524.283987,8.06611,;524.283987,8.1162,;524.283987,8.16633,;524.283987,8.21643,;524.283987,8.26656,;524.283987,8.31666,;524.283987,8.36678,;519.041132,8.4169,;519.041132,8.467,;519.041132,8.51709,;519.041132,8.56719,;519.041132,8.61732,;519.041132,8.66742,;519.041132,8.71753,;519.041132,8.76765,;519.041132,8.81777,;519.041132,8.86786,;519.041132,8.91799,;519.041132,8.96807,;519.041132,9.01819,;519.041132,9.06832,;519.041132,9.1184,;519.041132,9.16851,;519.041132,9.21864,;519.041132,9.26876,;519.041132,9.31884,;519.041132,9.36894,;519.041132,9.41906,;519.041132,9.46914,;519.041132,9.51926,;519.041132,9.56939,;519.041132,9.61952,;519.041132,9.66963,;519.041132,9.71974,;519.041132,9.76986,;519.041132,9.81994,;519.041132,9.87006,;519.041132,9.92018,;519.041132,9.97029,;519.041132,10.0204,;
inf,0.0500963,;inf,0.100176,;814.292782,0.150292,;814.292782,0.200409,;814.292782,0.250519,;814.292782,0.300591,;790.695972,0.350698,;790.695972,0.400807,;790.695972,0.450893,;790.695972,0.500987,;790.695972,0.551075,;764.992595,0.60119,;764.992595,0.651298,;757.342672,0.701401,;752.560412,0.751509,;752.560412,0.801582,;752.560412,0.851691,;752.560412,0.901808,;752.560412,0.951919,;752.560412,1.00203,;752.560412,1.05214,;752.560412,1.10225,;752.560412,1.15233,;725.908783,1.20245,;725.908783,1.25252,;725.908783,1.30264,;725.908783,1.35271,;725.908783,1.4028,;662.422689,1.45289,;662.422689,1.50301,;662.422689,1.5531,;662.422689,1.60323,;662.422689,1.65337,;662.422689,1.70349,;636.979343,1.75357,;636.979343,1.8037,;620.900594,1.85377,;620.900594,1.90385,;620.900594,1.95397,;620.900594,2.00408,;620.900594,2.05417,;620.900594,2.10426,;620.900594,2.15436,;620.900594,2.20444,;620.900594,2.25453,;620.900594,2.30462,;620.900594,2.3547,;620.900594,2.40479,;620.900594,2.45488,;620.900594,2.50499,;620.900594,2.55511,;620.900594,2.60524,;620.900594,2.65535,;620.900594,2.70544,;620.900594,2.75556,;620.900594,2.80565,;620.900594,2.85577,;620.900594,2.90589,;620.900594,2.95603,;620.900594,3.00614,;620.900594,3.05625,;620.900594,3.10633,;620.900594,3.15642,;620.900594,3.2065,;620.900594,3.25663,;620.900594,3.30674,;620.900594,3.35684,;620.900594,3.40696,;620.900594,3.45705,;620.900594,3.50717,;620.900594,3.55725,;620.900594,3.60737,;620.900594,3.65746,;620.900594,3.70758,;620.900594,3.75766,;620.900594,3.80778,;620.900594,3.85789,;620.900594,3.90798,;620.900594,3.95808,;620.900594,4.00821,;620.900594,4.05832,;620.900594,4.10841,;620.900594,4.15852,;620.900594,4.20862,;620.900594,4.2587,;620.900594,4.30879,;620.900594,4.35888,;620.900594,4.40898,;620.900594,4.45907,;620.900594,4.50915,;620.900594,4.55923,;620.900594,4.60935,;620.900594,4.65947,;620.900594,4.70956,;620.900594,4.75968,;620.900594,4.80978,;620.900594,4.85988,;620.900594,4.91,;609.769675,4.96008,;609.769675,5.01017,;609.769675,5.06027,;609.769675,5.1104,;609.769675,5.16049,;609.769675,5.21061,;609.769675,5.2607,;609.769675,5.31081,;609.769675,5.36091,;609.769675,5.41099,;574.882144,5.46108,;574.882144,5.51116,;574.882144,5.56126,;574.882144,5.61136,;574.882144,5.66145,;574.882144,5.71157,;574.882144,5.76167,;574.882144,5.81179,;574.882144,5.86189,;574.882144,5.91201,;574.882144,5.96211,;574.882144,6.01223,;574.882144,6.06233,;574.882144,6.11242,;563.548266,6.1625,;563.541027,6.21258,;563.541027,6.26267,;563.541027,6.31278,;563.541027,6.36288,;563.541027,6.41298,;563.541027,6.46308,;563.541027,6.51318,;563.541027,6.56328,;563.541027,6.61338,;563.541027,6.66347,;563.541027,6.71357,;535.457347,6.76367,;520.674900,6.81377,;520.674900,6.86388,;520.674900,6.91398,;520.674900,6.96407,;520.674900,7.01417,;520.674900,7.06426,;520.674900,7.11437,;520.674900,7.16445,;520.674900,7.21453,;520.674900,7.26461,;520.674900,7.3147,;520.674900,7.36475,;520.674900,7.41485,;520.674900,7.46496,;520.674900,7.51504,;520.674900,7.56513,;520.674900,7.61525,;520.674900,7.66535,;520.674900,7.71547,;520.674900,7.76559,;520.674900,7.81571,;520.674900,7.86584,;520.674900,7.91592,;520.674900,7.96604,;520.674900,8.01616,;520.674900,8.06625,;520.674900,8.11634,;520.674900,8.16642,;520.674900,8.21654,;520.674900,8.26666,;520.674900,8.31676,;520.674900,8.36689,;520.674900,8.41699,;520.674900,8.46711,;520.674900,8.51721,;520.674900,8.5673,;520.674900,8.6174,;520.674900,8.66752,;520.674900,8.71761,;520.674900,8.76771,;520.674900,8.81784,;520.674900,8.86796,;520.674900,8.91808,;513.418423,8.9682,;513.418423,9.01831,;513.418423,9.06839,;513.418423,9.11852,;513.418423,9.1686,;513.418423,9.21868,;513.418423,9.26877,;513.418423,9.31886,;513.418423,9.36895,;513.418423,9.41907,;513.418423,9.46917,;513.418423,9.5193,;513.418423,9.56938,;513.418423,9.6195,;513.418423,9.6696,;513.418423,9.71976,;513.418423,9.76988,;513.418423,9.82002,;513.418423,9.87012,;513.418423,9.92021,;513.418423,9.9703,;
inf,0.0500651,;1006.326036,0.100183,;1003.852338,0.150289,;1003.852338,0.200401,;959.706288,0.250513,;950.281612,0.300623,;950.281612,0.350694,;950.281612,0.40081,;950.281612,0.450899,;950.281612,0.501025,;950.281612,0.551102,;950.281612,0.601212,;802.303893,0.651306,;802.303893,0.701401,;771.066300,0.751472,;771.066300,0.801548,;771.066300,0.851629,;771.066300,0.901711,;771.066300,0.951801,;771.066300,1.00189,;771.066300,1.05201,;771.066300,1.10212,;771.066300,1.1522,;771.066300,1.20229,;771.066300,1.25243,;771.066300,1.30252,;771.066300,1.35263,;771.066300,1.40275,;771.066300,1.45286,;770.429369,1.50294,;770.429369,1.55302,;770.429369,1.60311,;770.429369,1.65318,;770.429369,1.70326,;765.516224,1.75338,;765.516224,1.80348,;765.516224,1.85359,;765.516224,1.90368,;765.516224,1.95376,;765.516224,2.00386,;765.516224,2.05397,;765.516224,2.10406,;765.516224,2.15417,;765.516224,2.20427,;765.516224,2.25436,;765.516224,2.30447,;765.516224,2.35458,;765.516224,2.40473,;765.516224,2.45485,;765.516224,2.50496,;765.516224,2.55502,;765.516224,2.60514,;765.516224,2.65522,;765.516224,2.70536,;765.516224,2.75545,;765.516224,2.80554,;765.516224,2.85563,;765.516224,2.9057,;739.822776,2.95579,;739.822776,3.00589,;690.653150,3.05599,;690.653150,3.1061,;690.653150,3.15621,;660.085176,3.20631,;660.085176,3.25642,;660.085176,3.30654,;660.085176,3.35665,;660.085176,3.40677,;660.085176,3.45688,;660.085176,3.507,;660.085176,3.55711,;660.085176,3.60719,;660.085176,3.65731,;660.085176,3.7074,;660.085176,3.75752,;660.085176,3.80761,;660.085176,3.85774,;624.307787,3.90784,;623.881669,3.95793,;623.881669,4.00805,;623.881669,4.05813,;623.881669,4.10821,;623.881669,4.1583,;623.881669,4.20838,;623.881669,4.25846,;612.691824,4.30854,;612.691824,4.35866,;612.691824,4.40874,;612.691824,4.45884,;612.691824,4.50895,;612.691824,4.55903,;612.691824,4.60911,;612.691824,4.65919,;612.691824,4.70928,;612.691824,4.75937,;612.691824,4.80947,;608.688791,4.85957,;587.086000,4.90965,;583.137390,4.95974,;583.137390,5.00985,;583.137390,5.05993,;583.137390,5.11003,;583.137390,5.16012,;583.137390,5.2102,;583.137390,5.26028,;583.137390,5.3104,;583.137390,5.36049,;583.137390,5.41058,;583.137390,5.4607,;583.137390,5.51079,;583.137390,5.56092,;583.137390,5.61102,;583.137390,5.6611,;583.137390,5.71118,;583.137390,5.7613,;583.137390,5.81138,;583.137390,5.86147,;583.137390,5.91156,;583.137390,5.96168,;583.137390,6.01178,;570.680598,6.06185,;570.680598,6.11197,;570.680598,6.16208,;570.680598,6.21216,;570.680598,6.26225,;570.680598,6.31239,;570.680598,6.36251,;570.680598,6.41261,;570.680598,6.46269,;570.680598,6.51279,;570.680598,6.56288,;570.680598,6.61296,;570.680598,6.66304,;570.680598,6.71312,;570.680598,6.7632,;570.680598,6.8133,;570.680598,6.86339,;570.680598,6.91349,;570.680598,6.96358,;558.526522,7.01366,;558.526522,7.06376,;543.180436,7.11384,;543.180436,7.16393,;543.180436,7.21401,;543.180436,7.26414,;543.180436,7.31426,;543.180436,7.36436,;543.180436,7.41444,;543.180436,7.46455,;543.180436,7.51463,;543.180436,7.56475,;543.180436,7.61482,;543.180436,7.66491,;543.180436,7.71497,;532.707778,7.76507,;532.707778,7.81515,;532.707778,7.86528,;532.707778,7.91536,;532.707778,7.96549,;532.707778,8.01557,;532.707778,8.06569,;532.707778,8.11577,;532.707778,8.16586,;532.707778,8.21595,;532.707778,8.26607,;532.707778,8.31615,;532.707778,8.36628,;532.707778,8.41637,;532.707778,8.4665,;532.707778,8.51658,;532.707778,8.56671,;532.707778,8.61679,;532.707778,8.66692,;532.707778,8.71701,;532.707778,8.76713,;532.707778,8.81722,;532.707778,8.86731,;532.707778,8.9174,;532.707778,8.96749,;532.707778,9.01758,;532.707778,9.06766,;532.707778,9.11776,;532.707778,9.16788,;532.707778,9.21797,;532.707778,9.2681,;532.707778,9.31819,;532.707778,9.36832,;532.707778,9.41841,;532.707778,9.46853,;532.707778,9.51862,;532.707778,9.56873,;532.707778,9.61882,;532.707778,9.66894,;532.707778,9.71902,;532.707778,9.7691,;532.707778,9.81922,;532.707778,9.86934,;532.707778,9.91943,;532.707778,9.96954,;
inf,0.0500987,;936.760628,0.100171,;834.374778,0.150283,;834.374778,0.200356,;834.374778,0.250468,;834.374778,0.300543,;834.374778,0.35066,;834.374778,0.400735,;834.374778,0.450849,;832.801310,0.500949,;832.801310,0.551066,;832.801310,0.601154,;805.836252,0.651272,;805.836252,0.701354,;805.836252,0.751471,;805.836252,0.801545,;805.836252,0.851636,;805.836252,0.901722,;805.836252,0.95184,;805.836252,1.00195,;805.836252,1.05207,;805.836252,1.10219,;793.843716,1.15227,;793.843716,1.20239,;793.843716,1.25251,;793.843716,1.30262,;793.843716,1.3527,;793.843716,1.40281,;793.843716,1.4529,;791.658877,1.50302,;791.658877,1.5531,;791.658877,1.60319,;791.658877,1.65329,;791.658877,1.70336,;791.658877,1.75345,;791.658877,1.80353,;791.658877,1.85362,;770.412779,1.90374,;770.412779,1.95385,;770.412779,2.00396,;770.412779,2.05408,;769.819113,2.1042,;769.819113,2.15428,;767.569618,2.20437,;767.569618,2.25445,;767.569618,2.30452,;767.569618,2.35459,;767.569618,2.40466,;733.177072,2.45478,;733.177072,2.50487,;733.177072,2.55499,;733.177072,2.60508,;733.177072,2.65516,;733.177072,2.70523,;733.177072,2.75531,;733.177072,2.80539,;733.177072,2.85547,;722.166477,2.90554,;722.166477,2.95563,;689.523563,3.00571,;689.523563,3.0558,;689.523563,3.10589,;689.523563,3.15596,;689.523563,3.20605,;689.523563,3.25615,;689.523563,3.30624,;689.523563,3.35633,;689.523563,3.40642,;689.523563,3.45651,;689.523563,3.50659,;689.523563,3.55666,;689.523563,3.60678,;689.523563,3.65688,;661.340747,3.707,;661.340747,3.75711,;661.340747,3.80715,;661.340747,3.85723,;661.340747,3.9073,;661.340747,3.95738,;661.340747,4.00745,;610.513472,4.05757,;610.513472,4.10768,;610.513472,4.15777,;606.493728,4.20789,;606.493728,4.258,;606.493728,4.30811,;606.493728,4.35823,;606.493728,4.40836,;606.493728,4.45843,;606.493728,4.50849,;606.493728,4.5586,;606.493728,4.60868,;606.493728,4.65876,;606.493728,4.70883,;606.493728,4.75891,;606.493728,4.80898,;606.493728,4.85906,;606.493728,4.90913,;606.493728,4.95921,;606.493728,5.00931,;606.493728,5.05939,;606.493728,5.10946,;606.493728,5.15954,;606.493728,5.20962,;586.219163,5.25969,;586.219163,5.30976,;586.219163,5.35984,;586.219163,5.40991,;586.219163,5.45999,;586.219163,5.51007,;586.219163,5.56015,;586.219163,5.61023,;586.219163,5.6603,;586.219163,5.71038,;586.219163,5.76046,;586.219163,5.81057,;586.219163,5.86065,;586.219163,5.91073,;586.219163,5.96082,;586.219163,6.01091,;586.219163,6.06099,;574.729398,6.11112,;574.729398,6.1612,;574.729398,6.21128,;574.729398,6.26136,;574.729398,6.31148,;574.729398,6.36157,;574.729398,6.41169,;574.729398,6.46178,;574.729398,6.51191,;574.729398,6.56201,;574.729398,6.61212,;574.729398,6.66221,;561.386970,6.71232,;561.386970,6.76242,;561.386970,6.81251,;561.386970,6.86261,;561.386970,6.91272,;561.386970,6.96282,;561.386970,7.01291,;561.386970,7.06301,;561.386970,7.11313,;561.386970,7.16321,;561.386970,7.2133,;561.386970,7.2634,;561.386970,7.31351,;561.386970,7.36359,;561.386970,7.4137,;561.386970,7.4638,;561.386970,7.51391,;561.386970,7.56399,;561.386970,7.6141,;547.350033,7.6642,;547.350033,7.71431,;547.350033,7.76439,;547.350033,7.81447,;547.350033,7.86454,;547.350033,7.91466,;547.350033,7.96477,;547.350033,8.01488,;547.350033,8.065,;514.914244,8.11511,;514.914244,8.1652,;514.914244,8.21532,;514.914244,8.26543,;514.914244,8.31554,;514.914244,8.36566,;514.914244,8.41577,;514.914244,8.46588,;514.914244,8.51598,;514.914244,8.56609,;514.914244,8.6162,;514.914244,8.66632,;514.914244,8.71643,;504.432966,8.76652,;504.432966,8.8166,;504.432966,8.86671,;504.432966,8.91682,;504.432966,8.96692,;504.432966,9.017,;504.432966,9.06712,;504.432966,9.1172,;504.432966,9.16727,;504.432966,9.21735,;504.432966,9.26743,;504.432966,9.31751,;504.432966,9.36762,;504.432966,9.41773,;504.432966,9.46785,;504.432966,9.51797,;504.432966,9.56803,;504.432966,9.61811,;504.432966,9.66819,;497.876120,9.71827,;497.876120,9.76835,;497.876120,9.81842,;497.876120,9.86849,;497.876120,9.91857,;497.876120,9.96865,;497.876120,10.0187,;
inf,0.0500261,;1024.124790,0.10014,;975.004222,0.15021,;975.004222,0.200323,;975.004222,0.250419,;975.004222,0.300533,;975.004222,0.35063,;975.004222,0.400761,;975.004222,0.450798,;975.004222,0.500913,;975.004222,0.551029,;927.939114,0.601117,;927.939114,0.651231,;927.939114,0.701342,;927.939114,0.751456,;927.939114,0.801571,;927.939114,0.851681,;927.939114,0.901774,;864.180410,0.951891,;864.180410,1.00202,;864.180410,1.05214,;819.068620,1.10222,;819.068620,1.15233,;819.068620,1.20242,;819.068620,1.25251,;819.068620,1.3026,;819.068620,1.35271,;819.068620,1.40283,;819.068620,1.45294,;796.338892,1.50305,;796.338892,1.55316,;796.338892,1.60324,;747.680240,1.65335,;747.680240,1.70344,;747.680240,1.75356,;729.913238,1.80368,;729.913238,1.85378,;729.913238,1.90385,;729.913238,1.95399,;729.913238,2.00408,;729.913238,2.0542,;729.913238,2.10429,;729.913238,2.15441,;605.012193,2.20453,;605.012193,2.25461,;605.012193,2.30473,;605.012193,2.35482,;605.012193,2.40494,;605.012193,2.45503,;605.012193,2.50512,;605.012193,2.55521,;605.012193,2.60532,;605.012193,2.65544,;605.012193,2.70557,;605.012193,2.75569,;605.012193,2.8058,;595.517706,2.85589,;595.517706,2.90597,;567.284988,2.9561,;567.284988,3.00617,;567.284988,3.05625,;567.284988,3.10633,;559.970391,3.15642,;559.970391,3.2065,;559.970391,3.25662,;547.819047,3.30671,;547.819047,3.35679,;547.819047,3.40686,;542.540760,3.45694,;542.540760,3.50703,;542.540760,3.55713,;542.540760,3.60722,;542.540760,3.65732,;537.299036,3.70743,;537.299036,3.75751,;537.299036,3.8076,;537.299036,3.85774,;537.299036,3.90783,;537.299036,3.95793,;537.299036,4.00803,;537.299036,4.05811,;537.299036,4.10823,;537.299036,4.15835,;537.299036,4.20847,;537.299036,4.25857,;537.299036,4.30868,;537.299036,4.35878,;537.299036,4.40889,;537.299036,4.45898,;537.299036,4.5091,;537.299036,4.55922,;537.299036,4.60934,;537.299036,4.65946,;537.299036,4.70958,;537.299036,4.7597,;537.299036,4.80982,;537.299036,4.85993,;537.299036,4.91003,;537.299036,4.96016,;537.299036,5.01024,;537.299036,5.06036,;537.299036,5.11045,;537.299036,5.16054,;537.299036,5.21064,;537.299036,5.26073,;537.299036,5.31082,;537.299036,5.3609,;537.299036,5.41101,;537.299036,5.46113,;537.299036,5.51121,;526.802938,5.56136,;526.802938,5.61147,;526.802938,5.66156,;526.802938,5.71164,;526.802938,5.76176,;523.225404,5.81185,;523.225404,5.86198,;523.225404,5.91207,;523.225404,5.96215,;523.225404,6.01224,;523.225404,6.06233,;523.225404,6.11242,;523.225404,6.16254,;523.225404,6.21263,;523.225404,6.26273,;523.225404,6.31286,;523.225404,6.36298,;523.225404,6.41309,;523.225404,6.46319,;523.225404,6.51328,;523.225404,6.5634,;523.225404,6.61351,;523.225404,6.66363,;523.225404,6.71375,;523.225404,6.76386,;523.225404,6.81398,;523.225404,6.8641,;522.351672,6.91418,;522.351672,6.96429,;519.369567,7.01439,;519.369567,7.06448,;519.369567,7.11459,;519.369567,7.16471,;519.369567,7.2148,;519.369567,7.26492,;519.369567,7.31502,;519.369567,7.3651,;519.369567,7.4152,;519.369567,7.46529,;508.098216,7.51537,;508.098216,7.56548,;508.098216,7.61557,;508.098216,7.6657,;508.098216,7.71582,;508.098216,7.76594,;508.098216,7.81603,;508.098216,7.86616,;508.098216,7.91628,;508.098216,7.96637,;508.098216,8.0165,;508.098216,8.06659,;508.098216,8.11669,;508.098216,8.16679,;508.098216,8.21692,;508.098216,8.267,;503.697357,8.31711,;503.697357,8.36723,;503.697357,8.41735,;503.697357,8.46748,;503.697357,8.5176,;503.697357,8.56769,;499.042446,8.61781,;499.042446,8.66793,;499.042446,8.71802,;499.042446,8.7681,;499.042446,8.81823,;499.042446,8.86835,;499.042446,8.91845,;499.042446,8.96857,;499.042446,9.01867,;499.042446,9.06876,;499.042446,9.11888,;499.042446,9.16899,;499.042446,9.21908,;499.042446,9.2692,;499.042446,9.31928,;499.042446,9.36936,;499.042446,9.41944,;499.042446,9.46955,;499.042446,9.5197,;499.042446,9.56982,;499.042446,9.61992,;499.042446,9.67,;493.090428,9.72011,;493.090428,9.77023,;493.090428,9.82035,;493.090428,9.87044,;493.090428,9.92056,;493.090428,9.97065,;493.090428,10.0208,;
inf,0.0500919,;inf,0.100201,;1158.832537,0.150309,;1047.454815,0.200418,;1047.454815,0.250543,;1047.454815,0.300656,;984.009033,0.350771,;984.009033,0.40089,;984.009033,0.451006,;984.009033,0.501099,;984.009033,0.551219,;960.346461,0.601331,;960.346461,0.651442,;955.267011,0.701553,;955.267011,0.751662,;955.267011,0.801773,;950.210846,0.851886,;910.184201,0.901997,;910.184201,0.952107,;910.184201,1.00227,;910.184201,1.05238,;910.184201,1.10251,;910.184201,1.15262,;856.585221,1.20274,;856.585221,1.25281,;856.585221,1.30289,;856.585221,1.35308,;856.585221,1.40319,;856.585221,1.45331,;853.714320,1.5034,;853.714320,1.55352,;853.714320,1.6036,;853.714320,1.65372,;853.714320,1.70384,;852.373606,1.75397,;852.373606,1.80405,;852.373606,1.85413,;749.601584,1.90421,;749.601584,1.95432,;749.601584,2.00441,;749.601584,2.05449,;749.601584,2.10457,;749.601584,2.15467,;749.601584,2.20479,;749.601584,2.25487,;749.601584,2.30495,;749.601584,2.35503,;747.223418,2.40512,;747.223418,2.4552,;747.223418,2.50532,;747.223418,2.55543,;727.515393,2.60555,;727.515393,2.65564,;702.128500,2.70575,;702.128500,2.75584,;702.128500,2.80596,;600.754163,2.85606,;600.754163,2.90618,;600.754163,2.95629,;600.754163,3.0064,;600.754163,3.05648,;600.754163,3.1066,;600.754163,3.15671,;600.754163,3.20681,;600.754163,3.25689,;569.484479,3.30698,;569.484479,3.35708,;569.484479,3.40717,;569.484479,3.45727,;569.484479,3.50732,;569.484479,3.5574,;569.484479,3.60749,;569.484479,3.65762,;569.484479,3.70771,;569.484479,3.75784,;569.484479,3.80792,;569.484479,3.85805,;569.484479,3.90816,;569.484479,3.95829,;569.484479,4.00837,;569.484479,4.05849,;569.484479,4.1086,;569.484479,4.15872,;569.484479,4.20884,;569.484479,4.25896,;569.484479,4.30904,;569.484479,4.35913,;569.484479,4.40922,;569.484479,4.45933,;569.484479,4.50941,;569.484479,4.55954,;569.484479,4.60962,;569.484479,4.65972,;569.484479,4.70985,;554.819599,4.75998,;554.819599,4.8101,;530.832577,4.86022,;530.832577,4.91034,;530.832577,4.96043,;530.832577,5.01054,;530.832577,5.06066,;530.832577,5.11076,;530.832577,5.16087,;530.832577,5.21095,;530.832577,5.26108,;530.832577,5.31118,;530.832577,5.36131,;530.832577,5.41139,;530.832577,5.4615,;530.832577,5.51159,;530.832577,5.56168,;530.832577,5.61181,;530.832577,5.66189,;530.832577,5.71198,;530.832577,5.76208,;530.832577,5.81216,;530.832577,5.86228,;530.832577,5.91237,;530.832577,5.96249,;530.832577,6.0126,;530.832577,6.0627,;530.832577,6.11281,;530.832577,6.1629,;530.832577,6.21303,;517.789887,6.26312,;517.789887,6.31322,;517.789887,6.3633,;517.789887,6.41338,;517.789887,6.46352,;517.789887,6.51361,;517.789887,6.56373,;517.789887,6.61382,;517.789887,6.6639,;517.789887,6.71403,;517.789887,6.76411,;517.789887,6.8142,;517.789887,6.86428,;517.789887,6.91437,;517.789887,6.96445,;517.789887,7.01453,;517.789887,7.06462,;517.789887,7.1147,;517.789887,7.16479,;517.789887,7.21487,;517.789887,7.26498,;517.789887,7.31507,;517.789887,7.36518,;517.789887,7.41531,;517.789887,7.46543,;517.789887,7.51552,;517.789887,7.56564,;517.789887,7.61573,;517.789887,7.66586,;517.789887,7.71598,;517.789887,7.7661,;517.789887,7.81623,;517.789887,7.86633,;517.789887,7.91645,;517.789887,7.96656,;517.789887,8.01669,;517.789887,8.06682,;517.789887,8.11695,;517.789887,8.16706,;517.789887,8.21716,;517.789887,8.26725,;517.086544,8.31737,;517.086544,8.36746,;517.086544,8.41759,;517.086544,8.46768,;517.086544,8.51777,;517.086544,8.56786,;517.086544,8.61798,;517.086544,8.66809,;517.086544,8.71822,;517.086544,8.76833,;517.086544,8.81845,;517.086544,8.86855,;517.086544,8.91864,;517.086544,8.96876,;517.086544,9.01885,;517.086544,9.06898,;517.086544,9.11906,;517.086544,9.16919,;517.086544,9.21927,;517.086544,9.26939,;517.086544,9.31949,;517.086544,9.36957,;517.086544,9.41965,;517.086544,9.46974,;517.086544,9.51982,;517.086544,9.56991,;517.086544,9.61999,;517.086544,9.67011,;517.086544,9.7202,;517.086544,9.77029,;517.086544,9.82038,;517.086544,9.87048,;517.086544,9.92057,;517.086544,9.97069,;517.086544,10.0208,;
inf,0.050096,;inf,0.100202,;inf,0.150308,;1055.202786,0.200415,;1040.254888,0.250528,;1040.254888,0.300601,;1040.254888,0.350712,;1040.254888,0.400826,;1040.254888,0.450939,;1040.254888,0.501028,;1040.254888,0.551125,;1040.254888,0.601209,;1040.254888,0.651322,;996.694127,0.701394,;996.694127,0.751479,;996.694127,0.801602,;996.694127,0.851732,;857.010091,0.901849,;857.010091,0.951956,;857.010091,1.00208,;857.010091,1.05219,;857.010091,1.10228,;857.010091,1.1524,;857.010091,1.20252,;857.010091,1.25259,;857.010091,1.30272,;857.010091,1.35284,;846.800642,1.40293,;837.120200,1.45302,;837.120200,1.50311,;804.149586,1.55319,;804.149586,1.6033,;804.149586,1.65338,;804.149586,1.70346,;804.149586,1.75355,;804.149586,1.80368,;804.149586,1.8538,;804.149586,1.90388,;804.149586,1.95401,;804.149586,2.00413,;800.122354,2.05422,;800.122354,2.10433,;800.122354,2.15442,;800.122354,2.20451,;800.122354,2.2546,;800.122354,2.30468,;800.122354,2.35473,;800.122354,2.40481,;800.122354,2.45489,;800.122354,2.50498,;800.122354,2.55508,;800.122354,2.60517,;800.122354,2.6553,;769.383436,2.70539,;769.383436,2.75547,;769.383436,2.80559,;769.383436,2.8557,;769.383436,2.90578,;766.378168,2.95586,;766.378168,3.00595,;766.378168,3.05604,;766.378168,3.10613,;751.159627,3.15622,;751.159627,3.20631,;751.159627,3.25639,;751.159627,3.30652,;712.628573,3.3566,;712.628573,3.40671,;712.628573,3.45682,;712.628573,3.5069,;712.628573,3.557,;712.628573,3.60712,;712.628573,3.6572,;712.628573,3.70731,;712.628573,3.7574,;712.628573,3.80752,;712.628573,3.85764,;712.628573,3.90774,;712.628573,3.95782,;712.628573,4.0079,;712.628573,4.05802,;712.628573,4.10814,;712.628573,4.15827,;601.707935,4.20838,;601.707935,4.25851,;601.707935,4.30858,;600.345832,4.35869,;600.345832,4.40878,;600.345832,4.45889,;600.345832,4.50901,;591.112211,4.5591,;591.112211,4.6092,;591.112211,4.65937,;591.112211,4.70948,;591.112211,4.75959,;591.112211,4.80972,;591.112211,4.85984,;591.112211,4.90997,;591.112211,4.96008,;591.112211,5.01019,;591.112211,5.06028,;591.112211,5.11037,;591.112211,5.16049,;585.379227,5.21061,;585.379227,5.2607,;585.379227,5.31078,;585.379227,5.36087,;585.379227,5.41099,;585.379227,5.46108,;575.126560,5.5112,;575.126560,5.56129,;575.126560,5.6114,;575.126560,5.66153,;575.126560,5.71166,;575.126560,5.76179,;575.126560,5.81191,;575.126560,5.86203,;575.126560,5.91215,;575.126560,5.96226,;575.126560,6.01234,;575.126560,6.06241,;575.126560,6.11255,;575.126560,6.16264,;575.126560,6.21273,;575.126560,6.26286,;575.126560,6.31297,;575.126560,6.36309,;575.126560,6.41321,;575.126560,6.46332,;575.126560,6.51344,;575.126560,6.56355,;573.665677,6.61365,;573.665677,6.66376,;573.665677,6.71388,;573.665677,6.76401,;573.665677,6.81408,;573.665677,6.86421,;573.665677,6.91433,;573.665677,6.96445,;573.665677,7.01457,;573.665677,7.06465,;573.665677,7.11474,;573.665677,7.16483,;559.107685,7.21495,;559.107685,7.26507,;559.107685,7.31517,;559.107685,7.3653,;559.107685,7.41542,;559.107685,7.46554,;559.107685,7.51566,;559.107685,7.56578,;550.898992,7.61586,;550.898992,7.66603,;550.898992,7.71614,;550.898992,7.76626,;538.017151,7.81637,;538.017151,7.86646,;538.017151,7.91655,;538.017151,7.96668,;538.017151,8.01675,;538.017151,8.06683,;538.017151,8.11697,;538.017151,8.16705,;538.017151,8.21712,;538.017151,8.26721,;538.017151,8.3173,;538.017151,8.36742,;538.017151,8.4175,;538.017151,8.46759,;538.017151,8.51767,;538.017151,8.56776,;538.017151,8.61787,;538.017151,8.66798,;538.017151,8.71809,;538.017151,8.76818,;538.017151,8.81827,;538.017151,8.86839,;538.017151,8.91848,;538.017151,8.96855,;538.017151,9.01862,;538.017151,9.0687,;538.017151,9.11882,;538.017151,9.16891,;538.017151,9.219,;538.017151,9.26909,;538.017151,9.31921,;538.017151,9.3693,;538.017151,9.41943,;538.017151,9.46953,;538.017151,9.51964,;538.017151,9.56975,;538.017151,9.61988,;538.017151,9.66996,;538.017151,9.72007,;538.017151,9.77015,;538.017151,9.82027,;538.017151,9.87036,;538.017151,9.92049,;538.017151,9.97057,;538.017151,10.0206,;
inf,0.0501021,;984.880465,0.100231,;958.868638,0.15034,;919.136036,0.200455,;919.136036,0.250565,;919.136036,0.300676,;900.153096,0.350794,;900.153096,0.400909,;900.153096,0.451023,;900.153096,0.501136,;900.153096,0.551227,;900.153096,0.601349,;900.153096,0.651441,;900.153096,0.701555,;900.153096,0.751644,;900.153096,0.801763,;900.153096,0.85185,;849.528931,0.901972,;849.528931,0.952086,;849.528931,1.0022,;849.528931,1.05231,;849.528931,1.10242,;849.528931,1.15253,;849.528931,1.20265,;849.528931,1.25274,;849.528931,1.30282,;849.528931,1.35294,;849.528931,1.40301,;849.528931,1.45313,;843.482362,1.50322,;843.482362,1.55334,;843.482362,1.60343,;822.473113,1.65351,;822.473113,1.7036,;822.473113,1.75372,;822.473113,1.80384,;822.473113,1.85396,;792.337472,1.90407,;792.337472,1.95415,;792.337472,2.00423,;792.337472,2.05434,;792.337472,2.10447,;792.337472,2.15457,;792.337472,2.20469,;792.337472,2.25474,;792.337472,2.30486,;769.421266,2.35494,;769.421266,2.40505,;769.421266,2.45514,;769.421266,2.50522,;769.421266,2.5553,;769.421266,2.60543,;769.421266,2.65551,;769.421266,2.70564,;769.421266,2.75577,;769.421266,2.80588,;769.421266,2.85601,;769.421266,2.90615,;769.421266,2.95626,;769.421266,3.00638,;769.421266,3.05649,;769.421266,3.1066,;769.421266,3.15672,;769.421266,3.2068,;769.421266,3.25688,;769.421266,3.30697,;769.421266,3.35705,;769.421266,3.40714,;769.421266,3.45725,;769.421266,3.50734,;769.421266,3.55743,;769.421266,3.60751,;769.421266,3.65759,;769.421266,3.70766,;769.421266,3.75777,;769.421266,3.80786,;769.421266,3.85799,;769.421266,3.90807,;769.421266,3.95823,;769.421266,4.00835,;769.421266,4.05845,;681.573923,4.10856,;681.573923,4.15868,;681.573923,4.2088,;681.573923,4.25892,;681.573923,4.30904,;681.573923,4.35916,;681.573923,4.40927,;681.573923,4.45938,;681.573923,4.50951,;681.573923,4.55961,;623.597803,4.60972,;623.597803,4.65984,;623.597803,4.70992,;623.597803,4.76005,;623.597803,4.81017,;623.597803,4.86028,;623.597803,4.9104,;623.597803,4.96052,;623.597803,5.01063,;615.043963,5.06075,;615.043963,5.11079,;562.338116,5.16092,;562.338116,5.21104,;562.338116,5.26116,;562.338116,5.31126,;562.338116,5.36137,;562.338116,5.41149,;562.338116,5.46161,;562.338116,5.51174,;562.338116,5.56186,;562.338116,5.61198,;562.338116,5.6621,;562.338116,5.71218,;562.338116,5.7623,;562.338116,5.81242,;562.338116,5.86255,;562.338116,5.91267,;562.338116,5.96275,;562.338116,6.01287,;562.338116,6.063,;562.338116,6.11309,;553.782354,6.16322,;553.782354,6.21334,;553.782354,6.26344,;553.782354,6.31357,;553.782354,6.36369,;553.782354,6.41381,;553.782354,6.4639,;553.782354,6.51403,;548.579311,6.56414,;548.579311,6.61426,;548.579311,6.66435,;548.579311,6.71448,;548.579311,6.7646,;537.609085,6.81472,;537.609085,6.86487,;537.609085,6.91496,;537.609085,6.96508,;537.609085,7.0152,;537.609085,7.06532,;537.609085,7.11541,;537.609085,7.16554,;537.609085,7.21563,;537.609085,7.26577,;537.609085,7.31586,;537.609085,7.36599,;537.609085,7.41611,;537.609085,7.46623,;537.609085,7.51634,;537.609085,7.56646,;537.609085,7.61658,;537.609085,7.6667,;537.609085,7.71682,;517.586339,7.76695,;517.586339,7.81707,;514.731218,7.86715,;514.731218,7.91727,;514.731218,7.96737,;514.731218,8.01749,;514.731218,8.06759,;514.731218,8.11771,;514.731218,8.16781,;514.731218,8.21793,;514.731218,8.26803,;514.731218,8.31817,;514.731218,8.36829,;514.731218,8.41842,;514.731218,8.46853,;514.731218,8.51865,;514.731218,8.56877,;514.731218,8.61886,;514.731218,8.66898,;508.164772,8.71909,;508.164772,8.76922,;508.164772,8.81931,;508.164772,8.86943,;508.164772,8.91955,;508.164772,8.96968,;508.164772,9.01981,;508.164772,9.06993,;508.164772,9.12002,;508.164772,9.17014,;508.164772,9.22027,;508.164772,9.27035,;508.164772,9.32049,;508.164772,9.37061,;508.164772,9.42073,;508.164772,9.4708,;508.164772,9.52092,;508.164772,9.57105,;508.164772,9.62117,;508.164772,9.67129,;508.164772,9.72141,;508.164772,9.77151,;508.164772,9.8216,;508.164772,9.87172,;508.164772,9.92184,;508.164772,9.97196,;
inf,0.050068,;inf,0.100146,;inf,0.150234,;953.167504,0.200317,;953.167504,0.250392,;953.167504,0.300475,;953.167504,0.350562,;953.167504,0.400637,;953.102311,0.450715,;953.102311,0.500793,;953.102311,0.550878,;898.725406,0.600994,;898.725406,0.651065,;898.725406,0.701176,;898.725406,0.751258,;889.981174,0.801363,;889.981174,0.851435,;824.297981,0.901548,;824.297981,0.951633,;824.297981,1.00173,;824.297981,1.0518,;824.297981,1.10192,;824.297981,1.152,;824.297981,1.20211,;824.297981,1.25219,;824.297981,1.3023,;824.297981,1.35239,;824.297981,1.40246,;824.297981,1.45254,;824.297981,1.50262,;824.297981,1.55271,;800.578426,1.60282,;780.767284,1.65293,;780.767284,1.70307,;780.767284,1.75314,;780.767284,1.80322,;780.767284,1.85337,;780.767284,1.90347,;780.767284,1.95358,;780.767284,2.00367,;780.767284,2.05378,;780.767284,2.10387,;780.767284,2.15398,;780.767284,2.20407,;780.767284,2.25418,;780.767284,2.30427,;780.767284,2.35436,;780.767284,2.40444,;780.767284,2.45454,;780.767284,2.50465,;780.767284,2.55476,;780.767284,2.60488,;780.767284,2.65499,;780.767284,2.70508,;780.767284,2.75516,;780.767284,2.80529,;780.767284,2.85541,;780.767284,2.90551,;780.767284,2.95563,;780.767284,3.00574,;780.767284,3.05582,;780.767284,3.10594,;754.850155,3.15605,;742.424929,3.20617,;739.709296,3.25627,;739.709296,3.30638,;574.718726,3.35648,;574.718726,3.40655,;574.718726,3.45668,;574.718726,3.50679,;574.718726,3.5569,;574.718726,3.607,;574.718726,3.6571,;574.718726,3.70722,;574.718726,3.75733,;556.672314,3.80744,;556.672314,3.85755,;556.672314,3.90763,;556.672314,3.95774,;554.051844,4.00786,;554.051844,4.05797,;554.051844,4.10809,;547.172749,4.1582,;547.172749,4.20833,;547.172749,4.25844,;547.172749,4.30855,;547.172749,4.35866,;547.172749,4.40877,;547.172749,4.45888,;547.172749,4.50899,;547.172749,4.55907,;543.548802,4.60918,;543.548802,4.65929,;543.548802,4.7094,;541.486065,4.75953,;541.486065,4.80963,;541.486065,4.85975,;541.486065,4.90986,;534.975710,4.95997,;520.057421,5.01008,;520.057421,5.06019,;520.057421,5.1103,;520.057421,5.16043,;520.057421,5.21054,;520.057421,5.26065,;520.057421,5.31076,;520.057421,5.36086,;520.057421,5.41097,;520.057421,5.46109,;520.057421,5.51117,;520.057421,5.56128,;520.057421,5.61139,;520.057421,5.66147,;520.057421,5.71155,;520.057421,5.76164,;520.057421,5.81173,;520.057421,5.86181,;520.057421,5.91189,;520.057421,5.96198,;520.057421,6.01207,;520.057421,6.06216,;520.057421,6.11225,;520.057421,6.16234,;520.057421,6.21243,;520.057421,6.2625,;520.057421,6.31259,;520.057421,6.36267,;520.057421,6.4128,;520.057421,6.46288,;520.057421,6.51297,;520.057421,6.56301,;520.057421,6.61313,;520.057421,6.6632,;520.057421,6.71331,;520.057421,6.7634,;520.057421,6.81352,;520.057421,6.86359,;520.057421,6.91368,;520.057421,6.96377,;520.057421,7.01386,;520.057421,7.06395,;520.057421,7.11406,;520.057421,7.16415,;520.057421,7.21427,;520.057421,7.26437,;520.057421,7.31446,;520.057421,7.36456,;520.057421,7.41468,;520.057421,7.46479,;520.057421,7.5149,;520.057421,7.56498,;520.057421,7.61507,;520.057421,7.66514,;520.057421,7.71522,;520.057421,7.76534,;520.057421,7.81542,;520.057421,7.86551,;520.057421,7.91561,;520.057421,7.96573,;520.057421,8.01582,;520.057421,8.06591,;520.057421,8.11599,;520.057421,8.16607,;520.057421,8.21615,;520.057421,8.26625,;520.057421,8.31633,;520.057421,8.3664,;520.057421,8.41647,;520.057421,8.46656,;520.057421,8.51661,;520.057421,8.56673,;520.057421,8.6168,;520.057421,8.6669,;520.057421,8.71697,;520.057421,8.76706,;520.057421,8.81713,;520.057421,8.86721,;520.057421,8.91728,;520.057421,8.9674,;520.057421,9.01748,;520.057421,9.06757,;520.057421,9.11765,;520.057421,9.16773,;520.057421,9.21781,;520.057421,9.2679,;520.057421,9.318,;520.057421,9.36808,;520.057421,9.41816,;520.057421,9.46825,;520.057421,9.51835,;520.057421,9.56843,;520.057421,9.61851,;520.057421,9.66859,;520.057421,9.71867,;520.057421,9.76877,;520.057421,9.81885,;520.057421,9.86895,;520.057421,9.91903,;520.057421,9.96912,;520.057421,10.0192,;
inf,0.0500726,;892.872862,0.100184,;892.872862,0.150293,;892.872862,0.200407,;892.872862,0.250482,;892.872862,0.300588,;892.872862,0.350674,;892.872862,0.400784,;892.872862,0.45089,;892.872862,0.501005,;892.872862,0.551092,;858.392026,0.601178,;858.392026,0.651251,;858.392026,0.70133,;858.392026,0.75142,;858.392026,0.801508,;858.392026,0.851586,;858.392026,0.901696,;858.392026,0.951777,;858.392026,1.00186,;858.392026,1.05196,;831.982201,1.10209,;831.982201,1.15219,;831.982201,1.20226,;831.982201,1.25234,;831.982201,1.30239,;831.982201,1.3525,;831.982201,1.40257,;831.982201,1.45268,;831.982201,1.50277,;831.982201,1.55284,;831.982201,1.60294,;831.982201,1.65303,;831.982201,1.70312,;831.982201,1.7532,;831.982201,1.80329,;831.982201,1.85337,;831.982201,1.90347,;831.982201,1.95356,;831.982201,2.00364,;831.982201,2.05377,;684.207597,2.10387,;666.585621,2.15398,;666.585621,2.20409,;666.585621,2.2542,;666.585621,2.30431,;666.585621,2.35438,;666.585621,2.40449,;666.585621,2.45457,;666.585621,2.50468,;666.585621,2.55478,;666.585621,2.6049,;666.585621,2.65502,;666.585621,2.70511,;666.585621,2.75523,;666.585621,2.80531,;647.935079,2.8554,;647.935079,2.90551,;647.935079,2.95561,;647.935079,3.0057,;647.935079,3.05579,;647.935079,3.10587,;647.935079,3.15596,;647.935079,3.20604,;637.483139,3.25611,;637.483139,3.30621,;637.483139,3.35633,;637.483139,3.40641,;637.483139,3.45652,;637.483139,3.50659,;637.483139,3.55671,;637.483139,3.6068,;637.483139,3.65692,;637.483139,3.70702,;637.483139,3.75714,;637.483139,3.80723,;637.483139,3.85735,;637.483139,3.90744,;637.483139,3.95752,;637.483139,4.00764,;637.483139,4.05774,;637.483139,4.10782,;637.483139,4.15789,;637.483139,4.20802,;596.012671,4.2581,;596.012671,4.30818,;596.012671,4.35826,;596.012671,4.40834,;596.012671,4.45841,;596.012671,4.5085,;596.012671,4.55859,;596.012671,4.60869,;596.012671,4.65877,;596.012671,4.70887,;596.012671,4.75897,;596.012671,4.80909,;596.012671,4.85916,;573.904234,4.90929,;573.904234,4.95937,;573.904234,5.00949,;573.904234,5.05958,;573.904234,5.10966,;573.904234,5.15975,;573.904234,5.20984,;573.904234,5.25993,;573.904234,5.31006,;573.904234,5.36018,;573.904234,5.41029,;573.904234,5.46041,;573.904234,5.51048,;573.904234,5.56057,;573.904234,5.61065,;573.904234,5.66077,;573.904234,5.71087,;573.904234,5.76099,;573.904234,5.81109,;573.904234,5.86121,;573.904234,5.9113,;573.904234,5.9614,;573.904234,6.01148,;573.904234,6.06159,;573.904234,6.11169,;573.904234,6.16182,;573.904234,6.21193,;573.904234,6.26205,;531.286354,6.31212,;531.286354,6.3622,;531.286354,6.41232,;531.286354,6.46238,;531.286354,6.5125,;531.286354,6.56258,;531.286354,6.61267,;531.286354,6.66278,;531.286354,6.7129,;531.286354,6.76299,;531.286354,6.81311,;531.286354,6.86321,;531.286354,6.9133,;531.286354,6.96339,;531.286354,7.01347,;531.286354,7.06356,;531.286354,7.11364,;531.286354,7.16372,;531.286354,7.21384,;531.286354,7.26392,;531.286354,7.31403,;531.286354,7.36415,;531.286354,7.41426,;531.286354,7.46438,;531.286354,7.51446,;531.286354,7.56458,;531.286354,7.61466,;531.286354,7.66475,;531.286354,7.71485,;531.286354,7.76496,;531.286354,7.81505,;531.286354,7.86517,;531.286354,7.91528,;531.286354,7.9654,;531.286354,8.01553,;531.286354,8.06564,;531.286354,8.11577,;531.286354,8.16589,;531.286354,8.216,;531.286354,8.26612,;531.286354,8.31624,;531.286354,8.36639,;531.286354,8.41651,;531.286354,8.46659,;531.286354,8.51668,;531.286354,8.56676,;531.286354,8.61689,;531.286354,8.66697,;531.286354,8.71709,;531.286354,8.76721,;531.286354,8.81733,;531.286354,8.86741,;531.286354,8.91754,;531.286354,8.96768,;524.673363,9.0178,;524.673363,9.06787,;524.673363,9.11796,;524.673363,9.1681,;524.673363,9.21821,;524.673363,9.26833,;524.673363,9.31839,;523.500993,9.36851,;523.500993,9.41863,;512.314776,9.46875,;512.314776,9.51885,;512.314776,9.56897,;512.314776,9.61906,;512.314776,9.66915,;512.314776,9.71923,;512.314776,9.76931,;512.314776,9.81944,;512.314776,9.86956,;512.314776,9.91966,;512.314776,9.96978,;
inf,0.0500896,;inf,0.100212,;1154.074794,0.150324,;1154.074794,0.200435,;1154.074794,0.250544,;1083.475672,0.300654,;1083.475672,0.350724,;1083.475672,0.400837,;1083.475672,0.450948,;1083.475672,0.501058,;1083.475672,0.551142,;1083.475672,0.601224,;1003.983302,0.651307,;1003.983302,0.701403,;1003.983302,0.751487,;1003.983302,0.80156,;1003.983302,0.851636,;1003.983302,0.901712,;1003.983302,0.951783,;1003.983302,1.00185,;1003.983302,1.05192,;1003.983302,1.10199,;1003.983302,1.15207,;1003.983302,1.20214,;1003.983302,1.25221,;1003.983302,1.3023,;1003.983302,1.35237,;1003.983302,1.40245,;1003.983302,1.45251,;1003.983302,1.50258,;1003.983302,1.55265,;1003.983302,1.60272,;1003.983302,1.6528,;1003.983302,1.70287,;1003.983302,1.75294,;937.172381,1.80302,;937.172381,1.8531,;915.499795,1.90317,;915.499795,1.95324,;915.499795,2.00331,;915.499795,2.05342,;915.499795,2.1035,;915.499795,2.15361,;915.499795,2.20369,;915.499795,2.25377,;915.499795,2.30386,;915.499795,2.35398,;915.499795,2.4041,;781.939886,2.45419,;781.939886,2.5043,;763.104644,2.55439,;763.104644,2.60447,;636.077545,2.65458,;636.077545,2.70469,;636.077545,2.75477,;636.077545,2.80492,;636.077545,2.855,;636.077545,2.90512,;636.077545,2.9552,;609.103445,3.00532,;609.103445,3.0554,;609.103445,3.10549,;609.103445,3.15558,;609.103445,3.20568,;609.103445,3.25577,;609.103445,3.30589,;609.103445,3.35601,;609.103445,3.4061,;609.103445,3.45618,;609.103445,3.50626,;605.585794,3.55635,;605.585794,3.60647,;605.585794,3.65656,;605.585794,3.70664,;605.585794,3.75677,;580.083655,3.80684,;580.083655,3.85694,;580.083655,3.90702,;580.083655,3.9571,;580.083655,4.00719,;580.083655,4.05727,;580.083655,4.10736,;580.083655,4.15743,;580.083655,4.20751,;580.083655,4.25759,;580.083655,4.30767,;580.083655,4.35774,;580.083655,4.40781,;580.083655,4.45792,;580.083655,4.50801,;580.083655,4.55809,;580.083655,4.60817,;570.266791,4.65825,;570.266791,4.70833,;570.266791,4.75842,;570.266791,4.80855,;544.446019,4.8586,;544.446019,4.90867,;544.446019,4.95874,;544.446019,5.00885,;544.446019,5.05894,;544.446019,5.10903,;544.446019,5.15912,;544.446019,5.20924,;544.446019,5.25933,;544.446019,5.30941,;544.446019,5.35953,;544.446019,5.40961,;544.446019,5.45971,;544.446019,5.50979,;544.446019,5.55989,;544.446019,5.60997,;544.446019,5.66009,;544.446019,5.71019,;544.446019,5.76031,;544.446019,5.81042,;544.446019,5.86053,;544.446019,5.91063,;544.446019,5.96075,;544.446019,6.01084,;544.446019,6.06095,;544.446019,6.11104,;544.446019,6.16116,;544.446019,6.21123,;544.446019,6.26137,;544.446019,6.31148,;544.446019,6.36156,;544.446019,6.41167,;544.446019,6.46179,;544.446019,6.51187,;544.446019,6.56194,;544.446019,6.61203,;544.446019,6.66211,;544.446019,6.71222,;544.446019,6.76233,;544.446019,6.81244,;544.446019,6.86251,;544.446019,6.91264,;544.446019,6.96271,;544.446019,7.01282,;544.446019,7.06295,;544.446019,7.11306,;544.446019,7.16317,;544.446019,7.21328,;544.446019,7.26338,;544.446019,7.31345,;544.446019,7.36355,;544.446019,7.41366,;544.446019,7.46378,;544.446019,7.51389,;544.446019,7.564,;544.446019,7.61412,;544.446019,7.6642,;544.446019,7.71431,;544.446019,7.76439,;544.446019,7.8145,;544.446019,7.86458,;544.446019,7.91466,;544.446019,7.96473,;544.446019,8.01481,;544.446019,8.06489,;544.446019,8.11497,;544.446019,8.16509,;544.446019,8.21518,;544.446019,8.26525,;544.446019,8.31534,;544.446019,8.36547,;544.446019,8.41555,;544.446019,8.46564,;544.446019,8.51573,;544.446019,8.56581,;544.446019,8.61589,;544.446019,8.66597,;544.446019,8.71609,;544.446019,8.76621,;544.446019,8.81628,;544.446019,8.86637,;543.587914,8.91649,;543.587914,8.9666,;543.587914,9.01671,;543.587914,9.06678,;543.587914,9.11689,;543.587914,9.16697,;543.587914,9.21709,;543.587914,9.26717,;543.587914,9.31729,;543.587914,9.36741,;543.587914,9.41752,;543.587914,9.46761,;543.587914,9.51773,;543.587914,9.56784,;543.587914,9.61796,;543.587914,9.66804,;543.587914,9.71816,;540.704367,9.76827,;540.704367,9.81838,;540.704367,9.86849,;540.704367,9.91861,;540.704367,9.96874,;540.704367,10.0188,;
inf,0.0500763,;1012.138915,0.100158,;1012.138915,0.150241,;1012.138915,0.200322,;1012.138915,0.250404,;1012.138915,0.300491,;963.352454,0.350577,;963.352454,0.400663,;963.352454,0.450754,;963.352454,0.500846,;963.352454,0.550939,;963.352454,0.601035,;963.352454,0.651121,;963.352454,0.701213,;871.570113,0.7513,;871.570113,0.801424,;871.570113,0.851507,;871.570113,0.901595,;871.570113,0.951714,;871.570113,1.0018,;871.570113,1.05189,;871.570113,1.102,;871.570113,1.15211,;871.570113,1.20219,;871.570113,1.25226,;871.570113,1.30234,;871.570113,1.35246,;871.570113,1.40255,;871.570113,1.45264,;871.570113,1.50272,;871.570113,1.55281,;871.570113,1.60289,;871.570113,1.65302,;871.570113,1.70315,;871.570113,1.75323,;871.570113,1.80332,;871.570113,1.85342,;871.570113,1.90351,;871.570113,1.95359,;871.570113,2.00373,;871.570113,2.05385,;871.570113,2.10396,;871.570113,2.15407,;871.570113,2.2042,;871.570113,2.25431,;871.570113,2.30444,;871.570113,2.35454,;871.570113,2.40464,;871.570113,2.45475,;871.570113,2.50487,;871.570113,2.55499,;871.570113,2.60511,;871.570113,2.65522,;871.570113,2.70535,;871.570113,2.75547,;860.340829,2.80558,;860.340829,2.85571,;860.340829,2.90583,;713.193904,2.95593,;713.193904,3.00606,;698.570002,3.05615,;698.570002,3.10628,;607.221124,3.1564,;599.981246,3.20652,;599.981246,3.2566,;599.981246,3.30672,;599.981246,3.35684,;599.981246,3.40696,;599.981246,3.45705,;599.981246,3.50717,;591.123653,3.55729,;591.123653,3.60741,;591.123653,3.65754,;591.123653,3.70763,;591.123653,3.75775,;591.123653,3.80788,;591.123653,3.85799,;591.123653,3.90811,;591.123653,3.95821,;591.123653,4.00829,;591.123653,4.05836,;591.123653,4.1085,;591.123653,4.15863,;591.123653,4.20875,;591.123653,4.25884,;572.470865,4.30896,;572.470865,4.35908,;572.470865,4.4092,;572.470865,4.45931,;572.470865,4.5094,;572.470865,4.55953,;572.470865,4.60964,;572.470865,4.65973,;572.470865,4.70985,;572.470865,4.75995,;552.545765,4.81007,;552.545765,4.86018,;533.819693,4.91031,;533.819693,4.96045,;533.819693,5.01053,;533.819693,5.06062,;533.819693,5.11073,;533.819693,5.16084,;533.819693,5.21093,;533.819693,5.26101,;533.819693,5.31114,;533.819693,5.36125,;533.819693,5.41137,;533.819693,5.46145,;533.459909,5.51154,;533.459909,5.56164,;533.459909,5.61174,;533.459909,5.66184,;530.786255,5.71198,;530.786255,5.7621,;530.786255,5.81221,;530.786255,5.86233,;530.786255,5.91245,;530.786255,5.96257,;530.786255,6.01269,;530.786255,6.06282,;530.786255,6.11294,;530.786255,6.16306,;530.786255,6.21317,;530.786255,6.26329,;530.786255,6.31341,;511.828939,6.36353,;511.828939,6.41365,;511.828939,6.46377,;511.828939,6.51389,;511.828939,6.56401,;511.828939,6.61412,;511.828939,6.66423,;511.828939,6.71432,;511.828939,6.76444,;511.828939,6.81453,;511.828939,6.86465,;511.828939,6.91475,;511.828939,6.96487,;511.828939,7.01499,;511.828939,7.06511,;511.828939,7.11523,;511.828939,7.16535,;511.828939,7.21547,;511.828939,7.2656,;511.828939,7.31571,;511.828939,7.36584,;511.828939,7.41596,;511.828939,7.46608,;511.828939,7.51617,;511.828939,7.56626,;511.828939,7.61638,;511.828939,7.66649,;511.828939,7.71661,;511.828939,7.76674,;511.828939,7.81686,;509.194173,7.86699,;509.194173,7.91711,;509.194173,7.96721,;509.194173,8.01733,;509.194173,8.06745,;509.194173,8.11757,;509.194173,8.16765,;509.194173,8.21777,;507.654969,8.26789,;507.654969,8.31799,;507.654969,8.36809,;507.654969,8.41817,;507.654969,8.46826,;507.654969,8.5184,;507.654969,8.56851,;507.654969,8.61863,;507.654969,8.66876,;507.654969,8.71889,;507.654969,8.76902,;507.654969,8.81914,;507.654969,8.86926,;507.654969,8.91939,;507.654969,8.96949,;507.654969,9.01961,;507.654969,9.06972,;507.654969,9.11984,;507.654969,9.17003,;507.654969,9.22011,;507.654969,9.2702,;507.654969,9.32028,;502.553389,9.37037,;502.553389,9.42046,;502.553389,9.47056,;502.553389,9.52065,;502.553389,9.57075,;502.553389,9.62085,;502.553389,9.67095,;502.553389,9.72104,;502.553389,9.77114,;502.553389,9.82122,;502.553389,9.87134,;502.553389,9.92143,;502.553389,9.97153,;
inf,0.0500907,;927.353718,0.100194,;923.267780,0.150271,;923.267780,0.200349,;923.267780,0.250451,;923.267780,0.300536,;889.954508,0.350608,;889.954508,0.400678,;889.954508,0.450772,;889.954508,0.500859,;889.954508,0.550945,;889.954508,0.601034,;873.119840,0.651117,;845.525221,0.701243,;845.525221,0.751356,;845.525221,0.801433,;837.066140,0.851517,;837.066140,0.901608,;837.066140,0.951689,;837.066140,1.00177,;837.066140,1.05188,;837.066140,1.10199,;821.687403,1.1521,;821.687403,1.20221,;821.687403,1.25228,;821.687403,1.30239,;821.687403,1.35246,;821.687403,1.40254,;821.687403,1.45263,;821.687403,1.50275,;821.127261,1.55286,;821.127261,1.60298,;821.127261,1.65309,;821.127261,1.70321,;821.127261,1.75332,;821.127261,1.80344,;821.127261,1.85355,;821.127261,1.90366,;821.127261,1.95375,;821.127261,2.00382,;821.127261,2.05386,;816.346889,2.10398,;801.089279,2.15406,;801.089279,2.20414,;790.011224,2.25426,;790.011224,2.30433,;790.011224,2.35444,;790.011224,2.40453,;790.011224,2.45465,;722.325237,2.50473,;722.325237,2.55485,;722.325237,2.60498,;722.325237,2.65509,;722.325237,2.70519,;722.325237,2.75527,;722.325237,2.80536,;697.428576,2.85547,;697.428576,2.90558,;697.428576,2.95569,;697.428576,3.00576,;697.428576,3.05584,;697.428576,3.10594,;697.428576,3.15605,;697.428576,3.20616,;697.428576,3.25623,;697.428576,3.30635,;697.428576,3.35644,;697.428576,3.40653,;687.133515,3.45663,;687.133515,3.50674,;687.133515,3.55683,;687.133515,3.60692,;687.133515,3.65701,;687.133515,3.70709,;687.133515,3.75716,;687.133515,3.80723,;687.133515,3.85732,;687.133515,3.90741,;687.133515,3.9575,;687.133515,4.00759,;687.133515,4.05768,;687.133515,4.10776,;687.133515,4.15787,;687.133515,4.20799,;687.133515,4.25807,;686.576910,4.30815,;686.576910,4.35826,;679.987102,4.40834,;679.987102,4.45845,;679.987102,4.50854,;679.987102,4.55863,;679.987102,4.60876,;679.987102,4.65887,;669.064863,4.70896,;596.340519,4.75904,;596.340519,4.80915,;596.340519,4.85927,;596.340519,4.90938,;596.340519,4.95949,;596.340519,5.00958,;596.340519,5.0597,;596.340519,5.10981,;596.340519,5.15997,;596.340519,5.21005,;596.340519,5.26009,;596.340519,5.31018,;596.340519,5.36025,;596.340519,5.41035,;596.340519,5.46043,;596.340519,5.51051,;596.340519,5.56061,;596.340519,5.6107,;596.340519,5.66079,;540.463149,5.71091,;540.463149,5.761,;540.463149,5.81111,;540.463149,5.86121,;540.463149,5.91133,;540.463149,5.9614,;540.463149,6.01152,;540.463149,6.06159,;540.463149,6.11168,;540.463149,6.16176,;540.463149,6.21181,;540.463149,6.26193,;540.463149,6.31205,;540.463149,6.36216,;540.463149,6.41223,;540.463149,6.46235,;540.463149,6.51244,;531.818435,6.56251,;531.818435,6.6126,;531.818435,6.66269,;531.818435,6.71278,;531.818435,6.76286,;531.818435,6.81295,;531.818435,6.86307,;531.818435,6.91315,;531.818435,6.96326,;528.631820,7.01337,;528.631820,7.06345,;518.667931,7.11357,;518.667931,7.16364,;518.667931,7.21379,;518.667931,7.2639,;518.667931,7.31401,;518.667931,7.36411,;518.667931,7.4142,;518.667931,7.46428,;511.028695,7.51435,;511.028695,7.56444,;511.028695,7.61457,;511.028695,7.66466,;511.028695,7.71474,;511.028695,7.76482,;511.028695,7.8149,;511.028695,7.865,;511.028695,7.91512,;511.028695,7.96523,;511.028695,8.01535,;511.028695,8.06547,;511.028695,8.11558,;511.028695,8.16569,;511.028695,8.21577,;511.028695,8.26589,;511.028695,8.316,;511.028695,8.36612,;505.766067,8.41619,;505.766067,8.46628,;505.766067,8.51636,;505.766067,8.56646,;505.766067,8.61656,;505.766067,8.66669,;505.766067,8.71678,;505.766067,8.76685,;505.766067,8.81694,;505.766067,8.86705,;505.766067,8.91717,;505.766067,8.96728,;505.766067,9.01735,;505.766067,9.06746,;505.766067,9.11754,;505.766067,9.16764,;505.766067,9.21772,;505.766067,9.26783,;505.766067,9.3179,;505.766067,9.36798,;505.766067,9.41807,;505.766067,9.46815,;505.766067,9.51823,;505.766067,9.56831,;505.766067,9.6184,;505.766067,9.66849,;505.766067,9.71856,;505.766067,9.76865,;505.766067,9.81876,;505.766067,9.86885,;505.766067,9.91894,;505.766067,9.96902,;505.766067,10.0191,;
inf,0.0500667,;inf,0.100152,;1112.664363,0.150227,;1112.664363,0.200327,;1059.552515,0.250412,;1042.254263,0.3005,;1033.645651,0.350578,;1033.645651,0.400658,;1000.209601,0.450744,;1000.209601,0.500832,;983.744002,0.550922,;983.744002,0.601043,;981.511347,0.651154,;964.686037,0.701265,;964.686037,0.751376,;964.686037,0.801484,;948.143642,0.851593,;948.143642,0.901705,;948.143642,0.951826,;948.143642,1.0019,;948.143642,1.05202,;948.143642,1.1021,;925.331997,1.15221,;925.331997,1.20229,;925.331997,1.25241,;915.251042,1.30253,;915.251042,1.35264,;915.251042,1.40274,;915.251042,1.45285,;915.251042,1.50293,;915.251042,1.55305,;915.251042,1.60313,;915.251042,1.65323,;915.251042,1.7033,;854.401565,1.75341,;854.401565,1.80352,;854.401565,1.85361,;854.401565,1.90372,;854.401565,1.95379,;854.401565,2.0039,;854.401565,2.05398,;616.650974,2.10409,;616.650974,2.15416,;616.650974,2.20427,;616.650974,2.25435,;616.650974,2.30447,;616.650974,2.35455,;611.162407,2.40466,;611.162407,2.45475,;611.162407,2.50487,;611.162407,2.55496,;611.162407,2.60506,;611.162407,2.65515,;611.162407,2.70523,;592.602890,2.75534,;592.602890,2.80545,;592.602890,2.85553,;592.602890,2.90561,;592.602890,2.95572,;592.602890,3.00579,;592.602890,3.05589,;592.602890,3.10597,;592.602890,3.15608,;592.602890,3.20615,;592.602890,3.25626,;592.602890,3.30635,;592.602890,3.35647,;592.602890,3.40655,;592.602890,3.45666,;592.602890,3.50677,;592.602890,3.55688,;592.602890,3.60697,;592.602890,3.65705,;592.602890,3.70715,;592.602890,3.75724,;592.602890,3.80732,;592.602890,3.8574,;592.602890,3.90751,;592.602890,3.95762,;592.602890,4.00774,;592.602890,4.05781,;579.545258,4.10793,;579.545258,4.158,;579.545258,4.20809,;579.545258,4.25819,;579.545258,4.30827,;579.545258,4.35836,;579.545258,4.40847,;579.545258,4.45856,;579.545258,4.50863,;579.545258,4.55874,;579.545258,4.60885,;579.545258,4.65894,;579.545258,4.70907,;579.545258,4.75919,;579.545258,4.8093,;579.545258,4.85939,;579.545258,4.9095,;579.545258,4.95958,;579.545258,5.00966,;579.545258,5.05974,;579.545258,5.10978,;567.501109,5.15986,;567.501109,5.20993,;567.501109,5.26005,;567.501109,5.31014,;567.501109,5.36023,;567.501109,5.41032,;567.501109,5.46044,;567.501109,5.51052,;567.501109,5.56064,;567.501109,5.61073,;567.501109,5.66081,;567.501109,5.7109,;567.501109,5.761,;567.501109,5.81112,;567.501109,5.86123,;567.501109,5.91131,;567.501109,5.96142,;567.501109,6.01153,;567.501109,6.06164,;567.501109,6.11175,;567.501109,6.16182,;567.501109,6.21194,;567.501109,6.26201,;567.501109,6.3121,;567.501109,6.36219,;567.501109,6.41231,;567.501109,6.46239,;567.501109,6.51252,;567.501109,6.56261,;567.501109,6.61269,;567.501109,6.66277,;567.501109,6.71291,;567.501109,6.76303,;567.501109,6.81315,;567.501109,6.86326,;567.501109,6.91337,;567.501109,6.96349,;567.501109,7.01361,;567.501109,7.06372,;567.501109,7.11378,;567.501109,7.16389,;567.501109,7.21397,;567.501109,7.26405,;567.501109,7.31415,;567.501109,7.36426,;567.501109,7.41435,;567.501109,7.46447,;567.501109,7.51456,;567.501109,7.56468,;558.519074,7.61479,;558.519074,7.6649,;558.519074,7.71506,;558.519074,7.76518,;558.519074,7.81529,;558.519074,7.86541,;558.519074,7.91552,;553.035081,7.96563,;553.035081,8.01575,;553.035081,8.06582,;553.035081,8.11594,;553.035081,8.16602,;553.035081,8.21614,;553.035081,8.26623,;553.035081,8.31635,;553.035081,8.36643,;553.035081,8.41655,;553.035081,8.46663,;553.035081,8.51674,;553.035081,8.56683,;553.035081,8.61694,;553.035081,8.66704,;553.035081,8.71713,;553.035081,8.76724,;553.035081,8.81735,;553.035081,8.86747,;553.035081,8.91758,;551.067192,8.96769,;551.067192,9.01777,;551.067192,9.06788,;551.067192,9.11795,;551.067192,9.16803,;551.067192,9.21813,;551.067192,9.26822,;540.933208,9.3183,;540.933208,9.36842,;535.910659,9.41851,;535.910659,9.46868,;535.910659,9.51876,;534.114746,9.56887,;534.114746,9.61898,;534.114746,9.66907,;534.114746,9.71916,;534.114746,9.76929,;534.114746,9.81937,;534.114746,9.86948,;534.114746,9.91959,;534.114746,9.96971,;534.114746,10.0198,;534.114746,10.0699,;
inf,0.0500702,;inf,0.100144,;inf,0.150257,;984.965987,0.200337,;959.813844,0.250451,;959.813844,0.300533,;941.670168,0.350622,;941.670168,0.400711,;941.670168,0.450811,;941.670168,0.50093,;941.670168,0.551006,;941.670168,0.601089,;830.641725,0.651163,;830.641725,0.701287,;830.641725,0.751373,;830.641725,0.801466,;830.641725,0.851559,;830.641725,0.901637,;830.641725,0.951746,;830.641725,1.00186,;830.641725,1.05197,;830.641725,1.10209,;812.219577,1.15217,;812.219577,1.20229,;812.219577,1.25239,;736.725903,1.3025,;736.725903,1.35264,;736.725903,1.40275,;736.725903,1.45288,;735.170965,1.50295,;735.170965,1.55304,;735.170965,1.60314,;735.170965,1.65325,;735.170965,1.70334,;735.170965,1.75347,;735.170965,1.80356,;735.170965,1.85368,;735.170965,1.90378,;709.989922,1.95386,;709.989922,2.00393,;709.989922,2.05405,;709.989922,2.10413,;709.989922,2.15426,;709.989922,2.20437,;709.989922,2.25445,;709.989922,2.30456,;709.989922,2.35466,;709.989922,2.40474,;709.989922,2.45482,;709.989922,2.50495,;709.989922,2.55502,;699.024658,2.60515,;699.024658,2.65525,;699.024658,2.70538,;699.024658,2.75546,;699.024658,2.80557,;699.024658,2.85569,;699.024658,2.90578,;699.024658,2.95586,;699.024658,3.00597,;699.024658,3.05606,;699.024658,3.10618,;691.519869,3.15627,;668.251491,3.20636,;668.251491,3.2565,;668.251491,3.30661,;668.251491,3.35674,;668.251491,3.40684,;668.251491,3.45693,;668.251491,3.50702,;668.251491,3.55713,;668.251491,3.60723,;668.251491,3.65733,;647.313659,3.70743,;647.313659,3.75755,;647.313659,3.80764,;647.313659,3.85776,;647.313659,3.90786,;647.313659,3.95795,;647.313659,4.00804,;633.588851,4.05816,;624.951791,4.10826,;624.951791,4.15834,;624.951791,4.20847,;624.951791,4.25858,;624.951791,4.3087,;621.576325,4.35883,;621.576325,4.40894,;621.576325,4.45902,;621.576325,4.50914,;621.576325,4.55923,;621.576325,4.60939,;621.576325,4.65948,;621.576325,4.70962,;621.576325,4.75974,;621.576325,4.80985,;621.576325,4.85994,;621.576325,4.9101,;621.576325,4.96019,;621.576325,5.01031,;621.576325,5.06043,;621.576325,5.11054,;621.576325,5.16067,;621.576325,5.21077,;621.576325,5.26087,;621.576325,5.31095,;621.576325,5.36103,;621.576325,5.41112,;621.576325,5.46124,;621.576325,5.51133,;621.576325,5.56146,;621.576325,5.61156,;621.576325,5.66166,;621.576325,5.71178,;621.576325,5.7619,;590.529611,5.81199,;590.529611,5.86212,;590.529611,5.91224,;590.529611,5.96233,;590.529611,6.01246,;590.529611,6.06258,;562.486814,6.11268,;562.486814,6.16279,;562.486814,6.21288,;562.486814,6.263,;562.486814,6.3131,;562.486814,6.3632,;562.486814,6.41328,;562.486814,6.46336,;562.486814,6.51349,;562.486814,6.56359,;562.486814,6.61371,;562.486814,6.6638,;562.486814,6.7139,;562.486814,6.76399,;562.486814,6.81408,;562.486814,6.86418,;562.486814,6.9143,;562.486814,6.96438,;562.486814,7.01449,;562.486814,7.06459,;562.486814,7.11473,;562.486814,7.16481,;562.486814,7.21495,;562.486814,7.26507,;562.486814,7.31516,;562.486814,7.36525,;562.486814,7.41534,;560.840434,7.46546,;560.840434,7.51555,;560.840434,7.56563,;560.840434,7.61573,;560.840434,7.66581,;560.840434,7.71589,;560.840434,7.76598,;560.840434,7.81607,;533.393591,7.8662,;533.393591,7.91629,;533.393591,7.96639,;533.393591,8.01651,;533.393591,8.06663,;533.393591,8.11675,;533.393591,8.16679,;533.393591,8.21689,;533.393591,8.26698,;533.393591,8.3171,;533.393591,8.36719,;533.393591,8.41735,;533.393591,8.46747,;533.393591,8.51757,;533.393591,8.56766,;533.393591,8.61778,;533.393591,8.66787,;533.393591,8.71799,;533.393591,8.76812,;533.393591,8.81824,;533.393591,8.86835,;533.393591,8.91847,;533.393591,8.96855,;533.393591,9.01867,;533.393591,9.06879,;533.393591,9.11884,;533.393591,9.16892,;533.393591,9.21901,;533.393591,9.26912,;533.393591,9.31922,;533.393591,9.36932,;518.452373,9.41945,;518.452373,9.46953,;518.452373,9.51964,;518.452373,9.56975,;518.452373,9.61988,;518.452373,9.67,;518.452373,9.72012,;514.458418,9.77021,;514.458418,9.82033,;514.458418,9.87045,;514.458418,9.92057,;514.458418,9.97069,;514.458418,10.0208,;
inf,0.0500997,;inf,0.10021,;inf,0.150293,;1055.308932,0.200406,;1045.176324,0.250516,;1045.176324,0.300639,;920.306595,0.350749,;920.306595,0.400822,;920.306595,0.450933,;920.306595,0.501004,;907.179895,0.551117,;887.308481,0.601188,;887.308481,0.651322,;863.848923,0.701403,;863.848923,0.751534,;863.848923,0.801603,;863.848923,0.851685,;863.848923,0.901764,;801.780388,0.951837,;801.780388,1.00192,;801.780388,1.05201,;801.780388,1.1021,;801.780388,1.15219,;801.780388,1.20229,;801.780388,1.2524,;801.780388,1.30249,;801.780388,1.3526,;801.780388,1.40271,;801.780388,1.45282,;762.312568,1.50289,;762.312568,1.553,;762.312568,1.60308,;762.312568,1.65316,;727.881872,1.70325,;727.881872,1.75335,;727.881872,1.80344,;727.881872,1.85355,;727.881872,1.90364,;727.881872,1.95374,;727.881872,2.00384,;727.881872,2.05393,;721.296332,2.10403,;721.296332,2.15413,;721.296332,2.20421,;683.530833,2.25432,;676.624932,2.30443,;676.624932,2.35455,;676.624932,2.40463,;676.624932,2.45474,;676.624932,2.50483,;676.624932,2.55491,;676.624932,2.60499,;676.624932,2.65507,;676.624932,2.70516,;676.624932,2.75525,;676.624932,2.80534,;676.624932,2.85542,;676.624932,2.90551,;676.624932,2.95561,;676.624932,3.00569,;676.624932,3.05579,;670.267687,3.1059,;670.267687,3.156,;670.267687,3.20611,;670.267687,3.2562,;670.267687,3.30631,;670.267687,3.35643,;670.267687,3.40654,;670.267687,3.45665,;566.461863,3.50676,;566.461863,3.55687,;566.461863,3.60695,;566.461863,3.65702,;566.461863,3.7071,;566.461863,3.75718,;566.461863,3.80728,;566.461863,3.8574,;566.461863,3.90751,;566.461863,3.95764,;566.461863,4.00773,;566.461863,4.05781,;566.461863,4.10793,;566.461863,4.15802,;557.197389,4.20814,;557.197389,4.25824,;557.197389,4.30835,;557.197389,4.35847,;557.197389,4.40863,;557.197389,4.45876,;557.197389,4.50887,;557.197389,4.55895,;557.197389,4.60903,;557.197389,4.65913,;557.197389,4.70922,;557.197389,4.75931,;557.197389,4.80939,;557.197389,4.85947,;557.197389,4.90955,;557.197389,4.95963,;557.197389,5.00972,;556.751218,5.05982,;556.751218,5.10994,;556.751218,5.16005,;556.751218,5.21016,;556.751218,5.26024,;556.751218,5.31033,;556.751218,5.36051,;556.751218,5.41059,;544.622867,5.46068,;544.622867,5.51077,;540.472062,5.56087,;540.472062,5.61094,;540.472062,5.66103,;540.472062,5.7111,;540.472062,5.76118,;540.472062,5.81125,;540.472062,5.86132,;540.472062,5.91139,;540.472062,5.96146,;540.472062,6.01153,;540.472062,6.06161,;540.472062,6.11168,;540.472062,6.16176,;540.472062,6.21185,;540.472062,6.26193,;540.472062,6.31204,;540.472062,6.36213,;540.472062,6.41222,;540.472062,6.46234,;540.472062,6.51242,;540.472062,6.56251,;540.472062,6.6126,;540.472062,6.66268,;540.472062,6.7128,;540.472062,6.76287,;540.472062,6.81298,;540.472062,6.86306,;540.472062,6.91317,;540.472062,6.96326,;540.472062,7.01339,;540.472062,7.06347,;540.472062,7.11356,;540.472062,7.16366,;537.530964,7.21377,;533.095630,7.26388,;533.095630,7.31399,;533.095630,7.36408,;533.095630,7.4142,;533.095630,7.46431,;533.095630,7.51442,;533.095630,7.56454,;533.095630,7.61466,;533.095630,7.66477,;533.095630,7.71486,;533.095630,7.76498,;533.095630,7.81505,;533.095630,7.86516,;533.095630,7.91525,;533.095630,7.96537,;533.095630,8.01544,;533.095630,8.0656,;533.095630,8.11568,;533.095630,8.16577,;533.095630,8.21587,;533.095630,8.26595,;531.666281,8.31604,;531.666281,8.36616,;531.666281,8.41624,;531.666281,8.46636,;531.666281,8.51644,;531.666281,8.56654,;531.666281,8.61662,;531.666281,8.6667,;519.442716,8.71683,;519.442716,8.76686,;519.442716,8.81694,;519.442716,8.86702,;519.442716,8.91714,;519.442716,8.96726,;519.442716,9.01737,;519.442716,9.06744,;519.442716,9.11752,;519.442716,9.1676,;519.442716,9.2177,;519.442716,9.26777,;519.442716,9.31785,;519.442716,9.36795,;519.442716,9.41804,;519.442716,9.46816,;519.442716,9.51828,;519.442716,9.56837,;519.442716,9.6185,;519.442716,9.66858,;519.442716,9.71866,;516.910509,9.76877,;516.910509,9.81881,;516.910509,9.86893,;516.910509,9.919,;516.910509,9.96911,;516.910509,10.0192,;
inf,0.0500556,;inf,0.100128,;988.350917,0.150208,;944.982672,0.200294,;944.982672,0.250382,;944.982672,0.300491,;944.982672,0.350564,;944.982672,0.400676,;917.022054,0.450839,;908.536236,0.500951,;908.536236,0.551066,;908.536236,0.601136,;902.716864,0.651215,;902.716864,0.701301,;902.716864,0.751377,;902.716864,0.801424,;902.716864,0.851555,;902.716864,0.90167,;902.716864,0.951743,;902.716864,1.00182,;902.716864,1.05193,;902.716864,1.10203,;902.716864,1.15211,;825.645593,1.20221,;825.645593,1.25232,;825.645593,1.30241,;825.645593,1.35252,;825.645593,1.40261,;825.645593,1.45274,;825.645593,1.50282,;825.645593,1.55293,;825.645593,1.60301,;825.645593,1.65309,;825.645593,1.70318,;825.645593,1.75325,;731.930958,1.80336,;731.930958,1.85347,;731.930958,1.90359,;731.930958,1.95367,;731.930958,2.00381,;731.930958,2.05392,;731.930958,2.10404,;731.930958,2.15416,;731.930958,2.20428,;731.930958,2.25438,;731.930958,2.30449,;731.930958,2.35457,;729.151151,2.40465,;729.151151,2.45476,;729.151151,2.50485,;729.151151,2.55493,;729.151151,2.60505,;729.151151,2.65514,;729.151151,2.70522,;724.915691,2.75531,;724.915691,2.80542,;724.915691,2.85554,;724.915691,2.90562,;724.915691,2.95574,;724.915691,3.00582,;724.915691,3.05594,;724.915691,3.10602,;724.915691,3.15612,;724.915691,3.2062,;724.915691,3.25629,;724.915691,3.30637,;724.915691,3.35645,;724.915691,3.40654,;724.915691,3.45665,;724.915691,3.50677,;724.915691,3.55684,;724.915691,3.60693,;584.358794,3.65706,;584.358794,3.70715,;584.358794,3.75725,;584.358794,3.80733,;584.358794,3.85743,;584.358794,3.90753,;584.358794,3.95761,;584.358794,4.0077,;584.358794,4.05778,;584.358794,4.10787,;584.358794,4.15797,;584.358794,4.20806,;554.682863,4.25819,;554.682863,4.3083,;554.682863,4.35842,;554.682863,4.4085,;554.682863,4.45862,;554.682863,4.50873,;554.682863,4.55882,;554.682863,4.60894,;554.682863,4.65905,;554.682863,4.70916,;554.682863,4.75924,;554.682863,4.80935,;554.682863,4.85946,;554.682863,4.90959,;554.682863,4.95967,;554.682863,5.00974,;554.682863,5.05986,;554.682863,5.10993,;554.682863,5.16002,;552.031806,5.21012,;552.031806,5.26024,;552.031806,5.31034,;552.031806,5.36045,;552.031806,5.41055,;552.031806,5.46067,;552.031806,5.51076,;552.031806,5.5609,;552.031806,5.61103,;552.031806,5.66115,;552.031806,5.71126,;552.031806,5.76138,;552.031806,5.81149,;552.031806,5.86157,;552.031806,5.91169,;552.031806,5.96177,;552.031806,6.01186,;552.031806,6.06193,;552.031806,6.11205,;552.031806,6.16217,;552.031806,6.21228,;552.031806,6.26241,;552.031806,6.31253,;552.031806,6.3626,;552.031806,6.41272,;552.031806,6.46281,;552.031806,6.51294,;552.031806,6.56305,;552.031806,6.61318,;552.031806,6.66326,;552.031806,6.71339,;552.031806,6.7635,;552.031806,6.81362,;552.031806,6.86375,;552.031806,6.91383,;552.031806,6.96395,;552.031806,7.01404,;552.031806,7.06416,;552.031806,7.1143,;552.031806,7.16442,;552.031806,7.2145,;552.031806,7.26462,;552.031806,7.31474,;552.031806,7.36487,;552.031806,7.41499,;552.031806,7.46511,;552.031806,7.51522,;552.031806,7.5653,;552.031806,7.61538,;548.010520,7.6655,;548.010520,7.71562,;548.010520,7.76571,;548.010520,7.81584,;548.010520,7.86595,;548.010520,7.91607,;548.010520,7.9662,;548.010520,8.01632,;541.396981,8.0664,;541.396981,8.11652,;541.396981,8.16664,;541.396981,8.21672,;541.396981,8.26681,;541.396981,8.31689,;541.396981,8.36697,;541.396981,8.41709,;541.396981,8.46718,;541.396981,8.51731,;541.396981,8.56742,;532.395074,8.61754,;532.395074,8.66762,;532.395074,8.7177,;532.395074,8.76779,;532.395074,8.81788,;532.395074,8.868,;532.395074,8.91809,;532.395074,8.96819,;532.395074,9.01827,;532.395074,9.06835,;532.395074,9.11845,;532.395074,9.16857,;532.395074,9.21865,;532.395074,9.26877,;532.395074,9.31889,;532.395074,9.36901,;532.395074,9.4191,;532.395074,9.46923,;532.395074,9.51935,;532.395074,9.56945,;532.395074,9.61957,;532.395074,9.6697,;532.395074,9.71983,;532.395074,9.76996,;532.395074,9.82003,;532.395074,9.87015,;532.395074,9.92031,;532.395074,9.9704,;532.395074,10.0205,;
inf,0.0500678,;inf,0.10018,;864.951755,0.150294,;864.951755,0.200371,;864.951755,0.250479,;864.951755,0.300551,;836.368984,0.350625,;836.368984,0.400763,;836.368984,0.450879,;836.368984,0.500988,;836.368984,0.551076,;836.368984,0.601162,;836.368984,0.651251,;836.368984,0.701347,;836.368984,0.751465,;836.368984,0.801546,;836.368984,0.851637,;836.368984,0.90179,;836.368984,0.951907,;836.368984,1.00199,;836.368984,1.05209,;727.873031,1.10217,;727.873031,1.15227,;727.873031,1.20239,;727.873031,1.25247,;727.873031,1.30255,;727.873031,1.35265,;727.873031,1.40273,;727.873031,1.45279,;727.873031,1.50289,;727.873031,1.55297,;664.481967,1.60308,;664.481967,1.65316,;652.682377,1.70326,;652.682377,1.75336,;652.682377,1.80344,;652.682377,1.85353,;649.340928,1.90363,;649.340928,1.95371,;649.340928,2.0038,;649.340928,2.0539,;649.340928,2.10402,;649.340928,2.15412,;649.340928,2.2042,;649.340928,2.25429,;649.340928,2.30436,;644.750890,2.35445,;644.750890,2.40452,;644.750890,2.45461,;644.750890,2.5047,;644.750890,2.55482,;644.750890,2.60494,;644.750890,2.65505,;644.750890,2.70513,;644.750890,2.75525,;644.750890,2.80534,;644.750890,2.85547,;644.750890,2.90556,;644.750890,2.95565,;644.750890,3.00574,;644.750890,3.05582,;644.750890,3.10592,;644.750890,3.15602,;644.750890,3.2061,;644.750890,3.2562,;644.750890,3.30629,;644.750890,3.35637,;644.750890,3.40645,;644.750890,3.45655,;624.222353,3.50668,;624.222353,3.55678,;598.607318,3.60687,;598.607318,3.65695,;598.607318,3.70704,;598.607318,3.75713,;598.607318,3.80725,;598.607318,3.85733,;598.607318,3.90745,;598.607318,3.95754,;598.607318,4.00763,;598.607318,4.05773,;592.962219,4.10782,;592.962219,4.15791,;592.962219,4.208,;592.962219,4.25813,;582.859191,4.30825,;582.859191,4.35838,;579.003355,4.40846,;579.003355,4.45857,;579.003355,4.50866,;579.003355,4.55878,;579.003355,4.60887,;579.003355,4.65899,;579.003355,4.70907,;579.003355,4.75919,;579.003355,4.80931,;579.003355,4.85938,;579.003355,4.90946,;579.003355,4.95955,;579.003355,5.00965,;579.003355,5.05974,;579.003355,5.10986,;579.003355,5.15998,;579.003355,5.2101,;579.003355,5.26021,;579.003355,5.31034,;579.003355,5.36043,;579.003355,5.41051,;579.003355,5.4606,;579.003355,5.5107,;579.003355,5.56082,;579.003355,5.61094,;579.003355,5.66104,;579.003355,5.71116,;579.003355,5.76129,;579.003355,5.81142,;579.003355,5.86152,;579.003355,5.9116,;579.003355,5.96172,;579.003355,6.0118,;579.003355,6.06189,;567.971812,6.11199,;567.971812,6.16206,;567.971812,6.21216,;567.971812,6.26228,;567.971812,6.31236,;567.971812,6.36248,;567.971812,6.41257,;567.971812,6.46267,;567.971812,6.51276,;567.971812,6.56288,;567.971812,6.61296,;567.971812,6.66306,;567.971812,6.71315,;567.971812,6.76324,;567.971812,6.81333,;567.971812,6.86341,;567.971812,6.91351,;567.971812,6.9636,;567.971812,7.01368,;567.971812,7.06376,;567.971812,7.11385,;567.971812,7.16393,;567.971812,7.21405,;567.971812,7.26415,;567.971812,7.31428,;567.971812,7.36437,;567.971812,7.41448,;567.971812,7.46456,;567.971812,7.51465,;567.971812,7.56473,;567.971812,7.61485,;567.971812,7.66494,;567.971812,7.71503,;567.971812,7.76513,;567.971812,7.81521,;567.971812,7.86531,;567.971812,7.9154,;567.971812,7.96549,;567.589841,8.01561,;532.063424,8.06573,;532.063424,8.11585,;532.063424,8.16597,;532.063424,8.21609,;532.063424,8.26622,;532.063424,8.31632,;532.063424,8.36642,;529.380457,8.4165,;511.839789,8.46659,;511.839789,8.51671,;511.839789,8.5668,;511.839789,8.61688,;511.839789,8.66697,;511.839789,8.71707,;511.839789,8.76717,;511.839789,8.81726,;511.839789,8.86739,;511.839789,8.91748,;511.839789,8.96758,;511.839789,9.01767,;511.839789,9.06776,;511.839789,9.11789,;511.839789,9.16801,;511.839789,9.21814,;511.839789,9.26825,;511.839789,9.31837,;511.839789,9.36845,;511.839789,9.41857,;511.839789,9.46866,;511.839789,9.51879,;511.839789,9.56889,;511.839789,9.61901,;511.839789,9.6691,;511.839789,9.71922,;511.839789,9.76934,;511.839789,9.81945,;511.839789,9.86954,;511.839789,9.91967,;511.839789,9.96979,;511.839789,10.0199,;511.839789,10.07,;
inf,0.0500761,;901.595121,0.100188,;901.595121,0.150274,;901.595121,0.200356,;901.595121,0.250452,;891.008432,0.300541,;891.008432,0.350626,;891.008432,0.400705,;891.008432,0.450793,;891.008432,0.50091,;891.008432,0.551022,;891.008432,0.601129,;883.542322,0.651235,;868.044830,0.701346,;868.044830,0.751421,;850.717090,0.80151,;850.717090,0.851575,;850.717090,0.901663,;850.717090,0.951743,;850.717090,1.00182,;850.717090,1.05193,;836.582845,1.10202,;836.582845,1.15214,;836.582845,1.20223,;812.213630,1.25231,;812.213630,1.3024,;812.213630,1.35251,;812.213630,1.40262,;752.775208,1.45273,;752.775208,1.50285,;752.775208,1.55292,;708.068147,1.60302,;708.068147,1.65314,;708.068147,1.70326,;708.068147,1.75333,;708.068147,1.80345,;708.068147,1.85352,;708.068147,1.90363,;708.068147,1.95371,;708.068147,2.00381,;708.068147,2.05388,;708.068147,2.10395,;708.068147,2.15403,;708.068147,2.20412,;708.068147,2.25425,;667.875239,2.30436,;667.875239,2.35445,;667.875239,2.40457,;667.875239,2.45468,;667.875239,2.50479,;667.875239,2.55492,;667.875239,2.60503,;667.875239,2.65514,;667.875239,2.70526,;594.784120,2.75539,;594.784120,2.80551,;594.784120,2.85558,;594.784120,2.90566,;594.784120,2.95575,;588.896105,3.00582,;588.896105,3.05593,;588.896105,3.10601,;588.896105,3.15613,;588.896105,3.20625,;588.896105,3.25634,;588.896105,3.30643,;588.896105,3.35654,;588.896105,3.40662,;588.896105,3.45675,;588.896105,3.50685,;588.896105,3.55696,;588.896105,3.60707,;588.896105,3.65716,;588.896105,3.70723,;588.896105,3.75731,;588.896105,3.80739,;588.896105,3.85746,;588.896105,3.90754,;588.896105,3.95765,;588.896105,4.00777,;588.896105,4.05784,;566.902243,4.10796,;566.902243,4.15807,;566.902243,4.20818,;566.902243,4.2583,;566.902243,4.30838,;566.902243,4.3585,;566.902243,4.40859,;566.902243,4.4587,;566.902243,4.50878,;566.902243,4.55888,;566.902243,4.60898,;566.902243,4.65915,;566.902243,4.70923,;566.902243,4.75933,;566.902243,4.80941,;566.902243,4.8595,;566.902243,4.90962,;566.902243,4.95974,;566.902243,5.00981,;566.902243,5.05993,;566.902243,5.11004,;566.902243,5.16015,;566.902243,5.21024,;566.902243,5.26036,;566.902243,5.31046,;566.902243,5.36057,;525.229188,5.41069,;525.229188,5.4608,;525.229188,5.51091,;525.229188,5.56099,;525.229188,5.61111,;525.229188,5.66122,;525.229188,5.71133,;525.229188,5.76145,;525.229188,5.81157,;521.625622,5.86169,;521.625622,5.91182,;521.625622,5.96193,;521.625622,6.012,;521.625622,6.06208,;521.625622,6.11219,;521.625622,6.1623,;521.625622,6.21241,;521.625622,6.26254,;521.625622,6.31263,;521.625622,6.3627,;521.625622,6.41279,;521.625622,6.4629,;521.625622,6.51302,;521.625622,6.56314,;521.625622,6.61326,;521.625622,6.66337,;521.625622,6.71345,;521.625622,6.76353,;521.625622,6.8136,;521.625622,6.86368,;520.968962,6.91377,;520.968962,6.96388,;520.968962,7.01396,;520.968962,7.06407,;520.968962,7.11414,;520.968962,7.16426,;520.968962,7.21433,;520.968962,7.26442,;520.968962,7.31451,;520.968962,7.36467,;520.968962,7.41474,;520.968962,7.46482,;520.968962,7.5149,;520.968962,7.56499,;520.968962,7.61507,;520.968962,7.66519,;520.968962,7.71527,;520.968962,7.76535,;520.968962,7.81542,;520.968962,7.86551,;520.968962,7.91559,;520.968962,7.96567,;520.968962,8.01574,;520.968962,8.06582,;520.968962,8.11593,;520.968962,8.16604,;520.968962,8.21616,;520.968962,8.26628,;520.968962,8.31635,;520.968962,8.36643,;520.968962,8.41651,;520.968962,8.46658,;520.968962,8.51666,;520.968962,8.56674,;520.968962,8.61682,;520.968962,8.6669,;520.968962,8.71699,;520.968962,8.76711,;520.968962,8.81722,;520.968962,8.86729,;520.968962,8.91737,;520.968962,8.96745,;509.422076,9.01753,;509.422076,9.06762,;509.422076,9.1177,;509.422076,9.16777,;509.422076,9.21785,;509.422076,9.26794,;509.422076,9.31803,;509.422076,9.3682,;509.422076,9.41832,;509.422076,9.46844,;509.422076,9.51855,;509.422076,9.56868,;509.422076,9.61875,;509.422076,9.66887,;509.422076,9.71895,;509.422076,9.76904,;509.422076,9.81912,;509.422076,9.86924,;509.422076,9.91932,;509.422076,9.96948,;509.422076,10.0196,;
inf,0.0500727,;924.880827,0.100158,;924.880827,0.150275,;924.880827,0.200362,;924.880827,0.250452,;924.880827,0.300529,;924.880827,0.350651,;924.880827,0.400763,;924.880827,0.450801,;921.602294,0.500877,;908.626341,0.550994,;908.626341,0.60108,;908.626341,0.651158,;908.626341,0.701242,;882.261918,0.751342,;882.261918,0.801442,;868.302658,0.851564,;868.302658,0.901655,;868.302658,0.951769,;868.302658,1.00185,;868.302658,1.05198,;867.267357,1.10207,;867.267357,1.15219,;867.267357,1.2023,;825.259744,1.25239,;825.259744,1.30246,;825.259744,1.35254,;825.259744,1.40261,;825.259744,1.45269,;825.259744,1.50278,;825.259744,1.55287,;719.576072,1.603,;719.576072,1.65308,;719.576072,1.70321,;719.576072,1.7533,;719.576072,1.80339,;719.576072,1.85349,;719.576072,1.90361,;719.576072,1.9537,;719.576072,2.00382,;719.576072,2.05394,;719.576072,2.10406,;719.576072,2.15418,;719.576072,2.2043,;719.576072,2.25442,;719.576072,2.3045,;719.576072,2.35459,;719.576072,2.40467,;719.576072,2.45479,;688.861947,2.50488,;688.861947,2.55499,;688.861947,2.60509,;688.861947,2.65517,;688.861947,2.70527,;688.861947,2.7554,;688.861947,2.80551,;688.861947,2.8556,;688.861947,2.9057,;688.861947,2.95578,;688.861947,3.00585,;688.861947,3.05593,;688.861947,3.10601,;688.861947,3.15608,;688.861947,3.20612,;688.861947,3.25619,;688.861947,3.30628,;688.861947,3.35642,;626.064934,3.4065,;626.064934,3.45658,;626.064934,3.50665,;626.064934,3.55673,;626.064934,3.60681,;626.064934,3.65689,;626.064934,3.70701,;626.064934,3.75712,;626.064934,3.80721,;626.064934,3.85731,;626.064934,3.9074,;626.064934,3.95748,;626.064934,4.00757,;626.064934,4.05766,;626.064934,4.10776,;626.064934,4.15785,;626.064934,4.20794,;616.656416,4.25804,;616.656416,4.30813,;616.656416,4.35823,;616.656416,4.40832,;616.656416,4.45841,;616.656416,4.5085,;616.656416,4.55859,;616.656416,4.60867,;616.656416,4.65875,;616.656416,4.70884,;616.656416,4.75892,;616.656416,4.80902,;595.877775,4.85912,;595.877775,4.9092,;595.877775,4.95929,;595.877775,5.00937,;595.877775,5.05946,;595.877775,5.10956,;595.877775,5.15968,;595.877775,5.2098,;595.877775,5.25991,;595.877775,5.31003,;595.877775,5.36015,;595.877775,5.41024,;595.877775,5.46032,;595.877775,5.51041,;566.458619,5.56045,;526.899203,5.61057,;526.899203,5.66065,;526.899203,5.71075,;526.899203,5.76084,;526.899203,5.81092,;526.899203,5.86101,;526.899203,5.91111,;526.899203,5.9612,;526.899203,6.01129,;526.899203,6.06138,;526.899203,6.11146,;526.899203,6.16155,;526.899203,6.21163,;526.899203,6.26172,;526.899203,6.31181,;526.899203,6.36193,;510.837608,6.41202,;510.837608,6.46215,;510.837608,6.51227,;510.837608,6.56236,;510.837608,6.61249,;510.837608,6.6626,;510.837608,6.71268,;510.837608,6.7628,;510.837608,6.81292,;510.837608,6.86304,;510.837608,6.91313,;510.837608,6.96326,;510.837608,7.01334,;510.837608,7.06346,;510.837608,7.11354,;510.837608,7.16366,;510.837608,7.21375,;510.837608,7.26388,;510.837608,7.31401,;510.837608,7.36412,;510.837608,7.41424,;510.837608,7.46436,;510.837608,7.51448,;510.837608,7.56456,;510.837608,7.61468,;510.837608,7.66477,;510.837608,7.71489,;510.837608,7.76498,;510.837608,7.81508,;510.837608,7.86518,;510.837608,7.9153,;510.837608,7.96539,;510.837608,8.01551,;510.837608,8.0656,;510.837608,8.11569,;510.837608,8.16579,;510.837608,8.2159,;510.837608,8.26599,;510.837608,8.3161,;510.837608,8.36618,;510.837608,8.41626,;510.837608,8.46635,;510.837608,8.51645,;510.837608,8.56654,;510.837608,8.61662,;510.837608,8.66671,;510.837608,8.71681,;510.837608,8.76693,;510.837608,8.81702,;510.837608,8.86712,;510.837608,8.91721,;510.837608,8.96734,;510.837608,9.01744,;510.837608,9.06752,;510.837608,9.1176,;510.837608,9.16772,;510.837608,9.2178,;510.837608,9.26792,;510.837608,9.31801,;510.837608,9.36813,;510.837608,9.41823,;510.837608,9.46836,;510.837608,9.51845,;510.837608,9.56853,;510.837608,9.61862,;510.837608,9.66871,;510.837608,9.7188,;510.837608,9.7689,;510.837608,9.81899,;510.837608,9.8691,;510.837608,9.91922,;510.837608,9.96931,;510.837608,10.0194,;
1000.145859,0.0500557,;1000.145859,0.100165,;917.949175,0.150249,;917.949175,0.200372,;917.949175,0.25045,;863.797146,0.300541,;863.797146,0.350642,;863.797146,0.400752,;863.797146,0.450822,;863.797146,0.500894,;863.797146,0.550978,;863.797146,0.601137,;863.797146,0.651209,;863.797146,0.701277,;863.797146,0.751357,;863.797146,0.801447,;863.797146,0.851541,;863.797146,0.901617,;863.797146,0.951727,;848.655463,1.00181,;848.655463,1.0519,;848.655463,1.10199,;848.655463,1.15207,;848.655463,1.20216,;789.975982,1.25226,;789.975982,1.30237,;789.975982,1.35245,;789.975982,1.40254,;787.045638,1.45262,;787.045638,1.50272,;787.045638,1.5528,;787.045638,1.60292,;787.045638,1.653,;776.710600,1.70312,;776.710600,1.75319,;776.710600,1.80331,;776.710600,1.8534,;772.873113,1.90352,;772.873113,1.95361,;772.873113,2.00372,;772.873113,2.05381,;772.873113,2.10394,;772.873113,2.15402,;772.873113,2.20414,;772.873113,2.25425,;717.303956,2.30434,;717.303956,2.35445,;689.376444,2.40453,;637.111570,2.45466,;637.111570,2.50475,;637.111570,2.55484,;637.111570,2.60496,;637.111570,2.65505,;637.111570,2.70512,;637.111570,2.75523,;637.111570,2.80531,;637.111570,2.85539,;637.111570,2.90548,;626.309669,2.95557,;626.309669,3.00565,;626.309669,3.05574,;626.309669,3.10582,;626.309669,3.15594,;626.309669,3.20602,;626.309669,3.25613,;626.309669,3.30622,;626.309669,3.35634,;626.309669,3.40643,;626.309669,3.45656,;626.309669,3.50664,;626.309669,3.55674,;626.309669,3.60686,;626.309669,3.65699,;626.309669,3.70707,;626.309669,3.75714,;626.309669,3.80726,;626.309669,3.85734,;626.309669,3.90745,;626.309669,3.95753,;626.309669,4.00765,;626.309669,4.05775,;617.288937,4.10788,;617.288937,4.15796,;617.288937,4.20804,;617.288937,4.25813,;617.288937,4.30824,;617.288937,4.35832,;617.288937,4.40842,;617.288937,4.4585,;617.288937,4.5086,;617.288937,4.55869,;617.288937,4.60878,;550.415276,4.65889,;550.415276,4.70897,;550.415276,4.75905,;550.415276,4.8091,;550.415276,4.8592,;550.415276,4.90928,;550.415276,4.95937,;550.415276,5.00946,;550.415276,5.05955,;550.415276,5.10965,;550.415276,5.15977,;550.415276,5.20989,;550.415276,5.26001,;550.415276,5.3101,;550.415276,5.36023,;550.415276,5.41035,;543.272319,5.46046,;543.272319,5.51057,;543.272319,5.56065,;543.272319,5.61077,;543.272319,5.66086,;543.272319,5.71096,;543.272319,5.76108,;543.272319,5.81116,;539.687398,5.86124,;539.687398,5.91136,;539.687398,5.96146,;539.687398,6.01156,;539.687398,6.06167,;539.687398,6.11179,;539.687398,6.16189,;539.687398,6.21201,;539.687398,6.26209,;539.687398,6.31218,;539.687398,6.36228,;539.687398,6.41238,;539.687398,6.46248,;539.687398,6.5126,;539.687398,6.56269,;539.687398,6.61279,;539.687398,6.66291,;539.687398,6.713,;539.687398,6.76311,;539.687398,6.81319,;539.687398,6.8633,;539.687398,6.91339,;539.687398,6.96351,;539.687398,7.0136,;539.687398,7.06369,;539.687398,7.11377,;539.687398,7.16388,;539.687398,7.21398,;539.687398,7.2641,;539.687398,7.31421,;539.687398,7.36429,;539.687398,7.41437,;539.687398,7.46449,;537.296628,7.51462,;537.296628,7.5647,;537.296628,7.61479,;537.296628,7.66487,;537.296628,7.71495,;537.296628,7.76504,;537.296628,7.81516,;537.296628,7.86523,;537.296628,7.91531,;537.296628,7.9654,;537.296628,8.0155,;533.012106,8.06559,;533.012106,8.11569,;533.012106,8.16578,;533.012106,8.21587,;533.012106,8.26597,;533.012106,8.3161,;533.012106,8.36619,;533.012106,8.41631,;533.012106,8.4664,;533.012106,8.51648,;533.012106,8.56656,;533.012106,8.61667,;533.012106,8.66676,;533.012106,8.71686,;533.012106,8.76696,;533.012106,8.81706,;527.689370,8.86717,;527.689370,8.91725,;527.689370,8.96737,;527.689370,9.01745,;527.689370,9.06757,;527.689370,9.11766,;527.689370,9.16775,;525.658319,9.21784,;525.658319,9.26797,;525.658319,9.31806,;525.658319,9.36816,;525.658319,9.41825,;525.658319,9.46833,;525.658319,9.51842,;525.658319,9.56854,;525.658319,9.61863,;525.658319,9.66872,;525.658319,9.71881,;524.095173,9.7689,;524.095173,9.81899,;524.095173,9.8691,;524.095173,9.91922,;524.095173,9.9693,;524.095173,10.0194,;
inf,0.050018,;852.093277,0.100127,;852.093277,0.150197,;852.093277,0.200303,;851.285257,0.250392,;851.285257,0.300473,;851.285257,0.350557,;839.826593,0.400664,;815.601592,0.45074,;815.601592,0.50082,;815.601592,0.550908,;815.601592,0.600998,;815.601592,0.651076,;815.601592,0.701186,;760.946281,0.751256,;760.946281,0.801363,;760.946281,0.851453,;760.946281,0.901545,;760.946281,0.951684,;760.946281,1.00178,;760.946281,1.05189,;760.946281,1.10201,;760.946281,1.15212,;718.920339,1.2022,;718.920339,1.25227,;718.920339,1.3024,;718.920339,1.35251,;718.920339,1.4026,;718.920339,1.45269,;718.920339,1.50278,;718.920339,1.55287,;718.920339,1.60295,;718.920339,1.65307,;717.770300,1.70316,;698.688289,1.75328,;698.688289,1.80339,;698.688289,1.85351,;698.688289,1.90362,;698.688289,1.95374,;680.611248,2.00386,;680.611248,2.05397,;680.611248,2.10409,;680.611248,2.1542,;680.611248,2.20431,;680.611248,2.2544,;680.611248,2.3045,;680.611248,2.3546,;680.611248,2.40471,;680.611248,2.4548,;680.611248,2.50488,;675.892076,2.555,;675.892076,2.60511,;675.892076,2.65521,;671.161346,2.70532,;671.161346,2.75537,;671.161346,2.80546,;671.161346,2.85559,;671.161346,2.90571,;671.161346,2.95584,;655.132595,3.00592,;655.132595,3.056,;655.132595,3.10608,;655.132595,3.1562,;654.904254,3.2063,;654.904254,3.25637,;654.904254,3.30648,;654.904254,3.35659,;654.904254,3.4067,;654.904254,3.45682,;654.904254,3.50693,;654.904254,3.55704,;654.904254,3.60716,;654.904254,3.65727,;653.615729,3.70735,;653.615729,3.75747,;653.615729,3.80756,;653.615729,3.85764,;653.615729,3.90776,;653.615729,3.95783,;653.615729,4.00795,;653.615729,4.05803,;653.615729,4.10814,;653.615729,4.15826,;653.615729,4.20833,;653.615729,4.25843,;653.615729,4.30852,;653.615729,4.35861,;653.615729,4.40869,;653.615729,4.45878,;649.353912,4.50887,;649.353912,4.55896,;649.353912,4.60904,;649.353912,4.65911,;630.701168,4.70918,;630.701168,4.75925,;630.701168,4.80932,;630.701168,4.8594,;630.701168,4.90947,;630.701168,4.95954,;630.701168,5.00961,;630.701168,5.0597,;630.701168,5.10978,;630.701168,5.15987,;629.942679,5.20996,;629.942679,5.26012,;629.942679,5.31024,;629.942679,5.36035,;629.942679,5.41044,;629.942679,5.46053,;629.942679,5.51062,;629.942679,5.56074,;629.942679,5.61083,;608.467901,5.66094,;608.467901,5.71103,;608.467901,5.76114,;583.312163,5.81123,;583.312163,5.86135,;583.312163,5.91147,;583.312163,5.96158,;583.312163,6.01167,;583.312163,6.06178,;583.312163,6.1119,;583.312163,6.16201,;583.312163,6.21212,;583.312163,6.2622,;583.312163,6.31229,;583.312163,6.36237,;583.312163,6.41249,;583.312163,6.46257,;583.312163,6.51269,;583.312163,6.56279,;583.312163,6.6129,;583.312163,6.66297,;583.312163,6.7131,;583.312163,6.76321,;583.312163,6.81333,;583.312163,6.86345,;583.312163,6.91353,;583.312163,6.96361,;582.457166,7.01373,;582.457166,7.06388,;582.457166,7.11397,;582.457166,7.16409,;564.386562,7.21416,;564.386562,7.26423,;564.386562,7.31432,;564.386562,7.36444,;564.386562,7.41453,;562.365365,7.46461,;562.365365,7.51471,;562.365365,7.56479,;562.365365,7.61489,;562.365365,7.66497,;562.365365,7.71506,;562.365365,7.76514,;562.365365,7.81522,;562.365365,7.86529,;562.365365,7.91538,;562.365365,7.96546,;562.365365,8.01554,;562.365365,8.06561,;562.365365,8.1157,;562.365365,8.16581,;562.365365,8.2159,;562.365365,8.26599,;562.365365,8.31607,;562.365365,8.3661,;562.365365,8.41618,;562.365365,8.46625,;562.365365,8.51633,;562.365365,8.56641,;562.365365,8.61649,;562.365365,8.6666,;555.159859,8.71672,;555.159859,8.76681,;555.159859,8.81692,;555.159859,8.86701,;555.159859,8.91713,;555.159859,8.96721,;555.159859,9.01732,;555.159859,9.06741,;555.159859,9.1175,;555.159859,9.16761,;555.159859,9.21773,;555.159859,9.26784,;555.159859,9.31797,;555.159859,9.36809,;555.159859,9.41821,;555.159859,9.46833,;555.159859,9.51845,;541.660893,9.56857,;541.660893,9.61865,;541.660893,9.66874,;541.660893,9.71886,;541.660893,9.76898,;541.660893,9.81911,;541.660893,9.86924,;541.660893,9.91935,;541.660893,9.96948,;541.660893,10.0196,;
inf,0.0500653,;755.118309,0.100141,;755.118309,0.150226,;755.118309,0.200338,;755.118309,0.250408,;742.557511,0.300492,;742.557511,0.350575,;728.897463,0.400659,;728.897463,0.450758,;728.897463,0.50088,;728.897463,0.550962,;728.897463,0.60103,;728.897463,0.651153,;728.897463,0.701239,;728.897463,0.751325,;728.897463,0.801406,;711.355521,0.851515,;711.355521,0.901588,;711.355521,0.951677,;711.355521,1.00175,;711.355521,1.05187,;711.355521,1.102,;711.355521,1.15212,;711.355521,1.2022,;711.355521,1.25232,;711.355521,1.3024,;711.355521,1.35249,;711.355521,1.40257,;711.355521,1.45265,;711.355521,1.50273,;711.355521,1.55284,;711.355521,1.60295,;711.355521,1.65306,;711.355521,1.70312,;711.355521,1.75322,;711.355521,1.80333,;711.355521,1.85343,;711.355521,1.90352,;711.355521,1.9536,;711.355521,2.00368,;711.355521,2.05377,;711.355521,2.10386,;711.355521,2.15396,;711.355521,2.20407,;711.355521,2.25415,;614.083443,2.30427,;614.083443,2.35434,;614.083443,2.40442,;614.083443,2.4545,;614.083443,2.50463,;614.083443,2.55471,;614.083443,2.60483,;614.083443,2.65491,;614.083443,2.70499,;614.083443,2.75507,;614.083443,2.80517,;599.103119,2.8553,;592.776841,2.90542,;592.776841,2.9555,;592.776841,3.00559,;592.776841,3.05566,;592.776841,3.10575,;573.806483,3.15587,;573.806483,3.20596,;573.806483,3.25603,;573.806483,3.30611,;573.806483,3.3562,;573.806483,3.40633,;573.806483,3.45641,;573.806483,3.5065,;573.806483,3.55659,;573.806483,3.60667,;573.806483,3.65676,;573.806483,3.70684,;573.806483,3.75692,;573.806483,3.807,;573.806483,3.85709,;573.806483,3.90717,;573.806483,3.95725,;573.806483,4.00734,;573.806483,4.05744,;573.806483,4.10753,;573.806483,4.15761,;573.806483,4.20772,;573.806483,4.2578,;573.806483,4.30788,;573.806483,4.35798,;573.806483,4.40805,;573.806483,4.45813,;573.806483,4.50824,;573.806483,4.55833,;555.630514,4.60842,;555.630514,4.65851,;555.630514,4.70859,;553.878517,4.75866,;543.730662,4.80877,;543.730662,4.85885,;543.730662,4.90893,;543.730662,4.95905,;543.730662,5.00912,;543.730662,5.0592,;543.730662,5.10927,;543.730662,5.15939,;543.730662,5.20942,;543.730662,5.2595,;543.730662,5.30961,;543.730662,5.3597,;543.730662,5.40977,;543.730662,5.45986,;543.730662,5.50997,;543.730662,5.56006,;543.730662,5.61015,;543.730662,5.66024,;543.730662,5.71032,;543.730662,5.76041,;543.730662,5.8105,;543.730662,5.8606,;543.730662,5.91071,;543.730662,5.96083,;543.730662,6.01095,;543.730662,6.06104,;543.730662,6.11115,;543.730662,6.16124,;540.454580,6.21132,;540.454580,6.26143,;540.454580,6.31152,;540.454580,6.3616,;540.454580,6.41168,;540.454580,6.46176,;540.454580,6.51188,;540.454580,6.56198,;540.454580,6.6121,;540.454580,6.66217,;540.454580,6.71225,;540.454580,6.76233,;540.454580,6.81241,;540.454580,6.86248,;540.454580,6.91256,;540.454580,6.96263,;540.454580,7.01271,;540.454580,7.06281,;540.454580,7.11292,;540.454580,7.16301,;540.454580,7.21311,;540.454580,7.2632,;525.097546,7.31329,;525.097546,7.36336,;525.097546,7.41348,;525.097546,7.46358,;525.097546,7.51366,;525.097546,7.56375,;525.097546,7.61383,;525.097546,7.66391,;525.097546,7.714,;525.097546,7.76408,;525.097546,7.81416,;525.097546,7.86425,;525.097546,7.91433,;525.097546,7.96442,;525.097546,8.01451,;525.097546,8.06462,;525.097546,8.11471,;525.097546,8.16483,;525.097546,8.21494,;525.097546,8.26505,;525.097546,8.31513,;525.097546,8.36522,;525.097546,8.41531,;525.097546,8.46541,;525.097546,8.51552,;525.097546,8.5656,;525.097546,8.61571,;525.097546,8.6658,;525.097546,8.71589,;525.097546,8.76597,;525.097546,8.81606,;525.097546,8.86615,;525.097546,8.91623,;525.097546,8.9663,;525.097546,9.01641,;525.097546,9.0665,;525.097546,9.11662,;525.097546,9.1667,;525.097546,9.21681,;525.097546,9.2669,;525.097546,9.31702,;525.097546,9.36709,;525.097546,9.41721,;525.097546,9.46729,;525.097546,9.51738,;525.097546,9.5675,;525.097546,9.61758,;525.097546,9.66772,;525.097546,9.71781,;525.097546,9.76793,;525.097546,9.81803,;525.097546,9.86814,;525.097546,9.91823,;525.097546,9.96831,;525.097546,10.0184,;
inf,0.0500948,;885.991241,0.100203,;885.991241,0.15031,;885.991241,0.200416,;885.991241,0.250489,;885.991241,0.300572,;885.991241,0.350649,;866.798832,0.400765,;866.798832,0.450846,;866.798832,0.500928,;866.798832,0.551039,;843.469428,0.601119,;843.469428,0.651207,;843.469428,0.701292,;824.945591,0.751372,;824.945591,0.801478,;824.945591,0.851589,;752.431322,0.901698,;752.431322,0.951771,;752.431322,1.00188,;752.431322,1.05199,;752.431322,1.10211,;752.431322,1.15219,;752.431322,1.20231,;752.431322,1.25239,;752.431322,1.30247,;749.100612,1.35258,;749.100612,1.40269,;749.100612,1.45281,;749.100612,1.50293,;723.315423,1.55304,;723.315423,1.60315,;713.416149,1.65324,;713.416149,1.70333,;713.416149,1.75344,;713.416149,1.80353,;713.416149,1.85364,;713.416149,1.90375,;713.416149,1.95386,;713.416149,2.00397,;699.670020,2.05409,;699.670020,2.10419,;699.670020,2.15428,;699.670020,2.20442,;699.670020,2.2545,;699.670020,2.30459,;699.670020,2.35468,;699.670020,2.40481,;699.670020,2.45493,;699.670020,2.50506,;699.670020,2.55517,;699.670020,2.60529,;699.670020,2.65536,;699.670020,2.70547,;699.670020,2.7556,;639.762473,2.80572,;639.762473,2.85584,;639.762473,2.90593,;639.762473,2.95601,;621.363777,3.00609,;621.363777,3.05621,;621.363777,3.10629,;621.363777,3.1564,;621.363777,3.20648,;621.363777,3.25657,;621.363777,3.30665,;621.363777,3.35677,;621.363777,3.40685,;621.363777,3.45697,;620.099793,3.50706,;620.099793,3.55718,;620.099793,3.60727,;620.099793,3.65739,;584.365988,3.70748,;584.365988,3.75755,;554.006860,3.80763,;554.006860,3.8577,;554.006860,3.90777,;554.006860,3.95784,;554.006860,4.00791,;554.006860,4.05798,;554.006860,4.10807,;554.006860,4.15815,;554.006860,4.20821,;554.006860,4.2583,;554.006860,4.30842,;554.006860,4.35847,;554.006860,4.40858,;554.006860,4.45866,;554.006860,4.50877,;554.006860,4.55886,;554.006860,4.60893,;554.006860,4.659,;554.006860,4.70908,;554.006860,4.75915,;554.006860,4.80927,;554.006860,4.85936,;554.006860,4.90948,;554.006860,4.95957,;554.006860,5.00969,;554.006860,5.05979,;536.136420,5.10996,;536.136420,5.16004,;536.136420,5.21012,;536.136420,5.2602,;536.136420,5.3103,;536.136420,5.36041,;536.136420,5.41046,;536.136420,5.46057,;536.136420,5.51065,;528.002485,5.56078,;528.002485,5.61087,;528.002485,5.66099,;528.002485,5.71107,;528.002485,5.76116,;528.002485,5.81126,;528.002485,5.86139,;528.002485,5.91152,;528.002485,5.96163,;528.002485,6.01171,;528.002485,6.06184,;528.002485,6.11195,;528.002485,6.16207,;528.002485,6.21218,;528.002485,6.26229,;528.002485,6.31242,;528.002485,6.3625,;528.002485,6.41257,;528.002485,6.46265,;528.002485,6.51273,;528.002485,6.56284,;528.002485,6.61295,;528.002485,6.66304,;528.002485,6.71316,;528.002485,6.76325,;527.886613,6.81334,;527.886613,6.86343,;527.886613,6.91355,;527.886613,6.96365,;527.886613,7.01374,;527.886613,7.06383,;527.886613,7.11392,;527.886613,7.16404,;527.886613,7.21415,;527.886613,7.26424,;527.886613,7.31433,;527.886613,7.36442,;527.886613,7.41449,;527.886613,7.46457,;527.886613,7.5146,;527.886613,7.56472,;527.886613,7.61484,;527.886613,7.66495,;523.534611,7.71507,;523.534611,7.76518,;522.291898,7.81532,;522.291898,7.86543,;522.291898,7.91552,;522.291898,7.96564,;522.291898,8.01576,;522.291898,8.06587,;522.291898,8.11599,;516.036147,8.16612,;516.036147,8.21623,;516.036147,8.26635,;516.036147,8.31643,;516.036147,8.36652,;513.100035,8.41664,;513.100035,8.46672,;513.100035,8.51683,;513.100035,8.56695,;513.100035,8.61707,;513.100035,8.66718,;513.100035,8.7173,;513.100035,8.76738,;513.100035,8.81747,;513.100035,8.86759,;513.100035,8.91771,;513.100035,8.96783,;513.100035,9.01795,;513.100035,9.06804,;513.100035,9.11815,;513.100035,9.16826,;513.100035,9.21834,;513.100035,9.26842,;513.100035,9.31851,;513.100035,9.36859,;513.100035,9.41866,;513.100035,9.46874,;513.100035,9.51882,;511.407163,9.56895,;511.407163,9.61906,;511.407163,9.66915,;511.407163,9.71927,;511.407163,9.76939,;511.407163,9.8195,;511.407163,9.86961,;511.407163,9.91973,;511.407163,9.96984,;
inf,0.0500941,;881.769531,0.100184,;881.769531,0.150295,;880.302956,0.200384,;880.302956,0.250508,;880.302956,0.300623,;880.302956,0.350737,;880.302956,0.400882,;880.302956,0.45099,;871.725186,0.501095,;871.725186,0.551189,;871.725186,0.601304,;871.725186,0.651398,;871.725186,0.701493,;871.725186,0.751588,;871.725186,0.801674,;871.725186,0.851795,;782.940407,0.901903,;782.940407,0.951994,;782.940407,1.00211,;782.940407,1.05222,;782.940407,1.1023,;782.940407,1.15241,;782.940407,1.2025,;772.308928,1.25261,;772.308928,1.30271,;772.308928,1.35283,;772.308928,1.40291,;761.410541,1.45301,;761.410541,1.5031,;761.410541,1.5532,;761.410541,1.60328,;761.410541,1.65337,;761.410541,1.70346,;761.410541,1.75358,;761.410541,1.80367,;761.410541,1.85379,;696.506693,1.90386,;696.506693,1.95398,;696.506693,2.00406,;669.650039,2.05415,;669.650039,2.10423,;669.650039,2.15435,;669.650039,2.20447,;669.650039,2.25459,;669.650039,2.30468,;669.650039,2.35476,;669.650039,2.40487,;669.650039,2.45495,;669.650039,2.50508,;669.650039,2.55517,;669.650039,2.60526,;669.650039,2.6554,;669.650039,2.70549,;669.650039,2.75558,;669.650039,2.80566,;669.650039,2.85576,;669.650039,2.90585,;669.650039,2.95594,;669.650039,3.00607,;669.650039,3.05618,;669.650039,3.1063,;669.650039,3.15642,;669.650039,3.20655,;669.650039,3.25664,;669.650039,3.30672,;669.650039,3.35685,;669.650039,3.40693,;669.650039,3.45709,;669.650039,3.50717,;608.172773,3.55729,;608.172773,3.60738,;608.172773,3.6575,;608.172773,3.70759,;582.593628,3.75768,;562.749920,3.80776,;562.749920,3.85789,;562.749920,3.90802,;562.278231,3.9581,;562.278231,4.00822,;562.278231,4.05834,;562.278231,4.10842,;562.278231,4.15855,;562.278231,4.20864,;562.278231,4.25871,;562.278231,4.30879,;562.278231,4.35887,;562.278231,4.40895,;562.278231,4.45904,;562.278231,4.50914,;562.278231,4.55925,;562.278231,4.60936,;562.278231,4.65945,;562.278231,4.70953,;562.278231,4.75962,;562.278231,4.80972,;562.278231,4.85981,;562.278231,4.9099,;562.278231,4.96,;537.281409,5.01008,;537.281409,5.06016,;537.281409,5.11025,;537.281409,5.16034,;537.281409,5.21046,;537.281409,5.26059,;537.281409,5.31067,;537.281409,5.3608,;537.281409,5.41089,;537.281409,5.46096,;537.281409,5.51105,;537.281409,5.56117,;537.281409,5.61127,;537.281409,5.66138,;537.281409,5.71148,;537.281409,5.76158,;537.281409,5.81169,;537.281409,5.86181,;537.281409,5.91191,;537.281409,5.96202,;537.281409,6.01212,;537.281409,6.06224,;537.281409,6.11233,;537.281409,6.16243,;537.281409,6.21255,;537.281409,6.26267,;537.281409,6.31278,;537.281409,6.36286,;537.281409,6.41295,;537.281409,6.46304,;527.321136,6.51316,;527.321136,6.56325,;527.321136,6.61337,;527.321136,6.66346,;527.321136,6.71359,;527.321136,6.7637,;527.321136,6.81381,;527.321136,6.86393,;527.321136,6.91405,;527.321136,6.96417,;527.321136,7.01429,;517.409376,7.06441,;517.409376,7.1145,;517.409376,7.16463,;517.409376,7.21476,;517.409376,7.26488,;517.409376,7.31495,;517.409376,7.36503,;517.409376,7.41511,;517.409376,7.46521,;517.409376,7.5153,;517.409376,7.56542,;517.409376,7.61552,;517.409376,7.66564,;517.409376,7.71576,;517.409376,7.76587,;517.409376,7.81599,;517.409376,7.8661,;517.409376,7.91622,;517.409376,7.96634,;517.409376,8.01645,;517.409376,8.06657,;517.409376,8.11669,;517.409376,8.16677,;517.409376,8.21685,;517.409376,8.26694,;517.409376,8.31706,;517.409376,8.36715,;517.409376,8.41723,;508.397790,8.46733,;506.081357,8.51745,;506.081357,8.56753,;506.081357,8.61765,;506.081357,8.66778,;506.081357,8.71789,;506.081357,8.76802,;500.801274,8.81814,;500.801274,8.86822,;500.801274,8.9183,;500.801274,8.96842,;500.801274,9.01854,;500.801274,9.06866,;500.801274,9.11874,;500.801274,9.16883,;500.801274,9.21891,;500.801274,9.26898,;500.801274,9.31907,;500.801274,9.36916,;500.801274,9.41928,;498.278375,9.46937,;498.278375,9.5195,;498.278375,9.56959,;498.278375,9.61971,;498.278375,9.6698,;498.278375,9.71992,;498.278375,9.77001,;498.278375,9.82014,;498.278375,9.87024,;498.278375,9.92036,;498.278375,9.97048,;498.278375,10.0206,;
inf,0.0501051,;inf,0.100199,;1016.259743,0.150332,;1016.259743,0.200443,;973.888048,0.250537,;936.125444,0.300657,;936.125444,0.350765,;936.125444,0.400849,;871.825348,0.450946,;871.825348,0.501042,;853.559312,0.551152,;853.559312,0.60124,;853.559312,0.651319,;853.559312,0.701393,;853.559312,0.751463,;853.559312,0.801536,;853.559312,0.851624,;853.559312,0.901747,;853.559312,0.951835,;853.559312,1.00192,;745.919219,1.052,;745.919219,1.1021,;745.919219,1.15222,;745.919219,1.20231,;745.919219,1.25241,;745.919219,1.30253,;745.919219,1.35264,;745.919219,1.40275,;745.919219,1.45286,;745.919219,1.50296,;745.919219,1.55312,;745.919219,1.60322,;745.919219,1.65333,;745.919219,1.70341,;745.919219,1.75353,;745.919219,1.80362,;745.919219,1.85374,;745.919219,1.90383,;745.919219,1.95395,;745.919219,2.00406,;745.919219,2.05418,;745.919219,2.10427,;745.919219,2.15439,;745.919219,2.20448,;745.919219,2.25458,;745.919219,2.3047,;745.919219,2.35483,;745.919219,2.40491,;745.919219,2.45506,;745.919219,2.50515,;745.919219,2.55522,;745.919219,2.6053,;745.919219,2.65538,;745.919219,2.70547,;745.919219,2.75556,;745.919219,2.80566,;745.919219,2.85575,;745.919219,2.90584,;745.919219,2.95593,;745.919219,3.00602,;745.919219,3.05611,;745.919219,3.1062,;745.919219,3.15629,;745.919219,3.20637,;745.919219,3.25647,;745.919219,3.30656,;745.919219,3.35665,;745.919219,3.40675,;745.919219,3.45684,;745.919219,3.50697,;677.722868,3.55705,;677.722868,3.60713,;677.722868,3.65723,;677.722868,3.7073,;677.722868,3.75743,;667.544716,3.80751,;667.544716,3.85759,;667.544716,3.90767,;613.523950,3.95775,;613.523950,4.00783,;613.523950,4.05791,;613.523950,4.108,;613.523950,4.1581,;613.523950,4.20819,;613.523950,4.25828,;613.523950,4.30836,;613.523950,4.35844,;613.523950,4.40854,;613.523950,4.45866,;613.523950,4.50875,;613.523950,4.55884,;613.523950,4.60893,;613.523950,4.65902,;613.523950,4.70911,;613.523950,4.75921,;613.523950,4.80928,;613.523950,4.85936,;613.523950,4.90948,;613.523950,4.95958,;613.523950,5.0097,;613.523950,5.05979,;611.503243,5.10991,;611.503243,5.16001,;587.262688,5.21012,;587.262688,5.26021,;587.262688,5.3103,;587.262688,5.36041,;587.262688,5.41052,;587.262688,5.46065,;586.877134,5.51074,;586.877134,5.56082,;586.877134,5.61091,;586.877134,5.661,;586.877134,5.71113,;586.877134,5.76125,;586.877134,5.81134,;586.877134,5.86146,;569.461719,5.91156,;569.461719,5.96167,;569.461719,6.01177,;569.461719,6.0619,;569.461719,6.11199,;569.461719,6.16211,;569.461719,6.2122,;569.461719,6.26232,;569.461719,6.3124,;569.461719,6.36249,;569.461719,6.4126,;569.461719,6.46272,;569.461719,6.51285,;569.461719,6.56296,;569.461719,6.61308,;569.461719,6.6632,;569.461719,6.71332,;569.461719,6.7634,;569.461719,6.81353,;569.461719,6.86361,;569.461719,6.91374,;569.461719,6.96384,;569.461719,7.01393,;569.461719,7.064,;569.461719,7.1141,;569.461719,7.1642,;569.461719,7.21431,;569.461719,7.26441,;554.824136,7.31455,;554.824136,7.36465,;554.824136,7.41473,;554.824136,7.46485,;554.824136,7.51497,;554.824136,7.56509,;554.824136,7.61521,;554.824136,7.66533,;554.824136,7.71542,;554.824136,7.76553,;554.824136,7.81563,;554.824136,7.86575,;554.824136,7.91585,;554.824136,7.96597,;554.824136,8.01606,;554.824136,8.06615,;554.824136,8.11626,;554.824136,8.16638,;554.824136,8.21647,;554.824136,8.2666,;554.824136,8.31672,;554.824136,8.36683,;554.824136,8.41695,;554.824136,8.46707,;554.824136,8.51719,;554.824136,8.56724,;554.824136,8.61736,;554.824136,8.66744,;554.824136,8.71755,;554.824136,8.76765,;554.824136,8.81777,;554.824136,8.86787,;554.824136,8.91796,;554.824136,8.96809,;554.824136,9.0182,;554.824136,9.06828,;524.142556,9.11837,;524.142556,9.16847,;524.142556,9.2186,;524.142556,9.2687,;524.142556,9.31882,;524.142556,9.36894,;524.142556,9.41906,;524.142556,9.46916,;524.142556,9.51922,;524.142556,9.56935,;524.142556,9.61947,;524.142556,9.66959,;524.142556,9.7197,;524.142556,9.76982,;524.142556,9.81991,;524.142556,9.87001,;524.142556,9.92015,;524.142556,9.97027,;524.142556,10.0204,;
inf,0.0500674,;inf,0.100152,;1112.501888,0.15024,;1008.561421,0.200334,;974.133560,0.25041,;974.133560,0.300489,;974.133560,0.350578,;974.133560,0.400672,;974.133560,0.450776,;941.698838,0.500898,;941.698838,0.551005,;928.035635,0.601118,;928.035635,0.6512,;920.797405,0.701277,;920.797405,0.751383,;920.797405,0.801541,;920.797405,0.851651,;920.797405,0.90176,;920.797405,0.951853,;920.797405,1.00194,;905.523415,1.05203,;905.523415,1.1021,;905.523415,1.15219,;905.523415,1.2023,;905.523415,1.25241,;905.523415,1.30252,;905.523415,1.35264,;903.174902,1.40275,;869.980083,1.45286,;869.980083,1.50298,;869.980083,1.55307,;869.980083,1.60319,;869.980083,1.65326,;869.980083,1.70337,;869.980083,1.75348,;869.980083,1.8036,;869.980083,1.85371,;869.980083,1.90382,;869.980083,1.95395,;869.980083,2.00403,;869.980083,2.05415,;849.780756,2.10424,;849.780756,2.15432,;849.780756,2.20441,;849.780756,2.25449,;842.242443,2.30459,;842.242443,2.35471,;842.242443,2.40482,;842.242443,2.45493,;842.242443,2.50502,;842.242443,2.55514,;842.242443,2.60525,;842.242443,2.65537,;842.242443,2.70548,;842.242443,2.75559,;836.591435,2.8057,;836.591435,2.85582,;836.591435,2.9059,;836.385250,2.95597,;836.385250,3.00607,;836.385250,3.05615,;836.385250,3.10627,;836.385250,3.15636,;610.355040,3.20648,;610.355040,3.25657,;610.355040,3.30669,;610.355040,3.35681,;610.355040,3.40693,;610.355040,3.45706,;606.141439,3.50719,;606.141439,3.55728,;606.141439,3.6074,;597.954789,3.65751,;597.954789,3.70759,;597.954789,3.7577,;583.089205,3.80778,;583.089205,3.85788,;583.089205,3.90796,;583.089205,3.95808,;583.089205,4.00821,;583.089205,4.05831,;583.089205,4.10842,;583.089205,4.15854,;583.089205,4.20862,;583.089205,4.25872,;583.089205,4.30881,;583.089205,4.3589,;583.089205,4.40898,;583.089205,4.45908,;583.089205,4.50917,;583.089205,4.55926,;583.089205,4.60935,;583.089205,4.65942,;583.089205,4.70954,;583.089205,4.75966,;557.607821,4.80976,;557.607821,4.8599,;557.607821,4.90998,;557.607821,4.96007,;557.607821,5.01019,;557.607821,5.06035,;557.607821,5.11043,;557.607821,5.16052,;557.607821,5.21061,;557.607821,5.2607,;557.607821,5.3108,;557.607821,5.36089,;557.607821,5.41098,;557.607821,5.46107,;557.607821,5.5112,;557.607821,5.56129,;557.607821,5.61138,;557.607821,5.66151,;557.607821,5.71163,;557.607821,5.76175,;557.607821,5.81185,;557.607821,5.86198,;557.607821,5.91206,;557.607821,5.96218,;557.607821,6.01228,;557.607821,6.06239,;557.607821,6.11252,;557.607821,6.16263,;557.607821,6.21275,;557.607821,6.26287,;557.607821,6.31295,;557.607821,6.36307,;557.607821,6.41315,;557.607821,6.46323,;557.607821,6.51332,;557.607821,6.56349,;557.607821,6.61361,;557.607821,6.66374,;557.607821,6.71383,;557.607821,6.76392,;557.607821,6.81404,;557.607821,6.86412,;557.607821,6.91425,;557.607821,6.96435,;557.607821,7.01444,;557.607821,7.06454,;557.607821,7.11465,;557.607821,7.16475,;557.607821,7.21483,;531.501638,7.26494,;531.501638,7.31502,;531.501638,7.36511,;531.501638,7.41521,;531.501638,7.46529,;531.501638,7.51538,;531.501638,7.56547,;531.501638,7.61558,;531.501638,7.66566,;531.501638,7.71577,;531.501638,7.76589,;531.501638,7.81597,;531.501638,7.8661,;531.501638,7.9162,;531.501638,7.96631,;531.501638,8.0164,;529.764575,8.0665,;529.764575,8.11663,;529.764575,8.16671,;522.797590,8.21681,;522.797590,8.26692,;522.375226,8.31703,;522.375226,8.36712,;522.375226,8.4172,;522.375226,8.46728,;522.375226,8.51737,;522.375226,8.56745,;522.375226,8.61753,;522.375226,8.66761,;522.375226,8.71769,;522.375226,8.76777,;522.375226,8.81784,;522.375226,8.86792,;522.375226,8.91801,;522.375226,8.96809,;522.375226,9.01817,;522.375226,9.06825,;522.375226,9.11834,;522.375226,9.16843,;522.375226,9.21851,;522.375226,9.26859,;522.375226,9.31871,;522.375226,9.3688,;522.375226,9.41892,;522.375226,9.46902,;522.375226,9.5191,;522.375226,9.56918,;522.375226,9.61931,;522.375226,9.66939,;522.375226,9.71953,;522.375226,9.76962,;522.375226,9.81971,;522.375226,9.86978,;522.375226,9.91984,;522.375226,9.96992,;522.375226,10.02,;
inf,0.0500979,;917.140784,0.100212,;917.140784,0.15032,;917.140784,0.200428,;917.140784,0.250539,;917.140784,0.300649,;917.140784,0.350749,;917.140784,0.400854,;917.140784,0.450928,;917.140784,0.501038,;917.140784,0.551127,;902.951155,0.60124,;902.951155,0.651338,;853.926723,0.701455,;853.926723,0.751543,;853.926723,0.801623,;853.926723,0.851713,;853.926723,0.901832,;853.926723,0.951943,;853.926723,1.00206,;835.772444,1.05217,;835.772444,1.10229,;835.772444,1.1524,;835.772444,1.20251,;835.772444,1.25258,;835.772444,1.30266,;835.772444,1.35277,;785.138466,1.40284,;768.234096,1.45292,;737.419936,1.503,;737.419936,1.55312,;737.419936,1.6032,;737.419936,1.65332,;737.419936,1.70341,;737.419936,1.75353,;737.419936,1.80362,;737.419936,1.85373,;733.480757,1.90382,;733.480757,1.95393,;733.480757,2.00402,;733.480757,2.05414,;733.480757,2.10425,;728.934004,2.15436,;728.934004,2.20444,;728.934004,2.25453,;728.934004,2.30461,;728.934004,2.35471,;728.934004,2.40481,;728.934004,2.45489,;728.934004,2.50501,;728.934004,2.55512,;728.934004,2.60523,;728.934004,2.65532,;728.934004,2.70541,;728.934004,2.75549,;728.934004,2.80558,;728.934004,2.85567,;697.497502,2.90576,;697.497502,2.95584,;697.497502,3.00596,;697.497502,3.0561,;697.497502,3.10621,;697.497502,3.15632,;697.497502,3.20643,;697.497502,3.25654,;697.497502,3.30665,;697.497502,3.35673,;697.497502,3.4068,;697.497502,3.45689,;697.497502,3.50698,;697.497502,3.55707,;573.880742,3.60716,;573.880742,3.65725,;573.880742,3.70733,;573.880742,3.75742,;569.133446,3.80751,;569.133446,3.8576,;567.394112,3.90768,;567.394112,3.95776,;567.394112,4.00785,;567.394112,4.05794,;567.394112,4.10806,;567.394112,4.15815,;567.394112,4.20824,;567.394112,4.25833,;567.394112,4.30844,;567.394112,4.35851,;567.394112,4.40862,;565.674286,4.45871,;565.674286,4.50881,;565.674286,4.55888,;565.674286,4.60896,;565.674286,4.65904,;564.359954,4.70917,;564.359954,4.75925,;564.359954,4.80934,;564.359954,4.85941,;564.359954,4.90954,;564.359954,4.95962,;564.359954,5.0097,;553.811158,5.05981,;553.811158,5.10989,;553.811158,5.15998,;553.811158,5.21007,;553.811158,5.26016,;553.811158,5.31025,;553.811158,5.36034,;553.811158,5.41043,;553.811158,5.46055,;553.811158,5.51067,;553.811158,5.56078,;553.811158,5.61085,;553.811158,5.66097,;553.811158,5.71106,;553.811158,5.76118,;553.811158,5.81127,;553.811158,5.86138,;553.811158,5.91147,;553.811158,5.96159,;553.811158,6.01168,;553.811158,6.06179,;553.811158,6.11188,;553.811158,6.16199,;553.811158,6.21211,;553.811158,6.26222,;553.811158,6.3123,;553.811158,6.36241,;553.811158,6.41252,;553.811158,6.46263,;553.811158,6.51275,;553.811158,6.56282,;553.811158,6.61293,;553.811158,6.66301,;553.811158,6.71315,;553.811158,6.76324,;553.811158,6.81331,;553.811158,6.8634,;553.811158,6.91352,;553.811158,6.96363,;553.811158,7.01376,;553.811158,7.06384,;553.811158,7.11393,;553.811158,7.16406,;553.811158,7.21417,;538.835339,7.26426,;538.835339,7.31438,;538.835339,7.36449,;538.835339,7.4146,;538.835339,7.46471,;530.340624,7.51477,;530.340624,7.56488,;530.340624,7.61495,;530.340624,7.66507,;530.340624,7.71516,;530.340624,7.76527,;530.340624,7.81536,;530.340624,7.86548,;530.340624,7.91556,;530.340624,7.96568,;530.340624,8.01579,;530.340624,8.0659,;530.340624,8.11601,;530.340624,8.16612,;530.340624,8.21623,;530.340624,8.26634,;530.340624,8.31645,;530.340624,8.36658,;530.340624,8.41669,;530.340624,8.46674,;530.340624,8.51684,;530.340624,8.56692,;530.340624,8.61703,;530.340624,8.66711,;530.340624,8.71723,;530.340624,8.76733,;530.340624,8.81743,;530.340624,8.86751,;530.340624,8.91763,;530.340624,8.96774,;530.340624,9.01786,;530.340624,9.06794,;530.340624,9.11805,;530.340624,9.16817,;530.340624,9.2183,;530.340624,9.2684,;530.340624,9.31852,;530.340624,9.3686,;530.340624,9.4187,;530.340624,9.46879,;530.340624,9.51887,;530.340624,9.56894,;530.340624,9.61901,;530.340624,9.66914,;530.340624,9.71922,;530.340624,9.76931,;530.340624,9.81938,;530.340624,9.86949,;530.340624,9.91958,;530.340624,9.96969,;530.340624,10.0198,;
inf,0.0500733,;719.870015,0.100188,;719.870015,0.150283,;719.870015,0.200359,;697.693303,0.250452,;697.693303,0.300567,;697.693303,0.350637,;671.633790,0.400748,;671.633790,0.450855,;671.633790,0.500964,;631.943728,0.551074,;631.943728,0.601185,;631.943728,0.651294,;631.943728,0.701387,;631.943728,0.751498,;631.943728,0.801572,;631.943728,0.851651,;631.943728,0.901741,;631.943728,0.951857,;631.943728,1.00197,;631.943728,1.05208,;631.943728,1.10217,;625.805991,1.15228,;625.805991,1.20237,;620.826408,1.25245,;620.826408,1.30258,;620.826408,1.35269,;620.826408,1.40278,;620.826408,1.45289,;606.713346,1.503,;606.713346,1.55308,;606.713346,1.6032,;606.713346,1.6533,;606.713346,1.70342,;606.713346,1.75351,;606.713346,1.80359,;606.339813,1.85368,;606.339813,1.9038,;606.339813,1.95389,;606.339813,2.00397,;606.339813,2.0541,;606.339813,2.10421,;606.339813,2.15433,;606.339813,2.20444,;606.339813,2.25457,;606.339813,2.30469,;606.339813,2.35478,;606.339813,2.40487,;606.339813,2.45497,;606.339813,2.50506,;606.339813,2.55514,;606.339813,2.60523,;606.339813,2.65538,;606.339813,2.70546,;606.339813,2.75558,;606.339813,2.80568,;606.339813,2.85576,;606.339813,2.90586,;606.339813,2.95598,;606.339813,3.00608,;606.339813,3.05619,;606.339813,3.1063,;606.339813,3.15642,;606.339813,3.20651,;606.339813,3.25663,;606.339813,3.30675,;583.445347,3.35688,;583.445347,3.40698,;583.445347,3.45706,;583.445347,3.50714,;583.445347,3.55723,;583.445347,3.60734,;583.445347,3.65742,;583.445347,3.70751,;583.445347,3.7576,;583.445347,3.80767,;583.445347,3.85776,;583.445347,3.90788,;583.445347,3.95797,;570.222149,4.00809,;570.222149,4.05818,;570.222149,4.1083,;570.222149,4.1584,;570.222149,4.20852,;570.222149,4.25861,;570.222149,4.30873,;570.222149,4.35882,;570.222149,4.4089,;570.222149,4.45903,;570.222149,4.50914,;562.200918,4.55923,;562.200918,4.60932,;562.200918,4.65944,;562.200918,4.70952,;558.953005,4.75964,;558.953005,4.80973,;558.953005,4.85982,;558.953005,4.90991,;558.953005,4.96001,;558.953005,5.0101,;558.953005,5.06022,;558.953005,5.1103,;550.203997,5.16039,;550.203997,5.21051,;550.203997,5.26061,;550.203997,5.31071,;550.203997,5.36084,;550.203997,5.41093,;550.203997,5.46101,;550.203997,5.51111,;550.203997,5.5612,;550.203997,5.61128,;550.203997,5.66133,;550.203997,5.71142,;550.203997,5.76151,;550.203997,5.81162,;550.203997,5.86171,;550.203997,5.91181,;550.203997,5.96189,;533.931356,6.01197,;533.931356,6.06208,;533.931356,6.1122,;533.931356,6.16232,;533.931356,6.21243,;533.931356,6.26253,;533.931356,6.31262,;533.931356,6.36274,;533.931356,6.41286,;533.931356,6.46297,;533.931356,6.51307,;533.931356,6.56319,;533.931356,6.61331,;533.931356,6.66343,;533.931356,6.71351,;523.391956,6.76363,;523.391956,6.81372,;523.391956,6.86382,;523.391956,6.91391,;522.832204,6.96399,;522.832204,7.01407,;522.832204,7.06416,;522.832204,7.11424,;522.832204,7.16432,;522.832204,7.21442,;522.832204,7.2645,;522.832204,7.31464,;522.832204,7.36476,;522.832204,7.41485,;522.832204,7.46494,;522.832204,7.51503,;522.832204,7.56512,;522.832204,7.61521,;522.832204,7.6653,;522.832204,7.71539,;522.832204,7.76547,;522.832204,7.81559,;522.832204,7.86568,;522.832204,7.91581,;522.832204,7.9659,;522.832204,8.01602,;522.832204,8.06611,;522.832204,8.1162,;522.832204,8.16629,;522.832204,8.21641,;522.832204,8.26648,;522.832204,8.31665,;522.832204,8.36675,;522.832204,8.41683,;522.832204,8.46695,;522.832204,8.51708,;522.832204,8.5672,;522.832204,8.61728,;522.832204,8.6674,;522.832204,8.71748,;522.832204,8.76757,;522.832204,8.81766,;522.832204,8.86776,;522.832204,8.91787,;522.832204,8.96799,;522.832204,9.01807,;522.832204,9.06816,;522.832204,9.11825,;522.832204,9.16837,;522.832204,9.21849,;516.802097,9.26858,;516.802097,9.31869,;516.802097,9.3688,;516.802097,9.41896,;516.802097,9.46903,;516.802097,9.51915,;516.802097,9.56927,;516.802097,9.61935,;516.802097,9.66943,;516.802097,9.71956,;516.802097,9.76966,;516.802097,9.81975,;516.802097,9.86983,;514.999039,9.91991,;514.999039,9.97,;514.999039,10.0201,;
inf,0.0500733,;inf,0.100189,;1053.166936,0.150291,;1053.166936,0.200373,;1053.166936,0.250497,;1053.166936,0.300614,;1053.166936,0.350722,;1053.166936,0.400791,;1053.166936,0.45087,;1053.166936,0.500988,;1053.166936,0.551069,;1053.166936,0.601163,;1053.166936,0.651286,;1053.166936,0.701373,;1053.166936,0.751489,;996.792606,0.801572,;996.792606,0.851652,;972.589188,0.901725,;972.589188,0.951812,;972.589188,1.00189,;972.589188,1.05197,;972.589188,1.10205,;972.589188,1.15213,;954.389345,1.20222,;954.389345,1.25232,;954.389345,1.30242,;954.389345,1.35251,;954.389345,1.4026,;954.389345,1.45268,;954.389345,1.50276,;954.389345,1.55285,;954.389345,1.60293,;954.389345,1.65301,;954.389345,1.70309,;954.389345,1.75318,;954.389345,1.80326,;950.786662,1.85336,;950.786662,1.90345,;950.786662,1.95352,;950.786662,2.0036,;950.786662,2.05368,;950.786662,2.10375,;950.786662,2.15384,;932.466609,2.20391,;932.466609,2.254,;932.466609,2.30407,;932.466609,2.35415,;932.466609,2.40423,;929.222345,2.45431,;929.222345,2.50438,;929.222345,2.5545,;929.222345,2.60463,;929.222345,2.65471,;929.222345,2.70478,;678.314164,2.75488,;678.314164,2.80496,;678.314164,2.85508,;678.314164,2.9052,;678.314164,2.9553,;678.314164,3.0054,;678.314164,3.05549,;678.314164,3.10561,;678.314164,3.15569,;678.314164,3.20577,;678.314164,3.25589,;678.314164,3.30598,;678.314164,3.3561,;678.314164,3.40618,;678.314164,3.45627,;678.314164,3.50637,;678.314164,3.55648,;664.163364,3.60656,;664.163364,3.65661,;664.163364,3.70665,;664.163364,3.75673,;664.163364,3.80681,;664.163364,3.85689,;664.163364,3.90698,;644.856072,3.95707,;643.106424,4.00715,;641.711061,4.05723,;641.711061,4.10731,;641.711061,4.1574,;641.711061,4.20751,;641.711061,4.25763,;641.711061,4.30774,;641.711061,4.35787,;641.711061,4.40799,;641.711061,4.45811,;641.711061,4.50823,;641.711061,4.55835,;641.711061,4.60847,;641.711061,4.65858,;641.711061,4.70866,;641.711061,4.75877,;586.818892,4.80885,;586.818892,4.85896,;586.818892,4.90905,;586.818892,4.95917,;586.818892,5.00927,;586.818892,5.05935,;586.818892,5.10946,;586.818892,5.15959,;586.818892,5.20967,;586.818892,5.25975,;586.818892,5.30988,;586.818892,5.36001,;586.818892,5.41012,;586.818892,5.46024,;586.818892,5.51036,;586.818892,5.56044,;586.818892,5.61053,;586.818892,5.66061,;586.818892,5.71069,;586.818892,5.76077,;586.818892,5.81086,;586.818892,5.86094,;586.818892,5.91102,;586.818892,5.96111,;586.818892,6.01119,;586.818892,6.06127,;586.818892,6.11135,;586.818892,6.16143,;586.818892,6.21151,;586.818892,6.2616,;586.818892,6.31167,;586.818892,6.36176,;586.818892,6.41185,;586.818892,6.46193,;578.616977,6.51201,;578.616977,6.5621,;578.616977,6.61218,;578.616977,6.66227,;578.616977,6.71234,;578.616977,6.76242,;572.204570,6.8125,;572.204570,6.86259,;572.204570,6.91268,;572.204570,6.96276,;572.204570,7.01285,;561.577029,7.06293,;561.577029,7.11301,;561.577029,7.1631,;561.577029,7.21318,;561.577029,7.26326,;561.577029,7.31335,;561.577029,7.36345,;561.577029,7.41354,;561.577029,7.46367,;561.577029,7.51377,;561.577029,7.56388,;561.577029,7.61398,;561.577029,7.6641,;561.577029,7.71422,;559.930208,7.76433,;559.930208,7.81445,;559.930208,7.86456,;559.930208,7.91468,;559.930208,7.96476,;559.930208,8.01485,;559.930208,8.06494,;559.930208,8.11504,;559.930208,8.16513,;559.930208,8.21523,;559.930208,8.26532,;559.930208,8.31542,;559.930208,8.36551,;559.930208,8.41564,;559.930208,8.46573,;559.930208,8.51582,;559.930208,8.56591,;559.930208,8.61608,;559.930208,8.66616,;559.930208,8.71624,;550.899617,8.76636,;550.899617,8.81648,;550.899617,8.86655,;550.899617,8.91663,;550.899617,8.96672,;550.899617,9.01681,;550.899617,9.06693,;550.899617,9.11705,;550.899617,9.16714,;550.899617,9.21725,;550.899617,9.26737,;550.899617,9.31747,;544.277227,9.36759,;544.277227,9.4177,;544.277227,9.4678,;544.277227,9.51788,;544.277227,9.56801,;544.277227,9.61812,;544.277227,9.66821,;544.277227,9.71833,;544.277227,9.76845,;544.277227,9.81853,;544.277227,9.86861,;544.277227,9.91869,;544.277227,9.96877,;544.277227,10.0189,;
.
control_mod_RRT
10 common properties
goal_bias = 0.05
intermediate_states = 0
longest_valid_segment_fraction = 0.01
max_control_duration = 20
min_control_duration = 1
projection.cellsize.0 = 5
projection.cellsize.1 = 5
projection.cellsize_factor = 0
propagation_step_size = 0.1
valid_segment_count_factor = 1
14 properties for each run
approximate solution BOOLEAN
correct solution BOOLEAN
graph motions INTEGER
graph states INTEGER
memory REAL
solution clearance REAL
solution difference REAL
solution length REAL
solution path length REAL
solution segments INTEGER
solved BOOLEAN
status ENUM
time REAL
valid segment fraction REAL
100 runs
0; 1; 9491; 9492; 139.254; 0; 0; 40; 331.495; 400; 1; 6; 0.257106; 0; 
0; 1; 8941; 8942; 140.023; 0; 0; 50.1; 372.786; 483; 1; 6; 0.303757; 0; 
0; 1; 5022; 5023; 140.023; 0; 0; 42.1; 341.792; 421; 1; 6; 0.128141; 0; 
0; 1; 7062; 7063; 140.023; 0; 0; 38.9; 347.795; 389; 1; 6; 0.181856; 0; 
0; 1; 8608; 8609; 140.023; 0; 0; 49.2; 377.279; 492; 1; 6; 0.253707; 0; 
0; 1; 7427; 7428; 140.023; 0; 0; 51.4; 392.826; 510; 1; 6; 0.206575; 0; 
0; 1; 9667; 9668; 140.023; 0; 0; 44.3; 374.817; 443; 1; 6; 0.289921; 0; 
0; 1; 6247; 6248; 140.023; 0; 0; 39.1; 307.581; 391; 1; 6; 0.153847; 0; 
0; 1; 6510; 6511; 140.023; 0; 0; 43.8; 362.155; 438; 1; 6; 0.171395; 0; 
0; 1; 7919; 7920; 140.023; 0; 0; 45.3; 368.711; 450; 1; 6; 0.24149; 0; 
0; 1; 8055; 8056; 140.023; 0; 0; 40.3; 294.49; 403; 1; 6; 0.212158; 0; 
0; 1; 8939; 8940; 140.023; 0; 0; 54.4; 376.511; 544; 1; 6; 0.236485; 0; 
0; 1; 7959; 7960; 140.023; 0; 0; 39.3; 294.228; 393; 1; 6; 0.227839; 0; 
0; 1; 6665; 6666; 140.023; 0; 0; 39; 299.008; 390; 1; 6; 0.194146; 0; 
0; 1; 10030; 10031; 140.023; 0; 0; 48.3; 384.518; 483; 1; 6; 0.300202; 0; 
0; 1; 12627; 12628; 140.023; 0; 0; 50.6; 386.593; 489; 1; 6; 0.372825; 0; 
0; 1; 8465; 8466; 140.539; 0; 0; 37.7; 290.29; 377; 1; 6; 0.247453; 0; 
0; 1; 6389; 6390; 140.797; 0; 0; 47.4; 384.986; 458; 1; 6; 0.16827; 0; 
0; 1; 5844; 5845; 140.797; 0; 0; 51.5; 355.964; 515; 1; 6; 0.17828; 0; 
0; 1; 8617; 8618; 140.797; 0; 0; 40.9; 307.872; 409; 1; 6; 0.250405; 0; 
0; 1; 7997; 7998; 140.797; 0; 0; 37.9; 305.987; 379; 1; 6; 0.210099; 0; 
0; 1; 7513; 7514; 140.797; 0; 0; 39.1; 296.201; 391; 1; 6; 0.229708; 0; 
0; 1; 3974; 3975; 140.797; 0; 0; 39.4; 314.667; 394; 1; 6; 0.101376; 0; 
0; 1; 11264; 11265; 140.797; 0; 0; 38.9; 289.405; 371; 1; 6; 0.328217; 0; 
0; 1; 7127; 7128; 140.797; 0; 0; 37.5; 295.669; 375; 1; 6; 0.191966; 0; 
0; 1; 7908; 7909; 140.797; 0; 0; 46.6; 374.795; 466; 1; 6; 0.208909; 0; 
0; 1; 8379; 8380; 140.797; 0; 0; 44.8; 339.361; 448; 1; 6; 0.254455; 0; 
0; 1; 5505; 5506; 140.797; 0; 0; 46.8; 325.31; 468; 1; 6; 0.147844; 0; 
0; 1; 13598; 13599; 140.797; 0; 0; 59.2; 460.88; 592; 1; 6; 0.467447; 0; 
0; 1; 7681; 7682; 141.312; 0; 0; 39.7; 296.217; 397; 1; 6; 0.211721; 0; 
0; 1; 6954; 6955; 141.312; 0; 0; 48; 363.006; 480; 1; 6; 0.217984; 0; 
0; 1; 10443; 10444; 141.312; 0; 0; 42.4; 343.779; 424; 1; 6; 0.284455; 0; 
0; 1; 12640; 12641; 141.312; 0; 0; 43.5; 333.076; 435; 1; 6; 0.391091; 0; 
0; 1; 10532; 10533; 141.312; 0; 0; 48.5; 360.631; 485; 1; 6; 0.366988; 0; 
0; 1; 6068; 6069; 141.312; 0; 0; 42.7; 331.828; 427; 1; 6; 0.158023; 0; 
0; 1; 4881; 4882; 141.312; 0; 0; 45.4; 380.971; 454; 1; 6; 0.113937; 0; 
0; 1; 7537; 7538; 141.312; 0; 0; 48.9; 380.298; 473; 1; 6; 0.231283; 0; 
0; 1; 12982; 12983; 141.312; 0; 0; 56.7; 402.234; 567; 1; 6; 0.460797; 0; 
0; 1; 9869; 9870; 141.312; 0; 0; 46.6; 376.771; 466; 1; 6; 0.277473; 0; 
0; 1; 12036; 12037; 141.312; 0; 0; 44.7; 333.74; 447; 1; 6; 0.37967; 0; 
0; 1; 8900; 8901; 141.312; 0; 0; 42.9; 366.053; 429; 1; 6; 0.249814; 0; 
0; 1; 5361; 5362; 141.312; 0; 0; 45.1; 336.809; 451; 1; 6; 0.132698; 0; 
0; 1; 7700; 7701; 141.312; 0; 0; 44; 342.663; 440; 1; 6; 0.214857; 0; 
0; 1; 8873; 8874; 141.312; 0; 0; 45.2; 358.566; 452; 1; 6; 0.277023; 0; 
0; 1; 9921; 9922; 141.312; 0; 0; 42.8; 370.022; 428; 1; 6; 0.283031; 0; 
0; 1; 8221; 8222; 141.312; 0; 0; 50.1; 369.556; 492; 1; 6; 0.256215; 0; 
0; 1; 8408; 8409; 141.312; 0; 0; 43.7; 368.315; 437; 1; 6; 0.251064; 0; 
0; 1; 7017; 7018; 141.312; 0; 0; 48.8; 380.978; 488; 1; 6; 0.188053; 0; 
0; 1; 6196; 6197; 141.312; 0; 0; 41.6; 344.282; 416; 1; 6; 0.171743; 0; 
0; 1; 7847; 7848; 141.312; 0; 0; 41.9; 333.518; 419; 1; 6; 0.236257; 0; 
0; 1; 8357; 8358; 141.312; 0; 0; 46.5; 341.278; 465; 1; 6; 0.246271; 0; 
0; 1; 9523; 9524; 141.312; 0; 0; 49.1; 375.899; 491; 1; 6; 0.269188; 0; 
0; 1; 4411; 4412; 141.312; 0; 0; 40.5; 343.026; 405; 1; 6; 0.111362; 0; 
0; 1; 7682; 7683; 141.312; 0; 0; 44.5; 331.782; 445; 1; 6; 0.206441; 0; 
0; 1; 5838; 5839; 141.312; 0; 0; 42.5; 349.091; 425; 1; 6; 0.157879; 0; 
0; 1; 7742; 7743; 141.312; 0; 0; 47.2; 321.992; 472; 1; 6; 0.225543; 0; 
0; 1; 9574; 9575; 141.312; 0; 0; 59.5; 445.31; 595; 1; 6; 0.266752; 0; 
0; 1; 6163; 6164; 141.312; 0; 0; 47.3; 309.185; 473; 1; 6; 0.181666; 0; 
0; 1; 10435; 10436; 141.312; 0; 0; 37.4; 308.705; 374; 1; 6; 0.287433; 0; 
0; 1; 7110; 7111; 141.312; 0; 0; 41.6; 317.184; 416; 1; 6; 0.164989; 0; 
0; 1; 7171; 7172; 141.312; 0; 0; 51.2; 356.604; 512; 1; 6; 0.197174; 0; 
0; 1; 4923; 4924; 141.312; 0; 0; 37.6; 323.708; 376; 1; 6; 0.13196; 0; 
0; 1; 5201; 5202; 141.312; 0; 0; 42.3; 323.217; 409; 1; 6; 0.133034; 0; 
0; 1; 10194; 10195; 141.312; 0; 0; 40.3; 311.675; 403; 1; 6; 0.302995; 0; 
0; 1; 7060; 7061; 141.312; 0; 0; 50.7; 385.63; 507; 1; 6; 0.208969; 0; 
0; 1; 6047; 6048; 141.312; 0; 0; 41.7; 341.679; 417; 1; 6; 0.155985; 0; 
0; 1; 13239; 13240; 141.312; 0; 0; 42.3; 327.619; 423; 1; 6; 0.390395; 0; 
0; 1; 5982; 5983; 141.312; 0; 0; 43; 312.678; 430; 1; 6; 0.18518; 0; 
0; 1; 7179; 7180; 141.312; 0; 0; 52.1; 364.633; 521; 1; 6; 0.202818; 0; 
0; 1; 8011; 8012; 141.312; 0; 0; 38.1; 322.121; 381; 1; 6; 0.214728; 0; 
0; 1; 4007; 4008; 141.312; 0; 0; 32.5; 271.039; 315; 1; 6; 0.0967687; 0; 
0; 1; 6767; 6768; 141.312; 0; 0; 39.7; 313.233; 397; 1; 6; 0.209539; 0; 
0; 1; 5606; 5607; 141.312; 0; 0; 44; 311.319; 440; 1; 6; 0.157791; 0; 
0; 1; 4414; 4415; 141.312; 0; 0; 33.9; 300.082; 339; 1; 6; 0.112057; 0; 
0; 1; 11145; 11146; 141.312; 0; 0; 39.4; 331.164; 394; 1; 6; 0.322297; 0; 
0; 1; 6426; 6427; 141.312; 0; 0; 40.8; 329.562; 406; 1; 6; 0.177764; 0; 
0; 1; 6441; 6442; 141.312; 0; 0; 39.2; 339.753; 392; 1; 6; 0.170112; 0; 
0; 1; 6131; 6132; 141.312; 0; 0; 45.3; 353.315; 453; 1; 6; 0.190962; 0; 
0; 1; 7731; 7732; 141.312; 0; 0; 43.6; 315.959; 436; 1; 6; 0.227472; 0; 
0; 1; 6312; 6313; 141.312; 0; 0; 48.2; 350.277; 482; 1; 6; 0.184899; 0; 
0; 1; 5791; 5792; 141.312; 0; 0; 43.3; 348.096; 433; 1; 6; 0.169169; 0; 
0; 1; 6488; 6489; 141.312; 0; 0; 35.9; 303.128; 359; 1; 6; 0.171464; 0; 
0; 1; 9159; 9160; 141.312; 0; 0; 49.5; 326.58; 486; 1; 6; 0.302507; 0; 
0; 1; 4519; 4520; 141.312; 0; 0; 45.2; 393.819; 452; 1; 6; 0.117837; 0; 
0; 1; 6843; 6844; 141.312; 0; 0; 43.8; 334.949; 421; 1; 6; 0.21073; 0; 
0; 1; 7816; 7817; 141.312; 0; 0; 38.2; 297.123; 368; 1; 6; 0.239759; 0; 
0; 1; 6628; 6629; 141.312; 0; 0; 40.5; 305.641; 405; 1; 6; 0.185568; 0; 
0; 1; 6927; 6928; 141.312; 0; 0; 45.6; 365.985; 456; 1; 6; 0.209043; 0; 
0; 1; 9766; 9767; 141.312; 0; 0; 44.5; 346.673; 445; 1; 6; 0.333285; 0; 
0; 1; 5184; 5185; 141.312; 0; 0; 36.8; 287.815; 368; 1; 6; 0.139624; 0; 
0; 1; 9895; 9896; 141.312; 0; 0; 57.2; 399.781; 572; 1; 6; 0.292446; 0; 
0; 1; 8889; 8890; 141.312; 0; 0; 46.1; 367.515; 461; 1; 6; 0.256741; 0; 
0; 1; 6916; 6917; 141.312; 0; 0; 37.4; 303.913; 374; 1; 6; 0.200083; 0; 
0; 1; 9664; 9665; 141.312; 0; 0; 53.8; 416.762; 538; 1; 6; 0.299822; 0; 
0; 1; 9198; 9199; 141.312; 0; 0; 42.2; 353.166; 422; 1; 6; 0.283393; 0; 
0; 1; 9363; 9364; 141.312; 0; 0; 42.4; 342.03; 417; 1; 6; 0.287985; 0; 
0; 1; 5064; 5065; 141.312; 0; 0; 35.1; 300.847; 351; 1; 6; 0.145005; 0; 
0; 1; 7267; 7268; 141.312; 0; 0; 34.5; 268.027; 338; 1; 6; 0.207765; 0; 
0; 1; 12495; 12496; 141.312; 0; 0; 44.4; 328.669; 444; 1; 6; 0.376068; 0; 
0; 1; 4306; 4307; 141.312; 0; 0; 40.3; 330.682; 403; 1; 6; 0.0990852; 0; 
.
