OMPL version 
Experiment rrbt
4 experiment properties
Q_value double = 0.200000
R double = 0.100000
R_bad_value double = 5.000000
first_solution bool = 0
Running on Vivaldi
Starting at 2024-07-06 20:45:25
<<<|
Properties of the state space 'RealVectorSpace0'
  - signature: 2 1 2 
  - dimension: 2
  - extent: 141.421
  - sanity checks for state space passed
  - probability of valid states: 0.825
  - average length of a valid motion: 26.681
  - average number of samples drawn per second: sampleUniform()=2.3016e+07 sampleUniformNear()=1.83426e+07 sampleGaussian()=1.1436e+07
Settings for the state space 'RealVectorSpace0'
  - state validity check resolution: 1%
  - valid segment count factor: 1
  - state space:
Real vector state space 'RealVectorSpace0' of dimension 2 with bounds: 
  - min: 0 0 
  - max: 100 100 

Declared parameters:
longest_valid_segment_fraction = 0.01
max_control_duration = 20
min_control_duration = 1
projection.cellsize.0 = 5
projection.cellsize.1 = 5
projection.cellsize_factor = 0
propagation_step_size = 0.1
valid_segment_count_factor = 1
Valid state sampler named uniform with parameters:
nr_attempts = 100
  - control space:
Real vector control space 'RealVectorControl[RealVectorSpace0]' with bounds: 
  - min: -10 -10 
  - max: 10 10 
  - can propagate backward: no
  - propagation step size: 0.1
  - propagation duration: [1, 20]
Planner KPIECE1 specs:
Multithreaded:                 No
Reports approximate solutions: Yes
Can optimize solutions:        No
Aware of the following parameters: bad_score_factor border_fraction goal_bias good_score_factor max_close_samples
Declared parameters for planner KPIECE1:
bad_score_factor = 0.45
border_fraction = 0.8
goal_bias = 0.05
good_score_factor = 0.9
max_close_samples = 30
Start states:
RealVectorState [1 1]
Goal region, threshold = 10, memory address = 0xd0ed50
Optimization Objective: Path Length @0xd0f1b0
Optimization Threshold: 0
Average state cost: 0
There are 1 solutions

Properties of benchmarked planners:
Planner RRBT specs:
Multithreaded:                 No
Reports approximate solutions: Yes
Can optimize solutions:        Yes
Aware of the following parameters: delay_collision_checking focus_search goal_bias informed_sampling new_state_rejection number_sampling_attempts ordered_sampling ordering_batch_size prune_threshold pruned_measure range rewire_factor sample_rejection tree_pruning use_admissible_heuristic use_k_nearest
|>>>
<<<|
Architecture:                       x86_64
CPU op-mode(s):                     32-bit, 64-bit
Byte Order:                         Little Endian
Address sizes:                      39 bits physical, 48 bits virtual
CPU(s):                             16
On-line CPU(s) list:                0-15
Thread(s) per core:                 2
Core(s) per socket:                 8
Socket(s):                          1
NUMA node(s):                       1
Vendor ID:                          GenuineIntel
CPU family:                         6
Model:                              167
Model name:                         11th Gen Intel(R) Core(TM) i7-11700K @ 3.60GHz
Stepping:                           1
CPU MHz:                            3600.000
CPU max MHz:                        5000.0000
CPU min MHz:                        800.0000
BogoMIPS:                           7200.00
Virtualization:                     VT-x
L1d cache:                          384 KiB
L1i cache:                          256 KiB
L2 cache:                           4 MiB
L3 cache:                           16 MiB
NUMA node0 CPU(s):                  0-15
Vulnerability Gather data sampling: Mitigation; Microcode
Vulnerability Itlb multihit:        Not affected
Vulnerability L1tf:                 Not affected
Vulnerability Mds:                  Not affected
Vulnerability Meltdown:             Not affected
Vulnerability Mmio stale data:      Mitigation; Clear CPU buffers; SMT vulnerable
Vulnerability Retbleed:             Mitigation; Enhanced IBRS
Vulnerability Spec rstack overflow: Not affected
Vulnerability Spec store bypass:    Mitigation; Speculative Store Bypass disabled via prctl and seccomp
Vulnerability Spectre v1:           Mitigation; usercopy/swapgs barriers and __user pointer sanitization
Vulnerability Spectre v2:           Mitigation; Enhanced IBRS, IBPB conditional, RSB filling, PBRSB-eIBRS SW sequence
Vulnerability Srbds:                Not affected
Vulnerability Tsx async abort:      Not affected
Flags:                              fpu vme de pse tsc msr pae mce cx8 apic sep mtrr pge mca cmov pat pse36 clflush dts acpi mmx fxsr sse sse2 ss ht tm pbe syscall nx pdpe1gb rdtscp lm constant_tsc art arch_perfmon pebs bts rep_good nopl xtopology nonstop_tsc cpuid aperfmperf tsc_known_freq pni pclmulqdq dtes64 monitor ds_cpl vmx smx est tm2 ssse3 sdbg fma cx16 xtpr pdcm pcid sse4_1 sse4_2 x2apic movbe popcnt tsc_deadline_timer aes xsave avx f16c rdrand lahf_lm abm 3dnowprefetch cpuid_fault epb invpcid_single ssbd ibrs ibpb stibp ibrs_enhanced tpr_shadow vnmi flexpriority ept vpid ept_ad fsgsbase tsc_adjust bmi1 avx2 smep bmi2 erms invpcid mpx avx512f avx512dq rdseed adx smap avx512ifma clflushopt intel_pt avx512cd sha_ni avx512bw avx512vl xsaveopt xsavec xgetbv1 xsaves dtherm ida arat pln pts hwp hwp_notify hwp_act_window hwp_epp hwp_pkg_req avx512vbmi umip pku ospke avx512_vbmi2 gfni vaes vpclmulqdq avx512_vnni avx512_bitalg avx512_vpopcntdq rdpid fsrm md_clear flush_l1d arch_capabilities
|>>>
10943691832637704 is the random seed
10 seconds per run
10000 MB per run
100 runs per planner
1008.51 seconds spent to collect the data
1 enum type
status|Unknown status|Invalid start|Invalid goal|Unrecognized goal type|Timeout|Approximate solution|Exact solution|Crash|Unknown status
1 planners
control_RRBT
24 common properties
delay_collision_checking = 0
focus_search = 0
goal_bias = 0.05
informed_sampling = 0
longest_valid_segment_fraction = 0.01
max_control_duration = 20
min_control_duration = 1
new_state_rejection = 0
number_sampling_attempts = 100
ordered_sampling = 0
ordering_batch_size = 1
projection.cellsize.0 = 5
projection.cellsize.1 = 5
projection.cellsize_factor = 0
propagation_step_size = 0.1
prune_threshold = 0.05
pruned_measure = 0
range = 10
rewire_factor = 1.1
sample_rejection = 0
tree_pruning = 0
use_admissible_heuristic = 1
use_k_nearest = 0
valid_segment_count_factor = 1
11 properties for each run
approximate solution BOOLEAN
best cost REAL
graph motions INTEGER
graph states INTEGER
iterations INTEGER
memory REAL
solution length REAL
solved BOOLEAN
status ENUM
time REAL
valid segment fraction REAL
100 runs
0; 455.603910; 848; 849; 1403; 280.086; 208.182; 1; 6; 10.1233; 0; 
0; 461.417625; 872; 873; 1616; 283.438; 211.342; 1; 6; 10.0107; 0; 
; inf; 889; 890; 1680; 286.789; ; 0; 4; 10.0118; 0; 
; inf; 708; 709; 1200; 291.945; ; 0; 4; 10.0864; 0; 
0; 469.783824; 792; 793; 1293; 296.328; 214.987; 1; 6; 10.0784; 0; 
0; 451.859159; 944; 945; 1580; 301.227; 206.851; 1; 6; 10.017; 0; 
0; 445.583057; 953; 954; 1897; 305.867; 201.968; 1; 6; 10.107; 0; 
0; 450.690147; 970; 971; 1580; 309.477; 207.11; 1; 6; 10.0795; 0; 
; inf; 741; 742; 1502; 311.797; ; 0; 4; 10.0486; 0; 
0; 464.125510; 939; 940; 1486; 316.18; 213.971; 1; 6; 10.0085; 0; 
0; 448.930040; 899; 900; 1336; 320.562; 204.398; 1; 6; 10.1087; 0; 
0; 452.605118; 824; 825; 1233; 325.719; 207.921; 1; 6; 10.0588; 0; 
0; 466.146610; 805; 806; 1250; 330.617; 214.13; 1; 6; 10.0651; 0; 
; inf; 892; 893; 2745; 333.711; ; 0; 4; 10.0462; 0; 
0; 456.039939; 890; 891; 1357; 339.641; 207.649; 1; 6; 10.0846; 0; 
0; 460.007068; 824; 825; 1314; 344.785; 205.986; 1; 6; 10.1244; 0; 
0; 447.386034; 956; 957; 1590; 348.652; 207.98; 1; 6; 10.0996; 0; 
; inf; 864; 865; 1599; 352.52; ; 0; 4; 10.0732; 0; 
0; 453.927583; 820; 821; 1278; 358.168; 207.597; 1; 6; 10.0363; 0; 
0; 458.135660; 842; 843; 1166; 363.324; 208.149; 1; 6; 10.0966; 0; 
0; 448.071433; 839; 840; 1260; 369; 207.149; 1; 6; 10.3261; 0; 
0; 456.340553; 752; 753; 1171; 375.445; 205.649; 1; 6; 10.0473; 0; 
; inf; 721; 722; 1481; 378.539; ; 0; 4; 10.1167; 0; 
0; 455.000847; 900; 901; 1426; 383.953; 210.16; 1; 6; 10.0894; 0; 
0; 449.142683; 774; 775; 1391; 389.098; 205.817; 1; 6; 10.0727; 0; 
0; 448.570987; 885; 886; 1504; 393.469; 203.767; 1; 6; 10.0348; 0; 
; inf; 762; 763; 1442; 397.078; ; 0; 4; 10.0271; 0; 
0; 451.402044; 912; 913; 1355; 402.234; 205.126; 1; 6; 10.0388; 0; 
0; 453.685265; 888; 889; 1515; 405.836; 207.425; 1; 6; 10.064; 0; 
0; 450.259144; 798; 799; 1084; 412.281; 205.064; 1; 6; 10.0531; 0; 
0; 453.739616; 965; 966; 1537; 416.148; 206.897; 1; 6; 10.0429; 0; 
; inf; 814; 815; 1437; 421.281; ; 0; 4; 10.0121; 0; 
0; 454.803494; 863; 864; 1328; 426.695; 209.345; 1; 6; 10.0497; 0; 
0; 452.844007; 844; 845; 1410; 430.82; 205.954; 1; 6; 10.0607; 0; 
0; 455.300705; 756; 757; 1367; 433.383; 206.359; 1; 6; 10.0665; 0; 
0; 452.434800; 907; 908; 1451; 439.312; 208.077; 1; 6; 10.0819; 0; 
0; 468.748551; 895; 896; 1421; 443.438; 212.452; 1; 6; 10.0493; 0; 
0; 465.466484; 1005; 1006; 1763; 447.305; 209.585; 1; 6; 10.0607; 0; 
; inf; 921; 922; 1348; 450.902; ; 0; 4; 10.0712; 0; 
0; 462.980181; 888; 889; 1539; 456.832; 210.439; 1; 6; 10.071; 0; 
0; 448.197412; 887; 888; 1240; 463.535; 207.403; 1; 6; 10.1823; 0; 
; inf; 753; 754; 1460; 466.605; ; 0; 4; 10.1132; 0; 
0; 466.672779; 870; 871; 1409; 470.473; 214.893; 1; 6; 10.015; 0; 
0; 454.754682; 831; 832; 1160; 476.66; 204.902; 1; 6; 10.0153; 0; 
0; 452.690391; 848; 849; 1282; 481.02; 205.029; 1; 6; 10.1181; 0; 
0; 454.143476; 832; 833; 1340; 486.691; 207.829; 1; 6; 10.0998; 0; 
0; 452.892370; 894; 895; 1493; 492.105; 208.35; 1; 6; 10.0703; 0; 
0; 471.921962; 928; 929; 1675; 495.445; 211.802; 1; 6; 10.0137; 0; 
0; 450.696381; 795; 796; 1378; 500.859; 204.532; 1; 6; 10.1004; 0; 
0; 464.749736; 839; 840; 1697; 504.984; 215.938; 1; 6; 10.0385; 0; 
0; 470.171969; 867; 868; 1542; 508.848; 214.643; 1; 6; 10.0491; 0; 
0; 462.935702; 824; 825; 1280; 513.746; 210.055; 1; 6; 10.0411; 0; 
0; 465.870155; 943; 944; 1585; 519.418; 212.461; 1; 6; 10.0793; 0; 
0; 450.573550; 861; 862; 1319; 523.801; 207.827; 1; 6; 10.0948; 0; 
0; 460.334791; 1013; 1014; 1557; 528.172; 209.787; 1; 6; 10.0842; 0; 
0; 453.965536; 860; 861; 1196; 535.648; 209.987; 1; 6; 10.0115; 0; 
0; 461.106578; 884; 885; 1496; 539.258; 212.989; 1; 6; 10.0938; 0; 
0; 449.997695; 892; 893; 1222; 548.797; 206.989; 1; 6; 10.1565; 0; 
0; 449.094314; 908; 909; 1314; 554.211; 208.401; 1; 6; 10.0878; 0; 
; inf; 819; 820; 1597; 557.562; ; 0; 4; 10.1154; 0; 
0; 452.416671; 840; 841; 1400; 562.719; 207.788; 1; 6; 10.1074; 0; 
0; 457.317109; 867; 868; 1253; 568.391; 208.031; 1; 6; 10.1028; 0; 
0; 459.629128; 879; 880; 1509; 572.258; 210.006; 1; 6; 10.1085; 0; 
0; 453.047721; 819; 820; 1194; 582.055; 206.394; 1; 6; 10.0123; 0; 
0; 453.283579; 955; 956; 1440; 586.695; 209.986; 1; 6; 10.0429; 0; 
0; 458.137192; 946; 947; 1519; 592.625; 210.213; 1; 6; 10.109; 0; 
0; 463.817585; 933; 934; 1708; 595.461; 213.143; 1; 6; 10.1079; 0; 
0; 453.069269; 933; 934; 1481; 601.371; 209.846; 1; 6; 10.0832; 0; 
0; 448.986478; 945; 946; 1516; 605.238; 207.713; 1; 6; 10.1024; 0; 
0; 459.474146; 968; 969; 1525; 611.941; 208.426; 1; 6; 10.1303; 0; 
0; 462.733445; 769; 770; 1387; 618.383; 211.541; 1; 6; 10.1088; 0; 
0; 450.486316; 852; 853; 1354; 622.766; 207.636; 1; 6; 10.109; 0; 
0; 449.106819; 782; 783; 1448; 628.438; 205.743; 1; 6; 10.0166; 0; 
0; 455.047652; 962; 963; 1540; 633.328; 209.95; 1; 6; 10.1265; 0; 
0; 461.679077; 895; 896; 1621; 637.453; 211.963; 1; 6; 10.058; 0; 
0; 461.811253; 846; 847; 1533; 641.32; 213.083; 1; 6; 10.1065; 0; 
0; 451.050555; 882; 883; 1385; 645.703; 205.552; 1; 6; 10.0976; 0; 
; inf; 818; 819; 1492; 649.82; ; 0; 4; 10.1046; 0; 
0; 458.515915; 857; 858; 1536; 655.492; 210.408; 1; 6; 10.0937; 0; 
0; 453.110374; 921; 922; 1614; 659.617; 208.9; 1; 6; 10.0367; 0; 
; inf; 876; 877; 1812; 662.18; ; 0; 4; 10.1166; 0; 
0; 458.860555; 881; 882; 1484; 667.336; 206.585; 1; 6; 10.1076; 0; 
0; 458.287963; 919; 920; 1309; 671.719; 208.166; 1; 6; 10.1073; 0; 
0; 451.239189; 924; 925; 1569; 676.855; 206.137; 1; 6; 10.1011; 0; 
; inf; 646; 647; 1509; 680.207; ; 0; 4; 10.1877; 0; 
; inf; 870; 871; 1581; 684.59; ; 0; 4; 10.1035; 0; 
0; 476.558083; 874; 875; 1658; 687.672; 215.985; 1; 6; 10.1212; 0; 
0; 459.785688; 920; 921; 1463; 692.828; 208.162; 1; 6; 10.0465; 0; 
0; 453.096021; 920; 921; 1543; 696.953; 208.708; 1; 6; 10.1187; 0; 
; inf; 863; 864; 1336; 701.32; ; 0; 4; 10.1233; 0; 
0; 467.743148; 857; 858; 1928; 703.641; 213.222; 1; 6; 10.1213; 0; 
0; 448.196738; 906; 907; 1242; 708.539; 206.04; 1; 6; 10.0839; 0; 
0; 450.069482; 867; 868; 1334; 712.148; 203.582; 1; 6; 10.0917; 0; 
0; 450.919717; 914; 915; 1376; 717.043; 205.089; 1; 6; 10.0939; 0; 
; inf; 799; 800; 1650; 720.137; ; 0; 4; 10.1406; 0; 
; inf; 818; 819; 1662; 723.23; ; 0; 4; 10.1303; 0; 
0; 452.918804; 900; 901; 1423; 727.844; 208.138; 1; 6; 10.084; 0; 
0; 465.756489; 875; 876; 1477; 731.453; 214.455; 1; 6; 10.1114; 0; 
0; 464.224237; 895; 896; 1539; 735.062; 217.589; 1; 6; 10.1219; 0; 
0; 472.789009; 912; 913; 1412; 740.469; 219.165; 1; 6; 10.1063; 0; 
3 progress properties for each run
best cost REAL
iterations INTEGER
time REAL
100 runs
inf,371,0.0501023,;inf,435,0.100201,;inf,486,0.150331,;inf,527,0.200422,;inf,550,0.250541,;inf,576,0.300632,;inf,594,0.350717,;inf,609,0.400813,;inf,634,0.450901,;inf,652,0.501024,;inf,678,0.551114,;inf,689,0.601208,;inf,699,0.651325,;inf,706,0.701409,;inf,713,0.751474,;inf,730,0.801557,;inf,735,0.851641,;inf,746,0.901736,;inf,753,0.951829,;inf,765,1.00195,;inf,772,1.05204,;inf,779,1.10215,;inf,785,1.15223,;inf,797,1.20234,;inf,807,1.25242,;inf,815,1.30249,;inf,820,1.35256,;inf,833,1.40264,;inf,842,1.45273,;inf,846,1.50281,;inf,856,1.55288,;inf,864,1.60296,;inf,870,1.65304,;inf,874,1.70316,;inf,881,1.75328,;inf,889,1.8034,;inf,896,1.85349,;inf,900,1.90357,;inf,906,1.95365,;inf,915,2.00373,;inf,921,2.05385,;inf,922,2.10394,;inf,923,2.15403,;inf,927,2.20413,;inf,931,2.25422,;inf,935,2.3043,;inf,943,2.35438,;inf,947,2.4045,;inf,953,2.4546,;inf,958,2.50468,;inf,960,2.55476,;inf,966,2.60489,;inf,974,2.65499,;inf,984,2.70508,;inf,988,2.75516,;inf,992,2.80527,;468.011563,997,2.85538,;466.389115,1002,2.90547,;465.868741,1007,2.95557,;465.868741,1012,3.00567,;465.868741,1016,3.05576,;465.868741,1025,3.10584,;464.932843,1028,3.15595,;464.802078,1034,3.20605,;464.802078,1037,3.25614,;464.802078,1041,3.30624,;464.802078,1045,3.35633,;464.802078,1049,3.40641,;464.802078,1055,3.45649,;464.802078,1061,3.50662,;464.802078,1064,3.55672,;463.445748,1067,3.60681,;463.445748,1072,3.65692,;463.445748,1084,3.70703,;463.445748,1090,3.75711,;463.445748,1092,3.80721,;463.445748,1096,3.85733,;463.413487,1101,3.90743,;463.413487,1104,3.95757,;463.413487,1109,4.00764,;463.413487,1111,4.05773,;463.413487,1116,4.10783,;463.413487,1121,4.15791,;463.413487,1124,4.208,;463.413487,1128,4.25813,;463.413487,1130,4.3082,;463.413487,1133,4.35833,;463.413487,1134,4.40844,;463.413487,1144,4.45853,;463.413487,1150,4.50863,;463.413487,1155,4.55871,;463.413487,1158,4.6088,;463.413487,1163,4.65889,;463.413487,1167,4.70898,;463.413487,1168,4.75907,;463.413487,1171,4.80919,;463.413487,1175,4.85927,;463.413487,1180,4.90935,;463.413487,1182,4.95944,;463.413487,1184,5.00958,;463.413487,1188,5.05966,;463.413487,1191,5.10975,;463.413487,1193,5.15986,;463.413487,1197,5.20994,;463.413487,1198,5.26004,;463.413487,1198,5.31015,;463.413487,1198,5.36027,;461.590934,1201,5.41038,;461.590934,1204,5.46046,;461.590934,1206,5.51058,;461.590934,1209,5.56068,;461.590934,1212,5.61079,;461.590934,1213,5.6609,;460.850340,1216,5.71102,;460.850340,1221,5.76113,;460.850340,1225,5.81124,;460.850340,1227,5.86136,;460.850340,1228,5.91144,;460.850340,1231,5.96154,;460.850340,1234,6.01166,;460.850340,1234,6.06175,;460.850340,1234,6.11183,;456.439749,1235,6.16197,;456.439749,1237,6.21206,;456.439749,1238,6.26217,;456.439749,1239,6.31229,;456.439749,1245,6.36241,;456.439749,1248,6.4125,;456.439749,1253,6.46263,;456.439749,1256,6.51273,;456.439749,1257,6.56282,;456.439749,1258,6.61293,;456.439749,1260,6.66301,;456.439749,1261,6.71313,;456.439749,1264,6.76327,;456.439749,1266,6.8134,;456.439749,1267,6.86351,;456.439749,1271,6.91366,;456.439749,1273,6.96374,;456.439749,1274,7.01381,;456.439749,1276,7.0639,;456.439749,1277,7.11398,;456.439749,1279,7.16408,;456.439749,1282,7.21416,;456.439749,1283,7.26426,;456.439749,1285,7.31435,;456.439749,1288,7.36444,;456.439749,1290,7.41456,;456.439749,1290,7.46466,;456.439749,1292,7.51477,;456.439749,1293,7.56485,;456.439749,1295,7.61497,;456.439749,1297,7.66506,;456.439749,1299,7.71516,;456.439749,1302,7.76524,;456.439749,1303,7.81532,;456.439749,1306,7.8654,;456.439749,1307,7.91547,;456.439749,1309,7.96554,;456.439749,1311,8.01561,;456.439749,1314,8.0657,;456.439749,1316,8.11578,;456.439749,1317,8.16585,;456.439749,1318,8.21593,;456.439749,1319,8.26602,;456.405089,1323,8.31611,;456.405089,1324,8.36622,;456.405089,1328,8.4163,;456.405089,1329,8.46638,;456.405089,1331,8.51647,;456.405089,1333,8.56655,;456.405089,1334,8.61662,;456.405089,1338,8.6667,;456.405089,1340,8.71678,;456.405089,1342,8.76686,;456.405089,1345,8.81695,;456.405089,1347,8.86702,;456.405089,1350,8.91711,;455.603910,1353,8.96719,;455.603910,1353,9.01726,;455.603910,1356,9.06733,;455.603910,1358,9.1174,;455.603910,1360,9.16745,;455.603910,1362,9.21753,;455.603910,1363,9.26761,;455.603910,1369,9.31768,;455.603910,1371,9.3678,;455.603910,1374,9.41788,;455.603910,1375,9.46797,;455.603910,1376,9.51811,;455.603910,1378,9.56821,;455.603910,1380,9.6183,;455.603910,1385,9.66841,;455.603910,1387,9.7185,;455.603910,1390,9.7686,;455.603910,1392,9.81871,;455.603910,1394,9.86883,;455.603910,1396,9.91896,;455.603910,1397,9.96904,;455.603910,1400,10.0192,;455.603910,1403,10.0693,;455.603910,1403,10.1194,;
inf,368,0.0500951,;inf,455,0.100239,;inf,495,0.150323,;inf,540,0.200462,;inf,562,0.250516,;inf,582,0.300606,;inf,609,0.350668,;inf,627,0.400721,;inf,650,0.450792,;inf,666,0.500867,;inf,690,0.550938,;inf,712,0.601014,;inf,726,0.651093,;inf,742,0.701213,;inf,755,0.751286,;inf,767,0.801399,;inf,779,0.851483,;inf,791,0.901604,;inf,802,0.951679,;inf,814,1.00178,;inf,820,1.05186,;inf,833,1.10199,;inf,846,1.1521,;inf,864,1.20219,;inf,872,1.25228,;inf,893,1.30239,;inf,901,1.35252,;inf,906,1.40256,;inf,916,1.45265,;inf,929,1.50273,;inf,937,1.5528,;inf,950,1.6029,;inf,963,1.65302,;inf,971,1.70315,;inf,977,1.75322,;inf,982,1.80331,;inf,988,1.85338,;inf,992,1.90347,;inf,1000,1.95356,;inf,1007,2.00365,;inf,1013,2.05378,;inf,1019,2.10389,;inf,1025,2.15402,;inf,1029,2.20413,;inf,1033,2.25426,;inf,1045,2.30435,;inf,1051,2.35445,;inf,1066,2.40455,;inf,1071,2.45463,;inf,1077,2.50472,;inf,1082,2.55481,;inf,1090,2.60494,;inf,1093,2.65503,;inf,1096,2.70516,;inf,1100,2.75524,;inf,1102,2.80537,;inf,1106,2.85546,;inf,1110,2.90557,;inf,1115,2.95566,;inf,1119,3.00574,;inf,1123,3.05582,;inf,1130,3.10592,;inf,1133,3.15602,;inf,1134,3.2061,;inf,1139,3.25619,;inf,1141,3.30628,;inf,1146,3.35633,;inf,1150,3.40642,;inf,1157,3.45654,;inf,1166,3.50662,;inf,1169,3.5567,;inf,1174,3.60678,;inf,1176,3.65686,;inf,1178,3.70694,;inf,1185,3.75702,;inf,1187,3.8071,;inf,1190,3.85719,;inf,1195,3.90728,;inf,1197,3.95738,;inf,1199,4.0075,;inf,1202,4.05762,;inf,1205,4.1077,;inf,1208,4.15782,;inf,1211,4.20789,;inf,1214,4.25795,;inf,1218,4.30807,;inf,1221,4.35817,;inf,1231,4.40825,;inf,1234,4.45834,;inf,1237,4.50844,;inf,1241,4.55854,;inf,1244,4.60862,;inf,1247,4.65871,;inf,1253,4.70881,;inf,1256,4.75891,;inf,1262,4.80901,;inf,1264,4.85911,;inf,1268,4.90921,;inf,1275,4.95934,;inf,1276,5.00945,;inf,1281,5.05952,;inf,1283,5.10965,;inf,1284,5.15974,;inf,1287,5.20983,;inf,1290,5.25996,;inf,1293,5.31004,;inf,1298,5.36013,;inf,1301,5.41021,;inf,1305,5.46033,;inf,1309,5.51041,;inf,1313,5.56053,;inf,1318,5.61061,;inf,1321,5.66072,;inf,1328,5.7108,;inf,1331,5.76088,;inf,1337,5.81097,;inf,1341,5.86109,;inf,1350,5.91118,;inf,1352,5.9613,;inf,1355,6.01139,;inf,1357,6.06149,;inf,1368,6.11158,;inf,1370,6.16166,;inf,1372,6.21179,;inf,1375,6.26191,;inf,1377,6.312,;inf,1379,6.36208,;inf,1384,6.41217,;inf,1387,6.46226,;inf,1390,6.51241,;inf,1393,6.56257,;inf,1395,6.61265,;inf,1399,6.66273,;inf,1400,6.71281,;inf,1406,6.76292,;inf,1409,6.81301,;inf,1413,6.86311,;inf,1414,6.91319,;inf,1420,6.96328,;inf,1421,7.01338,;inf,1425,7.06347,;inf,1427,7.11356,;inf,1435,7.16369,;inf,1436,7.21379,;inf,1440,7.26388,;inf,1445,7.31397,;inf,1448,7.36405,;inf,1450,7.41415,;inf,1452,7.46424,;inf,1454,7.51432,;inf,1458,7.56443,;inf,1460,7.61452,;inf,1467,7.66465,;inf,1469,7.71473,;inf,1470,7.76482,;inf,1471,7.81491,;inf,1476,7.865,;inf,1478,7.91512,;inf,1481,7.96524,;inf,1485,8.01533,;inf,1488,8.06546,;inf,1492,8.11558,;inf,1499,8.16567,;inf,1501,8.21578,;inf,1503,8.2659,;inf,1506,8.31602,;inf,1509,8.3661,;inf,1511,8.41622,;inf,1516,8.46632,;inf,1518,8.5164,;inf,1523,8.56651,;inf,1526,8.6166,;inf,1528,8.66668,;inf,1530,8.71676,;inf,1532,8.76685,;inf,1535,8.81696,;inf,1539,8.86703,;inf,1542,8.9171,;inf,1544,8.96717,;inf,1549,9.01724,;465.409874,1557,9.06731,;465.409874,1567,9.11738,;465.409874,1569,9.16745,;465.409874,1572,9.21752,;465.409874,1575,9.2676,;461.417625,1578,9.31766,;461.417625,1579,9.36774,;461.417625,1581,9.41781,;461.417625,1586,9.46789,;461.417625,1588,9.51797,;461.417625,1591,9.56805,;461.417625,1592,9.61813,;461.417625,1600,9.66821,;461.417625,1604,9.71828,;461.417625,1605,9.76836,;461.417625,1607,9.81844,;461.417625,1610,9.86852,;461.417625,1614,9.9186,;461.417625,1616,9.96872,;
inf,436,0.0501052,;inf,522,0.100185,;inf,568,0.150307,;inf,611,0.200383,;inf,638,0.250457,;inf,663,0.300569,;inf,684,0.350664,;inf,702,0.400757,;inf,717,0.450887,;inf,737,0.500961,;inf,755,0.551045,;inf,771,0.60113,;inf,781,0.651211,;inf,794,0.701296,;inf,814,0.751373,;inf,827,0.801443,;inf,838,0.851526,;inf,852,0.901605,;inf,862,0.951694,;inf,884,1.00179,;inf,897,1.05188,;inf,907,1.102,;inf,915,1.15208,;inf,926,1.20217,;inf,953,1.25225,;inf,965,1.30232,;inf,972,1.3524,;inf,977,1.40247,;inf,981,1.45258,;inf,991,1.50266,;inf,1002,1.55275,;inf,1008,1.60285,;inf,1017,1.65294,;inf,1021,1.70303,;inf,1033,1.75311,;inf,1042,1.80319,;inf,1053,1.85327,;inf,1060,1.90336,;inf,1067,1.95345,;inf,1074,2.00353,;inf,1090,2.05362,;inf,1095,2.10371,;inf,1100,2.1538,;inf,1105,2.20388,;inf,1112,2.25396,;inf,1118,2.30404,;inf,1128,2.35412,;inf,1133,2.4042,;inf,1146,2.45428,;inf,1147,2.50438,;inf,1160,2.55452,;inf,1162,2.6046,;inf,1169,2.65468,;inf,1183,2.70477,;inf,1187,2.75486,;inf,1192,2.80494,;inf,1194,2.85502,;inf,1201,2.90512,;inf,1206,2.9552,;inf,1211,3.00529,;inf,1214,3.05539,;inf,1216,3.10548,;inf,1224,3.15557,;inf,1232,3.20566,;inf,1240,3.25574,;inf,1243,3.30583,;inf,1248,3.35592,;inf,1254,3.406,;inf,1262,3.45607,;inf,1266,3.50617,;inf,1271,3.55627,;inf,1276,3.60635,;inf,1283,3.65643,;inf,1289,3.70651,;inf,1294,3.7566,;inf,1304,3.80669,;inf,1306,3.85677,;inf,1308,3.90686,;inf,1314,3.95695,;inf,1319,4.00704,;inf,1320,4.05713,;inf,1331,4.10721,;inf,1336,4.15729,;inf,1341,4.20736,;inf,1347,4.25744,;inf,1348,4.30752,;inf,1359,4.35761,;inf,1361,4.4077,;inf,1362,4.4578,;inf,1365,4.50788,;inf,1367,4.55798,;inf,1370,4.60806,;inf,1373,4.65815,;inf,1376,4.70823,;inf,1385,4.7583,;inf,1385,4.80843,;inf,1385,4.85851,;inf,1389,4.9086,;inf,1391,4.9587,;inf,1396,5.00879,;inf,1397,5.05888,;inf,1401,5.10899,;inf,1412,5.15909,;inf,1414,5.2092,;inf,1417,5.25929,;inf,1419,5.30939,;inf,1425,5.35947,;inf,1426,5.40958,;inf,1428,5.45967,;inf,1434,5.50979,;inf,1436,5.55992,;inf,1438,5.61001,;inf,1444,5.66013,;inf,1449,5.71024,;inf,1453,5.76034,;inf,1456,5.81041,;inf,1457,5.86053,;inf,1460,5.91061,;inf,1462,5.96072,;inf,1464,6.01081,;inf,1466,6.0609,;inf,1466,6.11099,;inf,1468,6.16108,;inf,1472,6.21117,;inf,1477,6.26126,;inf,1478,6.31134,;inf,1479,6.36142,;inf,1485,6.41149,;inf,1485,6.46158,;inf,1486,6.51167,;inf,1489,6.56176,;inf,1492,6.61184,;inf,1494,6.66196,;inf,1498,6.71203,;inf,1498,6.7621,;inf,1499,6.81218,;inf,1503,6.86226,;inf,1506,6.91235,;inf,1508,6.96242,;inf,1511,7.01251,;inf,1514,7.06259,;inf,1518,7.11268,;inf,1518,7.16277,;inf,1520,7.21288,;inf,1522,7.26297,;inf,1528,7.31309,;inf,1532,7.36316,;inf,1540,7.41325,;inf,1544,7.46334,;inf,1546,7.51343,;inf,1547,7.56352,;inf,1548,7.61363,;inf,1549,7.66372,;inf,1550,7.71384,;inf,1552,7.76392,;inf,1559,7.814,;inf,1560,7.86415,;inf,1561,7.91426,;inf,1562,7.96438,;inf,1563,8.01446,;inf,1566,8.06454,;inf,1570,8.11463,;inf,1572,8.16477,;inf,1574,8.21485,;inf,1577,8.26493,;inf,1578,8.31501,;inf,1583,8.36512,;inf,1587,8.4152,;inf,1589,8.46528,;inf,1593,8.51535,;inf,1597,8.56543,;inf,1602,8.6155,;inf,1603,8.66558,;inf,1606,8.71566,;inf,1609,8.76574,;inf,1614,8.81582,;inf,1615,8.8659,;inf,1616,8.91597,;inf,1620,8.96604,;inf,1621,9.01612,;inf,1626,9.06619,;inf,1628,9.11626,;inf,1633,9.1663,;inf,1637,9.21637,;inf,1638,9.26645,;inf,1643,9.31653,;inf,1645,9.36661,;inf,1648,9.41668,;inf,1650,9.46676,;inf,1654,9.51683,;inf,1658,9.5669,;inf,1662,9.61698,;inf,1666,9.66705,;inf,1668,9.71712,;inf,1669,9.7672,;inf,1672,9.81727,;inf,1674,9.86735,;inf,1676,9.91746,;inf,1678,9.96755,;
inf,295,0.0500637,;inf,347,0.100152,;inf,381,0.150231,;inf,402,0.200347,;inf,459,0.250469,;inf,473,0.30058,;inf,490,0.350697,;inf,509,0.400772,;inf,541,0.450857,;inf,551,0.500947,;inf,559,0.551068,;inf,579,0.601151,;inf,593,0.651243,;inf,605,0.701327,;inf,623,0.751454,;inf,632,0.803636,;inf,639,0.853735,;inf,643,0.903834,;inf,648,0.953955,;inf,653,1.00404,;inf,667,1.05416,;inf,671,1.10425,;inf,674,1.15434,;inf,680,1.20442,;inf,686,1.25455,;inf,693,1.30466,;inf,704,1.35477,;inf,709,1.40484,;inf,716,1.45496,;inf,720,1.50503,;inf,727,1.55512,;inf,735,1.60521,;inf,738,1.65533,;inf,743,1.70541,;inf,748,1.7555,;inf,756,1.80558,;inf,765,1.85566,;inf,780,1.90575,;inf,787,1.95587,;inf,792,2.00598,;inf,800,2.05609,;inf,804,2.10621,;inf,807,2.15628,;inf,810,2.20639,;inf,813,2.2565,;inf,817,2.30659,;inf,818,2.35667,;inf,820,2.40674,;inf,825,2.45683,;inf,830,2.50694,;inf,838,2.55701,;inf,841,2.60713,;inf,844,2.65721,;inf,847,2.70728,;inf,849,2.75736,;inf,854,2.80744,;inf,863,2.85752,;inf,870,2.90763,;inf,871,2.95772,;inf,873,3.00784,;inf,876,3.05795,;inf,879,3.10806,;inf,882,3.15818,;inf,883,3.20829,;inf,887,3.2584,;inf,888,3.30852,;inf,890,3.35863,;inf,893,3.40871,;inf,895,3.45883,;inf,900,3.5089,;inf,902,3.55902,;inf,905,3.60915,;inf,908,3.65926,;inf,912,3.70935,;inf,915,3.75948,;inf,918,3.80959,;inf,920,3.8597,;inf,921,3.90981,;inf,929,3.95993,;inf,932,4.01001,;inf,933,4.06013,;inf,934,4.11021,;inf,938,4.16031,;inf,944,4.21042,;inf,947,4.26051,;inf,950,4.31059,;inf,953,4.36069,;inf,956,4.41078,;inf,960,4.46086,;inf,962,4.51098,;inf,963,4.56109,;inf,964,4.61121,;inf,966,4.6613,;inf,970,4.71141,;inf,972,4.7615,;inf,978,4.81162,;inf,981,4.86174,;inf,983,4.91185,;inf,985,4.96197,;inf,987,5.01205,;inf,987,5.06213,;inf,989,5.11222,;inf,990,5.16232,;inf,992,5.2124,;inf,996,5.2625,;inf,1001,5.31258,;inf,1001,5.36266,;inf,1003,5.41274,;inf,1005,5.46282,;inf,1007,5.51289,;inf,1010,5.563,;inf,1015,5.61309,;inf,1020,5.66318,;inf,1022,5.71328,;inf,1025,5.76338,;inf,1028,5.81347,;inf,1031,5.8636,;inf,1031,5.91372,;inf,1033,5.9638,;inf,1042,6.01391,;inf,1043,6.06399,;inf,1044,6.11414,;inf,1047,6.16426,;inf,1047,6.21434,;inf,1052,6.26442,;inf,1056,6.31452,;inf,1058,6.36466,;inf,1059,6.41475,;inf,1061,6.46488,;inf,1061,6.515,;inf,1064,6.56512,;inf,1065,6.61521,;inf,1065,6.6653,;inf,1069,6.71541,;inf,1070,6.7655,;inf,1072,6.81562,;inf,1074,6.86574,;inf,1075,6.91585,;inf,1077,6.96594,;inf,1080,7.01606,;inf,1084,7.06615,;inf,1084,7.11629,;inf,1085,7.16641,;inf,1086,7.21652,;inf,1089,7.2666,;inf,1091,7.31665,;inf,1093,7.36674,;inf,1097,7.41682,;inf,1098,7.4669,;inf,1099,7.51698,;inf,1100,7.56706,;inf,1102,7.61717,;inf,1103,7.6673,;inf,1104,7.71743,;inf,1104,7.76755,;inf,1105,7.81767,;inf,1106,7.86779,;inf,1108,7.91791,;inf,1110,7.96802,;inf,1114,8.01811,;inf,1115,8.0682,;inf,1116,8.11829,;inf,1118,8.16838,;inf,1119,8.21849,;inf,1121,8.26858,;inf,1124,8.3187,;inf,1128,8.36878,;inf,1131,8.4189,;inf,1132,8.469,;inf,1135,8.51911,;inf,1135,8.5692,;inf,1137,8.61931,;inf,1138,8.66941,;inf,1139,8.71948,;inf,1140,8.7696,;inf,1140,8.81967,;inf,1141,8.86975,;inf,1143,8.91983,;inf,1145,8.9699,;inf,1150,9.01999,;inf,1157,9.07008,;inf,1158,9.12016,;inf,1163,9.17025,;inf,1169,9.22034,;inf,1169,9.27043,;inf,1170,9.32051,;inf,1170,9.3706,;inf,1176,9.42067,;inf,1177,9.47075,;inf,1178,9.52083,;inf,1178,9.57091,;inf,1178,9.621,;inf,1178,9.67109,;inf,1179,9.72117,;inf,1184,9.77126,;inf,1189,9.82135,;inf,1194,9.87144,;inf,1195,9.92152,;inf,1197,9.97164,;inf,1199,10.0217,;inf,1200,10.0718,;
inf,353,0.0500963,;inf,403,0.100213,;inf,444,0.150324,;inf,464,0.200443,;inf,483,0.250559,;inf,509,0.300673,;inf,529,0.350791,;inf,544,0.40087,;inf,558,0.450944,;inf,571,0.501033,;inf,575,0.551121,;inf,583,0.601207,;inf,588,0.651289,;inf,597,0.701376,;inf,609,0.751465,;inf,619,0.801544,;inf,628,0.85163,;inf,643,0.901728,;inf,646,0.951854,;inf,655,1.00195,;inf,668,1.05207,;inf,677,1.10217,;inf,686,1.15228,;inf,695,1.20236,;inf,706,1.25247,;inf,712,1.30255,;inf,715,1.35265,;inf,719,1.40272,;inf,730,1.4528,;inf,732,1.50292,;inf,737,1.55304,;inf,739,1.60316,;inf,748,1.65327,;inf,752,1.70338,;inf,755,1.75348,;inf,760,1.80358,;inf,765,1.8537,;inf,770,1.9038,;inf,774,1.9539,;inf,781,2.00403,;inf,784,2.05412,;inf,788,2.10424,;inf,794,2.15435,;inf,798,2.20446,;inf,806,2.25458,;inf,812,2.30466,;inf,815,2.35476,;inf,828,2.40484,;inf,830,2.45496,;inf,835,2.50507,;inf,839,2.55519,;inf,845,2.60531,;inf,848,2.65543,;inf,856,2.70552,;inf,858,2.75564,;inf,866,2.80575,;inf,868,2.85587,;inf,870,2.90596,;inf,872,2.95604,;inf,879,3.00613,;inf,885,3.05628,;inf,893,3.10636,;inf,896,3.15644,;inf,899,3.20652,;inf,904,3.25661,;inf,909,3.30671,;inf,913,3.35678,;inf,915,3.40687,;inf,920,3.45695,;inf,921,3.50704,;inf,922,3.55712,;inf,929,3.60721,;inf,932,3.6573,;inf,935,3.70742,;inf,940,3.7575,;inf,941,3.8076,;inf,952,3.8577,;inf,957,3.90779,;inf,963,3.95787,;inf,966,4.00795,;inf,968,4.05805,;inf,973,4.10817,;inf,976,4.15829,;inf,978,4.20838,;inf,982,4.2585,;inf,987,4.30859,;inf,993,4.35872,;inf,998,4.4088,;inf,1003,4.45889,;inf,1005,4.50899,;inf,1005,4.55908,;inf,1007,4.60917,;inf,1008,4.65929,;inf,1013,4.70939,;inf,1017,4.75952,;inf,1019,4.80961,;inf,1022,4.85974,;inf,1025,4.90985,;inf,1025,4.95993,;inf,1031,5.01002,;inf,1034,5.06011,;inf,1036,5.11023,;inf,1038,5.16035,;inf,1041,5.21043,;inf,1045,5.26054,;490.893771,1049,5.31062,;490.893771,1052,5.36075,;490.893771,1054,5.41088,;490.893771,1063,5.46102,;490.893771,1067,5.51114,;490.697152,1070,5.56121,;490.697152,1074,5.6113,;490.697152,1081,5.66139,;489.364733,1088,5.71149,;489.364733,1089,5.76162,;489.364733,1092,5.81173,;489.364733,1092,5.86181,;489.364733,1098,5.91189,;489.364733,1100,5.96198,;489.364733,1102,6.01206,;489.364733,1105,6.06215,;489.364733,1108,6.11223,;489.364733,1109,6.16232,;489.364733,1111,6.2124,;489.364733,1112,6.26249,;489.364733,1113,6.31259,;489.364733,1116,6.36267,;489.364733,1118,6.41275,;489.364733,1123,6.46283,;489.364733,1125,6.51292,;489.364733,1128,6.56301,;489.364733,1132,6.6131,;489.364733,1135,6.66322,;475.456548,1141,6.71334,;475.456548,1144,6.76345,;475.456548,1145,6.81354,;475.456548,1147,6.86366,;475.456548,1151,6.91375,;475.456548,1153,6.96385,;474.810400,1156,7.01394,;474.810400,1160,7.06402,;474.810400,1162,7.11411,;474.810400,1168,7.16421,;474.538414,1169,7.2143,;474.483222,1172,7.2644,;474.483222,1175,7.31449,;474.483222,1177,7.3646,;474.483222,1180,7.41468,;474.483222,1185,7.46476,;474.483222,1187,7.51484,;474.483222,1189,7.56492,;474.483222,1190,7.61502,;474.483222,1191,7.66512,;474.483222,1194,7.71521,;474.483222,1195,7.7653,;474.483222,1196,7.81538,;474.483222,1197,7.86547,;474.483222,1202,7.91556,;472.934302,1208,7.96565,;472.934302,1208,8.01574,;472.934302,1211,8.06583,;472.934302,1212,8.11595,;472.881720,1216,8.16607,;472.881720,1216,8.21616,;472.881720,1218,8.26625,;472.881720,1221,8.31633,;472.881720,1222,8.36642,;472.881720,1226,8.4165,;472.881720,1229,8.46659,;472.881720,1231,8.51672,;472.881720,1231,8.56681,;472.881720,1234,8.61689,;472.881720,1238,8.667,;472.881720,1238,8.71708,;472.881720,1247,8.7672,;472.881720,1248,8.81729,;472.881720,1250,8.86741,;472.881720,1250,8.91749,;472.881720,1252,8.96758,;472.881720,1255,9.01766,;472.881720,1258,9.06774,;472.881720,1260,9.11781,;472.881720,1263,9.16789,;472.881720,1267,9.21801,;472.881720,1268,9.2681,;472.881720,1270,9.31821,;472.881720,1272,9.36833,;472.881720,1273,9.41842,;472.881720,1276,9.46854,;472.881720,1279,9.51861,;472.881720,1280,9.5687,;472.881720,1282,9.61879,;472.881720,1283,9.66887,;472.881720,1285,9.71895,;472.881720,1286,9.76903,;472.881720,1287,9.81915,;472.881720,1291,9.86924,;472.881720,1293,9.91935,;472.881720,1293,9.96944,;472.881720,1293,10.0196,;472.881720,1293,10.0697,;
inf,465,0.0500564,;inf,526,0.100136,;inf,560,0.150211,;inf,586,0.200298,;inf,621,0.250374,;inf,648,0.300495,;inf,667,0.350585,;inf,694,0.40068,;inf,714,0.450759,;inf,734,0.500874,;inf,743,0.550985,;inf,758,0.60106,;inf,777,0.651178,;inf,790,0.701249,;inf,802,0.751362,;inf,812,0.801437,;inf,815,0.851521,;inf,826,0.901619,;inf,837,0.95173,;inf,851,1.00181,;inf,853,1.05193,;inf,862,1.10202,;inf,869,1.15214,;inf,874,1.20223,;inf,884,1.25232,;inf,891,1.30241,;inf,898,1.35253,;inf,909,1.40262,;inf,920,1.4527,;inf,928,1.50283,;inf,935,1.55293,;inf,946,1.60304,;inf,955,1.65311,;inf,962,1.70322,;inf,973,1.7533,;inf,978,1.80342,;inf,984,1.85351,;inf,992,1.9036,;inf,1000,1.95367,;inf,1013,2.00376,;inf,1020,2.05384,;inf,1024,2.10392,;inf,1027,2.154,;inf,1035,2.20407,;inf,1040,2.25421,;inf,1045,2.30433,;inf,1049,2.35441,;inf,1052,2.40453,;inf,1057,2.45461,;inf,1062,2.50473,;inf,1066,2.55484,;inf,1070,2.60496,;inf,1072,2.65507,;inf,1074,2.70515,;inf,1077,2.75526,;inf,1083,2.80535,;inf,1087,2.85546,;inf,1090,2.90555,;inf,1096,2.95567,;inf,1098,3.00575,;inf,1103,3.05585,;inf,1109,3.10597,;inf,1122,3.15606,;inf,1124,3.20616,;inf,1131,3.25627,;inf,1134,3.30635,;inf,1138,3.35647,;inf,1142,3.40658,;inf,1146,3.45669,;456.782175,1152,3.50681,;456.782175,1154,3.55688,;456.782175,1157,3.60697,;456.782175,1163,3.65705,;456.782175,1167,3.70713,;456.782175,1168,3.75721,;456.782175,1171,3.8073,;456.782175,1179,3.8574,;456.782175,1188,3.90752,;456.782175,1191,3.9576,;456.782175,1193,4.00772,;456.782175,1197,4.0578,;456.782175,1198,4.10788,;456.782175,1203,4.15797,;456.782175,1207,4.20805,;456.782175,1214,4.25819,;456.782175,1221,4.30828,;456.782175,1228,4.3584,;456.782175,1229,4.40848,;456.782175,1232,4.45857,;456.782175,1234,4.50866,;455.184684,1235,4.55878,;454.657444,1240,4.60889,;454.657444,1243,4.65901,;454.657444,1247,4.70908,;454.657444,1250,4.75916,;454.657444,1253,4.80925,;454.657444,1257,4.85934,;454.657444,1260,4.90942,;454.657444,1265,4.95951,;454.657444,1268,5.00959,;454.657444,1273,5.05967,;454.657444,1279,5.10975,;454.657444,1281,5.15984,;454.657444,1283,5.20995,;454.657444,1283,5.26011,;452.670143,1287,5.31023,;452.670143,1292,5.36035,;452.670143,1297,5.41042,;452.670143,1302,5.46054,;452.670143,1307,5.51066,;452.670143,1310,5.56075,;452.670143,1313,5.61083,;452.670143,1316,5.66096,;452.670143,1319,5.71105,;452.670143,1320,5.76114,;452.670143,1324,5.81125,;452.670143,1329,5.86134,;452.670143,1332,5.91146,;452.670143,1335,5.96155,;452.670143,1343,6.01162,;452.670143,1345,6.0617,;452.670143,1350,6.11182,;452.670143,1354,6.16191,;452.670143,1356,6.21199,;452.670143,1358,6.26208,;452.670143,1361,6.3122,;452.670143,1364,6.36228,;452.670143,1368,6.41239,;452.670143,1372,6.46251,;452.670143,1374,6.51263,;452.670143,1377,6.56274,;452.670143,1380,6.61286,;452.670143,1382,6.66294,;452.670143,1389,6.71301,;452.670143,1395,6.76313,;452.670143,1397,6.81322,;452.670143,1400,6.86334,;452.670143,1403,6.91343,;452.670143,1403,6.96355,;452.670143,1405,7.01364,;452.670143,1405,7.06377,;451.859159,1406,7.11386,;451.859159,1408,7.16398,;451.859159,1410,7.2141,;451.859159,1411,7.26421,;451.859159,1414,7.31429,;451.859159,1417,7.36441,;451.859159,1421,7.41453,;451.859159,1423,7.46465,;451.859159,1426,7.51476,;451.859159,1429,7.56487,;451.859159,1432,7.61496,;451.859159,1433,7.66505,;451.859159,1436,7.71513,;451.859159,1442,7.76523,;451.859159,1444,7.81532,;451.859159,1449,7.86541,;451.859159,1451,7.9155,;451.859159,1452,7.96559,;451.859159,1456,8.01571,;451.859159,1462,8.0658,;451.859159,1466,8.11589,;451.859159,1470,8.16602,;451.859159,1473,8.2161,;451.859159,1475,8.26622,;451.859159,1477,8.31633,;451.859159,1479,8.36642,;451.859159,1482,8.41654,;451.859159,1484,8.46663,;451.859159,1486,8.51676,;451.859159,1490,8.56688,;451.859159,1494,8.61697,;451.859159,1495,8.66708,;451.859159,1500,8.71716,;451.859159,1504,8.76727,;451.859159,1507,8.81739,;451.859159,1509,8.86751,;451.859159,1513,8.91761,;451.859159,1515,8.96773,;451.859159,1518,9.01785,;451.859159,1519,9.06796,;451.859159,1526,9.11807,;451.859159,1528,9.16815,;451.859159,1530,9.21824,;451.859159,1534,9.26836,;451.859159,1538,9.31847,;451.859159,1540,9.36858,;451.859159,1543,9.41866,;451.859159,1548,9.46878,;451.859159,1558,9.51887,;451.859159,1559,9.56896,;451.859159,1562,9.61905,;451.859159,1566,9.66913,;451.859159,1568,9.71925,;451.859159,1571,9.76933,;451.859159,1573,9.81942,;451.859159,1574,9.86954,;451.859159,1575,9.91966,;451.859159,1577,9.96974,;
inf,642,0.0500671,;inf,788,0.100183,;inf,851,0.150267,;inf,886,0.200395,;inf,913,0.250469,;inf,957,0.300581,;inf,979,0.350665,;inf,1028,0.400822,;inf,1056,0.450896,;inf,1079,0.500971,;inf,1088,0.551056,;inf,1102,0.601169,;inf,1115,0.651254,;inf,1134,0.701377,;inf,1147,0.751461,;inf,1161,0.801576,;inf,1169,0.851648,;inf,1179,0.901725,;inf,1188,0.951848,;inf,1205,1.00193,;508.442744,1214,1.05203,;508.442744,1219,1.10212,;508.442744,1229,1.15221,;508.251402,1234,1.20233,;481.562001,1244,1.2524,;481.562001,1255,1.30248,;481.562001,1262,1.35259,;481.562001,1272,1.40268,;481.562001,1282,1.45279,;481.562001,1297,1.50288,;481.562001,1302,1.553,;480.957035,1312,1.60308,;480.957035,1317,1.6532,;480.957035,1323,1.7033,;480.957035,1327,1.75339,;480.957035,1336,1.80346,;473.309735,1339,1.85355,;473.309735,1346,1.90364,;473.309735,1351,1.95376,;473.309735,1355,2.00385,;473.309735,1364,2.05393,;473.309735,1369,2.10405,;473.309735,1372,2.15413,;473.309735,1383,2.20421,;473.309735,1385,2.2543,;473.309735,1392,2.30441,;473.309735,1398,2.35449,;473.309735,1403,2.4046,;473.309735,1411,2.45468,;473.309735,1414,2.50476,;473.309735,1424,2.55484,;473.309735,1428,2.60494,;473.309735,1434,2.65503,;473.309735,1437,2.70513,;473.309735,1442,2.7552,;473.309735,1449,2.80528,;473.309735,1453,2.85536,;473.309735,1458,2.90545,;472.196137,1464,2.95553,;472.196137,1466,3.00562,;470.200282,1471,3.05574,;470.200282,1477,3.10582,;470.200282,1479,3.15591,;470.200282,1482,3.20602,;470.200282,1488,3.25614,;470.200282,1491,3.30622,;470.012533,1495,3.35634,;470.012533,1497,3.40642,;470.012533,1503,3.45651,;470.012533,1509,3.50659,;456.541340,1511,3.5567,;456.541340,1519,3.60679,;454.747143,1523,3.65691,;454.747143,1528,3.70699,;454.747143,1534,3.7571,;454.747143,1539,3.80719,;454.747143,1545,3.85727,;454.747143,1548,3.90737,;454.747143,1549,3.95746,;454.747143,1549,4.00761,;454.747143,1549,4.05773,;449.017564,1551,4.10784,;449.017564,1554,4.15796,;449.017564,1559,4.20807,;449.017564,1563,4.25819,;449.017564,1566,4.30828,;449.017564,1568,4.35835,;449.017564,1572,4.40843,;449.017564,1582,4.45851,;449.017564,1586,4.50859,;449.017564,1591,4.55868,;449.017564,1596,4.6088,;449.017564,1598,4.65889,;449.017564,1601,4.70898,;449.017564,1603,4.75907,;449.017564,1609,4.80919,;449.017564,1611,4.85928,;449.017564,1616,4.90941,;449.017564,1619,4.95953,;449.017564,1624,5.00962,;449.017564,1628,5.05974,;449.017564,1629,5.10985,;449.017564,1633,5.15997,;449.017564,1637,5.21005,;449.017564,1638,5.26017,;449.017564,1640,5.31025,;449.017564,1642,5.36037,;449.017564,1643,5.41044,;449.017564,1643,5.46056,;447.642811,1645,5.51064,;447.642811,1651,5.56076,;447.642811,1655,5.61085,;447.642811,1657,5.66096,;447.642811,1661,5.71106,;447.642811,1666,5.76118,;447.642811,1668,5.8113,;447.642811,1671,5.8614,;447.642811,1675,5.91151,;447.642811,1677,5.96163,;447.642811,1682,6.01174,;447.642811,1685,6.06186,;447.642811,1687,6.11196,;447.642811,1690,6.16204,;447.642811,1692,6.21216,;447.642811,1695,6.26224,;447.642811,1698,6.31232,;447.620872,1701,6.3624,;447.620872,1705,6.41248,;447.620872,1708,6.46256,;447.620872,1711,6.51265,;447.620872,1715,6.56274,;447.620872,1717,6.61282,;447.620872,1720,6.6629,;447.620872,1723,6.71297,;447.620872,1724,6.76306,;447.620872,1726,6.81314,;447.620872,1730,6.86323,;447.620872,1734,6.91335,;447.620872,1734,6.96344,;445.677159,1735,7.01355,;445.677159,1736,7.06364,;445.677159,1739,7.11377,;445.677159,1744,7.16389,;445.677159,1750,7.21397,;445.677159,1753,7.26408,;445.677159,1756,7.31417,;445.677159,1758,7.36429,;445.677159,1761,7.41439,;445.677159,1762,7.46448,;445.677159,1763,7.51456,;445.677159,1765,7.56466,;445.677159,1766,7.61475,;445.677159,1768,7.66484,;445.677159,1769,7.71492,;445.677159,1772,7.765,;445.677159,1778,7.81508,;445.677159,1781,7.86519,;445.677159,1782,7.91527,;445.677159,1784,7.96536,;445.677159,1786,8.01545,;445.677159,1789,8.06554,;445.677159,1791,8.11563,;445.677159,1795,8.16575,;445.677159,1797,8.21583,;445.677159,1800,8.26592,;445.677159,1804,8.31601,;445.677159,1806,8.36609,;445.677159,1809,8.41618,;445.677159,1812,8.46626,;445.677159,1817,8.51635,;445.677159,1817,8.56643,;445.677159,1822,8.61652,;445.677159,1823,8.6666,;445.677159,1825,8.71668,;445.677159,1825,8.76677,;445.677159,1827,8.81686,;445.677159,1830,8.86695,;445.677159,1831,8.91703,;445.677159,1834,8.96713,;445.677159,1839,9.01722,;445.583057,1841,9.06729,;445.583057,1843,9.11739,;445.583057,1845,9.16747,;445.583057,1846,9.21756,;445.583057,1851,9.26765,;445.583057,1853,9.31773,;445.583057,1857,9.36782,;445.583057,1862,9.4179,;445.583057,1865,9.46798,;445.583057,1867,9.51807,;445.583057,1871,9.56816,;445.583057,1874,9.61824,;445.583057,1876,9.66833,;445.583057,1879,9.71841,;445.583057,1881,9.76849,;445.583057,1884,9.81857,;445.583057,1886,9.86865,;445.583057,1887,9.91874,;445.583057,1889,9.96882,;445.583057,1893,10.0189,;445.583057,1897,10.069,;
inf,279,0.0500951,;inf,365,0.100192,;inf,408,0.150281,;inf,442,0.200417,;inf,479,0.25054,;inf,513,0.300656,;inf,534,0.35078,;inf,558,0.400877,;inf,582,0.450994,;inf,603,0.50109,;inf,611,0.551206,;inf,618,0.601323,;inf,626,0.651437,;inf,647,0.701548,;inf,660,0.751639,;inf,683,0.801761,;inf,691,0.851876,;inf,698,0.901952,;inf,707,0.952036,;inf,716,1.00211,;inf,723,1.05227,;inf,731,1.10235,;inf,745,1.15246,;inf,761,1.20254,;inf,771,1.25268,;inf,778,1.3028,;inf,792,1.35288,;inf,803,1.40297,;inf,816,1.45305,;inf,827,1.50314,;inf,837,1.55326,;inf,844,1.60342,;inf,850,1.65351,;inf,862,1.70361,;inf,874,1.75372,;inf,878,1.80381,;inf,883,1.8539,;inf,899,1.90401,;inf,908,1.95408,;inf,919,2.00416,;inf,927,2.05425,;inf,940,2.10434,;inf,951,2.15443,;inf,957,2.20451,;inf,964,2.25459,;inf,967,2.30468,;inf,972,2.35478,;inf,980,2.40487,;inf,987,2.45496,;inf,997,2.50508,;inf,1011,2.55517,;inf,1015,2.60529,;inf,1018,2.65541,;inf,1024,2.70553,;inf,1037,2.75561,;inf,1039,2.80573,;inf,1044,2.85581,;inf,1051,2.9059,;inf,1055,2.95598,;inf,1060,3.00609,;inf,1066,3.05621,;inf,1074,3.10629,;508.288759,1081,3.1564,;508.288759,1089,3.20651,;508.288759,1094,3.25659,;508.288759,1104,3.30671,;508.288759,1107,3.35683,;507.939116,1115,3.40692,;507.939116,1123,3.45704,;507.939116,1129,3.50716,;507.939116,1131,3.55728,;506.567731,1135,3.60738,;504.925645,1139,3.65749,;502.683988,1143,3.70761,;502.683988,1146,3.75773,;471.989967,1152,3.80787,;471.989967,1159,3.85795,;471.989967,1161,3.90807,;471.989967,1169,3.95817,;471.989967,1176,4.00825,;471.989967,1179,4.05833,;471.989967,1184,4.10843,;471.989967,1187,4.15851,;471.989967,1188,4.20863,;471.989967,1196,4.25871,;470.234872,1203,4.3088,;468.527204,1206,4.35888,;468.527204,1212,4.40898,;468.527204,1213,4.45911,;466.187612,1218,4.50924,;466.187612,1224,4.55936,;466.187612,1225,4.60947,;466.187612,1229,4.65959,;466.187612,1238,4.70971,;466.187612,1241,4.75982,;466.187612,1246,4.8099,;466.187612,1248,4.86002,;466.187612,1250,4.91014,;466.187612,1257,4.96024,;466.187612,1260,5.01032,;466.187612,1267,5.06044,;466.187612,1269,5.11053,;466.187612,1273,5.16065,;466.020114,1279,5.21073,;466.020114,1283,5.26086,;466.020114,1286,5.31094,;464.492886,1292,5.36107,;464.492886,1298,5.41116,;464.492886,1301,5.46125,;464.492886,1302,5.51135,;464.492886,1304,5.56145,;464.492886,1309,5.61154,;463.674691,1313,5.66165,;463.674691,1321,5.71177,;463.674691,1326,5.76185,;463.674691,1327,5.81196,;463.674691,1332,5.86206,;463.674691,1337,5.91217,;463.674691,1338,5.96226,;463.674691,1341,6.01234,;463.674691,1343,6.06246,;463.674691,1343,6.11259,;463.674691,1344,6.16271,;463.674691,1350,6.2128,;463.674691,1351,6.26288,;463.674691,1355,6.313,;463.674691,1356,6.36309,;463.674691,1359,6.41319,;463.674691,1361,6.46327,;463.044496,1367,6.51337,;463.044496,1371,6.56346,;463.044496,1373,6.61355,;463.044496,1376,6.66364,;463.044496,1377,6.71376,;463.044496,1380,6.76388,;463.044496,1384,6.81396,;463.044496,1388,6.86404,;463.044496,1391,6.91414,;463.044496,1393,6.96427,;460.253878,1396,7.01434,;460.253878,1400,7.06446,;460.253878,1404,7.11455,;459.485659,1408,7.16462,;459.485659,1411,7.21471,;459.485659,1413,7.26481,;459.485659,1415,7.31491,;459.485659,1416,7.36499,;459.485659,1419,7.41508,;459.485659,1423,7.4652,;459.485659,1425,7.51529,;459.339972,1428,7.56537,;459.339972,1431,7.61545,;459.339972,1432,7.66553,;459.339972,1436,7.71561,;459.339972,1440,7.76572,;459.339972,1442,7.81579,;459.339972,1445,7.86587,;458.660733,1451,7.91595,;458.660733,1458,7.96604,;458.660733,1459,8.01616,;458.660733,1462,8.06625,;458.660733,1466,8.11633,;458.660733,1469,8.16645,;458.660733,1470,8.21654,;458.660733,1472,8.26663,;458.660733,1474,8.31672,;458.660733,1476,8.3668,;458.660733,1478,8.41688,;458.660733,1479,8.46697,;458.660733,1481,8.51706,;458.534710,1485,8.56714,;458.534710,1490,8.61725,;458.534710,1492,8.66734,;451.297568,1499,8.71742,;451.297568,1500,8.76751,;451.297568,1504,8.81761,;451.297568,1508,8.86773,;451.297568,1510,8.91777,;450.690147,1513,8.96789,;450.690147,1515,9.01797,;450.690147,1517,9.06804,;450.690147,1520,9.11812,;450.690147,1523,9.16821,;450.690147,1524,9.21829,;450.690147,1528,9.26837,;450.690147,1533,9.31846,;450.690147,1536,9.36854,;450.690147,1541,9.41866,;450.690147,1543,9.46877,;450.690147,1547,9.51885,;450.690147,1550,9.56897,;450.690147,1552,9.61905,;450.690147,1553,9.66917,;450.690147,1554,9.71929,;450.690147,1560,9.7694,;450.690147,1563,9.81952,;450.690147,1568,9.8696,;450.690147,1569,9.91971,;450.690147,1574,9.9698,;450.690147,1577,10.0199,;450.690147,1579,10.07,;
inf,307,0.0501008,;inf,389,0.100212,;inf,426,0.150295,;inf,458,0.200423,;inf,486,0.250542,;inf,508,0.300622,;inf,522,0.350739,;inf,551,0.400831,;inf,563,0.450942,;inf,577,0.501031,;inf,600,0.551143,;inf,612,0.60124,;inf,629,0.651362,;inf,647,0.701461,;inf,663,0.751575,;inf,671,0.80169,;inf,682,0.851803,;inf,690,0.901898,;inf,702,0.952005,;inf,713,1.00209,;inf,718,1.05219,;inf,726,1.10227,;inf,737,1.15235,;inf,744,1.20244,;inf,750,1.25252,;inf,755,1.30261,;inf,766,1.35269,;inf,770,1.4028,;inf,775,1.45289,;inf,781,1.50302,;inf,799,1.5531,;inf,804,1.60318,;inf,807,1.65327,;inf,812,1.70339,;inf,831,1.75347,;inf,837,1.80356,;inf,844,1.85365,;inf,847,1.90374,;inf,850,1.95382,;inf,859,2.00389,;inf,871,2.05397,;inf,884,2.10408,;inf,892,2.1542,;inf,902,2.20432,;inf,919,2.25443,;inf,924,2.3045,;inf,932,2.35458,;inf,943,2.40466,;inf,947,2.45474,;inf,951,2.50486,;inf,954,2.55497,;inf,968,2.60504,;inf,975,2.65517,;inf,983,2.70528,;inf,995,2.75537,;inf,1010,2.80545,;inf,1011,2.85557,;inf,1014,2.90568,;inf,1020,2.95579,;inf,1022,3.00591,;inf,1030,3.05599,;inf,1037,3.10608,;inf,1043,3.1562,;inf,1049,3.20631,;inf,1051,3.25643,;inf,1057,3.30651,;inf,1066,3.35659,;inf,1070,3.40666,;inf,1073,3.45673,;inf,1077,3.50684,;inf,1082,3.55692,;inf,1085,3.60704,;inf,1088,3.65713,;inf,1089,3.70725,;inf,1091,3.75734,;inf,1099,3.80746,;inf,1102,3.85755,;inf,1112,3.90767,;inf,1120,3.95776,;inf,1120,4.00787,;inf,1121,4.05798,;inf,1130,4.1081,;inf,1134,4.15818,;inf,1141,4.20825,;inf,1149,4.25837,;inf,1151,4.30848,;inf,1156,4.35859,;inf,1158,4.40866,;inf,1162,4.45878,;inf,1164,4.50887,;inf,1166,4.55897,;inf,1168,4.60906,;inf,1177,4.65918,;inf,1183,4.70928,;inf,1186,4.75939,;inf,1191,4.80951,;inf,1195,4.85962,;inf,1200,4.9097,;inf,1205,4.95982,;inf,1206,5.0099,;inf,1207,5.06001,;inf,1209,5.11009,;inf,1214,5.16021,;inf,1222,5.21028,;inf,1223,5.26036,;inf,1225,5.31044,;inf,1229,5.36052,;inf,1233,5.41061,;inf,1241,5.46069,;inf,1244,5.51076,;inf,1247,5.56085,;inf,1248,5.61096,;inf,1256,5.66104,;inf,1261,5.71117,;inf,1267,5.76125,;inf,1277,5.81134,;inf,1281,5.86142,;inf,1282,5.91155,;inf,1285,5.96164,;inf,1291,6.01173,;inf,1294,6.06182,;inf,1299,6.11194,;inf,1303,6.16206,;inf,1312,6.21213,;inf,1312,6.2622,;inf,1315,6.31231,;inf,1319,6.36243,;inf,1322,6.4125,;inf,1323,6.46261,;inf,1325,6.51269,;inf,1327,6.56278,;inf,1327,6.61288,;inf,1333,6.66296,;inf,1339,6.71304,;inf,1339,6.76316,;inf,1344,6.81328,;inf,1345,6.86339,;inf,1348,6.9135,;inf,1350,6.96357,;inf,1355,7.01367,;inf,1355,7.06379,;inf,1358,7.11387,;inf,1358,7.16398,;inf,1362,7.21409,;inf,1364,7.26418,;inf,1365,7.31425,;inf,1373,7.36433,;inf,1377,7.41444,;inf,1378,7.46448,;inf,1380,7.51458,;inf,1381,7.56466,;inf,1386,7.61473,;inf,1392,7.66481,;inf,1395,7.71492,;inf,1396,7.76501,;inf,1398,7.81509,;inf,1400,7.86518,;inf,1401,7.91527,;inf,1402,7.96536,;inf,1403,8.01545,;inf,1406,8.06554,;inf,1407,8.11563,;inf,1409,8.16574,;inf,1413,8.21586,;inf,1415,8.26597,;inf,1417,8.31609,;inf,1418,8.3662,;inf,1422,8.41629,;inf,1422,8.46638,;inf,1423,8.51644,;inf,1431,8.56652,;inf,1434,8.6166,;inf,1442,8.66669,;inf,1443,8.71679,;inf,1446,8.7669,;inf,1447,8.81702,;inf,1453,8.86714,;inf,1456,8.91723,;inf,1456,8.96736,;inf,1458,9.01748,;inf,1459,9.06756,;inf,1463,9.11765,;inf,1464,9.16777,;inf,1466,9.21788,;inf,1470,9.26799,;inf,1473,9.3181,;inf,1473,9.36821,;inf,1479,9.41829,;inf,1479,9.4684,;inf,1483,9.51849,;inf,1488,9.56857,;inf,1490,9.61868,;inf,1491,9.66877,;inf,1491,9.71888,;inf,1493,9.76897,;inf,1495,9.81908,;inf,1496,9.86917,;inf,1500,9.91928,;inf,1501,9.96939,;inf,1501,10.0195,;
inf,356,0.0500573,;inf,422,0.100144,;inf,467,0.150269,;inf,507,0.20036,;inf,535,0.250474,;inf,564,0.300566,;inf,580,0.350648,;inf,594,0.400741,;inf,615,0.450841,;inf,638,0.500938,;inf,653,0.551034,;inf,669,0.601149,;inf,683,0.65124,;inf,691,0.70133,;inf,708,0.751454,;inf,718,0.801547,;inf,742,0.851643,;inf,756,0.901733,;inf,762,0.951861,;inf,775,1.00194,;inf,784,1.05204,;inf,794,1.10213,;inf,803,1.15221,;inf,811,1.20229,;inf,819,1.25241,;inf,826,1.30249,;inf,839,1.3526,;inf,850,1.40268,;inf,856,1.45281,;inf,863,1.5029,;inf,869,1.55299,;inf,873,1.60308,;inf,881,1.65317,;inf,889,1.70326,;inf,893,1.75334,;inf,900,1.80346,;inf,907,1.85355,;inf,912,1.90363,;inf,918,1.95378,;inf,924,2.00386,;inf,938,2.05396,;inf,942,2.10404,;inf,948,2.15415,;inf,950,2.20424,;inf,954,2.25434,;inf,961,2.30442,;inf,967,2.35451,;inf,971,2.40463,;inf,973,2.45471,;inf,979,2.50481,;inf,984,2.5549,;inf,990,2.60502,;inf,994,2.6551,;inf,997,2.70519,;inf,1003,2.75527,;inf,1008,2.80539,;inf,1011,2.85548,;inf,1016,2.90561,;inf,1021,2.95569,;inf,1023,3.00578,;inf,1025,3.05587,;inf,1029,3.10597,;inf,1032,3.15609,;inf,1034,3.20622,;inf,1040,3.25634,;inf,1043,3.30648,;inf,1048,3.35657,;inf,1052,3.40666,;inf,1058,3.45677,;inf,1061,3.50687,;inf,1064,3.55699,;inf,1068,3.60709,;inf,1076,3.65717,;inf,1081,3.70726,;inf,1086,3.75738,;inf,1089,3.8075,;inf,1092,3.85758,;inf,1097,3.90767,;inf,1103,3.95776,;inf,1107,4.00787,;inf,1110,4.05799,;inf,1112,4.10811,;inf,1114,4.1582,;inf,1123,4.20832,;inf,1131,4.25845,;inf,1133,4.30857,;inf,1135,4.35865,;inf,1137,4.40875,;inf,1141,4.45884,;inf,1147,4.50897,;inf,1151,4.55906,;inf,1159,4.60918,;inf,1163,4.65927,;inf,1164,4.70938,;inf,1168,4.7595,;inf,1173,4.80962,;inf,1176,4.85973,;inf,1178,4.90983,;479.745270,1183,4.95993,;479.745270,1187,5.01002,;479.745270,1190,5.06011,;479.745270,1193,5.1102,;479.745270,1196,5.16029,;479.745270,1200,5.21042,;479.745270,1201,5.26051,;479.745270,1203,5.3106,;479.745270,1207,5.36068,;479.745270,1211,5.41078,;479.745270,1213,5.46092,;479.745270,1215,5.51102,;479.745270,1220,5.56111,;478.655784,1224,5.61121,;478.655784,1224,5.66134,;478.655784,1224,5.71143,;478.079983,1225,5.76156,;478.079983,1231,5.81166,;478.079983,1234,5.86175,;478.079983,1240,5.91188,;478.079983,1241,5.96196,;478.079983,1243,6.01206,;478.079983,1246,6.0622,;478.079983,1248,6.1123,;478.079983,1250,6.16243,;478.079983,1252,6.21252,;478.079983,1255,6.26261,;478.079983,1258,6.3127,;478.079983,1261,6.3628,;478.079983,1263,6.4129,;478.079983,1264,6.46299,;478.079983,1267,6.51309,;478.079983,1268,6.56319,;478.079983,1270,6.61332,;478.079983,1273,6.66342,;472.628370,1279,6.7135,;472.628370,1281,6.7636,;472.628370,1282,6.8137,;472.248456,1290,6.8638,;472.248456,1291,6.91392,;472.248456,1294,6.96402,;471.205715,1299,7.01414,;471.205715,1302,7.06426,;471.205715,1307,7.11436,;471.205715,1310,7.16448,;471.205715,1313,7.21457,;471.185259,1314,7.26469,;471.185259,1315,7.31479,;467.959860,1317,7.36491,;467.959860,1319,7.41501,;467.959860,1322,7.46509,;467.959860,1326,7.51517,;467.959860,1327,7.56525,;467.959860,1329,7.61535,;467.959860,1332,7.66545,;467.959860,1334,7.71554,;467.959860,1337,7.76565,;467.959860,1340,7.81574,;467.959860,1345,7.86586,;467.959860,1347,7.91596,;467.959860,1350,7.96605,;467.959860,1351,8.01618,;467.959860,1354,8.06628,;467.959860,1355,8.11641,;467.959860,1357,8.16647,;467.959860,1361,8.21655,;467.959860,1363,8.26664,;467.959860,1365,8.31676,;467.959860,1370,8.36686,;467.959860,1373,8.41695,;467.959860,1376,8.46704,;467.959860,1378,8.51716,;467.959860,1381,8.56726,;467.959860,1385,8.61736,;467.959860,1388,8.66749,;467.959860,1392,8.71762,;467.959860,1397,8.76772,;467.959860,1404,8.81784,;467.959860,1406,8.86792,;467.959860,1408,8.918,;467.959860,1412,8.96813,;467.959860,1413,9.01825,;467.959860,1418,9.06835,;467.959860,1422,9.11845,;467.959860,1425,9.16857,;467.959860,1429,9.21865,;467.959860,1433,9.26874,;467.959860,1437,9.31883,;467.959860,1441,9.36895,;467.959860,1448,9.41904,;467.959860,1452,9.46915,;467.959860,1455,9.51925,;467.959860,1460,9.56938,;467.959860,1462,9.61947,;467.959860,1466,9.66959,;467.959860,1471,9.71968,;467.959860,1474,9.7698,;467.959860,1478,9.81988,;467.959860,1482,9.87,;467.959860,1483,9.92009,;467.959860,1484,9.97021,;
inf,300,0.0500557,;inf,349,0.100151,;inf,397,0.150237,;inf,431,0.200327,;inf,455,0.250459,;inf,484,0.300536,;inf,501,0.350652,;inf,523,0.400748,;inf,532,0.450832,;inf,548,0.500915,;inf,559,0.550999,;inf,571,0.601091,;inf,582,0.65121,;inf,593,0.701301,;inf,602,0.75142,;inf,615,0.801506,;inf,633,0.851642,;inf,645,0.901729,;inf,648,0.951818,;inf,655,1.00194,;inf,664,1.05203,;inf,670,1.10215,;inf,683,1.15225,;inf,689,1.20239,;inf,699,1.25248,;inf,702,1.30261,;inf,707,1.35268,;inf,715,1.40279,;inf,727,1.45291,;inf,736,1.50302,;inf,743,1.55314,;inf,752,1.60327,;485.617229,767,1.65338,;484.351162,777,1.7035,;484.351162,781,1.75358,;465.152512,782,1.8037,;465.152512,789,1.85382,;465.152512,795,1.90391,;465.152512,800,1.95403,;465.152512,804,2.00415,;465.152512,809,2.05427,;465.152512,815,2.10437,;465.152512,818,2.15445,;465.152512,829,2.20453,;465.152512,830,2.25462,;463.678922,835,2.30471,;463.168391,841,2.35483,;463.168391,848,2.40491,;463.168391,855,2.45501,;463.168391,859,2.50509,;463.168391,867,2.55518,;463.168391,869,2.60528,;463.168391,872,2.65538,;463.168391,878,2.70548,;463.168391,882,2.75557,;463.168391,884,2.80567,;463.168391,889,2.85576,;463.168391,894,2.90584,;463.168391,896,2.95596,;463.168391,902,3.00608,;463.168391,905,3.05617,;463.168391,909,3.10629,;463.168391,917,3.15642,;463.168391,923,3.20655,;463.168391,926,3.25668,;463.168391,930,3.30679,;463.168391,933,3.35687,;463.168391,941,3.40695,;463.168391,946,3.45703,;463.168391,951,3.50711,;463.168391,953,3.5572,;463.168391,955,3.60731,;463.168391,958,3.65744,;463.168391,962,3.70753,;463.168391,966,3.75762,;463.168391,973,3.80772,;463.168391,979,3.85782,;463.168391,982,3.90792,;463.168391,984,3.958,;463.168391,988,4.0081,;463.168391,991,4.05822,;463.168391,995,4.10831,;463.168391,999,4.15841,;463.168391,1002,4.20849,;463.168391,1005,4.25861,;463.168391,1007,4.3087,;463.168391,1012,4.35882,;463.168391,1017,4.40891,;463.135784,1019,4.459,;463.135784,1023,4.50911,;463.135784,1026,4.55921,;463.135784,1031,4.60933,;463.135784,1040,4.65945,;463.135784,1042,4.70955,;463.135784,1052,4.75965,;463.135784,1057,4.80974,;463.135784,1060,4.85983,;463.135784,1062,4.90992,;461.664168,1067,4.96001,;461.664168,1068,5.0101,;461.664168,1070,5.06018,;461.664168,1071,5.11031,;461.664168,1071,5.1604,;458.111871,1075,5.21048,;458.111871,1076,5.26056,;454.975731,1080,5.31066,;454.975731,1082,5.36075,;454.975731,1085,5.41086,;454.975731,1087,5.46096,;454.975731,1090,5.51109,;454.975731,1092,5.56118,;454.975731,1096,5.61128,;451.075971,1098,5.66138,;451.075971,1103,5.71148,;451.075971,1105,5.76161,;451.075971,1108,5.81173,;451.075971,1110,5.86181,;451.075971,1113,5.91193,;451.075971,1116,5.96209,;451.075971,1120,6.01221,;450.724573,1123,6.06229,;450.724573,1127,6.11242,;450.724573,1128,6.16251,;450.724573,1136,6.21264,;450.724573,1139,6.26272,;450.724573,1141,6.31286,;450.724573,1144,6.36294,;450.724573,1147,6.41303,;450.724573,1149,6.46311,;450.724573,1152,6.5132,;450.724573,1155,6.5633,;450.724573,1157,6.6134,;450.724573,1158,6.66349,;450.724573,1161,6.71358,;450.724573,1163,6.76368,;450.724573,1166,6.81376,;450.724573,1170,6.86388,;450.724573,1172,6.91397,;450.724573,1176,6.96408,;450.724573,1178,7.0142,;450.724573,1179,7.06429,;450.724573,1181,7.11439,;450.724573,1184,7.16447,;450.724573,1186,7.21458,;450.724573,1187,7.26467,;449.659396,1191,7.31474,;449.659396,1196,7.36483,;449.659396,1198,7.41495,;449.659396,1199,7.46507,;449.659396,1202,7.51519,;449.659396,1204,7.56528,;449.659396,1207,7.6154,;449.659396,1213,7.6655,;449.659396,1215,7.71559,;449.436542,1218,7.76568,;449.436542,1222,7.81576,;449.436542,1226,7.86588,;449.436542,1228,7.916,;449.436542,1232,7.96612,;449.111390,1234,8.01624,;449.111390,1237,8.06636,;449.111390,1239,8.11645,;449.111390,1243,8.16656,;449.111390,1244,8.21664,;449.111390,1247,8.26673,;449.111390,1250,8.31682,;449.111390,1252,8.36694,;449.111390,1253,8.41706,;449.111390,1255,8.46717,;449.111390,1257,8.51729,;449.111390,1259,8.56739,;449.111390,1262,8.61749,;449.111390,1264,8.66761,;449.111390,1266,8.7177,;449.111390,1268,8.76782,;449.111390,1270,8.81794,;449.111390,1273,8.86808,;449.111390,1274,8.91817,;449.111390,1277,8.96829,;449.111390,1281,9.01841,;449.111390,1286,9.06849,;449.111390,1287,9.11858,;449.111390,1292,9.16867,;449.111390,1295,9.21879,;449.111390,1295,9.26888,;449.111390,1295,9.319,;449.111390,1298,9.36912,;449.111390,1300,9.41923,;449.111390,1303,9.46935,;449.111390,1304,9.51946,;449.111390,1307,9.56955,;449.111390,1309,9.61967,;449.111390,1311,9.66979,;449.111390,1315,9.71991,;448.930040,1318,9.77002,;448.930040,1320,9.82013,;448.930040,1321,9.87025,;448.930040,1324,9.92034,;448.930040,1326,9.97048,;448.930040,1329,10.0206,;448.930040,1333,10.0707,;
inf,328,0.0501033,;inf,388,0.100219,;inf,423,0.150332,;inf,444,0.200441,;inf,464,0.250531,;inf,481,0.300643,;inf,499,0.350756,;inf,524,0.400867,;inf,538,0.450981,;inf,547,0.501098,;inf,566,0.551191,;inf,576,0.601311,;inf,590,0.651426,;inf,604,0.701501,;inf,614,0.751609,;inf,627,0.801681,;inf,634,0.851771,;inf,639,0.901848,;inf,647,0.951943,;inf,660,1.00203,;inf,672,1.05211,;inf,676,1.10218,;inf,685,1.15228,;inf,690,1.20235,;inf,698,1.25246,;inf,705,1.30254,;inf,712,1.35266,;inf,721,1.40274,;inf,729,1.45285,;inf,737,1.50293,;inf,742,1.55305,;inf,750,1.60313,;inf,760,1.65325,;inf,767,1.70336,;inf,768,1.75348,;inf,776,1.80356,;inf,781,1.85368,;470.983309,788,1.90377,;470.983309,790,1.95389,;470.983309,798,2.004,;470.983309,801,2.05412,;470.983309,805,2.10423,;470.983309,808,2.15431,;470.983309,811,2.2044,;470.931370,815,2.25449,;470.931370,820,2.3046,;469.444217,821,2.35469,;469.444217,831,2.40484,;469.444217,834,2.45492,;469.444217,837,2.50501,;469.444217,842,2.55513,;469.444217,844,2.60521,;469.444217,849,2.6553,;469.444217,855,2.70542,;469.444217,858,2.7555,;469.444217,861,2.8056,;469.444217,864,2.85569,;469.444217,868,2.90578,;469.444217,872,2.9559,;469.444217,876,3.00598,;469.444217,879,3.05606,;469.444217,883,3.1061,;469.444217,889,3.15617,;467.369428,896,3.20625,;467.369428,899,3.25637,;467.369428,906,3.30644,;466.759453,907,3.35653,;466.759453,911,3.40661,;466.759453,913,3.45669,;466.759453,917,3.50678,;466.759453,921,3.55688,;466.759453,924,3.60697,;466.759453,925,3.65706,;466.406547,926,3.70714,;466.406547,926,3.75722,;464.228853,927,3.80731,;464.228853,927,3.8574,;462.608149,929,3.90752,;462.608149,933,3.9576,;462.608149,938,4.00768,;462.608149,940,4.0578,;462.608149,945,4.10788,;458.025787,949,4.15799,;458.025787,953,4.20807,;458.025787,957,4.25816,;458.025787,959,4.30828,;456.142255,960,4.35835,;456.142255,962,4.40847,;456.142255,964,4.45855,;456.142255,965,4.50867,;456.142255,971,4.55876,;456.142255,976,4.60885,;456.142255,980,4.65894,;456.142255,984,4.70905,;456.142255,989,4.75913,;456.142255,991,4.80926,;456.142255,994,4.85934,;456.142255,999,4.90943,;456.142255,1001,4.95952,;456.142255,1009,5.00963,;456.142255,1012,5.05974,;456.142255,1013,5.10986,;456.142255,1015,5.15998,;456.093168,1019,5.21008,;456.093168,1022,5.26017,;456.093168,1025,5.31024,;456.093168,1030,5.36038,;456.093168,1031,5.41046,;456.093168,1033,5.46054,;456.093168,1034,5.51062,;456.093168,1035,5.56072,;456.093168,1043,5.61084,;456.093168,1046,5.661,;456.093168,1047,5.71109,;456.093168,1047,5.76118,;456.093168,1052,5.81127,;456.093168,1054,5.86139,;456.093168,1056,5.91146,;456.093168,1057,5.96158,;456.093168,1057,6.01165,;455.010720,1058,6.06182,;455.010720,1061,6.11191,;455.010720,1063,6.16201,;455.010720,1065,6.21211,;455.010720,1070,6.26218,;455.010720,1075,6.31226,;455.010720,1078,6.36234,;455.010720,1079,6.41245,;455.010720,1084,6.46253,;455.010720,1086,6.51263,;455.010720,1086,6.56273,;455.010720,1090,6.61283,;455.010720,1092,6.66293,;455.010720,1093,6.71305,;455.010720,1094,6.76316,;455.010720,1096,6.81328,;455.010720,1098,6.86336,;455.010720,1102,6.91348,;455.010720,1104,6.96361,;455.010720,1107,7.01369,;452.961002,1110,7.06378,;452.961002,1112,7.1139,;452.961002,1116,7.16397,;452.961002,1117,7.21412,;452.961002,1118,7.26423,;452.961002,1120,7.31431,;452.961002,1126,7.36442,;452.961002,1127,7.41451,;452.961002,1128,7.46463,;452.961002,1130,7.51472,;452.605118,1135,7.56486,;452.605118,1137,7.61495,;452.605118,1139,7.66505,;452.605118,1143,7.71517,;452.605118,1145,7.7653,;452.605118,1147,7.81539,;452.605118,1151,7.86548,;452.605118,1151,7.91558,;452.605118,1153,7.9657,;452.605118,1153,8.0158,;452.605118,1155,8.06588,;452.605118,1156,8.11597,;452.605118,1158,8.16609,;452.605118,1161,8.21618,;452.605118,1163,8.26626,;452.605118,1164,8.31638,;452.605118,1165,8.36645,;452.605118,1166,8.41652,;452.605118,1169,8.4666,;452.605118,1170,8.51672,;452.605118,1172,8.56679,;452.605118,1174,8.61687,;452.605118,1175,8.66697,;452.605118,1177,8.71706,;452.605118,1179,8.76714,;452.605118,1182,8.81722,;452.605118,1184,8.86732,;452.605118,1185,8.91744,;452.605118,1189,8.96753,;452.605118,1191,9.01762,;452.605118,1192,9.06774,;452.605118,1194,9.11785,;452.605118,1196,9.16794,;452.605118,1200,9.21802,;452.605118,1203,9.2681,;452.605118,1203,9.31817,;452.605118,1206,9.36828,;452.605118,1207,9.41835,;452.605118,1211,9.46843,;452.605118,1214,9.51853,;452.605118,1217,9.56862,;452.605118,1220,9.61871,;452.605118,1221,9.66886,;452.605118,1222,9.71894,;452.605118,1224,9.76906,;452.605118,1227,9.81913,;452.605118,1229,9.86921,;452.605118,1230,9.91928,;452.605118,1231,9.96934,;452.605118,1232,10.0194,;
inf,284,0.0500558,;inf,367,0.100184,;inf,401,0.150279,;inf,427,0.200389,;inf,471,0.2505,;inf,495,0.300611,;inf,511,0.350691,;inf,523,0.400781,;inf,539,0.45087,;inf,554,0.500982,;inf,568,0.551106,;inf,583,0.60118,;inf,592,0.651313,;inf,613,0.701428,;inf,632,0.75152,;inf,637,0.8016,;inf,637,0.851717,;inf,642,0.901806,;inf,658,0.951928,;inf,663,1.00202,;inf,676,1.05211,;inf,676,1.1022,;inf,678,1.15233,;inf,683,1.20241,;inf,689,1.25253,;inf,693,1.30265,;inf,701,1.35276,;inf,708,1.40285,;inf,709,1.45294,;inf,713,1.50303,;inf,717,1.55311,;inf,720,1.60319,;inf,725,1.65328,;inf,728,1.70338,;inf,735,1.75346,;inf,743,1.80356,;inf,748,1.85365,;inf,757,1.90376,;inf,765,1.95385,;inf,769,2.00398,;inf,771,2.05407,;inf,777,2.10419,;inf,779,2.15428,;inf,784,2.20436,;inf,789,2.25445,;inf,794,2.30453,;inf,798,2.35468,;inf,801,2.4048,;inf,809,2.45491,;inf,815,2.505,;inf,818,2.5551,;inf,825,2.60522,;inf,830,2.65534,;inf,833,2.70546,;inf,841,2.75557,;inf,846,2.80565,;inf,851,2.85576,;inf,857,2.90586,;inf,864,2.956,;inf,872,3.00609,;inf,877,3.05621,;inf,883,3.1063,;inf,885,3.1564,;inf,886,3.20649,;inf,889,3.25662,;inf,892,3.30671,;inf,896,3.35683,;inf,900,3.40692,;inf,903,3.45704,;inf,910,3.50716,;inf,913,3.55724,;inf,918,3.60737,;inf,920,3.65748,;inf,921,3.70756,;inf,924,3.75764,;inf,926,3.80772,;inf,928,3.85782,;inf,933,3.9079,;inf,941,3.95799,;inf,942,4.00808,;inf,944,4.05818,;inf,948,4.10827,;inf,950,4.15835,;inf,955,4.2085,;inf,956,4.25858,;inf,959,4.30869,;inf,962,4.35881,;inf,964,4.40891,;inf,965,4.45899,;inf,968,4.50908,;inf,979,4.55919,;inf,982,4.6093,;inf,983,4.65938,;inf,985,4.70952,;inf,993,4.7596,;inf,994,4.80968,;inf,997,4.85976,;inf,999,4.90985,;inf,1002,4.95995,;inf,1004,5.01005,;inf,1008,5.06015,;inf,1011,5.11025,;inf,1017,5.16034,;inf,1021,5.21048,;inf,1023,5.26059,;inf,1025,5.31071,;inf,1026,5.36083,;inf,1027,5.41095,;inf,1029,5.46107,;inf,1029,5.51121,;inf,1030,5.56133,;inf,1032,5.61141,;inf,1035,5.66148,;inf,1037,5.71157,;inf,1041,5.76166,;inf,1044,5.81175,;inf,1046,5.86185,;inf,1049,5.91194,;inf,1052,5.96204,;inf,1056,6.01214,;inf,1058,6.06224,;inf,1062,6.11234,;inf,1067,6.16243,;inf,1069,6.21252,;inf,1072,6.26262,;inf,1074,6.31274,;inf,1076,6.36283,;inf,1081,6.41292,;inf,1084,6.46301,;inf,1087,6.51314,;inf,1090,6.56326,;inf,1096,6.61335,;inf,1097,6.66344,;inf,1100,6.71352,;inf,1102,6.7636,;inf,1105,6.81368,;inf,1108,6.86381,;inf,1108,6.9139,;inf,1112,6.964,;inf,1113,7.01409,;inf,1115,7.06418,;inf,1119,7.11427,;inf,1122,7.16439,;inf,1126,7.21451,;inf,1128,7.26461,;inf,1130,7.3147,;inf,1133,7.36483,;inf,1135,7.41492,;inf,1137,7.46505,;inf,1143,7.51516,;inf,1145,7.56524,;inf,1145,7.61533,;inf,1145,7.66542,;inf,1147,7.71553,;inf,1148,7.7656,;inf,1152,7.81569,;inf,1157,7.86579,;inf,1159,7.91587,;inf,1162,7.96596,;inf,1163,8.0161,;inf,1166,8.0662,;inf,1166,8.11628,;inf,1168,8.16638,;inf,1171,8.2165,;inf,1175,8.26659,;inf,1177,8.31672,;inf,1181,8.36684,;inf,1184,8.41696,;inf,1185,8.46704,;inf,1185,8.51712,;inf,1188,8.56724,;inf,1194,8.61733,;inf,1195,8.66745,;466.171128,1200,8.71752,;466.171128,1202,8.76764,;466.171128,1203,8.81773,;466.171128,1205,8.86784,;466.171128,1208,8.91794,;466.171128,1208,8.96802,;466.146610,1217,9.01812,;466.146610,1218,9.0682,;466.146610,1219,9.11829,;466.146610,1220,9.16837,;466.146610,1222,9.21846,;466.146610,1224,9.26858,;466.146610,1226,9.31867,;466.146610,1227,9.36879,;466.146610,1227,9.4189,;466.146610,1230,9.469,;466.146610,1231,9.51912,;466.146610,1233,9.56923,;466.146610,1234,9.61931,;466.146610,1235,9.66943,;466.146610,1237,9.71951,;466.146610,1239,9.7696,;466.146610,1240,9.81969,;466.146610,1242,9.86977,;466.146610,1246,9.91989,;466.146610,1246,9.96997,;466.146610,1250,10.0201,;
inf,1381,0.0500939,;inf,1468,0.100178,;inf,1542,0.150258,;inf,1574,0.200353,;inf,1607,0.250435,;inf,1642,0.300529,;inf,1672,0.350617,;inf,1691,0.400732,;inf,1719,0.450848,;inf,1731,0.50096,;inf,1744,0.551025,;inf,1758,0.601153,;inf,1773,0.65123,;inf,1781,0.701355,;inf,1802,0.751445,;inf,1813,0.80153,;inf,1837,0.851607,;inf,1860,0.901718,;inf,1871,0.951805,;inf,1892,1.0019,;inf,1896,1.05199,;inf,1906,1.10207,;inf,1914,1.15215,;inf,1927,1.20224,;inf,1933,1.25232,;inf,1946,1.30245,;inf,1959,1.35256,;inf,1963,1.40268,;inf,1969,1.45277,;inf,1975,1.50288,;inf,1992,1.55297,;inf,1996,1.60304,;inf,2007,1.65316,;inf,2014,1.70323,;inf,2021,1.75334,;inf,2027,1.80343,;inf,2033,1.85355,;inf,2041,1.90363,;inf,2051,1.95375,;inf,2061,2.00383,;inf,2065,2.05391,;inf,2070,2.10399,;inf,2081,2.15412,;inf,2090,2.2042,;inf,2099,2.25429,;inf,2111,2.30437,;inf,2113,2.35445,;inf,2123,2.40454,;inf,2133,2.45464,;inf,2136,2.50472,;inf,2143,2.55482,;inf,2150,2.60493,;inf,2155,2.65503,;inf,2161,2.70515,;inf,2165,2.75522,;inf,2176,2.80531,;inf,2182,2.85539,;inf,2190,2.90551,;inf,2195,2.95559,;inf,2201,3.00571,;inf,2208,3.05581,;inf,2211,3.10592,;inf,2216,3.156,;inf,2225,3.20612,;inf,2232,3.25623,;inf,2235,3.30635,;inf,2241,3.35644,;inf,2244,3.40655,;inf,2258,3.45662,;inf,2266,3.50674,;inf,2271,3.55686,;inf,2281,3.60695,;inf,2287,3.65703,;inf,2295,3.70711,;inf,2299,3.75718,;inf,2303,3.80726,;inf,2309,3.85738,;inf,2316,3.90748,;inf,2319,3.9576,;inf,2324,4.00769,;inf,2327,4.05781,;inf,2332,4.1079,;inf,2335,4.15801,;inf,2339,4.20813,;inf,2346,4.25825,;inf,2349,4.30834,;inf,2352,4.35846,;inf,2354,4.40856,;inf,2359,4.45865,;inf,2361,4.50873,;inf,2363,4.55881,;inf,2365,4.60889,;inf,2369,4.65902,;inf,2378,4.7091,;inf,2389,4.75918,;inf,2390,4.8093,;inf,2398,4.85942,;inf,2405,4.90954,;inf,2408,4.95966,;inf,2411,5.00978,;inf,2414,5.05986,;inf,2421,5.10999,;inf,2428,5.16008,;inf,2430,5.21021,;inf,2433,5.26031,;inf,2436,5.31043,;inf,2442,5.36054,;inf,2448,5.41063,;inf,2451,5.46076,;inf,2457,5.51084,;inf,2458,5.56095,;inf,2462,5.61104,;inf,2465,5.66117,;inf,2467,5.71125,;inf,2477,5.76135,;inf,2478,5.81147,;inf,2480,5.86156,;inf,2487,5.91166,;inf,2491,5.9618,;inf,2493,6.01191,;inf,2498,6.06199,;inf,2501,6.11211,;inf,2502,6.16223,;inf,2506,6.21234,;inf,2509,6.26246,;inf,2510,6.31258,;inf,2515,6.36269,;inf,2517,6.41277,;inf,2520,6.46286,;inf,2523,6.51296,;inf,2525,6.56304,;inf,2529,6.61312,;inf,2534,6.66321,;inf,2535,6.71333,;inf,2538,6.76345,;inf,2543,6.81356,;inf,2547,6.86365,;inf,2551,6.91374,;inf,2555,6.96383,;inf,2557,7.01395,;inf,2558,7.06404,;inf,2562,7.11417,;inf,2564,7.16426,;inf,2567,7.21436,;inf,2570,7.26445,;inf,2571,7.31456,;inf,2573,7.36469,;inf,2574,7.41476,;inf,2580,7.4649,;inf,2584,7.515,;inf,2586,7.56513,;inf,2587,7.61522,;inf,2588,7.66529,;inf,2591,7.71538,;inf,2593,7.76549,;inf,2595,7.81558,;inf,2596,7.86568,;inf,2597,7.91579,;inf,2600,7.96591,;inf,2603,8.016,;inf,2607,8.0661,;inf,2611,8.11621,;inf,2612,8.16635,;inf,2616,8.21647,;inf,2622,8.26655,;inf,2628,8.31664,;inf,2632,8.36676,;inf,2636,8.41684,;inf,2638,8.46693,;inf,2640,8.51704,;inf,2642,8.56713,;inf,2647,8.61721,;inf,2648,8.66729,;inf,2651,8.71738,;inf,2652,8.76747,;inf,2654,8.81757,;inf,2655,8.86767,;inf,2661,8.91779,;inf,2662,8.96787,;inf,2667,9.01799,;inf,2674,9.06807,;inf,2676,9.11819,;inf,2678,9.16827,;inf,2683,9.21839,;inf,2683,9.2685,;inf,2686,9.31859,;inf,2690,9.3687,;inf,2692,9.41878,;inf,2696,9.46887,;inf,2700,9.51898,;inf,2703,9.56908,;inf,2707,9.61916,;inf,2716,9.66927,;inf,2719,9.71935,;inf,2723,9.76943,;inf,2725,9.81952,;inf,2732,9.86961,;inf,2739,9.9197,;inf,2741,9.96978,;inf,2745,10.0199,;
inf,386,0.0500963,;inf,451,0.100188,;inf,481,0.150301,;493.316016,508,0.200386,;492.381204,540,0.250502,;486.911582,555,0.300594,;483.969495,574,0.350676,;483.540946,600,0.400758,;483.540946,616,0.450835,;483.540946,636,0.500909,;482.023763,655,0.551019,;481.515309,671,0.601093,;481.190724,686,0.651172,;481.190724,706,0.70126,;480.767619,711,0.751358,;480.767619,719,0.801431,;478.888133,726,0.851506,;478.888133,735,0.901595,;478.629970,752,0.951687,;478.629970,758,1.00181,;476.523216,766,1.0519,;476.523216,766,1.10201,;474.353092,768,1.1521,;474.353092,778,1.2022,;474.353092,786,1.25229,;474.353092,790,1.30238,;474.353092,795,1.35246,;474.353092,799,1.40257,;468.019308,807,1.45268,;468.019308,815,1.5028,;468.019308,821,1.55288,;468.019308,827,1.60296,;468.019308,834,1.65305,;467.765705,840,1.70317,;467.765705,850,1.75325,;467.765705,856,1.80337,;467.765705,858,1.85346,;467.453820,862,1.90354,;467.453820,866,1.95362,;467.453820,870,2.00372,;467.400823,874,2.0538,;467.400823,878,2.1039,;467.400823,886,2.15401,;467.400823,890,2.2041,;467.400823,897,2.25418,;467.400823,904,2.30434,;467.400823,910,2.35442,;467.400823,914,2.40453,;467.400823,919,2.45462,;467.400823,923,2.50474,;467.400823,930,2.55485,;464.713708,931,2.60494,;464.713708,937,2.65503,;464.713708,943,2.70511,;464.713708,945,2.7552,;464.713708,947,2.80528,;464.713708,947,2.85535,;464.713708,947,2.90548,;464.713708,947,2.95555,;461.998272,949,3.00567,;461.998272,951,3.05576,;461.998272,955,3.10587,;461.998272,959,3.15596,;461.998272,963,3.20606,;461.998272,968,3.25614,;461.998272,973,3.30625,;461.998272,978,3.35634,;461.998272,989,3.40646,;461.998272,991,3.45655,;461.998272,996,3.50664,;461.998272,999,3.55676,;461.998272,1003,3.60685,;461.998272,1005,3.65694,;461.998272,1008,3.70706,;461.998272,1011,3.75717,;461.998272,1012,3.80728,;459.768095,1016,3.85736,;459.768095,1017,3.90744,;459.768095,1022,3.95752,;459.768095,1027,4.0076,;459.768095,1031,4.05768,;459.768095,1034,4.10776,;459.768095,1037,4.15783,;459.768095,1042,4.20791,;459.768095,1044,4.25803,;459.768095,1049,4.3081,;459.768095,1055,4.35819,;459.768095,1058,4.4083,;459.768095,1062,4.45837,;459.768095,1065,4.50846,;459.768095,1067,4.55858,;459.649576,1070,4.6087,;459.649576,1074,4.65879,;459.649576,1077,4.70888,;459.649576,1081,4.75897,;459.649576,1083,4.80907,;459.649576,1086,4.85918,;459.649576,1089,4.9093,;459.649576,1094,4.95939,;459.649576,1097,5.00947,;459.649576,1100,5.05954,;459.649576,1103,5.10965,;459.649576,1107,5.15974,;459.649576,1108,5.20986,;459.529054,1110,5.25994,;459.529054,1113,5.31003,;459.529054,1116,5.36011,;459.529054,1116,5.41023,;457.999399,1117,5.4604,;457.999399,1120,5.51051,;457.999399,1123,5.56061,;457.999399,1127,5.61072,;457.947576,1129,5.66084,;457.947576,1131,5.71096,;457.947576,1136,5.76104,;457.947576,1139,5.81113,;457.947576,1142,5.86124,;457.947576,1144,5.91132,;457.947576,1150,5.96141,;457.947576,1152,6.01148,;457.947576,1157,6.06156,;457.947576,1159,6.11165,;457.947576,1161,6.16173,;457.947576,1163,6.21184,;457.947576,1168,6.26193,;457.947576,1170,6.31202,;457.947576,1176,6.3621,;457.947576,1178,6.41219,;457.947576,1180,6.46228,;457.947576,1183,6.51238,;457.947576,1184,6.56246,;457.743605,1187,6.61254,;457.743605,1188,6.66261,;457.743605,1191,6.7127,;457.743605,1194,6.76278,;457.743605,1195,6.81286,;457.286035,1196,6.86296,;457.286035,1198,6.91305,;457.286035,1202,6.96312,;457.286035,1205,7.01322,;457.286035,1207,7.0633,;457.286035,1211,7.11339,;457.286035,1215,7.16347,;457.286035,1216,7.21354,;457.286035,1219,7.26362,;457.286035,1220,7.31374,;457.286035,1222,7.36382,;457.286035,1224,7.41393,;457.286035,1228,7.46402,;457.286035,1229,7.51411,;457.286035,1234,7.56419,;457.286035,1236,7.61428,;457.286035,1238,7.66438,;457.286035,1241,7.71446,;457.286035,1246,7.76458,;457.286035,1246,7.8147,;456.039939,1248,7.86478,;456.039939,1251,7.9149,;456.039939,1252,7.96502,;456.039939,1255,8.01513,;456.039939,1258,8.06525,;456.039939,1259,8.11536,;456.039939,1262,8.16547,;456.039939,1264,8.21555,;456.039939,1265,8.26566,;456.039939,1267,8.31575,;456.039939,1268,8.36587,;456.039939,1272,8.41596,;456.039939,1274,8.46604,;456.039939,1275,8.51614,;456.039939,1277,8.56625,;456.039939,1279,8.61633,;456.039939,1281,8.66645,;456.039939,1283,8.71653,;456.039939,1285,8.76661,;456.039939,1288,8.81669,;456.039939,1292,8.86677,;456.039939,1294,8.91686,;456.039939,1299,8.96695,;456.039939,1302,9.01704,;456.039939,1303,9.06715,;456.039939,1306,9.11722,;456.039939,1312,9.16731,;456.039939,1316,9.21743,;456.039939,1318,9.26751,;456.039939,1321,9.31762,;456.039939,1322,9.3677,;456.039939,1326,9.41778,;456.039939,1328,9.46788,;456.039939,1329,9.51799,;456.039939,1332,9.56808,;456.039939,1336,9.61819,;456.039939,1339,9.66828,;456.039939,1343,9.71839,;456.039939,1346,9.76846,;456.039939,1349,9.81854,;456.039939,1351,9.86863,;456.039939,1352,9.91871,;456.039939,1355,9.96883,;456.039939,1356,10.0189,;456.039939,1357,10.069,;
inf,313,0.0500682,;inf,366,0.100185,;inf,421,0.150297,;inf,477,0.200417,;inf,517,0.250541,;inf,539,0.300655,;inf,561,0.350772,;inf,586,0.400884,;inf,601,0.451002,;inf,617,0.501115,;inf,637,0.551227,;inf,656,0.601285,;inf,666,0.651416,;inf,680,0.701501,;inf,689,0.751619,;inf,702,0.801711,;inf,718,0.851826,;inf,723,0.901929,;inf,732,0.952051,;inf,742,1.00213,;inf,748,1.05222,;inf,757,1.1023,;inf,766,1.15239,;inf,772,1.20248,;inf,785,1.2526,;inf,788,1.30272,;inf,794,1.3528,;inf,801,1.40292,;inf,812,1.45304,;inf,815,1.50316,;inf,825,1.55328,;inf,831,1.6034,;inf,835,1.65352,;inf,839,1.70364,;inf,848,1.75376,;inf,851,1.80388,;inf,857,1.85396,;inf,864,1.90407,;inf,871,1.95419,;inf,875,2.00427,;inf,878,2.05436,;inf,880,2.10444,;inf,886,2.15452,;inf,896,2.2046,;inf,900,2.25472,;inf,904,2.30479,;inf,907,2.35491,;inf,916,2.40503,;inf,920,2.45512,;inf,926,2.50521,;inf,929,2.5553,;inf,933,2.60538,;inf,936,2.6555,;inf,937,2.70558,;inf,940,2.75567,;inf,943,2.80575,;inf,947,2.85584,;inf,953,2.90593,;465.374523,957,2.95602,;465.374523,960,3.00611,;465.374523,964,3.05624,;465.374523,969,3.10634,;465.374523,970,3.15642,;465.101180,972,3.20652,;465.101180,974,3.25661,;465.101180,978,3.30672,;465.101180,988,3.3568,;465.101180,998,3.40694,;465.101180,998,3.45706,;465.101180,1001,3.50716,;465.101180,1006,3.55728,;465.101180,1015,3.6074,;465.101180,1022,3.65749,;465.101180,1024,3.7076,;465.101180,1029,3.7577,;465.101180,1034,3.80783,;465.101180,1039,3.85792,;465.101180,1042,3.90802,;465.101180,1043,3.95814,;465.068050,1046,4.00828,;465.068050,1050,4.0584,;464.492629,1053,4.10853,;464.492629,1055,4.15865,;464.492629,1057,4.20878,;464.312503,1059,4.2589,;464.312503,1062,4.30898,;464.312503,1065,4.35911,;464.312503,1067,4.40923,;464.312503,1070,4.45934,;464.312503,1076,4.50942,;464.312503,1083,4.55951,;464.312503,1091,4.60961,;464.312503,1096,4.65971,;463.975701,1097,4.70982,;463.975701,1101,4.7599,;463.975701,1105,4.81002,;463.975701,1106,4.86014,;463.975701,1109,4.91024,;463.975701,1114,4.96032,;463.975701,1115,5.01042,;463.975701,1117,5.06054,;463.975701,1118,5.11064,;463.975701,1120,5.16073,;463.975701,1124,5.21086,;463.975701,1126,5.26096,;463.975701,1129,5.31106,;463.975701,1131,5.36118,;463.975701,1133,5.41132,;463.975701,1136,5.46141,;463.975701,1137,5.51153,;463.975701,1142,5.56162,;463.975701,1142,5.61172,;463.602854,1143,5.6618,;462.086435,1144,5.71192,;462.086435,1147,5.76202,;462.086435,1148,5.81214,;462.086435,1149,5.86227,;462.086435,1152,5.91235,;462.086435,1158,5.96248,;462.086435,1165,6.0126,;462.086435,1169,6.06272,;462.086435,1170,6.11284,;462.086435,1171,6.16296,;462.086435,1174,6.21308,;462.086435,1177,6.26319,;462.086435,1178,6.31327,;462.086435,1182,6.36339,;462.086435,1185,6.41347,;462.086435,1187,6.46359,;462.086435,1187,6.51369,;462.086435,1187,6.56381,;462.086435,1187,6.61389,;461.250569,1188,6.66402,;461.250569,1192,6.71415,;461.250569,1194,6.76427,;461.250569,1196,6.81437,;461.250569,1200,6.86449,;461.250569,1202,6.91461,;461.250569,1203,6.96472,;461.250569,1204,7.01484,;461.250569,1206,7.06496,;461.250569,1209,7.11508,;461.250569,1211,7.16521,;461.250569,1212,7.21534,;461.250569,1212,7.26544,;461.250569,1212,7.31556,;461.250569,1212,7.36569,;460.274306,1213,7.41581,;460.274306,1218,7.46589,;460.274306,1220,7.51602,;460.274306,1224,7.56609,;460.274306,1225,7.61622,;460.274306,1226,7.66631,;460.274306,1227,7.71643,;460.274306,1230,7.76653,;460.274306,1231,7.81665,;460.164932,1232,7.86678,;460.164932,1233,7.91689,;460.164932,1234,7.96701,;460.164932,1236,8.01713,;460.164932,1238,8.06726,;460.164932,1240,8.11734,;460.164932,1240,8.16747,;460.164932,1242,8.21757,;460.164932,1244,8.26768,;460.164932,1246,8.31778,;460.164932,1247,8.36787,;460.164932,1247,8.41797,;460.164932,1249,8.46808,;460.164932,1253,8.51817,;460.164932,1253,8.5683,;460.164932,1253,8.61841,;460.164932,1254,8.66851,;460.164932,1254,8.71863,;460.164932,1257,8.76874,;460.164932,1259,8.81886,;460.164932,1259,8.86894,;460.164932,1262,8.91907,;460.164932,1264,8.96919,;460.164932,1266,9.0193,;460.164932,1270,9.06939,;460.164932,1273,9.11951,;460.164932,1275,9.16962,;460.164932,1279,9.21971,;460.164932,1283,9.26984,;460.164932,1289,9.31996,;460.164932,1291,9.37006,;460.164932,1295,9.42014,;460.164932,1296,9.47024,;460.164932,1298,9.52035,;460.164932,1299,9.57044,;460.135286,1300,9.62056,;460.135286,1301,9.67067,;460.135286,1302,9.72078,;460.135286,1305,9.7709,;460.135286,1307,9.82101,;460.007068,1309,9.87112,;460.007068,1311,9.92121,;460.007068,1311,9.9713,;460.007068,1314,10.0214,;460.007068,1314,10.0715,;460.007068,1314,10.1216,;
inf,349,0.050066,;inf,432,0.100143,;inf,492,0.150225,;inf,522,0.200312,;inf,559,0.250407,;inf,594,0.300493,;inf,609,0.35059,;inf,623,0.400682,;inf,641,0.450804,;inf,667,0.50089,;inf,687,0.550972,;inf,705,0.601059,;inf,723,0.651179,;inf,735,0.70129,;inf,750,0.751373,;inf,771,0.80146,;inf,791,0.851539,;inf,805,0.90162,;inf,811,0.951699,;inf,824,1.00179,;inf,834,1.05186,;inf,849,1.10197,;inf,863,1.15206,;inf,874,1.20214,;inf,878,1.25221,;inf,889,1.30229,;inf,898,1.35238,;inf,910,1.40246,;inf,922,1.45255,;inf,936,1.50263,;inf,943,1.55271,;inf,954,1.6028,;inf,963,1.65287,;inf,976,1.70295,;inf,984,1.75304,;inf,990,1.80312,;inf,994,1.85322,;inf,1003,1.90331,;inf,1014,1.95343,;inf,1018,2.00348,;inf,1031,2.0536,;inf,1034,2.10369,;inf,1044,2.15381,;inf,1048,2.20388,;inf,1054,2.25395,;inf,1062,2.30403,;inf,1066,2.35411,;inf,1070,2.40421,;inf,1075,2.45432,;inf,1078,2.50441,;inf,1083,2.55453,;inf,1090,2.60462,;inf,1095,2.65471,;inf,1097,2.7048,;inf,1097,2.75488,;inf,1099,2.80496,;inf,1108,2.85507,;inf,1110,2.90518,;inf,1115,2.9553,;inf,1120,3.00541,;inf,1124,3.05548,;inf,1127,3.10559,;inf,1130,3.15566,;inf,1138,3.20574,;inf,1141,3.25583,;inf,1148,3.30594,;inf,1156,3.35603,;inf,1161,3.40611,;inf,1168,3.45619,;inf,1173,3.50628,;inf,1176,3.55637,;inf,1179,3.60649,;inf,1180,3.65657,;inf,1186,3.70669,;inf,1190,3.75678,;inf,1194,3.80689,;inf,1199,3.85698,;inf,1201,3.90709,;inf,1202,3.95718,;inf,1203,4.00727,;inf,1206,4.05738,;inf,1214,4.10747,;inf,1216,4.15759,;inf,1221,4.20766,;inf,1229,4.25775,;inf,1229,4.30784,;inf,1232,4.35794,;inf,1236,4.40803,;inf,1245,4.45815,;inf,1248,4.50825,;inf,1249,4.55837,;inf,1252,4.60848,;inf,1254,4.6586,;inf,1257,4.70871,;inf,1261,4.75883,;inf,1265,4.80892,;inf,1269,4.85903,;inf,1272,4.90915,;inf,1273,4.95926,;inf,1280,5.00938,;inf,1285,5.05951,;inf,1290,5.10963,;inf,1293,5.1597,;inf,1297,5.20979,;inf,1300,5.2599,;inf,1302,5.31001,;464.009208,1305,5.36011,;464.009208,1309,5.41023,;464.009208,1311,5.46033,;464.009208,1317,5.51044,;464.009208,1320,5.56056,;464.009208,1322,5.61068,;464.009208,1330,5.66079,;464.009208,1336,5.71089,;464.009208,1340,5.76098,;464.009208,1341,5.81108,;464.009208,1347,5.86119,;464.009208,1347,5.91131,;464.009208,1354,5.96143,;464.009208,1358,6.01154,;464.009208,1359,6.06166,;464.009208,1360,6.11175,;464.009208,1362,6.16187,;464.009208,1364,6.21198,;464.009208,1368,6.26211,;464.009208,1370,6.3122,;464.009208,1374,6.36232,;463.969019,1376,6.41241,;463.969019,1378,6.46253,;463.969019,1379,6.51262,;461.790844,1382,6.56272,;461.790844,1385,6.61283,;461.790844,1387,6.66292,;461.790844,1388,6.71301,;461.790844,1390,6.7631,;461.790844,1391,6.81322,;461.790844,1394,6.86334,;461.790844,1397,6.91342,;461.790844,1401,6.96352,;461.790844,1403,7.01363,;461.790844,1405,7.06372,;461.790844,1407,7.11383,;461.790844,1411,7.16392,;461.790844,1414,7.21405,;461.790844,1419,7.26415,;461.790844,1422,7.31427,;461.790844,1424,7.36436,;461.790844,1430,7.41448,;461.621513,1434,7.4646,;461.621513,1439,7.51472,;461.621513,1443,7.56482,;461.621513,1444,7.61495,;461.621513,1448,7.66507,;461.621513,1453,7.71518,;461.621513,1458,7.76531,;461.621513,1460,7.81543,;461.621513,1465,7.86556,;461.621513,1473,7.91564,;461.621513,1475,7.96573,;461.621513,1477,8.01581,;461.621513,1480,8.06592,;461.621513,1483,8.11601,;461.621513,1487,8.16609,;461.621513,1489,8.21619,;461.621513,1492,8.26631,;461.621513,1497,8.3164,;461.621513,1499,8.36651,;461.621513,1501,8.41659,;461.621513,1505,8.4667,;447.386034,1508,8.51678,;447.386034,1511,8.56686,;447.386034,1515,8.61696,;447.386034,1520,8.66705,;447.386034,1523,8.71713,;447.386034,1524,8.76723,;447.386034,1527,8.81732,;447.386034,1528,8.86743,;447.386034,1530,8.91756,;447.386034,1531,8.96764,;447.386034,1536,9.01773,;447.386034,1539,9.06782,;447.386034,1541,9.11789,;447.386034,1545,9.16798,;447.386034,1547,9.21809,;447.386034,1551,9.26818,;447.386034,1554,9.3183,;447.386034,1554,9.36843,;447.386034,1556,9.41856,;447.386034,1559,9.46863,;447.386034,1561,9.51874,;447.386034,1563,9.56882,;447.386034,1567,9.61894,;447.386034,1569,9.66901,;447.386034,1572,9.71911,;447.386034,1575,9.76919,;447.386034,1579,9.81929,;447.386034,1581,9.8694,;447.386034,1583,9.91948,;447.386034,1586,9.96961,;447.386034,1587,10.0197,;447.386034,1589,10.0698,;
inf,333,0.0500314,;inf,396,0.100142,;inf,439,0.150216,;inf,503,0.200293,;inf,550,0.250386,;inf,578,0.300502,;inf,611,0.350619,;inf,628,0.400731,;inf,655,0.450824,;inf,678,0.500938,;inf,696,0.551051,;inf,711,0.601163,;inf,741,0.651257,;inf,751,0.701369,;inf,762,0.751484,;inf,780,0.801598,;inf,791,0.851691,;inf,806,0.901808,;inf,815,0.951922,;inf,831,1.00207,;inf,838,1.05218,;inf,854,1.10226,;inf,869,1.15235,;inf,875,1.20244,;inf,886,1.25256,;inf,892,1.30266,;inf,903,1.35277,;inf,908,1.40287,;inf,919,1.45298,;inf,929,1.50307,;inf,936,1.55319,;inf,942,1.6033,;inf,955,1.65342,;inf,967,1.70357,;inf,974,1.75365,;inf,984,1.80377,;inf,990,1.85385,;inf,999,1.90397,;inf,1005,1.95405,;inf,1010,2.00417,;inf,1018,2.05424,;inf,1028,2.10433,;inf,1034,2.15441,;inf,1037,2.20454,;inf,1044,2.25462,;inf,1047,2.30473,;inf,1051,2.35483,;inf,1057,2.40497,;inf,1063,2.45507,;inf,1069,2.50519,;inf,1080,2.55528,;inf,1086,2.60541,;inf,1089,2.65554,;inf,1091,2.70562,;inf,1103,2.75574,;inf,1108,2.80586,;inf,1113,2.85598,;inf,1119,2.90603,;inf,1122,2.95616,;inf,1131,3.00628,;inf,1133,3.05639,;inf,1143,3.10649,;inf,1151,3.1566,;inf,1159,3.2067,;inf,1165,3.25682,;inf,1171,3.30694,;inf,1175,3.35706,;inf,1176,3.40717,;inf,1180,3.45726,;inf,1188,3.5074,;inf,1189,3.55752,;inf,1193,3.60763,;inf,1198,3.65775,;inf,1204,3.70784,;inf,1207,3.75796,;inf,1210,3.8081,;inf,1217,3.85818,;inf,1219,3.9083,;inf,1222,3.9584,;inf,1224,4.00848,;inf,1228,4.05856,;inf,1230,4.10865,;inf,1230,4.15874,;inf,1234,4.20882,;inf,1238,4.25892,;inf,1249,4.309,;inf,1257,4.3591,;inf,1258,4.40921,;inf,1260,4.45933,;inf,1265,4.50945,;inf,1265,4.55957,;inf,1267,4.60965,;inf,1271,4.65978,;inf,1277,4.70989,;inf,1280,4.76001,;inf,1285,4.81013,;inf,1289,4.86024,;inf,1290,4.91036,;inf,1293,4.96044,;inf,1296,5.01054,;inf,1298,5.06067,;inf,1299,5.11077,;inf,1300,5.16089,;inf,1303,5.21099,;inf,1306,5.2611,;inf,1311,5.31118,;inf,1317,5.3613,;inf,1319,5.41138,;inf,1320,5.46148,;inf,1322,5.51159,;inf,1326,5.5617,;inf,1330,5.61182,;inf,1333,5.66194,;inf,1336,5.71206,;inf,1339,5.76215,;inf,1341,5.81227,;inf,1342,5.86236,;inf,1349,5.91246,;inf,1352,5.96257,;inf,1355,6.01268,;inf,1359,6.06277,;inf,1366,6.11289,;inf,1367,6.163,;inf,1368,6.21313,;inf,1371,6.26326,;inf,1373,6.31338,;inf,1374,6.36351,;inf,1375,6.41363,;inf,1381,6.46374,;inf,1383,6.51387,;inf,1393,6.56399,;inf,1397,6.61407,;inf,1399,6.66415,;inf,1400,6.71423,;inf,1401,6.76432,;inf,1404,6.8144,;inf,1408,6.86453,;inf,1411,6.91465,;inf,1412,6.96479,;inf,1413,7.01488,;inf,1415,7.06497,;inf,1421,7.11506,;inf,1427,7.16517,;inf,1430,7.21527,;inf,1432,7.26538,;inf,1435,7.31546,;inf,1436,7.36555,;inf,1439,7.41568,;inf,1442,7.4658,;inf,1448,7.51592,;inf,1449,7.56602,;inf,1453,7.61614,;inf,1455,7.66623,;inf,1458,7.71636,;inf,1460,7.76643,;inf,1462,7.81656,;inf,1462,7.86665,;inf,1467,7.91677,;inf,1472,7.96689,;inf,1474,8.01699,;inf,1477,8.0671,;inf,1479,8.1172,;inf,1480,8.16734,;inf,1483,8.21746,;inf,1487,8.26759,;inf,1489,8.31771,;inf,1494,8.36784,;inf,1500,8.41793,;inf,1502,8.46808,;inf,1506,8.51816,;inf,1508,8.56826,;inf,1508,8.61835,;inf,1511,8.66845,;inf,1511,8.71858,;inf,1515,8.76867,;inf,1517,8.81878,;inf,1519,8.8689,;inf,1527,8.91898,;inf,1528,8.96909,;inf,1529,9.01922,;inf,1534,9.06932,;inf,1537,9.11945,;inf,1544,9.16957,;inf,1544,9.21969,;inf,1546,9.26977,;inf,1547,9.31985,;inf,1555,9.36999,;inf,1560,9.42008,;inf,1563,9.47017,;inf,1564,9.52024,;inf,1567,9.57032,;inf,1568,9.62042,;inf,1572,9.67049,;inf,1574,9.72057,;inf,1580,9.77066,;inf,1583,9.82073,;inf,1588,9.87082,;inf,1589,9.92094,;inf,1590,9.97102,;inf,1596,10.0211,;inf,1599,10.0712,;
inf,330,0.050073,;inf,409,0.100166,;inf,460,0.150284,;inf,501,0.200371,;inf,524,0.250445,;inf,556,0.300542,;inf,583,0.350661,;inf,600,0.400775,;inf,608,0.450889,;inf,635,0.500999,;inf,648,0.551074,;inf,657,0.601149,;inf,667,0.65125,;inf,679,0.701323,;inf,693,0.751397,;inf,704,0.801508,;inf,712,0.851593,;inf,725,0.901675,;inf,738,0.951756,;inf,747,1.00188,;inf,751,1.05196,;inf,760,1.10207,;inf,774,1.15216,;inf,779,1.20227,;inf,786,1.25236,;inf,806,1.30247,;inf,812,1.35258,;inf,820,1.40269,;inf,824,1.45277,;inf,825,1.50285,;inf,834,1.55292,;inf,837,1.60303,;inf,840,1.65314,;inf,844,1.70329,;inf,849,1.7534,;inf,852,1.80348,;inf,854,1.85355,;inf,861,1.90364,;inf,864,1.95375,;inf,872,2.00384,;inf,878,2.05395,;inf,883,2.10404,;inf,888,2.15415,;inf,893,2.20426,;inf,896,2.25434,;inf,898,2.30445,;inf,907,2.35454,;inf,910,2.40466,;inf,917,2.45478,;inf,929,2.50488,;inf,934,2.55495,;inf,937,2.60506,;inf,941,2.65517,;inf,943,2.70529,;inf,947,2.75539,;inf,951,2.8055,;inf,955,2.85559,;inf,959,2.90571,;inf,966,2.9558,;inf,968,3.00591,;inf,969,3.05602,;inf,974,3.10613,;inf,979,3.15626,;inf,981,3.20635,;inf,986,3.25643,;inf,991,3.30651,;inf,992,3.35663,;inf,997,3.40671,;inf,1001,3.45684,;inf,1007,3.50695,;inf,1011,3.55706,;inf,1014,3.60719,;inf,1016,3.65727,;inf,1019,3.70736,;inf,1022,3.75747,;inf,1024,3.80754,;inf,1029,3.85763,;inf,1032,3.90773,;inf,1033,3.95781,;inf,1035,4.0079,;inf,1039,4.05803,;inf,1040,4.10811,;inf,1041,4.15823,;inf,1041,4.20832,;inf,1041,4.25844,;inf,1046,4.30856,;inf,1047,4.35868,;inf,1048,4.40879,;inf,1050,4.4589,;inf,1053,4.50902,;inf,1057,4.55914,;inf,1058,4.60925,;inf,1062,4.65933,;465.492128,1070,4.70944,;465.492128,1071,4.75956,;465.492128,1074,4.80968,;465.492128,1078,4.85979,;465.492128,1080,4.9099,;465.492128,1083,4.96002,;465.492128,1086,5.01014,;465.492128,1092,5.06023,;465.492128,1092,5.11035,;465.492128,1093,5.16044,;465.268515,1097,5.21053,;465.268515,1101,5.26062,;463.791142,1102,5.31074,;461.671146,1105,5.36085,;461.671146,1108,5.41096,;461.671146,1108,5.46108,;461.671146,1108,5.51116,;461.129733,1110,5.56127,;461.129733,1112,5.61135,;461.129733,1113,5.66147,;461.129733,1115,5.71156,;461.129733,1119,5.76164,;461.129733,1121,5.81173,;461.129733,1123,5.86185,;461.129733,1125,5.91194,;461.129733,1127,5.96202,;461.129733,1129,6.0121,;461.129733,1131,6.06221,;461.129733,1131,6.1123,;460.723792,1133,6.16247,;460.723792,1134,6.21255,;460.723792,1134,6.26268,;459.934375,1136,6.31276,;459.934375,1142,6.36287,;459.934375,1142,6.41299,;459.934375,1145,6.4631,;459.934375,1146,6.51322,;459.934375,1147,6.56328,;459.643644,1148,6.61341,;459.643644,1152,6.66345,;459.643644,1152,6.71354,;459.643644,1154,6.76362,;459.643644,1155,6.8137,;459.643644,1156,6.86378,;459.643644,1158,6.91386,;459.643644,1160,6.96394,;459.643644,1161,7.01402,;459.643644,1162,7.0641,;456.992173,1165,7.11418,;456.992173,1167,7.16426,;456.992173,1167,7.21434,;456.992173,1170,7.26442,;456.992173,1172,7.3145,;456.992173,1176,7.36459,;456.992173,1178,7.41467,;456.992173,1179,7.46476,;456.992173,1180,7.51486,;456.992173,1181,7.56494,;456.992173,1183,7.61503,;456.992173,1185,7.66511,;456.992173,1185,7.71518,;456.992173,1186,7.76526,;456.992173,1187,7.81534,;456.992173,1188,7.86541,;456.992173,1189,7.91549,;456.992173,1190,7.96557,;456.992173,1191,8.01564,;456.992173,1194,8.06572,;456.992173,1198,8.1158,;456.992173,1200,8.16589,;456.992173,1204,8.21597,;456.992173,1208,8.26606,;456.992173,1209,8.31614,;456.992173,1212,8.36623,;456.992173,1213,8.41632,;456.992173,1215,8.4664,;456.992173,1218,8.51648,;456.992173,1219,8.56657,;456.992173,1221,8.61665,;456.992173,1224,8.66673,;456.992173,1225,8.71681,;456.992173,1227,8.7669,;456.992173,1228,8.81698,;456.992173,1232,8.86707,;456.992173,1233,8.91715,;456.992173,1234,8.96723,;456.992173,1236,9.01731,;456.992173,1236,9.0674,;456.992173,1237,9.11749,;456.992173,1240,9.16758,;456.992173,1241,9.21766,;456.211770,1244,9.26774,;456.211770,1244,9.31783,;456.211770,1245,9.36791,;456.211770,1250,9.41799,;456.211770,1255,9.46807,;456.211770,1257,9.51815,;456.211770,1260,9.56823,;456.211770,1260,9.6183,;456.211770,1263,9.66838,;456.211770,1265,9.71845,;456.211770,1266,9.76852,;453.927583,1271,9.8186,;453.927583,1272,9.86868,;453.927583,1272,9.91876,;453.927583,1276,9.96885,;453.927583,1278,10.0189,;
inf,258,0.0500716,;inf,306,0.100195,;inf,344,0.150304,;inf,372,0.200389,;inf,396,0.250465,;inf,421,0.300545,;inf,454,0.350633,;inf,484,0.400716,;inf,497,0.450824,;inf,514,0.500902,;inf,521,0.550979,;inf,525,0.601088,;inf,538,0.651163,;477.124777,550,0.701277,;477.124777,561,0.751351,;475.085773,563,0.801436,;475.085773,575,0.851524,;474.812588,582,0.901643,;474.812588,588,0.951725,;474.812588,595,1.00182,;474.812588,601,1.05191,;474.812588,609,1.10203,;474.812588,615,1.15212,;474.812588,622,1.2022,;474.812588,630,1.2523,;474.812588,644,1.30238,;474.812588,648,1.35248,;474.296864,656,1.4026,;472.856708,658,1.45269,;472.856708,670,1.50278,;472.856708,677,1.55286,;472.856708,687,1.60298,;472.856708,693,1.6531,;471.608764,697,1.70321,;471.608764,713,1.75332,;471.608764,720,1.80343,;471.608764,731,1.85347,;471.608764,738,1.90356,;471.608764,744,1.95364,;471.608764,751,2.00372,;471.608764,756,2.0538,;471.468688,767,2.1039,;471.468688,771,2.154,;471.468688,776,2.20408,;471.468688,784,2.25416,;471.468688,790,2.30424,;471.468688,791,2.35433,;471.468688,799,2.40445,;471.468688,805,2.45454,;471.437049,812,2.50465,;471.437049,818,2.55472,;471.437049,820,2.60484,;471.437049,824,2.65491,;471.437049,829,2.705,;471.437049,833,2.75509,;471.316138,838,2.80518,;471.316138,840,2.85527,;471.316138,843,2.90537,;471.316138,846,2.95547,;471.316138,853,3.00554,;471.316138,858,3.05562,;471.316138,862,3.1057,;471.316138,866,3.15578,;471.316138,870,3.20588,;471.316138,874,3.25597,;471.316138,878,3.30607,;471.316138,880,3.35616,;471.316138,883,3.40625,;471.316138,886,3.45634,;471.316138,886,3.50643,;471.316138,886,3.55651,;461.664000,891,3.60666,;461.664000,900,3.65674,;461.664000,906,3.70683,;461.664000,909,3.75692,;461.664000,909,3.80701,;461.664000,909,3.8571,;460.386466,911,3.90722,;460.306122,915,3.95731,;460.023296,916,4.00741,;460.023296,919,4.05748,;459.589191,920,4.10756,;459.589191,923,4.15764,;459.589191,925,4.20774,;459.589191,928,4.25783,;459.589191,930,4.30792,;459.589191,931,4.35802,;459.589191,933,4.4081,;459.589191,938,4.45818,;459.589191,944,4.50831,;459.589191,947,4.55839,;459.589191,953,4.6085,;459.589191,953,4.65857,;459.589191,957,4.70869,;459.589191,959,4.75877,;459.589191,967,4.80885,;459.589191,970,4.85894,;459.589191,972,4.90901,;459.589191,972,4.95914,;459.589191,974,5.00922,;459.589191,975,5.05933,;459.589191,975,5.10944,;458.173200,977,5.15953,;458.173200,977,5.20961,;458.173200,978,5.25969,;458.173200,981,5.30977,;458.173200,985,5.35989,;458.173200,990,5.40998,;458.173200,991,5.4601,;458.173200,992,5.51019,;458.173200,993,5.56031,;458.173200,994,5.6104,;458.173200,997,5.66052,;458.173200,1000,5.7106,;458.173200,1002,5.76068,;458.173200,1006,5.8108,;458.173200,1007,5.8609,;458.173200,1009,5.91102,;458.173200,1010,5.96112,;458.173200,1012,6.01123,;458.173200,1016,6.06135,;458.173200,1019,6.11145,;458.173200,1022,6.16152,;458.173200,1024,6.21161,;458.173200,1026,6.26169,;458.173200,1028,6.31181,;458.173200,1030,6.36189,;458.173200,1031,6.41201,;458.135660,1034,6.46211,;458.135660,1035,6.5122,;458.135660,1035,6.5623,;458.135660,1037,6.61241,;458.135660,1038,6.66251,;458.135660,1042,6.71259,;458.135660,1042,6.76268,;458.135660,1046,6.8128,;458.135660,1049,6.86291,;458.135660,1050,6.91302,;458.135660,1052,6.96313,;458.135660,1054,7.01325,;458.135660,1055,7.06337,;458.135660,1061,7.1135,;458.135660,1063,7.16358,;458.135660,1067,7.21366,;458.135660,1070,7.26374,;458.135660,1070,7.31382,;458.135660,1072,7.3639,;458.135660,1075,7.41399,;458.135660,1078,7.46407,;458.135660,1081,7.51415,;458.135660,1085,7.56423,;458.135660,1086,7.61434,;458.135660,1089,7.66444,;458.135660,1089,7.71452,;458.135660,1090,7.76462,;458.135660,1093,7.81471,;458.135660,1094,7.8648,;458.135660,1095,7.9149,;458.135660,1096,7.96499,;458.135660,1097,8.01507,;458.135660,1098,8.06515,;458.135660,1098,8.11524,;458.135660,1099,8.16532,;458.135660,1102,8.21541,;458.135660,1105,8.26549,;458.135660,1105,8.31557,;458.135660,1107,8.36565,;458.135660,1107,8.41574,;458.135660,1108,8.46582,;458.135660,1109,8.5159,;458.135660,1111,8.56598,;458.135660,1115,8.61609,;458.135660,1116,8.66618,;458.135660,1118,8.71631,;458.135660,1119,8.76643,;458.135660,1121,8.81654,;458.135660,1122,8.86663,;458.135660,1122,8.91676,;458.135660,1122,8.96688,;458.135660,1124,9.017,;458.135660,1127,9.06712,;458.135660,1130,9.11721,;458.135660,1132,9.16734,;458.135660,1133,9.21745,;458.135660,1136,9.26756,;458.135660,1136,9.31764,;458.135660,1136,9.36773,;458.135660,1139,9.41783,;458.135660,1141,9.46795,;458.135660,1142,9.51806,;458.135660,1146,9.56818,;458.135660,1149,9.61826,;458.135660,1150,9.66835,;458.135660,1156,9.71844,;458.135660,1158,9.76854,;458.135660,1160,9.81865,;458.135660,1163,9.86876,;458.135660,1164,9.91892,;458.135660,1165,9.969,;458.135660,1166,10.0191,;458.135660,1166,10.0692,;
inf,286,0.0500648,;inf,345,0.100163,;inf,393,0.150246,;inf,423,0.200367,;inf,461,0.250454,;inf,483,0.300553,;inf,510,0.350673,;inf,524,0.400782,;inf,535,0.450868,;inf,552,0.500948,;inf,567,0.551061,;inf,582,0.601151,;inf,596,0.651229,;inf,604,0.701348,;inf,618,0.751425,;inf,625,0.801535,;inf,635,0.851611,;inf,649,0.901728,;inf,658,0.951808,;inf,667,1.00192,;inf,681,1.05201,;inf,694,1.10209,;inf,705,1.15218,;inf,713,1.2023,;inf,723,1.2524,;inf,735,1.30253,;inf,744,1.35265,;inf,752,1.40272,;inf,760,1.45283,;inf,768,1.50291,;inf,773,1.553,;inf,780,1.60309,;inf,785,1.65323,;inf,787,1.70331,;inf,791,1.75341,;inf,796,1.80349,;inf,803,1.85361,;inf,808,1.9037,;inf,817,1.95378,;inf,821,2.00387,;inf,822,2.05396,;inf,829,2.10404,;inf,833,2.15413,;inf,836,2.20421,;inf,838,2.25433,;inf,841,2.30441,;inf,849,2.3545,;inf,853,2.40459,;inf,857,2.45473,;inf,860,2.50481,;inf,864,2.55494,;inf,871,2.60503,;inf,874,2.65511,;inf,877,2.7052,;inf,882,2.75531,;inf,886,2.80543,;inf,890,2.85551,;inf,895,2.9056,;inf,896,2.95569,;inf,899,3.00578,;inf,901,3.05587,;inf,907,3.10596,;inf,911,3.1561,;inf,919,3.20618,;inf,922,3.25629,;inf,926,3.30641,;inf,929,3.35653,;inf,931,3.40664,;inf,935,3.45676,;inf,939,3.50689,;inf,941,3.557,;inf,946,3.60709,;inf,949,3.65718,;inf,953,3.70731,;inf,955,3.75739,;inf,959,3.80748,;inf,962,3.85757,;inf,967,3.90767,;inf,974,3.95776,;inf,978,4.00789,;inf,983,4.05801,;inf,985,4.10809,;inf,987,4.15819,;inf,987,4.20827,;inf,990,4.25839,;inf,993,4.3085,;inf,994,4.35862,;inf,997,4.40875,;inf,1001,4.45887,;inf,1003,4.50899,;inf,1005,4.55907,;inf,1010,4.60915,;inf,1013,4.65927,;inf,1015,4.70936,;inf,1017,4.75945,;inf,1021,4.80957,;inf,1025,4.85967,;inf,1028,4.90977,;inf,1030,4.95985,;inf,1034,5.00994,;inf,1038,5.06003,;inf,1039,5.11013,;inf,1042,5.16022,;inf,1044,5.21033,;inf,1047,5.26041,;inf,1049,5.31053,;inf,1050,5.36063,;inf,1051,5.41073,;inf,1054,5.46083,;inf,1057,5.51095,;inf,1061,5.56103,;inf,1061,5.61113,;inf,1061,5.66122,;inf,1063,5.71136,;inf,1066,5.76147,;inf,1068,5.81156,;inf,1071,5.86168,;inf,1073,5.91178,;inf,1074,5.96187,;inf,1075,6.01198,;inf,1079,6.06207,;inf,1081,6.11216,;inf,1082,6.16225,;inf,1084,6.21235,;inf,1086,6.26247,;inf,1090,6.31257,;inf,1093,6.36266,;inf,1097,6.41279,;inf,1098,6.46291,;inf,1100,6.513,;inf,1102,6.5631,;inf,1103,6.61322,;inf,1106,6.66331,;inf,1108,6.7134,;inf,1109,6.76349,;inf,1111,6.81361,;inf,1114,6.86371,;inf,1119,6.91379,;inf,1121,6.96388,;inf,1123,7.01396,;inf,1124,7.06405,;inf,1129,7.11413,;inf,1130,7.16423,;inf,1134,7.21435,;inf,1135,7.26443,;inf,1136,7.31454,;inf,1139,7.36464,;inf,1141,7.41473,;inf,1147,7.46481,;inf,1148,7.51491,;inf,1149,7.565,;inf,1150,7.61508,;inf,1152,7.66519,;inf,1153,7.71531,;inf,1155,7.76541,;inf,1157,7.81553,;inf,1158,7.86565,;inf,1159,7.91575,;inf,1161,7.96584,;inf,1162,8.01594,;inf,1164,8.06603,;inf,1168,8.11612,;inf,1169,8.16625,;inf,1171,8.21633,;inf,1174,8.26643,;inf,1175,8.31653,;inf,1179,8.36661,;inf,1185,8.41675,;inf,1188,8.46683,;inf,1190,8.51694,;inf,1192,8.56703,;inf,1193,8.61716,;inf,1195,8.66726,;inf,1198,8.71736,;inf,1200,8.76745,;inf,1203,8.81757,;inf,1204,8.86764,;inf,1205,8.91774,;inf,1207,8.96785,;inf,1211,9.01797,;inf,1212,9.06805,;inf,1214,9.11817,;inf,1217,9.16826,;inf,1217,9.21835,;inf,1221,9.26845,;inf,1222,9.31854,;inf,1226,9.3687,;inf,1227,9.41879,;inf,1228,9.46888,;inf,1231,9.51896,;inf,1234,9.56909,;inf,1236,9.61921,;inf,1239,9.66933,;inf,1244,9.71941,;inf,1246,9.76952,;inf,1247,9.81959,;449.778544,1251,9.8697,;449.778544,1253,9.91978,;449.778544,1255,9.96991,;449.778544,1258,10.02,;449.778544,1260,10.0702,;449.778544,1260,10.1203,;449.778544,1260,10.1704,;449.778544,1260,10.2205,;449.778544,1260,10.2706,;449.778544,1260,10.3207,;
inf,245,0.0501,;inf,304,0.100218,;inf,351,0.150332,;inf,387,0.200429,;inf,402,0.250516,;inf,422,0.300631,;inf,442,0.350702,;inf,462,0.400782,;inf,472,0.450902,;inf,479,0.500986,;inf,490,0.551063,;inf,500,0.601143,;inf,515,0.651222,;inf,528,0.701334,;inf,535,0.751443,;inf,556,0.801556,;inf,563,0.851634,;inf,570,0.901745,;inf,583,0.951858,;inf,589,1.00193,;inf,595,1.05202,;inf,606,1.1021,;inf,614,1.15217,;inf,628,1.20226,;inf,639,1.25234,;inf,654,1.30242,;inf,656,1.3525,;inf,671,1.40258,;inf,677,1.45267,;inf,684,1.50276,;inf,686,1.55288,;inf,689,1.60299,;inf,692,1.65311,;inf,696,1.70319,;inf,702,1.75328,;inf,713,1.8034,;inf,720,1.85347,;503.032619,729,1.90355,;503.032619,731,1.95363,;497.457780,741,2.00372,;496.743594,752,2.05384,;496.743594,754,2.10393,;495.720403,767,2.15402,;495.720403,772,2.20412,;482.482497,775,2.25424,;482.482497,778,2.30432,;482.482497,782,2.35443,;482.482497,786,2.40451,;482.482497,789,2.45462,;479.715966,790,2.50473,;479.715966,795,2.55484,;479.715966,800,2.60494,;479.715966,801,2.65505,;479.715966,804,2.70513,;479.715966,809,2.75525,;479.715966,810,2.80533,;479.715966,810,2.85541,;474.493629,814,2.90549,;474.493629,818,2.95558,;474.493629,821,3.00566,;474.493629,823,3.05578,;474.493629,824,3.1059,;471.524479,829,3.15601,;471.524479,830,3.20612,;471.524479,836,3.2562,;471.524479,840,3.30632,;471.524479,846,3.3564,;471.524479,849,3.4065,;471.524479,851,3.4566,;471.524479,852,3.50674,;471.524479,857,3.55686,;471.524479,857,3.60697,;471.524479,862,3.65708,;471.524479,866,3.70719,;471.524479,870,3.75729,;471.524479,875,3.80741,;471.524479,880,3.85752,;471.524479,884,3.90764,;471.524479,886,3.95776,;471.524479,890,4.00787,;471.524479,891,4.05795,;471.524479,893,4.10806,;471.524479,897,4.1582,;469.594979,902,4.20828,;469.594979,904,4.25837,;469.594979,905,4.30847,;469.594979,910,4.35859,;469.594979,913,4.40866,;469.282007,922,4.45878,;468.921529,926,4.50886,;468.921529,930,4.55895,;468.921529,932,4.60905,;468.921529,938,4.65913,;468.921529,940,4.70921,;468.921529,943,4.7593,;468.172261,947,4.80937,;468.172261,947,4.85945,;468.172261,951,4.90956,;468.172261,951,4.95966,;466.542297,953,5.00977,;466.542297,956,5.05989,;466.542297,958,5.11001,;466.542297,960,5.16014,;466.542297,962,5.21026,;466.542297,964,5.26038,;466.542297,967,5.31046,;466.542297,971,5.36058,;466.542297,979,5.41071,;466.542297,981,5.46082,;466.542297,984,5.51092,;466.542297,986,5.56101,;466.542297,990,5.61113,;466.542297,993,5.66124,;466.542297,996,5.71134,;466.542297,997,5.76145,;466.542297,998,5.81157,;466.542297,1002,5.86168,;466.542297,1006,5.9118,;466.206325,1007,5.96191,;466.192557,1008,6.01202,;466.192557,1014,6.06213,;466.192557,1015,6.11221,;466.192557,1019,6.16233,;466.192557,1020,6.21244,;466.192557,1022,6.26255,;466.192557,1024,6.31264,;466.058223,1027,6.36276,;466.058223,1028,6.41285,;466.058223,1030,6.46293,;459.555401,1033,6.51304,;459.555401,1035,6.56315,;459.555401,1038,6.61324,;459.555401,1039,6.66333,;459.555401,1041,6.71342,;459.555401,1043,6.76351,;459.555401,1045,6.81359,;459.555401,1047,6.86375,;459.555401,1049,6.91386,;459.555401,1052,6.96398,;459.555401,1055,7.01409,;459.555401,1062,7.06414,;459.555401,1065,7.11432,;459.555401,1069,7.1644,;459.555401,1070,7.21457,;459.555401,1071,7.26468,;459.555401,1076,7.31479,;459.555401,1077,7.36489,;459.555401,1078,7.41498,;459.555401,1081,7.46506,;459.555401,1082,7.51516,;459.555401,1084,7.56526,;459.555401,1086,7.61536,;458.788553,1091,7.66544,;458.788553,1091,7.71553,;458.788553,1093,7.76562,;458.788553,1095,7.81572,;458.788553,1096,7.86581,;458.788553,1096,7.91588,;458.788553,1099,7.96596,;458.788553,1099,8.01605,;458.788553,1099,8.06613,;458.788553,1099,8.11621,;457.114898,1101,8.16632,;457.114898,1103,8.21639,;457.114898,1107,8.26648,;457.114898,1108,8.31657,;457.114898,1109,8.36668,;457.114898,1112,8.4168,;457.114898,1113,8.46688,;457.114898,1113,8.517,;457.114898,1114,8.5671,;457.114898,1117,8.61718,;457.114898,1119,8.66727,;457.114898,1120,8.71736,;457.114898,1121,8.7675,;457.114898,1122,8.81761,;457.114898,1127,8.8677,;457.114898,1128,8.9178,;457.114898,1129,8.9679,;457.114898,1134,9.01799,;457.114898,1137,9.06813,;457.114898,1139,9.11826,;457.114898,1141,9.16833,;457.114898,1142,9.21841,;457.114898,1144,9.2685,;457.114898,1147,9.31863,;457.114898,1149,9.36872,;457.114898,1150,9.41881,;457.114898,1154,9.46889,;457.114898,1156,9.519,;457.114898,1156,9.56908,;457.114898,1157,9.61924,;457.114898,1157,9.66932,;457.114898,1157,9.71939,;456.340553,1162,9.76947,;456.340553,1164,9.81956,;456.340553,1165,9.86964,;456.340553,1167,9.91974,;456.340553,1170,9.96987,;456.340553,1171,10.02,;
inf,277,0.0501006,;inf,356,0.100191,;inf,408,0.150306,;inf,443,0.200378,;inf,470,0.25049,;inf,484,0.300581,;inf,497,0.350692,;inf,516,0.400803,;inf,527,0.45089,;inf,544,0.50097,;inf,567,0.55105,;inf,583,0.601128,;inf,589,0.651294,;inf,605,0.701404,;inf,619,0.751478,;inf,636,0.801551,;inf,643,0.851626,;inf,661,0.901707,;inf,672,0.951749,;inf,685,1.00188,;inf,692,1.05197,;inf,698,1.10205,;inf,711,1.15213,;inf,724,1.20223,;inf,730,1.25231,;inf,737,1.3024,;inf,748,1.35249,;inf,752,1.4026,;inf,759,1.45269,;inf,765,1.50282,;inf,774,1.55292,;inf,780,1.60301,;inf,785,1.65313,;inf,789,1.70321,;inf,798,1.7533,;inf,809,1.80341,;inf,821,1.85348,;inf,824,1.90356,;inf,830,1.95367,;inf,839,2.00376,;inf,857,2.05388,;inf,861,2.10397,;inf,868,2.15408,;inf,871,2.20417,;inf,877,2.25424,;inf,879,2.30436,;inf,883,2.35445,;inf,889,2.40452,;inf,895,2.4546,;inf,897,2.50467,;inf,901,2.55475,;inf,905,2.60482,;inf,913,2.6549,;inf,922,2.70497,;inf,924,2.75509,;inf,926,2.80517,;inf,934,2.85527,;inf,940,2.90535,;inf,943,2.95543,;inf,946,3.00552,;inf,952,3.0556,;inf,957,3.10571,;inf,960,3.15582,;inf,964,3.20593,;inf,969,3.256,;inf,973,3.30612,;inf,981,3.35621,;inf,984,3.40633,;inf,990,3.45643,;inf,996,3.50651,;inf,1007,3.55659,;inf,1013,3.60669,;inf,1016,3.65677,;inf,1019,3.7069,;inf,1025,3.75702,;inf,1027,3.80713,;inf,1028,3.85724,;inf,1033,3.90731,;inf,1039,3.95743,;inf,1045,4.0075,;inf,1048,4.05761,;inf,1055,4.10771,;inf,1059,4.15781,;inf,1061,4.20791,;inf,1068,4.25799,;inf,1070,4.30807,;inf,1081,4.35815,;inf,1090,4.40824,;inf,1094,4.45832,;inf,1095,4.50839,;inf,1102,4.55847,;inf,1106,4.60854,;inf,1111,4.65863,;inf,1114,4.70872,;inf,1118,4.75879,;inf,1121,4.80889,;inf,1125,4.85898,;inf,1135,4.90906,;inf,1140,4.95915,;inf,1142,5.00925,;inf,1148,5.05933,;inf,1151,5.10945,;inf,1156,5.15952,;inf,1161,5.2096,;inf,1162,5.25967,;inf,1172,5.30977,;inf,1180,5.35985,;inf,1181,5.40994,;inf,1182,5.46002,;inf,1187,5.51013,;inf,1190,5.56021,;inf,1193,5.61032,;inf,1197,5.6604,;inf,1201,5.71051,;inf,1202,5.76059,;inf,1207,5.8107,;inf,1215,5.86078,;inf,1217,5.9109,;inf,1218,5.96098,;inf,1224,6.01106,;inf,1226,6.06115,;inf,1228,6.11126,;inf,1231,6.16138,;inf,1232,6.21146,;inf,1234,6.26157,;inf,1237,6.31165,;inf,1240,6.3618,;inf,1245,6.41188,;inf,1250,6.46196,;inf,1251,6.51206,;inf,1255,6.56219,;inf,1256,6.61228,;inf,1265,6.66239,;inf,1266,6.71249,;inf,1271,6.7626,;inf,1279,6.81271,;inf,1284,6.86279,;inf,1286,6.91288,;inf,1292,6.963,;inf,1294,7.01309,;inf,1295,7.06321,;inf,1301,7.11332,;inf,1309,7.16342,;inf,1310,7.21353,;inf,1312,7.26361,;inf,1313,7.31372,;inf,1316,7.36382,;inf,1319,7.41393,;inf,1320,7.46401,;inf,1323,7.51414,;inf,1326,7.56423,;inf,1331,7.61434,;inf,1335,7.66445,;inf,1336,7.71454,;inf,1338,7.76461,;inf,1341,7.81471,;inf,1344,7.8648,;inf,1347,7.91489,;inf,1348,7.96498,;inf,1352,8.01506,;inf,1354,8.06518,;inf,1354,8.11527,;inf,1357,8.16534,;inf,1358,8.21542,;inf,1362,8.26553,;inf,1364,8.3156,;inf,1367,8.36573,;inf,1369,8.41581,;inf,1371,8.46593,;inf,1372,8.51602,;inf,1383,8.56615,;inf,1388,8.61627,;inf,1395,8.66639,;inf,1395,8.71651,;inf,1399,8.76662,;inf,1402,8.81674,;inf,1405,8.86685,;inf,1411,8.91696,;inf,1411,8.9671,;inf,1418,9.01722,;inf,1419,9.06734,;inf,1421,9.11745,;inf,1427,9.16757,;inf,1429,9.21769,;inf,1431,9.26781,;inf,1436,9.31793,;inf,1439,9.36802,;inf,1440,9.41814,;inf,1441,9.46823,;inf,1442,9.51832,;inf,1447,9.56843,;inf,1451,9.61854,;inf,1458,9.66865,;inf,1460,9.71877,;inf,1462,9.76889,;inf,1466,9.819,;inf,1468,9.86912,;inf,1470,9.91924,;inf,1471,9.96935,;inf,1474,10.0195,;inf,1481,10.0696,;
inf,385,0.0500711,;inf,432,0.100187,;inf,472,0.150305,;inf,520,0.200415,;inf,546,0.250505,;inf,568,0.300627,;inf,593,0.350739,;inf,615,0.400854,;inf,631,0.450973,;inf,643,0.501094,;inf,658,0.551214,;inf,681,0.601341,;482.811316,711,0.651455,;482.811316,727,0.701532,;482.811316,738,0.751648,;482.811316,751,0.801765,;482.811316,762,0.851883,;482.811316,774,0.901967,;478.530872,778,0.952059,;477.264501,790,1.00214,;477.264501,795,1.05226,;477.264501,806,1.10234,;477.264501,821,1.15243,;475.758110,846,1.20253,;475.758110,855,1.25261,;475.758110,864,1.30274,;475.758110,872,1.35282,;475.758110,880,1.40294,;473.374012,892,1.45305,;473.374012,902,1.50313,;473.374012,908,1.55322,;471.493804,920,1.60334,;471.493804,926,1.65342,;471.493804,934,1.70351,;468.680278,947,1.75356,;468.680278,960,1.80366,;468.680278,970,1.85378,;468.680278,970,1.9039,;468.680278,970,1.954,;468.680278,970,2.00413,;468.680278,970,2.05425,;468.680278,970,2.10437,;466.407256,973,2.15449,;466.407256,976,2.2046,;466.407256,983,2.25472,;466.407256,988,2.30479,;466.407256,991,2.35489,;466.407256,997,2.40497,;466.407256,1005,2.45507,;465.716516,1011,2.50516,;465.716516,1014,2.55527,;465.716516,1015,2.60536,;465.049592,1017,2.65547,;465.049592,1020,2.70556,;465.049592,1023,2.75564,;465.049592,1030,2.80575,;465.049592,1040,2.85583,;465.049592,1045,2.90592,;465.049592,1052,2.95602,;465.049592,1055,3.00611,;465.049592,1057,3.05623,;465.049592,1061,3.10632,;464.578577,1068,3.15642,;464.578577,1071,3.2065,;464.578577,1075,3.2566,;464.578577,1080,3.30673,;464.578577,1084,3.35681,;464.578577,1086,3.40689,;464.578577,1090,3.45697,;464.578577,1094,3.50706,;464.578577,1101,3.55715,;464.578577,1103,3.60724,;464.578577,1105,3.65734,;464.578577,1112,3.70742,;464.578577,1114,3.75751,;464.578577,1117,3.8076,;464.578577,1121,3.85769,;464.578577,1126,3.90778,;464.578577,1130,3.95787,;464.578577,1132,4.00797,;464.578577,1132,4.05805,;464.578577,1132,4.10813,;464.578577,1132,4.15821,;464.578577,1132,4.2083,;455.000847,1137,4.2584,;455.000847,1139,4.30849,;455.000847,1141,4.35861,;455.000847,1145,4.40871,;455.000847,1150,4.45881,;455.000847,1153,4.50894,;455.000847,1156,4.55906,;455.000847,1159,4.60916,;455.000847,1162,4.65928,;455.000847,1165,4.70935,;455.000847,1167,4.75947,;455.000847,1171,4.80955,;455.000847,1172,4.85966,;455.000847,1175,4.90976,;455.000847,1178,4.95988,;455.000847,1181,5.00998,;455.000847,1188,5.0601,;455.000847,1192,5.11022,;455.000847,1194,5.16031,;455.000847,1195,5.21041,;455.000847,1198,5.26054,;455.000847,1201,5.31062,;455.000847,1203,5.36072,;455.000847,1206,5.41082,;455.000847,1208,5.46094,;455.000847,1210,5.51102,;455.000847,1212,5.56111,;455.000847,1218,5.61124,;455.000847,1222,5.66131,;455.000847,1225,5.71144,;455.000847,1227,5.76152,;455.000847,1228,5.81165,;455.000847,1232,5.86173,;455.000847,1233,5.91182,;455.000847,1236,5.96192,;455.000847,1239,6.01205,;455.000847,1240,6.06215,;455.000847,1243,6.11227,;455.000847,1244,6.16238,;455.000847,1247,6.21247,;455.000847,1250,6.26256,;455.000847,1251,6.31266,;455.000847,1255,6.36276,;455.000847,1256,6.41285,;455.000847,1258,6.46293,;455.000847,1259,6.51305,;455.000847,1260,6.56317,;455.000847,1264,6.61326,;455.000847,1266,6.66335,;455.000847,1268,6.71344,;455.000847,1269,6.76355,;455.000847,1270,6.81364,;455.000847,1275,6.86373,;455.000847,1278,6.91384,;455.000847,1280,6.96395,;455.000847,1285,7.01405,;455.000847,1288,7.06417,;455.000847,1290,7.11429,;455.000847,1292,7.16441,;455.000847,1294,7.21451,;455.000847,1296,7.26464,;455.000847,1298,7.31477,;455.000847,1300,7.36486,;455.000847,1303,7.415,;455.000847,1305,7.46513,;455.000847,1308,7.51522,;455.000847,1310,7.56529,;455.000847,1312,7.61537,;455.000847,1314,7.66546,;455.000847,1317,7.71554,;455.000847,1320,7.76564,;455.000847,1322,7.81572,;455.000847,1324,7.86582,;455.000847,1325,7.91592,;455.000847,1329,7.966,;455.000847,1330,8.01609,;455.000847,1333,8.06619,;455.000847,1334,8.11632,;455.000847,1337,8.16641,;455.000847,1342,8.21653,;455.000847,1343,8.26662,;455.000847,1345,8.31672,;455.000847,1348,8.36683,;455.000847,1350,8.41694,;455.000847,1354,8.46705,;455.000847,1356,8.51716,;455.000847,1358,8.56727,;455.000847,1363,8.61735,;455.000847,1366,8.66747,;455.000847,1368,8.71756,;455.000847,1370,8.76766,;455.000847,1372,8.81776,;455.000847,1372,8.86787,;455.000847,1376,8.91797,;455.000847,1378,8.96806,;455.000847,1382,9.01814,;455.000847,1383,9.06823,;455.000847,1384,9.11836,;455.000847,1386,9.16848,;455.000847,1388,9.21859,;455.000847,1390,9.26871,;455.000847,1394,9.3188,;455.000847,1396,9.36892,;455.000847,1397,9.41901,;455.000847,1399,9.4691,;455.000847,1400,9.51921,;455.000847,1403,9.56929,;455.000847,1410,9.61938,;455.000847,1412,9.66946,;455.000847,1414,9.71953,;455.000847,1417,9.76961,;455.000847,1420,9.81972,;455.000847,1422,9.86983,;455.000847,1422,9.91994,;455.000847,1424,9.97003,;455.000847,1425,10.0201,;455.000847,1426,10.0702,;
inf,514,0.050066,;inf,557,0.100172,;inf,585,0.150254,;inf,626,0.200373,;inf,641,0.250487,;inf,653,0.300599,;inf,664,0.350678,;inf,669,0.400759,;inf,687,0.450855,;inf,708,0.500988,;inf,714,0.551085,;inf,727,0.601177,;500.268194,739,0.651268,;497.461259,751,0.701365,;481.324976,763,0.751452,;481.324976,778,0.80154,;481.324976,794,0.851639,;469.472947,803,0.901754,;469.472947,807,0.951853,;469.472947,817,1.00194,;469.472947,831,1.05205,;469.472947,840,1.10218,;469.472947,856,1.15229,;467.306886,861,1.20238,;467.306886,866,1.2525,;467.306886,871,1.30258,;467.306886,875,1.35266,;467.306886,878,1.40274,;467.306886,881,1.45283,;467.241572,886,1.50293,;467.241572,894,1.55305,;465.090118,896,1.60318,;465.090118,898,1.65331,;465.090118,905,1.70339,;465.090118,910,1.75348,;465.090118,918,1.80359,;465.090118,919,1.8537,;465.090118,922,1.90378,;465.090118,928,1.95387,;465.090118,934,2.00395,;465.090118,940,2.05404,;465.090118,945,2.10412,;465.090118,948,2.15422,;465.090118,955,2.2043,;465.090118,959,2.25439,;464.854058,962,2.30447,;464.854058,969,2.35456,;459.600215,972,2.40464,;459.546408,980,2.45474,;457.537060,986,2.50482,;457.537060,993,2.55491,;457.537060,994,2.605,;457.537060,998,2.6551,;457.537060,1001,2.70519,;457.537060,1006,2.7553,;457.537060,1007,2.80538,;457.537060,1008,2.85548,;457.537060,1011,2.90556,;457.537060,1014,2.95565,;456.374805,1018,3.00574,;456.374805,1025,3.05584,;456.374805,1025,3.10592,;454.291482,1029,3.15601,;454.291482,1033,3.2061,;454.291482,1038,3.25619,;454.291482,1042,3.30628,;454.291482,1047,3.35638,;454.291482,1051,3.40645,;454.291482,1052,3.45654,;454.291482,1057,3.50662,;454.291482,1061,3.55674,;454.291482,1063,3.60684,;454.291482,1068,3.65693,;454.291482,1071,3.70702,;454.291482,1075,3.7572,;454.291482,1082,3.8073,;451.743003,1087,3.85743,;451.743003,1090,3.90752,;451.743003,1092,3.95764,;451.743003,1093,4.00774,;451.743003,1096,4.05787,;451.743003,1101,4.10797,;451.743003,1104,4.1581,;451.553072,1106,4.20821,;451.553072,1107,4.25834,;451.553072,1112,4.30846,;451.412273,1115,4.35854,;451.412273,1119,4.40866,;451.412273,1120,4.45875,;451.412273,1124,4.50885,;451.412273,1125,4.55895,;451.412273,1128,4.60905,;451.412273,1129,4.65914,;451.412273,1132,4.70924,;451.412273,1136,4.75934,;451.412273,1139,4.80944,;451.412273,1143,4.85954,;451.412273,1144,4.90963,;451.412273,1148,4.95972,;451.412273,1153,5.00984,;451.412273,1154,5.05993,;451.135726,1156,5.11001,;451.135726,1158,5.1601,;451.135726,1158,5.21019,;451.135726,1161,5.26031,;451.135726,1163,5.31041,;451.135726,1163,5.3605,;451.135726,1167,5.41059,;451.135726,1170,5.46068,;451.135726,1171,5.51078,;451.135726,1174,5.56087,;451.135726,1176,5.61098,;451.135726,1180,5.6611,;451.135726,1180,5.71121,;451.135726,1180,5.76133,;449.881394,1181,5.81143,;449.881394,1184,5.86155,;449.881394,1187,5.91163,;449.881394,1191,5.96177,;449.881394,1194,6.01188,;449.881394,1196,6.062,;449.881394,1200,6.11212,;449.881394,1202,6.1622,;449.881394,1207,6.21228,;449.881394,1211,6.26236,;449.881394,1213,6.31248,;449.881394,1215,6.36257,;449.881394,1217,6.41268,;449.881394,1220,6.46281,;449.881394,1221,6.51293,;449.881394,1222,6.56302,;449.881394,1222,6.61315,;449.881394,1225,6.66323,;449.881394,1225,6.71336,;449.881394,1230,6.76345,;449.587149,1233,6.81357,;449.587149,1233,6.86366,;449.587149,1236,6.91379,;449.587149,1238,6.96391,;449.587149,1239,7.01402,;449.587149,1242,7.06414,;449.587149,1245,7.11427,;449.587149,1250,7.16438,;449.587149,1251,7.21449,;449.587149,1252,7.26461,;449.587149,1256,7.31469,;449.587149,1262,7.36479,;449.587149,1264,7.41489,;449.587149,1266,7.46501,;449.587149,1271,7.51511,;449.587149,1273,7.56523,;449.587149,1275,7.61535,;449.587149,1279,7.66547,;449.587149,1282,7.71556,;449.587149,1282,7.76569,;449.587149,1286,7.81578,;449.587149,1286,7.8659,;449.587149,1287,7.91603,;449.587149,1291,7.96615,;449.587149,1293,8.01627,;449.587149,1299,8.06637,;449.587149,1302,8.11649,;449.587149,1305,8.16657,;449.587149,1307,8.21666,;449.587149,1308,8.26676,;449.587149,1309,8.31686,;449.587149,1310,8.36695,;449.587149,1312,8.41708,;449.587149,1312,8.46717,;449.587149,1312,8.51727,;449.587149,1313,8.56737,;449.587149,1316,8.61746,;449.587149,1320,8.66756,;449.142683,1322,8.71765,;449.142683,1325,8.76774,;449.142683,1325,8.81787,;449.142683,1327,8.86796,;449.142683,1327,8.9181,;449.142683,1328,8.96822,;449.142683,1329,9.01835,;449.142683,1332,9.06844,;449.142683,1337,9.11853,;449.142683,1340,9.16867,;449.142683,1346,9.21876,;449.142683,1347,9.26888,;449.142683,1351,9.31897,;449.142683,1351,9.36905,;449.142683,1351,9.41912,;449.142683,1353,9.46922,;449.142683,1355,9.5193,;449.142683,1357,9.56938,;449.142683,1357,9.61947,;449.142683,1359,9.66956,;449.142683,1364,9.71964,;449.142683,1365,9.76972,;449.142683,1370,9.81984,;449.142683,1372,9.86992,;449.142683,1377,9.92003,;449.142683,1385,9.97014,;449.142683,1388,10.0202,;449.142683,1391,10.0703,;
inf,292,0.050095,;inf,356,0.100177,;inf,391,0.150303,;inf,419,0.200405,;inf,458,0.250523,;inf,483,0.300595,;inf,515,0.350708,;inf,529,0.40079,;inf,541,0.450881,;inf,557,0.500977,;inf,575,0.55109,;inf,600,0.601171,;inf,622,0.651294,;inf,634,0.701403,;inf,655,0.751519,;inf,682,0.801599,;inf,699,0.851716,;inf,711,0.901826,;inf,728,0.951936,;inf,739,1.00203,;inf,752,1.05215,;inf,760,1.10226,;inf,771,1.15237,;inf,780,1.20248,;inf,788,1.25256,;inf,794,1.30266,;inf,800,1.35276,;inf,803,1.40286,;inf,817,1.45296,;inf,819,1.50305,;inf,829,1.55313,;inf,835,1.60324,;inf,847,1.65331,;inf,862,1.70339,;inf,868,1.75351,;inf,872,1.80363,;inf,877,1.85375,;inf,882,1.90387,;inf,890,1.95398,;inf,896,2.00409,;inf,900,2.05418,;inf,904,2.10429,;inf,911,2.1544,;inf,915,2.20448,;inf,921,2.2546,;inf,925,2.30471,;inf,930,2.35483,;inf,934,2.40495,;inf,942,2.45503,;inf,952,2.50512,;inf,956,2.55523,;inf,963,2.60535,;inf,966,2.65548,;inf,976,2.70557,;inf,987,2.75568,;inf,993,2.80577,;inf,1003,2.85588,;inf,1004,2.90597,;inf,1009,2.9561,;inf,1019,3.00621,;inf,1022,3.05632,;inf,1024,3.10645,;inf,1030,3.15652,;inf,1040,3.20664,;inf,1044,3.25673,;inf,1048,3.30684,;inf,1054,3.35693,;inf,1058,3.40705,;inf,1063,3.45714,;inf,1070,3.50725,;inf,1076,3.55737,;inf,1080,3.60745,;inf,1089,3.65757,;inf,1091,3.70768,;inf,1096,3.75777,;inf,1099,3.8079,;inf,1105,3.85802,;inf,1109,3.90812,;inf,1112,3.95821,;inf,1117,4.00829,;inf,1123,4.05837,;inf,1127,4.10846,;inf,1130,4.15857,;inf,1134,4.20865,;inf,1138,4.25877,;inf,1141,4.30891,;inf,1144,4.35901,;inf,1146,4.4091,;inf,1146,4.45919,;inf,1151,4.50931,;inf,1155,4.55943,;inf,1157,4.60952,;inf,1160,4.6596,;inf,1166,4.70971,;inf,1168,4.75983,;inf,1171,4.80992,;inf,1175,4.86002,;inf,1180,4.91014,;inf,1184,4.96022,;inf,1186,5.0103,;inf,1192,5.06041,;inf,1200,5.11053,;inf,1204,5.16061,;inf,1206,5.21073,;inf,1209,5.26083,;inf,1210,5.31094,;inf,1213,5.36104,;inf,1216,5.41115,;inf,1219,5.46126,;inf,1223,5.51138,;inf,1225,5.56147,;inf,1227,5.61159,;inf,1232,5.66168,;inf,1235,5.7118,;inf,1240,5.76192,;inf,1246,5.81204,;inf,1248,5.86216,;inf,1248,5.91223,;inf,1252,5.96235,;inf,1257,6.01243,;inf,1261,6.06254,;inf,1262,6.11263,;inf,1264,6.16271,;inf,1266,6.2128,;478.097328,1272,6.26288,;478.097328,1275,6.31296,;478.097328,1277,6.36309,;478.097328,1278,6.41318,;478.097328,1279,6.4633,;478.097328,1281,6.51339,;478.097328,1285,6.56348,;478.097328,1293,6.61357,;478.097328,1295,6.66367,;476.055112,1302,6.71379,;476.055112,1305,6.76391,;476.055112,1307,6.81402,;476.055112,1309,6.86414,;465.060236,1318,6.91427,;465.060236,1319,6.96439,;465.060236,1322,7.01452,;464.637215,1325,7.0646,;464.637215,1326,7.11472,;464.637215,1332,7.16481,;464.637215,1334,7.21493,;459.395636,1336,7.26502,;459.395636,1341,7.31514,;459.395636,1343,7.36524,;459.395636,1346,7.41536,;459.395636,1347,7.46546,;459.395636,1349,7.51558,;459.395636,1353,7.56565,;459.337575,1356,7.61577,;459.337575,1362,7.6659,;459.337575,1369,7.71601,;459.337575,1369,7.76611,;459.337575,1373,7.81624,;459.337575,1376,7.86636,;459.337575,1378,7.9164,;459.337575,1380,7.96652,;459.337575,1382,8.01661,;459.337575,1383,8.06672,;459.337575,1386,8.11681,;459.337575,1395,8.16693,;459.337575,1397,8.21703,;459.337575,1400,8.26715,;459.337575,1402,8.31723,;459.337575,1404,8.36734,;459.337575,1405,8.41742,;459.337575,1411,8.46753,;459.337575,1412,8.51761,;458.721781,1416,8.56775,;458.721781,1419,8.61787,;458.721781,1421,8.66798,;458.721781,1424,8.7181,;458.721781,1429,8.76821,;458.721781,1433,8.8183,;458.721781,1435,8.8684,;458.721781,1438,8.91851,;458.721781,1439,8.9686,;458.721781,1442,9.01872,;458.721781,1444,9.06881,;458.721781,1446,9.11891,;458.721781,1448,9.16901,;458.721781,1450,9.2191,;458.721781,1456,9.2692,;452.357563,1464,9.3193,;452.357563,1465,9.36937,;448.570987,1470,9.41946,;448.570987,1472,9.46957,;448.570987,1475,9.51969,;448.570987,1477,9.5698,;448.570987,1480,9.61991,;448.570987,1485,9.67002,;448.570987,1487,9.72013,;448.570987,1489,9.77025,;448.570987,1493,9.82041,;448.570987,1496,9.87052,;448.570987,1499,9.9206,;448.570987,1500,9.9707,;448.570987,1504,10.0208,;
inf,313,0.0500949,;inf,366,0.100204,;inf,406,0.15032,;inf,458,0.200394,;inf,476,0.250505,;inf,496,0.300603,;inf,513,0.35072,;inf,538,0.400808,;inf,558,0.450923,;inf,573,0.501002,;inf,586,0.551087,;inf,599,0.60117,;inf,612,0.651279,;inf,621,0.701388,;inf,646,0.751502,;inf,656,0.801612,;inf,665,0.851725,;inf,670,0.901816,;inf,679,0.951905,;inf,692,1.00202,;inf,705,1.05212,;inf,712,1.1022,;inf,727,1.15229,;inf,742,1.2024,;inf,756,1.25249,;inf,768,1.30259,;inf,774,1.35268,;inf,786,1.4028,;inf,802,1.45288,;inf,812,1.50297,;inf,824,1.55305,;inf,836,1.60317,;inf,839,1.65326,;inf,848,1.70335,;inf,859,1.75348,;inf,868,1.8036,;inf,870,1.85371,;inf,875,1.9038,;inf,886,1.95392,;inf,890,2.00404,;inf,900,2.05415,;inf,903,2.10421,;inf,915,2.15433,;inf,924,2.20442,;inf,925,2.2545,;inf,935,2.30459,;inf,942,2.35471,;inf,944,2.4048,;inf,951,2.45492,;inf,957,2.50503,;inf,964,2.55512,;inf,968,2.60521,;inf,972,2.65534,;inf,979,2.70544,;inf,993,2.75554,;inf,1000,2.80563,;inf,1012,2.85571,;inf,1013,2.90581,;inf,1024,2.95589,;inf,1037,3.00602,;inf,1040,3.0561,;inf,1045,3.1062,;inf,1049,3.15632,;inf,1055,3.20642,;inf,1058,3.25651,;inf,1059,3.30664,;inf,1065,3.35672,;inf,1070,3.40682,;inf,1073,3.45692,;inf,1089,3.50702,;inf,1096,3.55711,;inf,1099,3.60724,;inf,1101,3.65733,;inf,1107,3.70746,;inf,1112,3.75756,;inf,1121,3.80768,;inf,1127,3.85778,;inf,1133,3.90788,;inf,1139,3.95799,;inf,1149,4.00807,;inf,1151,4.05816,;inf,1156,4.10824,;inf,1158,4.15836,;inf,1159,4.20846,;inf,1162,4.25859,;inf,1164,4.30868,;inf,1167,4.3588,;inf,1168,4.4089,;inf,1171,4.45902,;inf,1174,4.5091,;inf,1178,4.5592,;inf,1181,4.60932,;inf,1184,4.65942,;inf,1188,4.70951,;inf,1194,4.75964,;inf,1195,4.80974,;inf,1200,4.85986,;inf,1201,4.90995,;inf,1205,4.96009,;inf,1210,5.01022,;inf,1216,5.0603,;inf,1224,5.1104,;inf,1227,5.16049,;inf,1227,5.21062,;inf,1229,5.26071,;inf,1230,5.31083,;inf,1232,5.36091,;inf,1232,5.41103,;inf,1234,5.46111,;inf,1235,5.51122,;inf,1236,5.56132,;inf,1239,5.61144,;inf,1240,5.66154,;inf,1243,5.71163,;inf,1244,5.76172,;inf,1249,5.81185,;inf,1250,5.86197,;inf,1251,5.91206,;inf,1253,5.96217,;inf,1254,6.01225,;inf,1254,6.06238,;inf,1264,6.11247,;inf,1267,6.1626,;inf,1271,6.2127,;inf,1274,6.26283,;inf,1277,6.31292,;inf,1280,6.36304,;inf,1284,6.41316,;inf,1285,6.46327,;inf,1289,6.51339,;inf,1290,6.56348,;inf,1294,6.61358,;inf,1298,6.66366,;inf,1300,6.71378,;inf,1308,6.7639,;inf,1311,6.81402,;inf,1315,6.86413,;inf,1316,6.91426,;inf,1322,6.96434,;inf,1326,7.01442,;inf,1329,7.06452,;inf,1331,7.11464,;inf,1333,7.16473,;inf,1337,7.21485,;inf,1338,7.26495,;inf,1344,7.31507,;inf,1345,7.3652,;inf,1346,7.41532,;inf,1347,7.46545,;inf,1348,7.51557,;inf,1349,7.56566,;inf,1350,7.61579,;inf,1354,7.66588,;inf,1356,7.716,;inf,1359,7.76612,;inf,1359,7.81618,;inf,1363,7.86631,;inf,1364,7.9164,;inf,1366,7.96651,;inf,1367,8.01661,;inf,1375,8.06672,;inf,1377,8.1168,;inf,1378,8.16692,;inf,1379,8.21701,;inf,1380,8.2671,;inf,1383,8.31721,;inf,1383,8.36732,;inf,1385,8.41742,;inf,1386,8.46753,;inf,1388,8.51765,;inf,1389,8.56774,;inf,1390,8.61783,;inf,1392,8.66792,;inf,1392,8.71802,;inf,1395,8.76811,;inf,1397,8.81827,;inf,1398,8.86835,;inf,1400,8.91843,;inf,1403,8.96853,;inf,1405,9.01864,;inf,1408,9.06873,;inf,1409,9.11885,;inf,1409,9.16896,;inf,1410,9.21907,;inf,1411,9.26919,;inf,1411,9.31932,;inf,1415,9.36943,;inf,1415,9.41951,;inf,1417,9.46963,;inf,1418,9.51974,;inf,1419,9.56985,;inf,1422,9.61997,;inf,1423,9.67008,;inf,1426,9.72019,;inf,1427,9.77031,;inf,1430,9.82043,;inf,1433,9.8705,;inf,1436,9.92059,;inf,1439,9.97067,;inf,1441,10.0208,;
inf,265,0.0500574,;inf,342,0.100153,;inf,387,0.150246,;inf,430,0.200327,;inf,454,0.250405,;inf,472,0.300522,;inf,491,0.350635,;inf,508,0.400746,;inf,541,0.450863,;inf,561,0.500961,;inf,576,0.551077,;inf,590,0.6012,;inf,600,0.651322,;inf,619,0.701437,;inf,629,0.751526,;inf,639,0.801624,;inf,645,0.85174,;inf,659,0.901864,;inf,664,0.951984,;inf,675,1.0021,;479.040416,681,1.05223,;479.040416,688,1.10236,;479.040416,704,1.15248,;479.040416,718,1.20261,;461.430256,725,1.25274,;461.430256,731,1.30284,;460.825372,748,1.35293,;460.825372,754,1.40303,;460.825372,760,1.45313,;460.708743,767,1.50326,;460.708743,773,1.55338,;460.708743,786,1.6035,;460.708743,786,1.65362,;459.023869,787,1.70374,;459.023869,796,1.75385,;459.023869,803,1.80394,;459.023869,808,1.85402,;459.023869,813,1.90412,;459.023869,820,1.95422,;459.023869,822,2.00435,;459.023869,828,2.05447,;457.168874,841,2.1046,;457.168874,847,2.15471,;457.168874,854,2.20478,;457.168874,861,2.25487,;457.168874,867,2.30497,;457.168874,870,2.3551,;457.168874,877,2.40522,;457.168874,886,2.45531,;457.168874,889,2.50543,;457.168874,892,2.55555,;457.168874,894,2.60568,;457.168874,904,2.65579,;457.168874,906,2.70591,;457.168874,909,2.75601,;457.168874,915,2.80613,;457.168874,919,2.85622,;457.168874,927,2.90634,;457.168874,930,2.95644,;457.168874,936,3.00655,;457.168874,945,3.05666,;457.168874,952,3.10675,;457.168874,958,3.15689,;457.043423,963,3.20697,;456.364245,969,3.2571,;456.364245,975,3.30722,;456.364245,978,3.35734,;456.364245,981,3.40747,;456.364245,985,3.45759,;456.364245,987,3.50771,;456.364245,992,3.55784,;456.364245,995,3.60796,;456.364245,999,3.65809,;456.364245,1004,3.70822,;456.364245,1011,3.75834,;456.364245,1014,3.80846,;456.364245,1019,3.85857,;456.364245,1022,3.9087,;456.364245,1029,3.95881,;456.364245,1033,4.00897,;456.364245,1037,4.05909,;455.924593,1039,4.10921,;455.924593,1040,4.15933,;455.924593,1043,4.20945,;455.924593,1046,4.25954,;455.924593,1052,4.30966,;455.924593,1054,4.35976,;455.924593,1057,4.4099,;455.924593,1061,4.45998,;455.924593,1064,4.51008,;455.924593,1070,4.56018,;455.924593,1072,4.6103,;455.924593,1074,4.66039,;455.924593,1077,4.71051,;455.924593,1079,4.7606,;454.972810,1084,4.8107,;454.972810,1088,4.86082,;454.972810,1093,4.91094,;454.972810,1095,4.96106,;454.972810,1099,5.01118,;454.972810,1100,5.0613,;454.972810,1103,5.11142,;454.972810,1106,5.16158,;454.972810,1108,5.2117,;454.972810,1110,5.26182,;454.972810,1112,5.31191,;454.972810,1115,5.36202,;454.972810,1121,5.41212,;454.972810,1124,5.46222,;454.972810,1126,5.51232,;454.972810,1128,5.56245,;454.972810,1131,5.61254,;454.972810,1134,5.66267,;454.972810,1136,5.71275,;454.972810,1140,5.76287,;454.972810,1143,5.813,;454.972810,1144,5.86311,;454.793381,1147,5.9132,;454.793381,1149,5.96331,;454.793381,1150,6.01344,;454.793381,1153,6.06355,;454.793381,1153,6.11367,;454.080916,1155,6.16379,;454.080916,1158,6.21392,;454.080916,1159,6.264,;454.080916,1164,6.31413,;454.080916,1167,6.36425,;454.080916,1170,6.41438,;454.080916,1173,6.46448,;454.080916,1176,6.5146,;454.080916,1177,6.56473,;454.080916,1178,6.61483,;454.080916,1180,6.66497,;454.080916,1182,6.7151,;454.080916,1183,6.76522,;454.080916,1183,6.81534,;454.080916,1183,6.86546,;453.020551,1187,6.91559,;453.020551,1188,6.9657,;453.020551,1189,7.01584,;453.020551,1192,7.06594,;453.020551,1194,7.11602,;453.020551,1198,7.16612,;453.020551,1203,7.21624,;453.020551,1204,7.26636,;453.020551,1206,7.31645,;453.020551,1209,7.36654,;453.020551,1210,7.41664,;452.845221,1211,7.46674,;452.845221,1213,7.51683,;452.845221,1216,7.56692,;452.805233,1223,7.61702,;452.805233,1225,7.66711,;452.805233,1226,7.7172,;452.805233,1232,7.76728,;452.805233,1234,7.8174,;452.805233,1236,7.86751,;452.805233,1237,7.91764,;452.805233,1241,7.96773,;452.805233,1243,8.01785,;452.805233,1246,8.06793,;452.805233,1250,8.11803,;452.805233,1252,8.16813,;452.805233,1253,8.21826,;452.805233,1257,8.26836,;452.805233,1263,8.31848,;452.447867,1269,8.36857,;452.447867,1272,8.41866,;452.447867,1274,8.46875,;452.447867,1277,8.51887,;452.447867,1281,8.56897,;452.447867,1284,8.61911,;452.447867,1286,8.66922,;452.447867,1288,8.71932,;452.447867,1291,8.76941,;452.447867,1295,8.81952,;452.447867,1298,8.86963,;452.447867,1299,8.91973,;452.447867,1302,8.96983,;452.447867,1304,9.01992,;452.447867,1307,9.07004,;452.447867,1310,9.12013,;452.447867,1312,9.17026,;452.447867,1315,9.22035,;452.447867,1317,9.27044,;452.447867,1318,9.32054,;452.447867,1323,9.37063,;452.447867,1325,9.42072,;452.447867,1325,9.47085,;452.447867,1325,9.52093,;451.402044,1328,9.57102,;451.402044,1331,9.62111,;451.402044,1333,9.67123,;451.402044,1337,9.72132,;451.402044,1339,9.77141,;451.402044,1342,9.82152,;451.402044,1346,9.87163,;451.402044,1348,9.92175,;451.402044,1352,9.97179,;451.402044,1353,10.0219,;
inf,276,0.0500642,;inf,373,0.100153,;inf,424,0.150231,;inf,461,0.200323,;inf,494,0.250403,;inf,531,0.300521,;inf,551,0.350606,;inf,570,0.400704,;inf,594,0.450794,;inf,610,0.500911,;inf,625,0.551001,;inf,638,0.601097,;inf,659,0.651191,;inf,675,0.701314,;inf,685,0.751401,;inf,695,0.801516,;inf,715,0.851591,;inf,727,0.901714,;inf,739,0.951792,;inf,747,1.00191,;inf,759,1.052,;inf,764,1.10212,;inf,774,1.15219,;inf,789,1.20228,;inf,796,1.25237,;inf,818,1.30245,;inf,825,1.35254,;inf,833,1.40266,;inf,841,1.45275,;inf,848,1.50284,;inf,856,1.55293,;inf,866,1.60301,;inf,874,1.65313,;inf,882,1.7032,;inf,894,1.75329,;inf,907,1.80338,;inf,918,1.85346,;inf,922,1.90357,;inf,928,1.95365,;inf,932,2.00374,;inf,937,2.05381,;inf,942,2.10393,;inf,949,2.15402,;inf,953,2.20412,;inf,957,2.25422,;inf,968,2.3043,;inf,969,2.35439,;inf,983,2.40449,;inf,988,2.45457,;inf,995,2.50466,;inf,996,2.55474,;inf,1007,2.60486,;inf,1012,2.65495,;inf,1019,2.70503,;inf,1025,2.75515,;inf,1027,2.80527,;inf,1029,2.85535,;inf,1040,2.90547,;inf,1046,2.95552,;inf,1049,3.00561,;inf,1054,3.05569,;inf,1057,3.1058,;inf,1061,3.15589,;inf,1065,3.20601,;inf,1071,3.25608,;inf,1077,3.30621,;inf,1079,3.3563,;inf,1081,3.40643,;inf,1086,3.45651,;inf,1096,3.5066,;inf,1098,3.55669,;inf,1102,3.60678,;inf,1107,3.65686,;inf,1111,3.70698,;inf,1116,3.75706,;inf,1119,3.80715,;inf,1120,3.85723,;inf,1122,3.90731,;inf,1129,3.9574,;inf,1134,4.00749,;inf,1139,4.0576,;inf,1140,4.10768,;inf,1148,4.15778,;inf,1156,4.20787,;inf,1166,4.25799,;inf,1171,4.30808,;inf,1179,4.35816,;inf,1186,4.40826,;inf,1187,4.45835,;inf,1195,4.50845,;inf,1198,4.55854,;inf,1201,4.60862,;inf,1204,4.6587,;inf,1209,4.70879,;inf,1214,4.75892,;inf,1215,4.80902,;inf,1217,4.85912,;inf,1220,4.90924,;inf,1222,4.95935,;inf,1227,5.00947,;inf,1233,5.05955,;inf,1235,5.10964,;inf,1244,5.15972,;457.400805,1248,5.20981,;457.400805,1253,5.2599,;457.400805,1253,5.31003,;456.393217,1259,5.36013,;456.393217,1260,5.41025,;456.393217,1262,5.46035,;456.393217,1263,5.51048,;456.393217,1265,5.56056,;456.393217,1273,5.61068,;456.393217,1277,5.66076,;456.393217,1279,5.71089,;456.393217,1284,5.76098,;456.393217,1286,5.81106,;456.393217,1287,5.86118,;456.393217,1291,5.91127,;456.393217,1297,5.9614,;456.393217,1299,6.01152,;456.393217,1300,6.06164,;456.393217,1306,6.11177,;456.393217,1309,6.16189,;456.393217,1311,6.21199,;456.393217,1313,6.26209,;456.393217,1315,6.31219,;456.393217,1317,6.36232,;456.393217,1318,6.41241,;456.393217,1320,6.46253,;456.393217,1327,6.51266,;456.393217,1330,6.56278,;456.393217,1332,6.61291,;456.393217,1335,6.663,;456.393217,1336,6.71312,;456.393217,1338,6.76325,;456.393217,1342,6.81337,;456.393217,1345,6.8635,;456.393217,1349,6.91359,;456.393217,1356,6.96367,;456.393217,1359,7.01379,;456.393217,1362,7.06389,;456.393217,1363,7.11398,;456.393217,1364,7.16408,;456.393217,1368,7.21417,;456.393217,1369,7.26426,;456.393217,1371,7.3144,;456.393217,1373,7.36447,;456.393217,1374,7.41456,;456.393217,1375,7.46466,;456.393217,1381,7.51475,;456.393217,1389,7.56488,;456.393217,1392,7.61501,;456.393217,1393,7.66513,;456.393217,1396,7.71525,;456.393217,1399,7.76537,;456.393217,1402,7.81547,;456.393217,1404,7.86559,;456.393217,1406,7.91567,;456.393217,1408,7.9658,;456.393217,1411,8.01589,;456.393217,1413,8.066,;456.393217,1417,8.11608,;456.393217,1419,8.1662,;456.393217,1420,8.21634,;456.393217,1421,8.26646,;456.393217,1422,8.3166,;456.393217,1425,8.36673,;456.393217,1427,8.41685,;456.393217,1431,8.46698,;456.393217,1433,8.51712,;456.393217,1436,8.56724,;456.393217,1438,8.61736,;456.393217,1440,8.6675,;456.393217,1442,8.71762,;456.393217,1444,8.76775,;456.393217,1452,8.81785,;456.393217,1453,8.86795,;456.393217,1455,8.91807,;456.393217,1457,8.96817,;456.393217,1459,9.0183,;456.393217,1462,9.06841,;456.393217,1469,9.11853,;456.393217,1471,9.16864,;456.393217,1474,9.21872,;456.393217,1475,9.26884,;456.393217,1476,9.31893,;456.393217,1478,9.36905,;456.393217,1482,9.41916,;456.393217,1483,9.46925,;456.393217,1488,9.51938,;456.393217,1490,9.56948,;455.191800,1494,9.61957,;455.191800,1498,9.66968,;455.191800,1502,9.71975,;455.191800,1502,9.7699,;453.685265,1506,9.81999,;453.685265,1507,9.87013,;453.685265,1510,9.92022,;453.685265,1511,9.97036,;453.685265,1512,10.0205,;
inf,236,0.0500933,;inf,293,0.100176,;inf,334,0.150264,;inf,365,0.200378,;inf,389,0.250453,;inf,415,0.300534,;inf,441,0.350622,;inf,453,0.400743,;475.521919,476,0.450825,;475.521919,491,0.500943,;475.521919,506,0.551037,;475.299797,519,0.601155,;474.121196,526,0.651231,;474.021638,536,0.701316,;474.021638,553,0.751402,;473.823222,560,0.801486,;469.832068,571,0.851603,;469.508542,578,0.901679,;469.508542,587,0.951789,;469.479942,590,1.00187,;469.479942,598,1.05196,;469.479942,605,1.10204,;469.479942,611,1.1522,;469.479942,617,1.20228,;469.479942,629,1.25237,;469.479942,629,1.30246,;469.479942,629,1.35257,;460.257456,633,1.40266,;460.025996,636,1.45279,;460.025996,646,1.50289,;460.025996,651,1.553,;460.025996,658,1.60308,;460.025996,665,1.65317,;460.025996,670,1.70325,;459.129656,673,1.75337,;459.129656,677,1.80346,;459.129656,680,1.85358,;458.726401,682,1.90366,;458.303142,688,1.95379,;456.026384,690,2.00391,;456.026384,693,2.05399,;456.026384,695,2.10408,;456.026384,702,2.15416,;456.026384,707,2.20424,;456.026384,711,2.25433,;456.026384,716,2.30445,;456.026384,720,2.35453,;456.026384,726,2.4047,;456.026384,733,2.45479,;456.026384,738,2.50491,;456.026384,742,2.555,;456.026384,748,2.60512,;456.026384,752,2.65522,;456.026384,753,2.70531,;455.228371,759,2.75543,;454.299717,762,2.80555,;454.299717,766,2.85567,;454.299717,768,2.90578,;454.075055,770,2.9559,;454.075055,777,3.00601,;454.075055,777,3.05613,;454.075055,779,3.10624,;454.075055,782,3.15637,;454.075055,784,3.20646,;454.075055,788,3.25659,;454.075055,793,3.30669,;454.075055,795,3.35678,;454.075055,798,3.4069,;454.075055,803,3.45698,;454.075055,807,3.50706,;454.075055,811,3.55719,;454.075055,816,3.60728,;454.075055,819,3.65737,;454.075055,823,3.7075,;454.075055,825,3.75762,;454.075055,831,3.80774,;454.075055,831,3.85786,;454.075055,835,3.90794,;454.075055,837,3.95803,;454.075055,837,4.00811,;453.750944,843,4.05818,;453.750944,849,4.1083,;453.750944,852,4.15838,;453.750944,854,4.20849,;453.750944,856,4.25859,;453.750944,858,4.30868,;453.750944,862,4.35878,;453.750944,867,4.4089,;453.750944,868,4.45899,;453.750944,871,4.50913,;453.750944,872,4.55921,;453.750944,876,4.60934,;453.750944,877,4.65942,;453.750944,880,4.70954,;453.750944,882,4.75963,;453.750944,888,4.80973,;453.750944,891,4.85985,;453.750944,893,4.90996,;453.750944,898,4.96005,;453.750944,903,5.01015,;453.750944,910,5.06025,;453.750944,916,5.11033,;453.750944,917,5.16041,;453.750944,918,5.21051,;453.750944,921,5.26063,;453.750944,923,5.31072,;453.750944,926,5.36081,;453.750944,929,5.41092,;453.750944,930,5.46104,;453.750944,932,5.51114,;453.750944,934,5.56124,;453.750944,937,5.61134,;453.750944,941,5.66146,;453.750944,944,5.71154,;453.750944,947,5.76164,;453.750944,947,5.81176,;453.750944,950,5.86185,;453.750944,952,5.91197,;453.750944,953,5.96207,;453.750944,955,6.01215,;453.750944,955,6.06218,;453.161288,956,6.11226,;453.161288,959,6.16234,;453.161288,966,6.21242,;453.161288,969,6.26253,;453.161288,970,6.31265,;453.161288,970,6.36275,;452.567056,974,6.41288,;452.567056,977,6.46296,;452.567056,979,6.51308,;452.567056,982,6.56319,;452.567056,984,6.6133,;452.567056,985,6.6634,;452.567056,988,6.71348,;452.567056,990,6.7636,;452.567056,992,6.81373,;452.567056,995,6.86381,;452.567056,996,6.91393,;452.567056,1003,6.96403,;452.567056,1004,7.01413,;452.567056,1004,7.06422,;452.567056,1004,7.11431,;452.567056,1004,7.16441,;452.093266,1005,7.2145,;452.093266,1006,7.26458,;452.093266,1008,7.31466,;452.093266,1008,7.36478,;451.818515,1010,7.41487,;451.818515,1012,7.46497,;451.818515,1014,7.51511,;451.818515,1017,7.56523,;451.818515,1018,7.61536,;451.818515,1021,7.66548,;451.818515,1022,7.71556,;451.818515,1022,7.76569,;450.472502,1024,7.81581,;450.472502,1028,7.86592,;450.472502,1030,7.91604,;450.472502,1031,7.96618,;450.259144,1032,8.01636,;450.259144,1034,8.06648,;450.259144,1036,8.11657,;450.259144,1038,8.16665,;450.259144,1039,8.21673,;450.259144,1042,8.26681,;450.259144,1043,8.31689,;450.259144,1044,8.36701,;450.259144,1047,8.4171,;450.259144,1050,8.46721,;450.259144,1052,8.51729,;450.259144,1053,8.56738,;450.259144,1054,8.61748,;450.259144,1055,8.66757,;450.259144,1056,8.71766,;450.259144,1058,8.76776,;450.259144,1059,8.81786,;450.259144,1060,8.86798,;450.259144,1061,8.9181,;450.259144,1062,8.9682,;450.259144,1062,9.01824,;450.259144,1064,9.06836,;450.259144,1066,9.11844,;450.259144,1067,9.16856,;450.259144,1069,9.21866,;450.259144,1071,9.26874,;450.259144,1073,9.31885,;450.259144,1073,9.36898,;450.259144,1074,9.41907,;450.259144,1075,9.46919,;450.259144,1077,9.51928,;450.259144,1078,9.56941,;450.259144,1079,9.61949,;450.259144,1080,9.6696,;450.259144,1080,9.71967,;450.259144,1081,9.76975,;450.259144,1082,9.81983,;450.259144,1083,9.86991,;450.259144,1084,9.92002,;450.259144,1084,9.97011,;450.259144,1084,10.0202,;
inf,359,0.0500966,;inf,415,0.100145,;inf,461,0.150254,;inf,492,0.20033,;inf,527,0.250411,;inf,558,0.300498,;inf,588,0.350612,;inf,622,0.400697,;inf,641,0.450811,;inf,648,0.500901,;inf,657,0.550989,;inf,677,0.601079,;inf,683,0.651212,;464.274533,698,0.701297,;464.274533,715,0.75139,;464.274533,719,0.8015,;464.274533,727,0.851583,;464.274533,739,0.901686,;463.243441,749,0.951796,;461.815009,756,1.00187,;461.459340,765,1.05195,;461.459340,775,1.10203,;461.459340,777,1.15211,;461.459340,790,1.2022,;461.433695,798,1.25231,;461.433695,807,1.30242,;461.433695,819,1.35251,;461.433695,830,1.4026,;461.433695,839,1.45272,;461.433695,843,1.50281,;461.433695,849,1.55292,;461.433695,856,1.60305,;461.433695,861,1.65316,;461.433695,866,1.70327,;461.433695,873,1.75339,;461.433695,881,1.80351,;461.433695,887,1.85358,;461.433695,897,1.9037,;461.433695,906,1.95378,;459.456357,911,2.00391,;459.456357,918,2.05403,;459.456357,927,2.10411,;459.456357,931,2.15423,;459.456357,932,2.20432,;459.358061,938,2.25443,;459.358061,946,2.30452,;459.358061,950,2.35463,;459.358061,957,2.40472,;459.358061,963,2.45484,;459.358061,967,2.50493,;459.358061,974,2.55504,;459.358061,975,2.60514,;459.358061,979,2.65522,;459.358061,986,2.70533,;459.358061,993,2.75545,;459.358061,999,2.80556,;459.358061,1010,2.85566,;459.358061,1020,2.90577,;459.358061,1024,2.95588,;459.358061,1028,3.006,;459.358061,1032,3.05608,;459.358061,1037,3.10619,;458.407870,1042,3.15628,;458.407870,1048,3.2064,;458.407870,1057,3.25649,;458.407870,1059,3.3066,;458.407870,1064,3.3567,;457.670273,1069,3.40682,;457.325724,1074,3.45692,;457.325724,1077,3.50702,;457.325724,1085,3.55711,;457.325724,1087,3.60719,;457.325724,1091,3.65727,;457.171507,1096,3.70739,;457.171507,1098,3.75747,;457.171507,1104,3.80758,;457.171507,1109,3.85767,;457.171507,1113,3.90779,;457.171507,1115,3.95788,;457.171507,1120,4.00796,;455.803677,1124,4.05804,;455.803677,1128,4.10811,;455.803677,1131,4.15822,;455.803677,1134,4.20831,;455.803677,1139,4.25842,;455.803677,1143,4.30851,;455.803677,1143,4.35862,;455.803677,1149,4.40871,;455.803677,1152,4.45883,;455.803677,1153,4.50892,;455.803677,1158,4.55901,;455.803677,1162,4.60913,;455.803677,1165,4.65922,;455.803677,1169,4.70936,;455.803677,1170,4.75947,;455.803677,1174,4.80958,;455.803677,1178,4.85969,;455.803677,1180,4.90981,;455.803677,1183,4.95988,;455.803677,1185,5.01001,;455.803677,1189,5.06009,;455.803677,1194,5.11021,;455.803677,1198,5.1603,;455.803677,1201,5.21041,;455.803677,1205,5.26049,;455.803677,1211,5.31059,;455.803677,1217,5.36068,;455.803677,1223,5.4108,;455.803677,1224,5.46091,;455.803677,1229,5.511,;455.803677,1231,5.56109,;455.803677,1231,5.61121,;455.618524,1236,5.66131,;455.618524,1240,5.71142,;455.618524,1244,5.76153,;455.618524,1249,5.81166,;455.618524,1253,5.86177,;455.618524,1256,5.91188,;455.618524,1260,5.96197,;455.618524,1264,6.01205,;455.618524,1268,6.06216,;455.618524,1272,6.11225,;455.618524,1275,6.16237,;455.618524,1280,6.21246,;455.618524,1283,6.26258,;455.618524,1289,6.31267,;455.618524,1292,6.36275,;455.618524,1299,6.41286,;455.604377,1300,6.46298,;455.604377,1304,6.51307,;455.604377,1308,6.56319,;455.604377,1315,6.61331,;455.604377,1319,6.66343,;455.604377,1322,6.71354,;455.604377,1324,6.76365,;455.604377,1325,6.81376,;455.604377,1327,6.86385,;455.604377,1330,6.91394,;455.521027,1332,6.96404,;455.521027,1338,7.01411,;455.521027,1343,7.06424,;455.521027,1344,7.11432,;454.268366,1347,7.1644,;454.268366,1350,7.21449,;454.268366,1354,7.26458,;454.268366,1356,7.31469,;454.268366,1361,7.36478,;454.268366,1364,7.41487,;454.268366,1368,7.46495,;454.268366,1371,7.51505,;454.268366,1372,7.56514,;454.268366,1373,7.61526,;454.268366,1373,7.66535,;453.755561,1376,7.71547,;453.755561,1382,7.76559,;453.739616,1389,7.8157,;453.739616,1392,7.86583,;453.739616,1395,7.91594,;453.739616,1401,7.96606,;453.739616,1404,8.01614,;453.739616,1407,8.06628,;453.739616,1410,8.11637,;453.739616,1412,8.16647,;453.739616,1417,8.21655,;453.739616,1424,8.26667,;453.739616,1427,8.31675,;453.739616,1430,8.36686,;453.739616,1433,8.41696,;453.739616,1435,8.46707,;453.739616,1436,8.51717,;453.739616,1439,8.56729,;453.739616,1444,8.61741,;453.739616,1447,8.66753,;453.739616,1451,8.71762,;453.739616,1453,8.76774,;453.739616,1455,8.81785,;453.739616,1459,8.86789,;453.739616,1462,8.91801,;453.739616,1464,8.96808,;453.739616,1466,9.01818,;453.739616,1469,9.06827,;453.739616,1474,9.11836,;453.739616,1477,9.16846,;453.739616,1478,9.21857,;453.739616,1483,9.26867,;453.739616,1487,9.31878,;453.739616,1490,9.36887,;453.739616,1492,9.41895,;453.739616,1499,9.46912,;453.739616,1502,9.5192,;453.739616,1504,9.56932,;453.739616,1510,9.61943,;453.739616,1512,9.66955,;453.739616,1516,9.71964,;453.739616,1521,9.76972,;453.739616,1524,9.8198,;453.739616,1525,9.86989,;453.739616,1529,9.91997,;453.739616,1533,9.97005,;453.739616,1536,10.0201,;
inf,314,0.0501075,;inf,425,0.100202,;inf,485,0.150317,;inf,532,0.200433,;inf,566,0.25055,;inf,584,0.300665,;inf,603,0.350778,;inf,617,0.400887,;inf,644,0.451001,;inf,656,0.50111,;inf,684,0.551225,;inf,702,0.601335,;inf,713,0.65145,;inf,733,0.701568,;inf,742,0.751688,;inf,762,0.801832,;inf,778,0.851927,;inf,793,0.902013,;inf,801,0.952095,;inf,812,1.00221,;inf,821,1.05231,;inf,830,1.10243,;inf,838,1.15256,;inf,842,1.20267,;inf,853,1.25277,;inf,860,1.30288,;inf,867,1.35296,;inf,871,1.40307,;inf,881,1.45319,;inf,890,1.50334,;inf,899,1.55345,;inf,913,1.60353,;inf,923,1.65362,;inf,928,1.70371,;inf,930,1.75382,;inf,936,1.80393,;inf,939,1.85406,;inf,944,1.90414,;inf,948,1.95423,;inf,954,2.00432,;inf,958,2.05442,;inf,960,2.10452,;inf,966,2.1546,;inf,970,2.20471,;inf,977,2.25483,;inf,978,2.30492,;inf,983,2.35504,;inf,991,2.40515,;inf,1003,2.45527,;inf,1006,2.5054,;inf,1010,2.55552,;inf,1015,2.60565,;inf,1018,2.65573,;inf,1020,2.70584,;inf,1026,2.75594,;inf,1034,2.80607,;inf,1041,2.85617,;inf,1047,2.90629,;inf,1050,2.95638,;inf,1058,3.0065,;inf,1065,3.05661,;inf,1068,3.10674,;inf,1074,3.15683,;inf,1076,3.20696,;inf,1077,3.25708,;inf,1084,3.30719,;inf,1089,3.35732,;inf,1092,3.40736,;inf,1095,3.45746,;inf,1097,3.50754,;inf,1100,3.55763,;inf,1102,3.60772,;inf,1105,3.65783,;inf,1108,3.70791,;inf,1110,3.758,;inf,1116,3.80813,;inf,1122,3.85822,;inf,1128,3.90832,;inf,1133,3.95845,;inf,1135,4.00853,;inf,1142,4.05862,;inf,1144,4.10872,;inf,1148,4.15885,;inf,1154,4.20893,;inf,1158,4.25901,;inf,1159,4.30913,;inf,1160,4.35922,;inf,1165,4.40931,;inf,1172,4.45941,;inf,1178,4.5095,;inf,1180,4.55958,;inf,1185,4.60968,;inf,1189,4.65976,;inf,1191,4.70986,;inf,1195,4.75994,;inf,1197,4.81004,;inf,1200,4.86013,;inf,1202,4.91022,;inf,1202,4.96034,;inf,1203,5.01046,;inf,1206,5.0606,;inf,1206,5.11071,;inf,1210,5.16084,;inf,1217,5.21097,;inf,1219,5.2611,;inf,1220,5.31122,;inf,1224,5.36132,;inf,1226,5.41142,;inf,1228,5.46152,;inf,1229,5.51161,;inf,1230,5.56169,;inf,1232,5.6118,;inf,1234,5.66192,;inf,1239,5.712,;inf,1245,5.76213,;inf,1248,5.81222,;inf,1251,5.86231,;inf,1252,5.91241,;inf,1258,5.96249,;inf,1260,6.01257,;inf,1261,6.06269,;inf,1263,6.11278,;inf,1266,6.1629,;inf,1269,6.21299,;inf,1272,6.26307,;inf,1273,6.31316,;inf,1276,6.36327,;inf,1277,6.41338,;inf,1277,6.46351,;inf,1277,6.51365,;inf,1277,6.56373,;inf,1281,6.61385,;inf,1284,6.66394,;inf,1288,6.71404,;inf,1293,6.76413,;inf,1294,6.81425,;inf,1296,6.86434,;inf,1300,6.91444,;inf,1300,6.96454,;inf,1301,7.01463,;inf,1303,7.06471,;inf,1305,7.11483,;inf,1306,7.16496,;inf,1309,7.21505,;inf,1311,7.26515,;inf,1313,7.31524,;inf,1317,7.36537,;inf,1317,7.41548,;inf,1319,7.46557,;inf,1321,7.51565,;inf,1322,7.56577,;inf,1328,7.61587,;inf,1329,7.666,;inf,1332,7.71612,;inf,1338,7.76623,;inf,1343,7.81636,;inf,1343,7.86648,;inf,1346,7.91658,;inf,1346,7.9667,;inf,1351,8.01682,;inf,1353,8.06691,;inf,1357,8.11705,;inf,1360,8.16717,;inf,1361,8.21729,;inf,1361,8.26741,;inf,1363,8.31753,;inf,1365,8.36761,;inf,1367,8.41772,;inf,1367,8.46782,;inf,1370,8.51794,;inf,1371,8.56804,;inf,1373,8.61813,;inf,1374,8.66823,;inf,1377,8.71836,;inf,1379,8.76848,;inf,1385,8.81862,;inf,1388,8.86871,;inf,1389,8.91879,;inf,1390,8.96891,;inf,1391,9.01903,;inf,1392,9.06911,;inf,1393,9.11924,;inf,1394,9.16937,;inf,1397,9.2195,;inf,1399,9.26962,;inf,1401,9.31971,;inf,1403,9.3698,;inf,1408,9.4199,;inf,1410,9.47002,;inf,1412,9.5201,;inf,1413,9.57019,;inf,1417,9.62028,;inf,1421,9.67038,;inf,1423,9.72047,;inf,1428,9.77056,;inf,1431,9.82064,;inf,1434,9.87075,;inf,1435,9.92082,;inf,1437,9.97091,;
inf,205,0.0500578,;inf,269,0.100154,;inf,320,0.150246,;inf,371,0.200361,;inf,393,0.250435,;inf,430,0.300512,;inf,456,0.350585,;inf,470,0.400662,;inf,506,0.450739,;inf,519,0.500812,;inf,529,0.550889,;inf,545,0.600961,;inf,553,0.651035,;inf,575,0.70111,;inf,595,0.751191,;inf,614,0.801262,;inf,623,0.85138,;inf,637,0.901488,;inf,646,0.951574,;inf,664,1.00168,;inf,676,1.05179,;inf,684,1.10188,;inf,691,1.15199,;inf,698,1.20207,;inf,709,1.25218,;inf,714,1.30227,;inf,726,1.35238,;inf,732,1.40247,;inf,739,1.45259,;inf,749,1.50268,;inf,753,1.55279,;inf,757,1.60288,;inf,765,1.653,;inf,770,1.70307,;inf,776,1.75319,;inf,784,1.80327,;inf,791,1.85335,;inf,797,1.90343,;inf,803,1.9535,;inf,806,2.00358,;inf,810,2.05366,;inf,817,2.10374,;inf,826,2.15382,;inf,832,2.20389,;inf,838,2.25397,;inf,848,2.30405,;inf,855,2.35413,;inf,860,2.4042,;inf,864,2.45428,;inf,869,2.50436,;inf,874,2.55444,;inf,878,2.60452,;inf,883,2.65461,;inf,889,2.70469,;inf,898,2.75477,;inf,901,2.80486,;inf,903,2.85494,;inf,910,2.90502,;inf,911,2.95509,;inf,915,3.00518,;inf,919,3.05525,;inf,923,3.10534,;inf,928,3.15542,;inf,936,3.2055,;inf,939,3.25558,;inf,947,3.30566,;inf,952,3.35575,;inf,954,3.40582,;inf,958,3.4559,;inf,964,3.50599,;inf,969,3.55607,;inf,971,3.60615,;inf,977,3.65623,;inf,980,3.70631,;inf,982,3.7564,;inf,989,3.80647,;inf,994,3.85655,;inf,996,3.90663,;inf,998,3.95672,;inf,1001,4.0068,;inf,1005,4.05688,;inf,1008,4.10697,;inf,1012,4.15705,;inf,1015,4.20712,;inf,1017,4.2572,;inf,1023,4.30728,;inf,1025,4.35738,;inf,1028,4.40745,;inf,1031,4.45754,;inf,1033,4.50761,;inf,1041,4.55769,;inf,1041,4.60777,;inf,1041,4.65782,;inf,1043,4.7079,;inf,1044,4.75799,;inf,1044,4.80807,;inf,1044,4.85815,;inf,1044,4.90823,;inf,1046,4.95831,;inf,1049,5.00839,;inf,1054,5.05848,;inf,1057,5.10856,;inf,1061,5.15864,;inf,1063,5.20873,;inf,1065,5.2588,;456.828681,1071,5.30889,;454.830232,1074,5.35899,;454.830232,1077,5.40908,;454.830232,1080,5.45916,;454.830232,1084,5.50924,;454.830232,1086,5.55933,;454.830232,1087,5.60945,;454.830232,1088,5.65955,;454.830232,1091,5.70966,;454.830232,1093,5.75978,;454.830232,1095,5.80987,;454.830232,1096,5.85998,;454.830232,1105,5.91005,;454.830232,1108,5.96014,;454.830232,1109,6.01023,;454.830232,1115,6.06035,;454.830232,1120,6.11043,;454.830232,1120,6.16054,;454.830232,1122,6.21064,;454.830232,1127,6.26075,;454.830232,1129,6.31087,;454.830232,1134,6.36099,;454.830232,1137,6.41111,;454.830232,1141,6.46122,;454.803494,1146,6.5113,;454.803494,1147,6.56139,;454.803494,1149,6.61147,;454.803494,1153,6.66156,;454.803494,1157,6.71164,;454.803494,1160,6.76172,;454.803494,1163,6.81181,;454.803494,1166,6.86189,;454.803494,1167,6.91199,;454.803494,1169,6.96207,;454.803494,1170,7.01216,;454.803494,1173,7.06224,;454.803494,1174,7.11232,;454.803494,1175,7.1624,;454.803494,1177,7.21251,;454.803494,1182,7.2626,;454.803494,1187,7.31268,;454.803494,1190,7.36278,;454.803494,1191,7.4129,;454.803494,1194,7.46298,;454.803494,1195,7.51308,;454.803494,1197,7.56317,;454.803494,1197,7.61329,;454.803494,1203,7.66338,;454.803494,1206,7.7135,;454.803494,1209,7.76362,;454.803494,1211,7.8137,;454.803494,1215,7.8638,;454.803494,1217,7.91388,;454.803494,1220,7.964,;454.803494,1223,8.01408,;454.803494,1225,8.06416,;454.803494,1226,8.11424,;454.803494,1228,8.16433,;454.803494,1232,8.21442,;454.803494,1234,8.2645,;454.803494,1239,8.31459,;454.803494,1240,8.36467,;454.803494,1244,8.41474,;454.803494,1245,8.46484,;454.803494,1249,8.51493,;454.803494,1252,8.56502,;454.803494,1255,8.61511,;454.803494,1256,8.66521,;454.803494,1260,8.71529,;454.803494,1262,8.76538,;454.803494,1263,8.81547,;454.803494,1266,8.86557,;454.803494,1267,8.91566,;454.803494,1272,8.96576,;454.803494,1275,9.01585,;454.803494,1279,9.06592,;454.803494,1283,9.11605,;454.803494,1287,9.16613,;454.803494,1290,9.21621,;454.803494,1293,9.26631,;454.803494,1295,9.31643,;454.803494,1298,9.3665,;454.803494,1302,9.41659,;454.803494,1305,9.46667,;454.803494,1309,9.51676,;454.803494,1310,9.56685,;454.803494,1311,9.61693,;454.803494,1313,9.66702,;454.803494,1315,9.71711,;454.803494,1317,9.76719,;454.803494,1320,9.81727,;454.803494,1321,9.86734,;454.803494,1325,9.91742,;454.803494,1327,9.96749,;454.803494,1328,10.0176,;
inf,321,0.0501122,;inf,368,0.100226,;inf,401,0.150342,;inf,436,0.200453,;inf,467,0.25054,;inf,492,0.30062,;inf,504,0.350703,;inf,520,0.4008,;inf,536,0.450873,;inf,549,0.500969,;inf,565,0.551066,;inf,595,0.60114,;inf,609,0.651226,;inf,623,0.701341,;inf,648,0.751434,;inf,661,0.801552,;inf,667,0.851625,;inf,675,0.901729,;inf,687,0.951858,;inf,698,1.00199,;inf,713,1.0521,;inf,735,1.10221,;inf,747,1.15232,;inf,749,1.20244,;inf,753,1.25256,;inf,763,1.30264,;inf,775,1.35276,;inf,778,1.40284,;inf,783,1.45296,;inf,788,1.50304,;inf,794,1.55316,;inf,807,1.60328,;inf,811,1.65341,;inf,816,1.70353,;inf,822,1.75364,;inf,829,1.80376,;inf,838,1.85387,;inf,841,1.90399,;inf,843,1.95411,;inf,851,2.00422,;inf,855,2.05433,;inf,862,2.10443,;inf,870,2.15456,;inf,874,2.20467,;inf,883,2.25475,;inf,885,2.30485,;inf,896,2.35493,;inf,901,2.40505,;inf,905,2.45513,;inf,909,2.50525,;inf,917,2.55533,;inf,921,2.60546,;inf,926,2.65553,;inf,929,2.70566,;inf,933,2.75575,;inf,936,2.80588,;inf,943,2.85596,;inf,945,2.90609,;inf,948,2.95619,;inf,951,3.00627,;inf,953,3.05636,;inf,955,3.10645,;inf,958,3.15653,;inf,966,3.20662,;inf,969,3.25672,;inf,973,3.30681,;inf,975,3.35693,;inf,977,3.40702,;inf,979,3.45711,;inf,981,3.50723,;inf,984,3.55734,;inf,985,3.60744,;inf,989,3.65756,;inf,991,3.70765,;inf,994,3.75774,;inf,996,3.80786,;inf,1002,3.85794,;inf,1007,3.90803,;inf,1015,3.95816,;inf,1015,4.00824,;inf,1016,4.05836,;inf,1019,4.10845,;inf,1021,4.15857,;inf,1029,4.20869,;inf,1036,4.25878,;inf,1038,4.30891,;inf,1047,4.35899,;inf,1052,4.4091,;inf,1055,4.4592,;inf,1056,4.50929,;inf,1058,4.55939,;inf,1062,4.60951,;inf,1066,4.6596,;inf,1069,4.70971,;inf,1075,4.75982,;inf,1079,4.8099,;inf,1084,4.86,;458.873458,1093,4.91012,;458.873458,1096,4.96024,;458.873458,1097,5.01036,;458.873458,1099,5.06046,;458.873458,1107,5.11055,;458.873458,1111,5.16069,;458.873458,1115,5.21072,;458.762561,1118,5.26082,;458.762561,1123,5.3109,;458.762561,1126,5.361,;458.762561,1133,5.41108,;456.982472,1137,5.46118,;456.982472,1142,5.51126,;456.982472,1143,5.56137,;456.982472,1146,5.61147,;456.982472,1148,5.66157,;456.982472,1152,5.71166,;456.982472,1156,5.76178,;456.982472,1158,5.81188,;456.982472,1162,5.86197,;456.982472,1172,5.91205,;456.049338,1174,5.96217,;456.049338,1175,6.01227,;456.049338,1180,6.06239,;456.049338,1182,6.11248,;456.049338,1190,6.1626,;456.049338,1195,6.21272,;456.049338,1197,6.2628,;456.049338,1200,6.31292,;456.049338,1207,6.363,;456.049338,1209,6.41314,;456.049338,1213,6.46324,;456.049338,1215,6.51336,;456.049338,1217,6.56346,;456.049338,1220,6.61359,;456.049338,1224,6.6637,;456.049338,1225,6.71379,;456.049338,1230,6.7639,;456.049338,1230,6.81398,;456.049338,1236,6.86409,;456.049338,1238,6.91421,;456.049338,1241,6.96433,;456.049338,1244,7.01444,;456.049338,1245,7.06456,;456.049338,1248,7.11468,;456.049338,1249,7.16475,;456.049338,1251,7.21483,;456.049338,1253,7.26495,;456.049338,1255,7.31505,;456.049338,1260,7.36517,;456.049338,1262,7.41526,;456.049338,1263,7.46539,;456.049338,1270,7.51548,;456.049338,1272,7.56562,;456.049338,1279,7.61571,;456.049338,1280,7.66583,;456.049338,1281,7.71591,;456.049338,1282,7.76603,;456.049338,1284,7.81612,;456.049338,1284,7.86624,;456.049338,1287,7.91636,;456.049338,1291,7.96648,;456.049338,1293,8.01661,;456.049338,1296,8.06671,;456.049338,1298,8.11685,;456.049338,1301,8.16694,;456.049338,1303,8.21707,;456.049338,1307,8.26716,;456.049338,1309,8.31728,;456.049338,1311,8.36738,;456.049338,1313,8.4175,;456.049338,1315,8.46762,;456.049338,1317,8.51775,;456.049338,1323,8.56787,;456.049338,1323,8.61799,;456.049338,1326,8.66811,;456.049338,1332,8.71823,;456.049338,1335,8.76835,;456.049338,1336,8.81844,;456.049338,1340,8.86854,;456.049338,1346,8.91866,;456.049338,1349,8.96878,;456.049338,1351,9.01887,;456.049338,1352,9.06898,;456.049338,1357,9.11908,;456.049338,1360,9.16921,;456.049338,1367,9.21933,;456.049338,1371,9.26945,;456.029980,1374,9.31955,;456.029980,1376,9.36968,;456.029980,1378,9.4198,;456.029980,1380,9.46993,;456.029980,1383,9.52005,;452.844007,1386,9.57017,;452.844007,1390,9.62029,;452.844007,1392,9.67042,;452.844007,1394,9.72054,;452.844007,1396,9.77067,;452.844007,1397,9.82075,;452.844007,1398,9.87077,;452.844007,1401,9.9209,;452.844007,1404,9.97098,;452.844007,1408,10.0211,;
inf,258,0.0500956,;inf,325,0.100207,;inf,370,0.150318,;inf,395,0.200433,;inf,422,0.250554,;inf,456,0.300661,;inf,480,0.35077,;inf,503,0.400848,;inf,530,0.45097,;inf,551,0.501066,;inf,575,0.551177,;inf,597,0.601265,;inf,610,0.651383,;inf,613,0.701472,;inf,628,0.75159,;inf,636,0.801696,;inf,647,0.851776,;inf,655,0.901869,;inf,661,0.951987,;inf,666,1.00208,;inf,677,1.05218,;inf,689,1.10226,;inf,699,1.15238,;inf,705,1.2025,;inf,714,1.25262,;inf,720,1.30271,;inf,729,1.35278,;inf,737,1.40286,;inf,744,1.45294,;inf,757,1.50306,;inf,771,1.55315,;inf,773,1.60326,;inf,780,1.65334,;inf,789,1.70346,;inf,791,1.75354,;inf,800,1.80364,;inf,802,1.8538,;inf,809,1.90388,;inf,818,1.95396,;inf,823,2.00404,;inf,826,2.05414,;inf,828,2.10423,;inf,831,2.15435,;inf,837,2.20443,;inf,841,2.25455,;inf,844,2.30467,;inf,853,2.35478,;inf,858,2.40486,;inf,865,2.45498,;inf,868,2.50506,;inf,873,2.55519,;inf,882,2.60527,;inf,888,2.65539,;inf,894,2.70548,;inf,897,2.75561,;inf,899,2.80572,;inf,910,2.8558,;inf,913,2.90589,;inf,917,2.95598,;inf,921,3.00606,;inf,926,3.05614,;inf,938,3.10622,;inf,946,3.1563,;inf,947,3.2064,;inf,951,3.25652,;inf,954,3.30664,;inf,957,3.35673,;inf,959,3.40681,;inf,963,3.45689,;inf,968,3.50701,;inf,973,3.5571,;inf,976,3.60723,;inf,978,3.65734,;inf,986,3.70746,;inf,990,3.75755,;inf,996,3.80767,;inf,1000,3.85778,;inf,1004,3.90787,;inf,1006,3.95796,;inf,1008,4.00808,;inf,1012,4.05819,;inf,1013,4.10831,;inf,1020,4.15839,;inf,1023,4.20851,;inf,1024,4.25863,;inf,1030,4.30874,;inf,1032,4.35886,;inf,1034,4.40894,;inf,1035,4.45902,;inf,1039,4.50912,;inf,1042,4.55924,;inf,1043,4.60933,;inf,1047,4.65945,;inf,1049,4.70953,;inf,1051,4.75963,;inf,1053,4.80975,;inf,1056,4.85983,;inf,1057,4.90992,;inf,1064,4.96005,;inf,1065,5.01015,;inf,1066,5.06024,;inf,1073,5.11034,;inf,1075,5.16044,;inf,1079,5.21053,;inf,1081,5.26066,;inf,1082,5.31078,;inf,1091,5.36086,;inf,1093,5.41098,;inf,1098,5.46107,;inf,1105,5.5112,;inf,1112,5.56129,;inf,1115,5.61141,;inf,1116,5.66149,;inf,1119,5.71161,;inf,1126,5.76171,;inf,1129,5.81183,;inf,1133,5.86192,;inf,1136,5.91204,;inf,1142,5.96214,;inf,1143,6.01225,;inf,1146,6.06237,;inf,1149,6.11249,;inf,1150,6.16261,;inf,1154,6.21274,;inf,1156,6.26286,;inf,1158,6.31298,;inf,1159,6.3631,;inf,1162,6.41319,;inf,1164,6.46331,;inf,1170,6.5134,;inf,1171,6.56357,;inf,1177,6.61366,;inf,1179,6.66376,;inf,1183,6.71385,;inf,1187,6.76397,;inf,1189,6.81409,;inf,1195,6.8642,;inf,1196,6.91432,;inf,1197,6.96444,;inf,1200,7.01457,;inf,1201,7.0647,;inf,1203,7.11482,;inf,1207,7.1649,;inf,1210,7.21502,;inf,1211,7.26511,;inf,1212,7.31522,;inf,1213,7.36532,;inf,1215,7.41541,;inf,1217,7.4655,;inf,1219,7.51562,;inf,1220,7.56571,;inf,1221,7.61581,;inf,1222,7.66591,;inf,1224,7.716,;inf,1228,7.76612,;inf,1229,7.81621,;inf,1230,7.86634,;inf,1233,7.91643,;inf,1234,7.96653,;inf,1235,8.01662,;inf,1237,8.06675,;inf,1244,8.11684,;inf,1251,8.16697,;inf,1259,8.21706,;inf,1262,8.26719,;inf,1271,8.31729,;inf,1272,8.36741,;inf,1275,8.41751,;inf,1277,8.46763,;inf,1278,8.51774,;inf,1281,8.56786,;inf,1284,8.61798,;inf,1285,8.6681,;inf,1288,8.71819,;inf,1290,8.76829,;inf,1295,8.81839,;inf,1296,8.86852,;inf,1301,8.91864,;inf,1303,8.96876,;inf,1305,9.01889,;inf,1306,9.06897,;inf,1309,9.1191,;455.300705,1322,9.1692,;455.300705,1324,9.21932,;455.300705,1328,9.26942,;455.300705,1329,9.31953,;455.300705,1332,9.36963,;455.300705,1332,9.41975,;455.300705,1336,9.46984,;455.300705,1337,9.51997,;455.300705,1343,9.5701,;455.300705,1344,9.62022,;455.300705,1350,9.67031,;455.300705,1351,9.72043,;455.300705,1355,9.77055,;455.300705,1356,9.82067,;455.300705,1357,9.87077,;455.300705,1359,9.92084,;455.300705,1359,9.97093,;455.300705,1365,10.021,;
inf,339,0.0500774,;inf,406,0.100159,;inf,457,0.150253,;inf,483,0.200346,;inf,514,0.250424,;inf,550,0.300495,;inf,576,0.350608,;inf,608,0.400692,;inf,625,0.45081,;inf,641,0.500918,;inf,664,0.551029,;inf,677,0.601102,;inf,699,0.651209,;inf,725,0.701291,;inf,732,0.751405,;inf,750,0.801492,;inf,773,0.851603,;inf,783,0.901687,;inf,791,0.951816,;inf,802,1.00191,;inf,812,1.05203,;inf,822,1.10214,;inf,827,1.15225,;478.773396,844,1.20236,;478.773396,854,1.25247,;478.706806,859,1.30259,;478.706806,867,1.35268,;478.636337,868,1.40279,;476.614054,877,1.45288,;476.614054,884,1.50298,;476.614054,888,1.55309,;476.614054,897,1.60321,;474.350714,905,1.65329,;474.350714,913,1.70341,;473.168477,924,1.75352,;473.168477,933,1.80363,;473.168477,943,1.85371,;473.168477,951,1.90383,;471.749664,955,1.95394,;471.749664,961,2.00405,;471.749664,970,2.05413,;471.749664,973,2.10425,;471.376337,976,2.15432,;471.376337,979,2.20444,;471.324836,985,2.25453,;471.324836,991,2.30462,;471.324836,995,2.35474,;470.999497,997,2.40484,;463.907906,1004,2.45491,;463.907906,1008,2.50499,;463.907906,1015,2.5551,;463.907906,1019,2.60518,;463.907906,1026,2.65526,;463.907906,1030,2.70536,;463.907906,1033,2.75543,;463.907906,1040,2.80553,;462.945536,1044,2.85564,;462.945536,1051,2.90573,;462.945536,1053,2.95581,;457.164618,1055,3.00592,;457.164618,1059,3.05603,;457.164618,1063,3.10612,;457.164618,1067,3.1562,;457.164618,1070,3.20627,;457.164618,1073,3.25639,;457.164618,1078,3.3065,;457.164618,1084,3.35662,;457.164618,1086,3.40674,;457.164618,1089,3.45685,;457.134540,1094,3.50696,;457.134540,1099,3.55704,;457.134540,1103,3.60715,;457.134540,1105,3.65727,;457.134540,1109,3.70734,;457.119208,1112,3.75743,;457.119208,1116,3.80751,;457.119208,1120,3.8576,;457.119208,1126,3.90777,;457.119208,1127,3.95786,;457.119208,1127,4.00798,;457.119208,1129,4.05806,;457.119208,1135,4.10819,;457.119208,1138,4.1583,;457.119208,1141,4.20844,;456.469114,1143,4.25855,;456.469114,1146,4.30867,;455.762575,1150,4.35875,;455.762575,1156,4.40889,;455.762575,1161,4.459,;455.762575,1164,4.50908,;455.762575,1168,4.55919,;455.762575,1171,4.60928,;455.762575,1174,4.65939,;455.762575,1175,4.70948,;455.762575,1177,4.75959,;455.762575,1183,4.80966,;455.762575,1186,4.85975,;455.762575,1188,4.90983,;455.762575,1193,4.95995,;455.762575,1196,5.01004,;455.762575,1197,5.06016,;455.762575,1199,5.11025,;455.762575,1200,5.16037,;455.762575,1204,5.21049,;455.762575,1205,5.26061,;455.502867,1208,5.3107,;455.502867,1213,5.36084,;455.502867,1215,5.41097,;455.487409,1218,5.46105,;455.487409,1220,5.51117,;455.487409,1222,5.56129,;455.487409,1226,5.6114,;455.487409,1230,5.6615,;455.487409,1232,5.71161,;455.122876,1235,5.76172,;455.122876,1238,5.81184,;455.122876,1240,5.86193,;455.122876,1243,5.91205,;455.122876,1244,5.96214,;455.122876,1248,6.01226,;455.122876,1249,6.06238,;455.122876,1254,6.11246,;455.122876,1256,6.16258,;455.122876,1258,6.2127,;455.101931,1259,6.26282,;455.101931,1261,6.31293,;455.101931,1265,6.36306,;455.101931,1266,6.41315,;455.101931,1267,6.46328,;455.101931,1270,6.51339,;455.101931,1275,6.56349,;453.707618,1276,6.61359,;453.707618,1279,6.66371,;453.707618,1281,6.71381,;453.707618,1283,6.76392,;453.707618,1285,6.81405,;453.707618,1287,6.86417,;453.707618,1290,6.91426,;453.707618,1291,6.96439,;453.707618,1294,7.0145,;453.707618,1298,7.06459,;453.707618,1302,7.11468,;453.707618,1305,7.16476,;453.707618,1307,7.21486,;453.707618,1309,7.26499,;453.707618,1311,7.31514,;453.707618,1313,7.36522,;453.707618,1317,7.41535,;453.707618,1319,7.46544,;453.707618,1322,7.51557,;453.707618,1326,7.56566,;453.707618,1329,7.61578,;453.707618,1333,7.66589,;453.707618,1336,7.71601,;453.707618,1338,7.76613,;453.707618,1346,7.81624,;453.707618,1351,7.86633,;453.707618,1353,7.91644,;453.707618,1355,7.96653,;453.707618,1359,8.01662,;453.707618,1361,8.06671,;453.707618,1363,8.11682,;453.707618,1366,8.1669,;453.707618,1370,8.21698,;453.707618,1372,8.2671,;453.707618,1375,8.31718,;453.707618,1375,8.36726,;453.707618,1375,8.41735,;452.434800,1377,8.46747,;452.434800,1379,8.51756,;452.434800,1381,8.56768,;452.434800,1384,8.61776,;452.434800,1387,8.66788,;452.434800,1391,8.718,;452.434800,1393,8.76811,;452.434800,1396,8.81819,;452.434800,1399,8.86831,;452.434800,1400,8.91839,;452.434800,1402,8.96848,;452.434800,1409,9.01861,;452.434800,1410,9.06873,;452.434800,1412,9.11889,;452.434800,1414,9.16896,;452.434800,1415,9.21905,;452.434800,1419,9.26916,;452.434800,1421,9.31929,;452.434800,1423,9.36939,;452.434800,1425,9.4195,;452.434800,1428,9.4696,;452.434800,1429,9.51972,;452.434800,1430,9.56982,;452.434800,1432,9.61991,;452.434800,1433,9.67002,;452.434800,1435,9.72014,;452.434800,1437,9.77025,;452.434800,1438,9.82037,;452.434800,1440,9.87049,;452.434800,1442,9.92061,;452.434800,1445,9.97069,;452.434800,1449,10.0208,;452.434800,1451,10.0709,;
inf,301,0.0500592,;inf,394,0.100184,;inf,436,0.150341,;inf,491,0.200424,;inf,545,0.250503,;inf,581,0.300589,;inf,607,0.350712,;inf,626,0.400828,;inf,646,0.450904,;inf,673,0.501018,;inf,684,0.551092,;inf,705,0.601206,;511.179414,716,0.651321,;508.441706,732,0.701407,;508.423071,751,0.751486,;501.113442,766,0.80157,;499.031620,777,0.851664,;495.399086,793,0.901804,;489.290661,805,0.951899,;489.290661,817,1.00198,;489.290661,829,1.0521,;489.290661,842,1.10218,;489.290661,853,1.1523,;489.290661,859,1.20239,;489.290661,864,1.25251,;489.290661,882,1.30259,;489.271667,890,1.35271,;489.271667,892,1.40279,;489.271667,892,1.45291,;473.390787,896,1.50303,;473.390787,902,1.55312,;473.390787,906,1.60324,;473.390787,912,1.65335,;473.390787,920,1.70347,;473.390787,925,1.75359,;473.390787,934,1.80368,;473.390787,936,1.85377,;473.390787,941,1.90385,;473.390787,944,1.95394,;473.390787,951,2.00406,;473.370525,957,2.05418,;472.934586,962,2.10429,;472.934586,965,2.1544,;472.934586,968,2.20449,;472.934586,973,2.2546,;472.934586,979,2.30472,;472.934586,987,2.35484,;472.934586,992,2.40496,;472.934586,997,2.45508,;472.934586,1002,2.5052,;472.934586,1010,2.55531,;472.934586,1014,2.60543,;472.934586,1018,2.65551,;472.934586,1024,2.70562,;472.934586,1028,2.75574,;472.934586,1033,2.80586,;472.934586,1038,2.85598,;472.934586,1043,2.90606,;472.934586,1047,2.95619,;472.934586,1049,3.00629,;472.934586,1058,3.0564,;472.934586,1061,3.10653,;472.934586,1065,3.15664,;472.934586,1068,3.20676,;471.764893,1073,3.25688,;471.764893,1075,3.307,;471.764893,1079,3.35711,;471.764893,1084,3.40723,;471.764893,1087,3.45735,;471.764893,1091,3.50747,;471.764893,1096,3.55759,;471.475089,1098,3.60767,;471.475089,1105,3.6578,;471.475089,1111,3.70792,;471.475089,1115,3.758,;471.475089,1118,3.8081,;471.475089,1121,3.85819,;471.475089,1125,3.90832,;471.475089,1126,3.95842,;471.475089,1128,4.00854,;471.475089,1132,4.05863,;471.475089,1134,4.10876,;471.475089,1140,4.1589,;471.475089,1143,4.20899,;471.263356,1145,4.25912,;471.263356,1146,4.30919,;470.950095,1152,4.35929,;470.568968,1155,4.40939,;470.568968,1160,4.45948,;470.568968,1163,4.50962,;470.568968,1167,4.55975,;470.568968,1170,4.60984,;470.568968,1171,4.65993,;470.568968,1175,4.71003,;470.568968,1178,4.76014,;470.568968,1181,4.81024,;470.568968,1187,4.86037,;470.568968,1190,4.91048,;470.568968,1191,4.96065,;470.568968,1194,5.01077,;470.568968,1200,5.06089,;470.568968,1202,5.11099,;470.568968,1204,5.16111,;470.568968,1206,5.21123,;470.568968,1211,5.26134,;470.568968,1213,5.31147,;470.568968,1215,5.36158,;470.568968,1220,5.4117,;470.568968,1220,5.46175,;469.891738,1222,5.51185,;469.891738,1224,5.56193,;469.891738,1226,5.61205,;469.891738,1227,5.66214,;469.891738,1232,5.71227,;469.891738,1232,5.76237,;469.891738,1235,5.81249,;469.891738,1237,5.86259,;469.891738,1238,5.91272,;469.891738,1241,5.96282,;469.891738,1241,6.01294,;469.891738,1241,6.06306,;468.748551,1245,6.11319,;468.748551,1247,6.16325,;468.748551,1251,6.21341,;468.748551,1252,6.2635,;468.748551,1253,6.31363,;468.748551,1257,6.36371,;468.748551,1259,6.4138,;468.748551,1262,6.4639,;468.748551,1262,6.51399,;468.748551,1266,6.56408,;468.748551,1269,6.61419,;468.748551,1271,6.66428,;468.748551,1273,6.71439,;468.748551,1275,6.76448,;468.748551,1280,6.81459,;468.748551,1281,6.86471,;468.748551,1281,6.91484,;468.748551,1283,6.96493,;468.748551,1287,7.01502,;468.748551,1288,7.06515,;468.748551,1291,7.11528,;468.748551,1292,7.16537,;468.748551,1293,7.2155,;468.748551,1294,7.26562,;468.748551,1295,7.31576,;468.748551,1298,7.36584,;468.748551,1300,7.41592,;468.748551,1304,7.46601,;468.748551,1309,7.51609,;468.748551,1312,7.56617,;468.748551,1316,7.61625,;468.748551,1317,7.66634,;468.748551,1319,7.71644,;468.748551,1322,7.76653,;468.748551,1324,7.81665,;468.748551,1326,7.86676,;468.748551,1326,7.91685,;468.748551,1328,7.96694,;468.748551,1330,8.01704,;468.748551,1331,8.06716,;468.748551,1335,8.11726,;468.748551,1337,8.16736,;468.748551,1343,8.21744,;468.748551,1346,8.26756,;468.748551,1347,8.31768,;468.748551,1348,8.36778,;468.748551,1349,8.41787,;468.748551,1351,8.468,;468.748551,1353,8.5181,;468.748551,1356,8.56823,;468.748551,1358,8.61831,;468.748551,1359,8.66839,;468.748551,1362,8.71848,;468.748551,1363,8.76856,;468.748551,1364,8.81864,;468.748551,1365,8.86873,;468.748551,1370,8.91881,;468.748551,1374,8.96889,;468.748551,1375,9.01897,;468.748551,1378,9.06905,;468.748551,1380,9.11913,;468.748551,1382,9.16922,;468.748551,1384,9.2193,;468.748551,1386,9.26938,;468.748551,1388,9.31947,;468.748551,1395,9.36952,;468.748551,1396,9.41964,;468.748551,1400,9.46976,;468.748551,1402,9.51986,;468.748551,1403,9.56995,;468.748551,1406,9.62007,;468.748551,1408,9.67016,;468.748551,1411,9.72028,;468.748551,1412,9.77038,;468.748551,1413,9.8205,;468.748551,1413,9.87058,;468.748551,1415,9.9207,;468.748551,1417,9.97079,;468.748551,1420,10.0209,;
inf,485,0.0500716,;inf,563,0.100161,;inf,617,0.150245,;inf,636,0.200326,;inf,682,0.250445,;inf,702,0.30056,;inf,722,0.350682,;inf,741,0.400795,;inf,763,0.450911,;inf,773,0.500998,;inf,787,0.551075,;inf,801,0.601182,;inf,810,0.651258,;inf,826,0.701371,;inf,833,0.751452,;inf,852,0.801566,;inf,859,0.851647,;inf,870,0.901762,;inf,877,0.951869,;inf,883,1.00195,;inf,894,1.05205,;inf,908,1.10217,;inf,919,1.15226,;inf,928,1.20234,;inf,934,1.25243,;inf,944,1.30255,;inf,949,1.35266,;inf,967,1.40276,;inf,975,1.45285,;inf,985,1.50298,;inf,995,1.55309,;inf,1003,1.60317,;inf,1009,1.65324,;inf,1015,1.70333,;inf,1020,1.75342,;inf,1025,1.8035,;inf,1034,1.85362,;inf,1044,1.90371,;inf,1051,1.95383,;inf,1061,2.00392,;inf,1067,2.05404,;inf,1073,2.10413,;inf,1079,2.15425,;inf,1085,2.20436,;inf,1094,2.25447,;inf,1098,2.30457,;inf,1104,2.35468,;inf,1114,2.40478,;inf,1119,2.45489,;inf,1122,2.50499,;inf,1128,2.55511,;inf,1136,2.60522,;inf,1141,2.65531,;inf,1154,2.70543,;inf,1159,2.75554,;inf,1167,2.80568,;inf,1171,2.85578,;inf,1177,2.90587,;inf,1183,2.95597,;inf,1187,3.00609,;495.856417,1197,3.05617,;495.856417,1199,3.10627,;495.335708,1210,3.15636,;495.335708,1213,3.20649,;495.335708,1220,3.25658,;495.335708,1225,3.30669,;492.830026,1229,3.3568,;492.830026,1235,3.40689,;492.830026,1238,3.45697,;492.830026,1247,3.50705,;492.670517,1258,3.55714,;492.670517,1264,3.60722,;488.017341,1272,3.65731,;488.017341,1277,3.70741,;488.017341,1284,3.7575,;488.017341,1288,3.8076,;487.535289,1293,3.8577,;487.535289,1301,3.9078,;487.535289,1306,3.95793,;487.535289,1309,4.00806,;487.535289,1311,4.05817,;487.513682,1318,4.10827,;487.513682,1324,4.15835,;487.513682,1327,4.2085,;487.513682,1332,4.25863,;486.844659,1338,4.30875,;486.844659,1344,4.35885,;486.673668,1346,4.40894,;486.673668,1349,4.45899,;486.673668,1354,4.50912,;485.782580,1366,4.55919,;485.782580,1368,4.60928,;485.782580,1374,4.65938,;484.693667,1380,4.7095,;484.693667,1385,4.7596,;484.693667,1393,4.80969,;484.693667,1399,4.8598,;484.693667,1402,4.90993,;484.693667,1404,4.96005,;484.693667,1406,5.01014,;484.693667,1410,5.0603,;484.693667,1413,5.11043,;484.693667,1418,5.16052,;484.693667,1421,5.21061,;484.693667,1424,5.26072,;484.693667,1427,5.31084,;472.166125,1433,5.36093,;472.166125,1438,5.41104,;472.166125,1442,5.46116,;472.166125,1448,5.51124,;472.166125,1449,5.56132,;472.166125,1453,5.61141,;472.166125,1456,5.66152,;472.166125,1461,5.71164,;472.166125,1464,5.76176,;472.166125,1466,5.81184,;472.166125,1469,5.86193,;472.166125,1474,5.91201,;472.166125,1479,5.9621,;472.166125,1482,6.01218,;472.166125,1484,6.06229,;472.166125,1488,6.11238,;472.166125,1490,6.16249,;472.166125,1492,6.21261,;472.166125,1496,6.26269,;472.166125,1498,6.31281,;472.166125,1500,6.36289,;472.166125,1504,6.41299,;472.166125,1510,6.46307,;472.166125,1517,6.51317,;472.166125,1519,6.56326,;472.166125,1525,6.61337,;472.166125,1527,6.66347,;472.166125,1529,6.71359,;472.166125,1531,6.76369,;472.166125,1535,6.81377,;472.166125,1541,6.8639,;472.166125,1544,6.91402,;472.166125,1546,6.96411,;472.166125,1548,7.01421,;472.166125,1553,7.06432,;472.166125,1556,7.11444,;471.383207,1559,7.16454,;471.383207,1563,7.21466,;471.383207,1566,7.26478,;471.383207,1570,7.3149,;471.383207,1571,7.36502,;471.383207,1574,7.41515,;471.383207,1578,7.46527,;471.383207,1580,7.51536,;471.383207,1583,7.56548,;471.383207,1588,7.61558,;471.383207,1593,7.66571,;471.383207,1596,7.71582,;471.383207,1600,7.76592,;471.383207,1602,7.81604,;471.383207,1606,7.86616,;471.383207,1616,7.91628,;471.383207,1622,7.9664,;471.383207,1624,8.01652,;471.383207,1630,8.06664,;471.383207,1632,8.11676,;471.063313,1638,8.16685,;471.063313,1640,8.21698,;471.063313,1642,8.26706,;471.063313,1644,8.31718,;471.063313,1647,8.36727,;471.063313,1650,8.4174,;471.063313,1654,8.46749,;471.063313,1657,8.51762,;471.063313,1661,8.56771,;471.063313,1665,8.61783,;471.063313,1670,8.66793,;471.063313,1673,8.71805,;471.063313,1675,8.76815,;471.063313,1677,8.81828,;471.063313,1681,8.86842,;471.063313,1684,8.91854,;471.063313,1686,8.96866,;471.063313,1690,9.01878,;471.063313,1692,9.06891,;471.063313,1696,9.11903,;471.063313,1700,9.16913,;471.063313,1703,9.21922,;471.063313,1707,9.26935,;471.063313,1709,9.31945,;471.063313,1714,9.36957,;471.063313,1720,9.41967,;471.063313,1723,9.46979,;471.063313,1726,9.51989,;471.063313,1728,9.56998,;466.142906,1731,9.62007,;466.142906,1736,9.67017,;466.142906,1739,9.72027,;466.142906,1742,9.77039,;466.142906,1744,9.82049,;466.142906,1747,9.87061,;465.466484,1753,9.92071,;465.466484,1757,9.97082,;465.466484,1761,10.0209,;
inf,253,0.0500691,;inf,302,0.10019,;inf,342,0.150299,;inf,390,0.200376,;inf,402,0.250464,;inf,421,0.300579,;inf,444,0.350691,;inf,470,0.400765,;inf,495,0.450842,;inf,501,0.500915,;inf,519,0.551026,;inf,533,0.601099,;inf,551,0.651207,;inf,569,0.701294,;inf,580,0.751419,;inf,607,0.801509,;inf,615,0.851623,;inf,626,0.901744,;inf,633,0.95186,;inf,638,1.00195,;inf,645,1.05207,;inf,655,1.10216,;inf,665,1.15228,;inf,679,1.2024,;inf,690,1.25251,;inf,700,1.30261,;inf,709,1.35272,;inf,717,1.40283,;inf,722,1.45291,;inf,726,1.50302,;inf,732,1.55309,;inf,735,1.60319,;inf,747,1.6533,;inf,755,1.70341,;inf,759,1.75348,;inf,767,1.80357,;inf,769,1.85366,;inf,772,1.90378,;inf,782,1.95385,;inf,794,2.00396,;inf,802,2.05407,;inf,804,2.10419,;inf,808,2.15427,;inf,809,2.20438,;inf,817,2.25446,;inf,821,2.30458,;inf,825,2.35469,;inf,829,2.4048,;inf,831,2.45492,;inf,834,2.50499,;inf,840,2.55507,;inf,846,2.60517,;inf,856,2.65528,;inf,859,2.70539,;inf,863,2.75549,;inf,867,2.80559,;inf,867,2.8557,;inf,868,2.90582,;inf,872,2.95593,;inf,879,3.00601,;inf,883,3.05613,;inf,888,3.10622,;inf,895,3.15633,;inf,896,3.20642,;inf,902,3.25655,;inf,908,3.30664,;inf,910,3.35676,;inf,912,3.40685,;inf,918,3.45694,;inf,920,3.50702,;inf,922,3.55711,;inf,924,3.60723,;inf,932,3.65731,;inf,933,3.70738,;inf,934,3.75746,;inf,940,3.80755,;inf,944,3.85764,;inf,948,3.90772,;inf,952,3.95783,;inf,957,4.00794,;inf,960,4.05806,;inf,964,4.10817,;inf,971,4.15829,;inf,976,4.20837,;inf,982,4.25845,;inf,989,4.30857,;inf,997,4.35868,;inf,1004,4.4088,;inf,1004,4.45892,;inf,1009,4.509,;inf,1012,4.55911,;inf,1020,4.6092,;inf,1025,4.65927,;inf,1027,4.70939,;inf,1029,4.75947,;inf,1034,4.80957,;inf,1040,4.85965,;inf,1044,4.90974,;inf,1048,4.95986,;inf,1051,5.00995,;inf,1054,5.06007,;inf,1058,5.11021,;inf,1062,5.16033,;inf,1066,5.21045,;inf,1069,5.26056,;inf,1071,5.31064,;inf,1078,5.36072,;inf,1082,5.4108,;inf,1085,5.46088,;inf,1089,5.51096,;inf,1092,5.56104,;inf,1095,5.61111,;inf,1095,5.66119,;inf,1097,5.71126,;inf,1101,5.76133,;inf,1102,5.81141,;inf,1104,5.86149,;inf,1107,5.91158,;inf,1109,5.96166,;inf,1113,6.01178,;inf,1114,6.06187,;inf,1117,6.11199,;inf,1119,6.16208,;inf,1123,6.2122,;inf,1127,6.26231,;inf,1134,6.31244,;inf,1136,6.36255,;inf,1139,6.41268,;inf,1142,6.46279,;inf,1144,6.51289,;inf,1147,6.56301,;inf,1150,6.61308,;inf,1152,6.66318,;inf,1155,6.7133,;inf,1159,6.7634,;inf,1161,6.81348,;inf,1166,6.86355,;inf,1169,6.91367,;inf,1170,6.96381,;inf,1171,7.0139,;inf,1178,7.06398,;inf,1183,7.11407,;inf,1186,7.16414,;inf,1187,7.21423,;inf,1188,7.2643,;inf,1193,7.31439,;inf,1194,7.36447,;inf,1197,7.41456,;inf,1199,7.46464,;inf,1203,7.51472,;inf,1207,7.5648,;inf,1209,7.6149,;inf,1211,7.66498,;inf,1214,7.71506,;inf,1216,7.76514,;inf,1223,7.81523,;inf,1225,7.86531,;inf,1230,7.9154,;inf,1234,7.96549,;inf,1239,8.01557,;inf,1243,8.06565,;inf,1246,8.11574,;inf,1249,8.16582,;inf,1251,8.21591,;inf,1255,8.266,;inf,1258,8.31608,;inf,1261,8.36616,;inf,1263,8.41625,;inf,1266,8.46633,;inf,1268,8.51642,;inf,1269,8.5665,;inf,1273,8.61659,;inf,1276,8.66667,;inf,1279,8.71675,;inf,1281,8.76684,;inf,1282,8.81692,;inf,1287,8.86701,;inf,1289,8.91709,;inf,1292,8.96718,;inf,1296,9.01726,;inf,1301,9.06735,;inf,1302,9.11743,;inf,1303,9.16752,;inf,1308,9.2176,;inf,1311,9.26769,;inf,1313,9.31777,;inf,1314,9.36785,;inf,1316,9.41794,;inf,1319,9.46802,;inf,1321,9.51811,;inf,1323,9.56819,;inf,1325,9.61828,;inf,1327,9.66837,;inf,1330,9.71846,;inf,1334,9.76854,;inf,1336,9.81863,;inf,1340,9.86871,;inf,1344,9.9188,;inf,1345,9.96889,;inf,1347,10.019,;inf,1348,10.0691,;
inf,423,0.0500722,;inf,499,0.100159,;inf,558,0.150245,;inf,629,0.200326,;inf,654,0.25044,;inf,670,0.300541,;inf,703,0.350631,;inf,731,0.400725,;inf,750,0.450808,;inf,761,0.500899,;inf,783,0.551015,;inf,802,0.601088,;inf,822,0.65116,;inf,831,0.701236,;inf,849,0.75135,;inf,873,0.801434,;inf,880,0.851529,;inf,892,0.901652,;inf,901,0.951794,;inf,910,1.00191,;inf,922,1.05203,;inf,938,1.10215,;inf,942,1.15223,;inf,949,1.20233,;inf,956,1.25244,;inf,960,1.30256,;inf,966,1.35265,;inf,973,1.40277,;inf,980,1.45287,;inf,989,1.50299,;inf,996,1.55307,;inf,1009,1.60315,;inf,1016,1.65323,;inf,1026,1.70335,;477.071216,1037,1.75346,;477.071216,1040,1.80358,;477.071216,1047,1.85366,;477.071216,1056,1.90378,;477.071216,1060,1.95387,;477.071216,1065,2.00397,;477.071216,1070,2.05405,;476.108799,1074,2.10413,;476.108799,1082,2.15424,;476.108799,1089,2.20432,;474.821900,1095,2.2544,;474.591701,1098,2.30449,;474.591701,1105,2.35462,;474.591701,1109,2.4047,;474.591701,1111,2.45482,;474.591701,1119,2.50492,;474.591701,1126,2.55501,;474.591701,1131,2.6051,;474.591701,1137,2.65525,;474.591701,1143,2.70534,;473.931458,1150,2.75539,;473.931458,1155,2.80548,;473.931458,1158,2.85556,;473.931458,1161,2.90566,;473.931458,1169,2.95575,;473.931458,1171,3.00584,;473.874940,1176,3.05593,;473.874940,1185,3.10603,;473.874940,1189,3.15612,;473.874940,1192,3.20621,;473.874940,1198,3.2563,;473.874940,1204,3.30643,;473.874940,1209,3.35651,;473.874940,1214,3.40663,;473.874940,1218,3.45672,;473.874940,1224,3.50681,;473.874940,1230,3.5569,;473.795893,1234,3.60699,;473.795893,1240,3.65708,;473.795893,1243,3.70717,;473.795893,1246,3.75727,;473.795893,1255,3.80737,;473.795893,1258,3.85747,;473.795893,1263,3.90756,;473.795893,1266,3.95769,;473.754204,1268,4.00779,;473.754204,1268,4.05791,;473.754204,1268,4.10799,;473.754204,1268,4.15811,;466.344339,1269,4.20819,;466.344339,1271,4.25832,;466.344339,1279,4.30841,;466.344339,1282,4.35849,;466.344339,1285,4.40858,;466.344339,1289,4.45869,;466.344339,1291,4.50879,;466.344339,1292,4.55891,;466.344339,1295,4.609,;466.344339,1298,4.65912,;466.344339,1301,4.70921,;466.344339,1305,4.75934,;466.344339,1311,4.80943,;466.344339,1316,4.85956,;466.344339,1317,4.90966,;466.344339,1321,4.95976,;466.344339,1325,5.00984,;466.344339,1327,5.05996,;466.344339,1330,5.11009,;466.344339,1332,5.16022,;466.344339,1334,5.2103,;466.344339,1336,5.26039,;466.344339,1337,5.31051,;466.344339,1341,5.3606,;466.274871,1343,5.4107,;466.274871,1345,5.4608,;466.274871,1348,5.5109,;466.274871,1353,5.561,;466.274871,1358,5.61113,;466.274871,1359,5.66126,;466.274871,1364,5.71137,;466.274871,1365,5.76149,;466.274871,1366,5.81158,;466.274871,1367,5.86167,;466.274871,1371,5.91175,;466.274871,1376,5.96188,;466.274871,1377,6.01201,;466.274871,1380,6.06208,;466.274871,1380,6.11218,;466.274871,1383,6.16226,;466.274871,1384,6.21235,;466.274871,1387,6.26243,;466.274871,1389,6.31256,;466.274871,1390,6.36272,;466.274871,1392,6.41281,;466.274871,1394,6.46293,;466.254251,1396,6.51303,;464.837781,1398,6.56314,;464.837781,1402,6.61325,;464.837781,1404,6.66333,;464.837781,1408,6.71342,;464.837781,1408,6.76349,;464.837781,1408,6.81361,;464.837781,1408,6.86369,;464.837781,1408,6.91377,;464.837781,1408,6.96394,;464.015524,1411,7.01406,;464.015524,1411,7.06415,;464.015524,1413,7.11427,;464.015524,1417,7.16435,;464.015524,1424,7.21443,;464.015524,1426,7.26453,;464.015524,1426,7.31467,;464.015524,1426,7.36476,;464.015524,1426,7.41484,;463.064858,1427,7.46493,;463.064858,1432,7.51501,;463.064858,1433,7.56509,;463.064858,1435,7.61517,;463.064858,1436,7.66525,;463.064858,1438,7.71534,;463.064858,1440,7.76542,;463.064858,1442,7.8155,;463.064858,1445,7.86559,;463.064858,1447,7.91567,;463.064858,1448,7.96575,;463.064858,1452,8.01584,;463.064858,1458,8.06592,;463.064858,1459,8.11601,;463.064858,1460,8.1661,;463.064858,1461,8.21618,;463.064858,1464,8.26627,;463.064858,1469,8.31635,;463.064858,1472,8.36643,;463.064858,1474,8.41652,;463.064858,1477,8.46661,;463.064858,1478,8.51671,;463.064858,1481,8.56684,;463.064858,1486,8.61694,;463.064858,1490,8.66706,;463.064858,1491,8.71716,;463.064858,1494,8.76728,;463.064858,1495,8.81738,;463.064858,1498,8.8675,;463.064858,1498,8.9176,;462.980181,1500,8.96772,;462.980181,1502,9.01784,;462.980181,1504,9.06794,;462.980181,1505,9.11807,;462.980181,1506,9.1682,;462.980181,1508,9.21829,;462.980181,1509,9.26838,;462.980181,1513,9.31851,;462.980181,1516,9.36861,;462.980181,1516,9.41874,;462.980181,1517,9.46885,;462.980181,1519,9.51897,;462.980181,1520,9.56906,;462.980181,1523,9.61914,;462.980181,1523,9.66924,;462.980181,1528,9.71933,;462.980181,1529,9.76944,;462.980181,1530,9.81956,;462.980181,1532,9.86968,;462.980181,1533,9.91981,;462.980181,1534,9.96993,;462.980181,1535,10.0201,;462.980181,1539,10.0702,;
inf,300,0.0500662,;inf,368,0.100156,;inf,404,0.150243,;inf,434,0.200328,;inf,467,0.250416,;478.303055,498,0.300499,;478.093945,512,0.350546,;478.093945,521,0.400616,;478.093945,538,0.450736,;478.093945,554,0.500818,;477.124398,567,0.550916,;476.834303,574,0.601005,;476.834303,581,0.651096,;476.834303,588,0.701184,;476.834303,588,0.751278,;476.834303,588,0.801413,;476.834303,588,0.85153,;476.834303,588,0.901615,;476.834303,588,0.951734,;471.323788,597,1.00186,;471.323788,605,1.05195,;471.323788,611,1.10206,;468.884584,622,1.15214,;467.496809,633,1.20226,;467.496809,641,1.25235,;467.496809,652,1.30246,;467.496809,658,1.35255,;467.496809,665,1.40266,;467.496809,676,1.45278,;467.496809,676,1.50286,;467.235956,684,1.55295,;459.494489,696,1.60306,;459.494489,705,1.65314,;459.494489,709,1.70322,;459.494489,716,1.75332,;459.494489,725,1.80341,;459.494489,731,1.85349,;459.494489,738,1.90358,;459.494489,744,1.95367,;459.494489,750,2.00376,;459.494489,758,2.05385,;459.494489,764,2.10393,;459.494489,770,2.15401,;459.494489,773,2.20409,;459.494489,778,2.25417,;459.494489,780,2.30425,;457.988660,783,2.35434,;457.988660,791,2.40443,;457.988660,795,2.45452,;457.988660,804,2.5046,;457.988660,808,2.55468,;457.988660,813,2.60478,;457.988660,818,2.65487,;457.988660,822,2.70495,;457.988660,828,2.75503,;456.155948,831,2.80512,;456.155948,834,2.8552,;456.155948,842,2.90529,;456.155948,845,2.95537,;456.155948,853,3.00546,;456.155948,856,3.05555,;456.155948,864,3.10565,;456.155948,870,3.15574,;456.155948,870,3.20583,;454.164759,871,3.25594,;454.164759,880,3.30603,;454.164759,885,3.35612,;454.164759,890,3.40621,;454.164759,891,3.45629,;454.164759,895,3.50638,;451.954233,899,3.55647,;451.954233,901,3.60655,;451.954233,904,3.65674,;451.954233,908,3.70686,;451.954233,912,3.75694,;451.954233,915,3.80702,;451.954233,917,3.85714,;451.954233,920,3.90722,;451.954233,925,3.95734,;451.954233,927,4.00746,;451.954233,932,4.05756,;451.954233,935,4.10768,;451.954233,938,4.15777,;451.954233,941,4.20785,;451.954233,944,4.25796,;451.954233,948,4.30804,;451.921049,955,4.35819,;451.921049,957,4.40828,;451.921049,959,4.45842,;451.921049,961,4.50851,;451.921049,962,4.55864,;451.921049,965,4.60873,;451.921049,966,4.65885,;451.921049,969,4.70894,;451.921049,970,4.75901,;451.921049,972,4.80908,;451.921049,975,4.8592,;451.921049,978,4.90928,;451.921049,981,4.95945,;451.921049,985,5.00954,;451.921049,988,5.05962,;451.921049,990,5.10971,;451.921049,992,5.15976,;451.921049,996,5.20985,;451.921049,999,5.25993,;451.921049,1004,5.31001,;451.879467,1007,5.36009,;451.879467,1010,5.41017,;451.879467,1012,5.46027,;451.879467,1015,5.51039,;451.879467,1017,5.56047,;451.879467,1019,5.61059,;451.879467,1021,5.66069,;451.879467,1024,5.7108,;451.879467,1025,5.7609,;451.879467,1027,5.81099,;451.879467,1030,5.86107,;450.988313,1031,5.91119,;450.988313,1033,5.9613,;450.988313,1035,6.01142,;450.988313,1038,6.06151,;450.988313,1040,6.11161,;450.988313,1043,6.16172,;450.988313,1044,6.21178,;450.988313,1046,6.26189,;450.988313,1048,6.31197,;450.988313,1051,6.36212,;450.988313,1052,6.41222,;450.988313,1053,6.46234,;450.973859,1055,6.51244,;450.973859,1057,6.56256,;450.973859,1062,6.61265,;450.973859,1065,6.66275,;450.973859,1068,6.71285,;450.973859,1068,6.76296,;450.973859,1070,6.81305,;450.973859,1074,6.86318,;450.973859,1077,6.91327,;450.973859,1078,6.96338,;450.973859,1084,7.0135,;450.973859,1092,7.06362,;450.973859,1093,7.11373,;450.973859,1094,7.16382,;450.973859,1098,7.21394,;450.973859,1099,7.26406,;450.973859,1100,7.31418,;450.973859,1102,7.36429,;450.973859,1104,7.41441,;450.973859,1106,7.46453,;450.973859,1108,7.51465,;450.973859,1110,7.56474,;450.973859,1111,7.61486,;450.973859,1114,7.66496,;450.973859,1120,7.71508,;450.973859,1123,7.7652,;450.973859,1127,7.81531,;450.973859,1129,7.86543,;450.973859,1132,7.91557,;450.973859,1133,7.96569,;450.973859,1136,8.01576,;450.973859,1137,8.06585,;450.973859,1141,8.11593,;450.973859,1143,8.16606,;450.973859,1146,8.21614,;450.973859,1149,8.26623,;450.973859,1151,8.31631,;450.973859,1157,8.3664,;450.973859,1160,8.41648,;450.973859,1163,8.46657,;450.973859,1165,8.51666,;450.973859,1169,8.56676,;450.973859,1171,8.61685,;450.973859,1173,8.66695,;450.973859,1177,8.71704,;450.973859,1179,8.76714,;450.973859,1181,8.81722,;450.973859,1183,8.86733,;450.973859,1186,8.91742,;450.973859,1189,8.96752,;450.973859,1193,9.01764,;450.973859,1198,9.06772,;450.973859,1200,9.11783,;450.973859,1202,9.16792,;450.973859,1203,9.21803,;450.973859,1205,9.26813,;450.973859,1206,9.31825,;450.973859,1207,9.36835,;450.973859,1208,9.41846,;450.973859,1214,9.46856,;450.973859,1216,9.51868,;450.973859,1217,9.56876,;450.973859,1219,9.61888,;450.973859,1221,9.66898,;450.973859,1222,9.71907,;450.973859,1226,9.76917,;450.973859,1230,9.81929,;450.973859,1233,9.86941,;450.973859,1235,9.91954,;450.973859,1236,9.96966,;450.973859,1239,10.0198,;450.973859,1240,10.0698,;450.973859,1240,10.1199,;450.973859,1240,10.17,;
inf,304,0.0500698,;inf,364,0.100147,;inf,408,0.150252,;inf,441,0.200321,;inf,472,0.250432,;inf,508,0.300515,;inf,528,0.350628,;inf,540,0.400715,;inf,560,0.450757,;inf,576,0.500849,;inf,600,0.550978,;inf,620,0.60109,;inf,642,0.651167,;inf,656,0.701239,;inf,665,0.751322,;inf,680,0.801417,;inf,690,0.851512,;inf,697,0.901633,;inf,714,0.951721,;inf,726,1.00185,;inf,740,1.05192,;inf,747,1.10204,;inf,748,1.15208,;inf,753,1.20215,;inf,775,1.25222,;inf,778,1.30231,;inf,782,1.35239,;inf,794,1.40246,;inf,799,1.45254,;inf,811,1.50265,;inf,816,1.55274,;inf,823,1.60286,;inf,831,1.65294,;inf,837,1.70306,;inf,839,1.75315,;inf,847,1.80327,;inf,852,1.85334,;inf,858,1.90342,;inf,870,1.95354,;inf,875,2.00361,;inf,877,2.05372,;inf,881,2.10381,;inf,892,2.15389,;inf,896,2.20398,;inf,906,2.25414,;inf,908,2.30421,;inf,914,2.35433,;inf,917,2.40441,;inf,924,2.45449,;inf,929,2.50458,;inf,933,2.55469,;inf,935,2.60477,;inf,940,2.65487,;inf,950,2.70496,;inf,953,2.75508,;inf,956,2.80517,;inf,960,2.85525,;inf,964,2.90533,;inf,976,2.95541,;inf,982,3.00553,;inf,985,3.05565,;inf,992,3.10576,;inf,997,3.15584,;inf,1001,3.20591,;inf,1002,3.25599,;inf,1005,3.30612,;inf,1007,3.35621,;inf,1008,3.40628,;inf,1011,3.45637,;inf,1013,3.50646,;inf,1019,3.55656,;inf,1021,3.60668,;inf,1027,3.65677,;inf,1033,3.7069,;inf,1040,3.75701,;inf,1046,3.80712,;inf,1047,3.8572,;inf,1056,3.90729,;inf,1068,3.95737,;inf,1069,4.00746,;inf,1072,4.05758,;inf,1078,4.10767,;inf,1083,4.15776,;inf,1090,4.20784,;inf,1095,4.25795,;inf,1099,4.30808,;inf,1102,4.3582,;inf,1104,4.40828,;inf,1106,4.45836,;inf,1109,4.50845,;inf,1116,4.55856,;inf,1119,4.60865,;inf,1122,4.65873,;inf,1129,4.70882,;inf,1130,4.75892,;inf,1140,4.80901,;inf,1153,4.85911,;inf,1157,4.90919,;inf,1161,4.9593,;inf,1163,5.00939,;inf,1165,5.05952,;inf,1168,5.10963,;inf,1171,5.15973,;inf,1176,5.20986,;inf,1182,5.25997,;inf,1183,5.31008,;inf,1186,5.36016,;inf,1188,5.41027,;inf,1188,5.46036,;inf,1189,5.51045,;inf,1200,5.56052,;inf,1203,5.6106,;inf,1206,5.66071,;inf,1210,5.71082,;inf,1211,5.7609,;inf,1213,5.81103,;inf,1215,5.86112,;inf,1217,5.91121,;inf,1218,5.96131,;inf,1224,6.01144,;inf,1226,6.06156,;inf,1232,6.11166,;inf,1240,6.16175,;inf,1243,6.21184,;inf,1244,6.26195,;inf,1249,6.31204,;inf,1253,6.36214,;inf,1257,6.41222,;inf,1263,6.46231,;inf,1268,6.51241,;inf,1269,6.56252,;inf,1273,6.61261,;inf,1277,6.66269,;inf,1278,6.71284,;inf,1281,6.76297,;inf,1286,6.81308,;inf,1288,6.86321,;inf,1292,6.91332,;inf,1294,6.96344,;inf,1300,7.01353,;inf,1302,7.06364,;inf,1307,7.11373,;inf,1308,7.16385,;inf,1311,7.21394,;inf,1314,7.26404,;inf,1317,7.31416,;inf,1319,7.36428,;inf,1320,7.41439,;inf,1322,7.46447,;inf,1323,7.51459,;inf,1325,7.56467,;inf,1327,7.6148,;inf,1330,7.66489,;inf,1331,7.71501,;inf,1336,7.7651,;inf,1338,7.81522,;inf,1343,7.86533,;inf,1344,7.91545,;inf,1346,7.96558,;inf,1351,8.0157,;inf,1352,8.06578,;inf,1360,8.11589,;inf,1363,8.166,;inf,1368,8.21608,;inf,1369,8.26616,;inf,1370,8.31624,;inf,1373,8.36636,;inf,1374,8.41645,;inf,1378,8.46658,;inf,1381,8.51666,;inf,1385,8.56679,;inf,1387,8.61689,;inf,1390,8.66701,;inf,1391,8.71708,;inf,1396,8.76719,;inf,1402,8.81727,;inf,1403,8.86739,;inf,1405,8.91747,;inf,1407,8.96759,;inf,1412,9.01767,;inf,1413,9.06778,;inf,1415,9.11788,;inf,1416,9.168,;inf,1422,9.21812,;inf,1426,9.26819,;inf,1429,9.31827,;inf,1430,9.36836,;inf,1433,9.41848,;inf,1434,9.46857,;inf,1437,9.51866,;inf,1439,9.56875,;inf,1442,9.61887,;inf,1444,9.66902,;inf,1448,9.71913,;inf,1449,9.76922,;inf,1449,9.81931,;inf,1456,9.86942,;inf,1457,9.91954,;inf,1458,9.96966,;inf,1459,10.0197,;inf,1460,10.0698,;
inf,324,0.0500746,;inf,384,0.100194,;inf,413,0.150283,;inf,443,0.200393,;inf,471,0.250504,;inf,499,0.30061,;inf,523,0.350697,;inf,547,0.400812,;inf,560,0.4509,;inf,579,0.501024,;inf,595,0.551135,;inf,606,0.601244,;inf,624,0.651317,;inf,635,0.701424,;inf,647,0.7515,;inf,659,0.801603,;inf,675,0.851687,;inf,687,0.901763,;inf,699,0.951842,;inf,704,1.00192,;inf,710,1.05199,;inf,725,1.10206,;inf,736,1.15213,;inf,740,1.2022,;inf,747,1.25227,;inf,752,1.30235,;inf,762,1.35246,;inf,777,1.40254,;inf,790,1.45261,;inf,799,1.50268,;inf,805,1.55275,;inf,809,1.60282,;inf,813,1.6529,;inf,822,1.70299,;inf,831,1.75313,;inf,841,1.80321,;inf,851,1.8533,;inf,857,1.9034,;inf,863,1.95348,;inf,868,2.00364,;inf,873,2.05376,;inf,876,2.10388,;inf,887,2.154,;inf,892,2.20412,;inf,901,2.25424,;inf,907,2.30435,;inf,911,2.35445,;inf,913,2.40456,;inf,918,2.45466,;inf,923,2.50477,;inf,928,2.55489,;inf,932,2.605,;inf,936,2.65507,;inf,942,2.70515,;inf,947,2.75521,;inf,951,2.80529,;inf,959,2.85538,;inf,965,2.90548,;inf,971,2.95556,;inf,979,3.00565,;inf,982,3.05572,;inf,983,3.10579,;inf,988,3.15587,;inf,994,3.20597,;inf,997,3.25608,;inf,1000,3.30617,;inf,1010,3.35625,;inf,1013,3.40633,;inf,1016,3.45643,;inf,1017,3.50653,;inf,1023,3.55663,;inf,1029,3.60672,;inf,1032,3.65682,;inf,1035,3.70691,;inf,1039,3.75699,;inf,1041,3.80708,;inf,1047,3.85718,;inf,1048,3.90727,;inf,1050,3.95735,;inf,1053,4.00743,;inf,1059,4.05752,;inf,1067,4.10761,;inf,1069,4.1577,;inf,1074,4.20779,;inf,1077,4.25788,;inf,1078,4.30797,;inf,1080,4.35806,;inf,1088,4.40816,;inf,1091,4.45825,;inf,1095,4.50834,;inf,1096,4.55844,;inf,1101,4.60854,;inf,1103,4.65863,;inf,1105,4.70873,;inf,1107,4.75882,;inf,1108,4.80892,;inf,1113,4.85904,;inf,1119,4.90917,;479.789785,1121,4.95926,;479.789785,1125,5.00936,;479.789785,1132,5.05944,;479.789785,1136,5.10953,;479.789785,1137,5.15965,;479.789785,1140,5.20974,;479.789785,1146,5.25982,;479.789785,1151,5.30992,;479.789785,1155,5.36,;479.789785,1158,5.41009,;479.789785,1160,5.46018,;479.789785,1165,5.51027,;479.789785,1168,5.56036,;479.789785,1168,5.61044,;479.789785,1170,5.66055,;479.789785,1174,5.71064,;479.789785,1177,5.76074,;479.789785,1178,5.81083,;479.789785,1179,5.86092,;479.789785,1183,5.91101,;479.789785,1185,5.96113,;479.789785,1186,6.01123,;479.789785,1186,6.06136,;474.384689,1191,6.11147,;474.384689,1195,6.16156,;468.063386,1199,6.21169,;468.063386,1201,6.26178,;468.063386,1205,6.3119,;468.063386,1210,6.362,;468.063386,1212,6.41212,;468.063386,1213,6.46223,;468.063386,1216,6.51236,;468.063386,1217,6.56246,;468.063386,1223,6.61259,;466.672779,1226,6.66267,;466.672779,1228,6.71276,;466.672779,1229,6.76286,;466.672779,1234,6.81295,;466.672779,1239,6.86304,;466.672779,1241,6.91314,;466.672779,1245,6.96322,;466.672779,1245,7.01332,;466.672779,1247,7.06341,;466.672779,1253,7.11349,;466.672779,1255,7.16357,;466.672779,1257,7.21367,;466.672779,1259,7.26375,;466.672779,1263,7.31384,;466.672779,1266,7.36393,;466.672779,1272,7.41402,;466.672779,1274,7.46412,;466.672779,1276,7.51421,;466.672779,1280,7.5643,;466.672779,1284,7.61439,;466.672779,1285,7.66447,;466.672779,1286,7.71456,;466.672779,1290,7.76466,;466.672779,1295,7.81474,;466.672779,1295,7.86483,;466.672779,1297,7.91492,;466.672779,1297,7.96501,;466.672779,1302,8.01511,;466.672779,1303,8.06521,;466.672779,1308,8.1153,;466.672779,1311,8.1654,;466.672779,1315,8.2155,;466.672779,1321,8.26559,;466.672779,1324,8.3157,;466.672779,1325,8.36582,;466.672779,1327,8.41596,;466.672779,1334,8.46607,;466.672779,1337,8.51619,;466.672779,1339,8.5663,;466.672779,1340,8.61641,;466.672779,1344,8.66651,;466.672779,1347,8.71662,;466.672779,1352,8.76671,;466.672779,1354,8.81683,;466.672779,1355,8.86694,;466.672779,1358,8.91706,;466.672779,1361,8.96718,;466.672779,1366,9.01727,;466.672779,1368,9.06739,;466.672779,1370,9.1175,;466.672779,1373,9.16762,;466.672779,1374,9.2177,;466.672779,1377,9.26782,;466.672779,1377,9.31791,;466.672779,1381,9.368,;466.672779,1383,9.41809,;466.672779,1387,9.46822,;466.672779,1390,9.51832,;466.672779,1392,9.5684,;466.672779,1394,9.61852,;466.672779,1395,9.66865,;466.672779,1398,9.71878,;466.672779,1399,9.76887,;466.672779,1401,9.819,;466.672779,1404,9.86911,;466.672779,1408,9.91923,;466.672779,1409,9.96935,;
inf,261,0.050074,;inf,335,0.100184,;inf,383,0.150271,;491.853890,430,0.200381,;490.387407,452,0.250461,;490.010182,479,0.300555,;487.863365,500,0.350675,;487.863365,525,0.400756,;485.356741,542,0.450845,;485.356741,563,0.500921,;485.356741,574,0.551005,;485.356741,582,0.601082,;485.176091,597,0.651163,;485.029434,607,0.701249,;485.029434,624,0.751337,;483.312476,636,0.801416,;483.312476,647,0.851502,;483.312476,647,0.901597,;482.018770,658,0.951698,;482.018770,666,1.00177,;482.018770,669,1.05189,;482.018770,679,1.10197,;480.213840,687,1.15205,;480.213840,691,1.20212,;480.213840,691,1.25219,;479.789928,698,1.30228,;479.789928,705,1.35237,;479.776729,708,1.40253,;479.776729,716,1.45265,;479.776729,721,1.50274,;479.776729,721,1.55285,;473.369771,723,1.60297,;473.369771,728,1.65305,;473.369771,734,1.70317,;473.369771,735,1.75329,;471.677648,745,1.80341,;471.677648,748,1.85352,;471.291334,751,1.90364,;471.291334,755,1.95376,;463.301376,758,2.00387,;463.301376,764,2.054,;463.301376,765,2.10409,;463.301376,769,2.1542,;462.822333,772,2.20431,;462.822333,779,2.25443,;462.822333,788,2.30454,;462.822333,798,2.35463,;462.822333,805,2.40471,;462.822333,806,2.45484,;462.822333,810,2.50495,;462.797382,815,2.55504,;462.797382,820,2.60513,;462.797382,822,2.65526,;462.797382,826,2.70537,;462.797382,827,2.75544,;462.797382,833,2.80553,;462.797382,835,2.85562,;462.797382,837,2.90572,;462.797382,841,2.95583,;462.797382,845,3.00593,;462.797382,848,3.05601,;462.697477,854,3.10614,;462.697477,855,3.15626,;462.697477,860,3.20635,;462.697477,863,3.25646,;462.697477,867,3.30658,;462.697477,867,3.35665,;462.580485,871,3.40677,;462.580485,873,3.45689,;462.580485,878,3.50697,;462.580485,880,3.55705,;462.580485,886,3.60717,;462.034086,890,3.65729,;462.034086,895,3.70736,;462.034086,899,3.75744,;462.034086,904,3.80755,;462.034086,907,3.85764,;462.034086,910,3.9078,;462.034086,915,3.95788,;462.034086,917,4.008,;462.034086,921,4.05808,;462.034086,927,4.10821,;462.034086,930,4.1583,;461.935548,931,4.20838,;461.935548,934,4.25849,;461.935548,936,4.30859,;461.935548,936,4.35871,;460.589456,939,4.40879,;460.589456,944,4.4589,;460.589456,944,4.50897,;460.589456,947,4.55906,;460.589456,947,4.60916,;460.589456,952,4.65926,;460.589456,954,4.70934,;460.589456,956,4.75944,;460.589456,956,4.80953,;460.051157,959,4.85965,;460.051157,961,4.90974,;460.051157,961,4.95982,;460.051157,963,5.00991,;460.051157,967,5.06005,;460.051157,967,5.11014,;459.879406,969,5.16023,;459.879406,969,5.21033,;459.879406,970,5.2605,;459.879406,972,5.31059,;459.879406,975,5.36071,;459.879406,977,5.4108,;459.879406,982,5.46091,;459.879406,986,5.51099,;459.879406,987,5.56108,;459.879406,988,5.61116,;459.879406,990,5.66121,;459.879406,993,5.71132,;459.879406,993,5.7614,;459.879406,999,5.81152,;459.879406,1002,5.86161,;459.879406,1004,5.91174,;459.879406,1006,5.96181,;459.879406,1008,6.01191,;459.879406,1009,6.062,;459.879406,1009,6.11212,;457.930909,1011,6.16221,;457.930909,1011,6.21233,;457.724640,1014,6.26242,;457.724640,1018,6.31255,;457.724640,1022,6.36265,;457.724640,1023,6.41275,;457.724640,1025,6.46287,;457.724640,1028,6.51295,;457.724640,1031,6.56306,;457.724640,1032,6.61318,;457.724640,1032,6.66331,;457.724640,1032,6.71339,;457.724640,1034,6.76351,;457.649022,1035,6.8136,;457.649022,1038,6.86372,;457.649022,1040,6.9138,;457.649022,1042,6.96391,;457.456115,1043,7.01401,;457.456115,1046,7.06412,;454.929090,1048,7.11422,;454.929090,1050,7.16433,;454.929090,1052,7.21444,;454.929090,1054,7.26456,;454.825339,1058,7.31468,;454.825339,1059,7.36479,;454.825339,1062,7.41486,;454.825339,1065,7.46495,;454.825339,1066,7.51504,;454.825339,1067,7.56514,;454.825339,1068,7.61523,;454.825339,1068,7.66534,;454.825339,1069,7.71541,;454.781453,1070,7.76551,;454.781453,1073,7.81561,;454.781453,1074,7.8657,;454.781453,1076,7.91579,;454.781453,1081,7.96591,;454.781453,1082,8.01599,;454.781453,1085,8.0661,;454.781453,1090,8.11622,;454.781453,1091,8.16631,;454.781453,1094,8.21642,;454.781453,1096,8.26655,;454.781453,1100,8.31663,;454.781453,1102,8.36673,;454.781453,1104,8.41685,;454.781453,1106,8.46694,;454.781453,1106,8.51705,;454.781453,1107,8.56716,;454.754682,1109,8.6172,;454.754682,1111,8.66731,;454.754682,1111,8.71739,;454.754682,1112,8.76747,;454.754682,1116,8.81755,;454.754682,1118,8.86764,;454.754682,1119,8.91773,;454.754682,1122,8.96781,;454.754682,1127,9.01791,;454.754682,1127,9.068,;454.754682,1128,9.1181,;454.754682,1130,9.16818,;454.754682,1131,9.21825,;454.754682,1132,9.26835,;454.754682,1133,9.31844,;454.754682,1135,9.36853,;454.754682,1138,9.41865,;454.754682,1140,9.46873,;454.754682,1140,9.51886,;454.754682,1142,9.56893,;454.754682,1145,9.61902,;454.754682,1146,9.66915,;454.754682,1148,9.71927,;454.754682,1151,9.76934,;454.754682,1155,9.81944,;454.754682,1156,9.86957,;454.754682,1158,9.91968,;454.754682,1159,9.96976,;
inf,246,0.0500932,;inf,303,0.100212,;inf,329,0.150329,;inf,351,0.20044,;inf,370,0.250561,;inf,383,0.300639,;inf,396,0.350755,;inf,411,0.400842,;inf,428,0.450958,;inf,444,0.501031,;inf,471,0.551143,;inf,484,0.601221,;inf,497,0.651327,;inf,507,0.701398,;inf,514,0.751508,;inf,533,0.801586,;inf,542,0.851673,;inf,551,0.901762,;inf,557,0.951847,;inf,569,1.00191,;inf,581,1.05202,;inf,586,1.10214,;inf,596,1.15225,;inf,603,1.20237,;inf,614,1.25248,;inf,623,1.30261,;inf,636,1.35269,;inf,646,1.4028,;inf,651,1.45288,;inf,660,1.50304,;inf,670,1.55313,;inf,677,1.60325,;inf,689,1.65334,;inf,695,1.70347,;inf,702,1.75356,;inf,718,1.80368,;inf,726,1.85377,;inf,732,1.90388,;inf,737,1.95399,;inf,740,2.0041,;inf,745,2.05421,;inf,750,2.10433,;inf,761,2.15444,;inf,774,2.20452,;inf,778,2.25462,;inf,785,2.3047,;inf,794,2.35478,;inf,798,2.40487,;inf,803,2.45499,;inf,808,2.50509,;inf,815,2.5552,;inf,818,2.60529,;inf,820,2.65538,;inf,829,2.7055,;inf,835,2.75557,;inf,839,2.80565,;inf,843,2.85577,;inf,847,2.90585,;inf,853,2.95593,;inf,860,3.00605,;inf,863,3.05612,;inf,870,3.10623,;inf,874,3.15631,;inf,885,3.2064,;inf,888,3.25648,;inf,894,3.3066,;inf,899,3.35667,;inf,901,3.40676,;inf,905,3.45685,;inf,912,3.50698,;inf,913,3.55706,;inf,919,3.60715,;inf,923,3.65725,;inf,926,3.70739,;inf,930,3.75751,;inf,931,3.8076,;inf,936,3.85769,;inf,937,3.90777,;inf,940,3.95789,;inf,945,4.008,;inf,947,4.05811,;inf,949,4.10823,;inf,952,4.15831,;inf,957,4.20842,;inf,958,4.25854,;inf,960,4.30862,;inf,964,4.35871,;inf,967,4.40881,;inf,967,4.4589,;inf,972,4.509,;inf,977,4.55912,;inf,984,4.60921,;inf,989,4.6593,;inf,991,4.70941,;inf,997,4.75951,;inf,999,4.8096,;inf,1002,4.85968,;inf,1004,4.90977,;inf,1011,4.95989,;inf,1017,5.00998,;inf,1019,5.0601,;inf,1022,5.11018,;inf,1025,5.1603,;inf,1026,5.21041,;inf,1028,5.26053,;inf,1029,5.31064,;inf,1032,5.36072,;inf,1036,5.41084,;inf,1038,5.46093,;inf,1041,5.51105,;inf,1043,5.56115,;inf,1047,5.61127,;inf,1049,5.66135,;inf,1056,5.71147,;inf,1056,5.76156,;inf,1059,5.81168,;inf,1062,5.86177,;inf,1066,5.91189,;inf,1069,5.96199,;inf,1073,6.01208,;inf,1081,6.06217,;inf,1082,6.11227,;inf,1084,6.16239,;inf,1086,6.21252,;inf,1088,6.26264,;inf,1092,6.31272,;inf,1096,6.36286,;inf,1101,6.41295,;inf,1102,6.46307,;inf,1103,6.51317,;inf,1104,6.56329,;inf,1105,6.61341,;inf,1109,6.66352,;inf,1111,6.71361,;inf,1113,6.76371,;inf,1122,6.8138,;inf,1124,6.86389,;inf,1128,6.91397,;inf,1132,6.96405,;inf,1136,7.01417,;inf,1142,7.06426,;inf,1143,7.11437,;inf,1145,7.16445,;inf,1146,7.21452,;inf,1148,7.2646,;inf,1150,7.31473,;inf,1151,7.36483,;inf,1152,7.41492,;inf,1155,7.46503,;inf,1158,7.51514,;452.690391,1162,7.56524,;452.690391,1165,7.61536,;452.690391,1165,7.66544,;452.690391,1166,7.71555,;452.690391,1169,7.76565,;452.690391,1171,7.81576,;452.690391,1173,7.86588,;452.690391,1174,7.91599,;452.690391,1175,7.96609,;452.690391,1176,8.01621,;452.690391,1178,8.06633,;452.690391,1178,8.11645,;452.690391,1181,8.16657,;452.690391,1182,8.21665,;452.690391,1183,8.26677,;452.690391,1185,8.31687,;452.690391,1187,8.36696,;452.690391,1190,8.41706,;452.690391,1192,8.46718,;452.690391,1193,8.51728,;452.690391,1195,8.56739,;452.690391,1199,8.61752,;452.690391,1203,8.66763,;452.690391,1205,8.71775,;452.690391,1213,8.76787,;452.690391,1219,8.81799,;452.690391,1221,8.86811,;452.690391,1224,8.91823,;452.690391,1226,8.96835,;452.690391,1228,9.01846,;452.690391,1229,9.06852,;452.690391,1231,9.11864,;452.690391,1233,9.16872,;452.690391,1234,9.21884,;452.690391,1239,9.26894,;452.690391,1245,9.31906,;452.690391,1247,9.36915,;452.690391,1250,9.41925,;452.690391,1252,9.46933,;452.690391,1254,9.51945,;452.690391,1256,9.56955,;452.690391,1259,9.61967,;452.690391,1265,9.6698,;452.690391,1266,9.71992,;452.690391,1268,9.77004,;452.690391,1269,9.82016,;452.690391,1270,9.87028,;452.690391,1270,9.92037,;452.690391,1276,9.97048,;452.690391,1278,10.0206,;452.690391,1280,10.0707,;
inf,367,0.0500651,;inf,436,0.100186,;inf,481,0.150257,;inf,512,0.200366,;inf,548,0.250448,;inf,572,0.300534,;488.150916,598,0.35062,;488.150916,616,0.400707,;486.058428,639,0.450787,;480.031042,660,0.500857,;474.109305,676,0.550938,;473.991197,691,0.601027,;469.975030,709,0.651133,;469.975030,721,0.701214,;469.975030,727,0.751303,;467.626246,745,0.801398,;467.543016,757,0.851508,;467.165225,763,0.901581,;466.382993,769,0.951695,;466.382993,777,1.0018,;466.382993,787,1.05189,;464.552918,790,1.102,;464.552918,806,1.15211,;464.552918,817,1.20222,;464.552918,824,1.25234,;464.552918,833,1.30246,;464.552918,843,1.35254,;464.552918,847,1.40267,;464.552918,851,1.45279,;464.362643,855,1.50287,;464.362643,870,1.55294,;464.362643,875,1.60301,;464.362643,882,1.65313,;464.362643,886,1.70322,;464.362643,896,1.75331,;464.362643,903,1.80342,;462.636492,915,1.85351,;462.636492,923,1.90362,;462.636492,931,1.9537,;462.636492,939,2.00378,;462.636492,945,2.05392,;462.636492,950,2.10404,;462.636492,955,2.15411,;462.636492,960,2.2042,;462.636492,968,2.25429,;462.636492,974,2.30437,;462.636492,983,2.35448,;462.636492,986,2.40455,;462.085454,991,2.45464,;462.085454,997,2.50472,;462.085454,1000,2.55484,;462.085454,1006,2.60492,;462.085454,1009,2.655,;461.830782,1013,2.70512,;461.830782,1016,2.75524,;461.830782,1021,2.80534,;461.830782,1023,2.85545,;461.830782,1027,2.90553,;461.830782,1030,2.95567,;461.830782,1035,3.00578,;461.819081,1037,3.05586,;461.819081,1037,3.10599,;461.059450,1038,3.15607,;461.059450,1042,3.20617,;461.059450,1046,3.25626,;461.059450,1046,3.30635,;458.993783,1047,3.35644,;458.993783,1051,3.40657,;458.993783,1054,3.45666,;458.993783,1056,3.50675,;458.993783,1059,3.55683,;458.993783,1063,3.60691,;458.993783,1065,3.65698,;458.993783,1068,3.7071,;458.568434,1071,3.75718,;458.568434,1075,3.80727,;458.568434,1078,3.85737,;458.568434,1079,3.90746,;458.454651,1082,3.95756,;458.454651,1085,4.00765,;458.454651,1092,4.05774,;458.454651,1094,4.10782,;458.454651,1096,4.15791,;458.454651,1101,4.20799,;458.454651,1102,4.25808,;458.454651,1107,4.30816,;458.454651,1111,4.35825,;458.454651,1114,4.40835,;458.454651,1116,4.45845,;458.454651,1117,4.50853,;458.454651,1119,4.55862,;458.454651,1120,4.60873,;458.454651,1124,4.65885,;458.454651,1125,4.70893,;458.454651,1129,4.75905,;458.454651,1132,4.80915,;458.454651,1134,4.85926,;458.454651,1137,4.90936,;458.454651,1140,4.95947,;458.454651,1142,5.00956,;458.454651,1147,5.05968,;458.454651,1148,5.10978,;457.576745,1150,5.15989,;457.576745,1155,5.20999,;457.576745,1157,5.26006,;457.576745,1158,5.31015,;457.576745,1160,5.36027,;457.576745,1162,5.41036,;457.576745,1165,5.46048,;457.576745,1168,5.5106,;457.576745,1171,5.56068,;457.576745,1173,5.6108,;457.576745,1176,5.66088,;457.576745,1177,5.71096,;457.576745,1180,5.76104,;457.576745,1181,5.81116,;457.576745,1184,5.86128,;457.576745,1186,5.91139,;457.576745,1187,5.96148,;457.576745,1188,6.01156,;457.510015,1189,6.06168,;457.510015,1190,6.11179,;457.510015,1193,6.16188,;457.510015,1195,6.212,;457.510015,1197,6.26211,;457.510015,1199,6.31221,;457.510015,1201,6.3623,;457.510015,1205,6.41241,;457.510015,1206,6.46249,;456.530146,1208,6.51259,;456.530146,1209,6.56272,;456.530146,1210,6.61282,;456.530146,1212,6.66291,;455.988837,1215,6.71299,;455.988837,1218,6.76312,;455.988837,1221,6.8132,;455.988837,1223,6.86332,;455.988837,1225,6.91341,;455.988837,1227,6.96354,;455.988837,1227,7.01362,;455.988837,1227,7.06375,;455.060263,1228,7.11385,;454.975782,1229,7.16397,;454.896089,1231,7.21406,;454.896089,1232,7.26418,;454.896089,1233,7.31427,;454.896089,1234,7.3644,;454.896089,1236,7.41452,;454.896089,1237,7.46464,;454.896089,1238,7.51473,;454.896089,1241,7.56479,;454.896089,1242,7.61491,;454.896089,1242,7.66499,;454.896089,1242,7.71512,;454.325442,1243,7.76522,;454.325442,1246,7.81533,;454.325442,1252,7.86543,;454.325442,1253,7.91556,;454.325442,1258,7.96567,;454.325442,1259,8.01579,;454.325442,1261,8.06588,;454.325442,1263,8.11599,;454.325442,1264,8.16608,;454.325442,1266,8.2162,;454.325442,1269,8.2663,;454.325442,1271,8.31639,;454.325442,1272,8.36647,;454.325442,1276,8.41656,;454.325442,1281,8.46664,;454.325442,1283,8.51676,;454.325442,1285,8.56687,;454.325442,1286,8.61696,;454.325442,1287,8.66711,;454.143476,1288,8.71721,;454.143476,1289,8.76733,;454.143476,1293,8.81742,;454.143476,1294,8.8675,;454.143476,1296,8.9176,;454.143476,1297,8.96771,;454.143476,1298,9.01783,;454.143476,1304,9.06796,;454.143476,1305,9.11804,;454.143476,1309,9.16816,;454.143476,1312,9.21827,;454.143476,1312,9.26839,;454.143476,1315,9.31851,;454.143476,1316,9.36862,;454.143476,1318,9.41875,;454.143476,1320,9.46882,;454.143476,1321,9.51895,;454.143476,1322,9.56903,;454.143476,1324,9.61915,;454.143476,1325,9.66924,;454.143476,1328,9.71935,;454.143476,1330,9.76945,;454.143476,1333,9.81954,;454.143476,1334,9.86963,;454.143476,1335,9.91973,;454.143476,1337,9.96982,;454.143476,1339,10.0199,;454.143476,1340,10.07,;
inf,329,0.0500983,;inf,385,0.100224,;inf,449,0.150337,;inf,504,0.200446,;inf,530,0.250556,;inf,546,0.300645,;inf,567,0.350764,;inf,583,0.400875,;inf,610,0.450987,;inf,631,0.501106,;inf,651,0.5512,;inf,662,0.60132,;inf,675,0.651436,;inf,691,0.701548,;inf,710,0.751622,;inf,723,0.801731,;inf,740,0.851818,;inf,760,0.901914,;inf,765,0.951987,;inf,772,1.00207,;inf,783,1.05215,;inf,802,1.10225,;inf,814,1.15233,;inf,820,1.20246,;inf,830,1.25253,;492.266933,846,1.30262,;492.016809,857,1.35271,;476.278792,871,1.40283,;476.278792,877,1.45294,;476.278792,892,1.50303,;476.278792,903,1.55311,;476.278792,916,1.60323,;476.278792,918,1.65333,;476.278792,926,1.70344,;474.148593,933,1.75355,;474.148593,947,1.80366,;474.148593,952,1.85374,;474.148593,955,1.90381,;474.148593,959,1.95394,;474.148593,969,2.00405,;474.148593,978,2.05415,;474.148593,984,2.10424,;469.994657,993,2.15433,;467.819031,1007,2.20442,;467.819031,1013,2.25452,;467.819031,1023,2.30461,;467.819031,1030,2.35472,;466.608492,1043,2.40484,;466.608492,1050,2.45497,;466.608492,1054,2.50505,;466.608492,1058,2.55512,;466.608492,1062,2.60525,;466.608492,1067,2.65536,;466.608492,1077,2.70546,;466.608492,1083,2.75556,;466.608492,1091,2.80565,;466.608492,1096,2.85574,;466.608492,1100,2.90585,;466.608492,1100,2.95593,;465.985452,1104,3.00602,;465.985452,1107,3.0561,;465.985452,1113,3.1062,;465.480075,1118,3.15629,;465.480075,1120,3.20637,;465.480075,1122,3.25647,;465.355454,1125,3.30659,;465.355454,1133,3.3567,;465.355454,1134,3.40683,;465.355454,1137,3.45692,;465.355454,1141,3.50704,;465.355454,1144,3.55713,;465.355454,1148,3.60726,;465.355454,1153,3.65738,;465.355454,1159,3.7075,;465.355454,1160,3.75762,;465.355454,1164,3.8077,;465.355454,1169,3.85782,;465.355454,1171,3.90791,;465.355454,1171,3.958,;465.355454,1176,4.0081,;460.741994,1182,4.05823,;460.741994,1187,4.10831,;460.741994,1190,4.1584,;460.741994,1191,4.20849,;460.741994,1194,4.25861,;460.741994,1200,4.3087,;460.741994,1202,4.35882,;460.695595,1206,4.40894,;460.695595,1210,4.45906,;460.695595,1211,4.50918,;460.695595,1213,4.5593,;460.695595,1219,4.60942,;460.695595,1223,4.65953,;460.695595,1231,4.70965,;460.695595,1239,4.75974,;460.695595,1241,4.80985,;460.695595,1246,4.85996,;460.695595,1249,4.91008,;460.695595,1252,4.96018,;460.695595,1254,5.01028,;460.695595,1257,5.06037,;460.695595,1264,5.1105,;460.695595,1269,5.16058,;460.695595,1276,5.2107,;460.695595,1280,5.26079,;460.695595,1284,5.31091,;460.695595,1287,5.36103,;460.695595,1289,5.41115,;460.695595,1289,5.46128,;460.695595,1289,5.5114,;460.695595,1289,5.56148,;460.695595,1289,5.61157,;460.695595,1289,5.66168,;460.057526,1290,5.71176,;460.057526,1292,5.76189,;460.057526,1296,5.81201,;460.057526,1297,5.86213,;460.057526,1302,5.91221,;460.057526,1302,5.9623,;460.057526,1302,6.01243,;458.522944,1305,6.06256,;458.522944,1308,6.11267,;458.522944,1310,6.16279,;458.522944,1312,6.21292,;458.522944,1314,6.26304,;458.522944,1317,6.31317,;458.522944,1319,6.36328,;458.522944,1323,6.4134,;458.522944,1325,6.46353,;458.522944,1330,6.51361,;458.522944,1332,6.56371,;458.522944,1337,6.61379,;458.522944,1338,6.66389,;458.522944,1341,6.71401,;458.522944,1342,6.76411,;458.522944,1345,6.81423,;458.522944,1346,6.86434,;457.935686,1347,6.91446,;457.935686,1353,6.96458,;457.935686,1353,7.01469,;457.935686,1356,7.06481,;457.935686,1358,7.11493,;457.935686,1359,7.16505,;457.935686,1361,7.21515,;457.935686,1362,7.26524,;457.935686,1366,7.31534,;457.935686,1368,7.36546,;457.935686,1371,7.41552,;457.935686,1376,7.46566,;457.935686,1377,7.51574,;457.935686,1379,7.56586,;457.935686,1381,7.61597,;457.935686,1383,7.66609,;457.935686,1385,7.71618,;457.935686,1386,7.76627,;457.935686,1388,7.81637,;457.935686,1390,7.86648,;457.935686,1393,7.91658,;457.935686,1394,7.9667,;457.935686,1397,8.0168,;457.935686,1400,8.06689,;457.935686,1401,8.11699,;457.935686,1403,8.16711,;457.935686,1405,8.21723,;457.935686,1406,8.26732,;457.935686,1407,8.3174,;457.935686,1410,8.36752,;457.935686,1411,8.41764,;457.935686,1413,8.46776,;457.935686,1414,8.51786,;457.935686,1415,8.56796,;457.935686,1418,8.6181,;457.935686,1420,8.6682,;457.935686,1426,8.71828,;457.935686,1428,8.76837,;457.935686,1434,8.81846,;457.935686,1435,8.86854,;457.935686,1436,8.91866,;457.935686,1437,8.96876,;457.935686,1443,9.01888,;457.935686,1445,9.06898,;457.935686,1447,9.11908,;457.935686,1451,9.1692,;457.628868,1452,9.21932,;457.628868,1454,9.26943,;455.381714,1457,9.31956,;455.381714,1458,9.36969,;455.381714,1461,9.41977,;455.381714,1464,9.46989,;455.381714,1468,9.51997,;455.381714,1470,9.5701,;455.381714,1472,9.6202,;455.381714,1474,9.67029,;455.381714,1476,9.72038,;455.381714,1478,9.77048,;455.381714,1479,9.82058,;452.892370,1483,9.87066,;452.892370,1486,9.92075,;452.892370,1490,9.97084,;452.892370,1490,10.0209,;
inf,380,0.0500962,;inf,457,0.100199,;inf,507,0.150276,;inf,534,0.200356,;inf,582,0.250472,;inf,607,0.30056,;inf,625,0.350676,;inf,649,0.400767,;inf,670,0.450891,;inf,687,0.50097,;inf,710,0.551055,;inf,729,0.601171,;inf,749,0.651291,;inf,769,0.701404,;inf,790,0.75149,;inf,811,0.801564,;inf,820,0.851638,;inf,840,0.901721,;inf,857,0.951805,;inf,867,1.00192,;inf,872,1.052,;inf,883,1.10213,;inf,891,1.15222,;inf,897,1.20235,;inf,905,1.25244,;inf,912,1.30256,;inf,921,1.35265,;inf,936,1.40276,;inf,941,1.45285,;inf,950,1.50293,;inf,957,1.55301,;inf,966,1.60314,;inf,980,1.65325,;inf,988,1.70333,;inf,996,1.7534,;inf,999,1.80349,;inf,1010,1.85359,;inf,1016,1.90367,;inf,1026,1.95379,;inf,1032,2.00389,;inf,1038,2.054,;inf,1042,2.10409,;inf,1048,2.15418,;inf,1053,2.20427,;inf,1057,2.25436,;inf,1067,2.30444,;inf,1069,2.35451,;inf,1076,2.4046,;inf,1080,2.45469,;inf,1082,2.50478,;inf,1089,2.55487,;inf,1098,2.60495,;inf,1107,2.65503,;inf,1125,2.70513,;inf,1131,2.75526,;inf,1137,2.80537,;inf,1142,2.85549,;inf,1146,2.90559,;inf,1157,2.95567,;inf,1160,3.00578,;inf,1161,3.05588,;inf,1169,3.10603,;inf,1174,3.15613,;inf,1176,3.20622,;inf,1183,3.25632,;inf,1190,3.30641,;inf,1204,3.3565,;inf,1210,3.40662,;inf,1216,3.45673,;inf,1218,3.50682,;inf,1226,3.5569,;inf,1231,3.60701,;inf,1237,3.65709,;inf,1241,3.70719,;inf,1247,3.75729,;inf,1251,3.80741,;inf,1255,3.85749,;inf,1256,3.90757,;inf,1257,3.95768,;inf,1263,4.00776,;inf,1266,4.05788,;inf,1268,4.10798,;inf,1271,4.15811,;inf,1276,4.20819,;inf,1282,4.25828,;inf,1285,4.30837,;inf,1288,4.35846,;inf,1296,4.40856,;inf,1302,4.45868,;inf,1311,4.50878,;inf,1319,4.55891,;inf,1320,4.60901,;inf,1332,4.65913,;inf,1337,4.70923,;inf,1338,4.75935,;inf,1341,4.80946,;inf,1346,4.8596,;477.818834,1355,4.90969,;477.818834,1358,4.95982,;477.818834,1359,5.0099,;477.818834,1362,5.06001,;477.818834,1366,5.11011,;476.164695,1372,5.16023,;476.164695,1374,5.21037,;476.164695,1375,5.26047,;476.153171,1378,5.31056,;476.153171,1382,5.36066,;476.153171,1390,5.41079,;476.153171,1395,5.46088,;476.064923,1402,5.51098,;475.937065,1411,5.56107,;475.937065,1416,5.61117,;475.937065,1417,5.66131,;475.937065,1418,5.71141,;475.937065,1423,5.76154,;475.937065,1427,5.81166,;475.937065,1429,5.86178,;475.937065,1433,5.91189,;475.937065,1435,5.96201,;475.937065,1437,6.0121,;475.937065,1438,6.06222,;475.937065,1442,6.11232,;475.937065,1444,6.16244,;474.165007,1448,6.21255,;474.165007,1450,6.26268,;474.165007,1458,6.31276,;474.165007,1458,6.36286,;474.165007,1463,6.41297,;474.165007,1464,6.46305,;474.165007,1467,6.51314,;474.165007,1469,6.56323,;474.165007,1475,6.61332,;474.165007,1479,6.66344,;474.165007,1482,6.71353,;474.165007,1484,6.76359,;474.165007,1485,6.81372,;474.165007,1488,6.8638,;474.165007,1491,6.91393,;474.165007,1492,6.96405,;474.165007,1497,7.01414,;474.165007,1498,7.06424,;474.165007,1504,7.11434,;474.165007,1505,7.16444,;474.165007,1506,7.21454,;473.158778,1511,7.26464,;473.158778,1513,7.31476,;473.158778,1514,7.36485,;473.158778,1516,7.41497,;473.158778,1521,7.46509,;473.158778,1523,7.51519,;473.158778,1526,7.56528,;473.077075,1527,7.61541,;473.077075,1532,7.66552,;473.077075,1535,7.7156,;473.077075,1536,7.76572,;473.077075,1545,7.8158,;473.077075,1548,7.86589,;473.077075,1550,7.91599,;473.077075,1553,7.96611,;473.077075,1559,8.01619,;472.968008,1560,8.06631,;472.968008,1562,8.11646,;472.968008,1566,8.16658,;472.968008,1571,8.21667,;472.968008,1572,8.26679,;472.968008,1576,8.31691,;472.968008,1579,8.36701,;472.968008,1581,8.41709,;472.968008,1587,8.46718,;472.968008,1592,8.51727,;472.968008,1596,8.56737,;472.968008,1599,8.6175,;472.968008,1601,8.66758,;472.968008,1603,8.71767,;472.968008,1604,8.76778,;472.968008,1605,8.8179,;472.968008,1606,8.86803,;472.968008,1609,8.91815,;472.968008,1611,8.96825,;472.968008,1613,9.01838,;472.968008,1614,9.06847,;472.968008,1618,9.11857,;472.851061,1620,9.16867,;472.851061,1623,9.21877,;472.851061,1628,9.26889,;472.851061,1631,9.31901,;472.851061,1634,9.36912,;472.584364,1637,9.41922,;472.584364,1641,9.4693,;472.584364,1644,9.51941,;472.584364,1649,9.56953,;472.584364,1649,9.61962,;472.584364,1655,9.66972,;472.584364,1656,9.71982,;472.584364,1660,9.76993,;472.584364,1661,9.82003,;472.584364,1664,9.87013,;471.921962,1669,9.92024,;471.921962,1672,9.97036,;
inf,475,0.0500941,;inf,532,0.100188,;inf,559,0.150284,;inf,590,0.200369,;inf,612,0.250492,;inf,646,0.300575,;inf,663,0.350652,;inf,686,0.400727,;inf,700,0.450811,;inf,711,0.500896,;inf,723,0.550983,;inf,734,0.601078,;inf,750,0.651169,;inf,761,0.701262,;inf,774,0.751354,;inf,781,0.801476,;inf,785,0.851584,;inf,795,0.901697,;inf,803,0.951783,;inf,813,1.00191,;inf,822,1.05202,;476.878105,837,1.10214,;467.987396,845,1.15223,;467.987396,850,1.20235,;467.987396,857,1.25243,;467.987396,867,1.30254,;467.987396,876,1.35264,;467.987396,885,1.40276,;467.987396,891,1.45285,;467.987396,896,1.50297,;467.987396,899,1.55306,;467.987396,908,1.60319,;467.987396,923,1.65331,;467.987396,926,1.70343,;467.987396,931,1.75355,;467.987396,936,1.80366,;467.987396,947,1.85379,;467.987396,952,1.9039,;467.987396,955,1.95399,;467.987396,961,2.00409,;467.987396,975,2.05418,;467.987396,979,2.10426,;466.258939,992,2.15435,;466.258939,997,2.20444,;466.258939,1004,2.25453,;466.258939,1005,2.30463,;465.678342,1012,2.35475,;465.678342,1021,2.40484,;465.678342,1026,2.45493,;465.678342,1030,2.50503,;465.678342,1038,2.55514,;465.678342,1042,2.60526,;465.678342,1047,2.65538,;465.678342,1047,2.70551,;465.678342,1047,2.75564,;462.179745,1052,2.80573,;462.179745,1054,2.85586,;462.179745,1054,2.90598,;455.670287,1059,2.95608,;455.670287,1063,3.0062,;455.670287,1065,3.05626,;455.670287,1069,3.10636,;454.207055,1074,3.15645,;454.207055,1076,3.20657,;454.207055,1079,3.25667,;454.207055,1080,3.30679,;454.207055,1084,3.35688,;454.207055,1093,3.407,;454.207055,1097,3.45708,;454.207055,1099,3.50718,;454.207055,1100,3.55728,;454.207055,1103,3.60737,;454.207055,1105,3.6575,;454.207055,1111,3.7076,;454.207055,1113,3.7577,;454.207055,1115,3.80782,;454.207055,1117,3.85794,;454.207055,1118,3.90806,;454.207055,1125,3.95819,;454.207055,1126,4.00827,;454.207055,1130,4.05839,;454.207055,1133,4.10847,;454.207055,1135,4.15859,;454.207055,1139,4.20871,;454.207055,1143,4.25883,;454.207055,1145,4.30893,;454.207055,1148,4.35903,;454.207055,1151,4.40916,;454.207055,1154,4.45927,;454.207055,1156,4.50935,;454.207055,1159,4.55943,;454.207055,1160,4.60954,;454.207055,1163,4.65965,;454.207055,1164,4.70975,;454.207055,1168,4.75987,;454.207055,1170,4.80999,;453.868826,1172,4.86012,;453.868826,1173,4.91023,;453.868826,1178,4.96032,;453.868826,1179,5.01044,;453.868826,1180,5.06052,;453.868826,1183,5.11065,;453.868826,1185,5.16074,;453.868826,1189,5.21084,;453.868826,1191,5.26093,;453.868826,1193,5.31105,;453.868826,1196,5.36114,;453.868826,1200,5.41127,;453.868826,1202,5.46138,;453.868826,1204,5.51146,;453.868826,1206,5.56159,;453.868826,1209,5.61171,;453.868826,1212,5.66184,;453.868826,1214,5.71193,;453.868826,1217,5.76205,;453.868826,1218,5.81216,;453.868826,1220,5.86225,;453.868826,1222,5.91233,;453.868826,1224,5.96241,;453.868826,1225,6.0125,;453.868826,1227,6.0626,;453.868826,1229,6.11268,;453.868826,1233,6.16281,;453.868826,1235,6.2129,;453.868826,1237,6.26306,;453.868826,1239,6.31317,;453.868826,1242,6.36329,;453.868826,1243,6.41336,;453.868826,1244,6.46348,;453.868826,1247,6.5136,;453.868826,1248,6.56371,;453.868826,1251,6.6138,;453.868826,1257,6.66392,;453.868826,1260,6.71403,;453.868826,1263,6.76412,;453.868826,1264,6.8142,;453.868826,1265,6.86429,;453.868826,1267,6.91439,;453.868826,1271,6.96446,;453.868826,1274,7.01458,;453.868826,1278,7.06467,;453.868826,1279,7.11475,;453.868826,1280,7.16484,;453.868826,1280,7.21493,;453.868826,1280,7.26503,;453.653610,1283,7.31514,;453.653610,1288,7.36525,;453.653610,1290,7.41534,;453.653610,1292,7.46544,;453.653610,1295,7.51555,;453.653610,1299,7.56566,;453.653610,1301,7.61578,;453.653610,1303,7.6659,;453.653610,1304,7.71601,;453.653610,1305,7.76612,;453.653610,1307,7.81625,;453.653610,1307,7.86636,;451.179745,1310,7.91648,;451.179745,1311,7.96657,;451.179745,1313,8.01666,;451.179745,1315,8.06675,;451.179745,1317,8.11688,;451.179745,1322,8.16697,;451.179745,1325,8.21706,;451.179745,1326,8.26715,;451.179745,1328,8.31724,;451.179745,1331,8.36733,;451.179745,1331,8.41742,;451.179745,1333,8.4675,;451.179745,1334,8.51759,;451.179745,1336,8.56768,;451.179745,1339,8.61778,;451.179745,1342,8.66787,;451.179745,1344,8.71796,;451.179745,1346,8.76806,;451.179745,1347,8.81815,;451.179745,1350,8.86822,;451.179745,1350,8.91831,;451.179745,1352,8.96839,;451.179745,1353,9.01848,;451.179745,1354,9.06856,;451.179745,1355,9.11865,;451.179745,1355,9.16875,;450.947551,1356,9.21884,;450.947551,1357,9.26893,;450.947551,1357,9.31901,;450.947551,1360,9.3691,;450.947551,1362,9.41918,;450.947551,1363,9.46927,;450.947551,1365,9.51939,;450.947551,1366,9.56948,;450.947551,1368,9.6196,;450.947551,1369,9.66969,;450.947551,1370,9.71982,;450.947551,1371,9.76994,;450.947551,1372,9.82002,;450.696381,1374,9.87011,;450.696381,1375,9.92021,;450.696381,1376,9.97029,;450.696381,1377,10.0204,;450.696381,1377,10.0704,;
inf,547,0.0500911,;inf,620,0.100175,;inf,662,0.150297,;inf,697,0.200419,;inf,735,0.250498,;inf,758,0.300569,;inf,789,0.350654,;inf,810,0.400766,;inf,835,0.450854,;inf,857,0.500991,;inf,874,0.551078,;inf,893,0.601185,;inf,915,0.651267,;inf,934,0.701343,;inf,945,0.751428,;inf,966,0.801499,;inf,987,0.85157,;inf,994,0.901678,;inf,1003,0.951752,;inf,1010,1.00188,;inf,1023,1.05196,;inf,1029,1.1021,;inf,1034,1.15218,;inf,1046,1.20231,;inf,1055,1.2524,;inf,1065,1.30248,;inf,1072,1.35256,;inf,1085,1.40265,;inf,1095,1.45273,;inf,1102,1.50282,;inf,1112,1.55294,;inf,1118,1.60304,;inf,1126,1.65312,;inf,1130,1.70324,;inf,1133,1.75337,;inf,1137,1.80346,;inf,1143,1.85356,;inf,1150,1.90365,;inf,1161,1.95374,;inf,1165,2.00383,;inf,1176,2.05392,;inf,1186,2.10401,;inf,1188,2.1541,;inf,1190,2.20422,;inf,1196,2.2543,;inf,1199,2.30443,;inf,1204,2.35453,;inf,1210,2.40464,;inf,1215,2.45474,;inf,1218,2.50483,;inf,1221,2.55492,;inf,1225,2.60504,;inf,1228,2.65513,;inf,1230,2.70525,;inf,1233,2.75536,;inf,1235,2.80548,;inf,1241,2.85557,;inf,1243,2.90569,;inf,1250,2.95578,;inf,1254,3.00589,;inf,1263,3.05597,;inf,1269,3.10609,;inf,1284,3.15618,;inf,1286,3.20629,;inf,1288,3.2564,;inf,1292,3.30648,;inf,1294,3.35657,;inf,1297,3.40665,;inf,1302,3.45676,;inf,1306,3.50687,;inf,1310,3.55698,;inf,1314,3.60706,;inf,1316,3.65716,;inf,1318,3.70726,;inf,1323,3.75734,;inf,1324,3.80744,;inf,1326,3.85752,;inf,1329,3.9076,;478.408156,1341,3.95771,;478.408156,1341,4.00782,;478.408156,1344,4.0579,;478.408156,1345,4.10799,;478.408156,1352,4.15809,;478.408156,1354,4.20817,;478.408156,1355,4.25828,;478.353862,1358,4.30841,;477.273563,1361,4.35848,;477.273563,1364,4.4086,;477.273563,1367,4.45871,;475.254102,1378,4.50882,;475.254102,1380,4.5589,;475.254102,1383,4.60902,;475.254102,1384,4.65913,;475.254102,1386,4.70924,;475.254102,1388,4.75932,;475.254102,1390,4.80944,;475.254102,1391,4.85955,;475.254102,1396,4.90968,;475.254102,1399,4.95977,;475.254102,1401,5.00991,;475.254102,1405,5.05999,;475.254102,1409,5.11008,;475.254102,1416,5.1602,;475.254102,1417,5.2103,;475.254102,1428,5.26038,;475.254102,1431,5.31046,;475.254102,1433,5.36054,;475.254102,1435,5.41064,;475.254102,1439,5.46072,;475.254102,1440,5.51082,;475.254102,1445,5.56093,;475.254102,1449,5.61102,;475.254102,1455,5.66112,;475.254102,1460,5.71119,;475.254102,1461,5.76128,;475.254102,1462,5.81139,;475.254102,1464,5.86148,;475.156410,1468,5.91156,;475.156410,1469,5.96163,;475.156410,1472,6.01175,;475.156410,1474,6.06184,;475.156410,1475,6.11194,;475.156410,1477,6.16206,;475.114414,1479,6.21214,;475.114414,1480,6.26225,;475.114414,1483,6.31237,;475.114414,1486,6.36245,;475.114414,1488,6.41258,;475.114414,1491,6.46267,;475.114414,1493,6.5128,;475.114414,1497,6.56288,;475.114414,1498,6.61299,;475.114414,1507,6.6631,;475.114414,1510,6.71318,;475.114414,1510,6.76328,;475.114414,1511,6.81337,;475.114414,1513,6.86347,;475.114414,1514,6.91355,;475.114414,1518,6.9637,;475.114414,1520,7.01382,;475.114414,1524,7.06394,;475.114414,1526,7.11404,;475.114414,1531,7.16413,;475.114414,1535,7.21426,;475.114414,1536,7.26435,;475.114414,1539,7.31443,;475.114414,1541,7.36455,;475.114414,1543,7.41464,;475.114414,1545,7.46476,;475.114414,1545,7.51488,;475.114414,1548,7.56497,;475.114414,1551,7.61509,;475.114414,1554,7.6652,;475.114414,1559,7.71535,;475.114414,1559,7.76547,;475.114414,1562,7.81557,;475.114414,1566,7.8657,;475.114414,1569,7.91579,;475.114414,1569,7.96588,;475.114414,1571,8.016,;475.114414,1572,8.06612,;475.114414,1574,8.11621,;475.114414,1574,8.16634,;475.114414,1579,8.21646,;475.114414,1581,8.26654,;475.114414,1582,8.31666,;475.114414,1583,8.36674,;472.807676,1587,8.41686,;472.807676,1588,8.46694,;472.807676,1589,8.51708,;472.807676,1594,8.56718,;472.807676,1597,8.6173,;472.807676,1600,8.66738,;472.807676,1600,8.71753,;470.334401,1607,8.76765,;470.334401,1610,8.81773,;470.334401,1619,8.86785,;470.334401,1625,8.91794,;470.334401,1629,8.96806,;470.334401,1633,9.01817,;470.334401,1636,9.06828,;470.334401,1640,9.11837,;470.334401,1640,9.16849,;464.749736,1644,9.21857,;464.749736,1646,9.26868,;464.749736,1649,9.31877,;464.749736,1653,9.3689,;464.749736,1656,9.41899,;464.749736,1657,9.46912,;464.749736,1660,9.51921,;464.749736,1664,9.56933,;464.749736,1665,9.61943,;464.749736,1668,9.66956,;464.749736,1675,9.71968,;464.749736,1678,9.76981,;464.749736,1681,9.81992,;464.749736,1689,9.87004,;464.749736,1690,9.92016,;464.749736,1693,9.97028,;464.749736,1697,10.0204,;
inf,378,0.0500977,;inf,424,0.100194,;inf,472,0.150326,;inf,505,0.200447,;inf,545,0.250529,;inf,564,0.300649,;inf,588,0.350723,;inf,613,0.400826,;inf,634,0.45091,;inf,649,0.501036,;inf,675,0.551109,;inf,687,0.601189,;inf,695,0.651279,;inf,710,0.701372,;inf,721,0.751458,;inf,734,0.801551,;inf,754,0.851632,;inf,770,0.901719,;inf,779,0.951812,;inf,799,1.00189,;inf,806,1.05198,;inf,813,1.10207,;inf,816,1.15216,;inf,824,1.20225,;inf,831,1.25233,;inf,834,1.30241,;inf,844,1.35249,;inf,848,1.40257,;inf,855,1.45265,;inf,862,1.50274,;inf,867,1.55284,;inf,875,1.60293,;inf,876,1.65302,;inf,883,1.70311,;inf,892,1.7532,;inf,901,1.8033,;inf,907,1.85343,;inf,920,1.90355,;inf,929,1.95363,;inf,934,2.00372,;inf,946,2.05385,;inf,957,2.10394,;inf,970,2.15406,;inf,979,2.20414,;inf,986,2.25426,;inf,991,2.30437,;inf,995,2.35465,;inf,1001,2.40476,;inf,1002,2.45485,;inf,1010,2.50497,;inf,1015,2.55506,;inf,1020,2.60517,;inf,1031,2.65527,;inf,1039,2.70538,;inf,1042,2.75548,;inf,1049,2.8056,;inf,1052,2.85569,;inf,1059,2.9058,;inf,1063,2.95588,;inf,1064,3.00598,;inf,1070,3.05606,;inf,1075,3.10617,;inf,1081,3.15625,;inf,1083,3.20633,;inf,1091,3.25648,;inf,1094,3.30656,;inf,1098,3.35668,;inf,1103,3.40677,;inf,1107,3.45689,;inf,1108,3.50698,;inf,1117,3.55712,;inf,1131,3.60721,;inf,1136,3.65731,;inf,1145,3.70739,;inf,1145,3.75747,;inf,1153,3.80756,;inf,1160,3.85769,;inf,1164,3.9078,;inf,1166,3.95792,;inf,1175,4.00804,;inf,1179,4.05816,;inf,1181,4.10828,;inf,1191,4.1584,;inf,1192,4.20851,;inf,1193,4.25859,;inf,1195,4.30869,;inf,1198,4.35879,;inf,1200,4.40891,;inf,1207,4.45901,;inf,1213,4.50914,;inf,1215,4.55923,;inf,1220,4.60935,;inf,1224,4.65945,;inf,1235,4.70958,;inf,1240,4.75967,;inf,1243,4.80976,;inf,1247,4.85985,;inf,1252,4.90994,;inf,1256,4.96004,;inf,1258,5.01014,;inf,1262,5.06023,;inf,1264,5.11032,;inf,1265,5.16041,;inf,1272,5.21048,;inf,1275,5.2606,;inf,1279,5.31068,;inf,1285,5.36077,;inf,1289,5.41086,;inf,1292,5.46095,;inf,1298,5.51105,;inf,1307,5.56113,;inf,1309,5.61121,;inf,1311,5.6613,;inf,1312,5.71138,;inf,1315,5.76146,;inf,1317,5.81156,;inf,1318,5.86164,;inf,1320,5.91173,;inf,1325,5.9618,;inf,1329,6.0119,;inf,1331,6.06199,;inf,1332,6.11208,;inf,1333,6.16218,;inf,1335,6.21227,;inf,1336,6.26237,;inf,1339,6.31246,;inf,1342,6.36253,;inf,1343,6.41262,;inf,1345,6.46271,;inf,1349,6.51281,;inf,1354,6.56291,;inf,1361,6.61301,;inf,1364,6.6631,;inf,1364,6.71323,;inf,1367,6.76332,;inf,1370,6.81343,;inf,1375,6.86353,;inf,1376,6.91363,;inf,1379,6.96375,;inf,1383,7.01387,;476.139113,1388,7.06395,;476.139113,1390,7.11407,;476.139113,1392,7.1642,;476.139113,1392,7.21429,;476.139113,1395,7.26442,;476.139113,1398,7.3145,;476.139113,1404,7.36459,;476.139113,1405,7.41468,;476.139113,1406,7.4648,;476.139113,1412,7.51488,;476.139113,1414,7.56502,;476.139113,1416,7.6151,;476.139113,1419,7.66522,;476.139113,1423,7.7153,;476.139113,1426,7.76539,;476.139113,1427,7.81548,;476.139113,1429,7.86561,;476.139113,1431,7.91569,;476.139113,1432,7.96583,;476.139113,1434,8.01592,;476.139113,1436,8.06605,;476.139113,1438,8.11615,;476.139113,1439,8.16627,;476.139113,1441,8.21638,;476.139113,1443,8.26644,;476.139113,1445,8.31654,;476.139113,1445,8.36662,;470.171969,1446,8.41671,;470.171969,1448,8.46681,;470.171969,1450,8.51694,;470.171969,1455,8.56704,;470.171969,1458,8.61713,;470.171969,1459,8.66722,;470.171969,1461,8.71733,;470.171969,1465,8.76743,;470.171969,1468,8.81753,;470.171969,1473,8.86761,;470.171969,1473,8.91773,;470.171969,1475,8.96783,;470.171969,1479,9.01792,;470.171969,1484,9.06801,;470.171969,1488,9.1181,;470.171969,1492,9.16819,;470.171969,1494,9.21831,;470.171969,1494,9.26841,;470.171969,1500,9.31849,;470.171969,1502,9.36857,;470.171969,1505,9.41867,;470.171969,1507,9.46874,;470.171969,1508,9.51884,;470.171969,1510,9.56896,;470.171969,1511,9.61905,;470.171969,1514,9.66914,;470.171969,1520,9.71923,;470.171969,1524,9.76935,;470.171969,1527,9.81944,;470.171969,1528,9.86957,;470.171969,1534,9.91966,;470.171969,1538,9.96977,;470.171969,1540,10.0199,;
inf,298,0.0500792,;inf,332,0.100196,;inf,369,0.150298,;inf,417,0.20042,;inf,440,0.250542,;inf,475,0.30066,;inf,497,0.350827,;inf,523,0.400901,;inf,552,0.45101,;inf,560,0.50109,;inf,566,0.551209,;inf,574,0.601299,;inf,587,0.651375,;inf,601,0.701447,;inf,622,0.751523,;inf,639,0.801608,;inf,650,0.851702,;inf,661,0.901826,;inf,665,0.951915,;inf,673,1.00201,;inf,676,1.0521,;492.231411,693,1.10222,;492.231411,697,1.15234,;492.231411,707,1.20245,;492.231411,716,1.25254,;492.231411,724,1.3026,;492.231411,728,1.35268,;492.231411,735,1.40277,;492.231411,741,1.45289,;492.231411,746,1.50302,;492.115133,759,1.55313,;492.115133,762,1.60323,;492.077464,773,1.65334,;492.077464,777,1.70346,;492.077464,781,1.75358,;492.077464,787,1.80366,;491.882666,789,1.85377,;491.882666,793,1.90384,;480.711730,799,1.95395,;480.652615,803,2.00403,;480.652615,807,2.05415,;480.652615,811,2.10425,;480.652615,817,2.15436,;478.780306,822,2.20448,;478.780306,831,2.25459,;473.900518,834,2.30467,;473.756250,838,2.35479,;473.756250,844,2.40491,;473.756250,846,2.45499,;473.525378,853,2.50508,;473.366324,859,2.5552,;473.366324,864,2.60531,;473.366324,868,2.65544,;473.366324,873,2.70555,;471.681417,875,2.75562,;470.653913,878,2.8057,;470.653913,882,2.85579,;470.653913,886,2.90587,;470.653913,889,2.95597,;470.653913,895,3.00608,;470.653913,900,3.05616,;470.653913,908,3.10627,;470.653913,912,3.15639,;470.653913,915,3.2065,;470.653913,917,3.25662,;470.653913,922,3.30684,;470.653913,925,3.35693,;470.653913,928,3.40702,;470.653913,930,3.45711,;470.653913,932,3.50724,;470.653913,935,3.55734,;470.653913,936,3.60743,;470.653913,941,3.65757,;467.873141,946,3.70764,;467.873141,950,3.75772,;467.873141,955,3.80779,;467.873141,957,3.85788,;467.873141,960,3.90797,;467.873141,963,3.95806,;467.873141,969,4.00815,;467.873141,972,4.05826,;467.873141,978,4.10835,;467.873141,980,4.15844,;467.873141,982,4.20855,;467.597463,984,4.25866,;467.597463,987,4.30875,;467.597463,989,4.35884,;467.597463,992,4.40898,;467.567302,996,4.4591,;467.567302,999,4.50918,;465.580461,1000,4.5593,;465.181329,1005,4.60939,;465.181329,1008,4.65949,;465.181329,1011,4.7096,;465.181329,1015,4.75968,;465.181329,1018,4.80976,;465.181329,1023,4.85983,;465.181329,1025,4.90991,;465.181329,1027,4.95998,;465.181329,1031,5.0101,;465.181329,1031,5.06019,;464.066105,1032,5.11033,;464.066105,1035,5.16044,;464.066105,1038,5.21053,;464.066105,1041,5.26063,;464.066105,1042,5.31072,;463.970796,1045,5.36082,;463.970796,1047,5.41095,;463.970796,1055,5.46105,;463.970796,1058,5.51117,;463.970796,1062,5.56129,;463.970796,1063,5.61138,;463.970796,1065,5.66148,;463.970796,1068,5.71156,;463.970796,1070,5.76169,;462.935702,1074,5.81178,;462.935702,1075,5.8619,;462.935702,1079,5.912,;462.935702,1081,5.96209,;462.935702,1082,6.01218,;462.935702,1084,6.06226,;462.935702,1086,6.11235,;462.935702,1094,6.16245,;462.935702,1095,6.21253,;462.935702,1098,6.26266,;462.935702,1101,6.31278,;462.935702,1103,6.36288,;462.935702,1110,6.413,;462.935702,1115,6.46311,;462.935702,1117,6.51324,;462.935702,1121,6.56335,;462.935702,1122,6.61347,;462.935702,1126,6.66355,;462.935702,1129,6.71366,;462.935702,1131,6.76374,;462.935702,1133,6.81386,;462.935702,1134,6.86395,;462.935702,1138,6.91404,;462.935702,1140,6.96416,;462.935702,1141,7.01427,;462.935702,1146,7.06437,;462.935702,1150,7.11445,;462.935702,1151,7.16455,;462.935702,1153,7.21466,;462.935702,1155,7.26476,;462.935702,1158,7.31488,;462.935702,1162,7.36497,;462.935702,1165,7.41506,;462.935702,1166,7.46515,;462.935702,1167,7.51523,;462.935702,1170,7.56534,;462.935702,1176,7.61546,;462.935702,1177,7.66556,;462.935702,1181,7.71565,;462.935702,1183,7.76571,;462.935702,1185,7.8158,;462.935702,1186,7.86596,;462.935702,1189,7.91604,;462.935702,1190,7.96611,;462.935702,1192,8.01617,;462.935702,1193,8.06625,;462.935702,1195,8.11637,;462.935702,1200,8.16649,;462.935702,1202,8.21659,;462.935702,1202,8.26671,;462.935702,1207,8.31681,;462.935702,1208,8.36693,;462.935702,1209,8.41704,;462.935702,1210,8.46715,;462.935702,1213,8.51727,;462.935702,1214,8.56738,;462.935702,1216,8.6175,;462.935702,1217,8.66758,;462.935702,1220,8.7177,;462.935702,1222,8.76779,;462.935702,1226,8.8179,;462.935702,1227,8.86802,;462.935702,1233,8.91812,;462.935702,1234,8.96824,;462.935702,1236,9.01835,;462.935702,1237,9.06843,;462.935702,1239,9.11855,;462.935702,1241,9.16864,;462.935702,1242,9.21876,;462.935702,1244,9.26888,;462.935702,1248,9.31896,;462.935702,1250,9.36908,;462.935702,1253,9.41917,;462.935702,1254,9.46929,;462.935702,1255,9.5194,;462.935702,1256,9.56948,;462.935702,1260,9.61957,;462.935702,1261,9.66968,;462.935702,1262,9.71978,;462.935702,1270,9.7699,;462.935702,1274,9.82002,;462.935702,1275,9.8701,;462.935702,1276,9.92018,;462.935702,1279,9.97031,;462.935702,1280,10.0204,;
inf,547,0.0500975,;inf,612,0.100209,;inf,657,0.150297,;inf,693,0.200425,;inf,732,0.250542,;inf,758,0.300654,;inf,779,0.35074,;inf,802,0.400856,;inf,813,0.450962,;inf,825,0.501085,;inf,838,0.551197,;inf,850,0.601285,;482.036005,861,0.651407,;482.036005,873,0.70149,;482.036005,884,0.751589,;482.036005,892,0.801667,;482.036005,904,0.85179,;482.036005,916,0.901918,;482.036005,926,0.952041,;482.036005,935,1.00216,;482.036005,943,1.05224,;482.036005,945,1.10236,;479.467137,951,1.15248,;479.467137,959,1.20256,;479.467137,965,1.25265,;479.467137,969,1.30278,;476.849061,972,1.3529,;476.849061,981,1.40303,;476.849061,985,1.4531,;476.849061,990,1.50321,;476.849061,997,1.55329,;476.849061,1001,1.6034,;476.849061,1006,1.6535,;476.849061,1015,1.70361,;476.849061,1020,1.75369,;476.849061,1026,1.8038,;476.849061,1032,1.85389,;476.849061,1037,1.90398,;476.849061,1040,1.9541,;476.849061,1046,2.00421,;476.849061,1052,2.05429,;476.849061,1060,2.10441,;476.849061,1066,2.15452,;476.849061,1073,2.20462,;476.849061,1079,2.25475,;476.849061,1084,2.30486,;476.849061,1088,2.35498,;476.849061,1091,2.40506,;476.849061,1098,2.45518,;476.849061,1105,2.50525,;476.120399,1111,2.55538,;476.120399,1117,2.60547,;476.120399,1123,2.65559,;476.120399,1133,2.70572,;476.120399,1138,2.75583,;476.120399,1144,2.80592,;475.773401,1146,2.85604,;475.773401,1152,2.90612,;474.677733,1154,2.95625,;474.677733,1160,3.00634,;474.677733,1167,3.05647,;474.652269,1170,3.10659,;474.652269,1180,3.1567,;474.652269,1184,3.20679,;473.040570,1191,3.25691,;473.040570,1194,3.30703,;473.040570,1195,3.35711,;473.040570,1195,3.4072,;471.959396,1198,3.45728,;471.959396,1202,3.50739,;471.959396,1206,3.55747,;471.959396,1214,3.6076,;471.959396,1218,3.65767,;471.959396,1219,3.70778,;471.402576,1224,3.75788,;471.402576,1228,3.808,;471.284136,1231,3.85808,;471.284136,1235,3.9082,;471.284136,1238,3.95828,;470.699273,1241,4.00839,;470.699273,1249,4.05848,;470.699273,1251,4.10855,;470.699273,1252,4.15863,;467.953758,1253,4.20874,;467.953758,1256,4.25885,;467.953758,1262,4.30897,;467.953758,1266,4.35905,;467.953758,1269,4.40912,;467.953758,1272,4.45923,;467.953758,1274,4.50931,;467.953758,1278,4.55938,;467.953758,1281,4.60947,;467.953758,1284,4.65959,;467.953758,1287,4.70969,;467.953758,1290,4.7598,;467.953758,1291,4.80989,;467.953758,1294,4.86002,;467.953758,1294,4.91011,;467.953758,1294,4.96023,;466.177007,1296,5.01032,;466.177007,1299,5.06043,;466.177007,1302,5.11051,;466.177007,1305,5.16059,;466.177007,1309,5.21069,;466.177007,1315,5.26079,;466.177007,1317,5.3109,;466.177007,1319,5.36102,;466.177007,1324,5.41114,;466.177007,1328,5.46121,;466.177007,1330,5.51133,;466.177007,1332,5.56141,;466.177007,1339,5.61153,;466.177007,1340,5.66162,;466.177007,1342,5.71173,;466.177007,1343,5.76181,;466.177007,1349,5.81194,;466.177007,1352,5.86203,;466.177007,1354,5.91211,;466.105188,1356,5.9622,;466.105188,1357,6.01232,;466.105188,1360,6.06241,;466.105188,1361,6.11254,;466.105188,1363,6.16263,;466.105188,1366,6.21271,;466.105188,1367,6.26278,;466.105188,1370,6.31289,;466.105188,1374,6.363,;466.105188,1376,6.41308,;466.105188,1379,6.46316,;466.105188,1382,6.51324,;466.105188,1383,6.56335,;466.105188,1386,6.61344,;466.105188,1388,6.66354,;466.105188,1390,6.71363,;466.105188,1395,6.76376,;466.105188,1398,6.81384,;466.105188,1401,6.86396,;466.105188,1404,6.91407,;466.105188,1405,6.96415,;466.105188,1409,7.01425,;466.105188,1413,7.06434,;466.105188,1414,7.11443,;466.105188,1419,7.16454,;466.105188,1423,7.21462,;466.105188,1425,7.26473,;466.105188,1427,7.31481,;466.105188,1431,7.36493,;466.105188,1435,7.41505,;466.105188,1438,7.46509,;466.105188,1444,7.51517,;466.105188,1447,7.56525,;466.105188,1450,7.61536,;466.105188,1453,7.66544,;466.105188,1455,7.71553,;465.870155,1459,7.76562,;465.870155,1460,7.81571,;465.870155,1463,7.8658,;465.870155,1464,7.91589,;465.870155,1466,7.96598,;465.870155,1472,8.01607,;465.870155,1473,8.06617,;465.870155,1475,8.11626,;465.870155,1479,8.16638,;465.870155,1483,8.21646,;465.870155,1485,8.26658,;465.870155,1487,8.31666,;465.870155,1489,8.36678,;465.870155,1491,8.41686,;465.870155,1493,8.46695,;465.870155,1495,8.51705,;465.870155,1498,8.56716,;465.870155,1500,8.61724,;465.870155,1503,8.66733,;465.870155,1506,8.71741,;465.870155,1510,8.76751,;465.870155,1515,8.81758,;465.870155,1516,8.8677,;465.870155,1519,8.91778,;465.870155,1522,8.96787,;465.870155,1524,9.01796,;465.870155,1528,9.06805,;465.870155,1531,9.11814,;465.870155,1533,9.16826,;465.870155,1536,9.21835,;465.870155,1540,9.26847,;465.870155,1542,9.31855,;465.870155,1546,9.36863,;465.870155,1547,9.41871,;465.870155,1551,9.46879,;465.870155,1553,9.51889,;465.870155,1556,9.56899,;465.870155,1559,9.61908,;465.870155,1562,9.66917,;465.870155,1566,9.71925,;465.870155,1571,9.76933,;465.870155,1573,9.8194,;465.870155,1575,9.86951,;465.870155,1580,9.9196,;465.870155,1581,9.9697,;465.870155,1582,10.0198,;465.870155,1585,10.0699,;
inf,329,0.0500922,;inf,401,0.100205,;inf,454,0.150283,;inf,498,0.200412,;inf,534,0.250529,;inf,563,0.300603,;inf,575,0.350673,;inf,593,0.400757,;inf,611,0.450833,;480.633455,624,0.500922,;477.553332,636,0.551035,;477.208893,647,0.601146,;477.208893,662,0.651257,;471.016627,672,0.701365,;470.597105,686,0.751438,;470.597105,698,0.801521,;469.543774,707,0.851652,;469.543774,713,0.901767,;469.543774,719,0.951883,;469.543774,730,1.00201,;469.543774,743,1.05211,;469.543774,750,1.10224,;469.543774,760,1.15233,;467.236705,764,1.20245,;466.962104,772,1.25252,;464.848483,776,1.30261,;462.950917,780,1.3527,;460.956769,784,1.40279,;460.956769,790,1.45288,;460.956769,796,1.50297,;460.956769,804,1.55309,;460.668502,809,1.60321,;460.668502,817,1.65332,;460.668502,820,1.70341,;460.668502,825,1.7535,;460.668502,830,1.8036,;460.668502,835,1.8537,;459.033730,838,1.90382,;459.033730,844,1.95392,;459.033730,850,2.00403,;459.033730,857,2.05414,;459.033730,861,2.10426,;459.033730,863,2.15435,;459.033730,869,2.20443,;459.033730,873,2.25452,;459.033730,877,2.30461,;459.033730,882,2.35472,;459.033730,887,2.40481,;459.033730,892,2.45491,;459.033730,898,2.50501,;459.033730,904,2.5551,;459.033730,908,2.60519,;459.033730,910,2.65528,;459.033730,915,2.7054,;459.033730,917,2.75553,;459.033730,924,2.80564,;459.033730,928,2.85575,;458.467342,929,2.90586,;458.467342,935,2.95597,;458.467342,939,3.00608,;458.467342,943,3.0562,;458.467342,948,3.10632,;458.467342,952,3.15639,;458.467342,958,3.20651,;458.467342,962,3.25658,;458.467342,966,3.3067,;458.467342,969,3.3568,;458.467342,976,3.40692,;458.467342,979,3.45702,;458.467342,984,3.50714,;458.467342,988,3.55723,;458.467342,990,3.60734,;458.467342,995,3.65742,;458.467342,997,3.7075,;458.467342,999,3.75759,;458.467342,1004,3.80767,;458.467342,1008,3.85775,;458.467342,1012,3.90783,;458.467342,1015,3.9579,;458.467342,1019,4.00798,;458.467342,1022,4.05806,;454.578413,1026,4.10817,;454.578413,1028,4.15825,;454.578413,1031,4.20833,;453.727375,1033,4.25843,;453.727375,1035,4.30851,;453.727375,1038,4.3586,;453.727375,1041,4.40868,;453.727375,1044,4.45876,;453.727375,1048,4.50883,;453.727375,1054,4.55892,;453.727375,1057,4.60901,;453.727375,1059,4.65909,;453.727375,1060,4.70917,;452.514828,1061,4.75925,;452.514828,1064,4.80933,;452.514828,1066,4.85941,;452.514828,1070,4.9095,;452.514828,1071,4.95958,;452.514828,1076,5.00966,;452.514828,1078,5.05973,;452.514828,1081,5.10983,;452.514828,1084,5.1599,;452.514828,1085,5.20997,;452.514828,1088,5.26005,;452.514828,1093,5.31015,;452.514828,1093,5.36028,;452.514828,1093,5.4104,;450.573550,1095,5.46047,;450.573550,1097,5.51058,;450.573550,1101,5.56065,;450.573550,1104,5.61077,;450.573550,1107,5.66085,;450.573550,1109,5.71094,;450.573550,1111,5.76102,;450.573550,1114,5.81112,;450.573550,1117,5.86121,;450.573550,1121,5.91133,;450.573550,1123,5.96144,;450.573550,1126,6.01154,;450.573550,1128,6.06162,;450.573550,1130,6.11174,;450.573550,1133,6.16184,;450.573550,1135,6.21195,;450.573550,1138,6.26205,;450.573550,1139,6.31216,;450.573550,1142,6.36223,;450.573550,1144,6.41234,;450.573550,1148,6.46246,;450.573550,1151,6.51259,;450.573550,1155,6.56268,;450.573550,1156,6.61278,;450.573550,1158,6.66286,;450.573550,1160,6.71295,;450.573550,1161,6.76303,;450.573550,1164,6.81311,;450.573550,1167,6.8632,;450.573550,1172,6.91328,;450.573550,1173,6.96337,;450.573550,1180,7.01347,;450.573550,1183,7.06355,;450.573550,1186,7.11365,;450.573550,1188,7.16374,;450.573550,1189,7.21382,;450.573550,1192,7.26391,;450.573550,1194,7.314,;450.573550,1195,7.3641,;450.573550,1196,7.41418,;450.573550,1197,7.46426,;450.573550,1198,7.51435,;450.573550,1202,7.56442,;450.573550,1203,7.6145,;450.573550,1203,7.6646,;450.573550,1205,7.71468,;450.573550,1206,7.76477,;450.573550,1208,7.81487,;450.573550,1209,7.86496,;450.573550,1210,7.91505,;450.573550,1213,7.96514,;450.573550,1215,8.01522,;450.573550,1218,8.06531,;450.573550,1220,8.1154,;450.573550,1221,8.1655,;450.573550,1224,8.21561,;450.573550,1228,8.26569,;450.573550,1230,8.3158,;450.573550,1234,8.36588,;450.573550,1236,8.41596,;450.573550,1242,8.46607,;450.573550,1244,8.51617,;450.573550,1247,8.56628,;450.573550,1249,8.61638,;450.573550,1252,8.66649,;450.573550,1254,8.71656,;450.573550,1258,8.76663,;450.573550,1259,8.81672,;450.573550,1260,8.86682,;450.573550,1261,8.91691,;450.573550,1264,8.96702,;450.573550,1267,9.01714,;450.573550,1269,9.06724,;450.573550,1270,9.11733,;450.573550,1272,9.16743,;450.573550,1274,9.21751,;450.573550,1279,9.26762,;450.573550,1280,9.31775,;450.573550,1284,9.36784,;450.573550,1288,9.41796,;450.573550,1289,9.46806,;450.573550,1290,9.51817,;450.573550,1293,9.56827,;450.573550,1294,9.61837,;450.573550,1297,9.66842,;450.573550,1300,9.71852,;450.573550,1302,9.76859,;450.573550,1303,9.8187,;450.573550,1307,9.8688,;450.573550,1311,9.9189,;450.573550,1314,9.96901,;450.573550,1317,10.0191,;450.573550,1319,10.0692,;
inf,363,0.0500703,;inf,437,0.100181,;inf,480,0.150283,;inf,508,0.200388,;inf,534,0.250494,;inf,562,0.300603,;inf,587,0.350708,;inf,612,0.400793,;inf,637,0.450896,;inf,658,0.501002,;inf,668,0.551104,;inf,683,0.601196,;inf,700,0.651299,;inf,718,0.701406,;inf,731,0.751513,;inf,742,0.801617,;479.606355,753,0.85172,;475.434168,759,0.901829,;475.434168,769,0.951936,;475.143380,783,1.00205,;475.143380,802,1.05215,;475.143380,809,1.10221,;475.143380,819,1.15232,;473.723164,833,1.20243,;473.723164,840,1.2525,;473.723164,852,1.3026,;473.005587,860,1.35268,;473.005587,866,1.40282,;473.005587,875,1.45294,;473.005587,888,1.50305,;473.005587,892,1.55312,;473.005587,899,1.60323,;473.005587,904,1.65331,;473.005587,910,1.7034,;473.005587,918,1.75349,;473.005587,924,1.80357,;472.784692,932,1.85367,;472.784692,943,1.9038,;472.784692,948,1.95388,;472.784692,956,2.00401,;472.784692,959,2.05412,;472.784692,964,2.10419,;472.784692,974,2.15429,;472.784692,980,2.2044,;472.784692,985,2.25452,;472.784692,993,2.30462,;472.784692,997,2.35472,;472.784692,1001,2.40483,;471.269771,1004,2.45493,;471.269771,1009,2.50504,;471.269771,1016,2.55515,;471.269771,1023,2.60527,;471.269771,1026,2.65537,;471.269771,1029,2.70548,;470.797018,1035,2.75556,;470.797018,1043,2.80565,;470.797018,1047,2.85576,;470.797018,1052,2.90584,;470.797018,1057,2.95595,;470.797018,1063,3.00607,;470.797018,1072,3.05618,;470.797018,1077,3.10629,;470.797018,1084,3.1564,;470.797018,1088,3.2065,;470.499210,1091,3.25658,;470.499210,1096,3.30669,;470.499210,1102,3.35679,;470.499210,1107,3.40689,;470.499210,1114,3.45696,;470.499210,1116,3.50707,;470.499210,1122,3.55715,;470.499210,1123,3.60726,;470.499210,1128,3.65733,;470.499210,1131,3.70742,;470.499210,1134,3.7575,;470.499210,1139,3.80762,;470.499210,1147,3.85769,;470.499210,1153,3.90778,;470.499210,1156,3.95786,;470.499210,1159,4.00796,;470.499210,1163,4.05803,;470.499210,1166,4.10813,;470.499210,1174,4.15823,;470.499210,1179,4.20831,;470.499210,1181,4.25843,;470.499210,1185,4.3085,;470.342408,1190,4.3586,;470.342408,1194,4.40866,;470.342408,1197,4.45877,;470.025923,1201,4.50888,;470.006317,1203,4.55896,;470.006317,1207,4.60907,;470.006317,1212,4.65914,;470.006317,1213,4.70924,;470.006317,1218,4.75935,;470.006317,1223,4.80945,;470.006317,1226,4.85955,;469.477020,1230,4.90967,;469.477020,1234,4.95977,;469.477020,1239,5.00987,;469.477020,1241,5.05998,;469.477020,1244,5.11006,;469.477020,1247,5.16017,;469.477020,1253,5.21027,;469.477020,1256,5.26038,;469.477020,1259,5.31049,;469.477020,1261,5.36062,;469.477020,1263,5.41072,;469.477020,1270,5.46083,;469.477020,1277,5.51094,;469.477020,1279,5.56104,;469.477020,1283,5.61115,;469.477020,1285,5.66124,;469.477020,1289,5.71135,;469.477020,1292,5.76146,;469.477020,1295,5.81158,;469.477020,1298,5.86169,;469.477020,1305,5.91179,;469.477020,1307,5.9619,;469.477020,1311,6.01202,;469.477020,1316,6.06212,;469.477020,1317,6.11222,;469.477020,1323,6.16233,;469.477020,1325,6.21244,;469.477020,1327,6.26254,;469.477020,1331,6.31265,;469.477020,1334,6.36275,;469.477020,1338,6.41286,;469.477020,1344,6.46296,;469.477020,1349,6.51307,;469.477020,1355,6.56318,;469.477020,1357,6.61327,;469.477020,1359,6.66339,;469.477020,1364,6.71354,;469.477020,1366,6.76364,;469.477020,1371,6.81372,;469.477020,1373,6.86383,;469.477020,1377,6.91392,;469.477020,1381,6.96402,;469.477020,1381,7.01413,;469.477020,1381,7.06424,;461.065833,1382,7.11434,;461.065833,1384,7.16445,;461.065833,1386,7.21453,;461.065833,1388,7.26462,;461.065833,1391,7.31473,;461.065833,1393,7.36482,;461.065833,1397,7.41494,;461.065833,1401,7.46502,;461.065833,1404,7.51511,;461.065833,1404,7.5652,;460.565510,1407,7.61532,;460.565510,1409,7.6654,;460.565510,1411,7.71551,;460.565510,1416,7.7656,;460.565510,1418,7.81573,;460.565510,1422,7.86586,;460.565510,1425,7.91594,;460.565510,1426,7.96605,;460.565510,1428,8.01616,;460.565510,1430,8.06625,;460.565510,1438,8.11635,;460.565510,1439,8.16647,;460.565510,1442,8.21656,;460.565510,1444,8.26665,;460.565510,1447,8.31674,;460.565510,1449,8.36686,;460.565510,1454,8.41696,;460.541829,1456,8.46709,;460.541829,1457,8.51718,;460.541829,1459,8.56729,;460.541829,1462,8.61739,;460.541829,1465,8.66751,;460.541829,1467,8.71762,;460.541829,1469,8.76773,;460.541829,1473,8.81781,;460.541829,1476,8.8679,;460.541829,1479,8.91801,;460.541829,1485,8.96811,;460.541829,1488,9.01822,;460.541829,1489,9.06832,;460.334791,1492,9.11844,;460.334791,1495,9.16851,;460.334791,1497,9.21862,;460.334791,1499,9.26876,;460.334791,1504,9.31887,;460.334791,1506,9.36897,;460.334791,1509,9.41908,;460.334791,1514,9.46916,;460.334791,1518,9.51925,;460.334791,1521,9.56936,;460.334791,1524,9.61946,;460.334791,1527,9.66954,;460.334791,1529,9.71966,;460.334791,1533,9.76973,;460.334791,1536,9.81979,;460.334791,1540,9.86988,;460.334791,1544,9.91999,;460.334791,1548,9.97009,;460.334791,1551,10.0202,;460.334791,1557,10.0703,;
inf,295,0.050055,;inf,364,0.100131,;inf,392,0.150241,;inf,420,0.200309,;547.154697,430,0.250376,;530.919765,451,0.300461,;521.873543,465,0.350536,;496.864338,480,0.400623,;494.832483,492,0.450692,;494.832483,507,0.50077,;493.604487,515,0.550845,;488.634166,528,0.600947,;488.634166,545,0.651031,;488.634166,555,0.701144,;488.634166,565,0.751223,;488.634166,577,0.801345,;488.634166,586,0.851413,;487.249515,596,0.901518,;487.249515,604,0.95162,;487.249515,609,1.0017,;487.249515,620,1.05178,;487.249515,630,1.10186,;485.779622,643,1.15195,;485.779622,648,1.20203,;485.779622,655,1.25212,;483.786756,657,1.30225,;483.341984,660,1.35236,;483.341984,667,1.40246,;483.341984,675,1.45256,;483.254675,683,1.50263,;483.254675,690,1.5527,;482.734842,693,1.60278,;482.355860,697,1.65288,;482.355860,701,1.70298,;482.355860,708,1.75306,;482.063042,709,1.80315,;482.063042,709,1.85324,;468.999581,713,1.90333,;468.999581,720,1.95344,;468.999581,726,2.00352,;468.999581,731,2.05363,;468.999581,736,2.10371,;468.557581,741,2.15386,;468.557581,748,2.20397,;468.557581,751,2.25407,;468.557581,754,2.30418,;468.557581,758,2.35426,;468.557581,764,2.40437,;468.557581,768,2.45446,;468.557581,772,2.50457,;468.557581,776,2.55462,;468.557581,786,2.60474,;468.557581,792,2.65486,;468.557581,797,2.70496,;468.557581,800,2.75507,;468.557581,806,2.80518,;468.557581,809,2.85527,;468.557581,814,2.90539,;468.557581,822,2.95548,;468.557581,825,3.00559,;468.557581,831,3.0557,;468.557581,834,3.1058,;468.557581,841,3.15591,;468.557581,841,3.20602,;467.007771,845,3.25612,;467.007771,846,3.30623,;466.934021,851,3.35635,;466.934021,854,3.40646,;466.123842,858,3.45656,;466.123842,862,3.50661,;466.123842,865,3.55671,;466.065940,869,3.60681,;466.065940,872,3.65691,;466.065940,876,3.70702,;466.065940,879,3.75712,;463.961782,882,3.80722,;463.961782,886,3.85733,;463.961782,889,3.90742,;463.961782,893,3.95754,;463.961782,896,4.00764,;463.961782,899,4.05774,;463.961782,903,4.10781,;463.961782,908,4.15792,;463.961782,915,4.20802,;463.961782,918,4.25812,;463.961782,924,4.30823,;463.961782,930,4.35833,;463.961782,933,4.40844,;463.961782,936,4.45854,;463.961782,940,4.50865,;463.961782,943,4.55877,;463.961782,946,4.60889,;463.961782,948,4.65899,;463.901831,956,4.70909,;463.901831,960,4.75918,;463.901831,963,4.80929,;463.901831,967,4.85937,;463.901831,972,4.90949,;463.901831,975,4.95959,;463.901831,979,5.00971,;463.901831,981,5.05979,;463.901831,984,5.1099,;463.901831,988,5.16001,;463.901831,991,5.21012,;463.901831,994,5.26022,;463.901831,998,5.31029,;463.901831,1000,5.3604,;463.901831,1000,5.4105,;463.901831,1000,5.4606,;463.901831,1000,5.51068,;463.901831,1000,5.56075,;460.757879,1003,5.61085,;460.757879,1010,5.66095,;460.757879,1014,5.71103,;460.757879,1016,5.76115,;460.757879,1017,5.81125,;460.757879,1021,5.86136,;460.757879,1025,5.91146,;460.757879,1026,5.96158,;460.757879,1031,6.01167,;460.757879,1032,6.06179,;460.757879,1034,6.11187,;460.757879,1036,6.16198,;460.757879,1039,6.21207,;460.757879,1041,6.26216,;460.757879,1044,6.31227,;460.757879,1046,6.36237,;460.757879,1048,6.41249,;460.757879,1050,6.46256,;460.757879,1051,6.51266,;460.757879,1054,6.56274,;460.757879,1055,6.61281,;460.757879,1056,6.6629,;460.757879,1059,6.71301,;460.757879,1061,6.76309,;460.757879,1062,6.81321,;460.757879,1067,6.86329,;460.757879,1069,6.9134,;460.757879,1072,6.96351,;460.757879,1076,7.01361,;460.757879,1080,7.06369,;460.757879,1082,7.1138,;460.757879,1085,7.1639,;460.757879,1089,7.21399,;460.757879,1091,7.2641,;460.757879,1094,7.31417,;460.757879,1097,7.36429,;460.535133,1098,7.41439,;460.535133,1099,7.4645,;460.535133,1099,7.51461,;460.535133,1099,7.56472,;460.535133,1099,7.61483,;460.535133,1099,7.66493,;460.535133,1099,7.71504,;460.535133,1099,7.76513,;460.535133,1099,7.81525,;460.535133,1099,7.86537,;454.488731,1100,7.91549,;454.488731,1101,7.96559,;454.488731,1105,8.01567,;454.488731,1110,8.06578,;454.488731,1111,8.11586,;454.488731,1112,8.16597,;454.488731,1115,8.21607,;454.488731,1116,8.26617,;454.488731,1120,8.31627,;454.488731,1122,8.36637,;454.488731,1123,8.41645,;454.488731,1123,8.46653,;454.488731,1124,8.51665,;454.488731,1124,8.56673,;453.965536,1127,8.61684,;453.965536,1131,8.66693,;453.965536,1134,8.71704,;453.965536,1138,8.7671,;453.965536,1140,8.81722,;453.965536,1144,8.8673,;453.965536,1145,8.91741,;453.965536,1146,8.96752,;453.965536,1148,9.01763,;453.965536,1150,9.06773,;453.965536,1151,9.11782,;453.965536,1154,9.16792,;453.965536,1158,9.21803,;453.965536,1161,9.26813,;453.965536,1162,9.31821,;453.965536,1163,9.36833,;453.965536,1164,9.41844,;453.965536,1166,9.46855,;453.965536,1171,9.51866,;453.965536,1174,9.56874,;453.965536,1176,9.61882,;453.965536,1178,9.66892,;453.965536,1180,9.71901,;453.965536,1181,9.76913,;453.965536,1185,9.81922,;453.965536,1187,9.86933,;453.965536,1190,9.91945,;453.965536,1194,9.96957,;
inf,275,0.0500591,;inf,336,0.100148,;inf,372,0.150249,;inf,417,0.200331,;inf,448,0.250421,;inf,473,0.3005,;inf,497,0.350587,;inf,525,0.400673,;inf,551,0.450766,;inf,572,0.500851,;inf,589,0.550941,;inf,600,0.601031,;inf,610,0.651153,;inf,618,0.701235,;inf,632,0.751354,;inf,660,0.801435,;inf,672,0.851543,;inf,683,0.901618,;inf,696,0.951732,;inf,712,1.00181,;inf,722,1.05192,;inf,735,1.10202,;inf,744,1.15213,;inf,757,1.20221,;inf,761,1.25232,;inf,771,1.30239,;inf,778,1.3525,;inf,784,1.40259,;inf,794,1.45271,;inf,800,1.50279,;inf,808,1.5529,;inf,815,1.60298,;inf,826,1.65311,;inf,830,1.70319,;inf,834,1.75329,;inf,841,1.80338,;inf,851,1.85349,;inf,855,1.90359,;inf,858,1.9537,;inf,861,2.0038,;inf,866,2.05387,;inf,873,2.10397,;inf,884,2.15404,;inf,888,2.20413,;inf,890,2.2542,;inf,892,2.30428,;inf,900,2.35437,;inf,906,2.40446,;inf,910,2.45453,;inf,913,2.5046,;inf,916,2.55468,;inf,923,2.60477,;inf,932,2.65486,;inf,938,2.70496,;inf,944,2.75505,;inf,962,2.80514,;inf,967,2.85521,;inf,978,2.90532,;inf,987,2.95542,;inf,993,3.00553,;inf,1000,3.05563,;inf,1016,3.10573,;inf,1021,3.15584,;inf,1024,3.20593,;inf,1036,3.256,;inf,1045,3.30607,;inf,1051,3.35615,;inf,1055,3.40626,;inf,1064,3.45636,;inf,1066,3.50643,;inf,1071,3.5565,;inf,1079,3.60659,;inf,1087,3.65668,;inf,1089,3.70676,;inf,1093,3.75687,;inf,1096,3.80696,;inf,1099,3.85706,;inf,1106,3.90717,;inf,1109,3.95727,;inf,1114,4.00735,;inf,1121,4.05746,;inf,1124,4.10756,;inf,1128,4.15767,;inf,1134,4.2078,;inf,1139,4.25791,;inf,1142,4.30803,;inf,1143,4.35809,;inf,1150,4.4082,;inf,1155,4.45828,;inf,1157,4.50839,;inf,1162,4.55847,;inf,1165,4.60859,;inf,1169,4.65867,;inf,1171,4.70879,;inf,1177,4.7589,;inf,1178,4.809,;inf,1181,4.85911,;inf,1185,4.90923,;inf,1188,4.95935,;inf,1188,5.00947,;inf,1192,5.05958,;inf,1195,5.10969,;inf,1197,5.1598,;inf,1199,5.20991,;inf,1202,5.26001,;inf,1208,5.31008,;inf,1210,5.36019,;inf,1211,5.4103,;inf,1217,5.46041,;inf,1219,5.51051,;inf,1229,5.56062,;inf,1230,5.6107,;inf,1233,5.6608,;inf,1236,5.71088,;inf,1239,5.76099,;inf,1240,5.81108,;inf,1243,5.86119,;inf,1245,5.91131,;inf,1248,5.96141,;inf,1255,6.01152,;inf,1259,6.06162,;inf,1262,6.11173,;inf,1264,6.16183,;inf,1267,6.21193,;inf,1271,6.262,;inf,1273,6.3121,;inf,1279,6.36217,;inf,1280,6.41228,;inf,1282,6.46237,;inf,1285,6.51249,;inf,1288,6.56257,;inf,1288,6.61268,;inf,1292,6.66276,;inf,1294,6.71288,;inf,1297,6.76299,;inf,1300,6.8131,;inf,1303,6.86318,;inf,1306,6.9133,;inf,1307,6.96341,;inf,1312,7.01348,;inf,1317,7.0636,;inf,1318,7.1137,;467.149782,1323,7.16379,;465.891985,1331,7.21391,;465.891985,1332,7.26399,;465.891985,1335,7.31406,;465.891985,1339,7.36417,;465.891985,1341,7.41426,;465.891985,1346,7.46438,;465.891985,1349,7.51447,;465.891985,1351,7.56458,;465.891985,1354,7.61465,;465.891985,1358,7.66476,;465.891985,1361,7.71484,;465.891985,1362,7.76496,;465.891985,1363,7.81504,;465.891985,1369,7.86515,;465.891985,1371,7.91525,;465.891985,1375,7.96536,;465.891985,1381,8.01546,;465.891985,1384,8.06556,;465.891985,1385,8.11567,;465.891985,1389,8.16578,;465.891985,1392,8.21588,;465.891985,1398,8.26599,;461.157537,1401,8.3161,;461.157537,1402,8.36618,;461.157537,1408,8.41629,;461.157537,1410,8.46637,;461.157537,1413,8.51649,;461.157537,1414,8.56658,;461.157537,1420,8.61669,;461.157537,1424,8.66677,;461.157537,1427,8.71689,;461.157537,1428,8.76701,;461.157537,1429,8.81711,;461.157537,1436,8.86722,;461.157537,1438,8.91732,;461.157537,1439,8.96743,;461.157537,1441,9.01753,;461.157537,1443,9.06761,;461.157537,1446,9.11772,;461.157537,1447,9.1678,;461.157537,1449,9.21791,;461.157537,1450,9.26802,;461.157537,1453,9.31809,;461.106578,1459,9.36819,;461.106578,1460,9.41829,;461.106578,1465,9.46839,;461.106578,1467,9.51848,;461.106578,1472,9.56861,;461.106578,1473,9.61872,;461.106578,1476,9.66882,;461.106578,1478,9.7189,;461.106578,1479,9.76903,;461.106578,1481,9.81916,;461.106578,1485,9.86927,;461.106578,1486,9.91939,;461.106578,1492,9.9695,;461.106578,1493,10.0196,;461.106578,1496,10.0697,;
inf,304,0.0500886,;inf,350,0.100162,;inf,386,0.150228,;inf,403,0.200337,;inf,427,0.250438,;inf,445,0.300541,;inf,468,0.350647,;inf,489,0.400766,;inf,498,0.450839,;inf,504,0.500945,;inf,522,0.551011,;inf,535,0.601092,;inf,547,0.651194,;inf,562,0.701307,;inf,571,0.751393,;inf,585,0.801499,;inf,595,0.851604,;475.601259,602,0.901688,;474.231885,611,0.951797,;473.714476,619,1.0019,;473.714476,628,1.05197,;473.535138,637,1.10207,;471.613617,647,1.15217,;466.074051,657,1.20228,;466.074051,667,1.25236,;466.074051,675,1.30247,;465.936052,682,1.35258,;465.868874,690,1.4027,;465.868874,695,1.4528,;465.818208,702,1.50287,;465.818208,708,1.55297,;465.818208,715,1.60305,;465.621801,722,1.65317,;465.621801,728,1.70327,;465.621801,742,1.75337,;465.621801,746,1.80347,;465.267524,753,1.85355,;465.267524,757,1.90364,;463.921222,764,1.95376,;463.921222,772,2.00387,;463.921222,779,2.05398,;463.826910,785,2.10408,;463.826910,789,2.1542,;463.826910,793,2.2043,;462.760162,799,2.25441,;462.760162,806,2.30451,;462.760162,816,2.35462,;462.760162,824,2.40472,;462.760162,832,2.45478,;462.760162,837,2.50489,;462.693082,841,2.55496,;462.693082,849,2.60507,;462.528519,858,2.65515,;462.528519,861,2.70527,;462.528519,865,2.75534,;462.528519,868,2.8054,;462.400563,873,2.85551,;461.364122,877,2.90559,;461.364122,883,2.95569,;461.364122,887,3.00576,;461.364122,891,3.05587,;461.364122,896,3.10597,;461.364122,900,3.15605,;461.364122,904,3.20616,;461.364122,912,3.25627,;461.364122,918,3.30639,;461.364122,925,3.3565,;461.364122,927,3.40662,;461.364122,931,3.45674,;461.364122,935,3.50681,;461.364122,940,3.55692,;461.364122,945,3.60703,;461.364122,953,3.65714,;461.364122,959,3.70725,;461.364122,962,3.75733,;461.364122,967,3.80742,;461.364122,975,3.85754,;461.364122,978,3.90761,;461.364122,981,3.95771,;461.364122,985,4.00782,;461.364122,988,4.05792,;461.364122,990,4.10801,;461.364122,995,4.15811,;461.364122,999,4.20822,;461.364122,1004,4.25833,;461.364122,1011,4.30843,;461.364122,1014,4.35853,;461.364122,1017,4.40862,;461.334806,1023,4.4587,;461.334806,1025,4.50882,;461.334806,1033,4.55889,;461.334806,1037,4.60899,;461.334806,1040,4.65907,;461.334806,1041,4.70919,;460.821065,1042,4.75927,;460.821065,1045,4.80934,;460.821065,1049,4.85944,;460.590533,1051,4.90954,;460.590533,1053,4.95965,;460.590533,1058,5.00975,;460.590533,1060,5.05983,;460.590533,1066,5.10993,;460.202834,1069,5.16004,;460.202834,1073,5.21014,;460.202834,1075,5.26024,;460.202834,1078,5.31034,;460.202834,1080,5.36045,;460.202834,1084,5.41054,;460.202834,1091,5.46064,;460.202834,1094,5.51074,;460.202834,1102,5.56082,;460.202834,1106,5.61089,;460.202834,1108,5.66097,;460.202834,1113,5.71106,;460.202834,1116,5.76115,;460.202834,1118,5.81124,;460.202834,1121,5.86135,;460.202834,1123,5.91145,;460.202834,1126,5.96155,;459.539961,1129,6.01164,;459.539961,1131,6.06172,;459.539961,1134,6.11181,;459.539961,1136,6.16191,;459.539961,1136,6.21199,;459.539961,1136,6.2621,;459.539961,1136,6.31218,;459.539961,1136,6.3623,;459.539961,1136,6.4124,;459.539961,1136,6.46248,;457.952655,1137,6.51257,;457.952655,1138,6.56267,;457.952655,1141,6.61275,;457.952655,1142,6.6628,;457.883503,1143,6.71289,;457.883503,1144,6.76297,;457.883503,1144,6.81308,;457.883503,1144,6.86317,;457.883503,1144,6.91328,;457.883503,1144,6.96337,;457.883503,1144,7.01349,;457.883503,1144,7.06357,;457.883503,1144,7.11368,;457.883503,1144,7.16376,;457.883503,1144,7.21388,;457.883503,1144,7.26396,;457.883503,1144,7.31407,;457.883503,1144,7.36416,;457.883503,1144,7.41427,;457.883503,1144,7.46438,;457.883503,1144,7.51449,;457.883503,1144,7.56457,;457.883503,1144,7.61469,;457.883503,1144,7.6648,;457.883503,1144,7.71487,;457.883503,1144,7.76498,;457.883503,1144,7.81507,;457.883503,1144,7.86518,;450.802714,1145,7.91528,;450.802714,1145,7.96538,;450.802714,1150,8.01547,;450.802714,1152,8.06557,;450.167420,1153,8.11568,;450.167420,1156,8.16578,;450.167420,1157,8.21587,;450.167420,1159,8.26595,;450.167420,1161,8.31606,;450.167420,1164,8.36617,;450.167420,1167,8.41627,;450.167420,1168,8.46638,;450.167420,1170,8.51648,;450.167420,1172,8.56659,;450.167420,1173,8.61667,;450.167420,1175,8.66679,;450.167420,1176,8.71691,;450.167420,1176,8.76698,;450.167420,1179,8.81708,;450.167420,1180,8.86717,;450.167420,1182,8.91728,;450.167420,1185,8.96736,;450.167420,1186,9.01747,;450.167420,1187,9.06755,;450.167420,1189,9.11767,;450.167420,1190,9.16777,;450.167420,1193,9.21788,;450.167420,1195,9.26796,;450.167420,1196,9.31807,;450.167420,1197,9.36817,;450.167420,1198,9.41828,;450.167420,1201,9.4684,;449.997695,1203,9.51851,;449.997695,1204,9.56859,;449.997695,1207,9.61868,;449.997695,1210,9.66879,;449.997695,1212,9.71886,;449.997695,1213,9.76896,;449.997695,1214,9.81903,;449.997695,1216,9.86914,;449.997695,1217,9.91924,;449.997695,1219,9.96934,;449.997695,1221,10.0194,;449.997695,1222,10.0696,;449.997695,1222,10.1196,;
inf,294,0.0500951,;inf,358,0.100199,;inf,393,0.150305,;inf,425,0.200413,;inf,457,0.250527,;inf,494,0.300639,;inf,515,0.350721,;inf,547,0.400795,;inf,557,0.450895,;inf,578,0.501005,;inf,587,0.551118,;inf,598,0.601236,;inf,613,0.651338,;inf,627,0.701439,;inf,633,0.751505,;inf,643,0.801573,;inf,652,0.85167,;inf,659,0.901782,;inf,676,0.951864,;inf,693,1.00193,;inf,703,1.05206,;inf,709,1.10214,;inf,718,1.15223,;inf,724,1.20231,;inf,734,1.25239,;inf,741,1.30248,;inf,748,1.35256,;inf,752,1.40265,;inf,759,1.45275,;inf,768,1.50286,;inf,778,1.55296,;inf,784,1.60306,;inf,795,1.65314,;inf,800,1.70325,;inf,810,1.75335,;inf,815,1.80345,;inf,820,1.85356,;inf,823,1.90367,;inf,829,1.95375,;inf,835,2.00386,;inf,840,2.05395,;inf,845,2.10406,;inf,852,2.15414,;inf,855,2.20424,;inf,861,2.25433,;inf,868,2.30444,;inf,873,2.35451,;inf,876,2.4046,;inf,882,2.45468,;inf,886,2.50477,;inf,892,2.55486,;inf,897,2.60496,;inf,900,2.65503,;inf,904,2.70511,;inf,908,2.75521,;468.885725,914,2.80531,;468.885725,919,2.85542,;468.885725,923,2.90553,;468.885725,927,2.95563,;468.808135,931,3.00573,;468.808135,938,3.05583,;468.808135,944,3.10591,;466.547594,945,3.15599,;466.547594,949,3.20611,;466.547594,954,3.25621,;466.547594,960,3.30632,;466.547594,963,3.35644,;466.547594,965,3.40652,;466.547594,969,3.45663,;466.547594,973,3.50673,;466.547594,975,3.55684,;466.547594,981,3.60695,;466.339450,985,3.65706,;466.339450,988,3.70717,;466.339450,990,3.75728,;466.339450,992,3.80739,;466.339450,995,3.8575,;466.293098,997,3.9076,;466.293098,1003,3.95771,;466.293098,1004,4.00781,;465.440525,1007,4.05792,;465.440525,1012,4.10802,;465.440525,1014,4.15812,;465.440525,1016,4.20823,;465.440525,1021,4.25834,;465.440525,1025,4.30845,;465.440525,1027,4.35856,;465.440525,1027,4.40864,;464.990730,1028,4.45875,;455.665156,1031,4.50885,;455.665156,1034,4.55893,;455.665156,1036,4.60906,;455.665156,1039,4.65917,;455.665156,1043,4.70927,;455.665156,1046,4.75935,;455.665156,1049,4.80946,;455.665156,1052,4.85955,;455.665156,1057,4.90967,;455.665156,1058,4.95978,;455.665156,1061,5.00985,;455.665156,1064,5.05997,;455.665156,1068,5.11007,;455.665156,1074,5.16021,;455.665156,1078,5.21032,;455.665156,1081,5.26043,;455.665156,1082,5.31053,;455.665156,1084,5.36065,;455.665156,1087,5.41072,;455.665156,1092,5.46082,;455.665156,1101,5.51094,;455.665156,1103,5.56105,;455.665156,1106,5.61115,;455.665156,1109,5.66127,;455.665156,1109,5.71137,;455.144057,1112,5.76146,;455.144057,1114,5.81157,;455.144057,1116,5.86168,;455.144057,1120,5.91179,;454.947392,1121,5.96188,;454.947392,1125,6.012,;454.947392,1126,6.0621,;454.947392,1131,6.1122,;454.947392,1135,6.1623,;454.947392,1139,6.21237,;454.947392,1140,6.26246,;454.947392,1142,6.31259,;454.947392,1144,6.36269,;454.947392,1146,6.41279,;454.947392,1146,6.46287,;454.947392,1150,6.51299,;454.947392,1158,6.5631,;454.947392,1160,6.61317,;454.947392,1161,6.66328,;454.947392,1161,6.71337,;454.947392,1161,6.76347,;454.947392,1161,6.81355,;450.537675,1163,6.86366,;450.537675,1164,6.91377,;450.537675,1169,6.96387,;450.537675,1171,7.01398,;450.537675,1175,7.06408,;450.537675,1176,7.11419,;450.537675,1178,7.16429,;450.537675,1181,7.21441,;450.537675,1189,7.26451,;450.537675,1191,7.3146,;450.537675,1196,7.36472,;450.537675,1198,7.41481,;450.537675,1200,7.46492,;450.537675,1201,7.51503,;450.537675,1203,7.56514,;450.537675,1205,7.61525,;450.537675,1208,7.66535,;450.537675,1209,7.71546,;450.537675,1212,7.76555,;450.537675,1214,7.81563,;450.537675,1215,7.86573,;450.537675,1217,7.91584,;450.537675,1221,7.96594,;450.537675,1223,8.01604,;450.537675,1225,8.06611,;450.537675,1227,8.11621,;450.537675,1229,8.16632,;450.537675,1230,8.21639,;450.537675,1233,8.26649,;450.537675,1234,8.3166,;450.537675,1236,8.3667,;450.508600,1237,8.41681,;450.508600,1241,8.46692,;450.508600,1243,8.51703,;450.508600,1247,8.56717,;450.508600,1248,8.61725,;450.508600,1250,8.66737,;450.508600,1252,8.71746,;450.508600,1254,8.76756,;450.508600,1256,8.81765,;450.508600,1261,8.86775,;450.508600,1264,8.91785,;450.508600,1266,8.96796,;450.508600,1266,9.01807,;450.508600,1267,9.06817,;450.508600,1268,9.11827,;450.508600,1269,9.16838,;450.508600,1271,9.21847,;450.508600,1273,9.26856,;450.508600,1274,9.31863,;450.508600,1279,9.36874,;450.508600,1281,9.41883,;450.508600,1283,9.46891,;450.508600,1287,9.51899,;450.508600,1287,9.56907,;450.508600,1290,9.61915,;450.508600,1293,9.66923,;450.508600,1294,9.71934,;449.094314,1299,9.76942,;449.094314,1301,9.81952,;449.094314,1303,9.86961,;449.094314,1305,9.91972,;449.094314,1308,9.9698,;449.094314,1312,10.0199,;449.094314,1314,10.07,;
inf,285,0.0500579,;inf,359,0.100128,;inf,390,0.150204,;inf,416,0.200277,;inf,475,0.250353,;inf,488,0.300422,;inf,514,0.350491,;inf,531,0.400562,;inf,545,0.450642,;inf,559,0.500708,;inf,585,0.550794,;inf,600,0.600879,;inf,617,0.650971,;inf,628,0.701068,;inf,649,0.751167,;inf,656,0.801252,;inf,676,0.851345,;inf,690,0.901448,;inf,697,0.951571,;inf,706,1.00165,;inf,715,1.05172,;inf,728,1.10182,;inf,737,1.15189,;inf,747,1.20197,;inf,755,1.25205,;inf,768,1.30214,;inf,781,1.35222,;inf,803,1.40231,;inf,811,1.45241,;inf,824,1.50251,;inf,839,1.5526,;inf,850,1.60269,;inf,856,1.65277,;inf,868,1.70281,;inf,882,1.75291,;inf,892,1.80303,;inf,895,1.85308,;inf,900,1.90316,;inf,909,1.95324,;inf,915,2.00332,;inf,924,2.0534,;inf,932,2.1035,;inf,942,2.15359,;inf,950,2.20366,;inf,956,2.2538,;inf,964,2.30388,;inf,970,2.35398,;inf,981,2.40406,;inf,988,2.45418,;inf,999,2.50426,;inf,1005,2.55437,;inf,1010,2.60447,;inf,1014,2.65457,;inf,1019,2.70468,;inf,1023,2.75479,;inf,1031,2.80489,;inf,1036,2.85501,;inf,1039,2.90511,;inf,1041,2.95521,;inf,1046,3.00529,;inf,1050,3.0554,;inf,1058,3.1055,;inf,1069,3.15561,;inf,1073,3.20572,;inf,1077,3.25579,;inf,1083,3.30591,;inf,1088,3.35599,;inf,1093,3.40608,;inf,1097,3.45618,;inf,1105,3.50629,;inf,1106,3.55638,;inf,1114,3.60649,;inf,1118,3.65656,;inf,1127,3.70666,;inf,1131,3.75674,;inf,1135,3.80686,;inf,1137,3.85695,;inf,1157,3.90705,;inf,1163,3.95715,;inf,1170,4.00725,;inf,1172,4.05734,;inf,1181,4.10743,;inf,1185,4.15751,;inf,1186,4.2076,;inf,1191,4.25768,;inf,1198,4.30776,;inf,1205,4.35783,;inf,1209,4.4079,;inf,1211,4.45801,;inf,1216,4.50812,;inf,1219,4.55819,;inf,1223,4.60832,;inf,1227,4.65844,;inf,1230,4.70854,;inf,1234,4.75865,;inf,1241,4.80877,;inf,1242,4.85889,;inf,1245,4.90899,;inf,1247,4.95909,;inf,1263,5.00919,;inf,1265,5.0593,;inf,1269,5.1094,;inf,1277,5.1595,;inf,1280,5.20961,;inf,1281,5.25973,;inf,1284,5.30983,;inf,1289,5.35995,;inf,1295,5.41007,;inf,1299,5.46018,;inf,1302,5.51029,;inf,1307,5.5604,;inf,1313,5.6105,;inf,1320,5.66061,;inf,1326,5.71074,;inf,1327,5.76082,;inf,1329,5.81094,;inf,1333,5.86105,;inf,1341,5.91115,;inf,1355,5.96126,;inf,1358,6.01136,;inf,1364,6.06146,;inf,1365,6.11157,;inf,1370,6.16164,;inf,1375,6.21173,;inf,1376,6.26184,;inf,1377,6.31191,;inf,1387,6.36202,;inf,1388,6.41213,;inf,1392,6.4622,;inf,1393,6.51231,;inf,1394,6.56237,;inf,1394,6.61248,;inf,1396,6.66256,;inf,1399,6.71266,;inf,1401,6.76275,;inf,1402,6.81286,;inf,1403,6.86294,;inf,1415,6.91301,;inf,1416,6.96309,;inf,1419,7.01318,;inf,1422,7.06326,;inf,1425,7.11335,;inf,1427,7.16344,;inf,1428,7.21353,;inf,1429,7.26361,;inf,1433,7.31374,;inf,1435,7.36381,;inf,1438,7.41392,;inf,1442,7.46399,;inf,1443,7.5141,;inf,1446,7.56418,;inf,1450,7.6143,;inf,1452,7.66437,;inf,1455,7.71449,;inf,1457,7.76458,;inf,1463,7.8147,;inf,1465,7.86481,;inf,1466,7.91489,;inf,1471,7.965,;inf,1472,8.0151,;inf,1479,8.06518,;inf,1480,8.11529,;inf,1481,8.16539,;inf,1485,8.2155,;inf,1487,8.2656,;inf,1493,8.3157,;inf,1495,8.36581,;inf,1498,8.41591,;inf,1499,8.46602,;inf,1504,8.51612,;inf,1506,8.56623,;inf,1509,8.6163,;inf,1510,8.66642,;inf,1513,8.71652,;inf,1514,8.76662,;inf,1515,8.81672,;inf,1517,8.86683,;inf,1519,8.91697,;inf,1523,8.96705,;inf,1524,9.01716,;inf,1526,9.06724,;inf,1532,9.11738,;inf,1534,9.16745,;inf,1536,9.21755,;inf,1538,9.26765,;inf,1546,9.31772,;inf,1549,9.36781,;inf,1551,9.41791,;inf,1555,9.468,;inf,1556,9.5181,;inf,1561,9.5682,;inf,1562,9.6183,;inf,1566,9.66839,;inf,1568,9.71849,;inf,1573,9.76856,;inf,1574,9.81864,;inf,1576,9.86871,;inf,1579,9.91882,;inf,1581,9.96891,;inf,1590,10.019,;inf,1591,10.0691,;
inf,277,0.0500956,;inf,328,0.100192,;inf,385,0.150302,;inf,399,0.200405,;inf,436,0.250509,;inf,474,0.300615,;inf,498,0.350731,;inf,518,0.400836,;inf,550,0.450942,;inf,574,0.501033,;inf,595,0.551163,;inf,605,0.601272,;inf,623,0.651344,;inf,635,0.701452,;inf,649,0.751538,;inf,672,0.801645,;inf,684,0.851732,;inf,692,0.901848,;inf,706,0.951933,;inf,711,1.00203,;inf,724,1.05214,;inf,730,1.10225,;inf,738,1.15233,;inf,752,1.20244,;inf,755,1.25255,;inf,760,1.30268,;inf,766,1.35278,;inf,772,1.40289,;inf,775,1.453,;inf,780,1.5031,;inf,789,1.5532,;inf,792,1.6033,;inf,800,1.6534,;inf,807,1.70347,;inf,814,1.75359,;inf,822,1.80368,;inf,831,1.85378,;inf,842,1.90387,;inf,848,1.95399,;inf,856,2.00408,;inf,864,2.0542,;inf,878,2.10429,;inf,886,2.15442,;inf,888,2.20454,;inf,896,2.25463,;inf,900,2.30474,;inf,904,2.35486,;inf,912,2.40497,;inf,923,2.4551,;inf,930,2.50519,;inf,940,2.55528,;inf,945,2.60537,;inf,949,2.65545,;inf,954,2.70557,;inf,958,2.75565,;inf,959,2.80576,;inf,966,2.85586,;inf,969,2.90597,;inf,972,2.95606,;inf,974,3.00617,;inf,980,3.05627,;519.494164,987,3.10638,;519.494164,991,3.15649,;519.494164,992,3.20659,;519.494164,999,3.25669,;519.494164,1002,3.30681,;519.494164,1010,3.35692,;519.494164,1013,3.40702,;519.494164,1021,3.45714,;515.181081,1029,3.50724,;515.181081,1032,3.55734,;504.912070,1035,3.60745,;504.912070,1039,3.65755,;504.912070,1047,3.70764,;504.912070,1053,3.75776,;504.912070,1054,3.80787,;504.890563,1058,3.85799,;504.890563,1061,3.90809,;504.890563,1067,3.9582,;504.890563,1071,4.00831,;504.890563,1077,4.05842,;504.890563,1079,4.10853,;503.094014,1093,4.15862,;503.094014,1100,4.20873,;503.094014,1104,4.25883,;503.094014,1106,4.30895,;503.094014,1109,4.35905,;503.094014,1116,4.40916,;503.094014,1121,4.45921,;487.136958,1129,4.50929,;487.136958,1134,4.55937,;487.136958,1138,4.60949,;487.136958,1141,4.65959,;487.136958,1143,4.70969,;487.136958,1148,4.75978,;487.136958,1151,4.80991,;487.136958,1153,4.86001,;487.136958,1155,4.91012,;487.136958,1160,4.96019,;474.472881,1165,5.01029,;473.812522,1170,5.0604,;473.812522,1171,5.11051,;471.426777,1174,5.16063,;469.257377,1179,5.21073,;469.257377,1182,5.26082,;469.257377,1185,5.31094,;469.257377,1186,5.36104,;469.257377,1188,5.41115,;467.919109,1191,5.46127,;467.223781,1195,5.51134,;467.223781,1197,5.5614,;467.223781,1198,5.61148,;467.182308,1201,5.66158,;467.182308,1209,5.71166,;467.182308,1210,5.76179,;467.182308,1211,5.81187,;467.182308,1214,5.86198,;467.182308,1216,5.91207,;466.479017,1219,5.96217,;466.479017,1221,6.01228,;466.479017,1222,6.06238,;466.479017,1227,6.11249,;466.479017,1228,6.16261,;466.393095,1231,6.21272,;466.393095,1232,6.26282,;465.122479,1236,6.31295,;465.122479,1237,6.36306,;465.122479,1238,6.41316,;465.122479,1241,6.46326,;465.122479,1242,6.51337,;465.122479,1245,6.56344,;465.122479,1246,6.61356,;465.122479,1251,6.66366,;465.122479,1252,6.71376,;465.122479,1254,6.76388,;465.122479,1255,6.81398,;465.122479,1256,6.86407,;465.122479,1261,6.91418,;465.122479,1266,6.96429,;464.976640,1270,7.0144,;464.907399,1273,7.06452,;464.907399,1274,7.11463,;464.907399,1274,7.16475,;464.907399,1276,7.21486,;463.556113,1279,7.26495,;459.229438,1281,7.31507,;459.229438,1284,7.36518,;459.229438,1287,7.41529,;459.229438,1288,7.4654,;459.114943,1297,7.5155,;459.114943,1298,7.56562,;459.114943,1299,7.61572,;456.818064,1301,7.66582,;456.818064,1301,7.71591,;456.681214,1303,7.76603,;456.681214,1304,7.81614,;456.355928,1311,7.86624,;456.355928,1311,7.91634,;456.355928,1312,7.96644,;456.355928,1314,8.01655,;456.355928,1317,8.06666,;456.355928,1319,8.11676,;456.355928,1323,8.16688,;456.355928,1323,8.21699,;452.579877,1326,8.2671,;452.579877,1328,8.31721,;452.579877,1330,8.36732,;452.579877,1331,8.41742,;452.579877,1334,8.46753,;452.579877,1337,8.51764,;452.579877,1338,8.56771,;452.579877,1340,8.61784,;452.579877,1342,8.66795,;452.579877,1343,8.71805,;452.579877,1346,8.76816,;452.416671,1348,8.81826,;452.416671,1351,8.86836,;452.416671,1353,8.91847,;452.416671,1353,8.96857,;452.416671,1357,9.01868,;452.416671,1358,9.0688,;452.416671,1360,9.11891,;452.416671,1363,9.16906,;452.416671,1364,9.21915,;452.416671,1365,9.26927,;452.416671,1365,9.31935,;452.416671,1370,9.36943,;452.416671,1372,9.41951,;452.416671,1374,9.46963,;452.416671,1375,9.5197,;452.416671,1376,9.56982,;452.416671,1380,9.6199,;452.416671,1383,9.66997,;452.416671,1386,9.72006,;452.416671,1387,9.77016,;452.416671,1389,9.82026,;452.416671,1390,9.87037,;452.416671,1393,9.92045,;452.416671,1395,9.97052,;452.416671,1398,10.0206,;452.416671,1400,10.0707,;
inf,321,0.0500955,;inf,374,0.100167,;inf,411,0.150291,;inf,441,0.200413,;inf,468,0.250522,;inf,487,0.300625,;inf,510,0.350694,;inf,523,0.400797,;inf,534,0.450882,;inf,552,0.500959,;inf,564,0.551059,;inf,580,0.601175,;inf,595,0.651263,;inf,604,0.701347,;inf,616,0.751438,;inf,628,0.801544,;inf,644,0.851654,;inf,657,0.901758,;inf,667,0.951868,;inf,673,1.00198,;inf,680,1.05208,;inf,686,1.10218,;inf,699,1.15229,;inf,701,1.20241,;inf,704,1.25253,;inf,710,1.30264,;inf,713,1.35275,;inf,718,1.40285,;inf,725,1.45296,;inf,731,1.50306,;inf,739,1.55318,;inf,746,1.60328,;inf,756,1.65336,;inf,762,1.70349,;470.929205,773,1.75357,;470.929205,774,1.80365,;470.852615,778,1.85376,;470.852615,782,1.90387,;470.852615,786,1.95397,;470.852615,796,2.00406,;470.852615,801,2.05414,;470.852615,809,2.10431,;470.852615,813,2.15439,;470.852615,818,2.20451,;470.852615,822,2.25458,;470.852615,826,2.30469,;470.852615,830,2.35477,;470.834735,835,2.40487,;470.834735,840,2.45498,;470.834735,841,2.50509,;470.752708,843,2.55521,;466.511671,846,2.60532,;466.511671,849,2.65543,;466.511671,855,2.70554,;466.511671,860,2.75564,;466.511671,866,2.80575,;466.511671,872,2.85586,;466.511671,875,2.90596,;466.511671,878,2.95606,;466.511671,882,3.00618,;466.511671,886,3.05629,;466.511671,888,3.10639,;466.511671,891,3.1565,;466.511671,894,3.20659,;466.381236,896,3.25671,;466.354297,899,3.30682,;466.354297,905,3.35693,;466.354297,908,3.40704,;466.354297,912,3.45714,;466.354297,915,3.50725,;466.354297,918,3.55735,;463.786157,920,3.60746,;463.786157,927,3.65757,;463.786157,929,3.70769,;463.786157,932,3.7578,;463.658045,936,3.80791,;463.658045,940,3.85801,;463.658045,941,3.90812,;463.658045,943,3.95822,;463.658045,945,4.00834,;463.658045,949,4.05842,;463.658045,950,4.10853,;463.658045,953,4.15861,;463.658045,956,4.20872,;463.658045,960,4.25881,;463.658045,961,4.30892,;463.658045,961,4.35903,;462.702893,964,4.40913,;462.702893,966,4.45924,;462.702893,968,4.50936,;462.702893,972,4.55948,;462.702893,974,4.60958,;462.702893,976,4.65967,;462.702893,979,4.70978,;462.702893,982,4.75989,;462.702893,988,4.81,;462.702893,991,4.8601,;462.702893,991,4.91022,;462.702893,991,4.96032,;458.838405,994,5.01041,;458.838405,997,5.06052,;458.838405,1001,5.11059,;458.838405,1002,5.1607,;458.838405,1002,5.21081,;458.323687,1005,5.26092,;458.323687,1008,5.31101,;458.323687,1013,5.36113,;458.323687,1016,5.41122,;458.323687,1017,5.46132,;458.323687,1019,5.51142,;458.323687,1021,5.56154,;458.323687,1024,5.61162,;458.323687,1028,5.6617,;458.323687,1030,5.71179,;458.323687,1033,5.76188,;458.323687,1036,5.81198,;458.323687,1041,5.86209,;458.323687,1045,5.91217,;458.323687,1048,5.96229,;458.323687,1049,6.01241,;458.323687,1055,6.06252,;458.323687,1059,6.11263,;458.323687,1061,6.16271,;458.323687,1063,6.21282,;458.323687,1065,6.2629,;458.323687,1067,6.31301,;458.323687,1070,6.36309,;458.323687,1073,6.4132,;458.323687,1076,6.46328,;458.323687,1077,6.51339,;458.323687,1080,6.56349,;458.323687,1082,6.61357,;458.323687,1086,6.66366,;458.323687,1089,6.71377,;458.323687,1090,6.76383,;458.323687,1093,6.81395,;458.323687,1097,6.86407,;458.323687,1099,6.91417,;458.323687,1099,6.96428,;457.317109,1103,7.01439,;457.317109,1105,7.0645,;457.317109,1107,7.11457,;457.317109,1109,7.16467,;457.317109,1110,7.21478,;457.317109,1112,7.26489,;457.317109,1116,7.315,;457.317109,1119,7.36512,;457.317109,1122,7.41523,;457.317109,1126,7.46533,;457.317109,1127,7.51545,;457.317109,1130,7.56555,;457.317109,1133,7.61565,;457.317109,1137,7.66576,;457.317109,1140,7.71586,;457.317109,1142,7.76598,;457.317109,1144,7.81609,;457.317109,1145,7.86618,;457.317109,1147,7.91628,;457.317109,1149,7.96639,;457.317109,1151,8.0165,;457.317109,1155,8.06657,;457.317109,1156,8.11668,;457.317109,1160,8.16675,;457.317109,1161,8.21686,;457.317109,1162,8.26695,;457.317109,1167,8.31706,;457.317109,1169,8.36714,;457.317109,1173,8.41725,;457.317109,1176,8.46735,;457.317109,1179,8.51744,;457.317109,1182,8.56755,;457.317109,1185,8.61764,;457.317109,1186,8.66775,;457.317109,1189,8.71786,;457.317109,1191,8.76796,;457.317109,1192,8.81807,;457.317109,1194,8.86817,;457.317109,1197,8.91828,;457.317109,1203,8.96838,;457.317109,1206,9.01849,;457.317109,1207,9.0686,;457.317109,1209,9.11867,;457.317109,1211,9.16877,;457.317109,1216,9.2189,;457.317109,1219,9.26901,;457.317109,1222,9.31913,;457.317109,1223,9.36924,;457.317109,1225,9.41935,;457.317109,1229,9.46945,;457.317109,1230,9.51956,;457.317109,1232,9.56964,;457.317109,1234,9.61978,;457.317109,1236,9.66991,;457.317109,1237,9.71999,;457.317109,1238,9.77013,;457.317109,1240,9.82026,;457.317109,1242,9.87037,;457.317109,1245,9.92045,;457.317109,1245,9.97053,;457.317109,1252,10.0206,;457.317109,1253,10.0707,;
inf,296,0.0501611,;inf,340,0.100258,;inf,367,0.150344,;inf,412,0.20043,;inf,444,0.250501,;inf,469,0.3006,;inf,484,0.350667,;inf,507,0.400748,;inf,529,0.450833,;inf,547,0.500927,;inf,568,0.551019,;inf,574,0.601105,;inf,602,0.651187,;inf,610,0.701298,;inf,630,0.751403,;inf,645,0.801485,;inf,659,0.851565,;inf,668,0.901672,;inf,675,0.951779,;inf,688,1.00188,;inf,697,1.05199,;inf,704,1.1021,;inf,715,1.1522,;inf,723,1.2023,;inf,726,1.25242,;inf,737,1.30247,;inf,749,1.35257,;inf,761,1.40264,;inf,773,1.45274,;inf,783,1.50282,;inf,786,1.55289,;inf,794,1.60298,;inf,803,1.65306,;inf,806,1.70316,;inf,810,1.75328,;inf,816,1.80338,;inf,829,1.85349,;inf,839,1.90356,;inf,846,1.95367,;inf,853,2.00376,;inf,869,2.05387,;inf,881,2.10399,;inf,886,2.15409,;inf,889,2.20421,;inf,899,2.25431,;inf,905,2.30441,;inf,912,2.35446,;inf,916,2.40456,;inf,929,2.45463,;inf,937,2.50473,;inf,941,2.55483,;inf,948,2.60494,;inf,953,2.65502,;inf,955,2.70512,;inf,958,2.75521,;inf,972,2.80531,;inf,981,2.8554,;inf,989,2.9055,;inf,999,2.95559,;inf,1003,3.00569,;inf,1008,3.05578,;inf,1014,3.10589,;inf,1017,3.15599,;inf,1020,3.2061,;inf,1027,3.25622,;inf,1030,3.30633,;inf,1034,3.35643,;inf,1043,3.40654,;inf,1044,3.45664,;inf,1047,3.50675,;inf,1052,3.55686,;inf,1054,3.60694,;inf,1055,3.65702,;inf,1058,3.70712,;inf,1066,3.75723,;inf,1074,3.80733,;inf,1084,3.85744,;inf,1088,3.90754,;inf,1094,3.95765,;inf,1095,4.00776,;inf,1097,4.05786,;inf,1104,4.10797,;inf,1108,4.15804,;inf,1112,4.20813,;inf,1117,4.25821,;inf,1127,4.30828,;inf,1132,4.35835,;inf,1134,4.40847,;inf,1141,4.45858,;inf,1147,4.50868,;inf,1150,4.55878,;inf,1154,4.60888,;inf,1161,4.65899,;inf,1169,4.70909,;inf,1171,4.75919,;inf,1173,4.80927,;inf,1180,4.85936,;inf,1182,4.90948,;inf,1183,4.95957,;inf,1189,5.00967,;inf,1190,5.05975,;inf,1194,5.10986,;inf,1196,5.15996,;inf,1199,5.21003,;inf,1203,5.26016,;inf,1207,5.31023,;inf,1209,5.36034,;inf,1213,5.41044,;inf,1220,5.46055,;inf,1222,5.51062,;inf,1222,5.56072,;inf,1224,5.61082,;inf,1227,5.66093,;inf,1227,5.71102,;inf,1230,5.76113,;inf,1232,5.81122,;inf,1236,5.86132,;inf,1239,5.91143,;inf,1240,5.96153,;inf,1242,6.01162,;inf,1243,6.06177,;inf,1245,6.11187,;inf,1245,6.16197,;inf,1247,6.21207,;inf,1249,6.26215,;inf,1253,6.31226,;inf,1256,6.36237,;inf,1264,6.41244,;inf,1267,6.46252,;inf,1273,6.51264,;inf,1275,6.56274,;inf,1276,6.61282,;inf,1283,6.66289,;inf,1292,6.71298,;inf,1293,6.76308,;inf,1295,6.81317,;inf,1297,6.86325,;inf,1300,6.91334,;inf,1306,6.96343,;inf,1309,7.01352,;inf,1310,7.06359,;inf,1311,7.1137,;inf,1313,7.16378,;inf,1317,7.21389,;inf,1324,7.26397,;inf,1330,7.31409,;inf,1333,7.36419,;inf,1336,7.4143,;inf,1343,7.4644,;inf,1348,7.51445,;inf,1349,7.56456,;inf,1352,7.61463,;inf,1354,7.6647,;inf,1355,7.71478,;inf,1360,7.7649,;inf,1365,7.81498,;inf,1368,7.86506,;inf,1371,7.91516,;inf,1374,7.96527,;inf,1376,8.01534,;inf,1378,8.06541,;inf,1379,8.11553,;inf,1388,8.16561,;inf,1389,8.2157,;inf,1392,8.26582,;inf,1395,8.31592,;inf,1399,8.36602,;inf,1403,8.41612,;inf,1407,8.4662,;inf,1409,8.51631,;inf,1410,8.56639,;inf,1413,8.61651,;inf,1413,8.66658,;inf,1415,8.7166,;inf,1421,8.76667,;inf,1426,8.81676,;inf,1429,8.86684,;inf,1432,8.91695,;inf,1435,8.96702,;inf,1438,9.01712,;inf,1441,9.0672,;inf,1442,9.11729,;inf,1448,9.16736,;inf,1451,9.21747,;inf,1451,9.26756,;inf,1452,9.31766,;inf,1458,9.36777,;inf,1462,9.41785,;inf,1463,9.46797,;inf,1471,9.51808,;inf,1472,9.56818,;466.024747,1481,9.61828,;464.354441,1485,9.66839,;464.354441,1487,9.71844,;464.354441,1492,9.76856,;464.354441,1494,9.81864,;459.833570,1497,9.86874,;459.833570,1500,9.91883,;459.833570,1500,9.96898,;459.833570,1504,10.0191,;459.833570,1507,10.0692,;
inf,306,0.0500908,;inf,373,0.100199,;526.730884,432,0.150304,;512.322483,460,0.200406,;512.287132,478,0.250509,;512.195116,498,0.300615,;510.797425,514,0.350689,;510.797425,514,0.400797,;504.129532,528,0.450888,;504.081933,540,0.500971,;504.081933,553,0.551074,;504.081933,564,0.601159,;504.081933,573,0.651272,;504.081933,581,0.701375,;500.347277,590,0.751481,;500.347277,601,0.801589,;499.746025,610,0.851702,;499.746025,619,0.901788,;499.746025,631,0.951903,;499.746025,637,1.00201,;499.715812,651,1.05212,;486.416481,656,1.10222,;484.672591,665,1.15234,;484.672591,674,1.20243,;484.672591,682,1.25254,;484.672591,692,1.30266,;484.672591,699,1.35276,;484.672591,705,1.40286,;484.672591,715,1.45297,;483.821126,721,1.50307,;483.116154,725,1.55316,;483.116154,731,1.60324,;483.116154,736,1.65334,;483.116154,741,1.70346,;483.116154,745,1.75354,;483.116154,751,1.80365,;482.979884,758,1.85377,;482.979884,765,1.90387,;480.403294,766,1.95398,;476.011537,771,2.00408,;476.011537,775,2.05419,;476.011537,778,2.10429,;476.011537,780,2.15436,;476.011537,788,2.20446,;476.011537,791,2.25457,;474.352207,795,2.30468,;474.352207,799,2.35478,;474.352207,804,2.40489,;474.285665,807,2.455,;474.285665,814,2.5051,;474.202353,820,2.55521,;474.202353,822,2.60532,;474.202353,830,2.6554,;474.202353,834,2.70549,;474.202353,838,2.7556,;474.202353,842,2.80571,;474.202353,846,2.85583,;474.202353,849,2.90594,;474.202353,852,2.95601,;474.202353,856,3.00612,;474.202353,860,3.05622,;474.202353,863,3.10628,;474.202353,863,3.1564,;472.500767,868,3.20651,;472.500767,874,3.25662,;472.500767,875,3.30673,;472.500767,875,3.3568,;468.330239,877,3.40687,;468.330239,884,3.45694,;468.330239,889,3.50703,;468.330239,896,3.5571,;468.330239,900,3.6072,;468.330239,908,3.65729,;468.330239,911,3.70737,;468.330239,916,3.75746,;468.330239,918,3.80757,;468.330239,920,3.85767,;468.330239,925,3.90778,;468.330239,928,3.95789,;468.330239,932,4.00801,;468.330239,933,4.05809,;468.201038,938,4.1082,;468.201038,942,4.1583,;468.201038,948,4.2084,;468.201038,951,4.25852,;468.201038,953,4.30861,;468.145068,958,4.3587,;468.145068,959,4.40877,;468.145068,963,4.45888,;468.145068,966,4.50895,;466.714132,968,4.55905,;466.714132,970,4.60914,;466.714132,974,4.65925,;466.322118,975,4.70934,;466.322118,982,4.75945,;466.322118,984,4.80954,;465.365474,986,4.85963,;465.365474,992,4.90972,;465.365474,994,4.95983,;465.365474,995,5.00994,;465.365474,1000,5.06004,;465.365474,1002,5.11015,;465.365474,1003,5.16027,;465.365474,1003,5.21035,;465.365474,1003,5.26044,;465.365474,1003,5.31054,;465.365474,1003,5.36065,;465.365474,1003,5.41074,;465.365474,1003,5.46082,;463.649786,1006,5.51092,;463.620372,1008,5.56099,;463.620372,1011,5.6111,;463.620372,1015,5.66118,;462.789772,1018,5.7113,;462.789772,1021,5.76139,;462.789772,1025,5.81151,;462.789772,1027,5.86161,;462.789772,1030,5.91172,;462.789772,1033,5.96179,;462.789772,1034,6.0119,;462.789772,1035,6.062,;462.789772,1043,6.1121,;462.789772,1049,6.16222,;462.789772,1051,6.21234,;462.789772,1056,6.26245,;462.789772,1059,6.31258,;462.789772,1063,6.36269,;462.789772,1065,6.41272,;462.789772,1069,6.46282,;462.789772,1072,6.51289,;462.789772,1075,6.56301,;462.789772,1077,6.61309,;462.789772,1079,6.6632,;462.789772,1080,6.71329,;462.789772,1084,6.76336,;462.789772,1086,6.81344,;462.789772,1089,6.86351,;462.789772,1091,6.91361,;462.789772,1094,6.9637,;462.789772,1096,7.01379,;462.789772,1098,7.06388,;462.789772,1103,7.11397,;462.789772,1106,7.16407,;462.789772,1109,7.21415,;462.602223,1111,7.26425,;462.602223,1113,7.31434,;462.602223,1113,7.36445,;462.389461,1114,7.41453,;462.389461,1119,7.46464,;462.389461,1120,7.51475,;462.389461,1122,7.56482,;462.389461,1126,7.61492,;462.389461,1127,7.66501,;462.389461,1130,7.71513,;462.389461,1131,7.76522,;462.389461,1133,7.81533,;462.389461,1135,7.86544,;462.389461,1140,7.91554,;462.389461,1144,7.96569,;462.389461,1146,8.0158,;462.389461,1148,8.06587,;462.389461,1152,8.11597,;462.389461,1155,8.16607,;462.389461,1158,8.21616,;462.389461,1161,8.26625,;462.389461,1164,8.31635,;462.389461,1166,8.36643,;462.389461,1169,8.41654,;462.389461,1170,8.46665,;462.389461,1171,8.51672,;462.389461,1172,8.56683,;462.389461,1173,8.6169,;462.389461,1176,8.66698,;462.389461,1179,8.71707,;462.389461,1183,8.76717,;462.389461,1187,8.8173,;462.389461,1191,8.86741,;462.389461,1193,8.9175,;462.389461,1193,8.9676,;462.389461,1194,9.01771,;462.389461,1194,9.0678,;462.389461,1194,9.11791,;462.389461,1194,9.168,;462.389461,1194,9.21811,;462.389461,1194,9.26824,;462.389461,1194,9.31835,;462.389461,1194,9.36847,;462.389461,1194,9.41858,;462.389461,1194,9.46869,;462.389461,1194,9.51881,;462.389461,1194,9.56888,;462.389461,1194,9.61896,;462.389461,1194,9.66906,;462.389461,1194,9.71915,;462.389461,1194,9.76925,;462.389461,1194,9.81932,;462.389461,1194,9.8694,;462.389461,1194,9.91948,;462.389461,1194,9.96956,;
inf,283,0.0500698,;inf,328,0.100155,;inf,357,0.15026,;inf,376,0.200368,;inf,421,0.250441,;inf,450,0.300539,;inf,478,0.350633,;inf,505,0.400706,;inf,514,0.450786,;inf,529,0.500878,;inf,541,0.550966,;inf,551,0.601047,;inf,560,0.651164,;inf,581,0.70128,;inf,602,0.751363,;inf,613,0.801474,;inf,630,0.85156,;inf,642,0.901648,;inf,661,0.951747,;inf,670,1.00187,;inf,680,1.05198,;inf,689,1.10209,;inf,694,1.15218,;inf,702,1.20229,;inf,725,1.25238,;inf,736,1.30249,;inf,740,1.35258,;inf,749,1.40269,;inf,749,1.45279,;inf,757,1.5029,;inf,764,1.553,;inf,774,1.60312,;inf,781,1.65323,;inf,798,1.7033,;inf,808,1.75339,;inf,812,1.80347,;inf,818,1.85359,;inf,825,1.90367,;inf,839,1.95378,;inf,843,2.00387,;inf,850,2.05394,;inf,860,2.10404,;inf,865,2.15414,;inf,868,2.20425,;inf,876,2.25435,;inf,882,2.30443,;inf,893,2.35454,;inf,899,2.40464,;inf,904,2.45475,;inf,907,2.50485,;473.191047,914,2.55493,;473.191047,920,2.60504,;473.191047,929,2.65515,;473.191047,932,2.70524,;473.191047,939,2.75528,;471.419523,955,2.80539,;469.179795,961,2.85547,;469.179795,966,2.90557,;466.860034,971,2.95566,;466.860034,976,3.00577,;466.860034,983,3.05586,;464.786222,990,3.10598,;464.513253,998,3.15606,;464.513253,1003,3.20617,;464.011134,1007,3.25627,;464.011134,1010,3.3064,;462.085149,1017,3.35651,;462.085149,1020,3.40661,;462.085149,1026,3.45673,;462.085149,1028,3.5068,;462.085149,1032,3.55691,;462.085149,1040,3.60704,;462.085149,1044,3.65714,;462.085149,1047,3.70722,;462.085149,1050,3.75734,;462.085149,1053,3.80745,;462.085149,1056,3.85755,;462.085149,1062,3.90767,;462.085149,1063,3.95777,;462.085149,1066,4.00786,;462.085149,1070,4.05797,;462.003908,1077,4.10808,;461.155548,1081,4.15818,;461.155548,1085,4.20829,;461.155548,1087,4.25839,;460.686503,1092,4.30847,;460.686503,1096,4.35858,;460.686503,1099,4.40868,;460.571167,1102,4.4588,;460.571167,1103,4.5089,;460.571167,1107,4.55898,;460.571167,1111,4.6091,;460.571167,1112,4.65918,;460.571167,1113,4.70925,;460.571167,1116,4.75929,;460.571167,1120,4.8094,;460.571167,1124,4.85946,;460.571167,1127,4.90953,;460.571167,1129,4.9596,;460.571167,1131,5.00972,;460.571167,1133,5.05979,;459.625183,1138,5.10989,;459.625183,1140,5.15996,;459.625183,1142,5.21003,;459.625183,1145,5.2601,;459.625183,1149,5.31023,;459.309565,1155,5.36035,;459.309565,1158,5.41046,;459.309565,1162,5.46053,;459.309565,1165,5.51061,;459.309565,1169,5.56072,;459.309565,1172,5.61086,;459.309565,1175,5.66096,;459.309565,1180,5.71107,;459.309565,1184,5.76119,;459.275931,1189,5.81126,;459.275931,1191,5.86139,;459.164770,1193,5.91146,;459.164770,1195,5.96154,;459.164770,1196,6.01162,;459.164770,1198,6.06171,;459.164770,1201,6.11181,;459.164770,1203,6.1619,;459.164770,1206,6.21198,;459.164770,1208,6.26208,;459.164770,1210,6.31217,;459.164770,1212,6.36228,;459.164770,1214,6.41236,;459.164770,1218,6.46247,;459.164770,1220,6.51258,;459.164770,1222,6.5627,;459.164770,1226,6.61281,;457.375591,1229,6.66292,;457.375591,1231,6.71301,;457.262424,1233,6.76309,;457.262424,1236,6.81321,;457.094234,1239,6.86329,;457.094234,1242,6.91341,;457.094234,1244,6.96348,;457.094234,1247,7.01359,;457.094234,1249,7.06367,;457.094234,1251,7.11379,;457.094234,1252,7.16388,;457.094234,1253,7.214,;455.371763,1257,7.26409,;455.371763,1261,7.3142,;455.371763,1261,7.3643,;454.805054,1264,7.41439,;454.805054,1267,7.46448,;454.805054,1268,7.5146,;454.805054,1269,7.56469,;454.805054,1272,7.6148,;454.805054,1275,7.66491,;454.805054,1278,7.71501,;454.805054,1284,7.7651,;454.805054,1286,7.81522,;454.805054,1289,7.86533,;454.805054,1292,7.9154,;454.805054,1295,7.96551,;454.805054,1300,8.01559,;454.805054,1303,8.06568,;454.805054,1305,8.11578,;454.805054,1309,8.16588,;454.805054,1312,8.21597,;454.805054,1314,8.26608,;454.773661,1320,8.31616,;454.773661,1322,8.36627,;454.773661,1325,8.41635,;454.773661,1330,8.46646,;454.773661,1333,8.51654,;454.773661,1338,8.56666,;454.773661,1343,8.61677,;454.773661,1349,8.66692,;454.773661,1351,8.71702,;454.773661,1353,8.76711,;454.568227,1356,8.81721,;454.568227,1359,8.86728,;454.568227,1363,8.91738,;454.568227,1365,8.96745,;454.568227,1370,9.01756,;454.568227,1372,9.06765,;454.568227,1377,9.11776,;454.568227,1379,9.16784,;454.568227,1383,9.21795,;454.568227,1384,9.26803,;454.568227,1386,9.31814,;454.568227,1393,9.36824,;453.283579,1395,9.41834,;453.283579,1398,9.46841,;453.283579,1401,9.51851,;453.283579,1409,9.56859,;453.283579,1413,9.61872,;453.283579,1420,9.6688,;453.283579,1423,9.71889,;453.283579,1425,9.76898,;453.283579,1428,9.8191,;453.283579,1431,9.8692,;453.283579,1435,9.91926,;453.283579,1437,9.96937,;453.283579,1440,10.0194,;
inf,322,0.0500952,;inf,379,0.100234,;inf,423,0.15034,;inf,461,0.200407,;inf,504,0.250513,;inf,535,0.30058,;inf,560,0.350689,;inf,585,0.400756,;inf,609,0.450841,;inf,617,0.500935,;inf,636,0.551002,;inf,645,0.601092,;inf,655,0.651179,;inf,672,0.701272,;inf,687,0.751372,;inf,697,0.801456,;inf,703,0.851546,;inf,708,0.901627,;inf,716,0.951712,;inf,725,1.0018,;inf,734,1.05189,;inf,743,1.10201,;inf,758,1.15209,;inf,774,1.2022,;inf,783,1.2523,;inf,793,1.30241,;inf,800,1.35252,;inf,809,1.40262,;inf,818,1.45273,;inf,822,1.50284,;inf,829,1.55294,;inf,841,1.60302,;inf,846,1.65313,;inf,853,1.7032,;inf,858,1.75328,;inf,864,1.80338,;inf,870,1.85349,;inf,875,1.90356,;inf,878,1.95367,;inf,887,2.00373,;inf,890,2.0538,;inf,892,2.10387,;inf,900,2.15398,;inf,902,2.20404,;484.186408,913,2.25415,;484.186408,915,2.30421,;484.186408,920,2.35432,;484.138774,937,2.40444,;484.138774,944,2.45454,;484.138774,949,2.50462,;482.628652,961,2.55473,;482.628652,966,2.60484,;482.628652,975,2.65496,;482.628652,979,2.70504,;482.628652,985,2.75512,;482.628652,987,2.80524,;482.628652,989,2.85532,;482.628652,996,2.90543,;482.628652,1000,2.95551,;482.628652,1004,3.00559,;482.564074,1011,3.05567,;481.573469,1020,3.10578,;481.573469,1028,3.15587,;481.573469,1032,3.20597,;481.573469,1035,3.25608,;481.573469,1039,3.30618,;481.573469,1042,3.35631,;481.573469,1046,3.40641,;480.673959,1061,3.4565,;480.673959,1065,3.50659,;480.153779,1070,3.55671,;480.153779,1074,3.60682,;480.153779,1078,3.65691,;480.153779,1086,3.70695,;480.153779,1089,3.75703,;480.153779,1093,3.80712,;480.153779,1100,3.85723,;480.153779,1110,3.90732,;479.107500,1116,3.95739,;479.107500,1116,4.00751,;479.107500,1118,4.05762,;479.107500,1122,4.10771,;479.107500,1124,4.15781,;479.107500,1129,4.2079,;479.107500,1134,4.258,;478.261846,1137,4.30808,;478.214627,1146,4.35815,;478.214627,1147,4.40825,;476.844322,1154,4.45833,;476.707449,1156,4.50846,;476.707449,1159,4.55859,;476.707449,1167,4.60869,;476.707449,1169,4.65879,;476.707449,1173,4.70891,;476.707449,1175,4.75899,;476.707449,1177,4.80911,;476.707449,1180,4.8592,;476.707449,1182,4.90932,;476.707449,1185,4.95942,;475.835031,1189,5.00951,;475.835031,1190,5.05961,;475.835031,1195,5.10971,;475.835031,1198,5.15979,;475.835031,1201,5.2099,;468.910266,1208,5.25998,;468.910266,1213,5.31008,;468.910266,1215,5.3602,;468.910266,1220,5.41028,;468.910266,1221,5.46039,;468.910266,1225,5.51049,;468.910266,1229,5.56058,;468.910266,1229,5.61069,;464.234692,1230,5.6608,;464.234692,1236,5.71093,;464.234692,1239,5.76103,;462.618666,1246,5.81111,;462.618666,1248,5.86122,;462.618666,1249,5.91131,;462.618666,1252,5.96142,;462.618666,1256,6.0115,;462.618666,1262,6.06162,;462.618666,1264,6.1117,;462.618666,1266,6.16181,;462.618666,1267,6.21189,;458.137192,1270,6.262,;458.137192,1274,6.31208,;458.137192,1282,6.36217,;458.137192,1288,6.41226,;458.137192,1293,6.46237,;458.137192,1296,6.51245,;458.137192,1297,6.56257,;458.137192,1298,6.61264,;458.137192,1301,6.66276,;458.137192,1303,6.71287,;458.137192,1311,6.763,;458.137192,1313,6.81311,;458.137192,1314,6.86318,;458.137192,1317,6.91329,;458.137192,1320,6.96337,;458.137192,1321,7.01349,;458.137192,1322,7.0636,;458.137192,1325,7.11371,;458.137192,1328,7.16379,;458.137192,1330,7.2139,;458.137192,1331,7.26401,;458.137192,1334,7.31411,;458.137192,1335,7.3642,;458.137192,1338,7.41432,;458.137192,1342,7.46443,;458.137192,1344,7.51453,;458.137192,1346,7.56469,;458.137192,1356,7.61477,;458.137192,1360,7.6649,;458.137192,1362,7.71501,;458.137192,1363,7.76511,;458.137192,1367,7.81518,;458.137192,1373,7.8653,;458.137192,1376,7.9154,;458.137192,1379,7.96551,;458.137192,1381,8.0156,;458.137192,1383,8.06571,;458.137192,1387,8.11582,;458.137192,1389,8.16592,;458.137192,1392,8.21602,;458.137192,1397,8.26613,;458.137192,1399,8.31623,;458.137192,1400,8.36634,;458.137192,1408,8.41644,;458.137192,1410,8.46656,;458.137192,1412,8.51668,;458.137192,1414,8.5668,;458.137192,1417,8.61691,;458.137192,1419,8.667,;458.137192,1427,8.71712,;458.137192,1429,8.7672,;458.137192,1435,8.8173,;458.137192,1437,8.86741,;458.137192,1440,8.91751,;458.137192,1442,8.9676,;458.137192,1445,9.01771,;458.137192,1446,9.06783,;458.137192,1448,9.11794,;458.137192,1450,9.16806,;458.137192,1454,9.21816,;458.137192,1457,9.26826,;458.137192,1464,9.31833,;458.137192,1466,9.36841,;458.137192,1473,9.41849,;458.137192,1475,9.46856,;458.137192,1479,9.51868,;458.137192,1482,9.56879,;458.137192,1484,9.6189,;458.137192,1488,9.669,;458.137192,1492,9.71907,;458.137192,1496,9.76919,;458.137192,1500,9.81927,;458.137192,1503,9.86938,;458.137192,1508,9.91949,;458.137192,1510,9.9696,;458.137192,1512,10.0197,;458.137192,1515,10.0698,;
inf,422,0.050099,;inf,501,0.100204,;inf,555,0.150311,;inf,606,0.200418,;inf,634,0.250521,;inf,651,0.300627,;inf,680,0.350731,;inf,705,0.400798,;inf,739,0.450914,;inf,749,0.50101,;inf,767,0.551088,;inf,791,0.601189,;inf,811,0.651307,;inf,822,0.701395,;inf,834,0.7515,;inf,855,0.801603,;inf,869,0.851706,;inf,884,0.901783,;inf,903,0.951901,;inf,927,1.002,;inf,940,1.05211,;inf,953,1.10221,;inf,960,1.15231,;inf,966,1.20241,;inf,974,1.25248,;inf,978,1.30261,;inf,994,1.35264,;inf,1000,1.40274,;inf,1005,1.45282,;inf,1017,1.50292,;inf,1024,1.55301,;inf,1034,1.60314,;inf,1042,1.65322,;inf,1051,1.70334,;inf,1058,1.75343,;inf,1064,1.80351,;inf,1069,1.8536,;inf,1077,1.90369,;inf,1085,1.95378,;inf,1096,2.00389,;inf,1101,2.05395,;inf,1109,2.10402,;inf,1117,2.1541,;inf,1129,2.20418,;inf,1133,2.25428,;inf,1138,2.30438,;inf,1142,2.35446,;inf,1147,2.40454,;inf,1155,2.45466,;inf,1161,2.50473,;inf,1171,2.55484,;inf,1177,2.60492,;inf,1183,2.65503,;inf,1189,2.70513,;inf,1194,2.75521,;inf,1200,2.8053,;inf,1206,2.8554,;inf,1211,2.90548,;inf,1212,2.95559,;inf,1215,3.00566,;inf,1217,3.05573,;inf,1221,3.10583,;inf,1224,3.15591,;inf,1231,3.20602,;inf,1246,3.2561,;inf,1250,3.30622,;inf,1256,3.35631,;inf,1258,3.40638,;inf,1260,3.45647,;inf,1263,3.50654,;inf,1264,3.55664,;inf,1265,3.60674,;inf,1270,3.65681,;inf,1275,3.70691,;inf,1281,3.75699,;inf,1286,3.8071,;inf,1290,3.85719,;inf,1294,3.9073,;inf,1296,3.9574,;inf,1298,4.0075,;inf,1301,4.0576,;inf,1304,4.10771,;inf,1306,4.15782,;inf,1312,4.20792,;inf,1314,4.25803,;inf,1318,4.30811,;inf,1321,4.35823,;inf,1324,4.40833,;inf,1329,4.45842,;inf,1339,4.50853,;inf,1345,4.55863,;inf,1348,4.6087,;inf,1352,4.65882,;inf,1356,4.70889,;inf,1357,4.759,;inf,1361,4.80908,;inf,1363,4.85919,;inf,1364,4.90927,;inf,1366,4.95938,;inf,1373,5.00947,;inf,1377,5.05957,;inf,1378,5.10967,;inf,1386,5.15977,;inf,1388,5.20985,;inf,1394,5.25996,;inf,1394,5.31006,;inf,1404,5.36018,;inf,1406,5.41028,;inf,1409,5.46039,;inf,1411,5.51046,;inf,1414,5.56057,;inf,1418,5.61067,;inf,1423,5.66074,;inf,1427,5.71085,;inf,1430,5.76093,;inf,1440,5.81102,;inf,1444,5.86111,;inf,1444,5.91122,;inf,1446,5.9613,;inf,1452,6.01141,;inf,1454,6.06149,;inf,1457,6.1116,;inf,1459,6.16168,;inf,1463,6.21178,;inf,1469,6.26189,;inf,1470,6.31199,;inf,1475,6.36206,;inf,1476,6.41217,;inf,1481,6.46229,;inf,1484,6.51239,;inf,1488,6.5625,;inf,1490,6.61263,;inf,1494,6.66275,;inf,1496,6.71282,;inf,1496,6.76293,;inf,1499,6.81302,;inf,1504,6.86309,;inf,1506,6.91318,;inf,1513,6.96329,;inf,1517,7.01337,;inf,1518,7.06349,;inf,1523,7.11359,;inf,1526,7.16369,;inf,1530,7.21378,;inf,1531,7.26388,;inf,1536,7.31397,;inf,1538,7.36408,;inf,1541,7.41418,;inf,1542,7.46429,;inf,1543,7.51439,;inf,1547,7.56449,;inf,1552,7.61459,;inf,1554,7.66466,;inf,1557,7.71476,;inf,1562,7.76483,;inf,1563,7.81493,;inf,1569,7.86502,;inf,1574,7.91512,;inf,1575,7.96524,;inf,1584,8.01534,;inf,1587,8.06544,;inf,1592,8.11555,;inf,1599,8.16565,;inf,1606,8.21575,;inf,1609,8.26586,;inf,1613,8.31596,;inf,1614,8.36607,;inf,1616,8.41618,;inf,1618,8.46629,;inf,1620,8.51636,;inf,1621,8.56648,;inf,1623,8.61655,;inf,1626,8.66667,;inf,1627,8.71674,;inf,1629,8.76681,;inf,1630,8.81689,;inf,1634,8.86698,;inf,1636,8.91709,;inf,1638,8.9672,;463.817585,1641,9.01731,;463.817585,1645,9.06741,;463.817585,1649,9.11751,;463.817585,1653,9.16763,;463.817585,1656,9.21773,;463.817585,1664,9.26783,;463.817585,1665,9.31791,;463.817585,1667,9.36803,;463.817585,1671,9.41811,;463.817585,1676,9.46824,;463.817585,1681,9.51835,;463.817585,1684,9.56845,;463.817585,1688,9.61855,;463.817585,1689,9.6686,;463.817585,1691,9.71869,;463.817585,1694,9.76877,;463.817585,1697,9.81886,;463.817585,1699,9.86898,;463.817585,1699,9.91908,;463.817585,1703,9.96916,;463.817585,1704,10.0193,;463.817585,1708,10.0694,;
inf,377,0.0500923,;inf,444,0.100197,;inf,476,0.150303,;inf,508,0.200396,;inf,540,0.250503,;inf,567,0.300616,;inf,586,0.350704,;inf,616,0.400789,;inf,645,0.450896,;inf,667,0.500978,;inf,682,0.551081,;inf,692,0.601191,;inf,705,0.651298,;inf,730,0.701404,;inf,744,0.75149,;inf,758,0.801597,;inf,770,0.851677,;inf,785,0.901779,;inf,795,0.951882,;inf,805,1.00199,;inf,813,1.05209,;inf,830,1.10219,;inf,836,1.1523,;inf,843,1.2024,;inf,847,1.2525,;inf,859,1.30262,;inf,870,1.35273,;inf,880,1.40283,;inf,886,1.45291,;inf,891,1.50302,;inf,895,1.55313,;inf,909,1.60321,;inf,915,1.65332,;inf,923,1.70339,;inf,925,1.7535,;inf,928,1.80358,;inf,928,1.8537,;inf,928,1.90378,;inf,935,1.95389,;inf,937,2.00399,;inf,944,2.05409,;inf,953,2.10419,;inf,963,2.1543,;inf,969,2.20437,;inf,971,2.25449,;inf,974,2.30459,;inf,978,2.3547,;inf,990,2.40481,;inf,997,2.45488,;inf,1008,2.50496,;inf,1020,2.55508,;inf,1023,2.6052,;inf,1032,2.65529,;inf,1036,2.70538,;inf,1046,2.75551,;inf,1048,2.80562,;inf,1053,2.85573,;inf,1059,2.90583,;inf,1065,2.95592,;inf,1069,3.00602,;inf,1074,3.0561,;inf,1076,3.10621,;inf,1082,3.15631,;inf,1088,3.20642,;inf,1091,3.25649,;inf,1096,3.30658,;inf,1098,3.35667,;inf,1101,3.40674,;inf,1107,3.45685,;456.170994,1113,3.50693,;456.170994,1118,3.55701,;456.170994,1121,3.60709,;456.170994,1125,3.65719,;454.472597,1131,3.70734,;454.472597,1133,3.75746,;454.332067,1136,3.80755,;454.332067,1140,3.85765,;454.332067,1145,3.90774,;454.332067,1147,3.95784,;454.332067,1151,4.00795,;454.332067,1154,4.05805,;454.204322,1156,4.10815,;454.204322,1159,4.15826,;454.204322,1162,4.20836,;454.204322,1167,4.25847,;454.204322,1172,4.30857,;454.204322,1179,4.35868,;454.204322,1181,4.40876,;454.204322,1186,4.45887,;454.204322,1191,4.50898,;454.204322,1192,4.55906,;454.204322,1194,4.60915,;454.204322,1196,4.65927,;454.204322,1200,4.70937,;454.204322,1204,4.75949,;454.204322,1207,4.8096,;454.204322,1210,4.85967,;454.204322,1214,4.90977,;454.204322,1216,4.95986,;454.204322,1218,5.00996,;454.204322,1222,5.06003,;454.204322,1226,5.1101,;454.204322,1229,5.16023,;454.204322,1232,5.21034,;454.204322,1235,5.26042,;454.204322,1237,5.31051,;454.204322,1240,5.36059,;454.204322,1244,5.41066,;454.204322,1246,5.46074,;454.030120,1250,5.51083,;454.030120,1253,5.5609,;454.030120,1256,5.61099,;454.030120,1258,5.66107,;454.030120,1263,5.71116,;454.030120,1264,5.76126,;454.030120,1269,5.81135,;454.030120,1270,5.86145,;454.030120,1272,5.91153,;454.030120,1274,5.96161,;454.030120,1276,6.0117,;454.030120,1280,6.0618,;454.030120,1282,6.11189,;454.030120,1286,6.16199,;454.030120,1288,6.21208,;454.030120,1289,6.26216,;454.030120,1291,6.31225,;454.030120,1297,6.36235,;454.030120,1298,6.41243,;454.030120,1302,6.46254,;454.030120,1305,6.51265,;454.030120,1308,6.56274,;454.030120,1312,6.61285,;454.030120,1315,6.663,;454.030120,1321,6.71311,;454.030120,1323,6.76318,;454.030120,1328,6.81329,;454.030120,1329,6.86335,;454.030120,1332,6.91346,;454.030120,1336,6.96354,;454.030120,1337,7.01365,;454.030120,1339,7.06374,;454.030120,1343,7.11384,;454.030120,1347,7.16393,;454.030120,1351,7.21403,;454.030120,1353,7.26411,;454.030120,1353,7.31423,;454.030120,1353,7.36435,;454.030120,1353,7.41442,;454.030120,1353,7.46452,;454.030120,1358,7.51463,;454.030120,1359,7.56473,;454.030120,1361,7.61484,;454.030120,1363,7.66494,;454.030120,1363,7.71505,;454.030120,1363,7.76517,;453.069269,1365,7.81529,;453.069269,1367,7.86539,;453.069269,1369,7.91546,;453.069269,1373,7.96552,;453.069269,1376,8.01561,;453.069269,1382,8.06571,;453.069269,1384,8.1158,;453.069269,1387,8.1659,;453.069269,1390,8.21599,;453.069269,1391,8.26609,;453.069269,1393,8.3162,;453.069269,1395,8.3663,;453.069269,1397,8.4164,;453.069269,1401,8.4665,;453.069269,1403,8.51661,;453.069269,1406,8.5667,;453.069269,1411,8.61681,;453.069269,1414,8.66689,;453.069269,1416,8.71701,;453.069269,1418,8.76712,;453.069269,1420,8.81722,;453.069269,1423,8.86729,;453.069269,1426,8.91738,;453.069269,1429,8.96749,;453.069269,1432,9.01756,;453.069269,1434,9.06767,;453.069269,1435,9.11777,;453.069269,1438,9.16786,;453.069269,1440,9.21797,;453.069269,1442,9.26807,;453.069269,1444,9.31815,;453.069269,1445,9.36822,;453.069269,1447,9.41834,;453.069269,1452,9.46842,;453.069269,1456,9.51854,;453.069269,1461,9.56864,;453.069269,1463,9.61875,;453.069269,1464,9.66886,;453.069269,1465,9.71898,;453.069269,1466,9.76906,;453.069269,1468,9.81918,;453.069269,1471,9.86933,;453.069269,1473,9.91943,;453.069269,1476,9.96953,;453.069269,1479,10.0196,;453.069269,1481,10.0698,;
inf,341,0.0500635,;inf,388,0.100142,;inf,440,0.150249,;inf,495,0.200324,;inf,525,0.250439,;inf,543,0.300506,;inf,571,0.350575,;inf,581,0.400695,;inf,599,0.450764,;inf,623,0.500829,;inf,639,0.550896,;inf,656,0.600975,;inf,672,0.651055,;inf,681,0.701123,;inf,698,0.751188,;inf,706,0.801255,;inf,723,0.85132,;inf,727,0.901394,;inf,735,0.951498,;inf,748,1.0016,;inf,755,1.05171,;inf,763,1.10178,;inf,774,1.15185,;inf,780,1.20192,;inf,793,1.25201,;inf,799,1.30213,;466.565293,819,1.35221,;466.565293,825,1.40229,;466.565293,834,1.45236,;466.565293,846,1.50246,;466.565293,850,1.55252,;466.565293,856,1.60259,;463.812850,875,1.65272,;459.647710,891,1.7028,;457.987849,897,1.75289,;457.987849,903,1.80298,;456.361592,913,1.85309,;456.214087,922,1.90317,;455.367784,932,1.95329,;455.367784,933,2.00336,;453.908937,939,2.05345,;453.908937,945,2.10354,;453.908937,954,2.15365,;453.908937,958,2.20375,;453.908937,971,2.25386,;453.908937,973,2.30396,;453.908937,979,2.35404,;453.697879,985,2.40417,;453.697879,989,2.45424,;453.697879,996,2.50432,;453.697879,1003,2.55439,;453.697879,1009,2.60447,;453.697879,1011,2.65455,;453.697879,1016,2.70463,;453.697879,1023,2.75469,;453.697879,1030,2.80476,;453.697879,1036,2.85483,;453.697879,1039,2.90491,;453.697879,1043,2.95499,;453.697879,1046,3.00511,;453.697879,1050,3.05519,;453.697879,1057,3.1053,;453.697879,1059,3.15541,;453.492777,1064,3.20548,;451.891151,1070,3.25556,;451.891151,1074,3.30571,;451.891151,1079,3.35578,;451.891151,1085,3.40585,;451.891151,1087,3.45593,;451.891151,1090,3.50601,;451.891151,1095,3.55611,;451.891151,1098,3.60619,;451.891151,1102,3.6563,;451.891151,1108,3.70639,;451.891151,1109,3.75652,;451.891151,1113,3.80659,;451.891151,1122,3.85669,;451.891151,1124,3.90676,;451.891151,1133,3.95686,;451.891151,1138,4.00693,;451.891151,1141,4.05703,;451.891151,1145,4.10712,;451.891151,1148,4.15719,;451.891151,1153,4.20727,;451.891151,1159,4.25739,;451.891151,1161,4.30746,;451.891151,1165,4.35753,;451.891151,1172,4.40761,;451.891151,1178,4.45772,;451.891151,1183,4.50779,;451.891151,1187,4.5579,;451.891151,1189,4.60803,;451.891151,1193,4.65811,;451.891151,1196,4.70821,;451.891151,1198,4.75831,;451.891151,1201,4.80838,;451.891151,1206,4.85846,;451.891151,1210,4.90852,;451.891151,1215,4.95863,;451.891151,1216,5.00874,;451.891151,1218,5.05883,;451.891151,1221,5.10894,;451.891151,1224,5.15904,;451.891151,1230,5.20912,;451.891151,1232,5.25919,;451.891151,1233,5.30932,;451.891151,1237,5.35941,;451.891151,1241,5.40948,;451.891151,1246,5.45959,;451.891151,1250,5.50966,;451.891151,1254,5.55977,;451.891151,1256,5.60985,;451.891151,1260,5.65996,;451.891151,1265,5.71007,;451.518305,1272,5.7602,;451.518305,1273,5.81031,;451.518305,1275,5.86041,;451.518305,1278,5.91049,;451.518305,1280,5.96059,;451.518305,1285,6.0107,;451.518305,1292,6.0608,;451.518305,1294,6.11087,;451.518305,1297,6.16098,;451.518305,1299,6.21106,;451.518305,1303,6.26119,;451.518305,1305,6.31129,;451.518305,1306,6.3614,;451.518305,1309,6.41151,;451.518305,1311,6.46162,;451.518305,1313,6.51173,;451.518305,1318,6.56183,;451.518305,1320,6.61192,;451.518305,1324,6.66204,;451.518305,1326,6.71216,;451.518305,1328,6.76226,;451.518305,1330,6.81236,;451.518305,1333,6.86246,;451.518305,1337,6.91257,;451.518305,1338,6.96264,;451.518305,1341,7.01274,;451.518305,1344,7.06285,;451.518305,1345,7.11295,;451.518305,1346,7.16306,;451.518305,1348,7.21316,;450.510821,1352,7.26325,;450.510821,1355,7.31336,;450.510821,1358,7.36348,;450.510821,1362,7.41358,;450.510821,1363,7.46369,;450.510821,1365,7.5138,;450.510821,1367,7.56391,;450.510821,1369,7.61401,;450.510821,1373,7.66413,;450.510821,1375,7.71425,;450.510821,1377,7.76437,;450.510821,1379,7.81448,;450.510821,1383,7.86458,;450.510821,1386,7.91468,;450.510821,1391,7.96479,;450.510821,1394,8.0149,;450.510821,1395,8.065,;450.510821,1397,8.11511,;450.510821,1398,8.16523,;450.510821,1400,8.2153,;450.510821,1403,8.26538,;450.510821,1407,8.31546,;450.510821,1411,8.36554,;450.510821,1415,8.41566,;450.510821,1417,8.46576,;450.510821,1419,8.51587,;450.510821,1422,8.56594,;450.510821,1425,8.61603,;450.510821,1427,8.66615,;450.510821,1429,8.71625,;450.510821,1431,8.76635,;450.510821,1436,8.81646,;450.510821,1440,8.86653,;450.510821,1443,8.91663,;450.510821,1445,8.96675,;450.510821,1449,9.01685,;450.510821,1451,9.06697,;450.510821,1455,9.11706,;450.510821,1459,9.16713,;450.510821,1460,9.21723,;450.510821,1463,9.26734,;450.510821,1466,9.31745,;450.510821,1471,9.36756,;450.510821,1474,9.4177,;450.510821,1478,9.46778,;450.510821,1485,9.51789,;450.510821,1491,9.568,;450.510821,1494,9.6181,;450.510821,1495,9.66822,;450.510821,1498,9.71833,;450.510821,1501,9.76845,;450.510821,1505,9.81853,;450.510821,1507,9.86863,;450.510821,1513,9.9187,;450.510821,1516,9.96885,;450.510821,1516,10.019,;450.510821,1516,10.0691,;
inf,452,0.0500954,;inf,510,0.100201,;inf,542,0.150303,;inf,562,0.200406,;inf,579,0.250483,;inf,596,0.300595,;inf,607,0.350696,;inf,620,0.400797,;inf,635,0.450876,;inf,656,0.500982,;inf,664,0.551067,;inf,679,0.60118,;inf,688,0.65126,;inf,700,0.701331,;inf,712,0.751411,;inf,730,0.801521,;inf,735,0.851593,;inf,742,0.901679,;inf,748,0.95176,;inf,757,1.00185,;inf,765,1.05195,;inf,770,1.10201,;inf,780,1.15212,;inf,789,1.20218,;inf,803,1.25226,;inf,813,1.30238,;inf,819,1.35249,;inf,827,1.4026,;inf,834,1.45267,;inf,846,1.50279,;inf,857,1.5529,;inf,863,1.60297,;inf,873,1.65309,;inf,880,1.70318,;inf,887,1.75327,;inf,893,1.80335,;inf,902,1.85342,;inf,911,1.9035,;inf,915,1.95358,;inf,919,2.00367,;inf,924,2.05378,;inf,933,2.10385,;inf,938,2.15396,;inf,945,2.20404,;inf,950,2.25413,;inf,957,2.3042,;inf,965,2.3543,;inf,972,2.40441,;inf,979,2.45448,;inf,989,2.50456,;inf,996,2.55467,;inf,1005,2.60479,;inf,1012,2.65482,;inf,1016,2.70492,;inf,1016,2.75499,;inf,1016,2.80506,;inf,1021,2.85512,;inf,1026,2.90522,;inf,1031,2.9553,;inf,1037,3.00538,;inf,1045,3.05545,;inf,1050,3.10556,;inf,1056,3.15564,;inf,1059,3.20573,;inf,1060,3.25581,;inf,1063,3.3059,;inf,1069,3.35602,;inf,1073,3.4061,;inf,1077,3.45618,;inf,1082,3.50627,;inf,1085,3.55636,;inf,1087,3.60645,;inf,1088,3.65657,;inf,1092,3.70667,;inf,1095,3.75676,;inf,1098,3.80687,;inf,1101,3.85697,;inf,1107,3.90704,;inf,1112,3.95712,;inf,1116,4.00721,;inf,1121,4.05732,;inf,1125,4.10741,;inf,1131,4.15754,;inf,1134,4.20763,;inf,1138,4.25774,;inf,1141,4.30786,;inf,1146,4.35796,;inf,1148,4.40804,;463.394830,1156,4.45811,;463.394830,1159,4.5082,;463.394830,1164,4.55829,;463.394830,1167,4.60841,;463.394830,1170,4.65852,;463.217690,1178,4.70862,;463.217690,1181,4.75873,;463.217690,1187,4.80883,;463.217690,1190,4.85886,;463.217690,1192,4.90897,;463.217690,1197,4.95904,;463.217690,1199,5.00914,;463.217690,1203,5.05923,;463.217690,1209,5.10933,;463.217690,1213,5.15943,;463.217690,1215,5.20952,;463.217690,1218,5.25961,;463.217690,1220,5.30973,;463.217690,1221,5.35982,;463.217690,1225,5.40991,;463.184635,1230,5.46002,;463.131357,1232,5.5101,;463.131357,1237,5.56018,;463.131357,1239,5.6103,;463.131357,1243,5.66042,;463.131357,1246,5.71053,;463.131357,1251,5.76063,;463.131357,1252,5.81075,;463.131357,1255,5.86086,;463.131357,1258,5.91097,;463.131357,1259,5.96103,;463.131357,1262,6.01113,;463.131357,1265,6.06124,;463.131357,1270,6.11134,;463.131357,1275,6.16141,;463.131357,1277,6.2115,;463.131357,1280,6.26159,;463.131357,1283,6.31168,;462.930022,1286,6.36179,;462.915630,1291,6.4119,;462.915630,1291,6.462,;462.163023,1294,6.51211,;462.163023,1297,6.5622,;462.163023,1301,6.6123,;462.163023,1304,6.66242,;462.163023,1307,6.71252,;462.163023,1311,6.76259,;462.163023,1313,6.81269,;462.163023,1316,6.8628,;462.163023,1318,6.9129,;462.163023,1321,6.96297,;462.163023,1325,7.01308,;462.163023,1328,7.06318,;462.163023,1329,7.11328,;462.163023,1333,7.16339,;462.163023,1336,7.21349,;462.163023,1340,7.26357,;462.163023,1341,7.31369,;462.163023,1348,7.3638,;462.163023,1351,7.4139,;462.163023,1352,7.46399,;462.163023,1355,7.5141,;462.163023,1358,7.56419,;462.163023,1361,7.6143,;462.163023,1365,7.66442,;462.163023,1369,7.7145,;462.163023,1373,7.76463,;462.163023,1375,7.81473,;462.163023,1378,7.86483,;462.163023,1381,7.91486,;462.163023,1386,7.96497,;462.163023,1391,8.01504,;462.163023,1394,8.06514,;462.163023,1396,8.11521,;462.163023,1398,8.16532,;462.163023,1402,8.2154,;462.163023,1406,8.26551,;462.163023,1411,8.3156,;462.163023,1413,8.36568,;462.163023,1414,8.41579,;462.163023,1417,8.46589,;462.163023,1419,8.51596,;462.163023,1423,8.56607,;462.163023,1426,8.61615,;462.163023,1431,8.66623,;462.163023,1434,8.71634,;462.163023,1437,8.76644,;460.350880,1441,8.81654,;460.350880,1443,8.86664,;460.350880,1446,8.91674,;460.350880,1449,8.96685,;460.350880,1452,9.01695,;460.350880,1456,9.06702,;460.350880,1459,9.11712,;460.350880,1461,9.1672,;460.350880,1464,9.21731,;460.350880,1466,9.2674,;460.330271,1467,9.31748,;460.330271,1473,9.36757,;460.330271,1476,9.41767,;460.330271,1479,9.46778,;460.330271,1482,9.51788,;460.330271,1487,9.56797,;460.330271,1490,9.61808,;460.330271,1493,9.66819,;460.330271,1496,9.71829,;460.330271,1497,9.76839,;460.330271,1504,9.81851,;460.330271,1507,9.86863,;460.330271,1510,9.91873,;460.330271,1511,9.96883,;460.294395,1518,10.0189,;460.294395,1523,10.069,;459.474146,1525,10.119,;
inf,311,0.0500902,;inf,379,0.100171,;inf,435,0.150289,;inf,464,0.200371,;inf,496,0.250478,;inf,520,0.300582,;inf,538,0.350689,;inf,567,0.400813,;inf,579,0.450927,;inf,597,0.501033,;inf,614,0.55115,;inf,630,0.601253,;inf,644,0.651279,;inf,658,0.701384,;inf,671,0.751454,;inf,681,0.80156,;inf,688,0.851665,;inf,693,0.901772,;inf,704,0.951877,;inf,708,1.00198,;inf,719,1.05207,;inf,728,1.10217,;inf,735,1.15228,;inf,742,1.2024,;inf,751,1.25249,;inf,763,1.30261,;inf,772,1.35269,;inf,782,1.40282,;inf,788,1.45293,;inf,795,1.50304,;inf,800,1.55315,;inf,803,1.60326,;inf,806,1.65336,;inf,814,1.70344,;inf,825,1.75354,;inf,829,1.80363,;inf,836,1.85373,;inf,844,1.90381,;inf,856,1.95392,;inf,865,2.00405,;inf,867,2.05414,;inf,871,2.10425,;inf,877,2.15435,;inf,882,2.20445,;inf,886,2.25455,;inf,898,2.30466,;inf,902,2.35476,;inf,910,2.40489,;inf,914,2.455,;inf,920,2.50507,;inf,924,2.55518,;inf,930,2.60529,;inf,937,2.65539,;inf,943,2.7055,;inf,944,2.75559,;inf,948,2.80569,;inf,952,2.85577,;inf,954,2.90588,;inf,956,2.95596,;inf,961,3.00606,;inf,973,3.05614,;inf,976,3.10625,;inf,980,3.15635,;inf,982,3.20647,;inf,990,3.25658,;inf,998,3.3067,;inf,1002,3.35678,;inf,1020,3.4069,;inf,1024,3.45701,;inf,1034,3.50711,;inf,1037,3.55723,;inf,1040,3.60727,;inf,1042,3.65738,;inf,1044,3.70746,;inf,1047,3.75756,;inf,1050,3.80765,;inf,1054,3.85772,;inf,1057,3.9078,;inf,1061,3.95789,;inf,1064,4.00797,;inf,1070,4.05808,;inf,1072,4.10815,;inf,1080,4.15826,;inf,1089,4.20834,;inf,1097,4.25846,;inf,1104,4.30854,;inf,1109,4.35866,;inf,1113,4.40876,;inf,1115,4.45886,;inf,1123,4.50894,;inf,1130,4.55906,;inf,1133,4.60912,;inf,1137,4.65923,;inf,1141,4.70933,;inf,1145,4.7594,;inf,1149,4.8095,;inf,1156,4.85958,;inf,1158,4.90966,;inf,1165,4.95975,;inf,1168,5.00984,;inf,1173,5.05993,;inf,1178,5.11004,;inf,1184,5.16014,;inf,1188,5.21025,;inf,1191,5.26037,;inf,1193,5.31047,;inf,1195,5.36057,;inf,1196,5.41068,;inf,1200,5.46079,;inf,1202,5.51086,;inf,1208,5.56096,;inf,1209,5.61106,;inf,1213,5.66115,;inf,1218,5.71122,;inf,1221,5.76133,;inf,1223,5.81139,;inf,1233,5.86148,;inf,1236,5.91156,;inf,1237,5.96167,;inf,1240,6.01174,;inf,1247,6.06183,;inf,1248,6.11192,;inf,1250,6.16202,;inf,1254,6.21209,;inf,1255,6.26216,;inf,1256,6.31229,;inf,1260,6.36243,;inf,1260,6.41255,;inf,1260,6.46266,;inf,1260,6.51277,;inf,1260,6.56285,;inf,1260,6.61296,;inf,1260,6.66307,;inf,1260,6.71317,;inf,1260,6.76328,;inf,1261,6.81338,;inf,1265,6.86345,;inf,1266,6.91352,;inf,1266,6.9636,;inf,1268,7.01371,;inf,1269,7.06379,;inf,1273,7.1139,;inf,1275,7.16397,;inf,1281,7.21408,;inf,1283,7.2642,;inf,1285,7.31431,;inf,1287,7.36442,;inf,1289,7.41453,;inf,1290,7.46464,;inf,1292,7.51475,;inf,1292,7.56486,;inf,1294,7.61497,;inf,1297,7.66506,;inf,1303,7.71518,;inf,1306,7.7653,;inf,1308,7.81537,;inf,1309,7.86547,;inf,1310,7.91554,;inf,1311,7.96566,;inf,1313,8.01574,;inf,1313,8.06585,;inf,1313,8.11594,;inf,1313,8.16604,;inf,1313,8.21613,;inf,1313,8.26623,;inf,1313,8.31631,;inf,1313,8.36643,;inf,1313,8.41652,;inf,1317,8.46664,;inf,1317,8.51675,;inf,1321,8.56685,;inf,1324,8.61697,;inf,1327,8.66707,;inf,1329,8.71718,;inf,1329,8.76729,;inf,1330,8.81739,;inf,1333,8.8675,;inf,1334,8.9176,;inf,1340,8.96769,;inf,1344,9.01779,;inf,1344,9.06788,;inf,1349,9.11798,;inf,1352,9.16807,;inf,1354,9.21818,;inf,1354,9.26826,;inf,1360,9.31838,;inf,1362,9.3685,;inf,1363,9.41861,;inf,1364,9.46872,;inf,1365,9.51883,;inf,1366,9.56894,;inf,1366,9.61906,;inf,1370,9.66914,;inf,1373,9.71927,;462.733445,1377,9.76939,;462.733445,1379,9.81946,;462.733445,1381,9.86956,;462.733445,1382,9.91965,;462.733445,1383,9.96976,;462.733445,1385,10.0198,;462.733445,1387,10.07,;
inf,301,0.0500916,;inf,365,0.100196,;inf,414,0.150301,;inf,442,0.200403,;inf,466,0.250492,;inf,478,0.300582,;inf,510,0.350697,;inf,537,0.400769,;inf,541,0.450885,;inf,557,0.500979,;inf,566,0.55107,;inf,581,0.601147,;inf,607,0.651225,;inf,611,0.701302,;inf,619,0.751376,;inf,632,0.801453,;inf,643,0.85156,;inf,651,0.90164,;inf,665,0.951749,;inf,673,1.00183,;inf,681,1.05194,;inf,693,1.10202,;inf,712,1.15213,;inf,715,1.20223,;inf,720,1.25234,;inf,728,1.30246,;inf,737,1.35257,;inf,743,1.40268,;inf,752,1.45279,;inf,757,1.50289,;inf,763,1.553,;inf,765,1.6031,;inf,776,1.65322,;inf,788,1.70329,;inf,796,1.75338,;inf,798,1.80348,;inf,805,1.8536,;inf,816,1.90371,;inf,824,1.9538,;inf,837,2.00395,;inf,848,2.05402,;inf,854,2.10413,;inf,860,2.15421,;inf,865,2.20432,;inf,868,2.25439,;496.902834,875,2.30451,;496.838638,883,2.35459,;495.902764,892,2.4047,;495.902764,895,2.45478,;495.902764,901,2.5049,;482.353805,906,2.55502,;482.353805,910,2.6051,;479.986104,919,2.65521,;479.986104,922,2.70526,;479.960566,927,2.75536,;479.960566,929,2.80543,;479.960566,933,2.85553,;479.960566,937,2.90561,;479.960566,943,2.95571,;473.286853,945,3.00581,;473.286853,952,3.0559,;473.286853,953,3.106,;473.286853,956,3.15609,;472.986381,960,3.20619,;472.986381,966,3.25628,;472.986381,969,3.30637,;472.986381,971,3.35646,;472.986381,975,3.40655,;472.986381,976,3.45664,;472.986381,980,3.50672,;472.986381,989,3.5568,;472.901052,995,3.60688,;472.709024,1001,3.65696,;472.709024,1006,3.70707,;472.709024,1008,3.75715,;472.709024,1014,3.80722,;472.709024,1020,3.85729,;472.709024,1022,3.90737,;472.709024,1026,3.95744,;472.709024,1029,4.00752,;472.709024,1032,4.05763,;472.709024,1034,4.10773,;472.709024,1036,4.15783,;472.267233,1041,4.20796,;472.267233,1043,4.25805,;472.246586,1047,4.30817,;472.246586,1048,4.35828,;470.828110,1053,4.40836,;470.828110,1056,4.45845,;470.828110,1060,4.50857,;470.828110,1063,4.55868,;470.828110,1065,4.60879,;470.828110,1070,4.65889,;470.828110,1073,4.70899,;470.828110,1077,4.7591,;470.828110,1082,4.80921,;462.204137,1086,4.85932,;461.982049,1089,4.90939,;461.846683,1094,4.9595,;461.846683,1097,5.00957,;461.846683,1101,5.05968,;461.846683,1102,5.10977,;461.846683,1108,5.15991,;461.846683,1110,5.21001,;461.846683,1115,5.26013,;461.846683,1118,5.31026,;461.846683,1120,5.36036,;461.846683,1128,5.41046,;461.846683,1130,5.46057,;461.846683,1134,5.51067,;461.846683,1134,5.56074,;461.087392,1137,5.61084,;461.087392,1138,5.66096,;461.087392,1140,5.71107,;461.087392,1143,5.76118,;460.833018,1146,5.81128,;460.833018,1149,5.86139,;460.833018,1151,5.91149,;460.833018,1154,5.9616,;460.833018,1157,6.0117,;460.833018,1159,6.06181,;460.833018,1162,6.11193,;460.833018,1166,6.16203,;460.833018,1168,6.21215,;460.833018,1171,6.26226,;460.833018,1173,6.31238,;460.833018,1174,6.36249,;460.833018,1178,6.4126,;460.833018,1180,6.4627,;460.833018,1182,6.51281,;460.833018,1184,6.56293,;460.833018,1186,6.61304,;460.833018,1187,6.66314,;460.833018,1190,6.71326,;460.833018,1191,6.76336,;460.833018,1195,6.81343,;460.833018,1198,6.86354,;460.833018,1201,6.91365,;460.833018,1202,6.96375,;460.833018,1204,7.01386,;460.833018,1207,7.06396,;460.833018,1209,7.11408,;460.833018,1212,7.16418,;460.833018,1214,7.21427,;460.833018,1215,7.26438,;460.833018,1220,7.31451,;460.833018,1221,7.36462,;460.833018,1223,7.41474,;460.833018,1225,7.46484,;460.833018,1227,7.51495,;460.833018,1231,7.56505,;460.833018,1232,7.61516,;460.833018,1234,7.66527,;460.833018,1237,7.7154,;452.842655,1240,7.76547,;452.842655,1241,7.81558,;452.842655,1244,7.86565,;452.842655,1248,7.91576,;452.842655,1253,7.96587,;452.842655,1255,8.01598,;452.842655,1257,8.06606,;452.842655,1258,8.11619,;452.842655,1261,8.1663,;452.842655,1264,8.2164,;452.842655,1265,8.26648,;452.842655,1268,8.31659,;452.842655,1272,8.36672,;452.842655,1275,8.41685,;452.842655,1276,8.46695,;452.334494,1281,8.51702,;451.997567,1286,8.56712,;451.997567,1288,8.61719,;451.997567,1290,8.66731,;451.997567,1291,8.71738,;451.997567,1293,8.76748,;451.997567,1297,8.81755,;451.997567,1300,8.86766,;451.997567,1304,8.91777,;451.997567,1305,8.96784,;451.997567,1310,9.01796,;451.997567,1312,9.06804,;451.997567,1314,9.11815,;451.997567,1315,9.16825,;451.997567,1317,9.21833,;451.997567,1318,9.26846,;451.997567,1322,9.31856,;451.997567,1326,9.36867,;451.997567,1328,9.41876,;451.997567,1329,9.46887,;451.997567,1331,9.51895,;451.997567,1333,9.56906,;451.997567,1334,9.61916,;451.856357,1336,9.66923,;451.856357,1337,9.71931,;450.563738,1341,9.76938,;450.563738,1344,9.81946,;450.563738,1345,9.86955,;450.563738,1348,9.91966,;450.563738,1351,9.96974,;450.486316,1352,10.0198,;450.486316,1353,10.0699,;
inf,422,0.0500917,;inf,493,0.100193,;inf,536,0.150298,;inf,557,0.20039,;inf,573,0.250508,;inf,582,0.300615,;inf,604,0.35072,;inf,616,0.400823,;inf,629,0.450905,;inf,649,0.501022,;inf,681,0.551091,;inf,691,0.601194,;inf,705,0.651278,;inf,723,0.701381,;inf,729,0.751461,;inf,737,0.801547,;inf,746,0.851627,;inf,750,0.901748,;inf,765,0.951843,;inf,777,1.00197,;inf,783,1.05208,;inf,788,1.10221,;inf,800,1.15233,;inf,806,1.20245,;inf,811,1.25256,;inf,823,1.30268,;inf,827,1.35279,;inf,834,1.40291,;inf,850,1.45302,;inf,855,1.5031,;inf,859,1.55319,;inf,873,1.60328,;inf,884,1.6534,;inf,890,1.70348,;inf,897,1.7536,;inf,905,1.80367,;inf,914,1.85379,;inf,925,1.9039,;inf,930,1.95397,;inf,934,2.00406,;inf,938,2.05413,;inf,946,2.10424,;inf,956,2.15432,;inf,957,2.20442,;inf,958,2.25453,;inf,970,2.30463,;inf,974,2.35474,;inf,978,2.40484,;inf,983,2.45491,;inf,991,2.50503,;inf,993,2.55509,;inf,998,2.60519,;inf,1007,2.65528,;inf,1012,2.70538,;inf,1017,2.75547,;inf,1026,2.80558,;inf,1032,2.85567,;inf,1038,2.90578,;inf,1042,2.95586,;inf,1047,3.00597,;inf,1049,3.05608,;inf,1054,3.10618,;inf,1060,3.15628,;inf,1062,3.20639,;inf,1071,3.25651,;inf,1074,3.30662,;inf,1076,3.35673,;inf,1077,3.40683,;inf,1083,3.45693,;inf,1085,3.507,;inf,1087,3.5571,;inf,1092,3.60717,;inf,1095,3.65728,;inf,1098,3.70737,;inf,1101,3.75747,;inf,1105,3.80756,;inf,1108,3.85767,;inf,1112,3.90775,;inf,1116,3.95786,;inf,1122,4.00795,;inf,1130,4.05805,;inf,1136,4.10815,;inf,1138,4.15826,;inf,1142,4.20837,;inf,1144,4.25848,;inf,1149,4.30859,;inf,1154,4.35869,;inf,1156,4.40876,;inf,1160,4.45885,;inf,1164,4.50897,;inf,1167,4.55906,;inf,1168,4.60918,;inf,1173,4.65927,;inf,1175,4.70934,;inf,1176,4.75942,;inf,1181,4.80951,;inf,1186,4.8596,;inf,1189,4.9097,;inf,1192,4.95981,;inf,1197,5.00992,;inf,1205,5.06002,;inf,1207,5.11012,;inf,1210,5.16022,;inf,1212,5.21034,;inf,1214,5.26044,;inf,1217,5.31051,;459.350204,1221,5.3606,;459.350204,1225,5.4107,;459.350204,1228,5.4608,;459.350204,1229,5.51087,;459.350204,1232,5.56095,;459.350204,1234,5.61102,;459.350204,1239,5.66111,;459.350204,1244,5.71119,;459.350204,1248,5.76127,;459.350204,1250,5.81135,;459.350204,1255,5.86146,;459.350204,1256,5.91155,;459.350204,1260,5.96167,;459.350204,1263,6.01178,;459.350204,1267,6.06188,;459.350204,1271,6.11197,;459.350204,1275,6.16208,;459.350204,1278,6.2122,;459.290950,1280,6.26228,;459.290950,1284,6.3124,;459.290950,1288,6.36251,;459.290950,1289,6.41261,;459.290950,1292,6.46271,;459.290950,1295,6.51282,;459.290950,1297,6.56294,;459.290950,1300,6.61304,;459.290950,1302,6.66314,;459.290950,1304,6.71325,;459.290950,1309,6.76336,;459.290950,1311,6.81347,;459.290950,1313,6.86358,;459.290950,1315,6.91369,;459.290950,1317,6.9638,;459.290950,1320,7.01391,;459.290950,1328,7.06401,;459.290950,1330,7.11412,;459.290950,1332,7.16423,;459.290950,1336,7.21435,;459.290950,1338,7.26445,;459.290950,1341,7.31456,;459.290950,1343,7.36467,;459.290950,1346,7.41478,;459.290950,1352,7.46488,;459.290950,1356,7.51495,;459.290950,1358,7.56506,;459.290950,1360,7.61517,;459.290950,1362,7.66524,;459.290950,1362,7.71536,;459.290950,1364,7.76546,;459.290950,1365,7.81556,;459.290950,1367,7.86567,;459.290950,1368,7.91578,;459.290950,1368,7.96589,;459.290950,1368,8.016,;459.178872,1372,8.0661,;459.178872,1372,8.11621,;459.178872,1373,8.1663,;459.178872,1377,8.21642,;459.178872,1379,8.26653,;459.178872,1379,8.31663,;459.178872,1383,8.36673,;459.178872,1384,8.41684,;459.178872,1387,8.46691,;459.178872,1390,8.51701,;459.178872,1393,8.56713,;459.178872,1393,8.61723,;449.135291,1395,8.66734,;449.135291,1398,8.71746,;449.135291,1402,8.76757,;449.135291,1404,8.81767,;449.135291,1406,8.86777,;449.106819,1407,8.91788,;449.106819,1409,8.96798,;449.106819,1410,9.0181,;449.106819,1414,9.06821,;449.106819,1417,9.11831,;449.106819,1418,9.16841,;449.106819,1420,9.21852,;449.106819,1423,9.26864,;449.106819,1424,9.31875,;449.106819,1427,9.36885,;449.106819,1429,9.41892,;449.106819,1432,9.46903,;449.106819,1433,9.51914,;449.106819,1435,9.56924,;449.106819,1437,9.61932,;449.106819,1437,9.66945,;449.106819,1439,9.71958,;449.106819,1440,9.76969,;449.106819,1441,9.8198,;449.106819,1444,9.8699,;449.106819,1447,9.92001,;449.106819,1447,9.97011,;
inf,407,0.0500918,;inf,479,0.100201,;inf,522,0.150289,;inf,552,0.200408,;inf,581,0.250523,;inf,605,0.300629,;inf,634,0.350733,;inf,648,0.40084,;inf,668,0.450946,;inf,691,0.501015,;inf,702,0.551134,;inf,711,0.601243,;inf,727,0.651347,;inf,736,0.701485,;inf,743,0.751592,;inf,758,0.80166,;inf,767,0.851743,;inf,785,0.901852,;inf,801,0.951952,;inf,806,1.00206,;inf,818,1.05216,;470.079180,830,1.10225,;470.079180,848,1.15236,;470.079180,855,1.20248,;470.079180,867,1.2526,;470.079180,875,1.30271,;470.079180,882,1.35284,;470.079180,888,1.40293,;470.079180,899,1.453,;470.079180,907,1.50311,;470.079180,914,1.55319,;470.079180,924,1.60331,;470.079180,931,1.65339,;470.079180,938,1.70351,;469.852223,942,1.75359,;469.852223,948,1.80367,;467.477197,954,1.85379,;467.477197,961,1.90387,;467.477197,973,1.95397,;467.477197,978,2.00407,;467.477197,982,2.05418,;467.477197,988,2.10428,;465.762976,995,2.15436,;465.762976,999,2.20445,;465.762976,1005,2.25456,;465.762976,1014,2.30466,;465.762976,1021,2.35477,;465.762976,1027,2.40484,;465.762976,1033,2.45495,;465.762976,1037,2.50502,;465.762976,1040,2.5551,;465.762976,1043,2.6052,;465.762976,1048,2.65527,;465.762976,1053,2.70536,;465.762976,1057,2.75546,;465.762976,1061,2.80554,;465.762976,1066,2.85565,;465.762976,1071,2.90572,;465.762976,1076,2.95582,;465.762976,1084,3.00594,;465.762976,1091,3.056,;465.762976,1096,3.10611,;465.762976,1103,3.15621,;463.446888,1110,3.20633,;463.446888,1114,3.25645,;463.446888,1118,3.30656,;462.792795,1121,3.35666,;462.792795,1129,3.40678,;462.792795,1132,3.45688,;462.792795,1138,3.50699,;462.792795,1141,3.55705,;462.158656,1143,3.60715,;462.158656,1145,3.65723,;462.048676,1150,3.70733,;462.048676,1152,3.75742,;462.048676,1155,3.80753,;462.048676,1161,3.85761,;462.048676,1167,3.90772,;462.048676,1172,3.95783,;462.048676,1178,4.00793,;462.048676,1180,4.05804,;462.048676,1185,4.10814,;462.048676,1190,4.15825,;461.934984,1191,4.20837,;461.934984,1194,4.25848,;461.934984,1197,4.30858,;461.934984,1200,4.35866,;461.934984,1208,4.40877,;461.934984,1212,4.45887,;461.934984,1216,4.50893,;461.934984,1220,4.55904,;461.934984,1223,4.60913,;461.934984,1226,4.65925,;461.934984,1231,4.70933,;461.934984,1236,4.75944,;461.934984,1240,4.80952,;461.299957,1245,4.85963,;461.299957,1248,4.90971,;461.299957,1250,4.95982,;461.299957,1257,5.00991,;461.299957,1260,5.05998,;461.299957,1263,5.11009,;461.299957,1265,5.16017,;461.299957,1267,5.21026,;461.299957,1269,5.26036,;461.299957,1271,5.31045,;461.299957,1273,5.36052,;461.299957,1276,5.41063,;461.299957,1278,5.46072,;459.436148,1280,5.51083,;459.436148,1280,5.56095,;459.194152,1287,5.61101,;459.194152,1288,5.66108,;459.194152,1290,5.71119,;459.194152,1294,5.7613,;459.194152,1297,5.81141,;459.194152,1299,5.86152,;459.194152,1303,5.91162,;459.194152,1307,5.9617,;459.194152,1311,6.01182,;459.194152,1312,6.0619,;459.194152,1316,6.11201,;459.194152,1318,6.16213,;459.194152,1322,6.21224,;458.945046,1325,6.26235,;458.945046,1332,6.31245,;458.945046,1334,6.36256,;458.945046,1336,6.41266,;458.945046,1340,6.46276,;458.945046,1343,6.51287,;458.945046,1345,6.56298,;458.945046,1348,6.61306,;458.945046,1351,6.66317,;458.945046,1353,6.71325,;458.945046,1356,6.76337,;458.945046,1360,6.81349,;458.945046,1363,6.86359,;458.945046,1367,6.9137,;458.910459,1368,6.9638,;458.910459,1371,7.01391,;458.910459,1373,7.06401,;458.910459,1374,7.11409,;458.910459,1375,7.16421,;458.910459,1378,7.21431,;458.910459,1381,7.26438,;458.910459,1384,7.31451,;458.910459,1390,7.36462,;458.910459,1393,7.41472,;458.910459,1396,7.46483,;458.910459,1400,7.51493,;458.910459,1403,7.56504,;458.910459,1404,7.61515,;458.910459,1408,7.66525,;458.910459,1412,7.71536,;458.910459,1414,7.76545,;458.910459,1415,7.81556,;458.910459,1418,7.86565,;458.910459,1422,7.91572,;458.910459,1423,7.96581,;458.910459,1427,8.01591,;458.910459,1428,8.06602,;458.910459,1434,8.11612,;458.910459,1437,8.16621,;458.910459,1438,8.21633,;458.910459,1440,8.26642,;458.910459,1443,8.31652,;458.910459,1446,8.36662,;458.910459,1447,8.41673,;458.910459,1455,8.46684,;458.910459,1456,8.51693,;458.910459,1461,8.56704,;458.910459,1464,8.61712,;458.910459,1467,8.66724,;458.910459,1467,8.71735,;458.910459,1467,8.76745,;458.910459,1468,8.81752,;458.910459,1473,8.86763,;458.910459,1475,8.91771,;458.910459,1479,8.96782,;458.910459,1483,9.01793,;458.910459,1485,9.06808,;458.910459,1487,9.11815,;458.910459,1490,9.16827,;458.910459,1494,9.21837,;458.910459,1497,9.26848,;458.604190,1502,9.3186,;458.604190,1504,9.3687,;458.604190,1508,9.41882,;458.604190,1512,9.46889,;456.848072,1514,9.519,;456.848072,1516,9.5691,;456.848072,1516,9.61921,;455.047652,1517,9.66929,;455.047652,1520,9.7194,;455.047652,1523,9.76949,;455.047652,1527,9.81961,;455.047652,1531,9.86972,;455.047652,1535,9.91983,;455.047652,1537,9.96993,;455.047652,1538,10.02,;455.047652,1540,10.0701,;455.047652,1540,10.1202,;
inf,399,0.050073,;inf,481,0.100178,;inf,536,0.150281,;inf,581,0.200381,;inf,609,0.250483,;inf,631,0.300567,;inf,650,0.350673,;inf,682,0.400743,;inf,716,0.450808,;inf,745,0.500878,;inf,759,0.550992,;inf,787,0.601097,;inf,804,0.651201,;inf,813,0.701281,;inf,827,0.75139,;inf,844,0.801476,;inf,871,0.851576,;inf,879,0.901678,;inf,900,0.951777,;inf,905,1.00189,;inf,919,1.052,;inf,921,1.10209,;inf,927,1.15218,;inf,938,1.20231,;inf,951,1.25242,;inf,960,1.30253,;inf,972,1.35263,;514.202506,984,1.40273,;512.047680,993,1.45283,;512.047680,1005,1.50293,;512.047680,1019,1.553,;489.237559,1028,1.60307,;481.609144,1036,1.65316,;481.609144,1040,1.70328,;480.355617,1047,1.75336,;480.355617,1055,1.80347,;479.236995,1062,1.85355,;479.236995,1067,1.90362,;479.236995,1071,1.95373,;477.212521,1081,2.00381,;477.212521,1085,2.0539,;477.212521,1090,2.10397,;477.212521,1093,2.15411,;477.212521,1106,2.20421,;477.212521,1114,2.25431,;477.212521,1121,2.30437,;477.212521,1126,2.35444,;477.212521,1131,2.40454,;477.212521,1137,2.45461,;477.212521,1141,2.50472,;477.212521,1145,2.5548,;477.056282,1147,2.60487,;477.056282,1148,2.65495,;476.787637,1156,2.70507,;476.787637,1157,2.75515,;476.724394,1163,2.80524,;476.724394,1164,2.85533,;476.724394,1166,2.90542,;476.724394,1170,2.95549,;476.724394,1176,3.00561,;476.724394,1179,3.05571,;476.724394,1187,3.1058,;476.724394,1191,3.15589,;476.724394,1195,3.20601,;474.843164,1201,3.2561,;474.843164,1205,3.30621,;474.843164,1209,3.3563,;474.843164,1214,3.40641,;474.843164,1215,3.45649,;474.843164,1217,3.50659,;474.843164,1222,3.5567,;474.843164,1224,3.60681,;474.493712,1232,3.65689,;474.493712,1235,3.70701,;474.493712,1239,3.75708,;471.365548,1243,3.80716,;471.365548,1245,3.85729,;471.365548,1248,3.90739,;465.908894,1253,3.95747,;465.908894,1257,4.00759,;465.908894,1261,4.05769,;465.908894,1266,4.10779,;465.908894,1270,4.15788,;465.750035,1274,4.20798,;465.750035,1278,4.25809,;465.750035,1279,4.30819,;465.750035,1280,4.3583,;465.750035,1283,4.4084,;465.302890,1288,4.4585,;465.302890,1290,4.50863,;465.302890,1291,4.55875,;462.847200,1293,4.60883,;462.847200,1293,4.65893,;462.847200,1298,4.709,;462.847200,1299,4.75911,;462.847200,1306,4.80922,;462.847200,1307,4.85933,;462.847200,1308,4.90942,;462.847200,1311,4.9595,;462.789440,1315,5.00957,;462.789440,1320,5.05968,;462.789440,1322,5.10979,;462.789440,1325,5.1599,;462.789440,1329,5.21001,;462.789440,1332,5.26014,;462.789440,1335,5.31022,;462.789440,1340,5.3603,;462.789440,1346,5.41038,;462.232065,1350,5.46047,;462.232065,1356,5.51055,;462.232065,1358,5.56064,;462.232065,1361,5.61075,;462.232065,1364,5.66082,;462.232065,1368,5.71094,;462.232065,1370,5.76101,;462.232065,1377,5.81113,;462.232065,1384,5.86123,;462.232065,1386,5.91134,;462.232065,1389,5.96142,;462.232065,1391,6.01153,;462.158540,1394,6.06163,;462.158540,1395,6.11174,;462.158540,1399,6.16181,;462.158540,1400,6.21192,;462.158540,1402,6.26203,;462.158540,1407,6.31213,;462.158540,1414,6.36224,;462.158540,1415,6.41235,;462.158540,1417,6.46242,;462.158540,1419,6.51254,;462.089258,1425,6.56263,;462.089258,1427,6.61273,;462.089258,1428,6.6628,;462.089258,1432,6.71287,;462.089258,1439,6.76295,;462.089258,1440,6.81303,;462.089258,1442,6.8631,;462.089258,1449,6.91319,;462.089258,1450,6.96327,;462.089258,1453,7.01335,;462.089258,1458,7.06343,;462.089258,1461,7.11352,;462.089258,1463,7.16364,;462.089258,1465,7.21372,;462.089258,1467,7.26385,;462.089258,1470,7.31392,;462.072304,1471,7.36401,;462.072304,1477,7.4141,;462.072304,1481,7.46419,;462.072304,1483,7.51427,;462.072304,1485,7.56435,;462.072304,1488,7.61444,;462.072304,1491,7.66453,;462.072304,1493,7.71462,;462.072304,1495,7.76474,;462.072304,1497,7.81485,;462.072304,1499,7.86492,;462.072304,1505,7.91499,;462.072304,1510,7.96506,;462.072304,1512,8.01515,;462.072304,1515,8.06524,;462.072304,1520,8.11535,;462.072304,1522,8.16543,;462.072304,1531,8.21554,;462.072304,1534,8.26562,;462.072304,1535,8.3157,;462.072304,1536,8.36579,;462.072304,1539,8.4159,;462.072304,1542,8.466,;462.072304,1545,8.5161,;462.072304,1549,8.56618,;462.072304,1553,8.6163,;462.072304,1555,8.6664,;462.072304,1560,8.71651,;462.072304,1563,8.76662,;462.072304,1566,8.81671,;462.072304,1570,8.86682,;462.072304,1572,8.91689,;462.072304,1577,8.967,;462.072304,1581,9.01708,;462.072304,1582,9.06716,;462.072304,1585,9.11724,;462.072304,1588,9.1674,;462.072304,1589,9.21747,;462.072304,1590,9.26759,;462.072304,1593,9.31774,;462.072304,1594,9.36785,;462.072304,1596,9.41792,;462.072304,1597,9.46802,;462.072304,1598,9.51812,;462.072304,1601,9.56823,;462.072304,1604,9.6183,;461.679077,1608,9.66839,;461.679077,1610,9.71847,;461.679077,1613,9.76858,;461.679077,1613,9.81871,;461.679077,1615,9.86883,;461.679077,1617,9.91894,;461.679077,1619,9.96904,;461.679077,1621,10.0191,;
inf,374,0.0501001,;inf,453,0.100173,;inf,494,0.150276,;inf,535,0.200342,;inf,563,0.250414,;inf,591,0.300496,;inf,617,0.350619,;inf,637,0.400687,;inf,649,0.450769,;inf,664,0.500856,;inf,676,0.550943,;inf,703,0.601014,;inf,711,0.651115,;inf,733,0.701195,;inf,747,0.751303,;inf,763,0.801388,;inf,779,0.851494,;inf,784,0.901563,;inf,796,0.951644,;inf,802,1.00174,;inf,814,1.05183,;inf,829,1.10192,;inf,839,1.15203,;inf,845,1.20211,;inf,854,1.25223,;inf,863,1.30231,;inf,873,1.35242,;inf,882,1.40252,;inf,890,1.45262,;inf,893,1.50273,;inf,902,1.55284,;inf,909,1.60292,;inf,918,1.65304,;inf,922,1.70316,;inf,930,1.75327,;inf,942,1.80339,;inf,949,1.85346,;inf,955,1.90358,;inf,960,1.95367,;inf,963,2.00378,;inf,965,2.05386,;inf,968,2.10397,;inf,973,2.15405,;inf,977,2.20416,;inf,985,2.25426,;inf,986,2.30438,;inf,991,2.35449,;inf,999,2.40459,;inf,1020,2.45469,;inf,1035,2.50479,;inf,1044,2.55491,;inf,1051,2.60501,;inf,1055,2.65513,;inf,1058,2.70524,;inf,1064,2.75532,;inf,1067,2.80542,;inf,1078,2.85554,;inf,1089,2.90562,;inf,1094,2.95572,;inf,1101,3.0058,;inf,1103,3.05592,;inf,1110,3.10602,;inf,1117,3.15612,;inf,1117,3.2062,;inf,1117,3.2563,;inf,1118,3.30639,;inf,1124,3.35649,;inf,1129,3.40657,;inf,1131,3.45668,;inf,1135,3.50676,;inf,1138,3.55687,;inf,1141,3.60698,;inf,1143,3.65709,;inf,1147,3.70721,;inf,1152,3.75732,;inf,1154,3.8074,;inf,1158,3.85744,;inf,1172,3.90752,;inf,1175,3.95763,;inf,1180,4.00774,;inf,1181,4.05783,;inf,1187,4.10794,;inf,1192,4.15802,;inf,1202,4.20813,;inf,1205,4.25821,;inf,1207,4.30832,;inf,1209,4.35843,;inf,1211,4.40853,;inf,1216,4.45862,;inf,1217,4.50872,;inf,1218,4.5588,;inf,1219,4.60891,;inf,1225,4.65898,;inf,1226,4.7091,;inf,1231,4.75921,;inf,1235,4.80932,;inf,1237,4.85943,;inf,1244,4.9095,;inf,1246,4.9596,;inf,1250,5.00967,;inf,1251,5.05978,;inf,1251,5.10987,;inf,1251,5.15997,;inf,1253,5.21005,;inf,1254,5.26017,;inf,1258,5.31024,;inf,1259,5.36034,;inf,1264,5.41042,;inf,1270,5.46053,;inf,1275,5.51062,;inf,1282,5.56074,;inf,1286,5.61083,;inf,1291,5.6609,;inf,1295,5.71098,;inf,1297,5.7611,;inf,1298,5.8112,;inf,1305,5.86131,;inf,1307,5.91138,;inf,1309,5.96144,;inf,1311,6.01152,;inf,1313,6.0616,;inf,1315,6.11167,;inf,1320,6.16174,;inf,1320,6.2118,;inf,1329,6.26189,;inf,1339,6.31197,;inf,1340,6.36205,;inf,1342,6.41212,;inf,1344,6.4622,;inf,1345,6.51232,;inf,1348,6.5624,;inf,1350,6.61252,;inf,1351,6.66263,;inf,1353,6.71271,;inf,1356,6.76282,;inf,1359,6.81293,;inf,1363,6.86303,;484.189380,1366,6.91311,;484.189380,1367,6.96324,;484.189380,1367,7.01336,;484.189380,1368,7.06349,;484.189380,1368,7.11359,;484.189380,1372,7.16369,;484.189380,1373,7.21379,;484.189380,1375,7.2639,;484.189380,1376,7.31399,;484.189380,1378,7.3641,;484.189380,1382,7.41418,;484.189380,1386,7.46429,;484.189380,1389,7.5144,;484.189380,1397,7.56451,;484.189380,1399,7.61462,;463.578544,1401,7.66474,;463.578544,1403,7.71484,;463.578544,1404,7.76496,;463.578544,1407,7.81507,;463.578544,1409,7.86517,;463.578544,1416,7.91528,;463.578544,1419,7.96538,;461.882517,1428,8.01549,;461.882517,1431,8.06557,;461.882517,1432,8.11571,;461.882517,1435,8.16579,;461.882517,1440,8.21586,;461.882517,1442,8.26595,;461.882517,1446,8.31607,;461.882517,1448,8.36615,;461.882517,1449,8.41625,;461.882517,1450,8.46636,;461.882517,1452,8.51646,;461.882517,1452,8.56654,;461.882517,1456,8.61667,;461.882517,1457,8.66674,;461.882517,1459,8.71685,;461.882517,1462,8.76694,;461.882517,1464,8.81706,;461.882517,1465,8.86714,;461.882517,1468,8.91721,;461.882517,1469,8.96729,;461.882517,1472,9.01739,;461.882517,1473,9.06747,;461.882517,1474,9.11755,;461.882517,1478,9.16762,;461.882517,1480,9.21769,;461.882517,1483,9.26781,;461.882517,1484,9.3179,;461.882517,1485,9.36801,;461.882517,1490,9.41809,;461.882517,1495,9.4682,;461.882517,1500,9.51827,;461.882517,1510,9.56837,;461.811253,1513,9.61849,;461.811253,1515,9.6686,;461.811253,1517,9.71869,;461.811253,1520,9.76881,;461.811253,1522,9.81888,;461.811253,1524,9.86899,;461.811253,1529,9.91906,;461.811253,1531,9.96916,;461.811253,1532,10.0193,;461.811253,1533,10.0694,;
inf,345,0.0500638,;inf,395,0.100181,;inf,434,0.150257,;inf,473,0.200382,;inf,502,0.250493,;inf,528,0.300557,;inf,546,0.350629,;inf,558,0.400715,;inf,576,0.450788,;inf,595,0.500896,;inf,605,0.550984,;inf,617,0.601114,;inf,626,0.651194,;inf,642,0.701303,;inf,660,0.751405,;inf,671,0.80151,;inf,685,0.851612,;inf,692,0.90175,;inf,700,0.951842,;inf,710,1.00194,;inf,717,1.05205,;inf,730,1.10213,;inf,741,1.1522,;inf,758,1.2023,;inf,764,1.25241,;inf,768,1.30249,;inf,783,1.35259,;inf,792,1.40267,;inf,797,1.45278,;inf,810,1.50286,;inf,817,1.55294,;inf,822,1.60302,;inf,828,1.65314,;inf,835,1.70326,;inf,845,1.75336,;inf,852,1.80346,;inf,861,1.85357,;inf,871,1.90365,;inf,873,1.95373,;inf,882,2.00383,;inf,890,2.05392,;inf,893,2.10402,;inf,899,2.15413,;inf,903,2.20423,;inf,910,2.25433,;inf,915,2.30444,;inf,918,2.35456,;inf,921,2.40464,;inf,924,2.45473,;inf,926,2.50484,;inf,930,2.55496,;inf,934,2.60507,;inf,946,2.65517,;inf,949,2.70528,;inf,955,2.75538,;inf,962,2.80548,;inf,970,2.85559,;inf,978,2.90562,;472.879945,984,2.95573,;472.879945,987,3.00581,;472.879945,992,3.05592,;472.879945,996,3.106,;472.879945,998,3.15607,;472.879945,1002,3.20617,;472.879945,1007,3.25629,;472.879945,1015,3.30637,;472.879945,1020,3.35648,;472.879945,1025,3.40658,;472.879945,1028,3.45669,;472.866920,1030,3.50677,;472.866920,1034,3.55689,;472.866920,1035,3.60699,;472.866920,1037,3.65709,;472.866920,1044,3.7072,;472.866920,1048,3.7573,;472.866920,1051,3.80741,;472.866920,1056,3.85753,;472.866920,1058,3.90764,;472.866920,1060,3.95771,;472.866920,1064,4.00782,;472.866920,1067,4.0579,;472.866920,1073,4.10798,;472.866920,1073,4.15806,;472.866920,1078,4.20818,;472.866920,1081,4.25828,;472.527096,1089,4.30838,;472.527096,1093,4.35849,;472.527096,1096,4.4086,;472.527096,1101,4.45869,;472.527096,1101,4.50877,;472.527096,1101,4.5589,;465.298801,1104,4.60902,;461.021629,1109,4.65911,;461.021629,1113,4.70924,;461.021629,1115,4.75935,;461.021629,1118,4.80945,;461.021629,1121,4.85956,;461.021629,1125,4.90963,;461.021629,1126,4.95975,;461.021629,1128,5.00982,;461.021629,1131,5.05993,;461.021629,1133,5.11001,;461.021629,1136,5.16012,;461.021629,1138,5.21023,;461.021629,1140,5.26035,;461.021629,1142,5.31045,;461.021629,1146,5.36056,;461.021629,1148,5.41062,;461.021629,1151,5.46073,;461.021629,1154,5.51082,;461.021629,1155,5.56093,;461.021629,1158,5.61104,;461.021629,1164,5.66112,;461.021629,1169,5.71124,;461.021629,1170,5.76135,;461.021629,1170,5.81145,;452.988983,1175,5.86153,;452.988983,1179,5.91165,;452.988983,1181,5.96172,;452.988983,1186,6.01183,;452.988983,1188,6.0619,;452.988983,1189,6.11202,;452.988983,1191,6.1621,;452.988983,1194,6.21221,;452.988983,1196,6.26229,;452.988983,1198,6.31244,;452.988983,1199,6.36252,;452.988983,1202,6.41262,;452.988983,1203,6.46273,;452.988983,1203,6.51281,;452.988983,1206,6.56292,;452.988983,1211,6.61304,;452.988983,1211,6.66312,;452.988983,1214,6.71323,;452.988983,1218,6.7633,;452.988983,1220,6.81342,;452.988983,1223,6.86353,;451.169409,1224,6.91359,;451.169409,1226,6.9637,;451.169409,1227,7.01377,;451.050555,1229,7.06387,;451.050555,1231,7.11395,;451.050555,1236,7.16404,;451.050555,1237,7.21413,;451.050555,1240,7.26425,;451.050555,1241,7.31434,;451.050555,1244,7.36441,;451.050555,1247,7.41451,;451.050555,1249,7.46461,;451.050555,1251,7.5147,;451.050555,1256,7.56481,;451.050555,1257,7.61492,;451.050555,1259,7.66503,;451.050555,1260,7.71515,;451.050555,1264,7.76526,;451.050555,1264,7.81535,;451.050555,1268,7.86547,;451.050555,1268,7.91558,;451.050555,1269,7.96562,;451.050555,1271,8.01572,;451.050555,1275,8.06579,;451.050555,1278,8.1159,;451.050555,1280,8.16598,;451.050555,1283,8.21609,;451.050555,1286,8.26617,;451.050555,1287,8.31628,;451.050555,1289,8.36636,;451.050555,1290,8.41647,;451.050555,1292,8.46656,;451.050555,1295,8.51663,;451.050555,1298,8.56672,;451.050555,1301,8.61682,;451.050555,1305,8.66691,;451.050555,1307,8.71702,;451.050555,1309,8.7671,;451.050555,1314,8.81721,;451.050555,1315,8.86732,;451.050555,1319,8.91742,;451.050555,1320,8.96752,;451.050555,1321,9.01763,;451.050555,1325,9.06773,;451.050555,1329,9.1178,;451.050555,1330,9.1679,;451.050555,1336,9.21798,;451.050555,1340,9.26811,;451.050555,1340,9.3182,;451.050555,1343,9.36828,;451.050555,1345,9.41837,;451.050555,1347,9.46848,;451.050555,1352,9.51856,;451.050555,1353,9.56868,;451.050555,1355,9.61876,;451.050555,1360,9.66887,;451.050555,1363,9.71899,;451.050555,1367,9.7691,;451.050555,1368,9.81917,;451.050555,1374,9.86929,;451.050555,1374,9.91937,;451.050555,1379,9.96949,;451.050555,1380,10.0196,;451.050555,1384,10.0697,;
inf,374,0.0500949,;inf,432,0.100203,;inf,465,0.150327,;inf,487,0.200436,;inf,519,0.250508,;inf,543,0.300632,;inf,568,0.350716,;inf,587,0.40082,;inf,604,0.450907,;inf,623,0.501015,;inf,649,0.551111,;inf,659,0.601227,;inf,668,0.651329,;inf,676,0.701397,;inf,686,0.751478,;inf,692,0.801589,;inf,709,0.851696,;inf,717,0.901811,;inf,728,0.951887,;inf,736,1.00199,;inf,738,1.0521,;inf,766,1.10221,;inf,782,1.15231,;inf,797,1.20244,;inf,808,1.25254,;inf,812,1.3026,;inf,818,1.35271,;inf,827,1.40279,;inf,842,1.4529,;inf,848,1.50298,;inf,856,1.5531,;inf,869,1.60321,;inf,877,1.65332,;inf,885,1.70341,;inf,892,1.75353,;inf,899,1.80364,;inf,905,1.85374,;inf,914,1.90382,;inf,930,1.95394,;inf,939,2.00405,;inf,942,2.05416,;inf,947,2.10424,;inf,953,2.15435,;inf,963,2.20445,;inf,968,2.25455,;inf,974,2.30465,;inf,978,2.35473,;inf,981,2.40484,;inf,989,2.45492,;inf,992,2.50503,;inf,995,2.55513,;inf,1005,2.60524,;inf,1012,2.65536,;inf,1016,2.70544,;inf,1022,2.75555,;inf,1024,2.80566,;inf,1027,2.85576,;inf,1032,2.90587,;inf,1034,2.95598,;inf,1036,3.00607,;inf,1039,3.05618,;inf,1042,3.10629,;inf,1048,3.1564,;inf,1055,3.20652,;inf,1064,3.25662,;inf,1072,3.30672,;inf,1078,3.35679,;inf,1084,3.4069,;inf,1088,3.457,;inf,1092,3.50711,;inf,1096,3.5572,;inf,1100,3.60728,;inf,1101,3.65739,;inf,1104,3.70749,;inf,1106,3.75759,;inf,1107,3.80769,;inf,1118,3.85778,;inf,1120,3.90789,;inf,1130,3.95798,;inf,1132,4.00809,;inf,1134,4.0582,;inf,1138,4.10832,;inf,1140,4.15842,;inf,1145,4.20853,;inf,1152,4.25864,;inf,1158,4.30874,;inf,1160,4.35884,;inf,1164,4.40896,;inf,1169,4.45905,;inf,1174,4.50912,;inf,1181,4.55922,;inf,1186,4.60931,;inf,1189,4.65939,;inf,1191,4.70946,;inf,1192,4.75955,;inf,1195,4.80962,;inf,1196,4.85973,;inf,1199,4.90981,;inf,1208,4.95991,;inf,1210,5.00999,;inf,1212,5.06009,;inf,1213,5.11017,;inf,1215,5.16026,;inf,1216,5.21034,;inf,1217,5.26041,;inf,1219,5.31048,;inf,1225,5.36056,;inf,1227,5.41064,;inf,1229,5.46073,;inf,1232,5.51081,;inf,1236,5.5609,;inf,1237,5.61098,;inf,1239,5.66106,;inf,1243,5.71116,;inf,1247,5.76124,;inf,1251,5.81133,;inf,1257,5.86142,;inf,1259,5.91151,;inf,1263,5.9616,;inf,1266,6.01168,;inf,1267,6.06176,;inf,1270,6.11185,;inf,1278,6.16193,;inf,1288,6.21201,;inf,1291,6.26211,;inf,1295,6.31219,;inf,1298,6.36228,;inf,1300,6.41236,;inf,1302,6.46243,;inf,1304,6.51252,;inf,1306,6.5626,;inf,1309,6.61269,;inf,1312,6.66277,;inf,1314,6.71286,;inf,1316,6.76294,;inf,1317,6.81302,;inf,1317,6.8631,;inf,1320,6.9132,;inf,1321,6.96328,;inf,1328,7.01336,;inf,1330,7.06344,;inf,1334,7.11353,;inf,1338,7.16361,;inf,1338,7.21373,;inf,1341,7.26384,;inf,1344,7.31395,;inf,1345,7.36405,;inf,1349,7.41416,;inf,1352,7.46425,;inf,1358,7.51432,;inf,1360,7.56439,;inf,1362,7.61451,;inf,1366,7.66462,;inf,1368,7.71471,;inf,1368,7.76483,;inf,1371,7.81491,;inf,1374,7.86503,;inf,1376,7.91512,;inf,1378,7.96523,;inf,1384,8.01534,;inf,1386,8.06544,;inf,1389,8.11554,;inf,1392,8.16565,;inf,1397,8.21575,;inf,1399,8.26585,;inf,1401,8.31596,;inf,1404,8.36606,;inf,1405,8.41617,;inf,1408,8.46627,;inf,1410,8.51638,;inf,1413,8.56649,;inf,1414,8.6166,;inf,1416,8.6667,;inf,1418,8.7168,;inf,1419,8.76691,;inf,1421,8.81702,;inf,1423,8.86712,;inf,1425,8.91723,;inf,1428,8.96734,;inf,1429,9.01744,;inf,1432,9.06754,;inf,1435,9.11765,;inf,1444,9.16775,;inf,1447,9.21785,;inf,1449,9.26796,;inf,1453,9.31807,;inf,1455,9.36817,;inf,1461,9.41828,;inf,1465,9.46839,;inf,1466,9.5185,;inf,1467,9.5686,;inf,1469,9.61871,;inf,1471,9.66882,;inf,1474,9.71894,;inf,1476,9.76906,;inf,1478,9.81916,;inf,1481,9.86927,;inf,1482,9.91937,;inf,1484,9.96947,;inf,1486,10.0196,;inf,1490,10.0697,;
inf,379,0.0500913,;inf,459,0.100199,;inf,502,0.150307,;inf,579,0.200419,;inf,615,0.250523,;inf,644,0.300593,;inf,663,0.3507,;inf,682,0.40077,;inf,703,0.450883,;inf,714,0.501006,;inf,731,0.551113,;inf,749,0.601215,;inf,771,0.651321,;inf,782,0.701427,;inf,787,0.751534,;inf,803,0.801615,;inf,829,0.851733,;inf,839,0.901836,;inf,853,0.951937,;inf,862,1.00205,;inf,879,1.05215,;inf,888,1.10226,;inf,899,1.15236,;inf,905,1.20248,;inf,915,1.25255,;inf,932,1.30262,;inf,941,1.35272,;inf,952,1.40283,;inf,963,1.45294,;inf,972,1.50304,;inf,990,1.55314,;inf,993,1.60325,;inf,999,1.65337,;inf,1007,1.70348,;inf,1028,1.75358,;inf,1035,1.80369,;inf,1040,1.85379,;inf,1043,1.9039,;inf,1049,1.954,;inf,1058,2.0041,;inf,1063,2.05421,;inf,1065,2.10432,;inf,1074,2.15441,;inf,1083,2.20452,;inf,1092,2.25462,;inf,1095,2.30473,;inf,1097,2.35485,;inf,1102,2.40495,;inf,1105,2.45505,;inf,1114,2.50514,;inf,1117,2.55525,;inf,1119,2.60532,;inf,1123,2.6554,;inf,1128,2.70553,;inf,1132,2.75562,;inf,1141,2.80571,;inf,1150,2.85581,;inf,1152,2.90587,;inf,1157,2.95598,;inf,1160,3.00606,;inf,1163,3.05617,;inf,1171,3.10628,;479.381734,1178,3.15638,;479.381734,1180,3.20649,;479.198569,1185,3.2566,;479.198569,1191,3.30671,;479.198569,1191,3.35682,;479.198569,1191,3.40693,;477.276404,1194,3.45704,;477.276404,1195,3.50715,;472.409886,1204,3.55726,;472.409886,1206,3.60739,;472.409886,1211,3.65751,;472.409886,1213,3.70762,;472.409886,1216,3.75771,;472.409886,1222,3.80779,;472.409886,1226,3.8579,;472.409886,1230,3.90799,;472.409886,1231,3.95809,;472.409886,1233,4.0082,;472.409886,1238,4.0583,;472.096892,1242,4.10841,;472.096892,1246,4.15851,;472.096892,1250,4.20855,;472.096892,1254,4.25865,;472.096892,1258,4.30876,;472.096892,1264,4.35887,;472.096892,1267,4.40898,;472.096892,1270,4.45908,;472.096892,1273,4.50919,;472.096892,1277,4.5593,;472.096892,1282,4.60937,;472.096892,1286,4.65948,;472.096892,1288,4.70956,;472.096892,1290,4.75966,;472.096892,1293,4.80977,;472.096892,1295,4.85988,;472.096892,1296,4.90996,;472.076933,1299,4.96007,;472.076933,1300,5.01017,;472.076933,1304,5.06028,;472.076933,1309,5.11035,;472.076933,1313,5.16042,;472.076933,1314,5.21054,;472.076933,1319,5.26064,;472.076933,1320,5.31075,;472.076933,1327,5.36086,;472.076933,1328,5.41093,;472.076933,1331,5.46105,;472.076933,1333,5.51113,;472.076933,1336,5.56121,;472.076933,1339,5.61128,;472.076933,1340,5.66138,;472.076933,1344,5.71147,;471.956220,1347,5.76156,;471.956220,1350,5.81165,;471.956220,1353,5.86176,;471.956220,1356,5.91184,;471.848851,1357,5.96191,;471.848851,1357,6.012,;471.848851,1357,6.06212,;461.788714,1358,6.1122,;458.927241,1360,6.16231,;458.927241,1363,6.21239,;458.927241,1365,6.2625,;458.927241,1369,6.31255,;458.927241,1370,6.36265,;458.927241,1374,6.41275,;458.927241,1375,6.46285,;458.927241,1377,6.51293,;458.927241,1380,6.56305,;458.927241,1383,6.61313,;458.927241,1386,6.66324,;458.927241,1388,6.71332,;458.927241,1389,6.76343,;458.927241,1392,6.81352,;458.927241,1394,6.86363,;458.927241,1401,6.91371,;458.927241,1403,6.96382,;458.927241,1405,7.01393,;458.927241,1406,7.06403,;458.824927,1408,7.11414,;458.824927,1409,7.16426,;458.824927,1414,7.21438,;458.824927,1419,7.26449,;458.824927,1421,7.31459,;458.824927,1423,7.36467,;458.824927,1426,7.41477,;458.824927,1430,7.46485,;458.824927,1432,7.51497,;458.824927,1433,7.56507,;458.824927,1434,7.61518,;458.824927,1436,7.6653,;458.824927,1437,7.71539,;458.824927,1438,7.7655,;458.824927,1441,7.81561,;458.824927,1443,7.86571,;458.824927,1444,7.91581,;458.824927,1445,7.96592,;458.824927,1446,8.01603,;458.824927,1450,8.0661,;458.824927,1451,8.11625,;458.824927,1456,8.16633,;458.824927,1457,8.21643,;458.824927,1459,8.26654,;458.747987,1461,8.31661,;458.747987,1464,8.3667,;458.747987,1466,8.41677,;458.747987,1468,8.46687,;458.747987,1470,8.51696,;458.747987,1471,8.56707,;458.747987,1472,8.61717,;458.747987,1476,8.66729,;458.747987,1480,8.71738,;458.747987,1482,8.76748,;458.747987,1483,8.81758,;458.747987,1485,8.86769,;458.747987,1486,8.9178,;458.747987,1487,8.96791,;458.747987,1489,9.01803,;458.747987,1493,9.06812,;458.747987,1494,9.11824,;458.747987,1499,9.16835,;458.747987,1502,9.21845,;458.747987,1508,9.26855,;458.747987,1508,9.31866,;458.747987,1508,9.36874,;458.515915,1509,9.41884,;458.515915,1511,9.46895,;458.515915,1516,9.51905,;458.515915,1518,9.56916,;458.515915,1520,9.61926,;458.515915,1521,9.66938,;458.515915,1523,9.71947,;458.515915,1524,9.76955,;458.515915,1525,9.81964,;458.515915,1527,9.86975,;458.515915,1528,9.91985,;458.515915,1530,9.96992,;458.515915,1531,10.02,;458.515915,1533,10.0701,;
inf,274,0.0500549,;inf,366,0.100121,;inf,400,0.150186,;inf,436,0.200251,;inf,497,0.250316,;inf,514,0.300389,;inf,540,0.350454,;inf,564,0.400522,;inf,598,0.450588,;inf,614,0.50067,;inf,644,0.550738,;inf,659,0.600807,;inf,672,0.650874,;inf,679,0.700943,;inf,688,0.751015,;inf,708,0.801082,;inf,730,0.851146,;inf,747,0.901226,;inf,765,0.951333,;inf,774,1.00143,;inf,784,1.0515,;inf,797,1.10157,;inf,816,1.1517,;inf,825,1.20177,;inf,831,1.25188,;inf,843,1.30196,;inf,850,1.35202,;inf,863,1.40212,;inf,872,1.45219,;inf,876,1.50225,;inf,895,1.55232,;inf,900,1.6024,;inf,908,1.65249,;inf,919,1.70255,;inf,926,1.75262,;inf,935,1.80269,;inf,940,1.85275,;inf,945,1.90281,;inf,950,1.95287,;inf,960,2.00298,;inf,971,2.05309,;inf,979,2.1032,;inf,982,2.1533,;inf,987,2.2034,;inf,992,2.25348,;inf,998,2.30359,;inf,1016,2.35366,;inf,1020,2.40379,;inf,1028,2.45386,;inf,1036,2.50393,;inf,1043,2.554,;inf,1045,2.60408,;inf,1049,2.65414,;inf,1057,2.70422,;inf,1064,2.75428,;inf,1069,2.80435,;inf,1072,2.85441,;inf,1077,2.90448,;474.753831,1091,2.95454,;474.753831,1098,3.00461,;474.753831,1108,3.05469,;474.753831,1112,3.1048,;474.753831,1115,3.15491,;474.753831,1118,3.20501,;474.753831,1121,3.25512,;474.753831,1128,3.30523,;474.753831,1130,3.35536,;474.753831,1133,3.40546,;474.753831,1136,3.45557,;474.753831,1144,3.50563,;474.753831,1149,3.55573,;474.753831,1155,3.60583,;474.753831,1161,3.65594,;474.753831,1167,3.70603,;474.753831,1172,3.75615,;474.753831,1175,3.80624,;474.753831,1177,3.85634,;457.929474,1182,3.90643,;457.929474,1185,3.95655,;457.929474,1190,4.00664,;457.929474,1193,4.05675,;457.929474,1199,4.10684,;457.929474,1202,4.15692,;457.929474,1207,4.207,;457.929474,1212,4.25706,;457.929474,1216,4.30714,;457.929474,1223,4.35721,;457.929474,1226,4.40728,;457.929474,1232,4.45734,;457.929474,1237,4.50741,;457.929474,1241,4.55749,;457.678169,1242,4.60757,;457.678169,1245,4.65763,;457.678169,1247,4.70771,;457.678169,1250,4.75777,;457.678169,1254,4.80784,;457.678169,1258,4.8579,;457.678169,1262,4.90797,;457.678169,1267,4.95804,;457.678169,1272,5.00811,;457.678169,1275,5.05817,;457.678169,1282,5.10824,;457.678169,1284,5.1583,;457.678169,1297,5.20838,;457.678169,1299,5.25849,;457.678169,1310,5.3086,;457.678169,1313,5.3587,;457.678169,1316,5.40881,;457.678169,1316,5.45891,;457.498142,1318,5.50902,;457.498142,1326,5.55912,;457.498142,1329,5.60923,;457.498142,1334,5.65935,;457.498142,1339,5.70946,;457.498142,1343,5.75955,;457.498142,1347,5.80963,;456.611869,1352,5.85973,;456.540374,1355,5.90985,;456.540374,1359,5.95993,;456.540374,1363,6.01001,;456.540374,1364,6.0601,;456.540374,1368,6.11018,;456.540374,1374,6.16026,;456.540374,1381,6.21035,;456.540374,1389,6.26043,;456.540374,1395,6.31052,;456.540374,1398,6.3606,;456.540374,1401,6.41069,;456.540374,1402,6.46077,;456.540374,1408,6.51085,;456.540374,1409,6.56095,;456.540374,1413,6.61108,;456.540374,1415,6.66118,;456.540374,1417,6.71129,;454.411388,1420,6.7614,;454.411388,1421,6.8115,;454.411388,1422,6.86154,;454.411388,1427,6.91165,;454.411388,1430,6.96173,;454.411388,1431,7.01183,;454.411388,1435,7.06192,;454.411388,1438,7.11202,;454.411388,1441,7.1621,;454.411388,1445,7.21223,;454.411388,1448,7.26232,;454.411388,1451,7.31243,;454.411388,1454,7.36251,;454.411388,1457,7.41262,;454.411388,1460,7.4627,;454.411388,1464,7.51279,;454.411388,1466,7.56288,;454.411388,1470,7.613,;454.411388,1472,7.66309,;454.411388,1477,7.71321,;454.411388,1478,7.7633,;454.411388,1482,7.81341,;454.411388,1488,7.86351,;454.411388,1490,7.91355,;454.411388,1492,7.96365,;454.411388,1497,8.01372,;454.411388,1499,8.06382,;454.411388,1500,8.1139,;454.411388,1504,8.16401,;454.411388,1505,8.21413,;454.411388,1509,8.26422,;454.411388,1512,8.31431,;454.411388,1515,8.3644,;454.411388,1517,8.41451,;454.411388,1520,8.46459,;454.411388,1523,8.51466,;454.411388,1525,8.56479,;454.411388,1527,8.61487,;454.411388,1528,8.66497,;454.411388,1531,8.71508,;454.411388,1533,8.76518,;454.411388,1534,8.81528,;454.411388,1540,8.86535,;454.411388,1541,8.91545,;454.411388,1545,8.9655,;454.411388,1557,9.01561,;454.411388,1563,9.06568,;454.411388,1565,9.11578,;454.411388,1566,9.16587,;454.411388,1569,9.21595,;454.411388,1571,9.26603,;454.411388,1572,9.31611,;453.280775,1574,9.36622,;453.280775,1574,9.41633,;453.280775,1578,9.46643,;453.280775,1583,9.5165,;453.280775,1585,9.5666,;453.280775,1589,9.61669,;453.280775,1591,9.6668,;453.280775,1595,9.71692,;453.110374,1596,9.76702,;453.110374,1598,9.81712,;453.110374,1604,9.86723,;453.110374,1606,9.91733,;453.110374,1608,9.96744,;453.110374,1612,10.0175,;
inf,494,0.0500906,;inf,539,0.100174,;inf,590,0.150278,;inf,640,0.20038,;inf,670,0.250482,;inf,703,0.300568,;inf,724,0.350673,;inf,744,0.400772,;inf,764,0.450878,;inf,787,0.500962,;inf,811,0.551085,;inf,826,0.601197,;inf,835,0.6513,;inf,846,0.701403,;inf,859,0.751516,;inf,872,0.801618,;inf,894,0.851685,;inf,912,0.901786,;inf,927,0.951873,;inf,942,1.00194,;inf,961,1.05202,;inf,966,1.10209,;inf,981,1.15216,;inf,991,1.20226,;inf,1001,1.25235,;inf,1018,1.30246,;inf,1026,1.35253,;inf,1034,1.40262,;inf,1054,1.4527,;inf,1061,1.50278,;inf,1085,1.55289,;inf,1097,1.603,;inf,1107,1.65308,;inf,1118,1.7032,;inf,1129,1.7533,;inf,1140,1.80338,;inf,1155,1.85347,;inf,1171,1.90354,;inf,1175,1.95364,;inf,1182,2.00371,;inf,1186,2.05381,;inf,1189,2.10389,;inf,1194,2.154,;inf,1202,2.20411,;inf,1206,2.25422,;inf,1210,2.30433,;inf,1212,2.35443,;inf,1218,2.40454,;inf,1224,2.45464,;inf,1233,2.50475,;inf,1236,2.55483,;inf,1240,2.60493,;inf,1244,2.65505,;inf,1258,2.70513,;inf,1263,2.75524,;inf,1269,2.80534,;inf,1274,2.85544,;inf,1278,2.90554,;inf,1283,2.9556,;inf,1292,3.00571,;inf,1300,3.05577,;inf,1303,3.10587,;inf,1311,3.15595,;inf,1315,3.20606,;inf,1323,3.25616,;inf,1324,3.30627,;inf,1327,3.35635,;inf,1330,3.40642,;inf,1337,3.45649,;inf,1343,3.50659,;inf,1349,3.55668,;inf,1351,3.60678,;inf,1357,3.65689,;inf,1359,3.707,;inf,1363,3.7571,;inf,1367,3.8072,;inf,1369,3.85731,;inf,1371,3.90742,;inf,1373,3.95757,;inf,1375,4.00763,;inf,1380,4.05773,;inf,1383,4.10781,;inf,1389,4.15792,;inf,1392,4.208,;inf,1402,4.25811,;inf,1403,4.30819,;inf,1408,4.3583,;inf,1412,4.4084,;inf,1422,4.4585,;inf,1427,4.50858,;inf,1430,4.55869,;inf,1436,4.60879,;inf,1446,4.6589,;inf,1447,4.70898,;inf,1455,4.75909,;inf,1460,4.80919,;inf,1462,4.85929,;inf,1469,4.90939,;inf,1473,4.95946,;inf,1476,5.00954,;inf,1483,5.05961,;inf,1484,5.10968,;inf,1487,5.15975,;inf,1488,5.20984,;inf,1491,5.25994,;inf,1496,5.31005,;inf,1497,5.36014,;inf,1502,5.41025,;inf,1507,5.46033,;inf,1509,5.51041,;inf,1511,5.56051,;inf,1517,5.61061,;inf,1520,5.66069,;inf,1521,5.71079,;inf,1524,5.76086,;inf,1525,5.81094,;inf,1529,5.86105,;inf,1535,5.91116,;inf,1542,5.96127,;inf,1548,6.01137,;inf,1551,6.06148,;inf,1553,6.11155,;inf,1560,6.16165,;inf,1562,6.21172,;inf,1566,6.26182,;inf,1568,6.31191,;inf,1569,6.36202,;inf,1569,6.4121,;inf,1574,6.46219,;inf,1575,6.5123,;inf,1579,6.56241,;inf,1585,6.61253,;inf,1588,6.66264,;inf,1595,6.71274,;inf,1596,6.76284,;inf,1605,6.81294,;inf,1609,6.86305,;inf,1612,6.91315,;inf,1617,6.96325,;inf,1621,7.01335,;inf,1622,7.06346,;inf,1623,7.11356,;inf,1627,7.16363,;inf,1632,7.21373,;inf,1633,7.26383,;inf,1639,7.31394,;inf,1641,7.36402,;inf,1643,7.41412,;inf,1646,7.46422,;inf,1648,7.51433,;inf,1652,7.56443,;inf,1653,7.61454,;inf,1654,7.66464,;inf,1658,7.71476,;inf,1659,7.76487,;inf,1663,7.81497,;inf,1665,7.86503,;inf,1666,7.91513,;inf,1667,7.96524,;inf,1670,8.01534,;inf,1673,8.06543,;inf,1675,8.11546,;inf,1678,8.16557,;inf,1680,8.21564,;inf,1681,8.26575,;inf,1684,8.31584,;inf,1688,8.36595,;inf,1690,8.41603,;inf,1695,8.46614,;inf,1705,8.51622,;inf,1713,8.56631,;inf,1714,8.61643,;inf,1718,8.66652,;inf,1719,8.7166,;inf,1723,8.76671,;inf,1725,8.81679,;inf,1726,8.8669,;inf,1729,8.917,;inf,1735,8.96711,;inf,1738,9.01721,;inf,1742,9.06731,;inf,1749,9.11742,;inf,1755,9.16748,;inf,1758,9.21757,;inf,1760,9.26765,;inf,1762,9.31774,;inf,1767,9.36784,;inf,1768,9.41795,;inf,1772,9.46802,;inf,1774,9.51814,;inf,1779,9.56821,;inf,1782,9.61828,;inf,1785,9.66838,;inf,1788,9.7185,;inf,1792,9.76858,;inf,1793,9.81865,;inf,1801,9.86878,;inf,1805,9.91886,;inf,1806,9.96895,;inf,1807,10.019,;inf,1808,10.0691,;
inf,419,0.0500572,;inf,508,0.100163,;inf,573,0.150275,;inf,600,0.200358,;inf,624,0.250488,;inf,642,0.300555,;inf,666,0.350654,;inf,687,0.400758,;inf,695,0.450865,;inf,708,0.500978,;inf,720,0.551092,;inf,733,0.601197,;inf,752,0.651317,;inf,767,0.701385,;inf,783,0.751491,;inf,791,0.801559,;490.816328,805,0.85164,;490.816328,817,0.90173,;486.175299,829,0.951813,;486.175299,835,1.00192,;484.242492,846,1.052,;483.143609,860,1.10207,;480.184559,870,1.15218,;480.184559,881,1.20229,;480.184559,888,1.2524,;480.184559,895,1.30249,;478.994983,911,1.35259,;478.994983,924,1.40269,;477.826695,934,1.45281,;477.826695,948,1.50288,;476.626474,960,1.553,;476.626474,972,1.60311,;476.626474,982,1.65323,;476.626474,989,1.70336,;476.509833,996,1.75344,;474.862584,1004,1.80354,;474.862584,1010,1.85365,;473.023699,1020,1.90373,;473.023699,1024,1.95383,;473.023699,1034,2.00394,;473.023699,1038,2.05402,;473.023699,1046,2.10413,;472.577121,1052,2.15424,;472.577121,1063,2.20434,;470.767649,1067,2.25443,;470.767649,1071,2.30453,;470.767649,1076,2.35461,;470.767649,1080,2.40472,;470.767649,1087,2.45484,;470.767649,1091,2.50492,;470.767649,1098,2.55504,;470.253411,1100,2.60514,;470.253411,1104,2.65525,;470.253411,1110,2.70532,;470.253411,1111,2.75544,;469.808438,1117,2.80552,;469.808438,1123,2.85562,;469.808438,1126,2.90573,;469.808438,1131,2.95586,;469.808438,1135,3.00596,;469.808438,1138,3.05605,;469.808438,1142,3.10616,;469.808438,1145,3.15628,;469.808438,1149,3.20638,;469.808438,1154,3.25649,;469.808438,1160,3.30659,;469.808438,1168,3.35669,;469.808438,1170,3.4068,;469.808438,1170,3.45691,;469.808438,1170,3.50699,;467.836758,1173,3.55709,;467.836758,1177,3.60721,;467.836758,1183,3.65727,;467.836758,1185,3.70738,;467.836758,1191,3.75749,;467.836758,1195,3.80756,;467.836758,1198,3.85765,;467.836758,1202,3.90776,;467.836758,1203,3.95784,;467.836758,1207,4.00795,;467.836758,1208,4.05804,;467.791582,1210,4.10816,;467.791582,1212,4.15827,;467.791582,1213,4.20838,;467.791582,1216,4.25848,;467.791582,1218,4.30859,;467.791582,1223,4.3587,;467.791582,1230,4.4088,;467.791582,1231,4.4589,;467.791582,1233,4.50898,;467.791582,1235,4.55911,;467.791582,1237,4.6092,;467.791582,1239,4.65931,;467.605956,1241,4.7094,;467.605956,1244,4.7595,;467.605956,1247,4.8096,;467.605956,1249,4.8597,;467.605956,1251,4.90978,;467.605956,1253,4.95989,;467.605956,1254,5.00997,;467.371028,1257,5.06008,;467.371028,1260,5.11018,;467.371028,1261,5.16029,;466.224297,1265,5.21039,;466.224297,1268,5.2605,;466.224297,1271,5.31056,;466.224297,1272,5.36068,;466.224297,1277,5.41079,;466.224297,1279,5.4609,;466.224297,1283,5.51099,;466.224297,1286,5.56109,;465.984662,1288,5.61117,;465.984662,1290,5.66129,;465.984662,1294,5.71141,;465.984662,1296,5.76148,;465.984662,1298,5.81155,;465.984662,1300,5.86166,;465.984662,1301,5.91176,;465.984662,1303,5.96186,;465.984662,1304,6.01196,;465.984662,1308,6.06204,;465.984662,1310,6.11216,;465.984662,1311,6.16227,;465.984662,1315,6.21237,;465.984662,1316,6.26248,;465.984662,1318,6.31258,;465.984662,1323,6.36268,;465.984662,1325,6.41279,;465.984662,1327,6.46287,;465.984662,1329,6.51295,;465.984662,1330,6.56307,;465.984662,1332,6.61318,;465.984662,1333,6.66329,;465.984662,1336,6.71339,;465.984662,1338,6.7635,;465.984662,1339,6.8136,;465.984662,1342,6.8637,;465.984662,1345,6.9138,;465.984662,1346,6.9639,;465.984662,1349,7.014,;465.984662,1350,7.06408,;465.984662,1351,7.11418,;465.564517,1354,7.1643,;465.564517,1357,7.21441,;465.564517,1358,7.26452,;465.564517,1359,7.31462,;465.503644,1360,7.36472,;465.503644,1360,7.41484,;459.164895,1362,7.46493,;459.164895,1363,7.51503,;459.164895,1365,7.56515,;459.164895,1367,7.61529,;459.164895,1368,7.66536,;459.164895,1369,7.71547,;459.164895,1372,7.76554,;459.164895,1374,7.81564,;459.164895,1377,7.86575,;459.164895,1381,7.91585,;459.164895,1382,7.96594,;459.164895,1386,8.01604,;459.164895,1387,8.06614,;459.164895,1388,8.11624,;459.164895,1391,8.16633,;459.164895,1392,8.21644,;459.164895,1394,8.26652,;459.164895,1395,8.31663,;459.164895,1397,8.36673,;459.164895,1400,8.41684,;459.164895,1401,8.46694,;459.164895,1403,8.51703,;459.164895,1406,8.56714,;459.164895,1409,8.61726,;459.164895,1411,8.66736,;459.164895,1413,8.71743,;458.860555,1416,8.7675,;458.860555,1419,8.81764,;458.860555,1421,8.86775,;458.860555,1426,8.91783,;458.860555,1426,8.96794,;458.860555,1431,9.01803,;458.860555,1431,9.06814,;458.860555,1432,9.11823,;458.860555,1438,9.16834,;458.860555,1439,9.21843,;458.860555,1442,9.26855,;458.860555,1443,9.31865,;458.860555,1444,9.36873,;458.860555,1446,9.41885,;458.860555,1447,9.46893,;458.860555,1450,9.51904,;458.860555,1455,9.56915,;458.860555,1459,9.61925,;458.860555,1460,9.66932,;458.860555,1462,9.71941,;458.860555,1466,9.76949,;458.860555,1468,9.81958,;458.860555,1470,9.86967,;458.860555,1479,9.91977,;458.860555,1480,9.96985,;458.860555,1482,10.02,;458.860555,1483,10.07,;
inf,249,0.0500692,;inf,295,0.100186,;inf,351,0.150294,;inf,386,0.200397,;inf,416,0.2505,;inf,439,0.300553,;inf,469,0.350669,;inf,487,0.400739,;inf,510,0.450832,;inf,529,0.500928,;inf,547,0.551036,;inf,558,0.601127,;inf,572,0.651243,;inf,579,0.70131,;inf,590,0.751415,;inf,609,0.801522,;inf,615,0.851629,;inf,632,0.901709,;inf,651,0.95182,;inf,651,1.0019,;inf,667,1.05202,;inf,673,1.10213,;inf,679,1.15225,;inf,685,1.20236,;inf,691,1.25243,;inf,702,1.30254,;inf,712,1.35264,;inf,722,1.40274,;inf,728,1.45285,;inf,738,1.50295,;inf,743,1.55302,;inf,746,1.60312,;inf,752,1.65321,;inf,755,1.70332,;inf,761,1.7534,;inf,766,1.80351,;inf,776,1.85358,;inf,786,1.9037,;inf,789,1.95381,;inf,794,2.00388,;inf,801,2.05397,;inf,804,2.10404,;inf,812,2.15412,;inf,816,2.2042,;inf,822,2.25427,;inf,827,2.30438,;inf,834,2.35448,;inf,837,2.40457,;inf,841,2.45465,;inf,846,2.50474,;inf,851,2.55482,;inf,856,2.60492,;inf,861,2.65503,;inf,865,2.70512,;inf,869,2.75523,;inf,874,2.80532,;inf,877,2.85542,;inf,880,2.90553,;inf,885,2.95562,;inf,890,3.00573,;inf,891,3.05584,;inf,897,3.10595,;inf,907,3.15606,;inf,913,3.20618,;inf,914,3.25629,;inf,918,3.30638,;inf,921,3.3565,;inf,929,3.4066,;inf,935,3.45668,;inf,937,3.50676,;inf,940,3.55683,;inf,945,3.60694,;inf,951,3.65703,;inf,955,3.70712,;inf,958,3.75721,;inf,959,3.80731,;inf,962,3.85738,;inf,966,3.90748,;inf,974,3.95759,;inf,976,4.00769,;inf,978,4.05778,;inf,981,4.10789,;inf,983,4.158,;inf,985,4.2081,;inf,988,4.2582,;inf,991,4.30831,;inf,994,4.35842,;inf,995,4.40848,;inf,997,4.45859,;inf,1003,4.50866,;inf,1005,4.55877,;inf,1007,4.60884,;inf,1016,4.65891,;inf,1017,4.70899,;inf,1018,4.75908,;inf,1021,4.80915,;inf,1023,4.85922,;inf,1023,4.90929,;inf,1025,4.95938,;inf,1028,5.00946,;inf,1032,5.05954,;inf,1037,5.10964,;inf,1044,5.15973,;inf,1045,5.20986,;inf,1048,5.25997,;inf,1053,5.31007,;inf,1054,5.36018,;inf,1059,5.41027,;inf,1061,5.46038,;inf,1063,5.51049,;inf,1069,5.56057,;inf,1072,5.61068,;inf,1075,5.66076,;inf,1080,5.71087,;inf,1088,5.76098,;inf,1090,5.81109,;inf,1094,5.86119,;inf,1096,5.91129,;inf,1098,5.96141,;inf,1100,6.01151,;inf,1102,6.06161,;inf,1104,6.11172,;inf,1106,6.16183,;inf,1106,6.21194,;inf,1106,6.26206,;inf,1109,6.31213,;inf,1112,6.36223,;inf,1117,6.41232,;inf,1118,6.46244,;inf,1121,6.51253,;inf,1124,6.56264,;inf,1126,6.61275,;inf,1128,6.66285,;inf,1129,6.71296,;inf,1130,6.76306,;inf,1132,6.81316,;inf,1134,6.86323,;inf,1135,6.91333,;inf,1136,6.96344,;inf,1142,7.01354,;inf,1147,7.06365,;inf,1148,7.11376,;inf,1150,7.16387,;inf,1154,7.21398,;inf,1159,7.26409,;inf,1162,7.3142,;inf,1165,7.36431,;inf,1168,7.41439,;inf,1171,7.4645,;inf,1175,7.5146,;inf,1177,7.56466,;inf,1180,7.61478,;inf,1183,7.66491,;inf,1187,7.71502,;inf,1189,7.76512,;inf,1192,7.81522,;inf,1197,7.86532,;inf,1198,7.91543,;inf,1200,7.96553,;inf,1203,8.01564,;inf,1207,8.06571,;inf,1211,8.11582,;inf,1214,8.16592,;inf,1216,8.216,;inf,1219,8.26608,;inf,1221,8.31617,;inf,1228,8.36625,;458.287963,1230,8.41633,;458.287963,1233,8.46642,;458.287963,1234,8.5165,;458.287963,1238,8.56663,;458.287963,1240,8.61674,;458.287963,1241,8.66681,;458.287963,1244,8.71688,;458.287963,1245,8.76699,;458.287963,1248,8.81709,;458.287963,1250,8.8672,;458.287963,1252,8.9173,;458.287963,1253,8.96741,;458.287963,1257,9.01752,;458.287963,1260,9.06761,;458.287963,1262,9.11769,;458.287963,1264,9.16777,;458.287963,1265,9.21787,;458.287963,1267,9.26799,;458.287963,1270,9.3181,;458.287963,1271,9.36821,;458.287963,1275,9.41832,;458.287963,1278,9.46844,;458.287963,1280,9.51854,;458.287963,1281,9.56861,;458.287963,1283,9.61872,;458.287963,1287,9.6688,;458.287963,1288,9.71892,;458.287963,1292,9.76901,;458.287963,1296,9.81911,;458.287963,1299,9.8692,;458.287963,1301,9.91932,;458.287963,1303,9.9694,;458.287963,1307,10.0195,;458.287963,1309,10.0696,;
inf,506,0.0500576,;inf,576,0.100136,;inf,606,0.150214,;inf,634,0.200285,;inf,668,0.250355,;inf,701,0.300431,;inf,717,0.35055,;inf,735,0.400655,;inf,752,0.45074,;inf,767,0.50086,;inf,786,0.550945,;inf,799,0.601034,;inf,806,0.651109,;inf,806,0.701199,;inf,821,0.751285,;inf,833,0.801399,;inf,842,0.851503,;inf,852,0.901611,;inf,858,0.951723,;inf,865,1.00183,;inf,870,1.05187,;inf,878,1.10197,;inf,886,1.15205,;inf,892,1.20216,;inf,899,1.25224,;inf,902,1.30234,;inf,912,1.35243,;inf,916,1.40253,;inf,918,1.45262,;inf,922,1.5027,;inf,929,1.55281,;inf,935,1.60292,;inf,940,1.65299,;inf,944,1.7031,;inf,948,1.7532,;inf,953,1.8033,;inf,957,1.85342,;inf,965,1.90353,;inf,975,1.95364,;inf,979,2.00379,;inf,988,2.0539,;468.634196,995,2.10397,;468.634196,1007,2.1541,;468.411582,1016,2.20422,;468.411582,1020,2.25435,;468.411582,1025,2.30447,;468.411582,1027,2.35459,;468.411582,1033,2.40467,;466.429740,1037,2.45478,;466.429740,1045,2.50489,;466.429740,1050,2.55499,;466.429740,1054,2.60509,;465.157059,1060,2.65519,;465.157059,1065,2.7053,;464.444782,1071,2.7554,;464.444782,1076,2.80551,;463.954653,1083,2.85561,;463.954653,1087,2.90572,;463.954653,1091,2.95579,;463.954653,1094,3.00591,;463.954653,1099,3.05598,;463.954653,1102,3.10606,;463.954653,1110,3.15616,;463.954653,1114,3.20628,;463.954653,1120,3.25637,;463.954653,1136,3.30645,;463.954653,1141,3.35654,;463.780399,1144,3.40662,;463.780399,1147,3.45671,;463.780399,1153,3.50679,;463.780399,1156,3.55688,;456.974378,1169,3.60698,;456.974378,1170,3.65706,;456.974378,1174,3.70715,;456.974378,1180,3.75724,;456.974378,1183,3.80736,;455.143025,1187,3.85746,;453.574326,1193,3.90754,;453.574326,1196,3.95763,;453.489863,1199,4.00772,;453.489863,1206,4.0578,;453.489863,1212,4.10785,;453.489863,1219,4.15797,;453.437382,1223,4.20805,;453.437382,1225,4.25815,;453.437382,1228,4.30824,;453.437382,1231,4.35837,;453.437382,1234,4.40845,;453.437382,1239,4.45856,;453.437382,1243,4.50864,;453.437382,1244,4.55876,;453.437382,1248,4.60884,;453.238956,1253,4.65895,;453.238956,1259,4.70903,;453.238956,1263,4.75914,;453.238956,1265,4.80922,;453.238956,1268,4.85929,;453.238956,1271,4.90937,;453.238956,1275,4.95946,;453.238956,1278,5.00959,;453.238956,1281,5.05969,;453.238956,1283,5.10977,;453.238956,1288,5.15986,;453.238956,1290,5.20997,;453.238956,1292,5.26004,;453.238956,1297,5.31012,;453.238956,1300,5.36022,;453.238956,1301,5.41034,;453.238956,1303,5.46042,;453.238956,1311,5.51055,;453.238956,1313,5.56064,;453.238956,1315,5.61075,;453.238956,1319,5.66086,;453.238956,1324,5.71096,;453.238956,1326,5.76107,;453.238956,1329,5.81118,;453.238956,1335,5.86128,;453.238956,1337,5.91139,;453.238956,1339,5.9615,;453.238956,1345,6.01161,;453.238956,1348,6.06172,;453.238956,1350,6.11183,;453.238956,1353,6.16193,;453.238956,1357,6.21204,;453.238956,1359,6.26215,;453.238956,1360,6.31224,;453.238956,1363,6.36236,;453.238956,1366,6.41247,;453.238956,1371,6.46257,;453.238956,1374,6.51266,;453.238956,1377,6.56279,;453.238956,1377,6.6129,;453.238956,1377,6.663,;453.147424,1377,6.7131,;451.408610,1380,6.76321,;451.408610,1381,6.81332,;451.408610,1383,6.86341,;451.408610,1387,6.91353,;451.408610,1389,6.96364,;451.408610,1391,7.01375,;451.408610,1394,7.06386,;451.408610,1397,7.11396,;451.408610,1403,7.16403,;451.408610,1405,7.21415,;451.408610,1411,7.26423,;451.408610,1413,7.31431,;451.408610,1416,7.36439,;451.408610,1419,7.41449,;451.408610,1421,7.46457,;451.408610,1425,7.51468,;451.408610,1429,7.56479,;451.408610,1432,7.6149,;451.408610,1436,7.66499,;451.408610,1442,7.7151,;451.408610,1444,7.7652,;451.408610,1448,7.81531,;451.408610,1452,7.86541,;451.408610,1454,7.91552,;451.408610,1456,7.9656,;451.408610,1458,8.0157,;451.408610,1462,8.06581,;451.408610,1466,8.11587,;451.408610,1468,8.16598,;451.408610,1472,8.21606,;451.408610,1474,8.26616,;451.408610,1476,8.31625,;451.408610,1479,8.36636,;451.408610,1481,8.41645,;451.408610,1482,8.46656,;451.408610,1487,8.51663,;451.408610,1491,8.56671,;451.408610,1493,8.61682,;451.408610,1495,8.66692,;451.408610,1498,8.71701,;451.408610,1500,8.76708,;451.408610,1503,8.81716,;451.408610,1506,8.86725,;451.408610,1509,8.91735,;451.408610,1511,8.96742,;451.408610,1513,9.01753,;451.408610,1514,9.06763,;451.408610,1516,9.11774,;451.408610,1519,9.16784,;451.408610,1521,9.21796,;451.408610,1523,9.26803,;451.408610,1526,9.31811,;451.408610,1529,9.3682,;451.408610,1530,9.41831,;451.408610,1535,9.46839,;451.408610,1539,9.5185,;451.408610,1542,9.56858,;451.408610,1546,9.61866,;451.408610,1549,9.66875,;451.408610,1553,9.71882,;451.408610,1555,9.76889,;451.408610,1556,9.81898,;451.408610,1558,9.86911,;451.408610,1560,9.91923,;451.408610,1564,9.96935,;451.239189,1566,10.0195,;451.239189,1568,10.0696,;
inf,400,0.0501086,;inf,461,0.100227,;inf,518,0.150299,;inf,562,0.200415,;inf,586,0.250508,;inf,617,0.300622,;inf,635,0.350698,;inf,662,0.4008,;inf,682,0.450919,;inf,697,0.501051,;inf,729,0.551163,;inf,742,0.60128,;inf,764,0.651392,;inf,778,0.701473,;inf,794,0.751562,;inf,802,0.801647,;inf,816,0.851729,;inf,832,0.901826,;inf,841,0.951935,;inf,847,1.00204,;inf,857,1.05214,;inf,865,1.10225,;inf,868,1.15237,;inf,885,1.20246,;inf,898,1.25254,;inf,904,1.30265,;inf,918,1.35273,;inf,924,1.40283,;inf,931,1.4529,;inf,939,1.50303,;inf,955,1.5531,;inf,964,1.60318,;inf,968,1.65326,;inf,977,1.70338,;inf,982,1.75347,;inf,990,1.80358,;inf,994,1.85365,;inf,1000,1.90375,;inf,1005,1.95384,;inf,1016,2.00394,;inf,1023,2.05401,;inf,1030,2.10411,;inf,1038,2.15421,;inf,1048,2.20432,;inf,1052,2.25441,;inf,1054,2.30452,;inf,1056,2.35462,;inf,1059,2.40472,;inf,1065,2.4548,;inf,1067,2.50492,;inf,1075,2.55503,;inf,1079,2.60509,;inf,1082,2.65519,;inf,1088,2.7053,;inf,1091,2.75537,;inf,1095,2.80549,;inf,1098,2.8556,;inf,1104,2.90572,;inf,1108,2.95582,;inf,1117,3.00593,;inf,1122,3.05603,;inf,1125,3.10613,;inf,1132,3.15624,;inf,1141,3.20635,;inf,1153,3.25646,;inf,1155,3.30656,;inf,1159,3.35666,;inf,1162,3.40674,;inf,1164,3.45685,;inf,1166,3.50695,;inf,1169,3.55702,;inf,1171,3.60713,;inf,1179,3.6572,;inf,1182,3.7073,;inf,1184,3.75738,;inf,1185,3.80749,;inf,1191,3.85757,;inf,1199,3.90769,;inf,1206,3.95778,;inf,1210,4.00789,;inf,1211,4.05796,;inf,1216,4.10809,;inf,1218,4.15816,;inf,1224,4.20828,;inf,1229,4.25839,;inf,1232,4.30847,;inf,1233,4.35855,;inf,1234,4.40866,;inf,1236,4.45877,;inf,1238,4.50884,;inf,1241,4.55894,;inf,1242,4.609,;inf,1249,4.65911,;inf,1254,4.70918,;inf,1255,4.75928,;inf,1264,4.80938,;inf,1267,4.85951,;inf,1267,4.90963,;inf,1267,4.95974,;inf,1267,5.00983,;inf,1267,5.05994,;inf,1267,5.11003,;inf,1267,5.16012,;inf,1267,5.21023,;inf,1269,5.26034,;inf,1275,5.31042,;inf,1277,5.36053,;inf,1277,5.41063,;inf,1281,5.46075,;inf,1282,5.51085,;inf,1282,5.56093,;inf,1288,5.61104,;inf,1290,5.66111,;inf,1292,5.71121,;inf,1300,5.7613,;inf,1300,5.81141,;inf,1305,5.86149,;inf,1307,5.91161,;inf,1313,5.9617,;inf,1313,6.0118,;inf,1316,6.06188,;inf,1318,6.112,;inf,1319,6.1621,;inf,1322,6.21219,;inf,1328,6.2623,;inf,1328,6.3124,;inf,1332,6.3625,;inf,1333,6.41261,;inf,1335,6.46269,;inf,1335,6.51281,;inf,1338,6.56292,;inf,1339,6.61303,;inf,1345,6.66312,;inf,1345,6.71319,;inf,1349,6.76329,;inf,1352,6.81338,;inf,1352,6.86349,;inf,1360,6.91358,;inf,1362,6.96369,;inf,1362,7.01377,;inf,1368,7.06386,;inf,1372,7.11397,;inf,1378,7.16409,;inf,1379,7.21418,;inf,1381,7.26429,;inf,1381,7.31441,;inf,1390,7.36449,;inf,1397,7.41461,;inf,1400,7.46472,;inf,1400,7.51479,;inf,1402,7.56487,;inf,1402,7.61496,;inf,1407,7.66504,;inf,1412,7.71511,;inf,1413,7.76519,;inf,1414,7.81527,;inf,1415,7.86535,;inf,1417,7.91545,;inf,1418,7.96552,;inf,1418,8.0156,;inf,1419,8.06568,;inf,1419,8.11581,;inf,1422,8.1659,;inf,1424,8.21601,;inf,1425,8.26611,;inf,1425,8.31621,;inf,1426,8.36632,;inf,1429,8.41643,;inf,1429,8.46653,;inf,1435,8.51664,;inf,1435,8.56675,;inf,1446,8.61686,;inf,1449,8.66696,;inf,1450,8.71706,;inf,1453,8.76717,;inf,1453,8.81724,;inf,1454,8.86734,;inf,1455,8.91745,;inf,1458,8.96756,;inf,1461,9.01763,;inf,1466,9.06771,;inf,1466,9.11781,;inf,1472,9.16791,;inf,1474,9.21802,;inf,1481,9.26813,;inf,1482,9.31821,;inf,1485,9.36832,;inf,1486,9.41842,;inf,1490,9.46853,;inf,1490,9.5186,;inf,1491,9.56872,;inf,1494,9.61882,;inf,1494,9.6689,;inf,1496,9.71901,;inf,1496,9.76908,;inf,1497,9.81919,;inf,1500,9.8693,;inf,1501,9.9194,;inf,1505,9.96951,;inf,1505,10.0196,;inf,1507,10.0697,;inf,1509,10.1198,;inf,1509,10.1699,;
inf,327,0.0500909,;inf,408,0.100119,;inf,456,0.150266,;inf,484,0.200338,;inf,518,0.250439,;inf,549,0.30053,;inf,587,0.350656,;inf,614,0.400753,;inf,634,0.450857,;inf,649,0.50094,;inf,662,0.551043,;inf,693,0.601145,;inf,705,0.651248,;inf,727,0.701334,;inf,737,0.751446,;inf,752,0.801547,;inf,776,0.851629,;inf,785,0.901754,;inf,794,0.951859,;inf,801,1.00196,;inf,824,1.05208,;inf,843,1.10218,;inf,850,1.15225,;inf,858,1.20232,;inf,864,1.25239,;inf,876,1.3025,;inf,880,1.35261,;inf,887,1.40271,;inf,891,1.4528,;inf,897,1.50291,;inf,900,1.553,;inf,911,1.60311,;inf,915,1.65321,;inf,923,1.70334,;inf,928,1.75345,;inf,934,1.80355,;inf,938,1.85363,;inf,940,1.90374,;inf,951,1.95384,;inf,960,2.00395,;inf,968,2.05406,;inf,971,2.10411,;inf,976,2.15422,;inf,984,2.20432,;inf,991,2.25442,;inf,998,2.3045,;inf,1001,2.35461,;inf,1002,2.40473,;inf,1007,2.45483,;inf,1012,2.5049,;inf,1023,2.555,;inf,1029,2.60511,;inf,1033,2.65521,;inf,1036,2.70532,;inf,1038,2.75543,;inf,1044,2.80553,;inf,1056,2.85563,;inf,1059,2.90571,;inf,1067,2.9558,;inf,1076,3.0059,;inf,1089,3.05601,;inf,1093,3.10611,;inf,1097,3.15625,;inf,1101,3.20635,;inf,1105,3.25643,;inf,1111,3.30654,;inf,1119,3.35665,;inf,1125,3.40675,;inf,1130,3.45683,;inf,1134,3.50694,;inf,1140,3.55705,;inf,1146,3.60715,;inf,1149,3.65723,;inf,1154,3.7073,;inf,1158,3.75742,;inf,1162,3.8075,;inf,1164,3.85757,;inf,1168,3.90769,;inf,1174,3.95779,;inf,1182,4.00787,;inf,1185,4.05799,;inf,1189,4.10809,;inf,1191,4.15817,;inf,1196,4.20829,;inf,1204,4.25842,;inf,1205,4.3085,;inf,1206,4.35858,;inf,1210,4.40867,;inf,1218,4.45879,;inf,1223,4.5089,;inf,1226,4.55901,;inf,1228,4.60912,;inf,1234,4.65922,;inf,1236,4.70933,;inf,1239,4.7594,;inf,1241,4.80949,;inf,1242,4.85957,;inf,1249,4.9097,;inf,1255,4.95978,;inf,1259,5.0099,;inf,1260,5.05999,;inf,1264,5.1101,;inf,1267,5.16016,;inf,1271,5.21027,;inf,1272,5.26034,;inf,1274,5.31045,;inf,1276,5.36053,;inf,1279,5.41063,;inf,1282,5.46071,;inf,1286,5.51081,;inf,1289,5.5609,;inf,1294,5.61101,;inf,1297,5.66109,;inf,1297,5.7112,;inf,1299,5.76128,;inf,1301,5.81136,;inf,1306,5.86144,;inf,1309,5.91155,;inf,1313,5.96165,;inf,1316,6.01173,;inf,1318,6.06184,;inf,1322,6.11195,;inf,1324,6.16202,;inf,1325,6.21211,;inf,1328,6.26219,;inf,1331,6.31226,;inf,1337,6.36236,;inf,1341,6.41246,;inf,1343,6.46257,;inf,1347,6.51265,;inf,1355,6.56276,;inf,1360,6.61286,;inf,1361,6.66296,;inf,1366,6.71305,;inf,1370,6.76315,;inf,1375,6.81323,;inf,1378,6.86335,;inf,1379,6.91347,;inf,1381,6.96355,;inf,1383,7.01364,;inf,1386,7.06377,;inf,1389,7.11388,;inf,1395,7.164,;inf,1396,7.2141,;inf,1401,7.26414,;inf,1407,7.31424,;inf,1408,7.36431,;inf,1412,7.41441,;inf,1418,7.4645,;inf,1422,7.51463,;inf,1426,7.56469,;inf,1431,7.6148,;inf,1433,7.66487,;inf,1437,7.71498,;inf,1440,7.76506,;inf,1442,7.81517,;inf,1443,7.86524,;inf,1444,7.9154,;inf,1446,7.96551,;inf,1446,8.01559,;inf,1450,8.0657,;inf,1452,8.11581,;inf,1457,8.16591,;inf,1459,8.21601,;inf,1460,8.26611,;inf,1460,8.31621,;inf,1462,8.36631,;inf,1465,8.41642,;inf,1466,8.46653,;inf,1469,8.51661,;inf,1471,8.56672,;inf,1473,8.61681,;inf,1477,8.66689,;inf,1480,8.71699,;inf,1480,8.76707,;inf,1484,8.81716,;inf,1490,8.86727,;inf,1496,8.91739,;inf,1498,8.9675,;inf,1503,9.0176,;inf,1506,9.06771,;inf,1510,9.11778,;inf,1512,9.16785,;inf,1517,9.21792,;inf,1520,9.26798,;inf,1524,9.31806,;inf,1528,9.36814,;inf,1536,9.41824,;inf,1538,9.4683,;inf,1541,9.51839,;inf,1542,9.56847,;inf,1544,9.61855,;inf,1546,9.66863,;inf,1553,9.71874,;inf,1556,9.76882,;inf,1560,9.81892,;inf,1564,9.869,;inf,1566,9.91911,;inf,1570,9.96921,;inf,1574,10.0193,;inf,1578,10.0694,;
inf,389,0.0500904,;inf,461,0.100176,;inf,518,0.150296,;inf,556,0.200392,;inf,570,0.250501,;inf,604,0.300577,;inf,617,0.350702,;inf,632,0.400771,;inf,654,0.450881,;inf,678,0.500952,;inf,695,0.551053,;inf,707,0.601158,;inf,725,0.651266,;inf,741,0.701369,;inf,756,0.751434,;inf,767,0.801544,;inf,774,0.85163,;inf,784,0.901738,;inf,796,0.951815,;inf,806,1.0019,;inf,814,1.05199,;inf,830,1.1021,;inf,850,1.15221,;inf,858,1.20228,;inf,867,1.25238,;inf,874,1.30248,;inf,889,1.35259,;inf,901,1.40269,;inf,919,1.4528,;inf,926,1.50291,;inf,935,1.55301,;inf,946,1.60309,;inf,948,1.65317,;inf,955,1.70326,;inf,959,1.7534,;inf,971,1.80347,;inf,983,1.85354,;inf,994,1.90361,;inf,1000,1.95372,;inf,1004,2.0038,;inf,1008,2.05388,;inf,1021,2.10395,;inf,1026,2.15403,;inf,1030,2.2041,;inf,1039,2.25417,;inf,1047,2.30426,;inf,1054,2.35436,;inf,1057,2.40443,;inf,1062,2.45454,;inf,1066,2.50462,;inf,1075,2.55473,;inf,1078,2.60482,;inf,1083,2.65493,;inf,1089,2.70501,;inf,1095,2.7551,;inf,1096,2.80519,;inf,1107,2.85528,;inf,1115,2.90538,;inf,1126,2.95545,;inf,1137,3.00557,;inf,1143,3.05566,;inf,1147,3.10576,;inf,1151,3.15584,;inf,1157,3.20595,;inf,1163,3.25603,;inf,1167,3.30613,;inf,1172,3.35623,;inf,1176,3.40634,;inf,1178,3.45644,;inf,1182,3.50655,;inf,1186,3.55663,;inf,1194,3.60674,;inf,1203,3.65683,;inf,1206,3.7069,;inf,1209,3.757,;inf,1211,3.80711,;inf,1214,3.85721,;inf,1217,3.90729,;inf,1222,3.9574,;inf,1225,4.00747,;inf,1232,4.05757,;inf,1237,4.10766,;inf,1251,4.15776,;inf,1254,4.20784,;inf,1255,4.25795,;inf,1260,4.30802,;inf,1264,4.35814,;inf,1271,4.40825,;inf,1275,4.45832,;inf,1279,4.5084,;inf,1281,4.55851,;inf,1286,4.60861,;inf,1295,4.65872,;inf,1298,4.7088,;inf,1305,4.75888,;inf,1307,4.80899,;inf,1311,4.85909,;inf,1315,4.90919,;inf,1319,4.95928,;inf,1322,5.00939,;inf,1324,5.05947,;inf,1335,5.10954,;inf,1347,5.15961,;inf,1349,5.20972,;inf,1352,5.25979,;inf,1356,5.30987,;inf,1359,5.35997,;inf,1367,5.41005,;inf,1370,5.46015,;inf,1375,5.51024,;inf,1376,5.56032,;inf,1383,5.6104,;inf,1384,5.6605,;inf,1391,5.71061,;inf,1392,5.76068,;inf,1393,5.81076,;inf,1396,5.86085,;inf,1399,5.91094,;inf,1401,5.96102,;inf,1408,6.01111,;inf,1410,6.06119,;inf,1413,6.1113,;inf,1415,6.16138,;inf,1417,6.21146,;inf,1419,6.26157,;inf,1420,6.31165,;inf,1425,6.36176,;inf,1429,6.41185,;inf,1433,6.46196,;inf,1435,6.51206,;inf,1436,6.56216,;inf,1438,6.61227,;inf,1439,6.66236,;inf,1442,6.71245,;inf,1447,6.76255,;inf,1451,6.81266,;479.806501,1459,6.86276,;479.806501,1462,6.91285,;479.806501,1465,6.96295,;479.806501,1467,7.01306,;479.806501,1470,7.06321,;479.806501,1473,7.11331,;479.806501,1474,7.16338,;479.806501,1477,7.21349,;479.806501,1478,7.26357,;479.806501,1481,7.31368,;479.806501,1483,7.36378,;479.806501,1485,7.41388,;479.806501,1486,7.46396,;479.806501,1494,7.51408,;479.806501,1495,7.56417,;479.806501,1496,7.61428,;479.806501,1501,7.66436,;476.654421,1510,7.71446,;476.654421,1511,7.76453,;476.654421,1512,7.81464,;476.654421,1514,7.86474,;476.558083,1516,7.91485,;476.558083,1522,7.96497,;476.558083,1524,8.01508,;476.558083,1526,8.06518,;476.558083,1526,8.1153,;476.558083,1533,8.16538,;476.558083,1536,8.21546,;476.558083,1538,8.26554,;476.558083,1539,8.31563,;476.558083,1542,8.36571,;476.558083,1547,8.41581,;476.558083,1549,8.4659,;476.558083,1550,8.51597,;476.558083,1553,8.56605,;476.558083,1554,8.61617,;476.558083,1561,8.66628,;476.558083,1562,8.71637,;476.558083,1564,8.76647,;476.558083,1569,8.81656,;476.558083,1571,8.86666,;476.558083,1576,8.91677,;476.558083,1577,8.96685,;476.558083,1585,9.01693,;476.558083,1586,9.06705,;476.558083,1593,9.11717,;476.558083,1596,9.16728,;476.558083,1599,9.21738,;476.558083,1603,9.26745,;476.558083,1605,9.31755,;476.558083,1611,9.36764,;476.558083,1612,9.41774,;476.558083,1617,9.46782,;476.558083,1624,9.51794,;476.558083,1627,9.56803,;476.558083,1628,9.61812,;476.558083,1631,9.66823,;476.558083,1633,9.71833,;476.558083,1634,9.76841,;476.558083,1643,9.81853,;476.558083,1644,9.86861,;476.558083,1648,9.91873,;476.558083,1651,9.96884,;476.558083,1653,10.0189,;476.558083,1655,10.0691,;476.558083,1658,10.1192,;
inf,308,0.0500699,;inf,368,0.100192,;inf,407,0.150281,;inf,437,0.20039,;inf,476,0.25046,;inf,504,0.300583,;inf,534,0.3507,;inf,568,0.400789,;inf,590,0.450869,;inf,617,0.50095,;inf,629,0.551031,;inf,642,0.601119,;inf,656,0.651235,;inf,673,0.701323,;inf,683,0.751429,;inf,697,0.801513,;inf,700,0.851618,;inf,713,0.901705,;inf,725,0.951835,;inf,737,1.00193,;inf,745,1.05204,;inf,755,1.10211,;inf,763,1.15222,;inf,779,1.2023,;inf,792,1.25241,;inf,801,1.30251,;inf,805,1.35259,;inf,814,1.40271,;inf,822,1.4528,;inf,834,1.50291,;inf,839,1.55298,;inf,851,1.60309,;inf,859,1.65317,;inf,863,1.70329,;inf,871,1.75337,;inf,874,1.80349,;inf,880,1.85357,;inf,887,1.90368,;inf,892,1.95378,;inf,898,2.00386,;inf,902,2.05394,;inf,905,2.10406,;inf,914,2.15414,;inf,921,2.20425,;inf,933,2.25435,;inf,937,2.30442,;inf,942,2.35453,;inf,948,2.40464,;inf,954,2.45475,;inf,961,2.50478,;inf,967,2.55489,;inf,972,2.60496,;inf,976,2.65507,;inf,982,2.70516,;inf,986,2.75523,;inf,989,2.80531,;inf,993,2.85542,;inf,999,2.90549,;inf,1006,2.95557,;inf,1010,3.00569,;inf,1012,3.0558,;inf,1019,3.10588,;inf,1027,3.15599,;inf,1031,3.20609,;inf,1035,3.25616,;inf,1044,3.30626,;inf,1045,3.35636,;inf,1049,3.40648,;inf,1052,3.45657,;inf,1059,3.50668,;inf,1062,3.55679,;inf,1064,3.60689,;inf,1069,3.65696,;479.703893,1072,3.70707,;479.537317,1076,3.75718,;479.537317,1077,3.80727,;478.158931,1084,3.85738,;478.158931,1086,3.90749,;478.158931,1091,3.9576,;478.158931,1096,4.00773,;478.158931,1098,4.05783,;478.158931,1104,4.10793,;478.158931,1106,4.15804,;478.158931,1113,4.20814,;478.068460,1115,4.25824,;474.031273,1121,4.30835,;474.031273,1127,4.35843,;474.031273,1130,4.40854,;474.031273,1138,4.45866,;474.031273,1143,4.50877,;473.883356,1146,4.55887,;473.883356,1155,4.60895,;471.881299,1162,4.65906,;471.881299,1166,4.70915,;471.881299,1170,4.75926,;471.881299,1177,4.80934,;471.881299,1181,4.85942,;471.881299,1184,4.90954,;471.881299,1185,4.95965,;471.881299,1189,5.00977,;471.881299,1192,5.05987,;471.881299,1194,5.10998,;471.881299,1194,5.16009,;471.881299,1194,5.21019,;471.881299,1194,5.2603,;471.881299,1194,5.3104,;471.881299,1194,5.36051,;471.881299,1194,5.4106,;471.045834,1198,5.46072,;460.539001,1203,5.51084,;460.539001,1204,5.56095,;460.539001,1210,5.61106,;460.539001,1216,5.66116,;460.539001,1217,5.71127,;460.539001,1220,5.76138,;460.539001,1224,5.81149,;460.539001,1228,5.86159,;460.539001,1230,5.9117,;460.539001,1230,5.9618,;460.539001,1230,6.0119,;460.175237,1232,6.06202,;460.175237,1234,6.11212,;460.175237,1239,6.16223,;460.175237,1244,6.21229,;460.175237,1248,6.2624,;460.175237,1251,6.31248,;460.175237,1253,6.36261,;460.175237,1255,6.41272,;460.175237,1256,6.46282,;460.175237,1257,6.51295,;460.175237,1260,6.56305,;460.175237,1262,6.61316,;460.175237,1266,6.66326,;460.175237,1270,6.71335,;460.175237,1275,6.76345,;460.175237,1277,6.81353,;460.175237,1279,6.86364,;460.175237,1282,6.91373,;460.175237,1285,6.96382,;460.175237,1288,7.01392,;460.175237,1290,7.06403,;460.175237,1293,7.11413,;460.175237,1294,7.16423,;460.175237,1297,7.21433,;460.175237,1300,7.26445,;460.175237,1303,7.31456,;460.175237,1305,7.36466,;460.175237,1308,7.41474,;460.175237,1312,7.46483,;460.175237,1312,7.51495,;460.175237,1316,7.56501,;460.175237,1319,7.61514,;460.175237,1322,7.66522,;460.175237,1323,7.71533,;460.175237,1327,7.76544,;460.175237,1333,7.81555,;460.175237,1335,7.86563,;460.064083,1339,7.91573,;460.064083,1342,7.96583,;460.064083,1345,8.01594,;460.064083,1349,8.06604,;460.064083,1355,8.11614,;460.064083,1357,8.16624,;460.064083,1360,8.21633,;460.064083,1364,8.26644,;460.064083,1365,8.31654,;460.064083,1367,8.36666,;460.064083,1368,8.41677,;460.064083,1372,8.46688,;460.064083,1378,8.51695,;460.064083,1380,8.56706,;460.064083,1383,8.61714,;460.064083,1387,8.66725,;460.064083,1389,8.71734,;460.064083,1391,8.76745,;460.064083,1394,8.81753,;460.064083,1399,8.86764,;460.064083,1403,8.91775,;460.064083,1405,8.96787,;460.064083,1406,9.01798,;460.064083,1410,9.06809,;460.064083,1415,9.11819,;460.064083,1419,9.16829,;460.064083,1423,9.2184,;460.064083,1426,9.2685,;460.064083,1429,9.31861,;460.064083,1432,9.36871,;459.785688,1436,9.41879,;459.785688,1440,9.46888,;459.785688,1441,9.51904,;459.785688,1442,9.56915,;459.785688,1446,9.61925,;459.785688,1449,9.66935,;459.785688,1450,9.71946,;459.785688,1454,9.76957,;459.785688,1455,9.81967,;459.785688,1456,9.86978,;459.785688,1460,9.91989,;459.785688,1461,9.97,;459.785688,1462,10.0201,;
inf,323,0.0500678,;inf,416,0.100189,;inf,456,0.150297,;inf,497,0.200397,;inf,530,0.2505,;inf,544,0.300591,;inf,575,0.350711,;inf,602,0.400784,;inf,623,0.450905,;inf,636,0.500978,;inf,643,0.551049,;inf,653,0.601131,;inf,675,0.65125,;inf,686,0.70133,;inf,701,0.751433,;inf,711,0.801513,;inf,722,0.851619,;inf,739,0.90172,;inf,754,0.951824,;inf,764,1.00192,;inf,768,1.05203,;inf,781,1.10211,;inf,790,1.15222,;inf,799,1.2023,;inf,810,1.25237,;inf,818,1.30248,;inf,826,1.35258,;inf,838,1.40266,;inf,840,1.45278,;inf,843,1.50289,;inf,860,1.55296,;inf,866,1.60307,;inf,873,1.65318,;inf,886,1.70328,;inf,893,1.75341,;inf,902,1.80351,;inf,913,1.85358,;inf,915,1.90369,;inf,921,1.95379,;inf,930,2.00389,;inf,935,2.054,;inf,943,2.10407,;inf,948,2.15413,;inf,952,2.20421,;inf,957,2.25429,;inf,962,2.30437,;inf,970,2.35445,;inf,977,2.40455,;inf,981,2.45467,;inf,985,2.50475,;inf,990,2.55483,;inf,999,2.60489,;inf,1005,2.65498,;inf,1012,2.70505,;inf,1019,2.75516,;inf,1021,2.80525,;inf,1024,2.85536,;inf,1031,2.90544,;inf,1036,2.95555,;inf,1040,3.00564,;inf,1044,3.05576,;inf,1048,3.10584,;inf,1051,3.15594,;inf,1059,3.20603,;inf,1066,3.25613,;inf,1072,3.30622,;inf,1076,3.35633,;inf,1078,3.40644,;inf,1086,3.45656,;inf,1091,3.50668,;inf,1095,3.55678,;inf,1101,3.60685,;inf,1104,3.65692,;inf,1108,3.70704,;inf,1113,3.75712,;inf,1116,3.80724,;inf,1124,3.85732,;inf,1131,3.90743,;inf,1133,3.95753,;470.125706,1137,4.00763,;470.125706,1143,4.05771,;468.289004,1145,4.10782,;468.289004,1150,4.15792,;468.289004,1157,4.20803,;468.289004,1164,4.25812,;468.289004,1168,4.3082,;468.289004,1174,4.35831,;468.289004,1176,4.40843,;468.289004,1180,4.45854,;467.940768,1184,4.50865,;467.940768,1188,4.55875,;467.940768,1193,4.60888,;467.940768,1195,4.65899,;467.857514,1200,4.70906,;467.857514,1208,4.75917,;467.857514,1209,4.80926,;467.857514,1213,4.85937,;467.857514,1216,4.90948,;467.753966,1221,4.95958,;467.753966,1225,5.00967,;467.753966,1229,5.05979,;467.753966,1232,5.10987,;467.753966,1236,5.15998,;467.753966,1243,5.21009,;466.640635,1249,5.26017,;466.640635,1250,5.31028,;466.640635,1254,5.3604,;465.499514,1261,5.41051,;465.351200,1265,5.46062,;465.351200,1266,5.51073,;460.239283,1268,5.56084,;460.239283,1275,5.61095,;460.239283,1277,5.66106,;460.239283,1280,5.71116,;460.239283,1284,5.76127,;460.239283,1288,5.81138,;460.239283,1291,5.86148,;460.239283,1295,5.91155,;460.239283,1297,5.96166,;460.239283,1299,6.01173,;460.239283,1302,6.06185,;460.239283,1303,6.11196,;457.680150,1309,6.16206,;457.680150,1314,6.21217,;457.680150,1321,6.26227,;457.680150,1323,6.31238,;457.680150,1327,6.36247,;457.680150,1330,6.41259,;457.680150,1333,6.4627,;457.680150,1334,6.51277,;457.680150,1340,6.56288,;457.680150,1341,6.61295,;457.680150,1344,6.66307,;457.680150,1347,6.71317,;457.680150,1350,6.76328,;457.680150,1355,6.81338,;457.680150,1359,6.86349,;457.680150,1361,6.91357,;457.680150,1362,6.96368,;456.717802,1368,7.01375,;456.717802,1370,7.06383,;456.717802,1372,7.11394,;456.717802,1373,7.16401,;456.717802,1375,7.21411,;456.717802,1378,7.26422,;456.717802,1382,7.31433,;456.717802,1384,7.36445,;456.717802,1386,7.41452,;456.717802,1392,7.46463,;456.656386,1399,7.51476,;456.656386,1400,7.56488,;456.656386,1402,7.61498,;456.656386,1404,7.66506,;456.656386,1409,7.71516,;456.656386,1412,7.76528,;456.656386,1416,7.81539,;456.656386,1417,7.86547,;456.656386,1421,7.91557,;456.656386,1422,7.96566,;456.656386,1425,8.01576,;456.656386,1430,8.06587,;456.656386,1432,8.11595,;453.345716,1435,8.16606,;453.345716,1438,8.21616,;453.345716,1441,8.26624,;453.345716,1445,8.31635,;453.345716,1447,8.36644,;453.345716,1450,8.41653,;453.345716,1451,8.4666,;453.345716,1455,8.51671,;453.345716,1457,8.56678,;453.345716,1460,8.61682,;453.345716,1462,8.6669,;453.345716,1467,8.717,;453.345716,1470,8.7671,;453.345716,1472,8.81721,;453.345716,1476,8.86731,;453.345716,1478,8.91742,;453.345716,1480,8.96752,;453.345716,1483,9.01759,;453.345716,1485,9.06771,;453.345716,1488,9.11782,;453.345716,1494,9.16792,;453.345716,1495,9.21802,;453.345716,1496,9.26811,;453.345716,1501,9.31821,;453.345716,1504,9.36832,;453.345716,1506,9.41843,;453.345716,1508,9.46851,;453.345716,1512,9.51867,;453.345716,1514,9.56877,;453.345716,1516,9.61888,;453.345716,1521,9.66895,;453.345716,1524,9.71905,;453.345716,1530,9.76913,;453.345716,1532,9.81924,;453.345716,1534,9.86932,;453.345716,1536,9.91943,;453.345716,1538,9.9695,;453.277380,1540,10.0196,;453.096021,1542,10.0697,;
inf,279,0.0500546,;inf,326,0.100131,;inf,347,0.150213,;inf,378,0.200298,;inf,401,0.25038,;inf,422,0.300466,;inf,448,0.35056,;inf,482,0.400642,;inf,506,0.450718,;inf,524,0.500803,;inf,540,0.550893,;inf,550,0.600976,;inf,565,0.65105,;inf,579,0.701125,;inf,592,0.751208,;inf,604,0.801291,;inf,619,0.851372,;inf,634,0.901454,;inf,647,0.951541,;inf,654,1.00163,;inf,677,1.05172,;inf,688,1.1018,;inf,699,1.15188,;inf,707,1.20196,;inf,721,1.25204,;inf,728,1.30213,;inf,732,1.35224,;inf,743,1.40232,;inf,749,1.45239,;inf,758,1.50248,;inf,763,1.55256,;inf,769,1.60267,;inf,773,1.65275,;inf,784,1.70287,;inf,792,1.75298,;inf,802,1.80308,;inf,804,1.85316,;inf,808,1.90327,;inf,813,1.95335,;inf,826,2.0035,;inf,827,2.05363,;inf,829,2.10375,;inf,831,2.15385,;inf,835,2.20395,;inf,840,2.25406,;inf,845,2.30416,;inf,850,2.35427,;inf,859,2.40438,;inf,869,2.45449,;inf,873,2.50457,;inf,876,2.55468,;inf,878,2.60478,;inf,884,2.65488,;inf,887,2.70498,;inf,892,2.75509,;inf,898,2.8052,;inf,900,2.8553,;inf,903,2.9054,;inf,908,2.9555,;inf,909,3.00562,;inf,912,3.05572,;inf,914,3.10582,;inf,917,3.15593,;inf,922,3.20604,;inf,926,3.25614,;inf,938,3.30624,;inf,943,3.35635,;inf,949,3.40645,;inf,953,3.45653,;inf,956,3.50665,;inf,962,3.55672,;inf,970,3.60682,;inf,973,3.65691,;inf,978,3.70701,;inf,982,3.7571,;inf,986,3.8072,;inf,987,3.85727,;inf,992,3.90738,;inf,995,3.95749,;inf,997,4.00757,;inf,999,4.05767,;inf,1006,4.10774,;inf,1014,4.15784,;inf,1019,4.20794,;inf,1025,4.25805,;inf,1028,4.30815,;inf,1032,4.35827,;inf,1042,4.40837,;inf,1047,4.45847,;inf,1053,4.50856,;inf,1055,4.55866,;inf,1056,4.60873,;inf,1058,4.65883,;inf,1058,4.70891,;inf,1062,4.75898,;inf,1065,4.80906,;inf,1067,4.85915,;inf,1069,4.90925,;inf,1072,4.95935,;inf,1076,5.00947,;inf,1079,5.05959,;inf,1082,5.10967,;inf,1084,5.15976,;inf,1086,5.20985,;inf,1089,5.25996,;inf,1093,5.31002,;inf,1097,5.36014,;inf,1101,5.41025,;inf,1104,5.46036,;inf,1105,5.51048,;inf,1109,5.56058,;inf,1112,5.61068,;inf,1113,5.66077,;inf,1116,5.71087,;inf,1118,5.76096,;inf,1120,5.81106,;inf,1123,5.86114,;inf,1127,5.91124,;inf,1133,5.96132,;inf,1136,6.01143,;inf,1141,6.06151,;inf,1143,6.11158,;inf,1145,6.16168,;inf,1151,6.21179,;inf,1157,6.26186,;inf,1160,6.31198,;inf,1161,6.3621,;inf,1164,6.41221,;inf,1164,6.46231,;inf,1166,6.51243,;inf,1170,6.56254,;inf,1172,6.61265,;inf,1174,6.66276,;inf,1175,6.71284,;inf,1177,6.76293,;inf,1178,6.81301,;inf,1179,6.86308,;inf,1182,6.91317,;inf,1184,6.96327,;inf,1187,7.01337,;inf,1188,7.06346,;inf,1190,7.11355,;inf,1192,7.16366,;inf,1195,7.21377,;inf,1196,7.26387,;inf,1197,7.31397,;inf,1198,7.36406,;inf,1199,7.41415,;inf,1200,7.46427,;inf,1201,7.51439,;inf,1208,7.56451,;inf,1209,7.61462,;inf,1210,7.66474,;inf,1211,7.71484,;inf,1216,7.76495,;inf,1218,7.81505,;inf,1219,7.86515,;inf,1220,7.91525,;inf,1223,7.96535,;inf,1227,8.01545,;inf,1229,8.06556,;inf,1232,8.11566,;inf,1236,8.16576,;inf,1238,8.21583,;inf,1240,8.26594,;inf,1241,8.31604,;inf,1243,8.36616,;inf,1244,8.41628,;inf,1247,8.46635,;inf,1251,8.51647,;inf,1252,8.56657,;inf,1254,8.61664,;inf,1255,8.66676,;inf,1257,8.71683,;inf,1259,8.76693,;inf,1260,8.81702,;inf,1264,8.86713,;inf,1266,8.91721,;inf,1269,8.96733,;inf,1270,9.01744,;inf,1273,9.06753,;inf,1275,9.11767,;inf,1276,9.16777,;inf,1278,9.21787,;inf,1281,9.26798,;inf,1284,9.31808,;inf,1285,9.3682,;inf,1288,9.4183,;inf,1293,9.46838,;inf,1295,9.5185,;inf,1298,9.56861,;inf,1301,9.61871,;inf,1310,9.6688,;inf,1311,9.7189,;inf,1313,9.76899,;inf,1319,9.81909,;inf,1322,9.86917,;inf,1327,9.91928,;inf,1329,9.96936,;inf,1333,10.0195,;inf,1335,10.0696,;inf,1336,10.1197,;
inf,545,0.0500957,;inf,647,0.100181,;inf,702,0.150283,;inf,743,0.200366,;inf,778,0.250486,;inf,807,0.300566,;inf,838,0.350676,;inf,856,0.40079,;inf,871,0.450895,;inf,894,0.501,;inf,928,0.551102,;inf,938,0.601205,;inf,947,0.651306,;inf,972,0.701414,;inf,982,0.751514,;inf,993,0.801598,;inf,1003,0.851702,;inf,1024,0.901807,;inf,1034,0.951849,;inf,1049,1.00195,;inf,1057,1.05202,;inf,1071,1.10213,;inf,1080,1.15221,;inf,1086,1.20232,;inf,1092,1.25241,;inf,1101,1.30252,;inf,1109,1.3526,;inf,1119,1.40272,;inf,1125,1.45282,;inf,1130,1.50294,;inf,1142,1.55304,;inf,1149,1.60314,;inf,1153,1.65324,;inf,1156,1.70335,;inf,1159,1.75345,;inf,1161,1.80355,;inf,1170,1.85365,;inf,1177,1.90375,;inf,1184,1.95382,;inf,1188,2.00389,;inf,1204,2.05399,;inf,1208,2.10406,;inf,1216,2.15413,;inf,1222,2.20423,;inf,1228,2.25433,;inf,1236,2.30441,;inf,1241,2.35451,;inf,1250,2.40461,;inf,1255,2.45471,;inf,1263,2.50478,;inf,1268,2.55485,;inf,1274,2.60494,;inf,1283,2.65504,;inf,1285,2.70514,;inf,1306,2.75524,;inf,1312,2.80535,;inf,1316,2.85545,;inf,1324,2.90552,;inf,1336,2.95559,;inf,1338,3.00567,;inf,1343,3.05575,;inf,1347,3.10588,;inf,1348,3.15599,;inf,1352,3.2061,;inf,1359,3.25618,;inf,1362,3.30629,;inf,1374,3.35637,;inf,1384,3.40649,;inf,1392,3.4566,;inf,1394,3.50671,;inf,1398,3.55679,;inf,1399,3.6069,;inf,1401,3.657,;inf,1402,3.70711,;inf,1419,3.75721,;inf,1423,3.80731,;inf,1424,3.85743,;inf,1439,3.90754,;inf,1441,3.95766,;inf,1454,4.00777,;inf,1469,4.05787,;inf,1471,4.10794,;inf,1472,4.15807,;inf,1480,4.20818,;inf,1484,4.25826,;inf,1485,4.30838,;inf,1489,4.3585,;inf,1497,4.40861,;inf,1501,4.45872,;inf,1509,4.5088,;inf,1510,4.55891,;inf,1513,4.60902,;inf,1517,4.65912,;inf,1520,4.70921,;inf,1526,4.75932,;inf,1534,4.80944,;inf,1541,4.85954,;inf,1547,4.90963,;inf,1551,4.95975,;inf,1560,5.00985,;inf,1569,5.05996,;inf,1575,5.11006,;inf,1578,5.16016,;inf,1586,5.21028,;inf,1592,5.26036,;inf,1597,5.31046,;inf,1602,5.36055,;inf,1603,5.41066,;inf,1610,5.46074,;inf,1611,5.51086,;inf,1620,5.56094,;inf,1622,5.61105,;inf,1624,5.66113,;inf,1626,5.71124,;inf,1634,5.76134,;inf,1636,5.81144,;inf,1638,5.86154,;inf,1641,5.91165,;inf,1646,5.96175,;inf,1649,6.01186,;inf,1651,6.06196,;inf,1661,6.11206,;inf,1673,6.16217,;inf,1676,6.21228,;inf,1682,6.2624,;inf,1685,6.31248,;inf,1692,6.3626,;inf,1694,6.41269,;inf,1696,6.46282,;inf,1698,6.51293,;inf,1711,6.56303,;inf,1712,6.61313,;inf,1717,6.66324,;inf,1719,6.71334,;inf,1723,6.76344,;inf,1729,6.81355,;inf,1737,6.86365,;inf,1740,6.91373,;inf,1748,6.96384,;inf,1752,7.01392,;inf,1753,7.06402,;inf,1758,7.11409,;inf,1760,7.16419,;inf,1768,7.21426,;inf,1770,7.26437,;inf,1772,7.31443,;inf,1773,7.36451,;inf,1776,7.41461,;inf,1777,7.46472,;inf,1780,7.51481,;inf,1781,7.56492,;inf,1782,7.615,;inf,1787,7.66512,;inf,1789,7.7152,;inf,1792,7.76531,;inf,1794,7.81541,;inf,1794,7.86553,;inf,1795,7.91561,;inf,1799,7.96572,;inf,1802,8.01583,;inf,1805,8.06593,;inf,1810,8.11601,;inf,1811,8.16607,;inf,1815,8.21616,;inf,1827,8.26627,;inf,1834,8.31635,;inf,1836,8.36645,;inf,1839,8.41655,;inf,1839,8.46665,;inf,1845,8.51674,;inf,1847,8.56684,;inf,1848,8.61692,;inf,1849,8.66702,;inf,1854,8.7171,;inf,1857,8.7672,;inf,1857,8.81728,;inf,1859,8.86737,;inf,1864,8.91747,;inf,1864,8.96755,;inf,1869,9.01767,;inf,1874,9.06779,;inf,1875,9.11787,;inf,1877,9.16795,;inf,1881,9.21806,;inf,1881,9.26814,;inf,1884,9.31825,;inf,1889,9.36834,;inf,1890,9.41845,;inf,1892,9.46855,;inf,1895,9.51866,;inf,1898,9.56876,;inf,1900,9.61886,;inf,1901,9.66893,;inf,1903,9.71903,;467.743148,1912,9.76914,;467.743148,1914,9.81924,;467.743148,1919,9.86935,;467.743148,1922,9.91946,;467.743148,1923,9.96957,;467.743148,1925,10.0197,;467.743148,1926,10.0698,;467.743148,1928,10.1199,;
inf,280,0.0500694,;inf,327,0.100189,;inf,361,0.150298,;inf,399,0.200367,;inf,427,0.250484,;inf,434,0.300559,;inf,446,0.350661,;inf,463,0.400762,;inf,476,0.450868,;inf,491,0.500937,;inf,502,0.551034,;inf,514,0.601101,;inf,534,0.651203,;inf,541,0.701288,;inf,564,0.751358,;inf,575,0.801434,;inf,581,0.851549,;inf,589,0.901649,;inf,594,0.951757,;inf,600,1.00184,;inf,608,1.05195,;inf,615,1.10206,;inf,624,1.15216,;inf,632,1.20226,;inf,640,1.25236,;inf,649,1.30248,;inf,659,1.35259,;inf,668,1.4027,;inf,673,1.45281,;inf,678,1.50292,;inf,683,1.55303,;inf,689,1.60313,;inf,697,1.65323,;inf,700,1.70334,;inf,706,1.75344,;inf,713,1.80355,;inf,716,1.85366,;inf,729,1.90374,;inf,736,1.95384,;inf,745,2.00394,;inf,751,2.05405,;458.425650,759,2.10416,;458.425650,765,2.15427,;458.425650,771,2.20439,;458.425650,776,2.25451,;458.425650,788,2.30463,;458.425650,790,2.35473,;458.291388,794,2.40484,;458.291388,799,2.45495,;458.291388,804,2.50505,;455.186741,807,2.55516,;455.186741,812,2.60523,;455.186741,816,2.65534,;455.186741,821,2.70544,;455.186741,822,2.75555,;454.857888,827,2.80567,;454.857888,829,2.85574,;454.857888,836,2.90587,;454.857888,840,2.95598,;454.857888,843,3.00608,;454.857888,846,3.05619,;454.857888,848,3.10631,;454.857888,850,3.15642,;454.857888,853,3.20652,;454.597879,856,3.25663,;454.597879,859,3.30672,;454.597879,860,3.35685,;454.597879,863,3.40697,;454.597879,865,3.45708,;454.597879,866,3.50718,;454.597879,870,3.55726,;454.597879,872,3.60737,;454.597879,877,3.65747,;454.597879,886,3.70756,;454.597879,889,3.75766,;454.597879,893,3.80774,;454.597879,898,3.85785,;454.597879,903,3.90796,;454.597879,905,3.95806,;454.597879,912,4.00818,;454.597879,918,4.05828,;454.597879,922,4.1084,;454.597879,925,4.1585,;454.597879,927,4.20857,;454.597879,930,4.25869,;454.597879,932,4.30878,;454.552594,937,4.35888,;454.552594,940,4.40895,;454.552594,943,4.45906,;454.552594,944,4.50916,;454.142042,948,4.55926,;454.142042,952,4.60936,;454.142042,956,4.65947,;454.142042,959,4.70957,;454.142042,961,4.75967,;454.142042,963,4.80978,;454.142042,967,4.85989,;454.142042,971,4.90998,;454.142042,974,4.96011,;454.142042,975,5.01021,;454.142042,977,5.06028,;454.142042,979,5.1104,;454.142042,980,5.1605,;454.142042,984,5.21061,;454.142042,985,5.2607,;454.142042,985,5.31081,;449.853999,987,5.3609,;449.853999,989,5.41101,;449.853999,990,5.46112,;449.853999,993,5.51122,;449.853999,998,5.56132,;449.853999,1000,5.61143,;449.853999,1004,5.66153,;449.853999,1009,5.71162,;449.853999,1011,5.76171,;449.853999,1014,5.81182,;449.853999,1016,5.86192,;449.853999,1018,5.91203,;449.853999,1020,5.96213,;449.853999,1023,6.01223,;449.853999,1027,6.06234,;449.853999,1032,6.11245,;449.853999,1034,6.16256,;449.853999,1038,6.21266,;449.853999,1041,6.26276,;449.853999,1043,6.31289,;449.853999,1048,6.363,;449.853999,1050,6.41307,;449.853999,1051,6.46314,;449.853999,1055,6.51326,;449.853999,1057,6.56337,;449.853999,1060,6.61347,;449.853999,1062,6.66358,;449.853999,1064,6.71368,;449.853999,1068,6.76379,;449.853999,1070,6.8139,;449.853999,1071,6.864,;449.853999,1073,6.91411,;449.853999,1074,6.96422,;449.853999,1078,7.01433,;449.853999,1082,7.06443,;449.853999,1088,7.11455,;449.853999,1092,7.16466,;449.853999,1095,7.21477,;449.853999,1100,7.2649,;449.853999,1100,7.315,;449.853999,1103,7.36511,;449.853999,1105,7.41523,;448.807299,1106,7.4653,;448.807299,1108,7.51541,;448.807299,1110,7.56552,;448.807299,1112,7.61562,;448.807299,1113,7.66573,;448.807299,1116,7.71583,;448.807299,1118,7.76593,;448.807299,1120,7.81603,;448.807299,1122,7.86614,;448.807299,1124,7.91624,;448.807299,1125,7.96635,;448.807299,1129,8.01645,;448.807299,1131,8.06656,;448.807299,1135,8.11667,;448.807299,1138,8.16677,;448.807299,1140,8.21688,;448.807299,1144,8.267,;448.807299,1145,8.3171,;448.807299,1149,8.36722,;448.807299,1152,8.41732,;448.807299,1155,8.46742,;448.807299,1158,8.51751,;448.807299,1161,8.56761,;448.807299,1163,8.61772,;448.807299,1165,8.66782,;448.807299,1170,8.71792,;448.807299,1174,8.76803,;448.807299,1176,8.81813,;448.807299,1178,8.86824,;448.807299,1183,8.91835,;448.807299,1186,8.96847,;448.807299,1186,9.01857,;448.642826,1190,9.06868,;448.642826,1193,9.11879,;448.642826,1195,9.16887,;448.642826,1197,9.21898,;448.642826,1198,9.26906,;448.642826,1203,9.31916,;448.642826,1205,9.36927,;448.642826,1208,9.41938,;448.642826,1209,9.46949,;448.642826,1212,9.51959,;448.642826,1216,9.5697,;448.642826,1217,9.6198,;448.642826,1218,9.66991,;448.642826,1221,9.72002,;448.642826,1222,9.77013,;448.642826,1224,9.82024,;448.642826,1225,9.87035,;448.196738,1231,9.92046,;448.196738,1234,9.97055,;448.196738,1238,10.0207,;448.196738,1242,10.0707,;
inf,300,0.0500672,;inf,364,0.10016,;inf,391,0.15028,;inf,414,0.200368,;inf,443,0.250492,;inf,464,0.300612,;inf,468,0.350715,;inf,474,0.400801,;inf,491,0.450905,;inf,502,0.501004,;inf,513,0.551106,;inf,528,0.601207,;inf,541,0.651322,;inf,556,0.701403,;inf,566,0.751474,;inf,578,0.801576,;inf,580,0.85167,;inf,587,0.901797,;inf,599,0.951884,;inf,610,1.00199,;inf,618,1.05208,;inf,627,1.10219,;inf,636,1.15229,;inf,643,1.2024,;inf,656,1.25249,;inf,657,1.30261,;inf,661,1.35272,;inf,669,1.40282,;inf,685,1.45292,;inf,695,1.50303,;inf,700,1.55313,;inf,713,1.60323,;inf,716,1.65333,;inf,725,1.7034,;inf,732,1.75351,;inf,738,1.80361,;inf,753,1.85368,;inf,756,1.90376,;inf,763,1.95387,;inf,769,2.00395,;inf,777,2.05406,;inf,782,2.10414,;inf,788,2.15424,;inf,796,2.20435,;inf,806,2.25445,;inf,810,2.30457,;inf,814,2.35469,;inf,818,2.40479,;inf,823,2.45489,;inf,825,2.505,;inf,828,2.55511,;inf,832,2.60521,;inf,840,2.65533,;inf,848,2.70544,;inf,860,2.75554,;inf,864,2.80564,;inf,867,2.85571,;inf,868,2.90583,;inf,872,2.95592,;inf,875,3.00603,;inf,880,3.05612,;inf,886,3.10623,;inf,888,3.15634,;inf,895,3.20645,;inf,905,3.25656,;inf,908,3.30669,;inf,912,3.35681,;inf,919,3.40692,;inf,925,3.45701,;inf,926,3.50709,;inf,932,3.5572,;inf,940,3.60726,;inf,943,3.65737,;inf,946,3.70744,;inf,950,3.75754,;inf,952,3.80763,;inf,952,3.85773,;inf,955,3.90782,;inf,963,3.95793,;inf,971,4.00804,;inf,973,4.05815,;inf,979,4.10826,;inf,986,4.15837,;inf,986,4.20848,;inf,989,4.25859,;inf,990,4.30871,;inf,992,4.35882,;inf,994,4.40892,;inf,998,4.45902,;inf,999,4.50909,;inf,1003,4.55919,;inf,1003,4.6093,;inf,1010,4.65936,;inf,1014,4.70947,;inf,1024,4.75957,;inf,1027,4.80966,;inf,1030,4.85974,;inf,1037,4.90983,;inf,1039,4.95992,;inf,1041,5.01001,;inf,1046,5.0601,;inf,1051,5.11021,;inf,1056,5.16031,;inf,1059,5.21042,;inf,1067,5.26052,;inf,1074,5.31064,;inf,1074,5.36075,;inf,1075,5.41087,;inf,1078,5.46097,;478.823353,1081,5.51103,;461.848309,1089,5.56114,;461.848309,1097,5.61124,;461.848309,1098,5.66132,;461.848309,1101,5.71142,;461.848309,1103,5.76153,;461.848309,1106,5.81161,;461.848309,1111,5.86172,;461.848309,1116,5.91183,;461.848309,1117,5.96193,;461.848309,1121,6.01201,;461.848309,1122,6.06212,;461.848309,1124,6.11223,;461.848309,1125,6.16232,;461.848309,1126,6.21241,;461.848309,1129,6.26253,;461.848309,1130,6.31267,;461.848309,1131,6.36277,;461.848309,1133,6.41287,;461.848309,1135,6.46297,;461.848309,1136,6.51308,;461.848309,1137,6.5632,;461.848309,1141,6.6133,;461.848309,1143,6.66332,;461.848309,1144,6.71339,;461.848309,1150,6.76346,;461.848309,1152,6.81352,;461.848309,1154,6.86361,;461.848309,1155,6.91369,;461.848309,1156,6.96379,;461.848309,1158,7.0139,;461.848309,1162,7.06399,;461.848309,1164,7.1141,;461.848309,1170,7.16418,;461.848309,1171,7.21427,;461.848309,1172,7.26436,;461.848309,1176,7.31448,;461.848309,1177,7.36459,;461.848309,1178,7.41468,;461.848309,1180,7.4648,;461.848309,1183,7.5149,;459.611273,1186,7.56497,;459.611273,1190,7.61512,;459.611273,1195,7.66522,;459.611273,1200,7.71532,;459.611273,1204,7.76542,;459.611273,1210,7.81549,;459.611273,1212,7.86559,;459.611273,1217,7.91568,;459.611273,1219,7.96578,;459.611273,1219,8.01586,;459.611273,1222,8.06596,;459.611273,1224,8.11605,;459.611273,1225,8.16613,;459.611273,1228,8.21625,;459.611273,1229,8.26635,;459.611273,1233,8.31643,;459.611273,1235,8.36654,;459.611273,1239,8.41661,;459.611273,1243,8.46672,;459.611273,1245,8.51681,;459.611273,1247,8.56691,;459.611273,1248,8.61702,;459.611273,1252,8.6671,;459.611273,1255,8.71721,;459.611273,1257,8.7673,;459.611273,1262,8.8174,;459.611273,1265,8.86747,;459.611273,1268,8.91757,;459.611273,1268,8.96766,;459.611273,1272,9.01774,;459.611273,1273,9.06782,;459.611273,1278,9.11793,;459.611273,1281,9.168,;459.611273,1282,9.21809,;459.611273,1286,9.26819,;459.611273,1289,9.31831,;459.611273,1294,9.3684,;459.611273,1299,9.41851,;459.611273,1304,9.46859,;459.611273,1307,9.5187,;459.611273,1311,9.56881,;459.611273,1314,9.61892,;459.611273,1316,9.66902,;459.611273,1317,9.71912,;459.611273,1324,9.76923,;459.611273,1327,9.81932,;459.611273,1328,9.86943,;459.611273,1329,9.91949,;450.069482,1330,9.96957,;450.069482,1332,10.0197,;450.069482,1333,10.0698,;
inf,270,0.0500939,;inf,315,0.100211,;inf,369,0.150321,;inf,414,0.200397,;inf,428,0.250478,;inf,453,0.300586,;inf,473,0.350671,;inf,490,0.400772,;inf,504,0.450856,;inf,517,0.500961,;inf,537,0.551039,;inf,548,0.601149,;inf,570,0.65125,;inf,593,0.701315,;inf,607,0.75142,;inf,623,0.801531,;inf,633,0.851622,;inf,644,0.901741,;inf,652,0.951851,;inf,665,1.00195,;inf,678,1.05206,;inf,694,1.10217,;inf,703,1.15228,;inf,713,1.20236,;inf,726,1.25247,;inf,734,1.30255,;inf,756,1.35266,;inf,761,1.40276,;inf,767,1.45284,;468.673905,772,1.50294,;468.673905,782,1.55308,;468.673905,791,1.60319,;468.673905,795,1.65327,;468.673905,802,1.70336,;468.673905,809,1.75348,;468.673905,817,1.80358,;468.673905,826,1.85369,;468.673905,830,1.90379,;468.673905,839,1.95388,;468.673905,845,2.00396,;468.673905,852,2.05405,;468.491264,865,2.10414,;468.491264,868,2.15423,;468.491264,877,2.2043,;468.491264,882,2.25441,;468.367688,887,2.3045,;468.367688,889,2.35459,;468.097835,894,2.40466,;468.038485,900,2.45475,;468.038485,905,2.50483,;468.038485,909,2.55491,;468.038485,916,2.60501,;468.038485,916,2.65509,;466.507157,920,2.70516,;466.507157,923,2.75528,;466.507157,931,2.80539,;466.507157,935,2.85547,;466.507157,939,2.90556,;466.507157,947,2.95567,;466.507157,950,3.00575,;466.395319,952,3.05586,;466.395319,956,3.10598,;466.395319,960,3.15609,;466.395319,965,3.20621,;466.395319,968,3.25631,;462.598406,973,3.30641,;462.598406,980,3.35653,;462.598406,985,3.40662,;459.136683,991,3.45673,;459.136683,996,3.50681,;459.136683,1001,3.55689,;459.136683,1008,3.60697,;459.136683,1011,3.65708,;459.136683,1019,3.70715,;459.136683,1024,3.75725,;459.136683,1029,3.80734,;459.136683,1032,3.85746,;459.136683,1037,3.90756,;459.136683,1039,3.95767,;459.020633,1041,4.00777,;459.020633,1044,4.05788,;459.020633,1047,4.10799,;459.020633,1049,4.15807,;459.020633,1054,4.20818,;459.020633,1059,4.25824,;459.020633,1065,4.30836,;459.020633,1068,4.35843,;459.020633,1072,4.40853,;459.020633,1074,4.45864,;459.020633,1076,4.50871,;459.020633,1080,4.55879,;459.020633,1082,4.60889,;459.020633,1083,4.65899,;459.020633,1085,4.7091,;459.020633,1089,4.75922,;459.020633,1090,4.80932,;459.020633,1095,4.85944,;459.020633,1099,4.90956,;459.020633,1104,4.95968,;459.020633,1107,5.00979,;459.020633,1108,5.0599,;459.020633,1110,5.10999,;459.020633,1115,5.16009,;458.122316,1119,5.21021,;458.122316,1122,5.26031,;458.122316,1125,5.31038,;458.122316,1128,5.36048,;458.122316,1131,5.41057,;458.122316,1136,5.46068,;458.122316,1139,5.51076,;458.122316,1140,5.56087,;457.555923,1144,5.61094,;457.555923,1146,5.66105,;457.555923,1150,5.71113,;457.555923,1151,5.76124,;457.555923,1151,5.81134,;454.920201,1153,5.86145,;454.920201,1155,5.91156,;454.920201,1156,5.96167,;454.565545,1159,6.01177,;454.565545,1162,6.06188,;454.565545,1165,6.11197,;454.565545,1167,6.16208,;454.565545,1171,6.21219,;454.565545,1171,6.26225,;453.197472,1174,6.31237,;453.197472,1177,6.36248,;453.197472,1179,6.41256,;453.197472,1182,6.46267,;452.122768,1184,6.51279,;452.122768,1185,6.5629,;452.122768,1193,6.61302,;452.122768,1197,6.66312,;452.122768,1198,6.71322,;452.028170,1203,6.76333,;452.028170,1206,6.81344,;452.028170,1208,6.86355,;452.028170,1218,6.91365,;452.028170,1220,6.96379,;452.028170,1221,7.01391,;452.028170,1223,7.06402,;452.028170,1228,7.11413,;452.028170,1230,7.16423,;452.028170,1234,7.21434,;452.028170,1237,7.26445,;452.028170,1239,7.31455,;452.028170,1240,7.36466,;451.182797,1242,7.41476,;451.182797,1244,7.46486,;451.182797,1246,7.51494,;451.182797,1248,7.56504,;451.182797,1249,7.61515,;451.182797,1254,7.66526,;451.182797,1257,7.71535,;451.182797,1260,7.76546,;451.182797,1261,7.81557,;451.182797,1264,7.86567,;451.182797,1266,7.91577,;451.182797,1267,7.96588,;451.182797,1268,8.01595,;451.182797,1272,8.06606,;451.182797,1275,8.11617,;451.182797,1276,8.16624,;451.182797,1279,8.21635,;451.182797,1282,8.26642,;451.182797,1285,8.31653,;451.182797,1288,8.36663,;451.182797,1289,8.41673,;451.182797,1290,8.46683,;451.182797,1292,8.51693,;451.182797,1293,8.56704,;450.941191,1295,8.61714,;450.941191,1297,8.66722,;450.941191,1300,8.71733,;450.941191,1302,8.76744,;450.941191,1305,8.81755,;450.941191,1309,8.86765,;450.941191,1310,8.91775,;450.941191,1313,8.96786,;450.941191,1315,9.01797,;450.941191,1321,9.06807,;450.941191,1322,9.11816,;450.941191,1325,9.16827,;450.941191,1330,9.21835,;450.941191,1333,9.26841,;450.941191,1336,9.31849,;450.941191,1337,9.3686,;450.941191,1340,9.4187,;450.941191,1343,9.4688,;450.941191,1346,9.5189,;450.941191,1347,9.56901,;450.941191,1350,9.6191,;450.941191,1353,9.66921,;450.941191,1356,9.71929,;450.941191,1359,9.76941,;450.919717,1362,9.81953,;450.919717,1363,9.86964,;450.919717,1367,9.91975,;450.919717,1372,9.96987,;450.919717,1374,10.02,;450.919717,1376,10.0701,;
inf,373,0.0500914,;inf,442,0.100197,;inf,491,0.150295,;inf,526,0.2004,;inf,562,0.250516,;inf,599,0.300623,;inf,622,0.350726,;inf,661,0.400827,;inf,691,0.450937,;inf,711,0.50104,;inf,729,0.551108,;inf,761,0.601214,;inf,770,0.651317,;inf,793,0.701423,;inf,807,0.751509,;inf,820,0.801617,;inf,831,0.851722,;inf,840,0.90184,;inf,856,0.951944,;inf,879,1.00206,;inf,898,1.05214,;inf,903,1.10226,;inf,917,1.15237,;inf,928,1.20248,;inf,938,1.25258,;inf,943,1.30269,;inf,947,1.3528,;inf,951,1.4029,;inf,965,1.453,;inf,971,1.50311,;inf,983,1.55317,;inf,991,1.60326,;inf,995,1.65336,;inf,1000,1.70345,;inf,1009,1.75356,;inf,1011,1.80367,;inf,1026,1.85377,;inf,1033,1.90388,;inf,1039,1.95395,;inf,1046,2.00407,;inf,1051,2.05414,;inf,1058,2.10425,;inf,1064,2.15435,;inf,1067,2.20446,;inf,1086,2.25458,;inf,1089,2.30467,;inf,1094,2.35479,;inf,1103,2.40489,;inf,1105,2.45492,;inf,1110,2.50503,;inf,1119,2.55514,;inf,1128,2.60524,;inf,1134,2.65532,;inf,1140,2.70542,;inf,1146,2.7555,;inf,1156,2.80559,;inf,1160,2.85568,;inf,1168,2.90579,;inf,1173,2.95587,;inf,1178,3.00599,;inf,1180,3.05606,;inf,1182,3.10618,;inf,1189,3.15629,;inf,1193,3.20635,;inf,1200,3.25646,;inf,1202,3.30657,;inf,1211,3.35668,;inf,1214,3.40679,;inf,1217,3.45689,;inf,1220,3.50699,;inf,1225,3.5571,;inf,1227,3.60721,;inf,1234,3.6573,;inf,1237,3.70741,;inf,1244,3.75751,;inf,1245,3.80759,;inf,1252,3.8577,;inf,1254,3.90781,;inf,1254,3.95788,;inf,1256,4.00796,;inf,1262,4.05806,;inf,1272,4.10814,;inf,1276,4.15823,;inf,1279,4.2083,;inf,1283,4.25839,;inf,1285,4.3085,;inf,1292,4.3586,;inf,1293,4.40871,;inf,1300,4.45881,;inf,1306,4.50891,;inf,1312,4.55901,;inf,1316,4.60911,;inf,1321,4.65919,;inf,1327,4.70927,;inf,1330,4.75935,;inf,1336,4.80946,;inf,1338,4.85953,;inf,1344,4.90965,;inf,1345,4.95973,;inf,1349,5.00985,;inf,1351,5.05993,;inf,1355,5.11002,;inf,1358,5.1601,;inf,1362,5.21019,;inf,1363,5.26028,;inf,1367,5.31038,;inf,1368,5.36047,;inf,1371,5.41058,;inf,1375,5.46069,;inf,1380,5.5108,;inf,1381,5.5609,;inf,1382,5.61093,;inf,1384,5.66103,;inf,1385,5.7111,;inf,1391,5.76117,;inf,1393,5.81127,;inf,1398,5.86138,;inf,1404,5.91147,;inf,1404,5.96155,;inf,1410,6.01165,;inf,1411,6.06176,;inf,1414,6.11187,;inf,1416,6.16194,;inf,1418,6.21203,;inf,1420,6.26214,;inf,1421,6.31226,;inf,1423,6.36239,;inf,1428,6.41246,;inf,1430,6.46254,;inf,1431,6.51263,;inf,1436,6.56273,;inf,1437,6.61281,;inf,1444,6.66291,;inf,1445,6.71301,;inf,1446,6.76308,;inf,1453,6.81319,;inf,1458,6.86327,;inf,1458,6.91337,;inf,1461,6.96347,;inf,1462,7.01357,;inf,1468,7.06363,;inf,1470,7.11374,;inf,1474,7.16381,;inf,1478,7.21391,;inf,1479,7.26402,;inf,1485,7.31411,;inf,1487,7.36421,;inf,1491,7.41432,;inf,1492,7.46442,;inf,1493,7.51449,;inf,1498,7.56459,;inf,1499,7.61466,;inf,1503,7.66476,;inf,1507,7.71486,;inf,1508,7.76493,;inf,1510,7.815,;inf,1515,7.86511,;inf,1519,7.91525,;inf,1530,7.96536,;inf,1531,8.01546,;inf,1532,8.06556,;inf,1534,8.11564,;inf,1537,8.16576,;inf,1540,8.21586,;inf,1543,8.26593,;inf,1546,8.31604,;inf,1549,8.36615,;inf,1551,8.41625,;inf,1552,8.46635,;inf,1555,8.51646,;inf,1556,8.56653,;inf,1558,8.61664,;inf,1560,8.66675,;inf,1561,8.71685,;inf,1563,8.76696,;inf,1564,8.81706,;inf,1564,8.86713,;inf,1570,8.91723,;inf,1572,8.96733,;inf,1573,9.01744,;inf,1577,9.06755,;inf,1582,9.11767,;inf,1583,9.16777,;inf,1592,9.21788,;inf,1595,9.26796,;inf,1597,9.31807,;inf,1599,9.36817,;inf,1604,9.41828,;inf,1607,9.46838,;inf,1615,9.51848,;inf,1621,9.56858,;inf,1622,9.61869,;inf,1623,9.66879,;inf,1624,9.7189,;inf,1625,9.769,;inf,1630,9.81911,;inf,1632,9.86921,;inf,1632,9.9193,;inf,1637,9.96938,;inf,1642,10.0195,;inf,1642,10.0696,;inf,1650,10.1197,;
inf,476,0.0500897,;inf,511,0.100198,;inf,557,0.150281,;inf,589,0.200402,;inf,615,0.250475,;inf,646,0.30058,;inf,674,0.35068,;inf,696,0.400747,;inf,710,0.450848,;inf,732,0.50093,;inf,746,0.551036,;inf,763,0.60112,;inf,775,0.651223,;inf,790,0.701313,;inf,799,0.751419,;inf,819,0.801504,;inf,840,0.851618,;inf,844,0.901703,;inf,864,0.95181,;inf,884,1.00192,;inf,906,1.05204,;inf,923,1.10214,;inf,933,1.15226,;inf,948,1.20236,;inf,957,1.25247,;inf,968,1.3026,;inf,971,1.35262,;inf,981,1.4027,;inf,992,1.45277,;inf,1003,1.50287,;inf,1015,1.55296,;inf,1020,1.60304,;inf,1027,1.65316,;inf,1039,1.70323,;inf,1044,1.75334,;inf,1054,1.80341,;inf,1063,1.85353,;inf,1067,1.9036,;inf,1071,1.95371,;inf,1084,2.00379,;inf,1089,2.05388,;inf,1092,2.10399,;inf,1095,2.15408,;inf,1101,2.20421,;inf,1109,2.25433,;inf,1122,2.30445,;inf,1128,2.35458,;inf,1133,2.40467,;inf,1137,2.45476,;inf,1143,2.50484,;inf,1151,2.55493,;inf,1159,2.60501,;inf,1164,2.65511,;inf,1171,2.70518,;inf,1175,2.75528,;inf,1179,2.80535,;inf,1181,2.85546,;inf,1187,2.90554,;inf,1194,2.95566,;inf,1199,3.00574,;inf,1202,3.05585,;inf,1207,3.10593,;inf,1208,3.15604,;inf,1216,3.20612,;inf,1223,3.25619,;inf,1230,3.30628,;inf,1237,3.35639,;inf,1240,3.4065,;inf,1248,3.45662,;inf,1252,3.50667,;inf,1257,3.55675,;inf,1266,3.60684,;inf,1270,3.65693,;inf,1276,3.70703,;inf,1281,3.75714,;inf,1284,3.80726,;inf,1285,3.85737,;inf,1288,3.90745,;inf,1295,3.95753,;inf,1300,4.00769,;inf,1305,4.05779,;inf,1308,4.1079,;inf,1310,4.158,;inf,1312,4.20811,;inf,1314,4.25822,;inf,1317,4.30832,;inf,1322,4.35842,;inf,1327,4.40852,;inf,1329,4.45863,;inf,1335,4.50873,;inf,1341,4.55884,;inf,1343,4.60892,;inf,1347,4.659,;inf,1349,4.70908,;inf,1352,4.75915,;inf,1358,4.80922,;inf,1361,4.85932,;inf,1362,4.90942,;inf,1363,4.95951,;inf,1370,5.00962,;inf,1375,5.05972,;inf,1378,5.1098,;inf,1380,5.1599,;inf,1383,5.21,;inf,1392,5.26007,;inf,1400,5.31016,;inf,1404,5.36026,;inf,1410,5.41034,;inf,1418,5.46041,;inf,1421,5.51048,;inf,1424,5.56057,;inf,1425,5.61065,;inf,1429,5.66072,;inf,1435,5.71079,;inf,1438,5.76087,;inf,1442,5.81096,;inf,1445,5.86107,;inf,1447,5.91118,;inf,1451,5.96127,;inf,1454,6.01138,;inf,1458,6.06148,;inf,1465,6.11159,;inf,1467,6.16169,;inf,1473,6.2118,;inf,1475,6.26188,;inf,1478,6.31198,;inf,1482,6.36208,;inf,1486,6.41216,;inf,1488,6.46223,;inf,1492,6.51234,;inf,1494,6.56242,;inf,1495,6.61251,;inf,1497,6.66262,;inf,1498,6.71269,;inf,1499,6.76279,;inf,1500,6.81287,;inf,1504,6.86299,;inf,1505,6.91308,;inf,1507,6.9632,;inf,1510,7.01327,;inf,1511,7.06335,;inf,1516,7.11344,;inf,1520,7.16355,;inf,1523,7.21365,;inf,1527,7.26376,;inf,1528,7.31387,;inf,1529,7.36401,;inf,1531,7.41409,;inf,1533,7.4642,;inf,1540,7.5143,;inf,1541,7.5644,;inf,1542,7.6145,;inf,1544,7.66464,;inf,1546,7.71472,;inf,1550,7.7648,;inf,1551,7.8149,;inf,1552,7.86501,;inf,1559,7.91512,;inf,1560,7.96523,;inf,1561,8.01533,;inf,1565,8.06543,;inf,1566,8.11553,;inf,1566,8.16565,;inf,1569,8.21576,;inf,1570,8.26588,;inf,1572,8.31598,;inf,1572,8.36608,;inf,1577,8.41614,;inf,1580,8.46621,;inf,1581,8.51633,;inf,1587,8.56644,;inf,1588,8.61654,;inf,1589,8.66665,;inf,1590,8.71673,;inf,1592,8.76683,;inf,1593,8.81692,;inf,1595,8.86702,;inf,1596,8.9171,;inf,1597,8.96719,;inf,1602,9.01728,;inf,1611,9.06737,;inf,1613,9.11744,;inf,1619,9.16751,;inf,1619,9.21762,;inf,1621,9.26771,;inf,1623,9.31782,;inf,1624,9.36794,;inf,1630,9.41802,;inf,1631,9.46813,;inf,1634,9.51824,;inf,1636,9.56835,;inf,1639,9.61845,;inf,1641,9.66857,;inf,1646,9.71867,;inf,1647,9.76874,;inf,1650,9.81885,;inf,1651,9.86895,;inf,1652,9.91905,;inf,1659,9.96914,;inf,1661,10.0192,;inf,1662,10.0693,;inf,1662,10.1194,;
inf,295,0.0500915,;inf,354,0.1002,;inf,406,0.150316,;inf,444,0.200421,;inf,467,0.250521,;inf,497,0.300588,;inf,516,0.350658,;inf,535,0.400733,;inf,552,0.450836,;inf,566,0.500923,;inf,584,0.551007,;inf,591,0.601078,;inf,608,0.651204,;inf,629,0.701281,;inf,644,0.75136,;inf,651,0.801446,;inf,655,0.851527,;inf,668,0.901638,;inf,681,0.951743,;inf,687,1.00182,;inf,702,1.05193,;inf,706,1.10203,;inf,721,1.15214,;inf,728,1.20225,;inf,733,1.25234,;inf,747,1.30245,;inf,758,1.35252,;inf,763,1.40262,;inf,769,1.4527,;inf,779,1.50281,;inf,786,1.5529,;inf,796,1.60301,;inf,802,1.65311,;inf,807,1.70322,;inf,816,1.75334,;inf,823,1.80345,;inf,837,1.85355,;inf,844,1.90365,;inf,851,1.95376,;inf,861,2.00386,;inf,873,2.05397,;inf,878,2.10407,;inf,882,2.1542,;inf,885,2.2043,;inf,892,2.25441,;inf,895,2.30448,;inf,905,2.35458,;inf,908,2.40465,;inf,913,2.45475,;inf,916,2.50484,;inf,920,2.55494,;inf,927,2.60503,;inf,933,2.65514,;inf,940,2.70522,;inf,944,2.75534,;inf,948,2.80546,;inf,955,2.85557,;inf,960,2.90567,;inf,962,2.95579,;inf,967,3.00589,;inf,974,3.05599,;inf,977,3.1061,;inf,982,3.1562,;inf,985,3.2063,;inf,992,3.25641,;inf,997,3.30651,;inf,1003,3.35658,;inf,1006,3.40669,;inf,1010,3.45677,;inf,1013,3.50689,;inf,1021,3.557,;inf,1028,3.6071,;inf,1030,3.65718,;inf,1038,3.7073,;466.922426,1047,3.75741,;466.867255,1050,3.80752,;465.880314,1057,3.85762,;465.880314,1062,3.90773,;465.880314,1066,3.95783,;465.880314,1070,4.00794,;465.075988,1075,4.05804,;465.075988,1076,4.10814,;465.075988,1079,4.15821,;465.075988,1082,4.20833,;465.075988,1086,4.25843,;465.062082,1088,4.3085,;465.062082,1091,4.35861,;463.983701,1102,4.40871,;463.983701,1105,4.45879,;463.983701,1107,4.50889,;463.983701,1110,4.559,;463.983701,1112,4.60909,;463.741392,1116,4.6592,;463.741392,1119,4.70928,;463.741392,1121,4.75939,;463.702513,1130,4.80951,;463.702513,1135,4.85963,;463.702513,1136,4.90974,;462.767055,1139,4.95985,;461.593624,1142,5.00996,;461.593624,1146,5.06006,;461.593624,1150,5.11016,;461.593624,1156,5.16027,;461.593624,1157,5.21037,;461.593624,1160,5.26046,;461.593624,1164,5.31057,;461.593624,1165,5.36064,;461.593624,1167,5.41077,;459.946193,1168,5.46088,;459.946193,1169,5.51098,;459.946193,1175,5.56109,;459.946193,1176,5.61117,;459.946193,1179,5.66127,;459.946193,1180,5.71139,;459.946193,1183,5.7615,;458.793156,1186,5.81162,;458.793156,1188,5.86172,;458.793156,1188,5.91182,;458.793156,1192,5.96193,;458.793156,1198,6.01204,;458.793156,1202,6.06217,;458.793156,1206,6.11227,;458.793156,1206,6.16238,;458.793156,1210,6.21246,;458.793156,1213,6.26257,;458.793156,1214,6.31268,;458.793156,1215,6.36278,;458.793156,1220,6.41289,;457.015888,1223,6.46299,;457.015888,1224,6.5131,;457.015888,1226,6.56321,;457.015888,1226,6.61331,;457.015888,1230,6.66342,;457.015888,1232,6.71353,;457.015888,1234,6.76363,;457.015888,1237,6.81374,;457.015888,1239,6.86386,;457.015888,1242,6.91394,;457.015888,1244,6.96403,;457.015888,1248,7.01414,;457.015888,1250,7.06425,;457.015888,1252,7.11435,;456.262730,1254,7.16443,;456.262730,1258,7.21454,;456.262730,1258,7.26462,;456.262730,1263,7.31472,;456.262730,1265,7.36481,;456.262730,1268,7.41488,;456.262730,1270,7.46495,;456.262730,1271,7.51507,;456.262730,1272,7.56516,;456.262730,1275,7.61527,;456.262730,1281,7.66539,;456.262730,1285,7.71549,;456.262730,1288,7.76559,;456.262730,1294,7.81569,;456.262730,1298,7.86583,;456.262730,1304,7.9159,;456.262730,1305,7.966,;456.262730,1307,8.0161,;456.216980,1308,8.06621,;456.216980,1308,8.11634,;456.216980,1308,8.16643,;456.216980,1308,8.21651,;456.216980,1308,8.26663,;455.771241,1311,8.31673,;455.771241,1311,8.3668,;455.771241,1318,8.41689,;455.771241,1320,8.467,;455.771241,1325,8.51708,;455.771241,1330,8.56719,;455.771241,1332,8.61726,;452.918804,1337,8.66736,;452.918804,1339,8.71747,;452.918804,1341,8.76758,;452.918804,1344,8.81765,;452.918804,1346,8.86773,;452.918804,1349,8.9178,;452.918804,1352,8.9679,;452.918804,1356,9.01798,;452.918804,1361,9.06807,;452.918804,1362,9.11814,;452.918804,1365,9.16824,;452.918804,1368,9.21835,;452.918804,1371,9.26843,;452.918804,1373,9.31854,;452.918804,1376,9.36862,;452.918804,1378,9.41872,;452.918804,1380,9.46881,;452.918804,1384,9.51893,;452.918804,1388,9.569,;452.918804,1393,9.6191,;452.918804,1395,9.66919,;452.918804,1401,9.71931,;452.918804,1406,9.76941,;452.918804,1407,9.81952,;452.918804,1408,9.86962,;452.918804,1412,9.91973,;452.918804,1416,9.96983,;452.918804,1419,10.0199,;452.918804,1423,10.07,;
inf,280,0.0500966,;inf,355,0.100164,;inf,389,0.150292,;inf,423,0.200405,;inf,448,0.25051,;inf,477,0.300617,;inf,511,0.350688,;inf,526,0.40079,;inf,540,0.450876,;inf,561,0.500959,;inf,591,0.55105,;inf,603,0.601129,;inf,629,0.651219,;inf,654,0.701326,;inf,665,0.751424,;inf,672,0.801541,;inf,684,0.851665,;inf,689,0.901782,;inf,696,0.951884,;inf,705,1.00198,;inf,716,1.05208,;inf,728,1.10219,;inf,741,1.15225,;inf,758,1.20234,;inf,770,1.25246,;inf,786,1.30257,;inf,793,1.35268,;inf,802,1.40275,;inf,812,1.45286,;inf,816,1.50294,;inf,820,1.55301,;inf,824,1.6031,;inf,831,1.65321,;inf,837,1.7033,;inf,841,1.7534,;inf,847,1.80349,;inf,852,1.85359,;inf,856,1.90367,;inf,858,1.95378,;inf,866,2.00388,;inf,874,2.05398,;inf,878,2.10408,;inf,883,2.15418,;inf,889,2.2043,;inf,897,2.2544,;inf,902,2.3045,;inf,904,2.35458,;inf,911,2.40469,;inf,916,2.45477,;inf,918,2.50485,;inf,924,2.55494,;inf,928,2.60501,;inf,934,2.6551,;inf,940,2.7052,;inf,946,2.75529,;inf,950,2.80541,;inf,952,2.85552,;inf,957,2.90562,;inf,963,2.95572,;inf,971,3.00583,;inf,975,3.05593,;inf,978,3.10604,;inf,984,3.15614,;inf,986,3.20624,;inf,988,3.25636,;inf,992,3.30647,;inf,996,3.35657,;inf,998,3.40664,;inf,1006,3.45675,;inf,1009,3.50681,;inf,1021,3.55692,;inf,1026,3.607,;inf,1028,3.65712,;inf,1033,3.7072,;inf,1037,3.75731,;inf,1041,3.80738,;inf,1044,3.85749,;inf,1045,3.9076,;inf,1055,3.9577,;inf,1066,4.00781,;inf,1070,4.05791,;inf,1075,4.10801,;inf,1080,4.15812,;inf,1081,4.20824,;inf,1094,4.25834,;inf,1099,4.30845,;inf,1100,4.35855,;inf,1106,4.40866,;inf,1115,4.45877,;inf,1117,4.50887,;inf,1120,4.55898,;inf,1125,4.60908,;inf,1129,4.65917,;inf,1132,4.70928,;inf,1135,4.75936,;inf,1142,4.80948,;inf,1146,4.85959,;inf,1148,4.90967,;inf,1153,4.95981,;inf,1157,5.00992,;inf,1160,5.06002,;inf,1161,5.11012,;inf,1163,5.16023,;inf,1166,5.21029,;inf,1172,5.2604,;inf,1178,5.31049,;inf,1185,5.36056,;inf,1191,5.41062,;inf,1195,5.46073,;inf,1197,5.51079,;inf,1200,5.5609,;inf,1203,5.61097,;inf,1204,5.66108,;inf,1205,5.71115,;inf,1208,5.76123,;inf,1212,5.81132,;inf,1214,5.86143,;inf,1217,5.91153,;inf,1219,5.9616,;inf,1223,6.01168,;inf,1224,6.06179,;476.280083,1233,6.11187,;476.205476,1234,6.16194,;476.205476,1238,6.21203,;476.205476,1239,6.26212,;476.205476,1243,6.3122,;476.205476,1244,6.3623,;476.205476,1247,6.41237,;474.325670,1253,6.46251,;474.325670,1258,6.51263,;474.325670,1266,6.56273,;474.325670,1267,6.61281,;474.325670,1268,6.66293,;474.325670,1274,6.71303,;474.325670,1276,6.76315,;474.325670,1282,6.81325,;474.325670,1286,6.86337,;474.325670,1288,6.91348,;474.325670,1292,6.96358,;474.325670,1293,7.01369,;474.325670,1302,7.06379,;474.325670,1303,7.11389,;474.325670,1304,7.164,;474.325670,1308,7.21408,;469.870816,1311,7.26421,;469.870816,1312,7.31431,;469.870816,1315,7.36442,;469.870816,1315,7.41453,;469.870816,1319,7.46464,;469.870816,1323,7.51471,;469.870816,1328,7.56482,;469.870816,1331,7.6149,;469.870816,1336,7.66502,;469.870816,1339,7.71511,;469.870816,1341,7.76523,;469.870816,1342,7.81531,;469.870816,1343,7.86542,;469.870816,1347,7.91552,;469.870816,1351,7.96563,;469.870816,1353,8.01573,;469.870816,1357,8.06584,;469.870816,1360,8.11594,;469.870816,1363,8.16603,;465.756489,1366,8.21615,;465.756489,1367,8.26626,;465.756489,1371,8.31637,;465.756489,1377,8.36648,;465.756489,1381,8.41658,;465.756489,1385,8.46669,;465.756489,1388,8.51679,;465.756489,1393,8.56688,;465.756489,1394,8.61698,;465.756489,1395,8.66709,;465.756489,1400,8.71718,;465.756489,1401,8.76727,;465.756489,1403,8.81738,;465.756489,1410,8.86746,;465.756489,1414,8.91757,;465.756489,1417,8.96767,;465.756489,1418,9.01777,;465.756489,1421,9.06787,;465.756489,1423,9.11798,;465.756489,1425,9.16808,;465.756489,1428,9.21818,;465.756489,1430,9.2683,;465.756489,1433,9.31841,;465.756489,1434,9.36852,;465.756489,1435,9.41857,;465.756489,1436,9.46867,;465.756489,1438,9.51874,;465.756489,1443,9.56885,;465.756489,1446,9.61892,;465.756489,1448,9.66902,;465.756489,1452,9.7191,;465.756489,1454,9.76918,;465.756489,1455,9.81925,;465.756489,1461,9.86933,;465.756489,1465,9.91941,;465.756489,1471,9.96949,;465.756489,1473,10.0196,;465.756489,1475,10.0697,;
inf,308,0.0500691,;inf,381,0.100181,;inf,427,0.150302,;inf,461,0.200408,;inf,491,0.250512,;inf,525,0.300621,;inf,550,0.350731,;inf,576,0.400841,;inf,605,0.450946,;inf,622,0.501053,;inf,637,0.551173,;inf,651,0.601288,;inf,672,0.651404,;inf,688,0.701489,;inf,698,0.751618,;inf,719,0.801718,;inf,730,0.851827,;inf,743,0.901935,;inf,771,0.952052,;inf,781,1.00216,;inf,792,1.05226,;inf,802,1.10234,;inf,812,1.15243,;inf,820,1.20251,;inf,830,1.25261,;inf,840,1.30269,;inf,846,1.35278,;inf,850,1.40286,;inf,856,1.45297,;inf,862,1.50304,;inf,872,1.55316,;inf,879,1.60324,;inf,885,1.65336,;inf,887,1.70346,;inf,896,1.75356,;inf,906,1.80367,;inf,908,1.85378,;inf,913,1.90388,;inf,918,1.95398,;inf,931,2.00409,;inf,937,2.05417,;inf,942,2.10428,;inf,948,2.15438,;inf,955,2.20448,;inf,960,2.25457,;inf,965,2.30467,;inf,971,2.35478,;inf,984,2.40488,;inf,987,2.45499,;inf,996,2.50509,;inf,1000,2.5552,;inf,1003,2.6053,;inf,1007,2.65541,;inf,1017,2.70551,;inf,1018,2.75559,;inf,1023,2.80573,;inf,1025,2.85584,;inf,1027,2.90591,;inf,1028,2.95601,;inf,1035,3.00609,;inf,1039,3.05619,;inf,1049,3.10628,;inf,1055,3.15636,;inf,1060,3.20646,;inf,1068,3.25653,;inf,1075,3.30662,;inf,1079,3.35673,;inf,1081,3.40682,;inf,1084,3.45693,;inf,1095,3.50703,;inf,1099,3.55712,;inf,1101,3.6072,;inf,1109,3.65731,;inf,1110,3.70742,;inf,1113,3.75752,;inf,1120,3.8076,;inf,1121,3.85772,;inf,1125,3.90782,;inf,1126,3.95789,;inf,1131,4.00799,;inf,1137,4.05807,;inf,1139,4.10815,;inf,1147,4.15825,;inf,1154,4.20837,;inf,1158,4.25844,;inf,1165,4.30856,;inf,1167,4.35865,;inf,1170,4.40873,;inf,1172,4.45881,;inf,1174,4.50892,;inf,1179,4.55903,;inf,1182,4.60914,;inf,1183,4.65925,;inf,1188,4.70935,;inf,1188,4.75946,;inf,1192,4.80954,;inf,1198,4.85965,;inf,1201,4.90976,;inf,1203,4.95983,;inf,1206,5.00989,;inf,1210,5.05999,;inf,1215,5.11007,;inf,1217,5.16018,;inf,1223,5.21027,;inf,1225,5.26037,;inf,1237,5.31045,;inf,1239,5.36056,;inf,1243,5.41068,;481.580392,1250,5.4608,;481.580392,1255,5.51091,;481.580392,1256,5.56103,;481.504421,1259,5.61114,;467.012027,1269,5.66124,;467.012027,1271,5.71134,;467.012027,1275,5.76142,;467.012027,1276,5.81153,;467.012027,1280,5.86161,;467.012027,1289,5.91172,;467.012027,1292,5.96174,;467.012027,1296,6.01184,;467.012027,1301,6.06191,;467.012027,1305,6.11201,;467.012027,1309,6.16208,;467.012027,1312,6.21217,;467.012027,1316,6.26225,;467.012027,1317,6.31232,;467.012027,1320,6.36244,;467.012027,1323,6.41255,;467.012027,1327,6.46266,;467.012027,1331,6.51277,;467.012027,1333,6.56287,;467.012027,1335,6.61297,;467.012027,1336,6.66306,;467.012027,1337,6.71318,;467.012027,1338,6.76326,;467.012027,1338,6.81338,;467.012027,1340,6.86348,;467.012027,1347,6.91359,;466.675369,1357,6.96369,;466.675369,1359,7.01376,;466.675369,1361,7.06387,;466.675369,1363,7.11393,;466.675369,1366,7.16404,;466.396778,1373,7.21413,;466.396778,1376,7.26424,;466.396778,1379,7.31432,;466.396778,1381,7.36443,;466.396778,1383,7.41453,;466.396778,1386,7.46464,;466.396778,1390,7.51476,;466.396778,1391,7.56488,;466.396778,1397,7.61498,;466.396778,1398,7.66509,;466.396778,1407,7.71519,;466.396778,1408,7.7653,;466.396778,1409,7.81541,;466.396778,1412,7.86548,;466.396778,1414,7.91556,;466.396778,1415,7.96567,;466.396778,1418,8.01577,;466.396778,1423,8.06584,;466.396778,1424,8.11596,;466.396778,1429,8.16603,;466.396778,1433,8.21615,;466.396778,1434,8.26625,;466.396778,1438,8.31636,;466.396778,1443,8.36647,;466.396778,1444,8.41657,;466.396778,1447,8.46666,;466.396778,1450,8.51677,;466.396778,1457,8.56685,;466.396778,1459,8.61696,;466.396778,1462,8.66705,;466.396778,1468,8.71715,;466.396778,1471,8.76724,;466.396778,1472,8.81733,;464.224237,1475,8.86745,;464.224237,1478,8.91755,;464.224237,1479,8.96766,;464.224237,1482,9.01777,;464.224237,1484,9.06787,;464.224237,1486,9.11798,;464.224237,1487,9.16809,;464.224237,1492,9.21817,;464.224237,1494,9.26829,;464.224237,1497,9.31841,;464.224237,1499,9.36853,;464.224237,1505,9.41863,;464.224237,1507,9.46871,;464.224237,1509,9.51879,;464.224237,1515,9.56888,;464.224237,1516,9.619,;464.224237,1517,9.66908,;464.224237,1519,9.71915,;464.224237,1524,9.76926,;464.224237,1525,9.81936,;464.224237,1528,9.86946,;464.224237,1531,9.91953,;464.224237,1532,9.96962,;464.224237,1535,10.0197,;464.224237,1538,10.0698,;464.224237,1539,10.1199,;
inf,307,0.0501155,;inf,329,0.100235,;inf,382,0.150338,;inf,403,0.200454,;inf,431,0.250529,;inf,455,0.300634,;inf,489,0.350723,;inf,507,0.400795,;inf,527,0.450861,;inf,545,0.500929,;inf,569,0.550971,;inf,583,0.601125,;inf,597,0.651269,;inf,614,0.701339,;inf,625,0.751467,;inf,641,0.801543,;inf,654,0.851615,;inf,663,0.901719,;inf,677,0.951795,;inf,697,1.00187,;inf,707,1.05197,;inf,718,1.10209,;inf,732,1.15221,;inf,740,1.20228,;inf,747,1.25235,;inf,762,1.30241,;inf,774,1.35251,;inf,789,1.40262,;inf,794,1.45274,;inf,804,1.50284,;inf,811,1.55292,;inf,817,1.60302,;inf,825,1.65312,;inf,832,1.70323,;inf,838,1.75333,;inf,846,1.80343,;inf,857,1.85354,;inf,865,1.90366,;inf,874,1.95376,;inf,882,2.00386,;inf,887,2.05397,;inf,896,2.10409,;inf,900,2.1542,;inf,904,2.20431,;inf,912,2.25442,;inf,917,2.30452,;inf,923,2.35459,;inf,932,2.40468,;inf,935,2.45475,;inf,938,2.50484,;inf,940,2.55493,;inf,943,2.60501,;inf,947,2.6551,;inf,951,2.70521,;inf,955,2.75534,;inf,961,2.80544,;inf,972,2.85555,;inf,978,2.90565,;inf,983,2.95576,;inf,991,3.00586,;inf,996,3.05596,;inf,1004,3.10604,;inf,1012,3.15616,;inf,1018,3.20628,;inf,1023,3.25639,;inf,1025,3.3065,;inf,1029,3.35661,;inf,1033,3.4067,;inf,1038,3.45682,;inf,1043,3.50692,;inf,1048,3.55702,;inf,1051,3.60713,;inf,1055,3.65721,;inf,1059,3.70729,;inf,1064,3.75736,;inf,1067,3.80744,;inf,1071,3.85752,;inf,1074,3.90761,;inf,1077,3.95768,;inf,1080,4.00778,;inf,1082,4.05786,;inf,1086,4.10795,;inf,1091,4.15804,;inf,1097,4.20813,;inf,1102,4.25822,;inf,1105,4.3083,;inf,1107,4.35835,;inf,1112,4.40842,;inf,1115,4.45849,;inf,1117,4.50857,;inf,1118,4.55864,;inf,1119,4.60871,;inf,1121,4.65878,;inf,1125,4.70885,;inf,1129,4.75893,;inf,1132,4.809,;inf,1134,4.85906,;inf,1138,4.90913,;inf,1140,4.95919,;inf,1142,5.00926,;inf,1146,5.05932,;inf,1148,5.10942,;inf,1151,5.15952,;inf,1154,5.20963,;inf,1156,5.25972,;inf,1158,5.30984,;inf,1160,5.35996,;inf,1162,5.41008,;inf,1164,5.46018,;488.172426,1167,5.51028,;488.172426,1169,5.56039,;488.172426,1171,5.61046,;488.172426,1174,5.66056,;488.172426,1176,5.71063,;488.172426,1179,5.76073,;488.172426,1180,5.81081,;488.172426,1180,5.86092,;488.172426,1180,5.911,;487.492787,1187,5.96111,;487.492787,1191,6.01122,;487.492787,1194,6.06132,;487.492787,1197,6.11144,;487.492787,1197,6.16157,;487.492787,1200,6.21168,;487.492787,1201,6.26179,;487.492787,1204,6.31189,;487.492787,1207,6.36196,;487.492787,1209,6.41204,;487.492787,1210,6.46212,;486.838250,1215,6.51221,;486.838250,1217,6.5623,;486.838250,1218,6.61238,;486.838250,1222,6.66246,;486.838250,1223,6.71257,;486.838250,1225,6.76267,;486.838250,1227,6.81276,;486.838250,1231,6.86285,;486.838250,1234,6.91294,;486.838250,1237,6.96302,;486.838250,1238,7.0131,;486.838250,1242,7.06319,;486.838250,1245,7.11328,;486.838250,1250,7.16337,;486.838250,1254,7.21348,;486.838250,1256,7.26357,;486.838250,1259,7.31368,;486.838250,1264,7.36376,;486.838250,1265,7.41387,;486.838250,1267,7.46398,;486.838250,1271,7.51408,;486.838250,1273,7.56419,;486.838250,1275,7.61429,;486.838250,1278,7.6644,;486.838250,1280,7.71447,;486.838250,1283,7.76457,;486.838250,1284,7.81464,;486.838250,1287,7.86476,;486.838250,1290,7.91485,;486.838250,1295,7.96495,;486.838250,1299,8.01504,;486.838250,1300,8.06514,;486.838250,1303,8.11521,;486.838250,1303,8.16533,;486.838250,1305,8.21544,;486.838250,1311,8.26555,;486.838250,1312,8.31563,;486.838250,1314,8.36573,;486.838250,1315,8.41584,;486.838250,1321,8.46595,;486.838250,1322,8.51606,;486.838250,1328,8.56614,;486.838250,1330,8.61625,;486.838250,1335,8.66636,;486.838250,1337,8.71646,;486.838250,1339,8.76654,;486.838250,1340,8.81666,;486.838250,1341,8.86678,;486.838250,1344,8.91687,;486.838250,1346,8.96699,;486.838250,1348,9.0171,;482.555923,1351,9.06718,;482.555923,1355,9.11729,;482.555923,1360,9.1674,;482.555923,1363,9.21752,;482.075945,1365,9.26762,;482.075945,1368,9.31772,;482.075945,1369,9.36783,;482.075945,1371,9.41794,;481.952051,1375,9.46804,;481.952051,1378,9.51816,;481.952051,1379,9.56826,;481.952051,1381,9.61837,;481.952051,1383,9.66848,;481.952051,1385,9.71855,;472.789009,1389,9.76865,;472.789009,1394,9.81875,;472.789009,1397,9.86888,;472.789009,1400,9.91897,;472.789009,1403,9.96904,;472.789009,1405,10.0191,;472.789009,1409,10.0692,;
.
