OMPL version 
Experiment wasserstein
5 experiment properties
Q_value double = 0.200000
R double = 0.100000
R_bad_value double = 5.000000
bias_value double = 0.200000
first_solution bool = 0
Running on Vivaldi
Starting at 2024-07-06 20:19:21
<<<|
Properties of the state space 'R2_BELIEFRealVectorSpace0'
  - signature: 2 1 2 
  - dimension: 2
  - extent: 141.421
  - sanity checks for state space passed
  - probability of valid states: 0.615
  - average length of a valid motion: 26.3926
  - average number of samples drawn per second: sampleUniform()=2.32029e+07 sampleUniformNear()=2.44188e+07 sampleGaussian()=1.15302e+07
Settings for the state space 'R2_BELIEFRealVectorSpace0'
  - state validity check resolution: 1%
  - valid segment count factor: 1
  - state space:
Real vector state space 'R2_BELIEFRealVectorSpace0' of dimension 2 with bounds: 
  - min: 0 0 
  - max: 100 100 

Declared parameters:
longest_valid_segment_fraction = 0.01
max_control_duration = 20
min_control_duration = 1
projection.cellsize.0 = 5
projection.cellsize.1 = 5
projection.cellsize_factor = 0
propagation_step_size = 0.1
valid_segment_count_factor = 1
Valid state sampler named uniform with parameters:
nr_attempts = 100
  - control space:
Real vector control space 'RealVectorControl[R2_BELIEFRealVectorSpace0]' with bounds: 
  - min: -10 -10 
  - max: 10 10 
  - can propagate backward: no
  - propagation step size: 0.1
  - propagation duration: [1, 20]
Planner KPIECE1 specs:
Multithreaded:                 No
Reports approximate solutions: Yes
Can optimize solutions:        No
Aware of the following parameters: bad_score_factor border_fraction goal_bias good_score_factor max_close_samples
Declared parameters for planner KPIECE1:
bad_score_factor = 0.45
border_fraction = 0.8
goal_bias = 0.05
good_score_factor = 0.9
max_close_samples = 30
Start states:
RealVectorState [1 1]
Goal region, threshold = 10, memory address = 0x921980
Optimization Objective: Path Length @0x9210b0
Optimization Threshold: 0
Average state cost: 0
There are 1 solutions

Properties of benchmarked planners:
Planner SSBT specs:
Multithreaded:                 No
Reports approximate solutions: Yes
Can optimize solutions:        No
Aware of the following parameters: goal_bias pruning_radius selection_radius
Planner mod_RRT specs:
Multithreaded:                 No
Reports approximate solutions: Yes
Can optimize solutions:        No
Aware of the following parameters: goal_bias intermediate_states
|>>>
<<<|
Architecture:                       x86_64
CPU op-mode(s):                     32-bit, 64-bit
Byte Order:                         Little Endian
Address sizes:                      39 bits physical, 48 bits virtual
CPU(s):                             16
On-line CPU(s) list:                0-15
Thread(s) per core:                 2
Core(s) per socket:                 8
Socket(s):                          1
NUMA node(s):                       1
Vendor ID:                          GenuineIntel
CPU family:                         6
Model:                              167
Model name:                         11th Gen Intel(R) Core(TM) i7-11700K @ 3.60GHz
Stepping:                           1
CPU MHz:                            3600.000
CPU max MHz:                        5000.0000
CPU min MHz:                        800.0000
BogoMIPS:                           7200.00
Virtualization:                     VT-x
L1d cache:                          384 KiB
L1i cache:                          256 KiB
L2 cache:                           4 MiB
L3 cache:                           16 MiB
NUMA node0 CPU(s):                  0-15
Vulnerability Gather data sampling: Mitigation; Microcode
Vulnerability Itlb multihit:        Not affected
Vulnerability L1tf:                 Not affected
Vulnerability Mds:                  Not affected
Vulnerability Meltdown:             Not affected
Vulnerability Mmio stale data:      Mitigation; Clear CPU buffers; SMT vulnerable
Vulnerability Retbleed:             Mitigation; Enhanced IBRS
Vulnerability Spec rstack overflow: Not affected
Vulnerability Spec store bypass:    Mitigation; Speculative Store Bypass disabled via prctl and seccomp
Vulnerability Spectre v1:           Mitigation; usercopy/swapgs barriers and __user pointer sanitization
Vulnerability Spectre v2:           Mitigation; Enhanced IBRS, IBPB conditional, RSB filling, PBRSB-eIBRS SW sequence
Vulnerability Srbds:                Not affected
Vulnerability Tsx async abort:      Not affected
Flags:                              fpu vme de pse tsc msr pae mce cx8 apic sep mtrr pge mca cmov pat pse36 clflush dts acpi mmx fxsr sse sse2 ss ht tm pbe syscall nx pdpe1gb rdtscp lm constant_tsc art arch_perfmon pebs bts rep_good nopl xtopology nonstop_tsc cpuid aperfmperf tsc_known_freq pni pclmulqdq dtes64 monitor ds_cpl vmx smx est tm2 ssse3 sdbg fma cx16 xtpr pdcm pcid sse4_1 sse4_2 x2apic movbe popcnt tsc_deadline_timer aes xsave avx f16c rdrand lahf_lm abm 3dnowprefetch cpuid_fault epb invpcid_single ssbd ibrs ibpb stibp ibrs_enhanced tpr_shadow vnmi flexpriority ept vpid ept_ad fsgsbase tsc_adjust bmi1 avx2 smep bmi2 erms invpcid mpx avx512f avx512dq rdseed adx smap avx512ifma clflushopt intel_pt avx512cd sha_ni avx512bw avx512vl xsaveopt xsavec xgetbv1 xsaves dtherm ida arat pln pts hwp hwp_notify hwp_act_window hwp_epp hwp_pkg_req avx512vbmi umip pku ospke avx512_vbmi2 gfni vaes vpclmulqdq avx512_vnni avx512_bitalg avx512_vpopcntdq rdpid fsrm md_clear flush_l1d arch_capabilities
|>>>
10943690756693360 is the random seed
10 seconds per run
1000 MB per run
100 runs per planner
1034.93 seconds spent to collect the data
1 enum type
status|Unknown status|Invalid start|Invalid goal|Unrecognized goal type|Timeout|Approximate solution|Exact solution|Crash|Unknown status
2 planners
control_SSBT
11 common properties
goal_bias = 0.05
longest_valid_segment_fraction = 0.01
max_control_duration = 20
min_control_duration = 1
projection.cellsize.0 = 5
projection.cellsize.1 = 5
projection.cellsize_factor = 0
propagation_step_size = 0.1
pruning_radius = 1
selection_radius = 5
valid_segment_count_factor = 1
15 properties for each run
approximate solution BOOLEAN
best cost REAL
correct solution BOOLEAN
graph motions INTEGER
graph states INTEGER
memory REAL
solution clearance REAL
solution difference REAL
solution length REAL
solution path length REAL
solution segments INTEGER
solved BOOLEAN
status ENUM
time REAL
valid segment fraction REAL
100 runs
0; 356.659533; 1; 15332; 15334; 40.5898; 0; 0; 15.3; 156.371; 15; 1; 6; 10.0592; 0; 
0; 392.971685; 1; 16569; 16571; 40.6328; 0; 0; 17; 166.763; 17; 1; 6; 10.0174; 0; 
0; 354.177905; 1; 17119; 17121; 41.6562; 0; 0; 15.3; 149.919; 15; 1; 6; 10.0591; 0; 
0; 389.165423; 1; 15407; 15409; 40.9023; 0; 0; 16.9; 158.688; 16; 1; 6; 10.1024; 0; 
0; 371.443935; 1; 17018; 17020; 41.6719; 0; 0; 16.1; 154.155; 16; 1; 6; 10.0548; 0; 
0; 406.932793; 1; 16266; 16268; 41.8945; 0; 0; 18; 153.464; 17; 1; 6; 10.017; 0; 
0; 376.645805; 1; 15823; 15825; 43.6953; 0; 0; 16.5; 151.648; 14; 1; 6; 10.0798; 0; 
0; 497.710867; 1; 15855; 15857; 44.7188; 0; 0; 22.3; 180.173; 20; 1; 6; 10.0425; 0; 
0; 363.472343; 1; 16430; 16432; 45.75; 0; 0; 15.9; 145.194; 15; 1; 6; 10.0434; 0; 
0; 377.795230; 1; 16955; 16957; 45.6953; 0; 0; 16.4; 158.639; 15; 1; 6; 10.0421; 0; 
0; 392.761178; 1; 15563; 15565; 46.168; 0; 0; 17.3; 151.629; 14; 1; 6; 10.0057; 0; 
0; 551.975606; 1; 14184; 14186; 48.7422; 0; 0; 24.8; 196.238; 28; 1; 6; 10.0927; 0; 
0; 430.932471; 1; 15757; 15759; 48.7422; 0; 0; 19.1; 166.346; 17; 1; 6; 10.084; 0; 
0; 399.620016; 1; 15648; 15650; 50.0312; 0; 0; 17.5; 156.498; 13; 1; 6; 10.0016; 0; 
0; 522.961599; 1; 14581; 14583; 51.3203; 0; 0; 26.9; 202.05; 25; 1; 6; 10.0954; 0; 
0; 364.811375; 1; 15308; 15310; 51.8359; 0; 0; 15.7; 155.404; 14; 1; 6; 10.0037; 0; 
0; 369.512166; 1; 15857; 15859; 52.8672; 0; 0; 16; 155.869; 14; 1; 6; 10.0154; 0; 
0; 398.260850; 1; 16197; 16199; 54.1484; 0; 0; 17.6; 152.368; 18; 1; 6; 10.0854; 0; 
0; 354.398566; 1; 15866; 15868; 55.6953; 0; 0; 15.3; 150.611; 13; 1; 6; 10.0223; 0; 
0; 376.711909; 1; 15418; 15420; 56.2109; 0; 0; 16.4; 154.695; 15; 1; 6; 10.1043; 0; 
0; 363.198612; 1; 15750; 15752; 56.9805; 0; 0; 15.6; 158.502; 18; 1; 6; 10.1016; 0; 
0; 511.137585; 1; 14238; 14240; 59.043; 0; 0; 24.4; 192.626; 23; 1; 6; 10.0897; 0; 
0; 387.603911; 1; 15620; 15622; 59.043; 0; 0; 16.9; 157.059; 18; 1; 6; 10.0864; 0; 
0; 486.333490; 1; 14761; 14763; 59.8164; 0; 0; 21.5; 186.877; 23; 1; 6; 10.1041; 0; 
0; 359.303715; 1; 15725; 15727; 60.332; 0; 0; 15.5; 150.564; 14; 1; 6; 10.1048; 0; 
0; 406.483180; 1; 14820; 14822; 61.6211; 0; 0; 18; 155.646; 17; 1; 6; 10.0881; 0; 
0; 386.630328; 1; 15098; 15100; 63.4258; 0; 0; 16.8; 159.763; 16; 1; 6; 10.0061; 0; 
0; 354.667780; 1; 15397; 15399; 63.6836; 0; 0; 15.3; 150.575; 16; 1; 6; 10.1021; 0; 
0; 404.735382; 1; 16542; 16544; 64.457; 0; 0; 19.3; 166.629; 22; 1; 6; 10.0993; 0; 
0; 411.576772; 1; 14689; 14691; 66.7773; 0; 0; 18.1; 162.465; 20; 1; 6; 10.1021; 0; 
0; 349.368448; 1; 15032; 15034; 66.7773; 0; 0; 15; 152.182; 15; 1; 6; 10.0142; 0; 
0; 451.914364; 1; 14504; 14506; 67.5508; 0; 0; 20.2; 163.695; 16; 1; 6; 10.0023; 0; 
0; 424.545493; 1; 15523; 15525; 67.8086; 0; 0; 18.8; 160.662; 17; 1; 6; 10.0019; 0; 
0; 376.692100; 1; 15610; 15612; 69.6133; 0; 0; 16.3; 158.92; 15; 1; 6; 10.0724; 0; 
0; 379.581975; 1; 15955; 15957; 70.9023; 0; 0; 16.7; 147.025; 16; 1; 6; 10.0096; 0; 
0; 352.577012; 1; 16143; 16145; 71.9336; 0; 0; 15.4; 141.651; 17; 1; 6; 10.0136; 0; 
0; 405.820390; 1; 16509; 16511; 73.9844; 0; 0; 17.8; 162.79; 17; 1; 6; 10.0197; 0; 
0; 361.099187; 1; 15772; 15774; 72.9844; 0; 0; 15.7; 149.22; 15; 1; 6; 10.0367; 0; 
0; 396.683062; 1; 15661; 15663; 74.5273; 0; 0; 17.4; 157.867; 16; 1; 6; 10.0439; 0; 
0; 405.717285; 1; 15911; 15913; 75.3008; 0; 0; 17.9; 156.351; 13; 1; 6; 10.0289; 0; 
0; 360.402557; 1; 16214; 16216; 76.5898; 0; 0; 15.5; 155.643; 16; 1; 6; 10.0092; 0; 
0; 380.672172; 1; 15368; 15370; 78.6523; 0; 0; 16.6; 154.7; 17; 1; 6; 10.0356; 0; 
0; 376.164066; 1; 16788; 16790; 78.6523; 0; 0; 16.4; 154.006; 15; 1; 6; 10.0978; 0; 
0; 354.648756; 1; 16217; 16219; 80.7148; 0; 0; 15.3; 152.564; 11; 1; 6; 10.0924; 0; 
0; 418.726116; 1; 16254; 16256; 80.9727; 0; 0; 18.5; 162.102; 19; 1; 6; 10.0401; 0; 
0; 523.866581; 1; 15589; 15591; 81.7461; 0; 0; 24.9; 180.142; 27; 1; 6; 10.0729; 0; 
0; 420.914736; 1; 15856; 15858; 83.5508; 0; 0; 18.6; 160.136; 14; 1; 6; 10.0626; 0; 
0; 349.695312; 1; 16803; 16805; 83.8086; 0; 0; 15.2; 144.14; 12; 1; 6; 10.0654; 0; 
0; 341.933468; 1; 16768; 16770; 83.7344; 0; 0; 14.5; 156.136; 12; 1; 6; 10.0588; 0; 
0; 376.995052; 1; 16540; 16542; 86.5664; 0; 0; 16.5; 150.813; 16; 1; 6; 10.0746; 0; 
0; 391.346784; 1; 16155; 16157; 85.875; 0; 0; 17.1; 159.767; 16; 1; 6; 10.021; 0; 
0; 404.255956; 1; 15091; 15093; 86.9023; 0; 0; 17.9; 149.912; 17; 1; 6; 10.0475; 0; 
0; 334.937018; 1; 15589; 15591; 87.1602; 0; 0; 14.3; 148.506; 13; 1; 6; 10.0444; 0; 
0; 358.840548; 1; 16016; 16018; 88.1914; 0; 0; 15.5; 152.016; 18; 1; 6; 10.0746; 0; 
0; 411.966217; 1; 15592; 15594; 89.4805; 0; 0; 18.1; 158.963; 16; 1; 6; 10.0348; 0; 
0; 364.421175; 1; 15845; 15847; 90.5117; 0; 0; 15.7; 157.528; 15; 1; 6; 10.0413; 0; 
0; 362.846055; 1; 16309; 16311; 91.8008; 0; 0; 15.7; 153.056; 12; 1; 6; 10.0127; 0; 
0; 407.209909; 1; 14955; 14957; 92.832; 0; 0; 18; 155.166; 19; 1; 6; 10.0564; 0; 
0; 360.759791; 1; 15718; 15720; 93.8633; 0; 0; 15.7; 148.471; 15; 1; 6; 10.0136; 0; 
0; 458.823476; 1; 15638; 15640; 94.1172; 0; 0; 20.5; 167.014; 23; 1; 6; 10.0748; 0; 
0; 361.598916; 1; 16834; 16836; 95.9219; 0; 0; 15.6; 154.331; 17; 1; 6; 10.0813; 0; 
0; 362.943206; 1; 16626; 16628; 97.1094; 0; 0; 15.7; 151.685; 17; 1; 6; 10.0527; 0; 
0; 364.024134; 1; 16009; 16011; 97.4766; 0; 0; 15.8; 151.006; 14; 1; 6; 10.0077; 0; 
0; 398.010158; 1; 16261; 16263; 99.2773; 0; 0; 17.5; 155.689; 14; 1; 6; 10.0575; 0; 
0; 428.577680; 1; 15311; 15313; 100.051; 0; 0; 18.9; 169.444; 19; 1; 6; 10.0594; 0; 
0; 411.920286; 1; 16486; 16488; 101.082; 0; 0; 18.1; 157.662; 14; 1; 6; 10.0553; 0; 
0; 382.144461; 1; 16406; 16408; 102.887; 0; 0; 16.5; 162.245; 17; 1; 6; 10.0236; 0; 
0; 531.075231; 1; 15667; 15669; 102.938; 0; 0; 23.7; 200.626; 27; 1; 6; 10.0339; 0; 
0; 349.192298; 1; 16310; 16312; 103.965; 0; 0; 15.1; 145.736; 16; 1; 6; 10.0551; 0; 
0; 364.561703; 1; 16398; 16400; 104.996; 0; 0; 15.7; 156.297; 14; 1; 6; 10.0128; 0; 
0; 407.890593; 1; 15872; 15874; 105.961; 0; 0; 18; 157.384; 17; 1; 6; 10.0756; 0; 
0; 401.446330; 1; 16513; 16515; 106.73; 0; 0; 17.7; 156.509; 17; 1; 6; 10.098; 0; 
0; 396.413324; 1; 15925; 15927; 107.961; 0; 0; 17.4; 157.965; 15; 1; 6; 10.0725; 0; 
0; 390.372695; 1; 16490; 16492; 108.73; 0; 0; 17; 161.246; 17; 1; 6; 10.071; 0; 
0; 405.267501; 1; 16945; 16947; 108.957; 0; 0; 17.9; 154.861; 15; 1; 6; 10.0808; 0; 
0; 393.874067; 1; 16560; 16562; 109.902; 0; 0; 17.1; 162.897; 14; 1; 6; 10.0768; 0; 
0; 353.755764; 1; 16251; 16253; 110.094; 0; 0; 15.2; 153.107; 16; 1; 6; 10.1022; 0; 
0; 390.881929; 1; 16075; 16077; 112.668; 0; 0; 17.2; 152.618; 15; 1; 6; 10.0519; 0; 
0; 394.682214; 1; 15805; 15807; 113.699; 0; 0; 17.3; 158.982; 13; 1; 6; 10.0335; 0; 
0; 357.239850; 1; 15954; 15956; 114.473; 0; 0; 15.4; 152.505; 13; 1; 6; 10.0553; 0; 
0; 343.293033; 1; 16169; 16171; 115.504; 0; 0; 15.9; 157.193; 14; 1; 6; 10.0514; 0; 
0; 378.323807; 1; 15395; 15397; 116.535; 0; 0; 16.4; 159.224; 14; 1; 6; 10.0455; 0; 
0; 370.649402; 1; 16544; 16546; 117.051; 0; 0; 16.2; 148.561; 13; 1; 6; 10.0651; 0; 
0; 373.379588; 1; 15834; 15836; 117.566; 0; 0; 16.2; 155.977; 17; 1; 6; 10.0327; 0; 
0; 416.974059; 1; 16333; 16335; 119.109; 0; 0; 18.4; 162.108; 17; 1; 6; 10.1068; 0; 
0; 387.745322; 1; 16469; 16471; 120.141; 0; 0; 17; 155.106; 15; 1; 6; 10.0109; 0; 
0; 376.056819; 1; 15182; 15184; 120.578; 0; 0; 16.3; 156.489; 16; 1; 6; 10.0805; 0; 
0; 371.907384; 1; 15962; 15964; 122.121; 0; 0; 16.3; 148.511; 15; 1; 6; 10.0451; 0; 
0; 383.856613; 1; 16484; 16486; 123.152; 0; 0; 16.8; 151.868; 15; 1; 6; 10.0218; 0; 
0; 364.464781; 1; 16433; 16435; 124.699; 0; 0; 15.7; 156.907; 13; 1; 6; 10.0155; 0; 
0; 403.761522; 1; 16395; 16397; 124.578; 0; 0; 17.7; 158.545; 16; 1; 6; 10.0246; 0; 
0; 397.675149; 1; 16190; 16192; 125.203; 0; 0; 17.6; 148.632; 16; 1; 6; 10.0121; 0; 
0; 353.509672; 1; 16487; 16489; 127.004; 0; 0; 15.4; 143.556; 14; 1; 6; 10.0426; 0; 
0; 354.468064; 1; 15199; 15201; 129.066; 0; 0; 15.2; 153.623; 12; 1; 6; 10.0147; 0; 
0; 345.739576; 1; 16225; 16227; 129.84; 0; 0; 14.9; 147.652; 13; 1; 6; 10.0455; 0; 
0; 400.131064; 1; 15468; 15470; 130.098; 0; 0; 17.5; 162.67; 16; 1; 6; 10.0422; 0; 
0; 485.917083; 1; 15204; 15206; 130.871; 0; 0; 21.7; 175.446; 21; 1; 6; 10.0316; 0; 
0; 387.680649; 1; 15992; 15994; 131.387; 0; 0; 17; 154.209; 17; 1; 6; 10.0614; 0; 
0; 361.174434; 1; 15811; 15813; 132.418; 0; 0; 15.7; 150.135; 13; 1; 6; 10.0225; 0; 
0; 355.399800; 1; 15913; 15915; 133.449; 0; 0; 15.5; 144.442; 13; 1; 6; 10.0591; 0; 
2 progress properties for each run
best cost REAL
time REAL
100 runs
inf,0.05007,;inf,0.100165,;inf,0.150281,;inf,0.200365,;inf,0.250442,;inf,0.300523,;689.165157,0.350635,;679.504549,0.400712,;628.817601,0.450828,;628.817601,0.500919,;628.817601,0.551,;628.817601,0.601083,;628.817601,0.651205,;628.817601,0.70131,;612.700654,0.751383,;593.005865,0.80148,;587.356212,0.85159,;587.356212,0.901668,;587.356212,0.951711,;587.356212,1.00182,;587.356212,1.0519,;587.356212,1.10197,;587.356212,1.15206,;587.356212,1.20213,;587.356212,1.2522,;587.356212,1.30231,;587.356212,1.3524,;579.015134,1.40251,;579.015134,1.45258,;579.015134,1.50269,;579.015134,1.5528,;579.015134,1.60291,;579.015134,1.65302,;579.015134,1.70311,;576.352756,1.75322,;576.352756,1.80333,;576.352756,1.85345,;576.352756,1.90356,;576.352756,1.95364,;576.352756,2.00371,;576.352756,2.0538,;576.352756,2.10388,;564.055294,2.15395,;564.055294,2.20402,;564.055294,2.25411,;564.055294,2.30419,;564.055294,2.35427,;564.055294,2.40435,;564.055294,2.45446,;564.055294,2.50456,;564.055294,2.55468,;564.055294,2.60477,;564.055294,2.65486,;564.055294,2.70495,;564.055294,2.75507,;564.055294,2.80514,;564.055294,2.85526,;564.055294,2.90537,;564.055294,2.95549,;564.055294,3.0056,;564.055294,3.05568,;564.055294,3.1058,;564.055294,3.15587,;564.055294,3.20594,;564.055294,3.25602,;564.055294,3.30614,;564.055294,3.35623,;564.055294,3.40634,;564.055294,3.45643,;564.055294,3.50655,;564.055294,3.55667,;562.228638,3.60675,;560.511830,3.65684,;560.511830,3.70692,;560.511830,3.75705,;560.511830,3.80713,;560.511830,3.85722,;560.511830,3.90731,;560.511830,3.95739,;560.511830,4.00751,;560.511830,4.05764,;560.511830,4.10771,;445.498400,4.15779,;445.498400,4.20787,;445.498400,4.25796,;445.498400,4.30805,;445.498400,4.35814,;445.498400,4.40822,;445.498400,4.45829,;399.187094,4.50838,;399.187094,4.55846,;399.187094,4.60856,;399.187094,4.65871,;399.187094,4.70879,;399.187094,4.75892,;399.187094,4.809,;399.187094,4.8591,;399.187094,4.90921,;399.187094,4.95932,;399.187094,5.00945,;399.187094,5.05957,;399.187094,5.10967,;399.187094,5.15972,;399.187094,5.20983,;399.187094,5.2599,;399.187094,5.31002,;399.187094,5.36009,;399.187094,5.4102,;399.187094,5.46029,;399.187094,5.51038,;399.187094,5.56046,;399.187094,5.61054,;399.187094,5.66061,;399.187094,5.71071,;399.187094,5.7608,;399.187094,5.81089,;399.187094,5.86097,;399.187094,5.91108,;399.187094,5.96116,;399.187094,6.01128,;399.187094,6.0614,;399.187094,6.11152,;399.187094,6.16159,;399.187094,6.21168,;399.187094,6.26177,;399.187094,6.31186,;399.187094,6.36199,;399.187094,6.41208,;399.187094,6.46221,;399.187094,6.51235,;399.187094,6.56245,;399.187094,6.61254,;399.187094,6.66266,;399.187094,6.71277,;399.187094,6.76288,;399.187094,6.81301,;399.187094,6.86314,;399.187094,6.91325,;399.187094,6.96338,;399.187094,7.01346,;399.187094,7.06354,;399.187094,7.11361,;399.187094,7.16365,;399.187094,7.21374,;399.187094,7.26382,;399.187094,7.31394,;399.187094,7.36403,;399.187094,7.41414,;399.187094,7.46423,;399.187094,7.51432,;399.187094,7.56445,;399.187094,7.61454,;392.750545,7.66463,;392.750545,7.71472,;392.750545,7.76481,;392.750545,7.81488,;392.750545,7.86496,;392.750545,7.91507,;392.750545,7.96515,;392.750545,8.01525,;392.750545,8.06536,;392.750545,8.11545,;392.750545,8.16556,;392.750545,8.21568,;392.750545,8.26578,;392.750545,8.31586,;392.750545,8.36595,;392.750545,8.41603,;392.750545,8.46613,;392.750545,8.51622,;392.750545,8.56635,;392.750545,8.61644,;392.750545,8.66658,;392.750545,8.71667,;392.750545,8.76678,;392.750545,8.81688,;392.750545,8.867,;356.996592,8.91709,;356.996592,8.96719,;356.996592,9.0173,;356.996592,9.06742,;356.996592,9.11758,;356.996592,9.1677,;356.996592,9.21782,;356.996592,9.26789,;356.996592,9.31797,;356.996592,9.36807,;356.996592,9.41815,;356.659533,9.46824,;356.659533,9.51833,;356.659533,9.56844,;356.659533,9.61852,;356.659533,9.66861,;356.659533,9.71868,;356.659533,9.76877,;356.659533,9.81886,;356.659533,9.86896,;356.659533,9.91908,;356.659533,9.96918,;356.659533,10.0193,;
inf,0.0500729,;inf,0.100235,;662.688183,0.150322,;662.688183,0.200412,;613.953411,0.250491,;613.953411,0.300566,;613.953411,0.350653,;570.652378,0.400746,;570.652378,0.450865,;570.652378,0.50094,;570.652378,0.551019,;570.652378,0.601154,;570.652378,0.651229,;559.164650,0.701344,;559.164650,0.75143,;559.164650,0.801545,;559.164650,0.85163,;559.164650,0.901746,;559.164650,0.951831,;559.164650,1.00195,;559.164650,1.05203,;559.164650,1.10211,;559.164650,1.15218,;559.164650,1.20226,;559.164650,1.25233,;559.164650,1.30244,;559.164650,1.35255,;559.164650,1.40263,;559.164650,1.45272,;559.164650,1.50284,;559.164650,1.55295,;559.164650,1.60307,;559.164650,1.65317,;559.164650,1.70324,;559.164650,1.75332,;559.164650,1.8034,;559.164650,1.85347,;559.164650,1.90355,;559.164650,1.95363,;559.164650,2.0037,;559.164650,2.05379,;559.164650,2.10388,;559.164650,2.15395,;559.164650,2.20403,;559.164650,2.25412,;559.164650,2.30421,;559.164650,2.3543,;559.164650,2.40445,;559.164650,2.45457,;559.164650,2.50466,;559.164650,2.55477,;559.164650,2.6049,;559.164650,2.65498,;457.927932,2.70505,;457.927932,2.75512,;457.927932,2.80519,;457.927932,2.85527,;457.927932,2.90534,;457.927932,2.95542,;457.927932,3.0055,;457.927932,3.05558,;457.927932,3.10566,;457.927932,3.15573,;457.927932,3.2058,;457.927932,3.25588,;457.927932,3.30598,;457.927932,3.35606,;457.927932,3.40613,;454.075443,3.45622,;454.075443,3.5063,;454.075443,3.55642,;454.075443,3.60654,;454.075443,3.65661,;454.075443,3.70669,;454.075443,3.75677,;454.075443,3.80688,;440.878059,3.85697,;440.878059,3.90708,;440.878059,3.95719,;440.878059,4.00726,;440.878059,4.05733,;440.878059,4.10741,;440.878059,4.15749,;440.878059,4.20758,;440.878059,4.2577,;440.878059,4.30779,;440.878059,4.35788,;440.878059,4.40795,;437.228202,4.45803,;437.228202,4.50812,;437.228202,4.55824,;431.621030,4.60832,;431.621030,4.65841,;431.621030,4.70853,;431.621030,4.75864,;431.621030,4.80872,;431.621030,4.85885,;431.621030,4.90896,;431.621030,4.95909,;431.621030,5.0092,;431.621030,5.05928,;431.621030,5.10939,;431.621030,5.15947,;431.621030,5.20959,;431.621030,5.25968,;431.621030,5.30979,;431.621030,5.35988,;431.621030,5.41,;431.621030,5.46008,;431.621030,5.51019,;431.621030,5.56028,;431.621030,5.61039,;431.621030,5.66048,;431.621030,5.71056,;431.621030,5.76064,;425.739716,5.81072,;425.739716,5.86081,;425.739716,5.91089,;425.739716,5.96098,;425.739716,6.01104,;425.739716,6.06114,;425.739716,6.11122,;425.739716,6.16133,;425.739716,6.21142,;425.739716,6.26153,;425.739716,6.31162,;425.739716,6.36172,;425.739716,6.41181,;425.739716,6.46192,;425.739716,6.51202,;425.739716,6.56211,;425.739716,6.61221,;425.739716,6.6623,;425.739716,6.7124,;425.739716,6.7625,;425.739716,6.81261,;425.739716,6.86272,;425.739716,6.91283,;425.739716,6.96295,;425.739716,7.01307,;425.739716,7.06314,;425.739716,7.11325,;425.739716,7.16338,;425.739716,7.21349,;425.739716,7.26356,;425.739716,7.31368,;425.739716,7.36376,;425.739716,7.41388,;425.739716,7.46397,;425.739716,7.51409,;425.739716,7.5642,;425.739716,7.61431,;425.739716,7.66439,;425.739716,7.7145,;425.739716,7.76459,;425.739716,7.81471,;425.739716,7.86484,;425.739716,7.91493,;425.739716,7.96504,;425.739716,8.01511,;425.739716,8.06525,;423.199809,8.11532,;423.199809,8.16541,;423.199809,8.21551,;423.199809,8.26559,;423.199809,8.31568,;423.199809,8.36577,;423.199809,8.41587,;423.199809,8.46598,;423.199809,8.51609,;405.198155,8.56621,;405.198155,8.6163,;405.198155,8.66642,;405.198155,8.71651,;405.198155,8.7666,;405.198155,8.8167,;405.198155,8.86683,;405.198155,8.91695,;405.198155,8.96703,;405.198155,9.01714,;401.252147,9.06728,;401.252147,9.11739,;401.252147,9.16747,;401.252147,9.21757,;401.252147,9.26766,;401.252147,9.31776,;401.252147,9.36786,;401.252147,9.41798,;401.252147,9.46809,;392.971685,9.51822,;392.971685,9.56831,;392.971685,9.61843,;392.971685,9.66852,;392.971685,9.71864,;392.971685,9.76876,;392.971685,9.81888,;392.971685,9.86899,;392.971685,9.91909,;392.971685,9.9692,;
inf,0.0500662,;786.805838,0.100168,;786.805838,0.150253,;786.805838,0.200343,;786.805838,0.250472,;786.805838,0.30055,;786.805838,0.350623,;786.805838,0.400756,;777.831860,0.450829,;777.831860,0.500915,;703.800456,0.55104,;703.800456,0.601155,;703.800456,0.651253,;703.800456,0.701367,;703.800456,0.751461,;703.800456,0.801543,;703.800456,0.851628,;703.800456,0.901744,;703.800456,0.951857,;694.492422,1.00197,;668.024601,1.05207,;668.024601,1.10216,;646.877469,1.15228,;646.877469,1.20239,;646.877469,1.25251,;646.877469,1.30262,;646.877469,1.35274,;646.877469,1.40287,;646.877469,1.45296,;646.877469,1.50309,;646.877469,1.55321,;646.877469,1.6033,;639.729361,1.65343,;633.884606,1.70352,;633.884606,1.75364,;633.884606,1.80377,;633.884606,1.85385,;626.101929,1.90393,;626.101929,1.95402,;626.101929,2.00412,;626.101929,2.05421,;626.101929,2.10431,;626.101929,2.15443,;626.101929,2.20454,;626.101929,2.25463,;626.101929,2.30474,;626.101929,2.35482,;626.101929,2.40493,;626.101929,2.45502,;626.101929,2.50511,;626.101929,2.55523,;626.101929,2.60532,;626.101929,2.65543,;626.101929,2.70554,;517.583418,2.75564,;517.583418,2.80576,;517.583418,2.85587,;517.583418,2.906,;517.583418,2.95611,;517.583418,3.00622,;517.583418,3.0563,;517.583418,3.10641,;517.583418,3.15653,;517.583418,3.20661,;517.583418,3.25669,;517.583418,3.30676,;517.583418,3.35684,;517.583418,3.40692,;517.583418,3.457,;517.583418,3.5071,;517.583418,3.5572,;517.583418,3.60728,;517.583418,3.65738,;517.583418,3.70747,;517.583418,3.75755,;517.583418,3.80763,;517.583418,3.85771,;517.583418,3.9078,;517.583418,3.95789,;517.583418,4.00802,;517.583418,4.05814,;517.583418,4.10823,;517.583418,4.15835,;517.583418,4.20844,;517.583418,4.25854,;517.583418,4.30863,;517.583418,4.35875,;517.583418,4.40884,;517.583418,4.45888,;517.583418,4.509,;517.583418,4.55909,;517.583418,4.60918,;517.583418,4.65928,;517.583418,4.70937,;517.583418,4.75945,;517.583418,4.80952,;517.583418,4.85961,;517.583418,4.9097,;517.583418,4.95982,;517.583418,5.00994,;517.583418,5.06006,;517.583418,5.11018,;517.583418,5.1603,;444.345132,5.21042,;444.345132,5.26052,;444.345132,5.31062,;444.345132,5.36069,;444.345132,5.41081,;444.345132,5.46093,;444.345132,5.51105,;417.049701,5.56113,;417.049701,5.61122,;417.049701,5.66134,;417.049701,5.71144,;417.049701,5.76153,;417.049701,5.81163,;417.049701,5.86175,;393.226408,5.91184,;393.226408,5.96196,;393.226408,6.01206,;393.226408,6.06218,;393.226408,6.11227,;393.226408,6.16238,;393.226408,6.21246,;393.226408,6.26255,;393.226408,6.31265,;393.226408,6.36275,;393.226408,6.41287,;393.226408,6.46295,;393.226408,6.51303,;393.226408,6.56315,;393.226408,6.61326,;379.562609,6.66334,;379.562609,6.71348,;379.562609,6.7636,;379.562609,6.81373,;379.562609,6.86383,;379.562609,6.91395,;379.562609,6.96407,;379.562609,7.01418,;379.562609,7.0643,;379.562609,7.11442,;379.562609,7.16454,;379.562609,7.21466,;379.562609,7.26478,;379.562609,7.31487,;379.562609,7.36499,;379.562609,7.41507,;379.562609,7.46516,;379.562609,7.51526,;379.562609,7.56534,;377.194667,7.61544,;374.249325,7.66553,;374.249325,7.71565,;354.177905,7.76577,;354.177905,7.81586,;354.177905,7.86594,;354.177905,7.91603,;354.177905,7.96612,;354.177905,8.01623,;354.177905,8.06632,;354.177905,8.11642,;354.177905,8.16651,;354.177905,8.21661,;354.177905,8.2667,;354.177905,8.31681,;354.177905,8.36689,;354.177905,8.41702,;354.177905,8.46711,;354.177905,8.51718,;354.177905,8.56727,;354.177905,8.61736,;354.177905,8.66745,;354.177905,8.71755,;354.177905,8.76766,;354.177905,8.81775,;354.177905,8.86783,;354.177905,8.91793,;354.177905,8.96801,;354.177905,9.01808,;354.177905,9.06819,;354.177905,9.11828,;354.177905,9.16836,;354.177905,9.21844,;354.177905,9.26853,;354.177905,9.31861,;354.177905,9.36873,;354.177905,9.4188,;354.177905,9.46891,;354.177905,9.51898,;354.177905,9.56911,;354.177905,9.6192,;354.177905,9.66932,;354.177905,9.7194,;354.177905,9.76949,;354.177905,9.81957,;354.177905,9.86969,;354.177905,9.91978,;354.177905,9.96989,;354.177905,10.02,;
inf,0.0501032,;inf,0.100191,;inf,0.150276,;inf,0.200391,;inf,0.250505,;662.676250,0.300598,;662.676250,0.350674,;662.676250,0.400768,;643.725036,0.450852,;626.070945,0.500947,;626.070945,0.551048,;626.070945,0.601127,;606.479792,0.651201,;606.479792,0.701277,;606.479792,0.751351,;606.479792,0.801424,;606.479792,0.851474,;606.479792,0.901548,;604.590509,0.95163,;592.435286,1.00172,;577.800161,1.05181,;577.800161,1.10189,;577.800161,1.15197,;577.800161,1.20207,;577.800161,1.25215,;577.800161,1.30223,;576.553607,1.35232,;576.553607,1.40241,;559.927129,1.4525,;559.927129,1.50259,;559.927129,1.55268,;559.927129,1.60277,;559.927129,1.65285,;559.927129,1.70297,;559.927129,1.75308,;559.927129,1.80317,;559.927129,1.85328,;559.927129,1.90335,;559.927129,1.95343,;559.927129,2.00351,;559.927129,2.05361,;559.927129,2.1037,;559.927129,2.15382,;559.927129,2.20392,;559.927129,2.25399,;559.927129,2.30411,;559.927129,2.3542,;559.927129,2.40429,;559.927129,2.45438,;557.612214,2.50447,;539.852792,2.55462,;539.403612,2.6047,;539.403612,2.6548,;505.920087,2.70492,;505.920087,2.75502,;505.920087,2.80513,;505.920087,2.85519,;505.920087,2.9053,;486.678307,2.95537,;486.678307,3.00549,;486.678307,3.05557,;486.678307,3.10569,;486.678307,3.15576,;486.678307,3.20587,;486.678307,3.25594,;486.678307,3.30605,;486.678307,3.35614,;486.678307,3.40626,;486.678307,3.45634,;486.678307,3.50647,;486.678307,3.55656,;486.678307,3.60667,;486.678307,3.65676,;486.678307,3.70687,;486.678307,3.75695,;486.678307,3.80706,;486.678307,3.85717,;486.678307,3.90724,;480.325514,3.95735,;480.325514,4.00743,;480.325514,4.05755,;480.325514,4.10764,;480.325514,4.15776,;480.325514,4.20785,;480.325514,4.25796,;480.325514,4.30805,;480.325514,4.35816,;466.842571,4.40825,;466.842571,4.45836,;466.842571,4.50847,;466.842571,4.55858,;466.842571,4.60866,;466.842571,4.65877,;466.842571,4.70884,;466.842571,4.75895,;466.842571,4.80906,;466.842571,4.85918,;466.842571,4.90929,;466.842571,4.95937,;466.842571,5.00947,;466.842571,5.05956,;458.099550,5.10967,;458.099550,5.15976,;458.099550,5.20987,;458.099550,5.25996,;458.099550,5.31008,;457.802804,5.36016,;457.802804,5.41028,;457.802804,5.46037,;457.802804,5.51048,;457.802804,5.56057,;457.802804,5.61069,;457.802804,5.66076,;457.802804,5.71085,;457.802804,5.76097,;457.802804,5.81105,;457.802804,5.86114,;457.802804,5.91126,;457.802804,5.96133,;457.802804,6.01141,;423.014278,6.06152,;423.014278,6.11161,;423.014278,6.16172,;423.014278,6.2118,;423.014278,6.26192,;423.014278,6.312,;423.014278,6.36209,;423.014278,6.41217,;423.014278,6.46226,;401.244039,6.51236,;401.244039,6.56248,;401.244039,6.61259,;401.244039,6.66271,;401.244039,6.71282,;401.244039,6.76293,;401.244039,6.81304,;401.244039,6.86317,;401.244039,6.91328,;401.244039,6.96335,;401.244039,7.01344,;401.244039,7.06353,;401.244039,7.11365,;401.244039,7.16375,;401.244039,7.21386,;401.244039,7.26395,;401.244039,7.31406,;401.244039,7.36414,;401.244039,7.41426,;401.244039,7.46435,;401.244039,7.51448,;401.244039,7.56459,;401.244039,7.6147,;401.244039,7.66481,;401.244039,7.71492,;401.244039,7.76503,;401.244039,7.8151,;401.244039,7.86518,;401.244039,7.91527,;401.244039,7.96538,;401.244039,8.01545,;401.244039,8.06557,;401.244039,8.11566,;401.244039,8.16577,;401.244039,8.21587,;401.244039,8.26599,;401.244039,8.31607,;401.244039,8.36618,;401.244039,8.41625,;401.244039,8.46638,;401.244039,8.51647,;401.244039,8.56656,;395.223580,8.61661,;395.223580,8.6667,;395.223580,8.71677,;395.223580,8.76685,;389.165423,8.81696,;389.165423,8.86704,;389.165423,8.91716,;389.165423,8.96724,;389.165423,9.01735,;389.165423,9.06743,;389.165423,9.11752,;389.165423,9.1676,;389.165423,9.21769,;389.165423,9.26776,;389.165423,9.31784,;389.165423,9.36794,;389.165423,9.41802,;389.165423,9.46812,;389.165423,9.51823,;389.165423,9.56835,;389.165423,9.61843,;389.165423,9.66853,;389.165423,9.71866,;389.165423,9.76875,;389.165423,9.81886,;389.165423,9.86898,;389.165423,9.91913,;389.165423,9.96922,;389.165423,10.0193,;389.165423,10.0694,;
inf,0.050096,;inf,0.100187,;inf,0.150298,;inf,0.200413,;795.539061,0.250558,;795.539061,0.30067,;795.539061,0.350787,;795.539061,0.4009,;780.901452,0.450963,;780.901452,0.501043,;780.901452,0.551121,;780.901452,0.601237,;780.901452,0.65133,;780.901452,0.701456,;780.901452,0.751546,;780.901452,0.801628,;780.901452,0.85171,;720.385188,0.901807,;720.385188,0.951907,;720.385188,1.00202,;720.385188,1.0521,;720.385188,1.10224,;720.385188,1.15236,;720.385188,1.20248,;720.385188,1.25259,;720.385188,1.30266,;720.385188,1.35275,;720.385188,1.40286,;720.385188,1.45295,;720.385188,1.50303,;720.385188,1.55312,;720.385188,1.60321,;720.385188,1.65329,;720.385188,1.70339,;720.385188,1.7535,;720.385188,1.80359,;720.385188,1.85369,;720.385188,1.90385,;720.385188,1.95394,;720.385188,2.00403,;720.385188,2.05416,;720.385188,2.10425,;720.385188,2.15437,;720.385188,2.20446,;720.385188,2.25457,;720.385188,2.30466,;720.385188,2.35478,;720.385188,2.40491,;720.385188,2.45498,;720.385188,2.50506,;720.385188,2.55514,;720.385188,2.60524,;720.385188,2.65533,;720.385188,2.70543,;720.385188,2.75552,;720.385188,2.80561,;720.385188,2.8557,;720.385188,2.90583,;720.385188,2.95592,;720.385188,3.00601,;720.385188,3.05613,;720.385188,3.10625,;720.385188,3.15633,;720.385188,3.20641,;720.385188,3.2565,;720.385188,3.3066,;720.385188,3.35669,;720.385188,3.40678,;720.385188,3.45685,;720.385188,3.50691,;720.385188,3.55704,;720.385188,3.60712,;720.385188,3.65723,;720.385188,3.70733,;720.385188,3.75741,;563.899385,3.80749,;558.645926,3.85761,;558.645926,3.90769,;552.764915,3.95777,;552.764915,4.00786,;535.694488,4.05795,;535.694488,4.10803,;535.694488,4.15816,;535.694488,4.20825,;535.694488,4.25833,;535.694488,4.30841,;535.694488,4.35849,;535.694488,4.40857,;535.694488,4.45866,;535.694488,4.50878,;535.694488,4.55887,;535.694488,4.60897,;535.694488,4.65909,;535.694488,4.70917,;535.694488,4.75925,;535.694488,4.80933,;535.694488,4.8594,;535.694488,4.90949,;535.694488,4.95957,;535.694488,5.00965,;535.694488,5.05974,;535.694488,5.10984,;535.694488,5.15992,;535.694488,5.21,;535.694488,5.26009,;535.694488,5.31021,;535.694488,5.36029,;535.694488,5.41043,;535.694488,5.46052,;534.496954,5.51064,;534.496954,5.56074,;533.315332,5.61085,;533.315332,5.66096,;533.315332,5.71104,;533.315332,5.76112,;533.315332,5.81121,;527.531328,5.86132,;527.531328,5.91141,;527.531328,5.96153,;527.531328,6.01163,;521.799184,6.06172,;521.799184,6.11181,;521.799184,6.1619,;521.799184,6.21201,;521.799184,6.26214,;521.799184,6.31222,;521.799184,6.36234,;521.799184,6.41243,;521.799184,6.46256,;521.799184,6.51264,;521.799184,6.56281,;521.799184,6.6129,;521.799184,6.66303,;521.799184,6.71313,;511.701401,6.76321,;511.701401,6.81334,;511.701401,6.86344,;511.701401,6.91356,;511.701401,6.96366,;511.701401,7.01378,;511.701401,7.06387,;511.701401,7.114,;511.701401,7.16416,;511.701401,7.21424,;511.701401,7.26437,;511.701401,7.31446,;511.701401,7.36455,;511.701401,7.41467,;511.701401,7.46479,;511.701401,7.51487,;511.701401,7.56496,;511.701401,7.61504,;511.701401,7.66516,;511.701401,7.71524,;511.701401,7.76534,;511.701401,7.81543,;498.375968,7.86551,;498.375968,7.9156,;498.375968,7.96569,;498.375968,8.01578,;493.489978,8.06588,;493.489978,8.11598,;493.489978,8.16606,;493.489978,8.21614,;493.489978,8.26626,;493.489978,8.31634,;493.489978,8.36643,;493.489978,8.41651,;493.489978,8.46659,;493.489978,8.5167,;493.489978,8.56679,;408.034758,8.61687,;408.034758,8.66695,;408.034758,8.71709,;408.034758,8.76717,;408.034758,8.81728,;408.034758,8.86737,;408.034758,8.91747,;408.034758,8.96757,;408.034758,9.01767,;408.034758,9.06777,;408.034758,9.11788,;408.034758,9.16798,;408.034758,9.21809,;408.034758,9.26817,;385.712294,9.31829,;385.712294,9.36843,;385.712294,9.41854,;371.443935,9.46867,;371.443935,9.51877,;371.443935,9.56886,;371.443935,9.61892,;371.443935,9.66904,;371.443935,9.71911,;371.443935,9.7692,;371.443935,9.81929,;371.443935,9.86938,;371.443935,9.91948,;371.443935,9.96956,;371.443935,10.0197,;
inf,0.0500697,;590.296452,0.100193,;590.296452,0.150277,;586.931029,0.200369,;585.882057,0.250457,;580.954698,0.300578,;580.954698,0.350665,;580.954698,0.400783,;580.954698,0.450896,;566.185875,0.500981,;566.185875,0.551077,;566.185875,0.60116,;566.185875,0.651244,;566.185875,0.701331,;566.185875,0.751445,;566.185875,0.80152,;566.185875,0.85163,;566.185875,0.901723,;566.185875,0.951844,;566.185875,1.00194,;566.185875,1.05203,;566.185875,1.10213,;566.185875,1.15221,;566.185875,1.20228,;566.185875,1.25236,;566.185875,1.30244,;566.185875,1.35255,;566.185875,1.40264,;566.185875,1.45272,;566.185875,1.50282,;566.185875,1.5529,;518.816952,1.60298,;518.816952,1.65305,;515.824403,1.70317,;515.824403,1.75325,;515.824403,1.80337,;515.824403,1.85344,;515.824403,1.90354,;515.824403,1.95363,;515.824403,2.00371,;515.824403,2.0538,;515.824403,2.10392,;515.824403,2.15401,;515.824403,2.20413,;515.824403,2.25422,;515.824403,2.30431,;515.824403,2.3544,;515.824403,2.40451,;515.824403,2.4546,;515.824403,2.50468,;515.824403,2.55478,;509.645101,2.6049,;509.645101,2.65502,;509.645101,2.70511,;500.729871,2.75521,;500.729871,2.80531,;500.729871,2.8554,;500.729871,2.90549,;500.729871,2.95558,;500.729871,3.0057,;500.729871,3.05581,;500.729871,3.10589,;500.729871,3.15598,;500.729871,3.20606,;500.729871,3.25614,;500.729871,3.30623,;500.729871,3.35634,;500.729871,3.40642,;500.729871,3.45653,;500.729871,3.50662,;500.729871,3.55671,;487.982479,3.60683,;487.982479,3.65695,;487.982479,3.70706,;487.982479,3.75718,;487.982479,3.80729,;487.982479,3.85737,;487.982479,3.90748,;487.982479,3.95758,;487.982479,4.0077,;487.982479,4.0578,;487.982479,4.10792,;487.982479,4.15803,;487.982479,4.20814,;487.982479,4.25824,;487.982479,4.30836,;487.982479,4.35845,;487.982479,4.40857,;487.982479,4.45869,;487.982479,4.50882,;487.982479,4.5589,;487.982479,4.60903,;487.982479,4.65911,;487.982479,4.70923,;487.982479,4.75932,;487.982479,4.8094,;487.982479,4.85956,;487.982479,4.90968,;487.982479,4.95977,;487.982479,5.00985,;487.982479,5.05996,;487.982479,5.11005,;487.982479,5.16015,;487.982479,5.21022,;473.149267,5.26034,;473.149267,5.31043,;473.149267,5.36052,;473.149267,5.4106,;473.149267,5.46072,;473.149267,5.51081,;464.371980,5.5609,;464.371980,5.61099,;464.371980,5.66109,;464.371980,5.7112,;464.371980,5.7613,;464.371980,5.81142,;464.371980,5.8615,;464.371980,5.91162,;435.653258,5.9617,;435.653258,6.0118,;435.653258,6.06191,;435.653258,6.11203,;435.653258,6.16212,;435.653258,6.2122,;435.653258,6.2623,;435.653258,6.31242,;435.653258,6.36251,;435.653258,6.41263,;435.653258,6.46271,;435.653258,6.51283,;431.822678,6.56291,;431.822678,6.61301,;431.822678,6.66313,;431.822678,6.71325,;431.822678,6.76332,;431.822678,6.8134,;431.822678,6.86352,;431.822678,6.91361,;431.822678,6.96373,;431.822678,7.01386,;431.822678,7.06396,;431.822678,7.11404,;431.822678,7.16415,;431.822678,7.21423,;431.822678,7.26434,;431.822678,7.31444,;431.822678,7.36456,;431.822678,7.41465,;431.822678,7.46474,;431.822678,7.51482,;431.822678,7.56494,;431.822678,7.61503,;431.822678,7.66512,;431.822678,7.71525,;431.822678,7.7653,;431.822678,7.81541,;431.822678,7.86549,;431.822678,7.91557,;431.822678,7.96569,;431.822678,8.01578,;431.822678,8.06588,;431.822678,8.11597,;431.822678,8.16605,;431.822678,8.21616,;431.822678,8.26625,;431.822678,8.31634,;431.822678,8.36645,;431.822678,8.41653,;431.822678,8.46663,;431.822678,8.51675,;431.822678,8.56685,;431.822678,8.61697,;431.822678,8.66709,;431.822678,8.7172,;431.822678,8.76733,;431.822678,8.81741,;431.822678,8.86753,;431.822678,8.91778,;431.822678,8.96786,;431.822678,9.01794,;431.822678,9.06802,;431.156962,9.11811,;431.156962,9.1682,;431.156962,9.21829,;431.156962,9.26836,;406.932793,9.31845,;406.932793,9.36853,;406.932793,9.41861,;406.932793,9.4687,;406.932793,9.51881,;406.932793,9.5689,;406.932793,9.61898,;406.932793,9.66908,;406.932793,9.71916,;406.932793,9.76926,;406.932793,9.81934,;406.932793,9.86941,;406.932793,9.91953,;406.932793,9.96962,;
inf,0.0500566,;inf,0.100165,;inf,0.150256,;inf,0.200365,;inf,0.250438,;inf,0.300548,;600.840579,0.350658,;600.840579,0.400778,;600.840579,0.450868,;570.971008,0.500979,;557.221067,0.551089,;555.817226,0.601176,;555.817226,0.651293,;549.957099,0.701401,;549.957099,0.751509,;549.957099,0.801581,;549.957099,0.851723,;549.957099,0.90184,;549.957099,0.951951,;549.957099,1.00205,;549.957099,1.05213,;549.957099,1.10221,;549.957099,1.15235,;549.957099,1.20247,;549.957099,1.25258,;549.957099,1.30267,;549.957099,1.35278,;549.957099,1.40289,;549.957099,1.453,;549.957099,1.50311,;549.957099,1.55322,;549.957099,1.60333,;549.957099,1.65344,;549.957099,1.70356,;535.338412,1.75363,;535.338412,1.80371,;535.338412,1.85379,;535.338412,1.90392,;535.338412,1.95401,;535.338412,2.00409,;535.338412,2.05419,;535.338412,2.10431,;535.338412,2.15439,;530.869866,2.20448,;530.869866,2.25456,;530.869866,2.30468,;530.869866,2.35475,;530.869866,2.40484,;530.869866,2.45493,;530.869866,2.50502,;530.869866,2.55511,;530.869866,2.60523,;530.869866,2.65534,;530.869866,2.70545,;513.198608,2.75554,;513.198608,2.80562,;513.198608,2.85571,;513.198608,2.90581,;513.198608,2.95588,;467.215934,3.00597,;467.215934,3.05609,;467.215934,3.10616,;467.215934,3.15627,;467.215934,3.20638,;467.215934,3.25649,;467.215934,3.30658,;467.215934,3.35669,;439.267728,3.40681,;439.267728,3.45689,;439.267728,3.50697,;439.267728,3.55706,;439.267728,3.60716,;439.267728,3.65723,;439.267728,3.70731,;439.267728,3.7574,;439.267728,3.80748,;439.267728,3.85756,;439.267728,3.90763,;439.267728,3.95773,;439.267728,4.00781,;439.267728,4.0579,;439.267728,4.108,;439.267728,4.15808,;439.267728,4.20816,;439.267728,4.25825,;439.267728,4.30833,;433.191744,4.35842,;433.191744,4.40849,;424.206753,4.45858,;424.206753,4.5087,;424.206753,4.55878,;424.206753,4.60891,;424.206753,4.65899,;424.206753,4.70907,;420.013359,4.75919,;420.013359,4.80928,;420.013359,4.85935,;420.013359,4.90947,;420.013359,4.95959,;420.013359,5.00967,;420.013359,5.05979,;420.013359,5.10989,;420.013359,5.15998,;420.013359,5.21007,;420.013359,5.26014,;420.013359,5.31026,;420.013359,5.36033,;420.013359,5.41044,;410.761021,5.46056,;410.761021,5.51065,;410.761021,5.56076,;410.761021,5.61088,;410.761021,5.66099,;410.761021,5.71109,;410.761021,5.7612,;410.761021,5.81131,;410.761021,5.86143,;410.761021,5.91154,;410.761021,5.96161,;410.761021,6.01172,;410.761021,6.06181,;376.645805,6.11189,;376.645805,6.16199,;376.645805,6.21209,;376.645805,6.26217,;376.645805,6.31229,;376.645805,6.36238,;376.645805,6.41249,;376.645805,6.46258,;376.645805,6.5127,;376.645805,6.56282,;376.645805,6.61291,;376.645805,6.663,;376.645805,6.71312,;376.645805,6.7632,;376.645805,6.81331,;376.645805,6.86342,;376.645805,6.91349,;376.645805,6.96357,;376.645805,7.01365,;376.645805,7.06373,;376.645805,7.11381,;376.645805,7.1639,;376.645805,7.21403,;376.645805,7.2641,;376.645805,7.31419,;376.645805,7.36426,;376.645805,7.41438,;376.645805,7.46451,;376.645805,7.51462,;376.645805,7.56473,;376.645805,7.61484,;376.645805,7.66495,;376.645805,7.71506,;376.645805,7.76518,;376.645805,7.81529,;376.645805,7.86541,;376.645805,7.91553,;376.645805,7.9656,;376.645805,8.01572,;376.645805,8.06581,;376.645805,8.11592,;376.645805,8.16599,;376.645805,8.21608,;376.645805,8.26619,;376.645805,8.3163,;376.645805,8.36639,;376.645805,8.4165,;376.645805,8.46662,;376.645805,8.5167,;376.645805,8.56679,;376.645805,8.61688,;376.645805,8.66699,;376.645805,8.7171,;376.645805,8.76721,;376.645805,8.81733,;376.645805,8.86744,;376.645805,8.91749,;376.645805,8.96757,;376.645805,9.01765,;376.645805,9.06776,;376.645805,9.11784,;376.645805,9.16796,;376.645805,9.21804,;376.645805,9.26813,;376.645805,9.31821,;376.645805,9.3683,;376.645805,9.41839,;376.645805,9.46847,;376.645805,9.51855,;376.645805,9.56865,;376.645805,9.61874,;376.645805,9.66882,;376.645805,9.7189,;376.645805,9.76897,;376.645805,9.81905,;376.645805,9.86914,;376.645805,9.91922,;376.645805,9.9693,;376.645805,10.0194,;376.645805,10.0694,;
inf,0.0500964,;inf,0.100207,;inf,0.150315,;642.780262,0.200399,;642.780262,0.250513,;606.103466,0.300605,;606.103466,0.350713,;606.103466,0.400795,;606.103466,0.450887,;583.209741,0.500964,;583.209741,0.551053,;583.209741,0.601138,;583.209741,0.651226,;583.209741,0.701318,;583.209741,0.751396,;583.209741,0.801465,;576.951048,0.851592,;576.951048,0.901678,;576.951048,0.951802,;576.951048,1.00191,;576.951048,1.05201,;576.951048,1.10213,;576.951048,1.1522,;576.951048,1.20231,;576.951048,1.2524,;576.951048,1.30252,;576.951048,1.35261,;576.951048,1.40271,;576.951048,1.4528,;576.951048,1.50291,;565.027124,1.55298,;565.027124,1.60309,;565.027124,1.65318,;565.027124,1.70329,;565.027124,1.7534,;565.027124,1.80352,;565.027124,1.85363,;565.027124,1.90374,;538.812261,1.95382,;538.812261,2.00393,;538.812261,2.05405,;538.812261,2.10412,;538.812261,2.15423,;538.812261,2.20432,;538.812261,2.25443,;538.812261,2.30452,;538.812261,2.35463,;538.812261,2.40472,;538.812261,2.45483,;538.812261,2.50495,;538.812261,2.55506,;538.812261,2.60517,;538.812261,2.65528,;538.812261,2.70537,;538.812261,2.75548,;538.812261,2.80559,;538.812261,2.8557,;538.812261,2.90581,;538.812261,2.95589,;538.812261,3.00601,;538.812261,3.05608,;538.812261,3.10616,;538.812261,3.15623,;538.812261,3.20634,;538.812261,3.25643,;538.812261,3.30656,;538.812261,3.35665,;538.812261,3.40675,;538.812261,3.45685,;538.812261,3.50696,;538.812261,3.55704,;538.812261,3.60716,;538.812261,3.65723,;538.812261,3.70734,;538.812261,3.75741,;538.812261,3.80752,;538.812261,3.85763,;538.762186,3.90774,;538.762186,3.95785,;538.762186,4.00799,;536.986126,4.05807,;536.986126,4.10816,;536.986126,4.15824,;536.986126,4.20834,;536.986126,4.25846,;536.986126,4.30857,;536.986126,4.35869,;536.986126,4.4088,;536.986126,4.45891,;536.986126,4.50902,;536.986126,4.55913,;536.986126,4.60922,;536.986126,4.65931,;536.986126,4.70942,;529.584082,4.75954,;529.584082,4.80962,;529.584082,4.85974,;529.584082,4.90985,;529.584082,4.95993,;529.584082,5.01002,;521.574772,5.0601,;521.574772,5.11022,;521.574772,5.16029,;521.574772,5.2104,;521.574772,5.26049,;521.574772,5.3106,;521.574772,5.36069,;521.574772,5.4108,;521.574772,5.46089,;521.574772,5.51097,;521.574772,5.56104,;521.574772,5.61115,;521.574772,5.66123,;521.574772,5.71133,;521.574772,5.76144,;521.574772,5.81155,;521.574772,5.86166,;521.574772,5.91177,;521.574772,5.96185,;521.574772,6.01194,;521.574772,6.06204,;521.574772,6.11212,;521.574772,6.16221,;504.950166,6.21228,;504.950166,6.26236,;504.950166,6.31245,;504.950166,6.36256,;504.950166,6.41263,;504.950166,6.46274,;504.950166,6.51283,;504.950166,6.56291,;504.950166,6.61304,;504.950166,6.66315,;504.950166,6.71324,;504.950166,6.76336,;504.950166,6.81346,;504.950166,6.86354,;504.950166,6.91365,;504.950166,6.96373,;504.950166,7.01385,;504.950166,7.06392,;504.950166,7.114,;504.950166,7.16407,;504.950166,7.21416,;504.950166,7.26423,;504.950166,7.31432,;504.950166,7.36441,;504.950166,7.41453,;504.950166,7.46461,;504.950166,7.51472,;499.168435,7.56481,;499.168435,7.61494,;499.168435,7.66502,;499.168435,7.7151,;499.168435,7.7652,;499.168435,7.81531,;499.168435,7.86543,;499.168435,7.91551,;499.168435,7.96559,;499.168435,8.01567,;499.168435,8.0658,;499.168435,8.11588,;499.168435,8.16595,;499.168435,8.21603,;499.168435,8.26612,;499.168435,8.31623,;499.168435,8.36632,;499.168435,8.41642,;499.168435,8.4665,;499.168435,8.5166,;499.168435,8.56667,;499.168435,8.61675,;499.168435,8.66686,;499.168435,8.71695,;499.168435,8.76706,;499.168435,8.81719,;499.168435,8.8673,;499.168435,8.91741,;499.168435,8.96752,;499.168435,9.01761,;499.168435,9.0677,;499.168435,9.11781,;499.168435,9.16792,;499.168435,9.21803,;499.168435,9.2681,;499.168435,9.31822,;499.168435,9.3683,;499.168435,9.41842,;497.710867,9.4685,;497.710867,9.51861,;497.710867,9.56869,;497.710867,9.61881,;497.710867,9.66889,;497.710867,9.71901,;497.710867,9.7691,;497.710867,9.81921,;497.710867,9.86932,;497.710867,9.91943,;497.710867,9.96954,;497.710867,10.0197,;
inf,0.0500922,;682.126479,0.100191,;682.126479,0.150269,;682.126479,0.200346,;682.126479,0.250452,;682.126479,0.30053,;682.126479,0.350626,;682.126479,0.400714,;682.126479,0.45083,;682.126479,0.500906,;682.126479,0.551026,;682.126479,0.601099,;682.126479,0.651217,;620.625958,0.70129,;620.625958,0.751371,;554.037565,0.801458,;554.037565,0.851576,;554.037565,0.901664,;554.037565,0.951788,;554.037565,1.0019,;554.037565,1.05198,;554.037565,1.10206,;522.100531,1.15217,;522.100531,1.20228,;522.100531,1.25236,;522.100531,1.30244,;522.100531,1.35254,;522.100531,1.40265,;514.612267,1.45273,;514.612267,1.50285,;514.612267,1.55294,;514.612267,1.60306,;514.612267,1.65317,;514.612267,1.70329,;514.612267,1.75338,;514.612267,1.8035,;514.612267,1.85362,;514.612267,1.90372,;514.612267,1.95385,;514.612267,2.00397,;514.612267,2.05406,;514.612267,2.10418,;514.612267,2.15426,;514.612267,2.20434,;514.612267,2.25442,;514.612267,2.30451,;514.612267,2.35459,;514.612267,2.40466,;514.612267,2.45475,;514.612267,2.50483,;514.612267,2.55496,;514.612267,2.60504,;514.612267,2.65512,;514.612267,2.70519,;514.612267,2.75528,;514.612267,2.80537,;514.612267,2.85546,;514.612267,2.90555,;514.612267,2.95567,;514.612267,3.00575,;514.612267,3.05587,;514.612267,3.10595,;514.612267,3.15602,;514.612267,3.20609,;514.612267,3.25618,;514.612267,3.3063,;514.612267,3.35638,;514.612267,3.40648,;514.612267,3.4566,;514.612267,3.50676,;514.612267,3.55685,;514.612267,3.60698,;514.612267,3.65707,;514.612267,3.70719,;514.612267,3.75728,;514.612267,3.8074,;514.612267,3.85754,;514.612267,3.90766,;514.612267,3.95778,;514.612267,4.00788,;514.612267,4.05799,;514.612267,4.1081,;514.612267,4.15822,;514.612267,4.2083,;514.612267,4.25837,;514.612267,4.30846,;514.612267,4.35858,;514.612267,4.40866,;514.612267,4.45875,;514.612267,4.50884,;514.612267,4.55893,;514.612267,4.60903,;514.612267,4.65912,;514.612267,4.70923,;514.612267,4.75935,;514.612267,4.80947,;514.612267,4.85959,;514.612267,4.90968,;514.612267,4.95979,;514.612267,5.00989,;514.612267,5.05998,;514.612267,5.11011,;514.612267,5.16023,;514.612267,5.21035,;514.612267,5.26042,;512.947171,5.31051,;512.947171,5.36061,;512.947171,5.4107,;512.947171,5.46079,;512.947171,5.51091,;512.947171,5.56099,;512.947171,5.6111,;512.947171,5.66118,;512.947171,5.71127,;512.947171,5.76136,;512.947171,5.81144,;512.947171,5.86151,;415.698907,5.91159,;415.698907,5.96167,;415.698907,6.01175,;415.698907,6.06185,;415.698907,6.11195,;415.698907,6.16204,;415.698907,6.21211,;415.698907,6.26221,;415.698907,6.31229,;415.698907,6.36238,;415.698907,6.41246,;415.698907,6.46256,;415.698907,6.51266,;404.334995,6.56274,;404.334995,6.61284,;404.334995,6.66297,;404.334995,6.71306,;404.334995,6.76314,;404.334995,6.81323,;404.334995,6.86331,;404.056968,6.9134,;404.056968,6.96354,;404.056968,7.01366,;404.056968,7.06378,;404.056968,7.11388,;404.056968,7.16398,;404.056968,7.21409,;404.056968,7.26423,;404.056968,7.31434,;404.056968,7.36442,;404.056968,7.41454,;404.056968,7.46462,;404.056968,7.51474,;404.056968,7.56483,;404.056968,7.61491,;404.056968,7.66503,;404.056968,7.71512,;404.056968,7.76524,;404.056968,7.81533,;404.056968,7.86545,;404.056968,7.91557,;404.056968,7.96568,;404.056968,8.01581,;404.056968,8.06592,;404.056968,8.11604,;404.056968,8.16616,;404.056968,8.21624,;404.056968,8.26635,;404.056968,8.31643,;404.056968,8.36655,;404.056968,8.41664,;404.056968,8.46673,;398.751774,8.51682,;398.751774,8.5669,;398.751774,8.617,;398.751774,8.66711,;387.931005,8.71722,;387.931005,8.7673,;387.931005,8.81737,;387.931005,8.86745,;387.931005,8.91759,;387.931005,8.96771,;387.931005,9.01782,;387.931005,9.06794,;387.931005,9.11806,;387.931005,9.16814,;387.931005,9.21826,;387.931005,9.26834,;387.931005,9.31846,;387.931005,9.36855,;387.931005,9.41867,;387.931005,9.46876,;387.931005,9.51883,;387.931005,9.5689,;387.931005,9.61899,;387.931005,9.66907,;387.931005,9.71918,;387.931005,9.76929,;363.472343,9.81939,;363.472343,9.8695,;363.472343,9.91962,;363.472343,9.96969,;363.472343,10.0198,;
inf,0.0500733,;634.939293,0.10015,;634.939293,0.150224,;634.939293,0.200311,;634.939293,0.250404,;634.939293,0.300499,;631.686741,0.350576,;631.686741,0.40066,;631.686741,0.450746,;631.686741,0.500873,;631.686741,0.55096,;631.686741,0.60104,;611.238688,0.651131,;609.084688,0.701224,;609.084688,0.751294,;609.084688,0.801381,;609.084688,0.851462,;603.927958,0.901548,;603.927958,0.951646,;603.927958,1.00176,;603.927958,1.05185,;603.927958,1.10197,;603.927958,1.15206,;603.927958,1.20218,;603.927958,1.25227,;603.927958,1.3024,;603.927958,1.35247,;603.927958,1.40259,;603.927958,1.4527,;603.927958,1.50282,;603.927958,1.55289,;603.927958,1.60301,;603.927958,1.65312,;586.355429,1.70324,;586.355429,1.75336,;586.355429,1.80343,;586.355429,1.85355,;586.355429,1.90365,;586.355429,1.95374,;586.355429,2.00384,;586.355429,2.05391,;586.355429,2.10399,;586.355429,2.15408,;586.355429,2.20416,;586.355429,2.25427,;585.652173,2.30435,;585.652173,2.35447,;585.652173,2.40456,;578.605708,2.45467,;578.605708,2.50477,;578.605708,2.55489,;578.574526,2.60498,;578.574526,2.65506,;578.574526,2.70518,;578.574526,2.75526,;578.574526,2.80535,;578.574526,2.85544,;578.574526,2.90553,;578.574526,2.95561,;578.574526,3.00569,;578.574526,3.05579,;556.215851,3.10591,;556.215851,3.156,;556.215851,3.20609,;556.215851,3.25618,;498.313070,3.30628,;498.313070,3.35638,;491.486663,3.4065,;491.486663,3.45659,;491.486663,3.50669,;491.486663,3.55681,;460.990877,3.60693,;460.990877,3.65704,;460.990877,3.70713,;460.990877,3.75723,;460.990877,3.80734,;460.990877,3.85743,;459.321449,3.90752,;459.321449,3.95763,;459.321449,4.00773,;459.321449,4.05785,;459.321449,4.10795,;459.321449,4.15807,;459.321449,4.20817,;459.321449,4.25829,;459.321449,4.30837,;459.321449,4.35851,;459.321449,4.4086,;459.321449,4.45871,;459.321449,4.50883,;459.321449,4.55892,;459.321449,4.60905,;459.321449,4.65916,;459.321449,4.70925,;459.321449,4.75933,;459.321449,4.80945,;459.321449,4.85952,;459.321449,4.9096,;459.321449,4.95969,;459.321449,5.00978,;459.321449,5.05989,;459.321449,5.11,;459.321449,5.1601,;459.321449,5.21021,;459.321449,5.2603,;459.321449,5.31043,;459.321449,5.36054,;459.321449,5.41063,;459.321449,5.46072,;459.321449,5.51081,;459.321449,5.56094,;459.321449,5.61103,;456.904140,5.66111,;456.904140,5.71122,;456.904140,5.76132,;456.904140,5.8114,;453.202512,5.86152,;453.202512,5.9116,;453.202512,5.96169,;453.202512,6.01182,;453.202512,6.06194,;453.202512,6.11203,;453.202512,6.16214,;453.202512,6.21226,;453.202512,6.26237,;453.202512,6.31247,;453.202512,6.36256,;453.202512,6.41265,;448.154676,6.46276,;448.154676,6.51286,;448.154676,6.56295,;448.154676,6.61308,;448.154676,6.66318,;448.154676,6.71329,;448.154676,6.76334,;448.154676,6.81346,;448.154676,6.86354,;448.154676,6.91362,;448.154676,6.96371,;448.154676,7.01383,;448.154676,7.06392,;448.154676,7.11404,;448.154676,7.16413,;448.154676,7.21422,;448.154676,7.26431,;448.154676,7.31443,;448.154676,7.36456,;448.154676,7.41467,;448.154676,7.46476,;448.154676,7.51484,;445.157151,7.56492,;445.157151,7.615,;445.157151,7.66509,;445.157151,7.7152,;445.157151,7.7653,;445.157151,7.81538,;445.157151,7.86547,;445.157151,7.91557,;432.146223,7.96566,;432.146223,8.01575,;432.146223,8.06584,;432.146223,8.11595,;432.146223,8.16608,;432.146223,8.21616,;432.146223,8.26626,;432.146223,8.31636,;432.146223,8.36646,;411.678032,8.41655,;377.795230,8.46665,;377.795230,8.51674,;377.795230,8.56682,;377.795230,8.6169,;377.795230,8.66698,;377.795230,8.71706,;377.795230,8.76714,;377.795230,8.81722,;377.795230,8.86728,;377.795230,8.91736,;377.795230,8.96744,;377.795230,9.01751,;377.795230,9.0676,;377.795230,9.11769,;377.795230,9.16778,;377.795230,9.21788,;377.795230,9.26798,;377.795230,9.31806,;377.795230,9.36813,;377.795230,9.41821,;377.795230,9.4683,;377.795230,9.51838,;377.795230,9.56846,;377.795230,9.61854,;377.795230,9.66864,;377.795230,9.71873,;377.795230,9.76881,;377.795230,9.81889,;377.795230,9.86897,;377.795230,9.91904,;377.795230,9.96916,;377.795230,10.0193,;
inf,0.0500574,;inf,0.100173,;inf,0.150272,;760.652278,0.200352,;745.580403,0.250444,;745.580403,0.300541,;737.342169,0.350628,;737.342169,0.400718,;737.016469,0.450821,;737.016469,0.500914,;724.899158,0.55105,;714.898024,0.60115,;714.898024,0.651239,;714.898024,0.701382,;704.280144,0.751464,;704.280144,0.801543,;704.280144,0.851631,;704.280144,0.901725,;704.280144,0.951862,;704.280144,1.00194,;704.280144,1.05204,;704.280144,1.10213,;704.280144,1.15223,;704.280144,1.20232,;704.280144,1.25244,;704.280144,1.30253,;704.280144,1.35262,;704.280144,1.40272,;704.280144,1.45284,;704.280144,1.50293,;704.280144,1.55305,;704.280144,1.60316,;704.280144,1.65328,;704.280144,1.70336,;704.280144,1.75344,;704.280144,1.80357,;704.280144,1.85365,;704.280144,1.90373,;704.280144,1.95386,;704.280144,2.00397,;686.784283,2.05407,;686.784283,2.10418,;686.784283,2.15428,;686.784283,2.2044,;686.784283,2.2545,;686.784283,2.30461,;686.784283,2.35471,;686.784283,2.40481,;686.784283,2.4549,;686.784283,2.50499,;686.784283,2.55512,;671.485872,2.6052,;671.485872,2.65529,;671.485872,2.70537,;671.485872,2.75548,;671.485872,2.80556,;671.485872,2.85564,;671.485872,2.90575,;671.485872,2.95586,;669.451578,3.00599,;669.451578,3.05607,;669.451578,3.10615,;669.451578,3.15624,;669.451578,3.20633,;669.451578,3.2564,;669.451578,3.3065,;669.451578,3.3566,;669.451578,3.40671,;669.451578,3.45682,;669.451578,3.5069,;669.451578,3.55699,;669.451578,3.60708,;669.451578,3.65718,;669.451578,3.70726,;669.451578,3.75735,;669.451578,3.80745,;659.809068,3.85754,;659.809068,3.90762,;659.809068,3.95772,;659.809068,4.0078,;659.809068,4.0579,;659.809068,4.10798,;659.809068,4.15807,;659.809068,4.20816,;659.809068,4.25825,;659.809068,4.30834,;659.809068,4.35844,;659.809068,4.40853,;659.809068,4.45862,;659.809068,4.50871,;659.809068,4.55881,;659.809068,4.60891,;659.809068,4.65899,;659.809068,4.70907,;659.809068,4.75915,;659.809068,4.80924,;659.809068,4.85932,;659.809068,4.90941,;659.809068,4.95949,;659.809068,5.00957,;659.809068,5.05965,;659.809068,5.10972,;659.809068,5.1598,;659.809068,5.20989,;659.809068,5.25997,;659.809068,5.31005,;659.809068,5.36013,;659.809068,5.41021,;659.809068,5.4603,;659.809068,5.51038,;659.809068,5.56047,;659.809068,5.61054,;659.809068,5.66061,;659.809068,5.71071,;659.809068,5.7608,;659.809068,5.81089,;659.809068,5.86097,;659.809068,5.91105,;659.809068,5.96114,;659.809068,6.01123,;659.809068,6.06132,;659.809068,6.11141,;659.809068,6.1615,;659.809068,6.21159,;659.809068,6.26168,;657.730874,6.31177,;657.730874,6.36186,;657.730874,6.41195,;657.730874,6.46204,;657.730874,6.51213,;657.730874,6.56226,;657.730874,6.61235,;657.730874,6.66245,;657.730874,6.71255,;657.730874,6.76265,;657.730874,6.81275,;657.730874,6.86285,;657.730874,6.91295,;657.730874,6.96306,;657.730874,7.01319,;657.730874,7.06327,;657.730874,7.11345,;657.730874,7.16354,;657.730874,7.21364,;657.730874,7.26373,;657.730874,7.31383,;657.730874,7.36392,;657.730874,7.41401,;657.730874,7.46412,;657.730874,7.5142,;657.730874,7.56429,;657.730874,7.61438,;657.730874,7.66448,;657.730874,7.71462,;657.730874,7.7647,;657.730874,7.81479,;657.730874,7.86487,;657.730874,7.91495,;657.730874,7.96505,;657.730874,8.01515,;657.730874,8.06525,;657.730874,8.11536,;486.998678,8.16543,;486.998678,8.21552,;447.716275,8.2656,;430.099564,8.3157,;430.099564,8.36579,;430.099564,8.41587,;430.099564,8.46596,;430.099564,8.51605,;430.099564,8.56614,;430.099564,8.61624,;430.099564,8.66634,;420.193030,8.71643,;420.193030,8.76651,;420.193030,8.8166,;420.193030,8.86669,;420.193030,8.91678,;420.193030,8.96687,;420.193030,9.01696,;420.193030,9.06705,;420.193030,9.11714,;398.217640,9.16723,;398.217640,9.21732,;398.217640,9.2674,;398.217640,9.31749,;398.217640,9.36758,;398.217640,9.41766,;398.217640,9.46775,;398.217640,9.51784,;398.217640,9.56793,;398.217640,9.61805,;398.217640,9.66814,;398.217640,9.71824,;398.217640,9.76833,;398.217640,9.81843,;398.217640,9.86853,;398.217640,9.91862,;392.761178,9.96872,;
inf,0.050058,;inf,0.10014,;651.062140,0.150218,;646.544719,0.200297,;646.544719,0.250416,;646.544719,0.300497,;646.544719,0.350621,;646.544719,0.400712,;646.544719,0.450845,;646.544719,0.50094,;646.544719,0.551036,;646.544719,0.601121,;646.544719,0.651219,;646.544719,0.7013,;646.544719,0.751394,;646.544719,0.801516,;639.444076,0.851642,;603.471853,0.901728,;603.471853,0.951814,;603.471853,1.00194,;603.471853,1.05204,;603.471853,1.10216,;603.471853,1.15225,;603.471853,1.20237,;603.471853,1.25247,;603.471853,1.30263,;603.471853,1.35277,;603.471853,1.40289,;603.471853,1.45297,;603.471853,1.50305,;603.471853,1.55313,;603.471853,1.60318,;593.346677,1.65328,;593.346677,1.70337,;593.346677,1.75345,;593.346677,1.80356,;593.346677,1.85364,;593.346677,1.90372,;593.346677,1.95381,;593.346677,2.0039,;593.346677,2.05398,;593.346677,2.10407,;593.346677,2.15414,;582.375785,2.20424,;582.375785,2.25432,;582.375785,2.30441,;582.375785,2.35451,;582.375785,2.4046,;582.375785,2.45469,;582.375785,2.50478,;582.375785,2.5549,;582.375785,2.60499,;582.375785,2.65508,;582.375785,2.70517,;582.375785,2.75527,;582.375785,2.80535,;582.375785,2.85544,;582.375785,2.90558,;582.375785,2.95565,;582.375785,3.00575,;582.375785,3.05583,;582.375785,3.10591,;582.375785,3.156,;582.375785,3.20613,;582.375785,3.25621,;582.375785,3.30632,;582.375785,3.35642,;582.375785,3.40653,;582.375785,3.45662,;582.375785,3.5067,;582.375785,3.55678,;582.375785,3.60689,;582.375785,3.65696,;582.375785,3.70707,;582.375785,3.75716,;582.375785,3.80727,;582.375785,3.85736,;582.375785,3.90746,;582.375785,3.95756,;571.152284,4.00765,;571.152284,4.05775,;571.152284,4.10784,;571.152284,4.15793,;571.152284,4.20802,;571.152284,4.25812,;571.152284,4.30821,;571.152284,4.35831,;571.152284,4.4084,;571.152284,4.4585,;571.152284,4.50859,;571.152284,4.55867,;571.152284,4.60876,;571.152284,4.65886,;571.152284,4.70895,;571.152284,4.75906,;571.152284,4.80915,;571.152284,4.85928,;571.152284,4.90936,;571.152284,4.95949,;571.152284,5.00957,;571.152284,5.05969,;571.152284,5.1098,;571.152284,5.15988,;571.152284,5.20997,;571.152284,5.26006,;564.303359,5.31021,;564.303359,5.3603,;564.303359,5.41038,;564.303359,5.46045,;564.303359,5.51058,;564.303359,5.56067,;564.303359,5.61077,;564.303359,5.6609,;564.303359,5.711,;564.303359,5.76108,;564.303359,5.81121,;564.303359,5.86131,;564.303359,5.91141,;564.303359,5.96152,;564.303359,6.01161,;564.303359,6.06169,;564.303359,6.11177,;564.303359,6.16185,;564.303359,6.21193,;564.303359,6.26203,;564.303359,6.31212,;564.303359,6.36225,;564.303359,6.41234,;564.303359,6.46243,;564.303359,6.51252,;564.303359,6.56262,;564.303359,6.61271,;564.303359,6.66281,;564.303359,6.71291,;564.303359,6.76299,;564.303359,6.81309,;564.303359,6.86318,;564.303359,6.91328,;564.303359,6.96337,;564.303359,7.01344,;564.303359,7.06353,;564.303359,7.11362,;564.303359,7.1637,;564.303359,7.2138,;564.303359,7.26389,;564.303359,7.31397,;564.303359,7.36406,;564.303359,7.41414,;564.303359,7.46423,;564.303359,7.51432,;564.303359,7.56441,;564.303359,7.61449,;564.303359,7.6646,;564.089600,7.71469,;564.089600,7.76479,;564.089600,7.81487,;564.089600,7.86495,;564.089600,7.91506,;564.089600,7.96516,;564.089600,8.01525,;564.089600,8.06534,;564.089600,8.11543,;564.089600,8.16553,;564.089600,8.21562,;564.089600,8.26571,;564.089600,8.3158,;564.089600,8.36589,;564.089600,8.41599,;564.089600,8.46609,;564.089600,8.51618,;564.089600,8.56628,;564.089600,8.61636,;564.089600,8.66646,;564.089600,8.71656,;564.089600,8.76665,;564.089600,8.81674,;564.089600,8.86683,;564.089600,8.91693,;564.089600,8.96705,;556.142029,9.01711,;556.142029,9.06719,;556.142029,9.11728,;556.142029,9.16738,;556.142029,9.21747,;556.142029,9.26757,;551.975606,9.3177,;551.975606,9.36777,;551.975606,9.41785,;551.975606,9.46794,;551.975606,9.51803,;551.975606,9.56814,;551.975606,9.61822,;551.975606,9.6683,;551.975606,9.71842,;551.975606,9.76851,;551.975606,9.81861,;551.975606,9.8687,;551.975606,9.91879,;551.975606,9.96887,;551.975606,10.019,;551.975606,10.069,;
inf,0.0500584,;inf,0.100147,;inf,0.150246,;inf,0.20034,;675.605389,0.250462,;629.021330,0.300553,;613.321890,0.350678,;613.321890,0.40077,;613.321890,0.450869,;613.321890,0.500958,;613.321890,0.551043,;613.321890,0.601143,;613.321890,0.651229,;613.321890,0.70132,;613.321890,0.751404,;613.321890,0.801493,;613.321890,0.851581,;613.321890,0.901667,;613.321890,0.951754,;612.073635,1.00184,;612.073635,1.05193,;612.073635,1.10202,;612.073635,1.15211,;612.073635,1.2022,;612.073635,1.25229,;612.073635,1.30239,;612.073635,1.35249,;612.073635,1.40261,;612.073635,1.45273,;609.941845,1.50284,;609.941845,1.55296,;609.941845,1.60304,;609.941845,1.65315,;609.941845,1.70324,;609.941845,1.75332,;609.941845,1.80341,;609.941845,1.8535,;609.941845,1.90358,;609.941845,1.95367,;607.590814,2.00376,;607.590814,2.05385,;607.590814,2.10393,;607.590814,2.15403,;607.590814,2.20412,;607.590814,2.2542,;607.590814,2.3043,;607.590814,2.35438,;607.590814,2.40447,;607.590814,2.45456,;577.429015,2.50465,;577.429015,2.55473,;577.429015,2.60482,;577.429015,2.65503,;577.429015,2.70512,;577.429015,2.75521,;577.429015,2.80529,;577.429015,2.85538,;577.429015,2.90548,;577.429015,2.95558,;577.429015,3.00567,;577.429015,3.05577,;577.429015,3.10586,;577.429015,3.15596,;577.429015,3.20606,;577.429015,3.25616,;577.429015,3.30625,;577.429015,3.35634,;577.429015,3.40644,;577.429015,3.45653,;577.429015,3.50663,;577.429015,3.55671,;577.429015,3.6068,;577.429015,3.6569,;577.429015,3.707,;577.429015,3.75711,;577.429015,3.80719,;577.429015,3.85731,;577.429015,3.90743,;577.429015,3.95755,;577.429015,4.00765,;577.429015,4.05775,;577.429015,4.10785,;577.429015,4.15795,;577.429015,4.20803,;577.429015,4.25811,;491.733734,4.30821,;491.733734,4.35833,;491.733734,4.40842,;469.748313,4.45854,;469.748313,4.50863,;469.748313,4.55872,;469.748313,4.60881,;469.748313,4.6589,;438.148462,4.709,;438.148462,4.75908,;438.148462,4.80918,;438.148462,4.85926,;438.148462,4.90938,;438.148462,4.95947,;438.148462,5.00957,;438.148462,5.05969,;438.148462,5.10981,;438.148462,5.15994,;438.148462,5.21003,;438.148462,5.26012,;438.148462,5.31023,;438.148462,5.36032,;438.148462,5.41042,;438.148462,5.46051,;438.148462,5.51056,;438.148462,5.56065,;438.148462,5.61074,;438.148462,5.66087,;438.148462,5.71096,;438.148462,5.76106,;438.148462,5.81114,;438.148462,5.86126,;438.148462,5.91134,;438.148462,5.96143,;438.148462,6.01151,;438.148462,6.06161,;438.148462,6.1117,;438.148462,6.16179,;438.148462,6.21189,;430.945261,6.262,;430.945261,6.31207,;430.945261,6.3622,;430.945261,6.41229,;430.945261,6.46237,;430.945261,6.51246,;430.945261,6.56255,;430.945261,6.61264,;430.945261,6.66273,;430.945261,6.71284,;430.945261,6.76293,;430.945261,6.81302,;430.945261,6.8631,;430.945261,6.91323,;430.945261,6.96333,;430.945261,7.01342,;430.945261,7.06352,;430.945261,7.11361,;430.945261,7.16371,;430.945261,7.21381,;430.945261,7.2639,;430.945261,7.31399,;430.945261,7.36408,;430.945261,7.41417,;430.945261,7.46429,;430.945261,7.51441,;430.932471,7.5645,;430.932471,7.61462,;430.932471,7.6647,;430.932471,7.71479,;430.932471,7.76491,;430.932471,7.81503,;430.932471,7.86513,;430.932471,7.91521,;430.932471,7.96532,;430.932471,8.01539,;430.932471,8.06547,;430.932471,8.11555,;430.932471,8.16563,;430.932471,8.21575,;430.932471,8.26584,;430.932471,8.31594,;430.932471,8.36608,;430.932471,8.41618,;430.932471,8.46632,;430.932471,8.5164,;430.932471,8.56649,;430.932471,8.61659,;430.932471,8.66668,;430.932471,8.71678,;430.932471,8.76687,;430.932471,8.81695,;430.932471,8.86699,;430.932471,8.91711,;430.932471,8.96719,;430.932471,9.01731,;430.932471,9.06741,;430.932471,9.11752,;430.932471,9.1676,;430.932471,9.21769,;430.932471,9.26779,;430.932471,9.31788,;430.932471,9.36798,;430.932471,9.4181,;430.932471,9.46818,;430.932471,9.51827,;430.932471,9.56837,;430.932471,9.61848,;430.932471,9.66858,;430.932471,9.7187,;430.932471,9.7688,;430.932471,9.81892,;430.932471,9.86902,;430.932471,9.9191,;430.932471,9.96924,;430.932471,10.0194,;430.932471,10.0695,;
inf,0.050064,;705.798048,0.100145,;705.567974,0.150227,;684.028730,0.200306,;683.991964,0.250387,;682.075650,0.300468,;682.075650,0.350553,;682.075650,0.400636,;682.075650,0.450714,;682.075650,0.500799,;682.075650,0.550889,;682.075650,0.600986,;682.075650,0.651077,;656.746133,0.701169,;645.041404,0.751259,;640.559691,0.801347,;640.559691,0.851431,;640.559691,0.901514,;640.559691,0.951599,;600.295514,1.00168,;600.295514,1.05176,;600.295514,1.10185,;600.295514,1.15193,;600.295514,1.20202,;600.295514,1.25211,;600.295514,1.30219,;600.295514,1.35228,;600.295514,1.40237,;600.295514,1.45246,;600.295514,1.50255,;600.295514,1.55264,;600.295514,1.60273,;600.295514,1.65281,;600.295514,1.7029,;600.295514,1.75299,;600.295514,1.80309,;600.295514,1.85318,;587.012058,1.90326,;587.012058,1.95335,;587.012058,2.00343,;587.012058,2.05352,;587.012058,2.10361,;587.012058,2.1537,;587.012058,2.20378,;587.012058,2.25388,;587.012058,2.30396,;587.012058,2.35405,;587.012058,2.40415,;587.012058,2.45424,;587.012058,2.50432,;587.012058,2.55441,;587.012058,2.6045,;587.012058,2.65458,;587.012058,2.70467,;587.012058,2.75476,;587.012058,2.80485,;587.012058,2.85495,;587.012058,2.90504,;587.012058,2.95513,;570.375050,3.00522,;570.375050,3.05531,;570.375050,3.10539,;543.624515,3.15548,;522.982960,3.20557,;522.982960,3.25566,;522.982960,3.30575,;522.982960,3.35584,;522.982960,3.40593,;522.982960,3.45602,;522.982960,3.50611,;522.982960,3.55621,;522.982960,3.60631,;522.982960,3.6564,;522.982960,3.7065,;522.982960,3.75659,;522.982960,3.80668,;522.982960,3.85677,;522.982960,3.90686,;522.982960,3.95695,;522.982960,4.00704,;522.982960,4.05712,;522.982960,4.10721,;522.982960,4.15729,;522.982960,4.20738,;522.982960,4.25747,;522.982960,4.30756,;522.982960,4.35765,;522.982960,4.40774,;522.982960,4.45782,;522.982960,4.50791,;522.982960,4.55801,;522.982960,4.60811,;522.982960,4.65822,;522.982960,4.70831,;522.982960,4.7584,;522.982960,4.80849,;522.982960,4.85858,;522.982960,4.90867,;522.982960,4.95877,;522.982960,5.00886,;522.982960,5.05895,;522.982960,5.10904,;522.982960,5.15913,;522.982960,5.20921,;522.982960,5.25931,;522.982960,5.3094,;522.982960,5.35948,;522.982960,5.40957,;522.982960,5.45966,;522.982960,5.50975,;522.982960,5.55983,;522.982960,5.60992,;522.982960,5.66002,;522.982960,5.71011,;522.982960,5.76019,;522.982960,5.81028,;522.982960,5.86036,;522.982960,5.91045,;522.982960,5.96053,;522.982960,6.01062,;522.982960,6.06071,;522.982960,6.1108,;522.982960,6.16089,;522.982960,6.21099,;522.982960,6.26108,;522.982960,6.31117,;522.982960,6.36126,;522.982960,6.41136,;522.982960,6.46145,;522.982960,6.51155,;522.982960,6.56163,;522.982960,6.61172,;522.982960,6.6618,;522.982960,6.7119,;522.982960,6.76198,;522.982960,6.81207,;522.982960,6.86216,;522.982960,6.91225,;522.982960,6.96233,;522.982960,7.01242,;522.982960,7.06252,;522.982960,7.1126,;522.982960,7.16269,;522.982960,7.21277,;522.982960,7.26286,;522.982960,7.31295,;522.982960,7.36302,;522.982960,7.41311,;522.982960,7.4632,;522.982960,7.5133,;522.982960,7.56338,;522.982960,7.61348,;522.982960,7.66357,;522.982960,7.71373,;522.982960,7.76382,;522.982960,7.81391,;522.982960,7.864,;522.982960,7.91409,;522.982960,7.96416,;522.982960,8.01425,;522.982960,8.06435,;522.982960,8.11443,;522.982960,8.16451,;522.982960,8.21459,;522.982960,8.2647,;522.982960,8.31478,;522.982960,8.36491,;522.982960,8.41498,;522.982960,8.46507,;522.982960,8.51516,;522.982960,8.56525,;522.982960,8.61535,;522.982960,8.66545,;522.982960,8.71554,;522.982960,8.76566,;522.982960,8.81575,;522.982960,8.86587,;522.982960,8.91599,;522.982960,8.96607,;522.982960,9.01618,;522.982960,9.06628,;522.982960,9.11636,;522.982960,9.16645,;522.982960,9.21653,;522.982960,9.26662,;416.590720,9.31674,;416.590720,9.36683,;416.590720,9.41692,;416.590720,9.46701,;416.590720,9.5171,;416.590720,9.56718,;416.590720,9.61729,;416.590720,9.66737,;416.590720,9.71747,;416.590720,9.76756,;416.590720,9.81766,;399.620016,9.86774,;399.620016,9.91787,;399.620016,9.96795,;
inf,0.0500679,;inf,0.100155,;inf,0.150238,;758.663047,0.200323,;747.904281,0.250402,;747.904281,0.300489,;735.165481,0.350567,;735.165481,0.400645,;705.627368,0.450726,;701.126497,0.500806,;701.126497,0.550888,;701.126497,0.600969,;701.126497,0.651053,;701.126497,0.701137,;701.126497,0.751221,;624.330528,0.801305,;609.823327,0.851386,;609.823327,0.901473,;609.823327,0.951553,;578.615904,1.00164,;578.615904,1.05172,;578.615904,1.1018,;578.615904,1.15188,;578.615904,1.20197,;578.615904,1.25205,;578.615904,1.30213,;578.615904,1.35221,;578.615904,1.40229,;578.615904,1.45238,;578.615904,1.50249,;578.615904,1.55259,;578.615904,1.60266,;578.615904,1.65274,;557.890277,1.70283,;557.890277,1.75292,;557.890277,1.80301,;557.890277,1.85309,;557.890277,1.90316,;557.890277,1.95323,;557.890277,2.00332,;557.890277,2.0534,;557.890277,2.10348,;556.455254,2.15356,;556.455254,2.20365,;556.455254,2.25373,;556.455254,2.30381,;556.455254,2.35389,;556.455254,2.40398,;556.455254,2.45406,;556.455254,2.50413,;556.455254,2.55421,;556.455254,2.60432,;556.455254,2.65444,;556.455254,2.70455,;556.455254,2.75463,;556.455254,2.80474,;556.455254,2.85483,;556.455254,2.90491,;551.525151,2.95499,;551.525151,3.00507,;551.525151,3.0552,;551.525151,3.10528,;551.525151,3.15535,;551.525151,3.20541,;551.525151,3.2555,;551.525151,3.30562,;551.525151,3.3557,;545.404640,3.40579,;545.404640,3.45588,;545.404640,3.50598,;545.404640,3.55609,;545.404640,3.60621,;543.901388,3.65629,;543.901388,3.70639,;543.901388,3.75651,;543.901388,3.80659,;543.901388,3.8567,;539.779685,3.90679,;539.779685,3.95687,;539.779685,4.00695,;539.779685,4.05706,;539.779685,4.10714,;539.779685,4.15723,;539.779685,4.20731,;539.779685,4.25739,;539.779685,4.30748,;539.779685,4.35757,;539.779685,4.40764,;539.779685,4.45772,;539.779685,4.50781,;539.779685,4.55789,;539.779685,4.60797,;539.779685,4.65806,;539.779685,4.70814,;539.779685,4.75821,;539.779685,4.80829,;539.779685,4.85838,;539.779685,4.90847,;539.779685,4.95855,;539.779685,5.00863,;539.779685,5.05871,;539.779685,5.1088,;539.779685,5.15889,;539.779685,5.20897,;539.779685,5.25905,;539.779685,5.30913,;539.779685,5.35921,;539.779685,5.40931,;539.779685,5.45939,;539.779685,5.50946,;539.779685,5.55954,;539.779685,5.60966,;539.779685,5.65975,;539.779685,5.70987,;539.779685,5.75998,;539.779685,5.81005,;539.779685,5.86015,;539.779685,5.91025,;539.779685,5.96034,;539.779685,6.01043,;539.779685,6.0605,;539.779685,6.11057,;539.779685,6.16066,;539.779685,6.21075,;539.779685,6.26084,;539.779685,6.31093,;539.779685,6.36101,;539.779685,6.41109,;539.779685,6.4612,;539.779685,6.51129,;539.779685,6.56139,;539.779685,6.61147,;539.779685,6.66154,;539.779685,6.71162,;539.779685,6.76169,;539.779685,6.81177,;539.779685,6.86186,;539.779685,6.91195,;539.779685,6.96203,;539.779685,7.01212,;539.779685,7.0622,;539.779685,7.11229,;539.779685,7.16237,;539.779685,7.21246,;539.779685,7.26254,;539.779685,7.31266,;539.779685,7.36274,;539.779685,7.41285,;539.779685,7.46294,;539.779685,7.51303,;539.779685,7.56312,;539.779685,7.61325,;539.779685,7.66332,;539.779685,7.7134,;539.779685,7.76347,;539.779685,7.81355,;539.779685,7.86363,;539.779685,7.91372,;539.779685,7.9638,;539.779685,8.01388,;539.779685,8.064,;539.779685,8.11409,;539.779685,8.16417,;534.536158,8.21426,;534.536158,8.26434,;534.536158,8.31443,;534.536158,8.36451,;534.536158,8.41459,;530.603597,8.46471,;530.603597,8.51479,;530.603597,8.56488,;530.603597,8.61497,;530.603597,8.66509,;530.603597,8.71519,;530.603597,8.7653,;530.603597,8.81538,;524.376312,8.86546,;524.376312,8.91558,;524.376312,8.96567,;524.376312,9.01576,;524.376312,9.06585,;524.376312,9.11589,;524.376312,9.16598,;524.376312,9.21608,;524.376312,9.26618,;524.376312,9.31626,;524.376312,9.36636,;524.376312,9.41647,;524.376312,9.46655,;524.376312,9.51666,;524.376312,9.56675,;524.376312,9.61686,;524.376312,9.66695,;523.056925,9.71707,;523.056925,9.76715,;523.056925,9.81728,;523.056925,9.86736,;523.056925,9.91744,;522.961599,9.96753,;522.961599,10.0177,;522.961599,10.0678,;
inf,0.0500675,;inf,0.100155,;inf,0.150255,;547.102869,0.200338,;543.978820,0.250444,;527.003181,0.300524,;527.003181,0.350603,;525.599989,0.400719,;525.599989,0.450797,;525.599989,0.500876,;525.599989,0.550954,;523.796174,0.601028,;523.796174,0.651119,;523.796174,0.701202,;523.796174,0.751293,;523.796174,0.801382,;523.796174,0.85147,;523.796174,0.901576,;523.796174,0.951661,;523.796174,1.00174,;523.796174,1.05182,;523.796174,1.10192,;523.796174,1.15201,;523.796174,1.2021,;523.796174,1.25224,;523.796174,1.30233,;523.796174,1.35242,;523.796174,1.40251,;523.796174,1.4526,;523.796174,1.50269,;515.491388,1.55278,;515.491388,1.60286,;515.491388,1.65294,;515.491388,1.70302,;515.491388,1.75312,;515.491388,1.80321,;515.491388,1.85328,;515.491388,1.90336,;515.491388,1.95345,;515.491388,2.00354,;515.491388,2.05363,;515.491388,2.1037,;515.491388,2.15378,;515.491388,2.20386,;515.491388,2.25393,;515.491388,2.30401,;515.491388,2.3541,;515.491388,2.4042,;515.491388,2.45427,;515.491388,2.50435,;515.491388,2.55444,;515.491388,2.60452,;515.491388,2.6546,;515.491388,2.70468,;515.491388,2.75477,;515.491388,2.80485,;515.491388,2.85492,;515.491388,2.90503,;515.491388,2.95516,;515.491388,3.00524,;505.044301,3.05533,;505.044301,3.10542,;505.044301,3.1555,;505.044301,3.20558,;505.044301,3.25565,;505.044301,3.30573,;505.044301,3.35581,;505.044301,3.40589,;487.299047,3.45602,;487.299047,3.50609,;487.299047,3.55621,;487.299047,3.60629,;487.299047,3.65636,;487.299047,3.70641,;487.299047,3.75651,;487.299047,3.8066,;487.299047,3.85667,;487.299047,3.90675,;487.299047,3.95686,;487.299047,4.00694,;487.299047,4.05704,;487.299047,4.10716,;487.299047,4.15724,;485.852113,4.20732,;485.852113,4.25741,;485.852113,4.30751,;485.852113,4.35759,;485.852113,4.4077,;485.852113,4.45777,;485.852113,4.50781,;485.852113,4.55789,;485.852113,4.60798,;485.852113,4.65807,;485.852113,4.70816,;485.852113,4.75825,;485.852113,4.80834,;485.852113,4.85843,;485.852113,4.90851,;485.852113,4.95859,;485.852113,5.00867,;485.852113,5.05875,;485.852113,5.10887,;485.852113,5.15895,;485.852113,5.20906,;485.852113,5.25915,;485.852113,5.30923,;485.852113,5.35932,;485.852113,5.40941,;485.852113,5.45952,;485.852113,5.5096,;485.852113,5.55968,;485.852113,5.60977,;485.852113,5.65985,;436.514075,5.70993,;436.514075,5.76001,;436.514075,5.81013,;404.013130,5.86021,;404.013130,5.9103,;390.173964,5.96042,;390.173964,6.01051,;390.173964,6.06059,;382.211610,6.1107,;382.211610,6.16079,;382.211610,6.21088,;382.211610,6.26101,;382.211610,6.31109,;382.211610,6.36121,;382.211610,6.41132,;382.211610,6.46143,;382.211610,6.51152,;382.211610,6.5616,;382.211610,6.61172,;382.211610,6.6618,;382.211610,6.71189,;382.211610,6.76198,;382.211610,6.8121,;382.211610,6.86217,;382.211610,6.91223,;382.211610,6.96232,;382.211610,7.01241,;382.211610,7.0625,;382.211610,7.11259,;382.211610,7.16267,;382.211610,7.21271,;382.211610,7.26284,;382.211610,7.31293,;382.211610,7.36305,;382.211610,7.41313,;382.211610,7.46322,;382.211610,7.51335,;382.211610,7.56344,;382.211610,7.61357,;382.211610,7.66366,;379.782697,7.71374,;379.782697,7.76384,;379.782697,7.81393,;379.782697,7.86403,;379.782697,7.91412,;379.782697,7.96421,;379.782697,8.0143,;379.782697,8.06438,;379.782697,8.11448,;379.782697,8.1646,;379.782697,8.2147,;379.782697,8.26481,;379.782697,8.3149,;379.782697,8.36502,;379.782697,8.41511,;379.782697,8.46522,;379.782697,8.51529,;379.782697,8.56538,;379.782697,8.61547,;379.782697,8.66552,;379.782697,8.7156,;370.195159,8.76568,;370.195159,8.81577,;370.195159,8.86585,;370.195159,8.91597,;370.195159,8.96606,;370.195159,9.01614,;370.195159,9.06622,;370.195159,9.1163,;370.195159,9.1664,;370.195159,9.21648,;370.195159,9.26656,;370.195159,9.31663,;370.195159,9.36672,;370.195159,9.4168,;370.195159,9.46689,;370.195159,9.51701,;370.195159,9.56712,;370.195159,9.61724,;370.195159,9.66735,;370.195159,9.71744,;370.195159,9.76752,;364.811375,9.81757,;364.811375,9.86765,;364.811375,9.91774,;364.811375,9.96782,;
inf,0.0500579,;inf,0.100167,;inf,0.150241,;721.512352,0.200329,;718.173235,0.250407,;653.743457,0.300543,;644.388710,0.350634,;644.388710,0.400713,;644.388710,0.450832,;644.388710,0.500908,;642.881962,0.550991,;642.881962,0.60107,;642.881962,0.651184,;642.881962,0.701259,;575.972135,0.751331,;575.972135,0.801408,;575.972135,0.851521,;575.972135,0.901599,;575.972135,0.95168,;533.098022,1.00176,;533.098022,1.05185,;533.098022,1.10193,;533.098022,1.152,;533.098022,1.20209,;533.098022,1.25219,;533.098022,1.30227,;533.098022,1.35235,;533.098022,1.40243,;533.098022,1.45252,;533.098022,1.50261,;533.098022,1.5527,;533.098022,1.60279,;533.098022,1.65286,;533.098022,1.70296,;533.098022,1.75304,;533.098022,1.80313,;533.098022,1.85325,;533.098022,1.90332,;533.098022,1.95341,;533.098022,2.0035,;533.098022,2.05359,;533.098022,2.10371,;533.098022,2.1538,;533.098022,2.2039,;533.098022,2.25399,;533.098022,2.30407,;533.098022,2.35415,;533.098022,2.40427,;533.098022,2.45435,;533.098022,2.50446,;533.098022,2.55454,;533.098022,2.60463,;533.098022,2.65473,;533.098022,2.70481,;533.098022,2.75494,;533.098022,2.80503,;533.098022,2.85516,;533.098022,2.90524,;533.098022,2.95532,;533.098022,3.0054,;533.098022,3.05549,;533.098022,3.10562,;533.098022,3.15574,;533.098022,3.20584,;533.098022,3.25594,;533.098022,3.30601,;533.098022,3.35608,;533.098022,3.40618,;525.152926,3.4563,;525.152926,3.50639,;525.152926,3.55648,;525.152926,3.60656,;525.152926,3.65667,;525.152926,3.70675,;525.152926,3.75684,;525.152926,3.80692,;525.152926,3.85703,;525.152926,3.90711,;525.152926,3.95719,;525.152926,4.00729,;525.152926,4.05736,;517.528498,4.10745,;517.528498,4.15753,;517.528498,4.20762,;517.528498,4.25771,;517.528498,4.3078,;517.528498,4.35788,;517.528498,4.40796,;517.528498,4.45804,;517.528498,4.50813,;517.528498,4.55822,;517.528498,4.60831,;517.528498,4.6584,;511.121850,4.7085,;511.121850,4.7586,;511.121850,4.80872,;511.121850,4.85882,;511.121850,4.90889,;511.121850,4.95899,;511.121850,5.00912,;511.121850,5.05921,;511.121850,5.1093,;511.121850,5.1594,;511.121850,5.2095,;511.121850,5.25962,;511.121850,5.30974,;511.121850,5.35986,;511.121850,5.40998,;511.121850,5.4601,;511.121850,5.51018,;511.121850,5.56028,;511.121850,5.61038,;511.121850,5.6605,;511.121850,5.71059,;511.121850,5.7607,;511.121850,5.81081,;511.121850,5.86091,;511.121850,5.91098,;511.121850,5.96106,;511.121850,6.01115,;511.121850,6.0614,;511.121850,6.11148,;511.121850,6.16156,;511.121850,6.21163,;509.892769,6.26171,;509.892769,6.31183,;509.892769,6.36191,;509.892769,6.41199,;509.892769,6.46208,;509.892769,6.51216,;509.892769,6.56225,;509.892769,6.61234,;509.892769,6.66243,;509.892769,6.71252,;506.403148,6.76261,;506.403148,6.8127,;506.403148,6.86282,;506.403148,6.91291,;506.403148,6.963,;506.403148,7.01311,;506.403148,7.0632,;506.403148,7.11328,;506.403148,7.16336,;506.403148,7.21344,;506.403148,7.26353,;506.403148,7.31366,;506.403148,7.36375,;423.091041,7.41383,;423.091041,7.46393,;423.091041,7.51402,;414.413195,7.5641,;414.413195,7.61417,;414.413195,7.66429,;389.711441,7.71438,;389.711441,7.7645,;389.711441,7.81458,;389.711441,7.86468,;389.711441,7.91478,;389.711441,7.96489,;389.711441,8.01499,;389.711441,8.06508,;389.711441,8.1152,;389.711441,8.16531,;389.711441,8.21539,;374.758247,8.26548,;370.189539,8.31557,;370.189539,8.36568,;370.189539,8.4158,;370.189539,8.46588,;370.189539,8.51598,;370.189539,8.56606,;370.189539,8.61615,;370.189539,8.66624,;370.189539,8.71631,;370.189539,8.76642,;370.189539,8.81653,;370.189539,8.8666,;370.189539,8.91672,;370.189539,8.96682,;370.189539,9.01691,;370.189539,9.06701,;370.189539,9.11712,;370.189539,9.1672,;370.189539,9.21728,;370.189539,9.26738,;370.189539,9.31747,;370.189539,9.36756,;370.189539,9.41765,;370.189539,9.46777,;370.189539,9.51783,;370.189539,9.56797,;370.189539,9.61805,;370.189539,9.66814,;370.189539,9.71823,;369.512166,9.76832,;369.512166,9.8184,;369.512166,9.86851,;369.512166,9.91859,;369.512166,9.96871,;
inf,0.0500972,;inf,0.10017,;inf,0.150246,;inf,0.200322,;inf,0.250399,;inf,0.300489,;inf,0.350578,;inf,0.400672,;690.135658,0.450758,;686.574081,0.500844,;686.574081,0.550923,;686.574081,0.600999,;686.574081,0.65108,;617.752279,0.701162,;617.752279,0.751302,;617.752279,0.801412,;617.752279,0.851523,;617.752279,0.901629,;617.752279,0.951712,;617.752279,1.0018,;617.752279,1.05188,;617.752279,1.10196,;617.752279,1.15204,;617.752279,1.20213,;617.752279,1.25222,;617.752279,1.3023,;617.752279,1.35238,;617.752279,1.40247,;617.752279,1.45254,;593.940845,1.50266,;593.940845,1.55273,;593.940845,1.60285,;593.940845,1.65293,;593.940845,1.70305,;593.940845,1.75315,;593.940845,1.80326,;593.940845,1.85338,;593.940845,1.90349,;593.940845,1.95357,;593.940845,2.00369,;593.940845,2.0538,;593.940845,2.10387,;593.940845,2.15396,;551.748614,2.20404,;551.748614,2.25415,;551.748614,2.30427,;551.748614,2.35438,;551.748614,2.4045,;551.748614,2.45458,;551.748614,2.50467,;551.748614,2.55479,;551.748614,2.60487,;551.748614,2.65497,;551.748614,2.70506,;551.748614,2.75519,;551.748614,2.8053,;551.748614,2.85543,;551.748614,2.90554,;551.748614,2.95565,;478.391172,3.00575,;478.391172,3.05583,;478.391172,3.10593,;478.391172,3.15601,;455.075037,3.2061,;455.075037,3.25619,;455.075037,3.30628,;455.075037,3.35637,;455.075037,3.40646,;455.075037,3.45655,;455.075037,3.50667,;455.075037,3.55679,;455.075037,3.6069,;445.597352,3.65699,;445.597352,3.7071,;445.597352,3.75721,;445.597352,3.80733,;445.597352,3.85744,;445.597352,3.90755,;445.597352,3.95766,;445.597352,4.00778,;445.597352,4.05787,;445.597352,4.10795,;445.597352,4.15802,;445.597352,4.20812,;445.597352,4.25826,;445.597352,4.30835,;445.597352,4.35847,;445.597352,4.40856,;445.597352,4.45869,;445.597352,4.50881,;445.597352,4.5589,;445.597352,4.60898,;445.597352,4.65912,;445.597352,4.7092,;445.597352,4.75932,;445.597352,4.8094,;445.597352,4.85952,;445.597352,4.90963,;445.597352,4.95975,;445.597352,5.00987,;445.597352,5.05995,;445.597352,5.11007,;445.597352,5.16015,;445.597352,5.21027,;445.597352,5.26036,;445.597352,5.31047,;445.597352,5.36056,;445.597352,5.41064,;445.597352,5.46076,;445.597352,5.51087,;445.597352,5.56099,;445.597352,5.61111,;445.597352,5.66118,;445.597352,5.7113,;445.597352,5.76141,;445.597352,5.81149,;445.597352,5.86159,;445.597352,5.91171,;445.597352,5.9618,;445.597352,6.01188,;445.597352,6.06199,;445.597352,6.11207,;445.597352,6.16216,;445.597352,6.21225,;445.597352,6.26234,;445.597352,6.31243,;445.597352,6.36252,;445.597352,6.4126,;445.597352,6.46268,;445.597352,6.51277,;445.597352,6.56287,;445.597352,6.61295,;445.597352,6.66305,;445.597352,6.71315,;445.597352,6.76324,;445.597352,6.81333,;445.597352,6.8634,;445.597352,6.91352,;445.597352,6.96361,;445.597352,7.0137,;445.597352,7.06379,;445.597352,7.11387,;445.597352,7.16396,;445.597352,7.21403,;445.597352,7.26411,;445.597352,7.31422,;445.597352,7.36431,;445.597352,7.41443,;445.597352,7.46451,;445.597352,7.5146,;445.597352,7.56468,;445.597352,7.61482,;445.597352,7.6649,;445.597352,7.71498,;445.597352,7.76507,;445.597352,7.81519,;445.597352,7.86529,;445.597352,7.91541,;445.597352,7.96548,;433.035779,8.01559,;433.035779,8.06567,;433.035779,8.11578,;433.035779,8.16587,;433.035779,8.21596,;433.035779,8.26604,;433.035779,8.31613,;433.035779,8.36625,;433.035779,8.41634,;433.035779,8.46643,;433.035779,8.5165,;398.260850,8.56662,;398.260850,8.61671,;398.260850,8.66685,;398.260850,8.71693,;398.260850,8.76704,;398.260850,8.81716,;398.260850,8.86723,;398.260850,8.91731,;398.260850,8.9674,;398.260850,9.01748,;398.260850,9.06759,;398.260850,9.11769,;398.260850,9.16783,;398.260850,9.21795,;398.260850,9.26806,;398.260850,9.31817,;398.260850,9.36826,;398.260850,9.41836,;398.260850,9.46846,;398.260850,9.51859,;398.260850,9.56867,;398.260850,9.61875,;398.260850,9.66883,;398.260850,9.71892,;398.260850,9.76901,;398.260850,9.8191,;398.260850,9.86918,;398.260850,9.91927,;398.260850,9.96939,;398.260850,10.0195,;398.260850,10.0696,;
inf,0.0500954,;inf,0.100179,;inf,0.150293,;inf,0.200399,;643.135153,0.250508,;643.135153,0.300598,;643.135153,0.350693,;643.135153,0.400776,;643.135153,0.450857,;643.135153,0.500951,;643.135153,0.551056,;643.135153,0.601138,;643.135153,0.651231,;643.135153,0.701324,;629.114431,0.751412,;629.114431,0.801499,;629.114431,0.85158,;628.121426,0.901684,;628.121426,0.951768,;628.121426,1.00185,;628.121426,1.05194,;628.121426,1.10202,;628.121426,1.1521,;628.121426,1.20219,;624.708009,1.25227,;624.708009,1.30235,;624.708009,1.35244,;624.708009,1.40253,;624.708009,1.45263,;624.708009,1.50272,;624.708009,1.55281,;624.708009,1.60291,;624.708009,1.653,;624.708009,1.70313,;624.708009,1.75321,;624.708009,1.80333,;624.708009,1.85341,;624.708009,1.9035,;579.441401,1.95358,;579.441401,2.00368,;579.441401,2.05379,;579.441401,2.10388,;579.441401,2.15397,;579.441401,2.20409,;579.441401,2.25418,;579.441401,2.30427,;579.441401,2.35436,;579.441401,2.40445,;579.441401,2.45455,;579.441401,2.50465,;579.441401,2.55475,;579.441401,2.60485,;579.441401,2.65494,;579.441401,2.70504,;558.491839,2.75513,;558.491839,2.80521,;558.491839,2.85528,;558.491839,2.90538,;558.491839,2.95547,;558.491839,3.00555,;558.491839,3.05564,;558.491839,3.10572,;558.491839,3.1558,;545.483178,3.20592,;545.483178,3.25597,;545.483178,3.30609,;538.262033,3.35618,;538.262033,3.40629,;538.262033,3.45638,;538.262033,3.50647,;538.262033,3.55657,;538.262033,3.60669,;534.608573,3.65678,;534.608573,3.70687,;534.608573,3.75697,;534.608573,3.80706,;534.608573,3.85717,;534.608573,3.90727,;534.608573,3.95736,;533.875060,4.00745,;533.875060,4.05757,;533.875060,4.10765,;533.875060,4.15774,;511.976002,4.20783,;511.976002,4.25791,;511.976002,4.308,;511.976002,4.35812,;511.976002,4.4082,;511.976002,4.45829,;511.976002,4.50837,;511.976002,4.55845,;511.976002,4.60853,;511.976002,4.65862,;511.976002,4.7087,;511.976002,4.75882,;511.976002,4.80893,;429.232554,4.85901,;429.232554,4.90913,;429.232554,4.95925,;429.232554,5.00933,;429.232554,5.05942,;429.232554,5.10954,;416.225778,5.15967,;416.225778,5.20978,;416.225778,5.25986,;416.225778,5.30999,;416.225778,5.36009,;416.225778,5.41021,;416.225778,5.46031,;416.225778,5.5104,;416.225778,5.56049,;416.225778,5.61057,;416.225778,5.66065,;416.225778,5.71077,;416.225778,5.76086,;416.225778,5.81095,;416.225778,5.86103,;416.225778,5.91114,;416.225778,5.96126,;416.225778,6.01134,;416.225778,6.06146,;416.225778,6.11154,;416.225778,6.16164,;416.225778,6.21172,;416.225778,6.26181,;416.225778,6.31189,;416.225778,6.36199,;416.225778,6.41211,;416.225778,6.46223,;416.225778,6.51231,;416.225778,6.5624,;416.225778,6.61249,;416.225778,6.66258,;416.225778,6.7127,;416.225778,6.76282,;416.225778,6.81291,;416.225778,6.86304,;416.225778,6.91315,;416.225778,6.96324,;416.225778,7.01335,;416.225778,7.06343,;416.225778,7.11355,;416.225778,7.16364,;416.225778,7.21376,;416.225778,7.26385,;416.225778,7.31397,;416.225778,7.36405,;416.225778,7.41414,;416.225778,7.46424,;416.225778,7.51435,;416.225778,7.56443,;416.225778,7.61456,;416.225778,7.66464,;416.225778,7.71475,;416.225778,7.76487,;416.225778,7.81499,;416.225778,7.8651,;416.225778,7.91524,;396.217891,7.96536,;396.217891,8.01553,;396.217891,8.06566,;396.217891,8.11574,;396.217891,8.16587,;396.217891,8.21595,;396.217891,8.26606,;396.217891,8.31615,;384.641960,8.36626,;384.641960,8.41634,;354.398566,8.46644,;354.398566,8.51656,;354.398566,8.56668,;354.398566,8.61676,;354.398566,8.66689,;354.398566,8.717,;354.398566,8.76709,;354.398566,8.81721,;354.398566,8.86733,;354.398566,8.91743,;354.398566,8.96751,;354.398566,9.01759,;354.398566,9.06768,;354.398566,9.11776,;354.398566,9.16785,;354.398566,9.21796,;354.398566,9.26806,;354.398566,9.31813,;354.398566,9.36822,;354.398566,9.4183,;354.398566,9.46837,;354.398566,9.51849,;354.398566,9.56857,;354.398566,9.61868,;354.398566,9.6688,;354.398566,9.71887,;354.398566,9.76895,;354.398566,9.81904,;354.398566,9.86913,;354.398566,9.91924,;354.398566,9.96932,;354.398566,10.0194,;
inf,0.0500574,;inf,0.100168,;inf,0.150239,;588.310236,0.200313,;547.933863,0.250386,;547.933863,0.300504,;547.933863,0.350615,;547.933863,0.400721,;547.933863,0.450799,;547.933863,0.500892,;547.933863,0.551006,;547.933863,0.601115,;547.933863,0.651225,;547.933863,0.701336,;547.933863,0.75141,;547.933863,0.801496,;547.933863,0.851591,;547.933863,0.90169,;547.933863,0.951775,;547.933863,1.00187,;547.933863,1.05196,;547.933863,1.10209,;547.933863,1.15221,;534.969814,1.20229,;534.969814,1.25238,;534.969814,1.30248,;534.969814,1.35256,;534.969814,1.40265,;534.969814,1.45275,;534.969814,1.50283,;534.969814,1.5529,;534.969814,1.60298,;534.969814,1.65307,;534.969814,1.70315,;534.969814,1.75323,;534.969814,1.80332,;534.969814,1.85345,;534.969814,1.90353,;527.313501,1.95363,;527.313501,2.00375,;527.313501,2.05383,;527.313501,2.10392,;527.313501,2.154,;527.313501,2.20409,;527.313501,2.25417,;527.313501,2.30428,;527.313501,2.35437,;527.313501,2.40449,;527.313501,2.45459,;527.313501,2.5047,;527.313501,2.5548,;527.313501,2.60488,;527.313501,2.65496,;527.313501,2.70506,;527.313501,2.75515,;527.313501,2.80526,;520.423141,2.85535,;520.423141,2.90543,;520.423141,2.95552,;519.653142,3.00562,;519.653142,3.05571,;519.653142,3.10581,;519.653142,3.15593,;519.653142,3.20604,;519.653142,3.25612,;519.653142,3.30621,;519.653142,3.35629,;519.653142,3.40637,;519.653142,3.45648,;519.653142,3.50657,;519.653142,3.55665,;509.582153,3.60675,;509.582153,3.65683,;509.582153,3.70693,;509.582153,3.75702,;509.582153,3.80711,;509.582153,3.8572,;509.582153,3.9073,;509.582153,3.95739,;509.582153,4.00747,;509.582153,4.05756,;509.582153,4.10768,;509.582153,4.1578,;509.582153,4.20789,;509.582153,4.25802,;509.582153,4.3081,;509.582153,4.35819,;509.582153,4.4083,;509.582153,4.45838,;509.582153,4.50848,;509.582153,4.55856,;509.582153,4.60866,;509.582153,4.65876,;509.582153,4.70884,;509.582153,4.75896,;509.582153,4.80904,;509.582153,4.85912,;509.582153,4.9092,;509.582153,4.9593,;509.582153,5.00939,;509.582153,5.05948,;509.582153,5.10958,;509.582153,5.15967,;509.582153,5.20977,;509.582153,5.25987,;509.582153,5.30997,;423.138203,5.36008,;423.138203,5.41016,;423.138203,5.46026,;423.138203,5.51033,;423.138203,5.56042,;423.138203,5.61055,;423.138203,5.66066,;423.138203,5.71076,;423.138203,5.76088,;423.138203,5.81097,;423.138203,5.86108,;423.138203,5.91117,;423.138203,5.96128,;423.138203,6.0114,;423.138203,6.06152,;423.138203,6.11163,;419.291067,6.16172,;419.291067,6.21181,;418.333688,6.26191,;418.333688,6.312,;418.333688,6.36204,;418.333688,6.41216,;418.333688,6.46224,;418.333688,6.51232,;418.333688,6.5624,;418.333688,6.61248,;418.333688,6.66257,;418.333688,6.71266,;418.333688,6.76275,;418.333688,6.81284,;418.333688,6.86294,;418.333688,6.91303,;376.711909,6.96311,;376.711909,7.01321,;376.711909,7.06329,;376.711909,7.11338,;376.711909,7.16347,;376.711909,7.21355,;376.711909,7.26363,;376.711909,7.31372,;376.711909,7.36384,;376.711909,7.41393,;376.711909,7.46404,;376.711909,7.51413,;376.711909,7.56422,;376.711909,7.61431,;376.711909,7.6644,;376.711909,7.71449,;376.711909,7.76458,;376.711909,7.81467,;376.711909,7.86476,;376.711909,7.91484,;376.711909,7.96492,;376.711909,8.01501,;376.711909,8.06513,;376.711909,8.11522,;376.711909,8.16531,;376.711909,8.21544,;376.711909,8.26555,;376.711909,8.31565,;376.711909,8.36576,;376.711909,8.41584,;376.711909,8.46596,;376.711909,8.51607,;376.711909,8.56617,;376.711909,8.61625,;376.711909,8.66634,;376.711909,8.71643,;376.711909,8.76651,;376.711909,8.8166,;376.711909,8.86669,;376.711909,8.91677,;376.711909,8.96686,;376.711909,9.01694,;376.711909,9.06703,;376.711909,9.11712,;376.711909,9.16721,;376.711909,9.21729,;376.711909,9.26738,;376.711909,9.31747,;376.711909,9.36756,;376.711909,9.41764,;376.711909,9.46772,;376.711909,9.51781,;376.711909,9.5679,;376.711909,9.61801,;376.711909,9.6681,;376.711909,9.71818,;376.711909,9.76828,;376.711909,9.81837,;376.711909,9.86847,;376.711909,9.91855,;376.711909,9.96864,;376.711909,10.0187,;376.711909,10.0688,;
inf,0.0500566,;754.048826,0.100204,;754.048826,0.150294,;754.048826,0.200384,;754.048826,0.250476,;754.048826,0.300555,;754.048826,0.350641,;754.048826,0.400714,;754.048826,0.450844,;754.048826,0.500919,;754.048826,0.551042,;754.048826,0.601121,;754.048826,0.651211,;721.079620,0.701289,;678.425391,0.751378,;678.425391,0.801468,;677.250170,0.851562,;677.250170,0.901645,;677.250170,0.951729,;677.250170,1.00181,;677.250170,1.0519,;677.250170,1.10199,;677.250170,1.15209,;677.250170,1.20219,;677.250170,1.25229,;677.250170,1.30238,;677.250170,1.35248,;677.250170,1.40257,;653.768368,1.45265,;653.768368,1.50274,;653.768368,1.55282,;653.768368,1.6029,;653.768368,1.653,;653.768368,1.70312,;653.768368,1.75321,;653.768368,1.80335,;653.768368,1.85344,;653.768368,1.90356,;653.768368,1.95365,;642.246749,2.00374,;642.246749,2.05383,;642.246749,2.10392,;632.745996,2.154,;632.745996,2.20409,;632.745996,2.2542,;632.745996,2.30429,;632.745996,2.35441,;632.745996,2.40454,;632.745996,2.45463,;632.745996,2.50472,;632.745996,2.55481,;632.745996,2.60489,;632.745996,2.65502,;632.745996,2.7051,;632.745996,2.75519,;632.745996,2.80528,;632.745996,2.85535,;632.745996,2.90543,;630.862064,2.95556,;630.862064,3.00563,;630.862064,3.05571,;630.862064,3.1058,;630.862064,3.1559,;630.862064,3.206,;630.862064,3.2561,;630.862064,3.30619,;630.862064,3.35629,;630.862064,3.40642,;630.862064,3.45651,;630.862064,3.5066,;630.862064,3.55669,;630.862064,3.60681,;629.435523,3.6569,;629.435523,3.70698,;629.435523,3.75706,;629.435523,3.80715,;629.435523,3.85724,;629.435523,3.90732,;629.435523,3.95742,;629.435523,4.00752,;629.435523,4.05762,;629.435523,4.1077,;629.435523,4.15779,;629.435523,4.20788,;629.435523,4.25796,;629.435523,4.30804,;629.435523,4.35813,;629.435523,4.40822,;629.435523,4.45831,;629.435523,4.5084,;629.435523,4.55849,;629.435523,4.60859,;629.435523,4.65866,;629.435523,4.70874,;629.435523,4.75882,;629.435523,4.8089,;498.430361,4.85899,;498.430361,4.90906,;498.430361,4.95914,;498.430361,5.00926,;498.430361,5.05935,;498.430361,5.10943,;498.430361,5.15952,;498.430361,5.20961,;498.430361,5.25971,;498.430361,5.3098,;498.430361,5.35989,;498.430361,5.40999,;498.430361,5.46008,;498.430361,5.51017,;498.430361,5.56026,;498.430361,5.61035,;498.430361,5.66044,;498.430361,5.71056,;498.430361,5.76063,;480.712563,5.81072,;480.712563,5.8608,;480.712563,5.91088,;480.712563,5.96098,;480.712563,6.01107,;480.712563,6.06117,;480.712563,6.11126,;480.712563,6.16135,;480.712563,6.21145,;480.712563,6.26158,;480.712563,6.31166,;480.712563,6.36171,;480.712563,6.4118,;480.712563,6.46189,;480.712563,6.51198,;480.712563,6.56207,;480.712563,6.61216,;480.712563,6.66225,;480.712563,6.71233,;480.712563,6.76243,;480.712563,6.81253,;480.712563,6.86266,;480.712563,6.91274,;480.712563,6.96285,;480.712563,7.01294,;480.712563,7.06304,;480.712563,7.11313,;480.712563,7.16323,;480.712563,7.21332,;480.712563,7.26341,;480.712563,7.31349,;480.712563,7.36358,;480.712563,7.41367,;480.712563,7.46382,;480.712563,7.51392,;480.712563,7.56401,;480.712563,7.61409,;480.712563,7.66418,;480.712563,7.71428,;480.712563,7.76437,;480.712563,7.81447,;480.712563,7.86457,;480.712563,7.91467,;480.712563,7.96475,;414.969768,8.01483,;414.969768,8.06492,;414.969768,8.11502,;414.969768,8.16512,;414.969768,8.2152,;414.969768,8.26528,;414.969768,8.31537,;414.969768,8.36547,;414.969768,8.41555,;414.969768,8.46564,;414.969768,8.51573,;414.969768,8.56583,;414.969768,8.61595,;414.969768,8.66604,;414.969768,8.71614,;414.969768,8.76623,;414.969768,8.81636,;414.969768,8.86644,;414.969768,8.91657,;414.969768,8.96665,;414.969768,9.01673,;414.969768,9.06681,;414.969768,9.11691,;378.401424,9.16701,;378.401424,9.2171,;378.401424,9.26722,;378.401424,9.31731,;378.401424,9.36742,;378.401424,9.41751,;378.401424,9.46762,;378.401424,9.51771,;378.401424,9.56779,;378.401424,9.61787,;378.401424,9.66796,;378.401424,9.71804,;378.401424,9.76813,;378.401424,9.81822,;378.401424,9.86831,;378.401424,9.91841,;378.401424,9.96851,;369.691121,10.0186,;369.691121,10.0687,;
inf,0.0500674,;inf,0.100185,;673.359593,0.150297,;673.359593,0.200384,;673.359593,0.250502,;673.359593,0.300613,;673.359593,0.350702,;673.359593,0.400786,;657.890329,0.45088,;657.890329,0.500999,;657.890329,0.5511,;657.890329,0.6012,;606.299835,0.651289,;606.299835,0.701382,;606.299835,0.751488,;606.299835,0.801589,;606.299835,0.851688,;606.299835,0.901817,;602.686367,0.951922,;602.686367,1.00204,;602.686367,1.05213,;602.686367,1.10222,;602.686367,1.15233,;602.686367,1.20242,;602.686367,1.25253,;602.686367,1.30263,;602.686367,1.35273,;602.686367,1.40281,;602.686367,1.45289,;602.686367,1.50297,;602.686367,1.55306,;602.686367,1.60314,;602.686367,1.65324,;584.967321,1.70333,;584.967321,1.75342,;578.989785,1.80351,;578.727829,1.85363,;578.727829,1.90372,;578.727829,1.9538,;578.727829,2.00389,;578.727829,2.05398,;578.727829,2.10407,;578.727829,2.1542,;578.727829,2.20429,;578.727829,2.25438,;578.727829,2.30447,;578.727829,2.35456,;578.727829,2.40468,;578.727829,2.4548,;578.727829,2.5049,;578.727829,2.55502,;578.727829,2.60515,;578.727829,2.65524,;578.727829,2.70534,;578.727829,2.75544,;578.727829,2.80554,;578.727829,2.85564,;578.727829,2.90576,;561.578721,2.95585,;561.578721,3.00594,;561.578721,3.05607,;561.578721,3.1062,;561.578721,3.15628,;561.578721,3.20637,;561.578721,3.25646,;561.578721,3.30656,;561.578721,3.35666,;561.578721,3.40675,;523.150017,3.45687,;523.150017,3.50697,;523.150017,3.55707,;523.150017,3.60716,;523.150017,3.65725,;523.150017,3.70734,;523.150017,3.75743,;523.150017,3.80751,;523.150017,3.8576,;523.150017,3.90768,;523.150017,3.95776,;523.150017,4.00785,;523.150017,4.05794,;523.150017,4.10803,;523.150017,4.15812,;523.150017,4.20822,;523.150017,4.25832,;523.150017,4.30841,;523.150017,4.35851,;523.150017,4.4086,;523.150017,4.45871,;523.150017,4.50879,;523.150017,4.55887,;523.150017,4.60895,;523.150017,4.65904,;523.150017,4.70913,;523.150017,4.75923,;523.150017,4.80933,;523.150017,4.85942,;523.150017,4.90952,;523.150017,4.95961,;523.150017,5.0097,;523.150017,5.05982,;523.150017,5.1099,;513.471940,5.15998,;513.471940,5.21006,;513.471940,5.26017,;513.471940,5.31027,;513.471940,5.36038,;513.471940,5.41047,;513.471940,5.46056,;513.471940,5.51067,;513.471940,5.56077,;513.471940,5.61086,;511.421103,5.66097,;511.421103,5.71106,;511.421103,5.76115,;511.421103,5.81125,;511.421103,5.86135,;511.421103,5.91143,;511.421103,5.96152,;511.421103,6.01162,;511.421103,6.06172,;511.421103,6.11183,;511.421103,6.16193,;511.421103,6.21203,;511.421103,6.26215,;511.421103,6.31225,;511.421103,6.36238,;511.421103,6.41247,;511.421103,6.46256,;511.421103,6.51266,;511.421103,6.56275,;511.421103,6.61287,;511.421103,6.66295,;511.421103,6.71308,;511.421103,6.76317,;511.421103,6.81327,;511.421103,6.86336,;511.421103,6.91346,;511.421103,6.96355,;511.421103,7.01364,;511.421103,7.06376,;511.421103,7.11389,;511.421103,7.16396,;511.421103,7.21406,;511.421103,7.26416,;511.137585,7.31425,;511.137585,7.36435,;511.137585,7.41446,;511.137585,7.46454,;511.137585,7.51467,;511.137585,7.56477,;511.137585,7.61489,;511.137585,7.66497,;511.137585,7.71505,;511.137585,7.76517,;511.137585,7.81525,;511.137585,7.86538,;511.137585,7.91548,;511.137585,7.96556,;511.137585,8.01564,;511.137585,8.06573,;511.137585,8.11586,;511.137585,8.16595,;511.137585,8.21605,;511.137585,8.26617,;511.137585,8.31625,;511.137585,8.36637,;511.137585,8.41645,;511.137585,8.46658,;511.137585,8.51667,;511.137585,8.56674,;511.137585,8.61682,;511.137585,8.6669,;511.137585,8.717,;511.137585,8.7671,;511.137585,8.81719,;511.137585,8.86728,;511.137585,8.91739,;511.137585,8.96748,;511.137585,9.01758,;511.137585,9.06766,;511.137585,9.11779,;511.137585,9.16789,;511.137585,9.21801,;511.137585,9.2681,;511.137585,9.31823,;511.137585,9.36831,;511.137585,9.41842,;511.137585,9.46855,;511.137585,9.51866,;511.137585,9.5688,;511.137585,9.61888,;511.137585,9.66898,;511.137585,9.71907,;511.137585,9.76915,;511.137585,9.81925,;511.137585,9.86936,;511.137585,9.91948,;511.137585,9.9696,;511.137585,10.0196,;511.137585,10.0697,;
inf,0.0500571,;inf,0.100133,;738.749235,0.150219,;724.854890,0.2003,;724.854890,0.250388,;724.854890,0.300467,;724.854890,0.35054,;724.854890,0.400642,;717.766312,0.450733,;717.766312,0.500812,;717.766312,0.550887,;717.766312,0.600979,;717.766312,0.651065,;717.766312,0.701158,;717.766312,0.751252,;717.766312,0.801334,;717.766312,0.851453,;717.766312,0.901537,;717.766312,0.951627,;717.766312,1.00172,;717.766312,1.05184,;717.766312,1.10195,;685.327638,1.15203,;685.327638,1.20214,;685.327638,1.25225,;685.327638,1.30234,;685.327638,1.35242,;685.327638,1.4025,;685.327638,1.45258,;685.327638,1.50267,;685.327638,1.55274,;685.327638,1.60282,;685.327638,1.6529,;648.710839,1.703,;648.710839,1.75309,;648.710839,1.80321,;648.710839,1.85329,;648.710839,1.90336,;648.710839,1.95344,;648.710839,2.00352,;648.710839,2.05361,;639.982451,2.10369,;639.982451,2.15377,;639.982451,2.20389,;639.982451,2.25397,;639.982451,2.30405,;633.653583,2.35415,;633.653583,2.40426,;633.653583,2.45435,;633.653583,2.50443,;633.653583,2.55451,;633.653583,2.60459,;633.653583,2.65467,;633.653583,2.70474,;633.653583,2.75485,;633.653583,2.80493,;633.653583,2.85502,;633.653583,2.90513,;633.653583,2.95522,;633.653583,3.00531,;633.653583,3.05538,;633.653583,3.10547,;633.653583,3.15559,;633.653583,3.20567,;633.653583,3.25576,;633.653583,3.30584,;633.653583,3.35592,;633.653583,3.40601,;633.653583,3.4561,;633.653583,3.50618,;633.653583,3.5563,;633.653583,3.60639,;633.653583,3.65647,;633.653583,3.70655,;633.653583,3.75661,;633.653583,3.80669,;633.653583,3.85677,;633.653583,3.90684,;633.653583,3.95692,;633.653583,4.00703,;633.653583,4.05712,;633.653583,4.1072,;633.653583,4.15728,;633.653583,4.20738,;633.653583,4.25747,;633.653583,4.30755,;633.653583,4.35763,;633.653583,4.40772,;633.653583,4.45781,;633.653583,4.50791,;633.653583,4.558,;633.653583,4.60808,;633.653583,4.65816,;633.653583,4.70824,;633.653583,4.75832,;633.653583,4.8084,;633.653583,4.85849,;633.653583,4.90857,;633.653583,4.95864,;631.566108,5.00872,;631.566108,5.05881,;631.566108,5.10885,;631.566108,5.15897,;631.566108,5.20906,;631.566108,5.25915,;631.566108,5.30924,;631.566108,5.35935,;631.566108,5.40943,;631.566108,5.45952,;631.566108,5.5096,;631.566108,5.55968,;631.566108,5.60978,;631.566108,5.65987,;631.566108,5.70995,;631.566108,5.76007,;631.566108,5.81014,;631.566108,5.86022,;631.566108,5.9103,;631.566108,5.96037,;631.566108,6.01046,;631.566108,6.06054,;631.566108,6.11062,;631.566108,6.1607,;631.566108,6.21078,;631.566108,6.26087,;631.566108,6.31094,;631.566108,6.36103,;631.566108,6.41112,;631.566108,6.4612,;631.566108,6.51127,;631.566108,6.56135,;631.566108,6.61143,;631.566108,6.66153,;631.566108,6.71163,;631.566108,6.76172,;631.566108,6.81181,;629.431774,6.86189,;629.431774,6.91196,;629.431774,6.96204,;629.431774,7.01213,;629.431774,7.06223,;629.431774,7.11231,;629.431774,7.16244,;629.431774,7.21253,;629.431774,7.26265,;629.431774,7.31273,;629.431774,7.36281,;629.431774,7.41289,;629.431774,7.46301,;629.431774,7.51309,;629.431774,7.56325,;629.431774,7.61331,;629.431774,7.6634,;629.431774,7.71352,;629.431774,7.76363,;628.897407,7.81372,;628.897407,7.8638,;628.897407,7.91388,;628.897407,7.964,;628.897407,8.01409,;628.897407,8.06418,;628.897407,8.11425,;628.897407,8.16438,;628.897407,8.21445,;628.897407,8.26457,;628.897407,8.31469,;628.897407,8.36477,;628.897407,8.41488,;628.897407,8.46497,;628.897407,8.51508,;628.897407,8.56516,;628.897407,8.61525,;628.897407,8.66535,;628.897407,8.71544,;628.897407,8.76555,;628.897407,8.81564,;628.897407,8.86574,;628.897407,8.91582,;628.897407,8.96592,;628.897407,9.01605,;628.897407,9.06614,;628.897407,9.11623,;628.897407,9.16636,;628.897407,9.2165,;454.370608,9.26659,;454.370608,9.31668,;454.370608,9.3668,;454.370608,9.41688,;387.603911,9.467,;387.603911,9.51707,;387.603911,9.56717,;387.603911,9.61726,;387.603911,9.66739,;387.603911,9.71747,;387.603911,9.76756,;387.603911,9.81765,;387.603911,9.86774,;387.603911,9.91786,;387.603911,9.96795,;387.603911,10.018,;387.603911,10.0681,;
inf,0.050074,;inf,0.100151,;inf,0.150227,;inf,0.200333,;inf,0.25041,;inf,0.300524,;688.176990,0.3506,;688.176990,0.400677,;688.176990,0.450757,;688.176990,0.500869,;688.176990,0.550963,;596.048128,0.601054,;596.048128,0.65115,;596.048128,0.701265,;596.048128,0.751353,;596.048128,0.801446,;596.048128,0.851534,;587.777800,0.90162,;587.777800,0.95171,;587.777800,1.0018,;587.777800,1.05188,;587.777800,1.10197,;587.777800,1.15207,;587.777800,1.20217,;565.057860,1.25227,;565.057860,1.30237,;565.057860,1.35245,;509.828931,1.40265,;509.828931,1.45275,;509.828931,1.50284,;509.828931,1.55294,;509.828931,1.60302,;509.828931,1.65311,;509.828931,1.7032,;509.828931,1.75328,;509.828931,1.80337,;509.828931,1.85345,;509.828931,1.90354,;509.828931,1.95362,;509.828931,2.0037,;509.828931,2.05377,;509.828931,2.10385,;509.828931,2.15395,;509.828931,2.20404,;509.828931,2.25413,;509.828931,2.30423,;509.828931,2.35439,;509.828931,2.40447,;509.828931,2.45456,;509.828931,2.50465,;509.828931,2.55474,;509.828931,2.60483,;509.828931,2.65492,;509.828931,2.70501,;509.828931,2.7551,;509.828931,2.8052,;509.828931,2.85529,;509.828931,2.90538,;509.828931,2.95546,;509.828931,3.00555,;509.828931,3.05564,;509.828931,3.10574,;509.828931,3.15582,;509.828931,3.20593,;509.828931,3.25605,;509.828931,3.30616,;509.828931,3.35625,;509.828931,3.40636,;509.828931,3.45644,;509.828931,3.50652,;509.828931,3.5566,;509.828931,3.60672,;509.828931,3.6568,;509.828931,3.7069,;509.828931,3.75697,;509.828931,3.80706,;509.828931,3.85714,;509.828931,3.90722,;507.936257,3.9573,;507.936257,4.00738,;507.936257,4.05747,;507.936257,4.10755,;507.936257,4.15763,;507.936257,4.20772,;507.936257,4.25781,;507.936257,4.30789,;507.936257,4.35797,;507.936257,4.40805,;507.936257,4.45813,;507.936257,4.5082,;507.936257,4.55829,;507.936257,4.60836,;507.936257,4.65844,;507.936257,4.70852,;507.936257,4.75859,;507.936257,4.8087,;507.936257,4.85879,;507.936257,4.90888,;507.936257,4.95899,;507.936257,5.00907,;507.936257,5.0592,;507.936257,5.10929,;507.936257,5.15937,;507.936257,5.20946,;507.936257,5.25956,;507.936257,5.30964,;507.936257,5.35974,;507.936257,5.40982,;507.936257,5.45991,;507.936257,5.51001,;507.936257,5.56009,;503.732787,5.61017,;503.732787,5.66025,;503.732787,5.71035,;503.732787,5.76043,;503.732787,5.81051,;503.732787,5.86059,;503.732787,5.91066,;503.732787,5.96074,;503.732787,6.01081,;503.732787,6.06089,;503.732787,6.11097,;503.732787,6.16105,;503.732787,6.21113,;503.732787,6.26121,;503.732787,6.31128,;503.732787,6.36136,;503.732787,6.41144,;503.732787,6.46153,;503.732787,6.51161,;503.732787,6.56169,;499.385855,6.61177,;499.385855,6.66186,;499.385855,6.71195,;499.385855,6.76204,;499.385855,6.81213,;499.385855,6.86222,;488.378563,6.9123,;488.378563,6.96239,;488.378563,7.01246,;488.378563,7.06255,;488.378563,7.11263,;488.378563,7.16271,;488.378563,7.21279,;488.378563,7.26288,;488.378563,7.31297,;488.378563,7.36309,;488.378563,7.41316,;488.378563,7.46328,;488.378563,7.51336,;488.378563,7.56347,;488.378563,7.61355,;488.378563,7.66367,;488.378563,7.71378,;488.378563,7.76389,;488.378563,7.81397,;488.378563,7.86408,;488.378563,7.9142,;488.378563,7.96432,;488.378563,8.01443,;488.378563,8.0645,;488.378563,8.11458,;488.378563,8.16466,;488.378563,8.21474,;488.378563,8.26482,;488.378563,8.31491,;488.378563,8.36499,;488.378563,8.41507,;488.378563,8.46519,;488.378563,8.51531,;488.378563,8.56538,;488.378563,8.61549,;488.378563,8.66557,;488.378563,8.71568,;488.378563,8.76577,;488.378563,8.81589,;488.378563,8.86597,;488.378563,8.91621,;488.378563,8.96629,;488.378563,9.01634,;488.378563,9.06643,;488.378563,9.11651,;488.378563,9.1666,;488.378563,9.21667,;488.378563,9.26677,;488.378563,9.31686,;488.378563,9.36697,;488.378563,9.41705,;488.378563,9.46713,;488.378563,9.51722,;488.378563,9.56731,;488.378563,9.61741,;488.378563,9.66751,;488.378563,9.7176,;488.378563,9.7677,;488.378563,9.81779,;486.333490,9.86788,;486.333490,9.91798,;486.333490,9.96808,;486.333490,10.0182,;486.333490,10.0683,;
inf,0.0500683,;578.882511,0.100191,;578.882511,0.150278,;578.882511,0.200364,;578.882511,0.250446,;542.600977,0.300527,;542.600977,0.350611,;542.600977,0.400698,;542.600977,0.450789,;542.600977,0.500869,;542.600977,0.550953,;542.600977,0.601031,;542.600977,0.651117,;542.600977,0.701212,;542.600977,0.7513,;542.600977,0.801416,;531.092777,0.851528,;531.092777,0.901603,;531.092777,0.951689,;531.092777,1.00177,;531.092777,1.05185,;531.092777,1.10193,;531.092777,1.15204,;530.793866,1.20213,;530.793866,1.25221,;530.793866,1.30229,;530.793866,1.35241,;530.793866,1.40248,;530.793866,1.45257,;530.793866,1.50264,;530.793866,1.55273,;530.793866,1.60281,;530.793866,1.65285,;530.793866,1.70294,;530.793866,1.75302,;530.793866,1.8031,;530.793866,1.85317,;530.793866,1.90327,;530.793866,1.95335,;527.120630,2.00343,;527.120630,2.05351,;527.120630,2.1036,;527.120630,2.15368,;527.120630,2.20377,;527.120630,2.25385,;527.120630,2.30393,;527.120630,2.35402,;527.120630,2.40411,;527.120630,2.4542,;527.120630,2.50428,;527.120630,2.55436,;527.120630,2.60445,;527.120630,2.65453,;527.120630,2.70461,;527.120630,2.75469,;505.679898,2.80478,;505.679898,2.85487,;503.882265,2.90496,;503.882265,2.95505,;503.882265,3.00513,;503.882265,3.05523,;503.882265,3.10532,;503.882265,3.1554,;503.882265,3.20548,;503.882265,3.25557,;503.882265,3.30566,;503.882265,3.35575,;503.882265,3.40583,;503.882265,3.45592,;503.882265,3.50602,;503.882265,3.55615,;503.882265,3.60624,;503.882265,3.65632,;503.882265,3.70643,;503.882265,3.75652,;503.882265,3.80664,;503.882265,3.85672,;503.882265,3.90681,;503.882265,3.9569,;503.882265,4.00698,;503.882265,4.05707,;503.882265,4.10716,;503.882265,4.15726,;503.882265,4.20731,;503.882265,4.2574,;503.882265,4.3075,;503.882265,4.35759,;494.295288,4.40767,;494.295288,4.45775,;494.295288,4.50784,;493.385553,4.55793,;493.385553,4.60801,;493.385553,4.6581,;493.385553,4.70822,;493.385553,4.75832,;493.385553,4.80844,;493.385553,4.85853,;493.385553,4.90862,;493.385553,4.95873,;493.385553,5.00882,;493.385553,5.05893,;493.385553,5.10902,;407.066475,5.15911,;407.066475,5.2092,;407.066475,5.25931,;407.066475,5.30942,;407.066475,5.35959,;407.066475,5.40967,;407.066475,5.45979,;407.066475,5.50989,;407.066475,5.56001,;381.886461,5.6101,;381.886461,5.66021,;381.886461,5.71029,;381.886461,5.76038,;381.865673,5.81047,;381.865673,5.86057,;381.865673,5.91067,;381.747856,5.96077,;381.747856,6.01087,;381.747856,6.06097,;381.747856,6.11108,;381.747856,6.1612,;381.747856,6.21132,;381.747856,6.26144,;381.747856,6.31156,;381.747856,6.36164,;381.747856,6.41175,;381.747856,6.46184,;381.747856,6.51198,;381.747856,6.56207,;381.747856,6.61216,;381.747856,6.66225,;381.747856,6.7123,;381.747856,6.76239,;381.747856,6.8125,;381.747856,6.86259,;381.747856,6.91269,;381.747856,6.96278,;381.747856,7.0129,;381.747856,7.063,;381.747856,7.11309,;381.747856,7.16318,;381.747856,7.21328,;381.747856,7.26338,;381.747856,7.31347,;381.747856,7.36358,;381.747856,7.41366,;381.747856,7.46374,;381.747856,7.51383,;381.747856,7.56395,;381.747856,7.61404,;381.747856,7.66417,;381.747856,7.71426,;381.747856,7.76438,;381.747856,7.81447,;381.747856,7.86456,;380.053328,7.91465,;380.053328,7.96475,;380.053328,8.01488,;359.303715,8.06498,;359.303715,8.11506,;359.303715,8.16514,;359.303715,8.21523,;359.303715,8.26535,;359.303715,8.31547,;359.303715,8.36556,;359.303715,8.41568,;359.303715,8.46576,;359.303715,8.51585,;359.303715,8.56595,;359.303715,8.61608,;359.303715,8.66615,;359.303715,8.71625,;359.303715,8.76634,;359.303715,8.81642,;359.303715,8.8665,;359.303715,8.91659,;359.303715,8.96669,;359.303715,9.01677,;359.303715,9.06685,;359.303715,9.11697,;359.303715,9.16706,;359.303715,9.21716,;359.303715,9.26728,;359.303715,9.31737,;359.303715,9.36749,;359.303715,9.41757,;359.303715,9.46767,;359.303715,9.51775,;359.303715,9.56787,;359.303715,9.61796,;359.303715,9.66805,;359.303715,9.71818,;359.303715,9.76828,;359.303715,9.81838,;359.303715,9.86847,;359.303715,9.91856,;359.303715,9.96868,;359.303715,10.0188,;359.303715,10.0689,;
inf,0.0501321,;inf,0.100244,;inf,0.150355,;inf,0.200444,;inf,0.250563,;inf,0.300673,;inf,0.350738,;573.606472,0.400848,;555.852232,0.450922,;555.852232,0.500995,;555.852232,0.551076,;555.852232,0.601198,;555.852232,0.651287,;555.852232,0.701422,;555.852232,0.751501,;555.852232,0.801624,;555.852232,0.85172,;553.121603,0.90179,;553.121603,0.951863,;553.121603,1.00193,;553.121603,1.05201,;553.121603,1.10209,;553.121603,1.15217,;553.121603,1.20225,;553.121603,1.25233,;548.736561,1.30241,;548.736561,1.3525,;548.736561,1.4026,;548.736561,1.45267,;548.736561,1.50272,;544.577445,1.5528,;544.577445,1.60288,;544.577445,1.653,;544.577445,1.70309,;544.577445,1.75318,;544.577445,1.80326,;544.577445,1.85334,;544.577445,1.90342,;544.577445,1.9535,;544.577445,2.00358,;544.577445,2.05368,;544.577445,2.10376,;544.577445,2.15384,;544.577445,2.20393,;544.577445,2.25402,;544.577445,2.30411,;544.577445,2.35419,;544.577445,2.40426,;544.577445,2.45435,;544.577445,2.50444,;544.577445,2.55451,;544.577445,2.60461,;544.577445,2.65469,;544.577445,2.70479,;544.577445,2.75488,;544.577445,2.80496,;544.577445,2.85504,;544.577445,2.90515,;544.577445,2.95524,;544.577445,3.00534,;544.577445,3.05543,;544.577445,3.10553,;544.577445,3.15563,;544.577445,3.2057,;544.577445,3.25579,;544.577445,3.30588,;544.577445,3.35597,;544.577445,3.40606,;544.577445,3.45616,;544.577445,3.50625,;544.577445,3.55635,;544.577445,3.60644,;544.577445,3.65654,;544.577445,3.70663,;544.577445,3.75676,;544.577445,3.80685,;544.577445,3.85694,;544.577445,3.90703,;544.577445,3.95711,;544.577445,4.0072,;541.333831,4.05729,;541.333831,4.10738,;541.333831,4.15748,;541.333831,4.20755,;541.333831,4.25764,;541.333831,4.30773,;541.333831,4.35782,;541.333831,4.40791,;541.333831,4.45799,;541.333831,4.50807,;450.782513,4.55814,;421.732471,4.60826,;421.732471,4.65834,;421.732471,4.70841,;421.732471,4.7585,;421.732471,4.80858,;421.732471,4.85867,;421.732471,4.90875,;421.732471,4.95883,;421.732471,5.00892,;421.732471,5.05902,;421.732471,5.1091,;421.732471,5.15918,;421.732471,5.20926,;421.732471,5.25935,;421.732471,5.30943,;421.732471,5.35951,;417.157183,5.4096,;417.157183,5.45968,;417.157183,5.50977,;417.157183,5.55985,;417.157183,5.60994,;417.157183,5.66003,;417.157183,5.71013,;417.157183,5.76023,;417.157183,5.81031,;410.621073,5.8604,;410.621073,5.9105,;410.621073,5.96059,;410.621073,6.01072,;410.621073,6.06081,;410.621073,6.11088,;410.621073,6.16097,;410.621073,6.21107,;410.621073,6.26115,;410.621073,6.31125,;410.621073,6.36137,;410.621073,6.41146,;410.621073,6.46158,;410.621073,6.51166,;410.621073,6.56175,;410.621073,6.61184,;410.621073,6.66196,;410.621073,6.71205,;410.621073,6.76217,;407.011663,6.81229,;407.011663,6.86236,;407.011663,6.91243,;407.011663,6.96252,;407.011663,7.01261,;407.011663,7.06269,;407.011663,7.11277,;407.011663,7.16285,;407.011663,7.21296,;407.011663,7.26304,;407.011663,7.31313,;407.011663,7.36321,;407.011663,7.41332,;407.011663,7.4634,;407.011663,7.51351,;407.011663,7.5636,;407.011663,7.61371,;407.011663,7.66381,;407.011663,7.71389,;407.011663,7.76396,;407.011663,7.81405,;407.011663,7.86413,;407.011663,7.91422,;407.011663,7.96434,;407.011663,8.01443,;407.011663,8.06452,;407.011663,8.1146,;407.011663,8.16467,;407.011663,8.21472,;407.011663,8.2648,;407.011663,8.31487,;407.011663,8.36495,;407.011663,8.41505,;407.011663,8.46513,;407.011663,8.51523,;407.011663,8.56531,;407.011663,8.61539,;407.011663,8.6655,;407.011663,8.7156,;407.011663,8.7657,;407.011663,8.81578,;407.011663,8.86587,;407.011663,8.91597,;407.011663,8.96607,;407.011663,9.01616,;407.011663,9.06625,;407.011663,9.11634,;407.011663,9.16644,;407.011663,9.21656,;407.011663,9.26668,;407.011663,9.31681,;407.011663,9.36692,;407.011663,9.41704,;407.011663,9.46714,;407.011663,9.51725,;407.011663,9.56737,;406.483180,9.61749,;406.483180,9.66757,;406.483180,9.71769,;406.483180,9.76778,;406.483180,9.8179,;406.483180,9.86799,;406.483180,9.91808,;406.483180,9.96817,;406.483180,10.0183,;406.483180,10.0684,;
inf,0.0500572,;553.458468,0.100143,;553.458468,0.150259,;553.458468,0.200342,;553.458468,0.250431,;553.458468,0.300507,;546.940855,0.350581,;546.940855,0.400667,;546.940855,0.450761,;546.940855,0.500858,;525.014335,0.550972,;525.014335,0.601086,;525.014335,0.651163,;525.014335,0.701251,;525.014335,0.751333,;525.014335,0.801408,;525.014335,0.851481,;525.014335,0.901553,;525.014335,0.951631,;525.014335,1.00175,;488.287285,1.05184,;488.287285,1.10192,;488.287285,1.15199,;488.287285,1.20208,;488.287285,1.25219,;488.287285,1.30231,;488.287285,1.35239,;488.287285,1.40247,;488.287285,1.45255,;488.287285,1.50263,;488.287285,1.55271,;488.287285,1.60279,;488.287285,1.65288,;488.287285,1.70296,;488.287285,1.75304,;488.287285,1.80313,;488.287285,1.85322,;488.287285,1.90331,;488.287285,1.9534,;488.287285,2.00349,;488.287285,2.05357,;488.287285,2.10365,;488.287285,2.15373,;488.287285,2.20382,;488.287285,2.25392,;488.287285,2.30401,;477.850264,2.35409,;477.850264,2.40418,;477.850264,2.45427,;477.850264,2.50437,;477.850264,2.55445,;477.850264,2.60453,;477.850264,2.65461,;477.850264,2.70469,;477.850264,2.75479,;477.850264,2.80491,;477.850264,2.85501,;477.850264,2.9051,;477.850264,2.95519,;477.850264,3.00529,;477.850264,3.05538,;477.850264,3.10547,;477.850264,3.15556,;477.850264,3.20566,;477.850264,3.25575,;477.850264,3.30585,;477.850264,3.35593,;477.850264,3.40602,;477.850264,3.45611,;477.850264,3.5062,;477.850264,3.55629,;477.850264,3.6064,;477.850264,3.65648,;477.850264,3.70661,;477.850264,3.7567,;477.850264,3.80679,;477.850264,3.85686,;477.850264,3.90694,;477.850264,3.95706,;477.850264,4.00716,;477.850264,4.05727,;477.643174,4.10736,;477.643174,4.15744,;477.643174,4.20752,;477.643174,4.25761,;477.643174,4.30769,;477.643174,4.35777,;476.859043,4.40786,;476.859043,4.45796,;476.859043,4.50804,;476.859043,4.55813,;476.859043,4.60822,;476.859043,4.6583,;476.859043,4.7084,;476.859043,4.75848,;476.859043,4.80857,;476.859043,4.85866,;476.859043,4.90876,;476.859043,4.95885,;476.859043,5.00894,;476.859043,5.05906,;476.859043,5.10917,;476.859043,5.15925,;476.859043,5.20935,;476.859043,5.25943,;476.859043,5.30956,;476.859043,5.35964,;476.859043,5.40972,;476.859043,5.4598,;476.859043,5.5099,;476.859043,5.55999,;476.859043,5.61008,;476.859043,5.66017,;476.859043,5.71027,;476.859043,5.76033,;475.834979,5.81046,;475.834979,5.86054,;475.834979,5.91062,;475.834979,5.96071,;475.834979,6.0108,;475.834979,6.06089,;475.834979,6.11099,;475.834979,6.16107,;475.834979,6.21115,;475.834979,6.26123,;475.834979,6.31136,;475.834979,6.36146,;475.834979,6.41156,;475.834979,6.46164,;475.834979,6.51178,;475.834979,6.56187,;475.834979,6.61197,;475.834979,6.66207,;475.834979,6.71216,;475.834979,6.76227,;475.834979,6.81236,;475.834979,6.86245,;474.373530,6.91254,;474.373530,6.96262,;474.373530,7.01272,;474.373530,7.06281,;474.373530,7.1129,;474.373530,7.163,;474.373530,7.21309,;474.373530,7.26318,;474.373530,7.31328,;474.373530,7.36337,;474.373530,7.41345,;474.373530,7.46354,;474.373530,7.51364,;474.373530,7.56373,;474.373530,7.61381,;474.373530,7.6639,;466.269038,7.714,;466.269038,7.7641,;466.269038,7.81419,;466.269038,7.86429,;466.269038,7.91438,;466.269038,7.96447,;466.269038,8.01456,;464.800774,8.06464,;464.800774,8.11472,;464.800774,8.16481,;464.800774,8.21489,;464.800774,8.26502,;459.885194,8.31512,;459.885194,8.36521,;459.885194,8.41529,;459.885194,8.46539,;459.885194,8.51551,;459.885194,8.56559,;459.885194,8.61567,;459.885194,8.66576,;459.885194,8.71588,;459.885194,8.766,;459.885194,8.81614,;459.885194,8.86626,;459.885194,8.91634,;459.885194,8.96641,;459.885194,9.01649,;459.885194,9.06658,;459.885194,9.11666,;459.885194,9.16675,;459.885194,9.21683,;459.885194,9.26692,;459.885194,9.317,;459.885194,9.36709,;459.885194,9.41717,;459.885194,9.46725,;459.885194,9.51734,;459.885194,9.56742,;459.885194,9.61751,;459.885194,9.6676,;459.885194,9.71768,;459.885194,9.76777,;392.053245,9.81785,;392.053245,9.86794,;392.053245,9.91804,;392.053245,9.96813,;
inf,0.050076,;609.982719,0.100172,;609.982719,0.15027,;608.967404,0.200389,;608.967404,0.250485,;608.967404,0.300577,;608.967404,0.350682,;606.325964,0.400779,;606.325964,0.450902,;606.325964,0.501017,;606.325964,0.551133,;606.325964,0.601254,;606.325964,0.651372,;606.325964,0.701448,;606.325964,0.751523,;606.325964,0.80161,;606.325964,0.851693,;606.325964,0.901786,;606.325964,0.951908,;606.325964,1.00201,;606.325964,1.05212,;606.325964,1.10222,;606.325964,1.15234,;606.325964,1.20244,;571.116955,1.25255,;571.116955,1.30265,;571.116955,1.35277,;528.398747,1.40285,;507.012742,1.45294,;507.012742,1.50304,;507.012742,1.55312,;507.012742,1.60322,;507.012742,1.65328,;507.012742,1.70337,;507.012742,1.75345,;507.012742,1.80355,;507.012742,1.85364,;507.012742,1.90375,;507.012742,1.95385,;507.012742,2.00399,;507.012742,2.05407,;507.012742,2.10418,;507.012742,2.15428,;507.012742,2.20444,;507.012742,2.25453,;507.012742,2.30464,;507.012742,2.35472,;507.012742,2.4048,;412.897614,2.45494,;412.897614,2.50505,;412.897614,2.55516,;412.897614,2.60526,;412.897614,2.65537,;412.897614,2.70545,;412.897614,2.75557,;412.897614,2.80567,;412.897614,2.85579,;412.897614,2.90588,;412.897614,2.95601,;412.897614,3.00611,;412.897614,3.0562,;412.897614,3.10628,;412.897614,3.15636,;412.897614,3.20646,;412.897614,3.25655,;412.897614,3.30664,;412.897614,3.35674,;412.897614,3.40684,;412.897614,3.45697,;412.897614,3.50709,;374.008043,3.55721,;371.182353,3.60732,;371.182353,3.65741,;371.182353,3.70749,;371.182353,3.75758,;370.044822,3.80768,;370.044822,3.85777,;370.044822,3.90786,;370.044822,3.95794,;370.044822,4.00804,;370.044822,4.05813,;370.044822,4.10823,;365.933774,4.15832,;365.933774,4.20841,;365.933774,4.2585,;365.933774,4.3086,;365.933774,4.35869,;365.933774,4.40878,;365.933774,4.45891,;365.933774,4.50899,;365.933774,4.55909,;365.933774,4.60917,;365.933774,4.65927,;365.933774,4.70935,;365.933774,4.75948,;365.933774,4.80957,;365.933774,4.85972,;365.933774,4.9098,;365.933774,4.9599,;365.933774,5.00998,;365.933774,5.06008,;365.933774,5.11018,;365.933774,5.16028,;365.933774,5.21037,;365.933774,5.26046,;365.933774,5.31055,;365.933774,5.36061,;365.933774,5.41071,;365.933774,5.46081,;365.933774,5.5109,;365.933774,5.56099,;365.933774,5.61109,;365.933774,5.66117,;365.933774,5.71127,;365.933774,5.76136,;365.933774,5.81144,;365.933774,5.86152,;365.933774,5.91161,;365.933774,5.96171,;365.933774,6.01181,;365.933774,6.06191,;365.933774,6.11201,;365.933774,6.16211,;365.933774,6.21221,;365.933774,6.26229,;360.435108,6.31237,;360.435108,6.36246,;360.435108,6.41254,;360.435108,6.46263,;360.435108,6.51272,;360.435108,6.5628,;360.435108,6.61289,;360.435108,6.66299,;360.435108,6.7131,;360.435108,6.76319,;360.435108,6.81325,;360.435108,6.86337,;360.435108,6.91345,;360.435108,6.96354,;360.435108,7.01366,;360.435108,7.06375,;360.435108,7.11384,;360.435108,7.16397,;360.435108,7.21406,;360.435108,7.26417,;360.435108,7.31427,;360.435108,7.36437,;360.435108,7.41446,;360.435108,7.46456,;360.435108,7.51466,;360.435108,7.56475,;360.435108,7.61484,;360.435108,7.66494,;360.435108,7.71506,;360.435108,7.76518,;360.435108,7.81532,;360.435108,7.8654,;360.435108,7.91551,;360.435108,7.96561,;360.435108,8.01575,;360.435108,8.06583,;360.435108,8.11596,;360.435108,8.16604,;360.435108,8.21615,;360.435108,8.26624,;360.435108,8.31636,;360.435108,8.36646,;360.435108,8.41657,;360.435108,8.46667,;360.435108,8.5168,;360.435108,8.56688,;360.435108,8.61698,;360.435108,8.66708,;360.435108,8.71717,;360.435108,8.76727,;360.435108,8.81735,;360.435108,8.86745,;360.435108,8.91754,;360.435108,8.96763,;360.435108,9.01772,;360.435108,9.06785,;360.435108,9.11794,;360.435108,9.16804,;360.435108,9.21813,;360.435108,9.26821,;360.435108,9.31829,;360.435108,9.36841,;360.435108,9.4185,;360.435108,9.4686,;360.435108,9.51868,;360.435108,9.56881,;360.435108,9.61892,;360.435108,9.66902,;360.435108,9.71912,;360.435108,9.76926,;360.435108,9.81938,;354.667780,9.86946,;354.667780,9.91957,;354.667780,9.96967,;354.667780,10.0198,;354.667780,10.0699,;
inf,0.0500919,;685.668445,0.100189,;685.668445,0.150273,;685.668445,0.200381,;632.180692,0.250519,;619.415198,0.300614,;619.415198,0.350738,;619.415198,0.400833,;619.415198,0.450952,;619.415198,0.501047,;619.415198,0.551165,;619.415198,0.601285,;619.415198,0.651403,;619.415198,0.701518,;619.415198,0.751644,;619.415198,0.801759,;619.415198,0.851837,;619.415198,0.901926,;619.415198,0.95201,;613.148294,1.00213,;612.170167,1.05224,;612.170167,1.10236,;612.170167,1.15246,;612.170167,1.20254,;612.170167,1.25262,;612.170167,1.30272,;612.170167,1.3528,;612.170167,1.4029,;589.635378,1.45302,;589.635378,1.50314,;589.635378,1.55325,;589.635378,1.60336,;589.635378,1.65348,;589.635378,1.70357,;589.635378,1.75369,;589.635378,1.80378,;585.915281,1.85389,;585.915281,1.90397,;585.915281,1.95409,;585.915281,2.00418,;585.915281,2.0543,;585.915281,2.10439,;585.915281,2.15451,;585.915281,2.2046,;585.915281,2.25472,;585.915281,2.30482,;585.915281,2.3549,;585.318634,2.40499,;585.318634,2.45507,;582.326378,2.50515,;582.326378,2.55527,;582.326378,2.60535,;582.326378,2.65544,;582.326378,2.70553,;582.326378,2.75565,;582.326378,2.80577,;582.326378,2.85584,;582.326378,2.90595,;582.326378,2.95604,;582.326378,3.00616,;582.326378,3.05626,;582.326378,3.10639,;582.326378,3.15649,;582.326378,3.2066,;582.326378,3.25668,;582.326378,3.3068,;582.326378,3.3569,;582.326378,3.40702,;582.326378,3.45714,;582.326378,3.50727,;582.326378,3.55735,;582.326378,3.60748,;582.326378,3.6576,;582.326378,3.70773,;582.326378,3.75781,;582.326378,3.80789,;582.326378,3.85798,;582.326378,3.90808,;582.326378,3.95822,;582.326378,4.00832,;582.326378,4.0584,;582.326378,4.10849,;582.326378,4.15862,;481.308543,4.20872,;481.308543,4.2588,;481.308543,4.30888,;481.308543,4.359,;481.308543,4.40908,;481.308543,4.45918,;481.308543,4.50928,;481.308543,4.55938,;481.308543,4.60947,;481.308543,4.65955,;481.308543,4.70963,;481.308543,4.75972,;481.308543,4.80981,;481.308543,4.8599,;440.628109,4.90998,;429.994809,4.96006,;429.994809,5.01014,;429.994809,5.06023,;429.994809,5.11032,;429.994809,5.1604,;406.064043,5.2105,;406.064043,5.26058,;406.064043,5.31066,;406.064043,5.36075,;406.064043,5.41085,;406.064043,5.46091,;406.064043,5.511,;406.064043,5.56108,;406.064043,5.61117,;406.064043,5.66127,;406.064043,5.71136,;406.064043,5.76147,;406.064043,5.81155,;406.064043,5.86163,;406.064043,5.91168,;406.064043,5.96177,;406.064043,6.01186,;406.064043,6.06196,;406.064043,6.11205,;406.064043,6.16213,;406.064043,6.21222,;406.064043,6.26231,;406.064043,6.3124,;406.064043,6.36249,;406.064043,6.41259,;406.064043,6.46269,;406.064043,6.51279,;406.064043,6.56291,;406.064043,6.613,;406.064043,6.6631,;406.064043,6.71322,;406.064043,6.76334,;406.064043,6.81343,;406.064043,6.86351,;406.064043,6.91359,;406.064043,6.96368,;406.064043,7.01377,;406.064043,7.06386,;406.064043,7.11396,;406.064043,7.16405,;406.064043,7.21416,;406.064043,7.26425,;406.064043,7.31435,;406.064043,7.36444,;406.064043,7.41454,;406.064043,7.46464,;406.064043,7.51474,;406.064043,7.56484,;406.064043,7.61494,;406.064043,7.66504,;406.064043,7.71516,;406.064043,7.76524,;406.064043,7.81534,;406.064043,7.86543,;406.064043,7.91553,;406.064043,7.96562,;406.064043,8.01575,;406.064043,8.06587,;406.064043,8.11595,;406.064043,8.16605,;406.064043,8.21614,;406.064043,8.26625,;406.064043,8.31635,;406.064043,8.36647,;406.064043,8.41658,;406.064043,8.4667,;406.064043,8.5168,;406.064043,8.56692,;406.064043,8.61701,;406.064043,8.66711,;406.064043,8.71719,;406.064043,8.76729,;406.064043,8.81738,;406.064043,8.86746,;406.064043,8.91758,;406.064043,8.96767,;406.064043,9.01776,;406.064043,9.06784,;406.064043,9.11792,;406.064043,9.16799,;406.064043,9.21807,;406.064043,9.26814,;406.064043,9.31822,;406.064043,9.3683,;406.064043,9.41837,;406.064043,9.46845,;406.064043,9.51852,;406.064043,9.56859,;406.064043,9.61867,;406.064043,9.66874,;406.064043,9.71882,;406.064043,9.76891,;406.064043,9.819,;406.064043,9.86908,;406.064043,9.91918,;404.735382,9.96928,;404.735382,10.0194,;404.735382,10.0694,;
inf,0.0500943,;inf,0.100176,;inf,0.150257,;inf,0.20038,;inf,0.25046,;inf,0.300576,;inf,0.35067,;inf,0.40079,;inf,0.450868,;777.112346,0.50104,;777.112346,0.551142,;777.112346,0.60123,;777.112346,0.651321,;777.112346,0.701409,;777.112346,0.751487,;777.112346,0.801564,;777.112346,0.851637,;777.112346,0.901714,;777.112346,0.951804,;774.600579,1.00191,;774.600579,1.05198,;772.412715,1.10208,;772.412715,1.15218,;770.603190,1.20226,;770.603190,1.25236,;770.603190,1.30245,;770.603190,1.35253,;770.603190,1.40262,;770.603190,1.45275,;770.603190,1.50286,;770.603190,1.55298,;770.603190,1.60307,;770.603190,1.65316,;770.603190,1.70326,;770.603190,1.75335,;755.502310,1.80345,;755.502310,1.85357,;755.502310,1.90367,;755.502310,1.95377,;755.502310,2.00386,;755.502310,2.05396,;738.349382,2.10409,;738.349382,2.15418,;738.349382,2.20428,;738.349382,2.25436,;738.349382,2.30448,;738.349382,2.35457,;738.349382,2.40466,;738.349382,2.45475,;738.349382,2.50487,;738.349382,2.55497,;738.349382,2.60505,;738.349382,2.65515,;738.349382,2.70525,;738.349382,2.75534,;738.349382,2.80547,;738.349382,2.85555,;738.349382,2.90564,;738.349382,2.95573,;738.349382,3.00586,;738.349382,3.05595,;738.349382,3.10605,;738.349382,3.15614,;738.349382,3.20623,;735.974497,3.25632,;735.974497,3.30641,;735.974497,3.3565,;735.974497,3.40658,;735.974497,3.45667,;735.974497,3.50677,;735.974497,3.5569,;735.974497,3.60698,;735.974497,3.65707,;735.974497,3.70716,;735.974497,3.75727,;735.974497,3.80737,;735.974497,3.85746,;735.974497,3.90754,;735.974497,3.95763,;735.974497,4.00773,;735.974497,4.05782,;735.974497,4.1079,;735.974497,4.15799,;735.974497,4.20812,;735.974497,4.25821,;735.974497,4.3083,;735.974497,4.35838,;735.974497,4.40846,;735.974497,4.45855,;735.974497,4.50864,;735.974497,4.55874,;735.974497,4.60882,;735.974497,4.6589,;735.974497,4.709,;735.974497,4.7591,;735.974497,4.8092,;735.974497,4.85928,;735.974497,4.90938,;735.974497,4.95948,;735.974497,5.00956,;735.974497,5.05966,;735.974497,5.10976,;735.974497,5.15985,;735.974497,5.20993,;735.974497,5.26002,;735.974497,5.31011,;735.974497,5.36024,;735.974497,5.41033,;735.974497,5.46041,;735.974497,5.5105,;735.974497,5.56059,;735.974497,5.61069,;735.974497,5.66081,;735.974497,5.7109,;735.974497,5.76103,;735.974497,5.81112,;735.974497,5.86122,;735.974497,5.9113,;735.974497,5.96138,;735.974497,6.01148,;735.974497,6.06158,;735.974497,6.11166,;735.974497,6.16176,;735.974497,6.21184,;735.974497,6.26194,;488.526673,6.31202,;488.526673,6.3621,;488.526673,6.4122,;488.526673,6.46228,;488.526673,6.51238,;488.526673,6.56247,;488.526673,6.61256,;488.526673,6.66264,;488.526673,6.71272,;488.526673,6.76281,;488.526673,6.81293,;469.837707,6.86302,;469.837707,6.91314,;469.275611,6.96322,;454.789500,7.01335,;454.789500,7.06345,;454.789500,7.11354,;454.789500,7.16364,;454.789500,7.21373,;454.789500,7.26382,;454.789500,7.31392,;454.789500,7.36401,;454.789500,7.41413,;454.789500,7.46425,;454.789500,7.51433,;443.016878,7.56441,;443.016878,7.61449,;443.016878,7.66461,;443.016878,7.71471,;443.016878,7.76484,;443.016878,7.81493,;443.016878,7.86509,;443.016878,7.91517,;433.958614,7.96526,;433.958614,8.01536,;433.958614,8.06548,;433.958614,8.11561,;433.958614,8.1657,;433.958614,8.2158,;433.958614,8.26589,;433.958614,8.31598,;433.958614,8.36608,;433.958614,8.41617,;433.958614,8.46624,;433.958614,8.51632,;433.958614,8.5664,;433.958614,8.61648,;433.958614,8.66657,;433.958614,8.71665,;433.958614,8.76674,;433.958614,8.81682,;433.958614,8.8669,;433.958614,8.91702,;433.958614,8.9671,;433.958614,9.0172,;433.958614,9.06729,;433.958614,9.11741,;433.958614,9.16752,;433.958614,9.2176,;433.958614,9.26769,;433.958614,9.31777,;433.958614,9.36785,;433.958614,9.41793,;433.958614,9.468,;411.576772,9.51811,;411.576772,9.5682,;411.576772,9.61828,;411.576772,9.66836,;411.576772,9.71843,;411.576772,9.76851,;411.576772,9.81861,;411.576772,9.86871,;411.576772,9.91881,;411.576772,9.9689,;411.576772,10.019,;411.576772,10.0691,;
inf,0.0500684,;543.894312,0.100151,;543.894312,0.150273,;543.894312,0.200367,;543.894312,0.250457,;525.679602,0.300588,;525.679602,0.3507,;525.679602,0.400787,;525.679602,0.450906,;525.679602,0.500987,;525.469102,0.551115,;525.469102,0.601199,;525.469102,0.651319,;525.469102,0.701433,;525.469102,0.751548,;525.469102,0.801631,;522.328385,0.851713,;522.328385,0.901831,;522.328385,0.951925,;517.637637,1.00204,;517.637637,1.05216,;517.637637,1.10227,;517.637637,1.15237,;517.637637,1.20248,;517.637637,1.25258,;517.637637,1.30267,;517.637637,1.35276,;517.637637,1.40285,;517.637637,1.45292,;508.459352,1.50301,;508.459352,1.55314,;508.459352,1.60326,;508.459352,1.65335,;508.459352,1.70344,;508.459352,1.75356,;508.459352,1.80368,;508.459352,1.8538,;508.459352,1.90388,;508.459352,1.954,;508.459352,2.00412,;503.497211,2.0542,;503.497211,2.10428,;503.497211,2.15436,;503.497211,2.20445,;503.497211,2.25453,;503.497211,2.30462,;503.497211,2.3547,;503.497211,2.40477,;503.497211,2.45486,;503.497211,2.50495,;503.497211,2.55504,;503.497211,2.60513,;503.497211,2.65518,;503.497211,2.70528,;503.497211,2.75536,;503.497211,2.80545,;503.497211,2.85555,;503.497211,2.90565,;503.497211,2.95578,;503.497211,3.00587,;503.497211,3.05596,;503.497211,3.10607,;501.075306,3.15617,;501.075306,3.20625,;501.075306,3.25634,;501.075306,3.30638,;501.075306,3.35646,;501.075306,3.40654,;501.075306,3.45663,;501.075306,3.50672,;501.075306,3.55682,;501.075306,3.6069,;501.075306,3.65698,;500.434257,3.70708,;500.434257,3.75716,;500.434257,3.80725,;497.152784,3.85734,;497.152784,3.90743,;497.152784,3.95752,;497.152784,4.00759,;472.096712,4.05768,;472.096712,4.10777,;472.096712,4.15786,;472.096712,4.20794,;472.096712,4.25803,;472.096712,4.30811,;472.096712,4.3582,;472.096712,4.40829,;472.096712,4.45841,;472.096712,4.5085,;472.096712,4.55861,;472.096712,4.6087,;472.096712,4.65878,;472.096712,4.70887,;472.096712,4.75896,;472.096712,4.80905,;472.096712,4.85913,;472.096712,4.90922,;472.096712,4.95934,;472.096712,5.00944,;472.096712,5.05953,;472.096712,5.10963,;472.096712,5.15972,;472.096712,5.2098,;472.096712,5.25988,;472.096712,5.30998,;472.096712,5.36007,;472.096712,5.41017,;472.096712,5.46027,;472.096712,5.51037,;472.096712,5.56048,;472.096712,5.61059,;472.096712,5.66069,;472.096712,5.71081,;472.096712,5.76094,;472.096712,5.81106,;472.096712,5.86119,;472.096712,5.91131,;472.096712,5.96141,;472.096712,6.0115,;472.096712,6.0616,;472.096712,6.11169,;472.096712,6.16178,;472.096712,6.21187,;472.096712,6.26196,;472.096712,6.31204,;472.096712,6.36213,;472.096712,6.41222,;472.096712,6.46231,;472.096712,6.5124,;472.096712,6.56249,;472.096712,6.61257,;472.096712,6.66266,;472.096712,6.71275,;472.096712,6.76285,;472.096712,6.81295,;471.733545,6.86304,;471.733545,6.91313,;471.733545,6.96323,;471.733545,7.01332,;471.733545,7.06342,;471.733545,7.11352,;471.733545,7.16361,;471.733545,7.21371,;471.733545,7.2638,;471.733545,7.3139,;471.733545,7.364,;471.733545,7.41409,;471.733545,7.46419,;471.733545,7.51428,;471.733545,7.56438,;471.733545,7.61447,;471.733545,7.66457,;471.733545,7.71467,;471.733545,7.76476,;471.733545,7.81485,;471.733545,7.86495,;471.733545,7.91505,;471.733545,7.96515,;471.733545,8.01524,;471.733545,8.06533,;471.733545,8.11542,;471.733545,8.16551,;471.733545,8.21558,;471.733545,8.26567,;471.733545,8.31575,;471.733545,8.36584,;471.733545,8.41592,;471.733545,8.466,;471.733545,8.51609,;471.733545,8.56619,;471.733545,8.61628,;471.733545,8.66637,;471.733545,8.71645,;471.733545,8.76654,;471.733545,8.81662,;471.733545,8.86672,;471.733545,8.91681,;471.733545,8.96691,;471.733545,9.01701,;349.368448,9.06711,;349.368448,9.1172,;349.368448,9.16729,;349.368448,9.21738,;349.368448,9.26748,;349.368448,9.31757,;349.368448,9.36766,;349.368448,9.41776,;349.368448,9.46786,;349.368448,9.51796,;349.368448,9.56806,;349.368448,9.61814,;349.368448,9.66823,;349.368448,9.71832,;349.368448,9.76841,;349.368448,9.81851,;349.368448,9.8686,;349.368448,9.91869,;349.368448,9.96878,;
inf,0.0500589,;inf,0.100144,;inf,0.150232,;inf,0.200318,;inf,0.250411,;inf,0.300508,;inf,0.350588,;727.084753,0.400677,;727.084753,0.450764,;727.084753,0.500857,;727.084753,0.55095,;727.084753,0.601079,;727.084753,0.651167,;727.084753,0.701295,;727.084753,0.751396,;727.084753,0.801515,;727.084753,0.851633,;727.084753,0.90171,;725.281460,0.951827,;725.281460,1.00191,;706.929467,1.05201,;690.300061,1.10206,;690.300061,1.15214,;690.300061,1.20223,;690.300061,1.25239,;690.300061,1.30247,;690.300061,1.35255,;690.300061,1.40263,;690.300061,1.45271,;690.300061,1.50279,;690.300061,1.55288,;690.300061,1.60298,;690.300061,1.65308,;648.716157,1.70316,;648.716157,1.75323,;648.716157,1.80331,;648.716157,1.85339,;648.716157,1.90347,;648.716157,1.95355,;642.306344,2.00365,;642.306344,2.05374,;642.306344,2.10382,;622.851297,2.1539,;622.851297,2.20399,;622.851297,2.25408,;622.851297,2.30416,;622.851297,2.35425,;622.851297,2.40434,;622.851297,2.45442,;622.851297,2.50453,;622.851297,2.55461,;622.851297,2.6047,;622.851297,2.65478,;622.851297,2.70487,;622.851297,2.75495,;622.851297,2.80504,;622.851297,2.85513,;622.851297,2.90522,;622.851297,2.95532,;622.851297,3.0054,;622.851297,3.05548,;622.851297,3.10557,;622.851297,3.15565,;622.851297,3.20574,;622.851297,3.25583,;622.851297,3.30592,;622.851297,3.356,;622.851297,3.40609,;622.851297,3.45617,;622.851297,3.50626,;622.851297,3.55635,;622.851297,3.60644,;622.851297,3.65652,;622.851297,3.70661,;622.851297,3.75671,;622.851297,3.8068,;622.851297,3.85691,;622.851297,3.90699,;622.851297,3.95709,;622.851297,4.00718,;622.851297,4.05727,;622.851297,4.10735,;622.851297,4.15744,;622.851297,4.20754,;622.851297,4.25764,;622.851297,4.30774,;622.851297,4.35783,;622.851297,4.40792,;622.851297,4.45801,;622.851297,4.5081,;622.851297,4.5582,;622.851297,4.60829,;622.851297,4.65838,;622.851297,4.70847,;622.851297,4.75856,;622.851297,4.80865,;622.851297,4.85874,;622.851297,4.90883,;622.851297,4.95892,;622.851297,5.00901,;622.851297,5.0591,;622.851297,5.1092,;622.851297,5.15928,;622.851297,5.20937,;622.851297,5.25946,;622.851297,5.30955,;622.851297,5.35964,;622.851297,5.40973,;622.851297,5.45982,;622.851297,5.5099,;622.851297,5.55999,;622.851297,5.61008,;592.510883,5.66017,;592.510883,5.71024,;592.510883,5.76033,;592.510883,5.81042,;592.510883,5.8605,;592.510883,5.91059,;592.510883,5.96068,;592.510883,6.01076,;592.510883,6.06084,;592.510883,6.11093,;592.510883,6.16103,;592.510883,6.21112,;592.510883,6.26121,;592.510883,6.31129,;592.510883,6.36138,;592.510883,6.41146,;592.510883,6.46155,;592.510883,6.51164,;592.510883,6.56173,;592.510883,6.61182,;592.510883,6.66194,;592.510883,6.71206,;592.510883,6.76218,;592.510883,6.81227,;592.510883,6.86235,;592.510883,6.91243,;592.510883,6.96256,;592.510883,7.01265,;592.510883,7.06274,;592.510883,7.11282,;592.510883,7.16291,;592.510883,7.21301,;592.510883,7.2631,;592.510883,7.31319,;592.510883,7.36327,;592.510883,7.41337,;592.510883,7.46345,;592.510883,7.51354,;592.510883,7.56363,;592.510883,7.61373,;592.510883,7.66382,;591.746155,7.71392,;591.746155,7.76401,;591.746155,7.8141,;591.746155,7.86419,;591.746155,7.91429,;591.746155,7.96438,;591.746155,8.01449,;591.746155,8.06458,;591.746155,8.11466,;591.746155,8.16475,;591.746155,8.21483,;591.746155,8.26493,;591.746155,8.31502,;591.746155,8.36514,;591.746155,8.41522,;591.746155,8.46531,;591.746155,8.5154,;591.746155,8.56553,;591.746155,8.61565,;451.914364,8.66575,;451.914364,8.71583,;451.914364,8.76592,;451.914364,8.816,;451.914364,8.8661,;451.914364,8.91619,;451.914364,8.96629,;451.914364,9.01639,;451.914364,9.06649,;451.914364,9.11661,;451.914364,9.1667,;451.914364,9.21678,;451.914364,9.26687,;451.914364,9.31698,;451.914364,9.36706,;451.914364,9.41718,;451.914364,9.46726,;451.914364,9.51734,;451.914364,9.56742,;451.914364,9.61754,;451.914364,9.66763,;451.914364,9.71775,;451.914364,9.76784,;451.914364,9.81793,;451.914364,9.86801,;451.914364,9.91809,;451.914364,9.96823,;
inf,0.0500699,;623.453520,0.100164,;546.893801,0.150252,;546.893801,0.200396,;546.893801,0.250515,;546.893801,0.300595,;546.893801,0.350722,;525.911780,0.400819,;525.911780,0.450902,;507.914501,0.500994,;498.779342,0.551119,;498.779342,0.601219,;469.496104,0.65132,;469.496104,0.701418,;469.496104,0.751511,;469.496104,0.801608,;469.496104,0.851736,;469.496104,0.901849,;469.496104,0.951959,;469.496104,1.00209,;469.496104,1.05217,;469.496104,1.1023,;466.314116,1.15239,;466.314116,1.20249,;466.314116,1.25257,;466.314116,1.30269,;466.314116,1.35279,;466.314116,1.40291,;466.314116,1.453,;466.314116,1.50312,;466.314116,1.55321,;466.314116,1.60334,;466.314116,1.65344,;466.314116,1.70352,;466.314116,1.75361,;466.314116,1.8037,;466.314116,1.8538,;466.314116,1.90389,;466.314116,1.954,;466.314116,2.0041,;466.314116,2.05418,;466.314116,2.10429,;466.314116,2.15441,;466.314116,2.20449,;466.314116,2.25461,;466.314116,2.3047,;454.513433,2.3548,;454.513433,2.40489,;454.513433,2.45498,;454.513433,2.50507,;454.513433,2.55515,;454.513433,2.60523,;454.513433,2.65532,;454.513433,2.7054,;454.513433,2.75549,;454.513433,2.80558,;454.513433,2.85567,;454.513433,2.90576,;454.513433,2.95588,;454.513433,3.00598,;454.513433,3.05611,;454.513433,3.10623,;454.513433,3.15631,;454.513433,3.20644,;454.513433,3.25651,;454.513433,3.30663,;454.513433,3.35672,;454.513433,3.40681,;454.513433,3.4569,;454.513433,3.50703,;454.513433,3.55713,;454.513433,3.60725,;454.513433,3.65735,;454.513433,3.70747,;454.513433,3.75756,;454.513433,3.80768,;454.513433,3.85777,;454.513433,3.90786,;454.513433,3.95798,;454.513433,4.00808,;448.848286,4.0582,;448.848286,4.10828,;448.848286,4.15836,;448.848286,4.20843,;448.848286,4.25856,;448.848286,4.30864,;448.848286,4.35873,;448.848286,4.40882,;448.848286,4.45892,;448.848286,4.50903,;448.848286,4.55915,;448.848286,4.60925,;448.848286,4.65937,;448.848286,4.70942,;448.848286,4.75953,;448.848286,4.80961,;448.848286,4.8597,;448.848286,4.90979,;448.848286,4.95987,;448.848286,5.00996,;448.848286,5.06004,;448.848286,5.11012,;448.848286,5.1602,;448.848286,5.2103,;448.848286,5.26039,;448.848286,5.31048,;448.848286,5.36057,;448.848286,5.41066,;448.848286,5.46075,;448.848286,5.51083,;448.848286,5.56094,;448.848286,5.61104,;448.848286,5.66112,;448.848286,5.7112,;448.848286,5.76129,;448.848286,5.81138,;448.848286,5.86147,;448.848286,5.91156,;448.848286,5.96166,;448.848286,6.01175,;448.848286,6.06183,;448.848286,6.11191,;448.848286,6.162,;448.848286,6.21211,;448.848286,6.26224,;448.848286,6.31233,;448.848286,6.36242,;448.848286,6.41251,;448.848286,6.46259,;448.848286,6.51268,;448.848286,6.56277,;448.848286,6.61287,;448.848286,6.66295,;448.848286,6.71304,;448.848286,6.76314,;448.848286,6.81327,;448.848286,6.86336,;448.848286,6.91346,;448.848286,6.96355,;448.848286,7.01364,;448.848286,7.06372,;448.848286,7.11381,;448.848286,7.16391,;448.848286,7.21404,;448.848286,7.26414,;448.848286,7.31422,;448.848286,7.36434,;448.848286,7.41442,;448.848286,7.46451,;448.848286,7.5146,;448.848286,7.5647,;448.848286,7.61478,;448.848286,7.66487,;448.848286,7.71497,;448.848286,7.76507,;448.848286,7.81517,;448.848286,7.86527,;448.848286,7.91536,;448.848286,7.96544,;448.848286,8.01553,;448.848286,8.06563,;448.848286,8.11573,;448.848286,8.16582,;448.848286,8.21595,;448.848286,8.26604,;448.848286,8.31613,;448.848286,8.36622,;448.848286,8.41632,;448.848286,8.46643,;448.848286,8.51651,;448.848286,8.56659,;448.848286,8.61668,;448.848286,8.66677,;448.848286,8.71686,;448.848286,8.76695,;442.468621,8.81705,;442.468621,8.86713,;442.468621,8.9172,;442.468621,8.9673,;442.468621,9.01739,;442.468621,9.06749,;442.468621,9.11759,;442.468621,9.16767,;442.468621,9.21777,;434.540064,9.26789,;434.540064,9.31797,;433.641451,9.36809,;433.641451,9.41817,;433.641451,9.46826,;433.641451,9.51834,;433.641451,9.56843,;424.545493,9.61851,;424.545493,9.6686,;424.545493,9.71869,;424.545493,9.76879,;424.545493,9.81892,;424.545493,9.86901,;424.545493,9.91914,;424.545493,9.96922,;
inf,0.0500688,;inf,0.100154,;674.331604,0.150245,;674.331604,0.200333,;674.331604,0.250413,;674.331604,0.300502,;674.331604,0.350595,;674.331604,0.400694,;674.331604,0.450824,;674.331604,0.500921,;674.331604,0.551006,;674.331604,0.601096,;674.331604,0.651218,;674.331604,0.701312,;674.331604,0.751406,;674.331604,0.801492,;674.331604,0.851574,;674.331604,0.901664,;674.331604,0.951785,;674.331604,1.00188,;674.331604,1.05202,;674.331604,1.10213,;674.331604,1.15221,;674.331604,1.20229,;674.331604,1.25239,;674.331604,1.3025,;667.550930,1.3526,;667.550930,1.40273,;667.550930,1.45281,;667.550930,1.50289,;667.550930,1.55302,;667.550930,1.60314,;667.550930,1.65326,;667.550930,1.70338,;619.518820,1.75349,;619.518820,1.80361,;619.518820,1.85373,;619.518820,1.90386,;619.518820,1.95398,;606.598762,2.00407,;606.598762,2.05415,;606.598762,2.10424,;606.598762,2.15435,;606.598762,2.20445,;606.598762,2.25455,;606.598762,2.30469,;606.598762,2.35477,;606.598762,2.40485,;606.598762,2.45497,;606.598762,2.50506,;606.598762,2.55514,;606.598762,2.60523,;606.598762,2.65535,;606.598762,2.70547,;606.598762,2.75556,;606.598762,2.80566,;606.598762,2.8558,;606.598762,2.90592,;606.598762,2.95604,;606.598762,3.00616,;606.598762,3.05624,;606.598762,3.10638,;606.598762,3.15647,;606.598762,3.20657,;606.598762,3.25667,;606.598762,3.3068,;606.598762,3.3569,;606.598762,3.40702,;606.598762,3.45712,;606.598762,3.50724,;606.598762,3.55733,;554.016025,3.60745,;554.016025,3.65757,;554.016025,3.70769,;505.860731,3.75779,;505.860731,3.80787,;505.860731,3.85797,;505.860731,3.90805,;505.860731,3.95813,;505.860731,4.00821,;486.364393,4.0583,;486.364393,4.10838,;486.364393,4.15848,;486.364393,4.20858,;486.364393,4.25868,;472.584432,4.30878,;472.584432,4.35889,;472.584432,4.40897,;472.584432,4.45905,;472.584432,4.50914,;472.584432,4.55926,;472.584432,4.60939,;472.584432,4.65952,;472.584432,4.7096,;472.584432,4.75973,;472.584432,4.80983,;472.584432,4.85993,;472.584432,4.91003,;472.584432,4.96012,;472.584432,5.01022,;472.584432,5.06032,;472.584432,5.11045,;472.584432,5.16055,;472.584432,5.21067,;472.584432,5.26077,;472.584432,5.31089,;472.584432,5.36097,;472.584432,5.4111,;472.584432,5.46119,;472.584432,5.51132,;386.269945,5.56139,;386.269945,5.61148,;386.269945,5.66157,;386.269945,5.71166,;386.269945,5.76175,;386.269945,5.81184,;386.269945,5.86193,;386.269945,5.91202,;386.269945,5.9621,;386.269945,6.01218,;386.269945,6.06226,;386.269945,6.11236,;386.269945,6.16245,;386.269945,6.21254,;386.269945,6.26262,;386.269945,6.3127,;386.269945,6.36279,;386.269945,6.41292,;386.269945,6.463,;386.269945,6.51308,;386.269945,6.56318,;386.269945,6.61328,;386.269945,6.66337,;386.269945,6.71346,;386.269945,6.76355,;386.269945,6.81366,;386.269945,6.86375,;386.269945,6.91384,;386.269945,6.96393,;386.269945,7.01403,;386.269945,7.06412,;380.700391,7.11422,;380.700391,7.16431,;380.700391,7.2144,;380.700391,7.26449,;380.700391,7.31458,;380.700391,7.36466,;380.700391,7.41475,;380.700391,7.46483,;380.700391,7.51491,;380.700391,7.56499,;380.700391,7.61508,;380.700391,7.66517,;380.700391,7.7153,;380.700391,7.7654,;380.700391,7.81549,;380.700391,7.86559,;380.700391,7.91569,;376.692100,7.96578,;376.692100,8.01591,;376.692100,8.06599,;376.692100,8.11607,;376.692100,8.16617,;376.692100,8.21626,;376.692100,8.26636,;376.692100,8.31646,;376.692100,8.36656,;376.692100,8.41665,;376.692100,8.46675,;376.692100,8.51683,;376.692100,8.56693,;376.692100,8.61702,;376.692100,8.66711,;376.692100,8.71721,;376.692100,8.7673,;376.692100,8.81739,;376.692100,8.86747,;376.692100,8.91755,;376.692100,8.96764,;376.692100,9.01774,;376.692100,9.06782,;376.692100,9.11791,;376.692100,9.16798,;376.692100,9.21808,;376.692100,9.26817,;376.692100,9.31826,;376.692100,9.36835,;376.692100,9.41844,;376.692100,9.46855,;376.692100,9.51864,;376.692100,9.56872,;376.692100,9.61884,;376.692100,9.66893,;376.692100,9.71903,;376.692100,9.76912,;376.692100,9.81923,;376.692100,9.86935,;376.692100,9.91946,;376.692100,9.96958,;376.692100,10.0197,;376.692100,10.0698,;
inf,0.0500966,;729.112668,0.10019,;729.112668,0.150283,;729.112668,0.200375,;729.112668,0.250463,;729.112668,0.300551,;729.112668,0.350638,;729.112668,0.400728,;729.112668,0.450807,;729.112668,0.500881,;696.460111,0.550966,;665.922634,0.601065,;665.922634,0.651147,;665.922634,0.701227,;665.922634,0.751307,;665.922634,0.801418,;665.922634,0.8515,;654.083630,0.901625,;654.083630,0.951717,;654.083630,1.00183,;654.083630,1.05192,;654.083630,1.10201,;654.083630,1.1521,;654.083630,1.20218,;610.386295,1.25228,;610.386295,1.30236,;610.386295,1.35246,;610.386295,1.40255,;610.386295,1.45264,;610.386295,1.50275,;610.386295,1.55282,;610.386295,1.60294,;610.386295,1.65305,;610.386295,1.70313,;610.386295,1.75323,;610.386295,1.80331,;610.386295,1.85342,;610.386295,1.90351,;610.386295,1.95363,;610.386295,2.0037,;610.386295,2.05379,;610.386295,2.10389,;610.386295,2.15396,;603.347784,2.20405,;603.347784,2.25414,;603.347784,2.30424,;603.347784,2.35436,;601.476861,2.40444,;601.476861,2.45455,;601.476861,2.50463,;601.476861,2.5547,;601.476861,2.60477,;601.476861,2.65489,;601.476861,2.70497,;601.476861,2.75506,;601.476861,2.80516,;601.476861,2.85523,;601.476861,2.90532,;601.476861,2.9554,;601.476861,3.00552,;456.582617,3.05561,;456.582617,3.10572,;456.582617,3.15582,;456.582617,3.20591,;456.582617,3.25602,;456.582617,3.3061,;456.582617,3.35619,;456.582617,3.40632,;427.339230,3.4564,;427.339230,3.50652,;427.339230,3.55659,;427.339230,3.60667,;427.339230,3.65679,;427.339230,3.70687,;427.339230,3.75696,;427.339230,3.80704,;427.339230,3.85711,;408.341286,3.90718,;408.341286,3.95728,;408.341286,4.00737,;408.341286,4.05746,;408.341286,4.10753,;408.341286,4.15761,;408.341286,4.20771,;408.341286,4.25779,;408.341286,4.30789,;408.341286,4.35798,;408.341286,4.40807,;408.341286,4.45816,;408.341286,4.50825,;408.341286,4.55834,;402.538133,4.60844,;402.538133,4.65853,;402.538133,4.70862,;402.538133,4.75871,;402.538133,4.80879,;402.538133,4.85889,;402.538133,4.90897,;402.538133,4.95905,;402.538133,5.00917,;402.538133,5.05924,;402.538133,5.10933,;402.538133,5.1594,;402.538133,5.20951,;402.538133,5.2596,;402.538133,5.30967,;402.538133,5.35976,;402.538133,5.40984,;402.538133,5.45991,;402.538133,5.50999,;402.538133,5.56008,;402.538133,5.61017,;402.538133,5.66033,;402.538133,5.71041,;402.538133,5.76051,;402.538133,5.81062,;402.538133,5.86074,;402.538133,5.91083,;402.538133,5.96091,;402.538133,6.011,;402.538133,6.06108,;402.538133,6.11112,;402.538133,6.1612,;402.538133,6.21128,;402.538133,6.26137,;402.538133,6.31145,;402.538133,6.36153,;402.538133,6.41161,;402.538133,6.46173,;402.538133,6.51181,;402.538133,6.56192,;402.538133,6.61201,;402.538133,6.66212,;402.538133,6.71219,;402.538133,6.7623,;402.538133,6.81241,;402.538133,6.86252,;402.538133,6.91259,;402.538133,6.96271,;402.538133,7.01282,;402.538133,7.06291,;402.538133,7.11299,;402.538133,7.16306,;402.538133,7.21314,;402.538133,7.26323,;402.538133,7.31331,;402.538133,7.36341,;401.864181,7.41352,;401.864181,7.46361,;401.864181,7.51369,;401.864181,7.56378,;401.864181,7.61385,;401.864181,7.66393,;401.864181,7.71404,;401.864181,7.76411,;401.864181,7.81422,;401.864181,7.86431,;401.864181,7.91442,;401.864181,7.9645,;401.864181,8.01457,;401.864181,8.06465,;401.864181,8.11473,;379.581975,8.16485,;379.581975,8.21497,;379.581975,8.26509,;379.581975,8.31515,;379.581975,8.36527,;379.581975,8.41535,;379.581975,8.46543,;379.581975,8.51552,;379.581975,8.56561,;379.581975,8.6157,;379.581975,8.66583,;379.581975,8.71591,;379.581975,8.766,;379.581975,8.81609,;379.581975,8.86617,;379.581975,8.91626,;379.581975,8.96636,;379.581975,9.01645,;379.581975,9.06654,;379.581975,9.11663,;379.581975,9.16676,;379.581975,9.21688,;379.581975,9.26699,;379.581975,9.31707,;379.581975,9.36718,;379.581975,9.41729,;379.581975,9.46737,;379.581975,9.51748,;379.581975,9.56757,;379.581975,9.61768,;379.581975,9.66772,;379.581975,9.71781,;379.581975,9.7679,;379.581975,9.81803,;379.581975,9.86811,;379.581975,9.91821,;379.581975,9.96831,;
inf,0.0500698,;670.480359,0.100162,;667.464336,0.150254,;667.464336,0.200353,;667.464336,0.250437,;663.937582,0.300558,;663.937582,0.350669,;663.937582,0.40078,;663.937582,0.450859,;663.937582,0.500969,;663.937582,0.551054,;663.937582,0.601137,;663.937582,0.651234,;658.217130,0.70133,;658.217130,0.751427,;658.217130,0.801511,;658.217130,0.851603,;658.217130,0.901715,;658.217130,0.951819,;658.217130,1.0019,;658.217130,1.05199,;654.329102,1.10208,;650.311725,1.15216,;650.311725,1.20226,;650.311725,1.25235,;650.311725,1.30245,;650.311725,1.35253,;610.278776,1.40263,;610.278776,1.45272,;604.595722,1.50281,;604.595722,1.55293,;604.595722,1.60301,;603.613155,1.65312,;603.613155,1.7032,;603.613155,1.75332,;603.613155,1.80341,;603.613155,1.85353,;603.613155,1.90361,;603.613155,1.95373,;603.613155,2.00382,;603.613155,2.05394,;603.613155,2.10403,;603.613155,2.15416,;603.613155,2.20425,;594.194554,2.25437,;594.194554,2.30448,;594.194554,2.35461,;594.194554,2.40473,;594.194554,2.45484,;594.194554,2.50492,;495.059336,2.55501,;495.059336,2.60511,;495.059336,2.65521,;495.059336,2.70533,;495.059336,2.75542,;495.059336,2.80552,;495.059336,2.85561,;495.059336,2.90573,;495.059336,2.95585,;495.059336,3.00594,;482.376107,3.05603,;480.279320,3.10612,;480.279320,3.15622,;480.279320,3.20634,;465.421952,3.25645,;465.421952,3.30657,;449.012809,3.35668,;449.012809,3.4068,;449.012809,3.45688,;449.012809,3.50697,;445.011460,3.55709,;445.011460,3.60718,;445.011460,3.6573,;445.011460,3.70738,;438.846306,3.7575,;438.846306,3.80758,;438.846306,3.85769,;438.846306,3.90781,;438.846306,3.95793,;438.846306,4.00804,;438.846306,4.05816,;438.846306,4.10825,;438.846306,4.15839,;438.846306,4.20849,;438.846306,4.25857,;434.825851,4.30869,;434.825851,4.35881,;434.825851,4.40892,;434.825851,4.459,;433.317349,4.50911,;433.317349,4.55919,;433.317349,4.60927,;433.317349,4.65937,;433.317349,4.7095,;433.317349,4.75962,;433.317349,4.80974,;433.317349,4.85983,;433.317349,4.90995,;433.317349,4.96007,;433.317349,5.01014,;433.317349,5.06026,;433.317349,5.11037,;433.317349,5.16046,;433.317349,5.21058,;433.317349,5.26068,;433.317349,5.31081,;433.317349,5.36092,;433.317349,5.411,;433.317349,5.46112,;433.317349,5.51121,;433.317349,5.56133,;430.207239,5.61142,;430.207239,5.66154,;430.207239,5.71162,;430.207239,5.7617,;430.207239,5.81178,;430.207239,5.86189,;430.207239,5.91197,;430.207239,5.96206,;430.207239,6.01214,;430.207239,6.06227,;430.207239,6.11236,;430.207239,6.16245,;430.207239,6.21253,;430.207239,6.26263,;430.207239,6.31273,;430.207239,6.36284,;430.207239,6.41296,;430.207239,6.46304,;430.207239,6.51315,;430.207239,6.56324,;430.207239,6.61335,;430.207239,6.66343,;430.207239,6.71352,;430.207239,6.7636,;430.207239,6.81372,;430.207239,6.86381,;427.100973,6.9139,;427.100973,6.96399,;427.100973,7.01409,;427.100973,7.06418,;427.100973,7.11427,;427.100973,7.16437,;427.100973,7.21449,;427.100973,7.26458,;427.100973,7.31467,;427.100973,7.36475,;427.100973,7.41484,;427.100973,7.46493,;427.100973,7.51502,;427.100973,7.5651,;427.100973,7.61519,;427.100973,7.66529,;427.100973,7.71538,;427.100973,7.76551,;382.320532,7.81559,;382.320532,7.86568,;352.577012,7.91577,;352.577012,7.96586,;352.577012,8.01595,;352.577012,8.06607,;352.577012,8.11616,;352.577012,8.16628,;352.577012,8.21637,;352.577012,8.26647,;352.577012,8.31656,;352.577012,8.36669,;352.577012,8.41681,;352.577012,8.46689,;352.577012,8.517,;352.577012,8.56708,;352.577012,8.61718,;352.577012,8.66727,;352.577012,8.7174,;352.577012,8.76747,;352.577012,8.81755,;352.577012,8.86767,;352.577012,8.91776,;352.577012,8.96788,;352.577012,9.01796,;352.577012,9.06804,;352.577012,9.11816,;352.577012,9.16825,;352.577012,9.21834,;352.577012,9.26842,;352.577012,9.31853,;352.577012,9.36862,;352.577012,9.41872,;352.577012,9.46882,;352.577012,9.51891,;352.577012,9.56901,;352.577012,9.61909,;352.577012,9.66919,;352.577012,9.71928,;352.577012,9.7694,;352.577012,9.8195,;352.577012,9.86958,;352.577012,9.91967,;352.577012,9.96979,;
inf,0.0500671,;inf,0.100155,;inf,0.150241,;inf,0.200332,;inf,0.250453,;inf,0.30053,;inf,0.350633,;inf,0.400714,;688.296565,0.450794,;688.296565,0.500882,;688.296565,0.550971,;688.296565,0.601067,;688.296565,0.651156,;688.296565,0.70125,;688.296565,0.751337,;688.296565,0.801417,;688.296565,0.851508,;688.296565,0.901598,;688.296565,0.951684,;688.296565,1.00177,;688.296565,1.05186,;688.296565,1.10195,;688.296565,1.15204,;688.296565,1.20212,;688.296565,1.25221,;688.296565,1.30229,;688.296565,1.35237,;688.296565,1.40247,;688.296565,1.45255,;688.296565,1.50264,;688.296565,1.55271,;688.296565,1.6028,;688.296565,1.65291,;688.296565,1.703,;688.296565,1.75309,;688.296565,1.80317,;688.296565,1.85328,;688.296565,1.90337,;688.296565,1.95346,;688.296565,2.00355,;688.296565,2.05363,;688.296565,2.10371,;688.296565,2.1538,;688.296565,2.20388,;688.296565,2.25401,;688.296565,2.30408,;640.474851,2.35418,;640.474851,2.40429,;640.474851,2.45441,;640.474851,2.50452,;640.474851,2.5546,;634.335106,2.60473,;634.335106,2.6548,;634.335106,2.70492,;634.335106,2.75504,;634.335106,2.80515,;634.335106,2.85525,;634.335106,2.90537,;634.335106,2.95545,;634.335106,3.00557,;634.335106,3.05565,;634.335106,3.10578,;634.335106,3.15591,;634.335106,3.20599,;634.335106,3.2561,;634.335106,3.30622,;634.335106,3.35633,;634.335106,3.40644,;634.335106,3.45652,;634.335106,3.50663,;624.200881,3.55671,;624.200881,3.60681,;624.200881,3.6569,;624.200881,3.70698,;624.200881,3.75706,;624.200881,3.80714,;624.200881,3.85723,;624.200881,3.90732,;624.200881,3.95741,;624.200881,4.00749,;624.200881,4.05758,;624.200881,4.1077,;624.200881,4.15779,;624.200881,4.20788,;624.200881,4.25801,;624.200881,4.30808,;624.200881,4.3582,;624.200881,4.40831,;624.200881,4.45842,;624.200881,4.50853,;624.200881,4.55865,;624.200881,4.60877,;624.200881,4.65884,;624.200881,4.70896,;624.200881,4.75906,;624.200881,4.80918,;624.200881,4.85927,;624.200881,4.90939,;624.200881,4.95948,;624.200881,5.0096,;624.200881,5.05971,;459.045320,5.10983,;459.045320,5.15994,;459.045320,5.21007,;459.045320,5.26019,;459.045320,5.3103,;437.988387,5.36039,;437.988387,5.4105,;437.988387,5.46062,;437.988387,5.51068,;437.988387,5.5608,;437.988387,5.61088,;437.988387,5.661,;437.988387,5.7111,;437.988387,5.76121,;421.736789,5.8113,;421.736789,5.86141,;421.736789,5.91152,;421.736789,5.96164,;421.736789,6.01172,;421.736789,6.06183,;421.736789,6.11193,;421.736789,6.16204,;421.736789,6.21216,;421.736789,6.26228,;421.736789,6.31236,;421.736789,6.36248,;421.736789,6.4126,;421.736789,6.46267,;421.736789,6.51279,;421.736789,6.56286,;421.736789,6.61294,;421.736789,6.66303,;421.736789,6.71312,;421.736789,6.76324,;421.736789,6.81336,;421.736789,6.86346,;421.736789,6.91358,;421.736789,6.96367,;421.736789,7.01375,;421.736789,7.06384,;421.736789,7.11396,;421.736789,7.16407,;421.736789,7.21421,;421.736789,7.26432,;421.736789,7.31442,;421.736789,7.3645,;421.736789,7.41459,;421.736789,7.46469,;421.736789,7.51481,;410.064298,7.56491,;410.064298,7.61501,;410.064298,7.66513,;410.064298,7.71521,;410.064298,7.76539,;410.064298,7.81549,;406.608626,7.86561,;406.608626,7.9157,;406.608626,7.96582,;406.608626,8.01592,;406.608626,8.06601,;406.608626,8.11613,;406.608626,8.16626,;406.608626,8.21637,;406.608626,8.26647,;405.820390,8.31655,;405.820390,8.36664,;405.820390,8.41681,;405.820390,8.46689,;405.820390,8.517,;405.820390,8.56708,;405.820390,8.61716,;405.820390,8.66725,;405.820390,8.71733,;405.820390,8.76742,;405.820390,8.81754,;405.820390,8.86764,;405.820390,8.91777,;405.820390,8.96788,;405.820390,9.01797,;405.820390,9.06807,;405.820390,9.11819,;405.820390,9.1683,;405.820390,9.21841,;405.820390,9.26852,;405.820390,9.31863,;405.820390,9.36871,;405.820390,9.4188,;405.820390,9.46892,;405.820390,9.51902,;405.820390,9.56914,;405.820390,9.61922,;405.820390,9.66934,;405.820390,9.71947,;405.820390,9.76958,;405.820390,9.8197,;405.820390,9.86982,;405.820390,9.9199,;405.820390,9.97001,;
inf,0.0501064,;601.359454,0.100203,;601.359454,0.150319,;601.359454,0.200416,;601.359454,0.250544,;601.359454,0.300618,;601.359454,0.350733,;601.359454,0.400846,;601.359454,0.450961,;601.359454,0.501074,;601.359454,0.551172,;601.359454,0.601267,;592.515640,0.651357,;592.515640,0.701472,;592.515640,0.751591,;592.515640,0.801671,;592.515640,0.851771,;592.515640,0.901881,;592.515640,0.951995,;592.515640,1.00211,;592.515640,1.05223,;592.515640,1.10234,;592.515640,1.15246,;592.515640,1.20257,;592.515640,1.25269,;592.515640,1.3028,;592.515640,1.35289,;570.798094,1.40297,;570.798094,1.45308,;570.798094,1.5032,;558.849686,1.55328,;558.849686,1.60337,;558.849686,1.65349,;558.849686,1.70357,;558.849686,1.75369,;558.849686,1.80378,;558.849686,1.8539,;558.849686,1.90399,;558.849686,1.9541,;558.849686,2.00418,;558.849686,2.05425,;558.849686,2.10434,;552.957237,2.15443,;552.957237,2.20451,;552.957237,2.25463,;552.957237,2.3047,;552.957237,2.35478,;552.957237,2.40486,;552.957237,2.45498,;552.957237,2.50505,;552.957237,2.55513,;552.957237,2.60526,;552.957237,2.65538,;552.957237,2.70549,;551.084455,2.75558,;551.084455,2.80568,;551.084455,2.85576,;544.536431,2.90588,;544.536431,2.95597,;544.536431,3.00609,;538.779799,3.05618,;538.779799,3.1063,;538.779799,3.15641,;538.779799,3.20653,;535.579458,3.2566,;535.579458,3.30674,;535.579458,3.35682,;535.579458,3.4069,;535.579458,3.45699,;535.579458,3.50708,;535.579458,3.55717,;535.579458,3.60727,;535.579458,3.65738,;535.579458,3.70746,;535.579458,3.75755,;535.579458,3.80763,;533.691314,3.85772,;533.691314,3.9078,;533.691314,3.95793,;533.691314,4.00803,;533.691314,4.05812,;533.691314,4.10825,;533.691314,4.15837,;533.691314,4.20845,;533.691314,4.25857,;533.691314,4.30866,;533.691314,4.35878,;444.608767,4.40888,;444.608767,4.45899,;444.608767,4.50912,;444.608767,4.55924,;444.608767,4.60936,;417.224872,4.65946,;417.224872,4.70957,;417.224872,4.75965,;417.224872,4.80977,;417.224872,4.85984,;417.224872,4.90996,;417.224872,4.96005,;417.224872,5.01013,;417.224872,5.06022,;417.224872,5.11031,;417.224872,5.16043,;417.224872,5.21055,;417.224872,5.26067,;417.224872,5.31075,;417.224872,5.36083,;417.224872,5.41093,;417.224872,5.46102,;383.730236,5.51111,;383.730236,5.56119,;383.730236,5.61128,;383.730236,5.66136,;383.730236,5.71141,;383.730236,5.76149,;383.730236,5.81158,;383.730236,5.86167,;383.730236,5.91175,;383.730236,5.96184,;383.730236,6.01193,;383.730236,6.06202,;383.730236,6.1121,;383.730236,6.1622,;383.730236,6.21229,;383.730236,6.26237,;383.730236,6.31246,;383.730236,6.36254,;383.730236,6.41264,;383.730236,6.46272,;383.730236,6.51281,;383.730236,6.5629,;383.730236,6.61299,;383.730236,6.66308,;383.730236,6.71317,;383.730236,6.76326,;383.730236,6.81334,;383.730236,6.86344,;383.730236,6.91356,;383.730236,6.96364,;383.730236,7.01375,;383.730236,7.06385,;383.730236,7.11393,;383.730236,7.16403,;383.730236,7.21411,;383.730236,7.2642,;383.730236,7.31433,;383.730236,7.36446,;379.990802,7.41456,;379.990802,7.46468,;379.990802,7.51481,;379.990802,7.56489,;379.990802,7.61501,;377.246690,7.6651,;377.246690,7.71519,;377.246690,7.76528,;377.246690,7.81536,;377.246690,7.86545,;377.246690,7.91554,;377.246690,7.96562,;377.246690,8.01571,;377.246690,8.06579,;377.246690,8.11588,;377.246690,8.16598,;377.246690,8.21606,;377.246690,8.26615,;377.246690,8.31624,;377.246690,8.36632,;377.246690,8.41642,;377.246690,8.4665,;377.246690,8.51663,;377.246690,8.56675,;377.246690,8.61687,;377.246690,8.66699,;377.246690,8.71708,;369.130578,8.76721,;369.130578,8.81732,;369.130578,8.86745,;369.130578,8.91756,;369.130578,8.96765,;369.130578,9.01776,;369.130578,9.06785,;369.130578,9.11794,;369.130578,9.16803,;363.575348,9.2181,;363.575348,9.26818,;363.575348,9.31827,;363.575348,9.36836,;363.575348,9.41844,;363.575348,9.46853,;361.099187,9.51861,;361.099187,9.5687,;361.099187,9.61882,;361.099187,9.66891,;361.099187,9.71901,;361.099187,9.76911,;361.099187,9.81919,;361.099187,9.86927,;361.099187,9.91936,;361.099187,9.96944,;361.099187,10.0195,;
572.457921,0.0500702,;572.457921,0.100186,;563.457284,0.15027,;563.457284,0.20036,;553.539563,0.250472,;553.539563,0.300556,;553.539563,0.350658,;553.539563,0.400755,;553.539563,0.450851,;553.539563,0.500944,;459.344363,0.551066,;459.344363,0.601178,;459.344363,0.651289,;459.344363,0.701397,;459.344363,0.751506,;459.344363,0.801617,;459.344363,0.851728,;459.344363,0.901804,;459.344363,0.951921,;459.344363,1.002,;459.344363,1.05211,;459.344363,1.10219,;459.344363,1.15231,;459.344363,1.20239,;459.344363,1.25248,;459.344363,1.30259,;459.344363,1.3527,;459.344363,1.40281,;459.344363,1.4529,;459.344363,1.50302,;443.756496,1.55313,;443.756496,1.6032,;443.756496,1.65331,;443.756496,1.70343,;443.756496,1.75354,;443.756496,1.80365,;443.756496,1.85373,;443.756496,1.90384,;443.756496,1.95394,;443.756496,2.00405,;443.756496,2.05415,;430.795924,2.10426,;430.795924,2.15435,;430.148444,2.20447,;430.148444,2.25456,;430.148444,2.30463,;430.148444,2.35472,;430.148444,2.40481,;430.148444,2.4549,;430.148444,2.50502,;430.148444,2.55514,;430.148444,2.60525,;430.148444,2.65537,;430.148444,2.70548,;430.148444,2.75559,;430.148444,2.80566,;429.750760,2.85577,;429.750760,2.90584,;429.750760,2.95596,;428.157364,3.00605,;428.157364,3.05617,;428.157364,3.10627,;428.157364,3.15639,;428.157364,3.2065,;428.157364,3.25661,;428.157364,3.3067,;428.157364,3.35682,;428.157364,3.40691,;428.157364,3.45703,;428.157364,3.50714,;428.157364,3.55726,;428.157364,3.60737,;427.740526,3.65749,;427.740526,3.70761,;427.740526,3.75765,;425.402570,3.80776,;425.402570,3.85784,;425.402570,3.90795,;425.402570,3.95804,;425.402570,4.00816,;425.402570,4.05825,;425.402570,4.10833,;425.402570,4.15841,;421.840897,4.2085,;421.840897,4.25858,;421.840897,4.30867,;421.840897,4.35881,;421.840897,4.40891,;421.840897,4.45899,;421.840897,4.5091,;421.840897,4.55923,;421.840897,4.60934,;421.840897,4.65945,;421.840897,4.70957,;421.840897,4.75967,;421.840897,4.80975,;421.840897,4.85987,;421.840897,4.90995,;421.840897,4.96007,;421.840897,5.01014,;421.067770,5.06024,;421.067770,5.11033,;421.067770,5.16046,;421.067770,5.21057,;421.067770,5.26068,;421.067770,5.31077,;421.067770,5.36089,;421.067770,5.41097,;421.067770,5.46108,;421.067770,5.51119,;421.067770,5.56128,;421.067770,5.61139,;421.067770,5.66149,;421.067770,5.71161,;421.067770,5.76168,;421.067770,5.81176,;421.067770,5.86183,;421.067770,5.91192,;421.067770,5.96201,;421.067770,6.01213,;421.067770,6.06221,;421.067770,6.11229,;421.067770,6.16238,;421.067770,6.2125,;421.067770,6.2626,;421.067770,6.31271,;421.067770,6.36278,;421.067770,6.4129,;421.067770,6.46301,;421.067770,6.51313,;421.067770,6.56325,;415.056528,6.61333,;415.056528,6.66341,;415.056528,6.71352,;415.056528,6.76359,;415.056528,6.81366,;415.056528,6.86374,;415.056528,6.91381,;415.056528,6.96393,;415.056528,7.01401,;415.056528,7.06408,;415.056528,7.11416,;415.056528,7.16424,;415.056528,7.21432,;415.056528,7.26443,;415.056528,7.31456,;415.056528,7.36466,;415.056528,7.41474,;401.142851,7.46486,;401.142851,7.51495,;401.142851,7.56503,;401.142851,7.61512,;401.142851,7.6652,;401.142851,7.71533,;401.142851,7.76542,;401.142851,7.8155,;401.142851,7.86561,;401.142851,7.91573,;401.142851,7.9658,;401.142851,8.01592,;401.142851,8.06603,;401.142851,8.11614,;401.142851,8.16627,;401.142851,8.21639,;401.142851,8.26648,;401.142851,8.3166,;401.142851,8.36671,;401.142851,8.41681,;401.142851,8.46693,;401.142851,8.51701,;401.142851,8.56712,;401.142851,8.61724,;401.142851,8.66735,;401.142851,8.71743,;401.142851,8.76755,;401.142851,8.81766,;401.142851,8.86778,;401.142851,8.91785,;401.142851,8.96793,;401.142851,9.01801,;401.142851,9.06808,;401.142851,9.11816,;396.683062,9.16823,;396.683062,9.2183,;396.683062,9.26839,;396.683062,9.31848,;396.683062,9.36856,;396.683062,9.41865,;396.683062,9.46878,;396.683062,9.51887,;396.683062,9.56896,;396.683062,9.61905,;396.683062,9.66913,;396.683062,9.71922,;396.683062,9.76934,;396.683062,9.81943,;396.683062,9.86956,;396.683062,9.91969,;396.683062,9.96976,;396.683062,10.0198,;
inf,0.0500966,;inf,0.100212,;659.407415,0.150321,;659.407415,0.200434,;659.407415,0.250543,;659.407415,0.300689,;659.407415,0.350801,;659.407415,0.400916,;659.407415,0.450988,;659.407415,0.501096,;659.407415,0.551203,;659.407415,0.601311,;659.407415,0.651387,;659.407415,0.701469,;659.407415,0.751565,;659.407415,0.801676,;659.407415,0.851787,;654.725876,0.90187,;654.725876,0.951972,;654.725876,1.00206,;654.725876,1.05215,;654.725876,1.10223,;654.725876,1.15234,;654.725876,1.20242,;654.725876,1.25255,;654.725876,1.30263,;654.725876,1.3527,;654.725876,1.40277,;654.725876,1.45284,;654.725876,1.50292,;654.725876,1.55299,;654.725876,1.60308,;654.725876,1.65319,;654.725876,1.70327,;654.725876,1.75339,;654.725876,1.80348,;654.725876,1.85359,;654.725876,1.9037,;654.725876,1.95382,;654.725876,2.0039,;654.725876,2.05401,;635.512540,2.1041,;635.512540,2.15421,;635.512540,2.20433,;635.512540,2.2544,;635.512540,2.30448,;635.512540,2.35458,;635.512540,2.40469,;635.512540,2.45476,;635.512540,2.50483,;635.512540,2.55491,;635.512540,2.60498,;635.512540,2.65506,;635.512540,2.70514,;635.512540,2.75521,;635.512540,2.80531,;635.512540,2.85539,;635.512540,2.90548,;635.512540,2.95556,;578.104998,3.00571,;578.104998,3.05583,;578.104998,3.10594,;578.104998,3.15601,;578.104998,3.20613,;578.104998,3.25621,;578.104998,3.3063,;578.104998,3.35639,;578.104998,3.40649,;578.104998,3.45661,;578.104998,3.50672,;578.104998,3.55684,;578.104998,3.60691,;578.104998,3.65703,;578.104998,3.70712,;578.104998,3.75724,;578.104998,3.80735,;578.104998,3.85743,;578.104998,3.90755,;578.104998,3.95763,;573.321232,4.00771,;573.321232,4.05782,;573.321232,4.1079,;573.321232,4.15801,;573.321232,4.20808,;573.321232,4.25817,;573.321232,4.30826,;573.321232,4.35835,;573.321232,4.40847,;573.321232,4.45854,;573.321232,4.50865,;573.321232,4.55874,;573.321232,4.60883,;545.464740,4.65891,;545.464740,4.70905,;545.464740,4.75914,;545.464740,4.80925,;545.464740,4.85935,;545.464740,4.90946,;545.464740,4.95954,;545.464740,5.00963,;545.464740,5.05971,;545.464740,5.10982,;545.464740,5.15993,;545.464740,5.21005,;545.464740,5.26017,;545.464740,5.31025,;545.464740,5.36035,;545.464740,5.41046,;545.464740,5.46055,;545.464740,5.51067,;545.464740,5.56078,;545.464740,5.61086,;545.464740,5.66097,;545.464740,5.71108,;545.464740,5.76119,;545.464740,5.81127,;545.464740,5.86139,;545.464740,5.9115,;545.464740,5.9616,;545.464740,6.01172,;545.464740,6.06183,;545.464740,6.11194,;545.464740,6.16205,;545.464740,6.21213,;545.464740,6.26223,;545.464740,6.31231,;545.464740,6.36242,;545.464740,6.41254,;545.464740,6.46261,;545.464740,6.51272,;545.464740,6.56284,;545.464740,6.61295,;545.464740,6.66303,;545.464740,6.71313,;545.464740,6.76321,;486.846671,6.81329,;486.846671,6.86337,;486.846671,6.91351,;486.846671,6.96359,;465.048781,7.01366,;463.955930,7.06377,;463.955930,7.11389,;463.955930,7.16397,;463.955930,7.21406,;463.955930,7.26413,;463.955930,7.31421,;463.955930,7.36428,;443.427532,7.4144,;443.427532,7.46448,;443.427532,7.51457,;443.427532,7.56466,;443.427532,7.61476,;443.427532,7.66488,;443.427532,7.71495,;443.427532,7.76502,;443.427532,7.8151,;443.427532,7.86518,;443.427532,7.9153,;425.755556,7.96541,;425.755556,8.01548,;425.755556,8.06559,;425.755556,8.11567,;425.755556,8.16576,;425.755556,8.21583,;425.755556,8.26591,;425.755556,8.31603,;425.755556,8.36614,;425.755556,8.41625,;420.986570,8.46637,;420.986570,8.51648,;420.986570,8.56658,;420.986570,8.61669,;420.986570,8.66679,;420.986570,8.7169,;420.986570,8.76697,;420.986570,8.81708,;420.986570,8.86715,;420.986570,8.91725,;408.082048,8.96736,;408.082048,9.01748,;408.082048,9.06755,;408.082048,9.11762,;408.082048,9.16775,;408.082048,9.21787,;408.082048,9.26795,;408.082048,9.31819,;408.082048,9.36831,;408.082048,9.41839,;408.082048,9.46848,;408.082048,9.51857,;408.082048,9.56869,;408.082048,9.6188,;408.082048,9.6689,;405.717285,9.71901,;405.717285,9.76912,;405.717285,9.8192,;405.717285,9.86928,;405.717285,9.91936,;405.717285,9.96948,;405.717285,10.0196,;
inf,0.05009,;inf,0.100206,;inf,0.150295,;704.398240,0.200377,;704.398240,0.250469,;704.398240,0.300587,;649.638448,0.350698,;649.638448,0.400823,;649.638448,0.450922,;649.638448,0.50102,;647.736460,0.551152,;647.736460,0.601273,;647.736460,0.651392,;633.950464,0.701471,;633.950464,0.751551,;633.950464,0.801631,;633.950464,0.851709,;633.950464,0.901824,;633.950464,0.951919,;633.950464,1.00204,;633.950464,1.05213,;633.950464,1.10225,;633.950464,1.15234,;633.950464,1.20244,;633.950464,1.25251,;633.950464,1.3026,;633.950464,1.35274,;616.857553,1.40285,;616.857553,1.45297,;616.857553,1.50309,;616.857553,1.5532,;616.857553,1.60331,;616.857553,1.65342,;616.857553,1.70347,;616.857553,1.75355,;616.857553,1.80363,;587.282769,1.85376,;587.282769,1.90385,;587.282769,1.95394,;587.282769,2.00404,;587.282769,2.05414,;587.282769,2.10423,;587.282769,2.15431,;584.260966,2.20438,;584.260966,2.25445,;584.260966,2.30453,;584.260966,2.35462,;584.260966,2.40468,;584.260966,2.4548,;523.013245,2.50491,;523.013245,2.55503,;523.013245,2.60515,;523.013245,2.65527,;523.013245,2.70539,;523.013245,2.75548,;523.013245,2.80556,;523.013245,2.85564,;523.013245,2.90572,;523.013245,2.95581,;523.013245,3.0059,;516.238342,3.05598,;516.238342,3.1061,;516.238342,3.15622,;516.238342,3.20634,;509.310400,3.25642,;509.310400,3.30651,;509.310400,3.35661,;509.310400,3.40669,;509.310400,3.45677,;509.310400,3.50686,;509.310400,3.55695,;509.310400,3.60705,;509.310400,3.65715,;509.310400,3.70727,;478.369367,3.75739,;478.369367,3.80747,;478.369367,3.85755,;478.369367,3.90763,;478.369367,3.95775,;478.369367,4.00786,;478.369367,4.05795,;478.369367,4.10805,;478.369367,4.15817,;478.369367,4.20825,;478.369367,4.25835,;478.369367,4.30843,;478.369367,4.35851,;478.369367,4.40861,;478.369367,4.45872,;477.202001,4.50881,;477.202001,4.55893,;477.202001,4.60905,;477.202001,4.65913,;477.202001,4.70923,;477.202001,4.75931,;477.202001,4.8094,;477.202001,4.85963,;477.202001,4.90971,;477.202001,4.95978,;477.202001,5.00987,;477.202001,5.05995,;477.202001,5.11004,;477.202001,5.16016,;477.202001,5.21028,;477.202001,5.26037,;471.817194,5.31049,;471.817194,5.36059,;471.817194,5.41067,;471.817194,5.46078,;471.817194,5.5109,;471.817194,5.56099,;471.817194,5.61111,;471.817194,5.6612,;471.817194,5.71128,;471.817194,5.76139,;471.817194,5.8115,;471.817194,5.86162,;471.817194,5.91169,;471.817194,5.96178,;471.817194,6.01188,;471.817194,6.06199,;471.817194,6.11207,;471.817194,6.16216,;471.817194,6.21224,;471.817194,6.26232,;471.817194,6.31245,;471.817194,6.36257,;471.817194,6.41267,;471.817194,6.46274,;471.817194,6.51283,;471.817194,6.56291,;471.817194,6.613,;471.817194,6.66309,;471.817194,6.71317,;470.942713,6.76327,;470.942713,6.81338,;470.942713,6.86344,;470.942713,6.91356,;470.942713,6.96364,;470.529823,7.01372,;470.529823,7.06381,;470.529823,7.1139,;470.529823,7.16399,;470.418414,7.21409,;470.418414,7.26419,;470.418414,7.31431,;470.418414,7.36439,;470.418414,7.41448,;470.418414,7.46457,;470.418414,7.5147,;470.418414,7.5648,;470.418414,7.61492,;470.418414,7.66503,;470.418414,7.71512,;470.418414,7.7652,;470.418414,7.81528,;470.418414,7.8654,;470.418414,7.91548,;470.418414,7.96559,;470.418414,8.01567,;470.418414,8.06575,;470.418414,8.11583,;470.418414,8.16591,;470.418414,8.216,;404.955418,8.26609,;404.955418,8.31618,;404.955418,8.36628,;404.955418,8.41637,;404.955418,8.46647,;404.955418,8.51656,;404.955418,8.56666,;404.955418,8.61674,;363.438834,8.66682,;363.438834,8.71692,;363.438834,8.76704,;363.438834,8.81714,;363.438834,8.86725,;363.438834,8.91734,;363.438834,8.96744,;363.438834,9.01754,;363.438834,9.06762,;363.438834,9.11771,;363.438834,9.16779,;363.438834,9.21792,;363.438834,9.268,;363.438834,9.3181,;363.438834,9.36818,;363.438834,9.41827,;363.438834,9.46837,;363.438834,9.5185,;363.438834,9.56863,;363.438834,9.61876,;363.438834,9.66887,;363.438834,9.71897,;360.402557,9.76907,;360.402557,9.81919,;360.402557,9.8693,;360.402557,9.91943,;360.402557,9.96953,;
inf,0.0500559,;629.207498,0.100182,;629.207498,0.150243,;629.207498,0.200325,;629.207498,0.250408,;629.207498,0.300494,;629.207498,0.350616,;629.207498,0.400707,;629.207498,0.450793,;629.207498,0.500904,;629.207498,0.551014,;629.207498,0.601141,;629.207498,0.651257,;629.207498,0.701366,;629.207498,0.751481,;629.207498,0.801592,;629.207498,0.851707,;629.207498,0.901819,;629.207498,0.951896,;629.207498,1.002,;629.207498,1.05211,;629.207498,1.1022,;629.207498,1.1523,;629.207498,1.20241,;629.207498,1.2525,;622.206404,1.30258,;622.206404,1.35269,;622.206404,1.40277,;622.206404,1.45288,;622.206404,1.50296,;622.206404,1.55308,;604.814547,1.6032,;604.814547,1.65329,;604.814547,1.70342,;604.814547,1.75354,;604.814547,1.80365,;604.814547,1.85376,;604.814547,1.90388,;604.814547,1.954,;604.814547,2.00411,;604.814547,2.05423,;604.814547,2.10434,;604.814547,2.15446,;604.814547,2.20458,;604.814547,2.2547,;604.814547,2.30481,;604.814547,2.35492,;604.814547,2.40503,;604.814547,2.45515,;604.814547,2.50526,;604.814547,2.55537,;604.814547,2.60548,;604.814547,2.65558,;604.814547,2.70566,;604.814547,2.75575,;604.814547,2.80589,;604.814547,2.85598,;604.814547,2.90609,;604.814547,2.95617,;604.814547,3.00624,;604.814547,3.05635,;604.814547,3.10646,;604.814547,3.15657,;604.814547,3.20665,;604.814547,3.25673,;604.814547,3.30681,;604.814547,3.35689,;604.814547,3.40698,;604.814547,3.45706,;604.814547,3.50714,;604.814547,3.55723,;604.814547,3.60731,;604.814547,3.65738,;604.814547,3.70748,;604.814547,3.75761,;604.814547,3.80773,;604.814547,3.85788,;604.814547,3.90796,;604.814547,3.95808,;604.814547,4.00819,;604.814547,4.05831,;604.814547,4.10842,;604.814547,4.15855,;604.814547,4.20862,;604.814547,4.25875,;604.814547,4.30883,;604.814547,4.35896,;604.814547,4.40904,;604.814547,4.45912,;592.025890,4.50924,;592.025890,4.55933,;592.025890,4.60942,;592.025890,4.6595,;592.025890,4.70957,;592.025890,4.75967,;592.025890,4.80976,;592.025890,4.85985,;592.025890,4.90995,;592.025890,4.96004,;592.025890,5.01014,;592.025890,5.06025,;592.025890,5.11033,;592.025890,5.16042,;592.025890,5.21056,;592.025890,5.26068,;592.025890,5.31081,;592.025890,5.36092,;592.025890,5.41101,;592.025890,5.4611,;592.025890,5.51118,;592.025890,5.56127,;592.025890,5.61134,;592.025890,5.66143,;592.025890,5.71151,;592.025890,5.76159,;592.025890,5.8117,;592.025890,5.86183,;592.025890,5.91191,;592.025890,5.96201,;592.025890,6.01213,;592.025890,6.06223,;592.025890,6.11233,;592.025890,6.16243,;592.025890,6.21252,;592.025890,6.26264,;592.025890,6.31273,;592.025890,6.36282,;592.025890,6.41294,;592.025890,6.46303,;592.025890,6.51315,;592.025890,6.56328,;592.025890,6.6134,;592.025890,6.66349,;592.025890,6.71361,;592.025890,6.7637,;592.025890,6.81382,;592.025890,6.86394,;592.025890,6.91406,;592.025890,6.96418,;592.025890,7.01429,;592.025890,7.06441,;592.025890,7.11453,;592.025890,7.16465,;592.025890,7.21477,;592.025890,7.26489,;592.025890,7.31497,;592.025890,7.36509,;592.025890,7.4152,;592.025890,7.46534,;592.025890,7.51546,;592.025890,7.56558,;592.025890,7.61569,;592.025890,7.66581,;592.025890,7.71591,;585.490786,7.76602,;585.490786,7.81614,;585.490786,7.86626,;585.490786,7.91635,;585.490786,7.96647,;585.490786,8.01659,;585.490786,8.06671,;585.490786,8.11682,;585.490786,8.16694,;585.490786,8.21705,;585.490786,8.26718,;585.490786,8.3173,;585.490786,8.36742,;585.490786,8.41754,;585.490786,8.46764,;585.490786,8.51776,;585.490786,8.56788,;585.490786,8.618,;585.490786,8.66809,;413.849526,8.71821,;413.849526,8.76833,;413.849526,8.81845,;413.849526,8.86856,;413.849526,8.91868,;413.849526,8.96879,;413.849526,9.01887,;413.849526,9.06898,;413.849526,9.11901,;413.849526,9.1691,;409.750250,9.21918,;409.750250,9.26929,;409.750250,9.31937,;409.750250,9.36948,;409.750250,9.41956,;409.750250,9.46966,;409.750250,9.51974,;409.750250,9.56983,;409.750250,9.61991,;382.056267,9.67003,;382.056267,9.72012,;382.056267,9.77025,;382.056267,9.82034,;382.056267,9.87045,;382.056267,9.92054,;382.056267,9.97066,;382.056267,10.0208,;
inf,0.0500741,;704.041291,0.100189,;669.770140,0.150279,;669.770140,0.200409,;669.770140,0.250528,;651.281302,0.300605,;651.281302,0.350701,;651.281302,0.400794,;651.281302,0.450887,;633.097522,0.500965,;632.880412,0.551074,;632.880412,0.601152,;632.880412,0.651247,;632.880412,0.701355,;632.880412,0.751456,;614.255984,0.801556,;614.255984,0.851652,;614.255984,0.901737,;595.167458,0.951822,;595.167458,1.0019,;595.167458,1.05199,;595.167458,1.10206,;595.167458,1.15215,;595.167458,1.20224,;561.975645,1.25232,;561.975645,1.30241,;561.975645,1.35248,;561.975645,1.4026,;561.975645,1.45268,;561.975645,1.5028,;561.975645,1.55288,;561.975645,1.60297,;561.975645,1.65308,;561.975645,1.7032,;561.975645,1.7533,;561.975645,1.80341,;561.975645,1.85351,;561.975645,1.90363,;561.975645,1.95375,;561.975645,2.00386,;561.975645,2.05398,;561.975645,2.1041,;561.975645,2.15422,;561.975645,2.20433,;561.975645,2.25444,;561.975645,2.30451,;561.975645,2.35463,;460.645724,2.4047,;460.645724,2.45483,;460.645724,2.50491,;460.645724,2.555,;460.645724,2.60509,;460.645724,2.65521,;460.645724,2.70528,;460.645724,2.75537,;430.132822,2.80545,;430.132822,2.85554,;430.132822,2.90561,;430.132822,2.95572,;430.132822,3.0058,;430.132822,3.05588,;419.607933,3.10598,;419.607933,3.15607,;419.607933,3.20616,;419.607933,3.25625,;419.607933,3.30637,;419.607933,3.3565,;419.607933,3.40659,;419.607933,3.45666,;419.607933,3.50679,;419.607933,3.55688,;419.607933,3.607,;419.607933,3.65709,;419.607933,3.70717,;419.607933,3.75727,;413.979023,3.80738,;413.979023,3.85751,;413.979023,3.90762,;413.979023,3.95774,;403.072952,4.00786,;403.072952,4.05798,;403.072952,4.1081,;403.072952,4.15822,;403.072952,4.20834,;403.072952,4.25845,;403.072952,4.30849,;402.477942,4.35861,;402.477942,4.40869,;402.477942,4.45878,;402.477942,4.5089,;402.477942,4.55899,;402.477942,4.60909,;402.477942,4.65919,;402.477942,4.70931,;402.477942,4.75943,;402.477942,4.80955,;402.477942,4.85963,;402.477942,4.90975,;402.477942,4.95986,;402.477942,5.00999,;402.477942,5.06008,;402.477942,5.11017,;402.477942,5.16027,;402.477942,5.21039,;402.477942,5.26045,;402.477942,5.31054,;402.477942,5.36063,;402.477942,5.41074,;402.477942,5.46083,;402.477942,5.51095,;402.477942,5.56104,;402.477942,5.61113,;402.477942,5.66121,;402.477942,5.71131,;402.477942,5.7614,;402.477942,5.81152,;402.477942,5.86161,;402.477942,5.91174,;402.477942,5.96183,;402.477942,6.01195,;402.477942,6.06207,;402.477942,6.11219,;402.477942,6.16231,;402.477942,6.2124,;402.477942,6.26252,;401.283491,6.31259,;401.283491,6.36267,;401.283491,6.41275,;401.283491,6.46284,;401.283491,6.51293,;401.283491,6.56306,;401.283491,6.61315,;401.283491,6.66327,;395.285155,6.71337,;395.285155,6.76349,;395.285155,6.81357,;395.285155,6.86366,;395.285155,6.91378,;395.285155,6.96387,;395.285155,7.01397,;395.285155,7.06405,;395.285155,7.11417,;395.285155,7.16427,;395.285155,7.21436,;395.285155,7.26443,;395.285155,7.31453,;395.285155,7.36461,;395.285155,7.4147,;395.285155,7.46479,;395.285155,7.51487,;395.285155,7.56496,;395.285155,7.61506,;395.285155,7.66515,;395.285155,7.71525,;395.285155,7.76535,;395.285155,7.81547,;395.285155,7.86556,;395.285155,7.91566,;395.285155,7.96576,;395.285155,8.01585,;395.285155,8.06594,;395.285155,8.11606,;395.285155,8.16616,;395.285155,8.21628,;376.164066,8.26639,;376.164066,8.31648,;376.164066,8.36657,;376.164066,8.41666,;376.164066,8.46675,;376.164066,8.51685,;376.164066,8.56697,;376.164066,8.61707,;376.164066,8.66718,;376.164066,8.71728,;376.164066,8.7674,;376.164066,8.81748,;376.164066,8.8676,;376.164066,8.91772,;376.164066,8.96783,;376.164066,9.01794,;376.164066,9.06806,;376.164066,9.11814,;376.164066,9.16821,;376.164066,9.21828,;376.164066,9.26835,;376.164066,9.31843,;376.164066,9.36854,;376.164066,9.41861,;376.164066,9.46868,;376.164066,9.51875,;376.164066,9.56882,;376.164066,9.61889,;376.164066,9.66898,;376.164066,9.71909,;376.164066,9.76918,;376.164066,9.81926,;376.164066,9.86934,;376.164066,9.91942,;376.164066,9.96951,;376.164066,10.0196,;376.164066,10.0698,;
inf,0.0500954,;inf,0.100204,;inf,0.150276,;inf,0.20039,;658.055704,0.25047,;658.055704,0.300554,;658.055704,0.35064,;658.055704,0.400803,;658.055704,0.450896,;658.055704,0.501013,;658.055704,0.551091,;642.027143,0.601207,;642.027143,0.651337,;642.027143,0.701457,;642.027143,0.751556,;642.027143,0.80167,;642.027143,0.851743,;642.027143,0.901815,;606.292605,0.951902,;606.292605,1.00199,;606.019505,1.05208,;582.956635,1.1022,;582.956635,1.15229,;582.956635,1.2024,;582.956635,1.25252,;577.857670,1.3026,;577.857670,1.35269,;570.302930,1.40278,;559.645167,1.45289,;559.645167,1.50297,;559.645167,1.55306,;559.645167,1.60314,;559.645167,1.65322,;559.645167,1.70331,;559.645167,1.75343,;559.645167,1.80351,;559.645167,1.85362,;559.645167,1.90371,;559.645167,1.95384,;559.645167,2.00393,;559.645167,2.05402,;559.645167,2.10411,;559.645167,2.1542,;559.645167,2.20429,;559.645167,2.25442,;559.645167,2.30451,;559.645167,2.35459,;559.645167,2.40468,;559.645167,2.4548,;559.645167,2.5049,;559.645167,2.555,;559.645167,2.60508,;559.645167,2.65516,;559.645167,2.70528,;559.645167,2.75537,;559.645167,2.80549,;559.645167,2.85558,;554.421648,2.90569,;554.421648,2.95577,;554.421648,3.00587,;554.421648,3.05599,;554.421648,3.1061,;554.421648,3.15619,;554.421648,3.20631,;554.421648,3.2564,;554.421648,3.30648,;554.421648,3.35658,;554.421648,3.40665,;554.421648,3.45677,;554.421648,3.50687,;554.421648,3.55699,;554.421648,3.60709,;554.421648,3.65721,;533.969434,3.7073,;533.969434,3.75742,;533.969434,3.80752,;533.969434,3.85761,;533.969434,3.9077,;533.969434,3.95779,;533.969434,4.00791,;533.969434,4.05802,;533.969434,4.10814,;533.969434,4.15826,;533.969434,4.20833,;528.442791,4.25846,;528.442791,4.30857,;528.442791,4.35865,;528.442791,4.40878,;518.172692,4.45887,;518.172692,4.50896,;518.172692,4.55907,;518.172692,4.60915,;518.172692,4.65925,;518.172692,4.70936,;518.172692,4.75947,;518.172692,4.80958,;518.172692,4.85971,;518.172692,4.90982,;518.172692,4.95994,;518.172692,5.01007,;518.172692,5.06018,;518.172692,5.1103,;518.172692,5.16041,;518.172692,5.21045,;518.172692,5.26056,;507.177407,5.31063,;507.177407,5.36075,;507.177407,5.41084,;507.177407,5.46098,;507.177407,5.51111,;507.177407,5.56122,;507.177407,5.61134,;507.177407,5.66142,;507.177407,5.71151,;507.177407,5.76163,;507.177407,5.81174,;507.177407,5.86185,;507.177407,5.91196,;507.177407,5.96208,;507.177407,6.01219,;507.177407,6.0623,;507.177407,6.11241,;507.177407,6.16244,;507.177407,6.21251,;507.177407,6.26259,;507.177407,6.3127,;507.177407,6.36279,;507.177407,6.41291,;507.177407,6.463,;507.177407,6.51308,;507.177407,6.56318,;507.177407,6.61327,;507.177407,6.66335,;507.177407,6.71344,;507.177407,6.76352,;507.177407,6.8136,;507.177407,6.86368,;507.177407,6.91377,;507.177407,6.96387,;507.177407,7.01398,;507.177407,7.06406,;507.177407,7.11418,;507.177407,7.16425,;507.177407,7.21433,;507.177407,7.26441,;507.177407,7.31449,;507.177407,7.36461,;507.177407,7.41468,;507.177407,7.4648,;507.177407,7.51489,;507.177407,7.565,;507.177407,7.61508,;507.177407,7.66519,;507.177407,7.71528,;507.177407,7.7654,;507.177407,7.81549,;507.177407,7.8656,;507.177407,7.91567,;507.177407,7.96578,;362.363287,8.01589,;362.363287,8.066,;362.363287,8.11608,;362.363287,8.16622,;362.363287,8.2163,;362.363287,8.26642,;362.363287,8.31653,;362.363287,8.36661,;362.363287,8.41673,;362.363287,8.46681,;362.363287,8.51691,;362.363287,8.56699,;362.363287,8.61708,;362.363287,8.66716,;362.363287,8.71728,;362.363287,8.7674,;362.363287,8.8175,;362.363287,8.86761,;362.363287,8.91772,;362.363287,8.9678,;362.363287,9.01788,;362.363287,9.06795,;362.363287,9.11802,;362.363287,9.16813,;362.363287,9.21822,;354.648756,9.26829,;354.648756,9.31838,;354.648756,9.36846,;354.648756,9.41853,;354.648756,9.46861,;354.648756,9.5187,;354.648756,9.56878,;354.648756,9.61886,;354.648756,9.66899,;354.648756,9.71907,;354.648756,9.76914,;354.648756,9.81923,;354.648756,9.86935,;354.648756,9.91943,;354.648756,9.96955,;354.648756,10.0196,;354.648756,10.0697,;
inf,0.0500666,;inf,0.100162,;605.129898,0.150281,;594.777903,0.200403,;594.777903,0.250479,;594.777903,0.300566,;594.777903,0.350692,;594.777903,0.400803,;594.777903,0.450913,;594.777903,0.500999,;564.939450,0.551087,;564.939450,0.601169,;564.609700,0.651251,;564.609700,0.701366,;558.758334,0.751424,;558.758334,0.801498,;558.758334,0.851571,;558.758334,0.901682,;558.758334,0.951794,;558.758334,1.00188,;558.758334,1.052,;558.758334,1.10208,;558.758334,1.1522,;558.758334,1.20231,;558.758334,1.25243,;558.758334,1.30254,;558.758334,1.35266,;545.914584,1.40278,;545.914584,1.45289,;545.914584,1.503,;545.914584,1.55309,;545.914584,1.6032,;545.914584,1.65332,;526.543088,1.70343,;526.543088,1.75351,;526.543088,1.80359,;526.543088,1.85368,;526.543088,1.90378,;526.543088,1.9539,;516.359958,2.00398,;516.359958,2.05409,;516.359958,2.10418,;516.359958,2.15429,;516.359958,2.20438,;516.359958,2.25448,;516.359958,2.30457,;516.359958,2.35469,;516.359958,2.40477,;516.359958,2.45488,;516.359958,2.50496,;516.359958,2.55508,;516.359958,2.60517,;516.359958,2.65529,;516.359958,2.70537,;516.359958,2.75548,;516.359958,2.8056,;516.359958,2.85572,;516.359958,2.9058,;516.359958,2.95593,;516.359958,3.00603,;516.359958,3.05611,;516.359958,3.10621,;516.359958,3.1563,;516.359958,3.20639,;516.302413,3.25647,;516.302413,3.30656,;516.302413,3.35663,;516.302413,3.40675,;516.302413,3.45684,;516.302413,3.50696,;516.302413,3.55703,;516.302413,3.60711,;516.302413,3.65721,;516.302413,3.70729,;516.302413,3.75737,;516.302413,3.80744,;516.302413,3.85754,;516.302413,3.90762,;516.302413,3.95771,;514.061975,4.0078,;514.061975,4.05788,;514.061975,4.10797,;514.061975,4.15805,;514.061975,4.20813,;514.061975,4.25821,;514.061975,4.30829,;514.061975,4.35837,;514.061975,4.40846,;514.061975,4.45855,;514.061975,4.50863,;514.061975,4.55872,;514.061975,4.60882,;514.061975,4.65893,;514.061975,4.70902,;514.061975,4.75912,;514.061975,4.8092,;514.061975,4.8593,;514.061975,4.9094,;514.061975,4.95948,;514.061975,5.00959,;514.061975,5.05967,;478.530492,5.10975,;478.530492,5.15984,;478.530492,5.20992,;478.530492,5.26,;478.530492,5.3101,;478.530492,5.3602,;478.530492,5.41029,;478.530492,5.4604,;478.530492,5.5105,;478.530492,5.56059,;478.530492,5.61068,;478.530492,5.66077,;478.530492,5.71086,;478.530492,5.76094,;478.530492,5.81103,;478.530492,5.86111,;478.530492,5.9112,;478.530492,5.96128,;478.530492,6.01138,;478.530492,6.0615,;478.530492,6.11158,;478.530492,6.16169,;478.530492,6.21181,;478.530492,6.2619,;478.530492,6.31198,;478.530492,6.3621,;478.530492,6.41218,;478.530492,6.46228,;478.530492,6.51236,;478.530492,6.56244,;478.530492,6.61252,;458.118907,6.66261,;458.118907,6.71269,;458.118907,6.76278,;458.118907,6.81287,;432.399650,6.86296,;432.399650,6.91305,;432.399650,6.96317,;432.399650,7.01326,;432.399650,7.06336,;432.399650,7.11346,;432.399650,7.16354,;432.399650,7.21366,;432.399650,7.26375,;432.399650,7.31387,;432.399650,7.36395,;432.399650,7.41407,;432.399650,7.46416,;432.399650,7.51426,;432.399650,7.56438,;432.399650,7.61447,;432.399650,7.66457,;427.073618,7.71469,;427.073618,7.76478,;427.073618,7.81491,;427.073618,7.86501,;427.073618,7.91512,;427.073618,7.9652,;427.073618,8.01529,;427.073618,8.06537,;427.073618,8.11542,;427.073618,8.16555,;427.073618,8.21567,;427.073618,8.26578,;427.073618,8.3159,;427.073618,8.36599,;427.073618,8.41608,;427.073618,8.46621,;427.073618,8.5163,;427.073618,8.56642,;427.073618,8.61654,;427.073618,8.66667,;427.073618,8.71676,;427.073618,8.76686,;427.073618,8.81698,;427.073618,8.86709,;427.073618,8.91721,;427.073618,8.96733,;427.073618,9.01744,;427.073618,9.06748,;427.073618,9.11759,;425.205008,9.16767,;425.205008,9.2178,;425.205008,9.2679,;425.205008,9.31799,;425.205008,9.36809,;418.726116,9.4182,;418.726116,9.4683,;418.726116,9.51839,;418.726116,9.56849,;418.726116,9.61858,;418.726116,9.66871,;418.726116,9.71883,;418.726116,9.76894,;418.726116,9.81906,;418.726116,9.86918,;418.726116,9.91929,;418.726116,9.96941,;418.726116,10.0195,;
inf,0.0500654,;inf,0.10019,;657.996555,0.150271,;657.996555,0.20036,;657.996555,0.250474,;657.996555,0.300566,;657.996555,0.35065,;657.996555,0.400751,;657.996555,0.450833,;657.996555,0.500928,;657.996555,0.55101,;657.996555,0.601085,;657.996555,0.651192,;657.996555,0.701276,;657.996555,0.751392,;657.996555,0.801463,;657.996555,0.851579,;657.996555,0.901678,;657.996555,0.951786,;657.996555,1.00187,;657.996555,1.05195,;657.996555,1.10203,;657.996555,1.15211,;657.996555,1.20222,;657.996555,1.2523,;615.946705,1.30241,;615.946705,1.35252,;615.946705,1.40263,;607.815700,1.45271,;607.815700,1.50279,;607.734814,1.55286,;607.734814,1.60299,;607.734814,1.65306,;607.734814,1.70314,;607.734814,1.75323,;599.818644,1.80331,;592.159794,1.85339,;592.159794,1.90348,;592.159794,1.95358,;592.159794,2.0037,;592.159794,2.05381,;592.159794,2.10392,;592.159794,2.15402,;592.159794,2.20414,;592.159794,2.25424,;592.159794,2.30432,;592.159794,2.35444,;592.159794,2.40451,;592.159794,2.45464,;592.159794,2.50472,;592.159794,2.55482,;592.159794,2.60491,;592.159794,2.65502,;592.159794,2.7051,;589.925931,2.75518,;589.925931,2.80527,;589.925931,2.85538,;589.925931,2.90547,;589.925931,2.95559,;589.925931,3.00568,;589.925931,3.05579,;589.925931,3.1059,;589.925931,3.15602,;589.925931,3.20611,;589.925931,3.25619,;589.925931,3.3063,;589.925931,3.35638,;589.925931,3.40649,;589.925931,3.45658,;589.925931,3.50669,;534.949991,3.55677,;534.949991,3.60685,;534.949991,3.65697,;534.949991,3.70705,;534.949991,3.75715,;534.949991,3.80723,;534.949991,3.8573,;528.310839,3.90741,;528.310839,3.95752,;528.310839,4.0076,;528.310839,4.05772,;528.310839,4.10781,;528.310839,4.1579,;528.310839,4.20803,;528.310839,4.25815,;528.310839,4.30822,;528.310839,4.35832,;528.310839,4.4084,;528.310839,4.45851,;528.310839,4.5086,;528.310839,4.55872,;528.310839,4.60879,;528.310839,4.65887,;528.310839,4.70895,;528.310839,4.75904,;528.310839,4.80912,;528.310839,4.85921,;528.310839,4.9093,;528.310839,4.95941,;528.310839,5.0095,;528.310839,5.05963,;528.310839,5.10974,;528.310839,5.15985,;528.310839,5.20996,;528.310839,5.26,;528.310839,5.31009,;528.310839,5.36021,;528.310839,5.41032,;528.310839,5.4604,;528.310839,5.51051,;528.310839,5.5606,;528.310839,5.61072,;528.310839,5.66081,;528.310839,5.71089,;528.310839,5.76096,;528.310839,5.81107,;528.310839,5.86115,;528.310839,5.91127,;528.310839,5.96138,;528.310839,6.0115,;528.310839,6.06159,;528.310839,6.1117,;528.310839,6.16181,;528.310839,6.2119,;528.310839,6.26203,;528.310839,6.31214,;528.310839,6.36226,;528.310839,6.41234,;528.310839,6.46245,;528.310839,6.51256,;528.310839,6.56267,;528.310839,6.6128,;528.310839,6.66291,;528.310839,6.71299,;528.310839,6.76311,;528.310839,6.8132,;528.310839,6.86332,;528.310839,6.91341,;528.310839,6.96352,;528.310839,7.01361,;528.310839,7.06373,;523.866581,7.11381,;523.866581,7.1639,;523.866581,7.21402,;523.866581,7.26415,;523.866581,7.31423,;523.866581,7.36431,;523.866581,7.41441,;523.866581,7.46449,;523.866581,7.5146,;523.866581,7.56471,;523.866581,7.61479,;523.866581,7.66487,;523.866581,7.71495,;523.866581,7.76504,;523.866581,7.81511,;523.866581,7.8652,;523.866581,7.91532,;523.866581,7.96543,;523.866581,8.01554,;523.866581,8.06563,;523.866581,8.11575,;523.866581,8.16586,;523.866581,8.21598,;523.866581,8.2661,;523.866581,8.31619,;523.866581,8.36627,;523.866581,8.41637,;523.866581,8.46648,;523.866581,8.51657,;523.866581,8.56667,;523.866581,8.61677,;523.866581,8.66686,;523.866581,8.71696,;523.866581,8.76709,;523.866581,8.81722,;523.866581,8.86734,;523.866581,8.91745,;523.866581,8.96757,;523.866581,9.01765,;523.866581,9.06774,;523.866581,9.11785,;523.866581,9.16795,;523.866581,9.21802,;523.866581,9.26809,;523.866581,9.31821,;523.866581,9.36825,;523.866581,9.41834,;523.866581,9.46842,;523.866581,9.51853,;523.866581,9.56862,;523.866581,9.61871,;523.866581,9.6688,;523.866581,9.71892,;523.866581,9.769,;523.866581,9.81909,;523.866581,9.86918,;523.866581,9.91926,;523.866581,9.96934,;523.866581,10.0194,;523.866581,10.0695,;
inf,0.0500645,;516.210668,0.10015,;516.210668,0.150237,;516.210668,0.200325,;516.210668,0.250422,;515.915692,0.30052,;515.915692,0.350605,;515.915692,0.400692,;515.915692,0.450778,;515.915692,0.500864,;515.915692,0.550955,;515.915692,0.601035,;513.710347,0.651123,;513.710347,0.701213,;513.710347,0.751305,;495.376483,0.801402,;495.376483,0.851531,;495.376483,0.901644,;495.376483,0.951717,;495.376483,1.0018,;495.376483,1.05192,;495.376483,1.10204,;495.376483,1.15213,;495.376483,1.20225,;473.264908,1.25236,;473.264908,1.30247,;473.264908,1.35258,;473.264908,1.40266,;473.264908,1.45277,;469.875700,1.50288,;469.875700,1.55296,;469.875700,1.60309,;469.875700,1.6532,;469.875700,1.70328,;469.875700,1.7534,;469.875700,1.80348,;469.875700,1.85359,;469.875700,1.90371,;469.875700,1.95382,;469.875700,2.0039,;469.875700,2.05398,;469.875700,2.10409,;469.875700,2.15417,;469.875700,2.20426,;469.875700,2.25438,;469.875700,2.30448,;469.875700,2.35461,;469.875700,2.40468,;469.875700,2.45477,;469.875700,2.50484,;469.875700,2.55493,;469.875700,2.60502,;469.875700,2.65511,;469.875700,2.70523,;469.875700,2.75531,;469.875700,2.80543,;469.875700,2.85552,;469.875700,2.90561,;469.875700,2.95572,;469.875700,3.00581,;469.875700,3.05589,;469.875700,3.10601,;469.875700,3.1561,;469.875700,3.20622,;469.875700,3.25632,;469.875700,3.30643,;469.875700,3.35656,;469.875700,3.40668,;469.875700,3.45677,;469.875700,3.50687,;469.875700,3.55696,;469.875700,3.60706,;469.875700,3.65718,;469.875700,3.7073,;469.875700,3.75741,;469.875700,3.80753,;469.875700,3.85761,;469.875700,3.9077,;469.875700,3.95779,;469.875700,4.00787,;469.875700,4.058,;469.875700,4.1081,;469.875700,4.15819,;469.875700,4.20829,;469.875700,4.25838,;469.875700,4.30848,;469.875700,4.35861,;469.875700,4.40869,;469.875700,4.45879,;469.875700,4.50887,;469.875700,4.559,;469.875700,4.60909,;469.875700,4.65921,;469.875700,4.7093,;469.875700,4.7594,;469.875700,4.80952,;469.875700,4.85961,;469.875700,4.90973,;469.875700,4.95981,;469.875700,5.00993,;469.875700,5.06002,;469.875700,5.11014,;469.875700,5.16024,;469.875700,5.21036,;469.875700,5.26048,;469.875700,5.3106,;469.875700,5.3607,;469.875700,5.41081,;469.875700,5.4609,;469.875700,5.51102,;469.875700,5.5611,;469.875700,5.61122,;469.875700,5.66132,;469.875700,5.71144,;469.875700,5.76157,;469.875700,5.81167,;469.875700,5.86177,;469.875700,5.91185,;469.875700,5.96197,;469.875700,6.01207,;469.875700,6.06217,;469.875700,6.11226,;469.875700,6.16239,;469.875700,6.21248,;469.875700,6.26257,;469.875700,6.31269,;469.875700,6.36282,;469.875700,6.41291,;469.875700,6.46303,;469.875700,6.51314,;469.875700,6.56327,;469.875700,6.61336,;469.875700,6.66347,;469.875700,6.71359,;469.875700,6.76371,;469.875700,6.81383,;469.875700,6.86391,;469.875700,6.91403,;469.875700,6.96415,;469.875700,7.01426,;469.875700,7.06439,;469.875700,7.1145,;469.875700,7.16463,;469.875700,7.2147,;469.875700,7.26479,;469.875700,7.31488,;469.875700,7.36499,;469.875700,7.41511,;469.875700,7.46523,;469.875700,7.51535,;469.875700,7.56548,;469.875700,7.61556,;469.875700,7.66564,;469.875700,7.71572,;469.875700,7.76583,;469.875700,7.81596,;469.875700,7.86608,;469.875700,7.91621,;469.875700,7.96632,;469.875700,8.01642,;454.710461,8.06654,;454.710461,8.11666,;454.710461,8.16678,;454.710461,8.21685,;454.710461,8.26695,;454.710461,8.31707,;454.710461,8.36719,;454.710461,8.41731,;454.710461,8.46743,;454.710461,8.51755,;454.710461,8.56766,;454.710461,8.61777,;454.710461,8.66789,;454.710461,8.71801,;454.710461,8.7681,;454.710461,8.81821,;454.710461,8.8683,;454.710461,8.91842,;454.710461,8.96851,;454.710461,9.01863,;454.710461,9.06871,;454.710461,9.11883,;454.710461,9.16892,;454.710461,9.21904,;454.710461,9.26915,;420.914736,9.31926,;420.914736,9.36938,;420.914736,9.41949,;420.914736,9.46961,;420.914736,9.51974,;420.914736,9.56986,;420.914736,9.61995,;420.914736,9.67007,;420.914736,9.72019,;420.914736,9.77029,;420.914736,9.82038,;420.914736,9.8705,;420.914736,9.92061,;420.914736,9.97074,;420.914736,10.0208,;
inf,0.0500597,;597.353876,0.100162,;597.353876,0.150254,;597.353876,0.200353,;597.353876,0.250427,;597.353876,0.300505,;597.353876,0.350589,;597.353876,0.400695,;597.353876,0.450785,;590.073783,0.500861,;590.073783,0.550992,;590.073783,0.601065,;590.073783,0.651173,;590.073783,0.701244,;590.073783,0.751354,;570.645283,0.801427,;570.645283,0.851552,;570.645283,0.90164,;570.645283,0.951753,;570.645283,1.00183,;570.645283,1.05194,;570.645283,1.10206,;570.645283,1.15214,;570.645283,1.20223,;570.645283,1.2523,;570.645283,1.30238,;570.645283,1.35247,;570.645283,1.40256,;570.645283,1.45264,;570.645283,1.50273,;570.645283,1.55285,;541.739257,1.60293,;541.739257,1.65302,;541.739257,1.70311,;541.739257,1.75324,;541.739257,1.80332,;541.739257,1.85341,;541.739257,1.90349,;529.417577,1.95361,;529.417577,2.0037,;529.417577,2.05382,;529.417577,2.10391,;529.417577,2.15399,;529.417577,2.20407,;529.417577,2.25419,;529.417577,2.30428,;528.961422,2.35436,;528.961422,2.40446,;528.961422,2.45454,;502.618337,2.50466,;502.618337,2.55476,;502.618337,2.60487,;502.618337,2.65498,;502.618337,2.70509,;502.618337,2.7552,;502.618337,2.80531,;502.618337,2.85543,;502.618337,2.90553,;502.618337,2.95564,;502.618337,3.00577,;502.618337,3.05586,;502.618337,3.10593,;502.618337,3.15604,;502.618337,3.20612,;502.618337,3.25623,;502.618337,3.30632,;502.618337,3.35641,;502.618337,3.40649,;502.618337,3.4566,;502.618337,3.50668,;502.618337,3.5568,;502.618337,3.60688,;502.618337,3.657,;502.618337,3.70709,;502.618337,3.7572,;502.618337,3.80727,;502.618337,3.85735,;502.618337,3.90743,;502.618337,3.9575,;502.618337,4.00758,;498.978231,4.05771,;498.978231,4.10781,;498.978231,4.15789,;498.978231,4.20796,;498.978231,4.25803,;498.978231,4.30811,;498.978231,4.35818,;498.978231,4.40829,;419.338485,4.45836,;419.338485,4.50847,;419.338485,4.55856,;419.338485,4.60867,;356.499297,4.65876,;356.499297,4.70888,;356.499297,4.75896,;356.499297,4.80908,;356.499297,4.85919,;356.499297,4.90927,;356.499297,4.95938,;356.499297,5.00946,;356.499297,5.05957,;356.499297,5.10968,;356.499297,5.15979,;356.499297,5.20986,;356.499297,5.25997,;356.499297,5.31004,;356.499297,5.36019,;356.499297,5.4103,;356.499297,5.46042,;356.499297,5.5105,;356.499297,5.56062,;356.499297,5.6107,;356.499297,5.66081,;356.499297,5.71092,;356.499297,5.76104,;356.499297,5.81116,;356.499297,5.86127,;356.499297,5.91138,;356.499297,5.96149,;356.499297,6.01156,;356.499297,6.06164,;356.499297,6.11175,;356.499297,6.16186,;356.499297,6.21198,;356.499297,6.26206,;356.499297,6.31213,;356.499297,6.36222,;356.499297,6.41234,;356.499297,6.46243,;356.499297,6.5125,;356.499297,6.56258,;356.499297,6.61271,;356.499297,6.66282,;356.499297,6.71294,;356.499297,6.76303,;356.499297,6.81311,;356.499297,6.86322,;356.499297,6.91333,;356.499297,6.96344,;356.499297,7.01355,;356.499297,7.06367,;356.499297,7.11378,;356.499297,7.16388,;356.499297,7.21396,;356.499297,7.26407,;356.499297,7.31416,;356.499297,7.36427,;356.499297,7.41436,;356.499297,7.46444,;356.499297,7.51452,;356.499297,7.56459,;356.499297,7.61469,;356.499297,7.66477,;356.499297,7.71489,;356.499297,7.765,;356.499297,7.81507,;356.499297,7.86518,;356.499297,7.91527,;356.499297,7.96539,;356.499297,8.01551,;356.499297,8.06563,;356.499297,8.11572,;356.499297,8.16582,;356.499297,8.21594,;356.499297,8.26602,;356.499297,8.31611,;356.499297,8.3662,;349.695312,8.41628,;349.695312,8.46637,;349.695312,8.51649,;349.695312,8.56657,;349.695312,8.61669,;349.695312,8.66684,;349.695312,8.71696,;349.695312,8.76707,;349.695312,8.81718,;349.695312,8.86728,;349.695312,8.91737,;349.695312,8.96746,;349.695312,9.01754,;349.695312,9.06764,;349.695312,9.11772,;349.695312,9.16781,;349.695312,9.21788,;349.695312,9.26795,;349.695312,9.31802,;349.695312,9.36809,;349.695312,9.41817,;349.695312,9.46826,;349.695312,9.51834,;349.695312,9.56842,;349.695312,9.61852,;349.695312,9.66862,;349.695312,9.71871,;349.695312,9.76882,;349.695312,9.81891,;349.695312,9.86903,;349.695312,9.91911,;349.695312,9.96922,;349.695312,10.0193,;
inf,0.0501078,;inf,0.100224,;603.091524,0.150302,;602.464912,0.200379,;602.464912,0.250452,;602.464912,0.300528,;602.464912,0.350678,;602.464912,0.400789,;602.464912,0.450882,;602.464912,0.501007,;602.464912,0.551123,;602.464912,0.601234,;602.464912,0.65135,;602.464912,0.701441,;602.464912,0.751563,;571.648521,0.801602,;558.601551,0.851716,;550.086729,0.901795,;549.112525,0.951875,;549.112525,1.00197,;549.112525,1.05209,;549.112525,1.10218,;549.112525,1.1523,;549.112525,1.20238,;549.112525,1.25246,;549.112525,1.30255,;549.112525,1.35268,;549.112525,1.40276,;549.112525,1.45288,;549.112525,1.50301,;549.112525,1.55312,;549.112525,1.60324,;549.112525,1.65333,;549.112525,1.70341,;549.112525,1.75352,;549.112525,1.80365,;549.112525,1.85373,;549.112525,1.90384,;549.112525,1.95391,;549.112525,2.00404,;542.546607,2.05412,;542.546607,2.10422,;542.546607,2.15432,;542.546607,2.20441,;542.546607,2.2545,;542.546607,2.30459,;542.546607,2.35468,;542.546607,2.40477,;542.546607,2.45487,;542.546607,2.50495,;542.546607,2.55507,;542.546607,2.60519,;542.546607,2.65532,;542.546607,2.70539,;542.546607,2.75551,;542.546607,2.80559,;542.546607,2.85571,;542.546607,2.90579,;542.546607,2.95591,;542.546607,3.00602,;542.546607,3.05613,;542.546607,3.10621,;542.546607,3.1563,;542.546607,3.20638,;542.546607,3.25649,;542.546607,3.30661,;542.546607,3.35672,;542.546607,3.40684,;542.546607,3.45697,;542.546607,3.50705,;542.546607,3.55718,;542.546607,3.60729,;542.546607,3.65742,;542.546607,3.70753,;542.546607,3.75765,;542.546607,3.80777,;542.546607,3.85785,;533.606002,3.90796,;533.606002,3.95805,;533.606002,4.00816,;533.606002,4.05826,;533.606002,4.10834,;533.606002,4.15843,;533.606002,4.20855,;533.606002,4.25864,;533.606002,4.30877,;533.606002,4.3589,;533.606002,4.40901,;533.606002,4.45909,;490.993300,4.50921,;490.993300,4.55929,;490.993300,4.60937,;490.993300,4.6595,;490.993300,4.70955,;490.993300,4.75966,;422.588178,4.80975,;422.588178,4.85983,;422.588178,4.90992,;422.588178,4.96001,;422.588178,5.0101,;422.588178,5.06021,;422.588178,5.11029,;422.588178,5.1604,;422.588178,5.21047,;422.588178,5.26058,;422.588178,5.3107,;422.588178,5.36086,;422.588178,5.41094,;422.588178,5.46104,;422.588178,5.51113,;422.588178,5.56125,;422.588178,5.61133,;422.588178,5.66142,;422.588178,5.7115,;422.588178,5.7616,;422.588178,5.81172,;413.731587,5.8618,;413.731587,5.91188,;408.325831,5.96197,;408.325831,6.01207,;393.737484,6.06215,;393.737484,6.11222,;393.737484,6.1623,;393.737484,6.21238,;393.737484,6.26246,;393.737484,6.31258,;384.042148,6.3627,;384.042148,6.4128,;384.042148,6.46289,;384.042148,6.51301,;384.042148,6.56313,;384.042148,6.61324,;384.042148,6.66335,;384.042148,6.71347,;384.042148,6.76358,;384.042148,6.81365,;384.042148,6.86376,;384.042148,6.91384,;384.042148,6.96392,;384.042148,7.01402,;384.042148,7.06413,;384.042148,7.11422,;384.042148,7.16433,;384.042148,7.21442,;384.042148,7.26453,;378.024768,7.31463,;378.024768,7.36475,;378.024768,7.41483,;378.024768,7.46496,;378.024768,7.51507,;378.024768,7.56514,;343.882184,7.61522,;343.882184,7.66529,;343.882184,7.71537,;343.882184,7.76544,;343.882184,7.8155,;343.882184,7.86556,;343.882184,7.91565,;343.882184,7.96573,;343.882184,8.0158,;343.882184,8.06589,;343.882184,8.11598,;343.882184,8.16607,;343.882184,8.21617,;343.882184,8.26627,;343.882184,8.31635,;341.933468,8.36645,;341.933468,8.41653,;341.933468,8.46663,;341.933468,8.51676,;341.933468,8.56687,;341.933468,8.61699,;341.933468,8.66709,;341.933468,8.71717,;341.933468,8.76726,;341.933468,8.8174,;341.933468,8.86751,;341.933468,8.91755,;341.933468,8.96766,;341.933468,9.01773,;341.933468,9.06786,;341.933468,9.11794,;341.933468,9.1681,;341.933468,9.21818,;341.933468,9.26826,;341.933468,9.31835,;341.933468,9.36846,;341.933468,9.41855,;341.933468,9.46867,;341.933468,9.51875,;341.933468,9.56883,;341.933468,9.6189,;341.933468,9.66898,;341.933468,9.71905,;341.933468,9.76912,;341.933468,9.81919,;341.933468,9.86926,;341.933468,9.91933,;341.933468,9.9694,;341.933468,10.0195,;
inf,0.0501078,;inf,0.100205,;inf,0.150308,;697.097999,0.200389,;689.092284,0.250509,;673.647420,0.300586,;673.647420,0.350657,;673.647420,0.400741,;673.647420,0.450829,;673.647420,0.500916,;673.647420,0.551014,;673.647420,0.601176,;664.040725,0.651267,;664.040725,0.701363,;664.040725,0.75146,;659.757525,0.801534,;651.484655,0.851618,;651.484655,0.901705,;651.484655,0.951825,;646.966966,1.00193,;646.966966,1.05201,;646.966966,1.10209,;646.966966,1.15217,;646.966966,1.20228,;621.911292,1.25237,;621.911292,1.30244,;621.911292,1.35254,;621.911292,1.40266,;621.911292,1.45273,;621.911292,1.50284,;607.784991,1.55292,;607.784991,1.60301,;607.784991,1.65313,;607.784991,1.70325,;607.784991,1.75333,;607.784991,1.80341,;602.954453,1.8535,;594.326061,1.90358,;594.326061,1.95369,;578.673829,2.00376,;578.673829,2.05388,;578.673829,2.10395,;578.673829,2.15403,;578.673829,2.20411,;578.673829,2.25422,;578.673829,2.30432,;578.673829,2.3544,;578.673829,2.40449,;578.673829,2.45457,;578.673829,2.50467,;578.673829,2.55475,;578.673829,2.60483,;578.673829,2.65495,;578.673829,2.70505,;578.673829,2.75514,;578.673829,2.80526,;578.673829,2.85534,;578.673829,2.90542,;578.673829,2.95552,;578.673829,3.0056,;578.673829,3.05573,;578.673829,3.10582,;578.673829,3.1559,;578.673829,3.20597,;578.673829,3.25605,;578.673829,3.30614,;578.673829,3.35623,;578.673829,3.40632,;578.673829,3.45642,;578.673829,3.50651,;578.673829,3.5566,;578.673829,3.60669,;578.673829,3.65678,;578.673829,3.70687,;578.673829,3.75696,;578.673829,3.80707,;578.673829,3.85715,;578.673829,3.90726,;578.673829,3.95737,;578.673829,4.00747,;578.673829,4.05756,;578.673829,4.10768,;578.673829,4.1578,;578.673829,4.2079,;578.673829,4.25799,;578.673829,4.30807,;578.673829,4.35815,;578.673829,4.40824,;578.673829,4.45834,;578.673829,4.50844,;578.673829,4.55855,;578.673829,4.60865,;578.673829,4.65876,;578.673829,4.70887,;578.673829,4.75898,;578.673829,4.80907,;578.673829,4.85919,;578.673829,4.90929,;578.673829,4.95942,;578.673829,5.0095,;578.673829,5.05963,;578.673829,5.10971,;578.673829,5.15983,;578.673829,5.20992,;578.673829,5.26,;575.774969,5.31008,;575.774969,5.36015,;575.774969,5.41023,;573.350218,5.46031,;573.350218,5.51039,;573.350218,5.56048,;573.350218,5.61061,;573.350218,5.66069,;573.350218,5.71081,;573.350218,5.7609,;573.350218,5.81101,;573.350218,5.86111,;573.350218,5.91122,;573.350218,5.96132,;573.350218,6.01145,;573.350218,6.06156,;573.350218,6.11164,;573.350218,6.16174,;573.350218,6.21183,;573.350218,6.26193,;573.350218,6.31203,;573.350218,6.36215,;573.350218,6.41225,;573.350218,6.46237,;573.350218,6.51245,;573.350218,6.56258,;570.903813,6.61266,;570.903813,6.66276,;570.903813,6.71286,;570.903813,6.76297,;570.903813,6.81306,;570.903813,6.86314,;570.903813,6.91326,;570.903813,6.96338,;570.903813,7.01349,;570.903813,7.06358,;570.903813,7.11371,;570.903813,7.16383,;570.903813,7.21395,;570.903813,7.26403,;570.903813,7.31411,;391.313398,7.36421,;391.313398,7.41429,;383.315104,7.46438,;383.315104,7.51447,;383.315104,7.56456,;383.315104,7.61464,;383.315104,7.66474,;383.315104,7.71482,;383.315104,7.76493,;383.315104,7.81502,;383.315104,7.86511,;383.315104,7.9152,;383.315104,7.96531,;383.315104,8.01542,;383.315104,8.06551,;383.315104,8.1156,;383.315104,8.16573,;383.315104,8.21582,;383.315104,8.26594,;383.315104,8.31602,;383.315104,8.36612,;383.315104,8.4162,;383.315104,8.46631,;383.315104,8.5164,;383.315104,8.56651,;383.315104,8.61661,;383.315104,8.66673,;383.315104,8.71686,;383.315104,8.76697,;383.315104,8.81705,;383.315104,8.86713,;383.315104,8.91722,;383.315104,8.9673,;383.315104,9.01737,;383.315104,9.06745,;383.315104,9.11758,;383.315104,9.16767,;383.315104,9.21778,;383.315104,9.26788,;383.315104,9.31799,;383.315104,9.36807,;383.315104,9.41814,;383.315104,9.46823,;383.315104,9.5183,;383.315104,9.56839,;383.315104,9.61847,;383.315104,9.66856,;383.315104,9.71864,;383.315104,9.76873,;383.315104,9.81881,;383.315104,9.86891,;383.315104,9.919,;376.995052,9.96909,;376.995052,10.0192,;376.995052,10.0693,;
inf,0.0501005,;inf,0.100226,;inf,0.150308,;760.380692,0.200398,;754.899600,0.250491,;751.392319,0.300581,;736.917213,0.350677,;736.917213,0.400753,;736.917213,0.45085,;669.347654,0.500933,;669.347654,0.551024,;658.439100,0.601121,;658.439100,0.651214,;658.439100,0.701312,;658.439100,0.751427,;658.439100,0.80154,;658.439100,0.851647,;658.439100,0.901731,;658.439100,0.951812,;658.439100,1.00191,;609.792770,1.05198,;594.226050,1.10211,;594.226050,1.15219,;594.226050,1.20229,;594.226050,1.2524,;594.226050,1.30251,;594.226050,1.3526,;594.226050,1.40273,;594.226050,1.4528,;594.226050,1.50292,;594.226050,1.553,;594.226050,1.60312,;594.226050,1.65319,;594.226050,1.70331,;594.226050,1.7534,;594.226050,1.80348,;594.226050,1.85358,;593.776927,1.90369,;589.935663,1.95378,;589.935663,2.00389,;589.935663,2.05398,;589.935663,2.1041,;589.935663,2.15419,;589.935663,2.20432,;589.935663,2.25443,;589.935663,2.30456,;589.935663,2.35467,;589.935663,2.40474,;589.935663,2.45486,;589.935663,2.50493,;589.935663,2.55505,;589.935663,2.60514,;589.935663,2.65523,;589.935663,2.70531,;589.935663,2.75542,;589.935663,2.80551,;589.935663,2.85562,;589.935663,2.90571,;589.935663,2.95583,;589.935663,3.00594,;589.935663,3.05605,;589.935663,3.10613,;589.935663,3.15621,;589.935663,3.20632,;589.935663,3.25643,;589.935663,3.30654,;589.935663,3.35663,;589.935663,3.40672,;589.935663,3.45676,;589.935663,3.50687,;589.935663,3.55696,;577.974134,3.60703,;577.974134,3.6571,;577.974134,3.70722,;577.974134,3.7573,;577.974134,3.80742,;577.974134,3.8575,;577.974134,3.90759,;577.974134,3.95767,;577.974134,4.00775,;467.584856,4.05783,;455.577702,4.10791,;455.577702,4.158,;455.577702,4.20812,;455.577702,4.25823,;444.270710,4.30834,;444.270710,4.35845,;429.771058,4.40853,;429.771058,4.45861,;429.771058,4.50868,;429.771058,4.55876,;429.771058,4.60883,;429.771058,4.65892,;429.771058,4.70904,;429.771058,4.75915,;429.771058,4.80922,;428.476313,4.8593,;428.476313,4.90941,;428.476313,4.95952,;428.476313,5.00961,;428.476313,5.05972,;428.476313,5.10979,;428.476313,5.15986,;428.476313,5.20995,;428.476313,5.26002,;428.476313,5.3101,;428.476313,5.3602,;428.476313,5.41029,;428.476313,5.46037,;425.933498,5.51046,;425.933498,5.56055,;425.933498,5.61065,;425.933498,5.66073,;425.933498,5.7108,;425.933498,5.76087,;425.933498,5.81096,;425.933498,5.86105,;425.933498,5.91114,;425.933498,5.96121,;425.933498,6.01133,;421.369194,6.06141,;421.369194,6.11148,;421.369194,6.16159,;421.369194,6.2117,;421.369194,6.26179,;421.369194,6.3119,;421.369194,6.36198,;421.369194,6.41206,;421.369194,6.46215,;421.369194,6.51227,;421.369194,6.56234,;421.369194,6.61245,;421.369194,6.66256,;421.369194,6.71263,;421.369194,6.76274,;421.369194,6.81282,;421.369194,6.8629,;421.369194,6.91299,;398.910864,6.9631,;398.910864,7.01319,;398.910864,7.0633,;398.910864,7.11338,;398.910864,7.16347,;398.910864,7.21356,;398.910864,7.26364,;398.910864,7.31376,;398.910864,7.36384,;398.910864,7.41392,;398.910864,7.46405,;398.910864,7.51413,;398.910864,7.56424,;398.910864,7.61432,;398.910864,7.66444,;398.910864,7.71451,;398.910864,7.76462,;398.910864,7.8147,;398.910864,7.86483,;398.910864,7.91491,;398.910864,7.96502,;398.910864,8.01514,;398.910864,8.06522,;398.910864,8.11534,;398.910864,8.16542,;398.910864,8.21549,;398.910864,8.26558,;398.910864,8.31567,;398.910864,8.36575,;398.910864,8.41587,;398.910864,8.46598,;398.910864,8.51609,;398.910864,8.56621,;398.910864,8.61632,;398.910864,8.66643,;398.910864,8.71651,;398.910864,8.76661,;398.910864,8.81675,;398.910864,8.86688,;398.910864,8.91696,;398.910864,8.96712,;398.910864,9.01721,;391.346784,9.06731,;391.346784,9.11739,;391.346784,9.16751,;391.346784,9.2176,;391.346784,9.26768,;391.346784,9.31775,;391.346784,9.36784,;391.346784,9.41793,;391.346784,9.46805,;391.346784,9.51814,;391.346784,9.56827,;391.346784,9.6184,;391.346784,9.66851,;391.346784,9.71861,;391.346784,9.76866,;391.346784,9.81869,;391.346784,9.86877,;391.346784,9.91886,;391.346784,9.96896,;391.346784,10.0191,;
inf,0.0500814,;inf,0.100164,;inf,0.150244,;inf,0.200368,;inf,0.250448,;inf,0.300557,;inf,0.350649,;615.680354,0.400728,;536.870989,0.450845,;536.870989,0.500924,;536.870989,0.551011,;536.870989,0.601135,;536.870989,0.65125,;536.870989,0.701357,;536.870989,0.751469,;536.870989,0.801578,;536.870989,0.851713,;516.325653,0.901837,;516.325653,0.951952,;516.325653,1.00203,;516.325653,1.05212,;516.325653,1.1022,;516.325653,1.15232,;516.325653,1.20244,;516.325653,1.25256,;516.325653,1.30265,;516.325653,1.35276,;516.325653,1.40287,;516.325653,1.45295,;479.055404,1.50305,;479.055404,1.55314,;479.055404,1.60326,;479.055404,1.65335,;479.055404,1.70347,;479.055404,1.75358,;479.055404,1.80369,;479.055404,1.85381,;479.055404,1.90394,;471.682832,1.95402,;471.682832,2.00418,;471.682832,2.05426,;471.682832,2.10443,;471.682832,2.15452,;471.682832,2.20461,;471.682832,2.25476,;471.682832,2.30486,;471.682832,2.35496,;465.201541,2.40505,;465.201541,2.45513,;465.201541,2.50523,;465.201541,2.55532,;465.201541,2.60544,;456.434925,2.65554,;456.434925,2.70565,;456.434925,2.75577,;456.434925,2.8059,;456.434925,2.85606,;456.434925,2.90614,;456.434925,2.95621,;456.434925,3.0063,;456.434925,3.05638,;456.434925,3.10646,;456.434925,3.15655,;456.434925,3.20664,;456.434925,3.25672,;456.434925,3.30679,;456.434925,3.35687,;456.434925,3.40696,;456.434925,3.45708,;456.434925,3.50717,;456.434925,3.5573,;456.434925,3.60742,;456.434925,3.65753,;456.434925,3.70764,;456.434925,3.75774,;456.434925,3.80789,;456.434925,3.85801,;456.434925,3.90813,;456.434925,3.95825,;456.434925,4.00836,;456.434925,4.05848,;456.434925,4.10856,;456.434925,4.15865,;456.434925,4.20877,;456.434925,4.25888,;456.434925,4.309,;456.434925,4.35907,;456.434925,4.40919,;456.434925,4.4593,;456.434925,4.5094,;456.434925,4.5595,;456.434925,4.60961,;456.434925,4.65973,;456.434925,4.70984,;456.434925,4.75996,;456.434925,4.81004,;456.434925,4.86015,;456.434925,4.91024,;456.434925,4.96036,;456.434925,5.01045,;456.434925,5.06055,;456.434925,5.11065,;456.434925,5.16077,;456.434925,5.21089,;456.434925,5.26101,;456.434925,5.31112,;456.434925,5.36121,;456.434925,5.41129,;456.434925,5.46141,;456.434925,5.51152,;456.434925,5.56164,;456.434925,5.61174,;456.434925,5.66183,;456.434925,5.71192,;456.434925,5.76199,;456.434925,5.81208,;456.434925,5.86215,;456.434925,5.91225,;456.434925,5.96235,;404.255956,6.01245,;404.255956,6.06254,;404.255956,6.11267,;404.255956,6.16277,;404.255956,6.21289,;404.255956,6.26298,;404.255956,6.31311,;404.255956,6.3632,;404.255956,6.4133,;404.255956,6.4634,;404.255956,6.51352,;404.255956,6.56361,;404.255956,6.61369,;404.255956,6.66381,;404.255956,6.71391,;404.255956,6.76402,;404.255956,6.8141,;404.255956,6.86419,;404.255956,6.91427,;404.255956,6.96439,;404.255956,7.01448,;404.255956,7.06457,;404.255956,7.11467,;404.255956,7.16476,;404.255956,7.21486,;404.255956,7.26498,;404.255956,7.31507,;404.255956,7.36518,;404.255956,7.4153,;404.255956,7.46541,;404.255956,7.51555,;404.255956,7.56565,;404.255956,7.61574,;404.255956,7.66581,;404.255956,7.7159,;404.255956,7.76598,;404.255956,7.81606,;404.255956,7.86614,;404.255956,7.91624,;404.255956,7.96633,;404.255956,8.01644,;404.255956,8.06653,;404.255956,8.11661,;404.255956,8.1667,;404.255956,8.21681,;404.255956,8.2669,;404.255956,8.31699,;404.255956,8.36708,;404.255956,8.41717,;404.255956,8.46724,;404.255956,8.51732,;404.255956,8.5674,;404.255956,8.61748,;404.255956,8.66756,;404.255956,8.71764,;404.255956,8.76772,;404.255956,8.8178,;404.255956,8.86788,;404.255956,8.91796,;404.255956,8.96804,;404.255956,9.01812,;404.255956,9.0682,;404.255956,9.11828,;404.255956,9.16839,;404.255956,9.21847,;404.255956,9.26858,;404.255956,9.31867,;404.255956,9.36875,;404.255956,9.41884,;404.255956,9.46895,;404.255956,9.51903,;404.255956,9.56911,;404.255956,9.61919,;404.255956,9.66932,;404.255956,9.71943,;404.255956,9.76952,;404.255956,9.81964,;404.255956,9.86972,;404.255956,9.9198,;404.255956,9.96988,;404.255956,10.02,;
489.925249,0.0500256,;489.925249,0.100148,;489.925249,0.150224,;489.925249,0.200321,;489.925249,0.250435,;489.925249,0.300526,;489.925249,0.350605,;486.800251,0.400689,;486.800251,0.450811,;486.800251,0.500928,;486.800251,0.551016,;486.800251,0.601146,;486.800251,0.651257,;486.800251,0.701378,;486.800251,0.751456,;486.800251,0.80154,;486.800251,0.851659,;486.800251,0.901769,;486.800251,0.95185,;486.580211,1.00194,;486.580211,1.05203,;486.580211,1.10212,;486.580211,1.15223,;486.580211,1.20234,;481.792606,1.25246,;481.792606,1.30254,;481.792606,1.35266,;481.792606,1.40278,;481.792606,1.45285,;481.792606,1.50295,;481.792606,1.55307,;481.056083,1.60315,;481.056083,1.65327,;481.056083,1.70336,;481.056083,1.75348,;481.056083,1.80358,;481.056083,1.8537,;481.056083,1.90381,;478.879224,1.9539,;478.879224,2.00402,;478.879224,2.05408,;478.879224,2.10416,;478.879224,2.15424,;478.879224,2.20435,;478.879224,2.25444,;478.879224,2.30453,;478.879224,2.35465,;478.879224,2.40474,;478.879224,2.45484,;478.879224,2.50495,;478.879224,2.55504,;478.879224,2.60516,;478.879224,2.65527,;478.879224,2.70539,;478.879224,2.75547,;478.879224,2.80557,;478.879224,2.85569,;478.879224,2.90576,;478.879224,2.95591,;478.879224,3.00603,;478.879224,3.05615,;478.879224,3.10623,;478.879224,3.15635,;478.879224,3.20642,;478.879224,3.25654,;475.896951,3.30663,;475.896951,3.35675,;475.896951,3.40682,;475.896951,3.45692,;475.896951,3.50701,;475.896951,3.55711,;475.896951,3.6072,;475.896951,3.65728,;475.896951,3.70735,;475.896951,3.75743,;475.896951,3.80751,;475.896951,3.8576,;475.896951,3.9077,;475.896951,3.95782,;475.896951,4.00794,;403.472043,4.05802,;403.472043,4.10814,;403.472043,4.15822,;403.472043,4.20834,;390.226979,4.25843,;390.226979,4.30853,;390.226979,4.35865,;390.226979,4.40876,;390.226979,4.45889,;385.262818,4.50902,;385.262818,4.55912,;385.262818,4.6092,;385.262818,4.65932,;385.262818,4.70943,;385.262818,4.75955,;385.262818,4.80967,;385.262818,4.85976,;385.262818,4.90985,;375.297618,4.95994,;352.174455,5.01003,;352.174455,5.06012,;352.174455,5.11021,;352.174455,5.16032,;352.174455,5.21042,;352.174455,5.26054,;352.174455,5.31064,;352.174455,5.36076,;352.174455,5.41084,;352.174455,5.46092,;352.174455,5.511,;341.135970,5.56114,;341.135970,5.61124,;341.135970,5.66134,;341.135970,5.71143,;341.135970,5.76155,;341.135970,5.81167,;341.135970,5.86179,;341.135970,5.9119,;341.135970,5.96202,;341.135970,6.0121,;341.135970,6.06218,;341.135970,6.11229,;341.135970,6.16238,;341.135970,6.21246,;341.135970,6.2626,;341.135970,6.31268,;341.135970,6.36276,;341.135970,6.41288,;341.135970,6.46295,;341.135970,6.51303,;341.135970,6.56312,;341.135970,6.61323,;341.135970,6.66335,;341.135970,6.71347,;341.135970,6.76355,;341.135970,6.81364,;341.135970,6.86376,;341.135970,6.91385,;341.135970,6.96395,;341.135970,7.01404,;341.135970,7.06417,;341.135970,7.11425,;341.135970,7.16436,;341.135970,7.21446,;341.135970,7.26459,;341.135970,7.31466,;341.135970,7.36475,;341.135970,7.41484,;341.135970,7.46493,;341.135970,7.51503,;341.135970,7.56515,;341.135970,7.61523,;341.135970,7.66534,;341.135970,7.71542,;341.135970,7.76551,;341.135970,7.8156,;341.135970,7.86569,;341.135970,7.91581,;335.985536,7.96588,;335.985536,8.01597,;335.985536,8.06602,;335.985536,8.1161,;335.985536,8.16619,;335.985536,8.21627,;335.985536,8.26635,;335.985536,8.31647,;335.985536,8.36656,;335.985536,8.41668,;335.985536,8.46677,;335.985536,8.5169,;334.937018,8.56702,;334.937018,8.61715,;334.937018,8.66728,;334.937018,8.71736,;334.937018,8.76745,;334.937018,8.81753,;334.937018,8.86763,;334.937018,8.91773,;334.937018,8.96785,;334.937018,9.01796,;334.937018,9.06806,;334.937018,9.11814,;334.937018,9.16825,;334.937018,9.21833,;334.937018,9.26841,;334.937018,9.3185,;334.937018,9.36858,;334.937018,9.41866,;334.937018,9.46876,;334.937018,9.51887,;334.937018,9.56897,;334.937018,9.61907,;334.937018,9.66918,;334.937018,9.71927,;334.937018,9.76935,;334.937018,9.81945,;334.937018,9.8696,;334.937018,9.91973,;334.937018,9.96984,;334.937018,10.0199,;
inf,0.0500721,;669.461228,0.100202,;659.063997,0.150312,;659.063997,0.200402,;635.799927,0.250505,;635.799927,0.300621,;635.799927,0.350706,;635.799927,0.400787,;635.799927,0.450876,;625.540080,0.500955,;625.540080,0.551063,;625.540080,0.601153,;625.540080,0.651244,;625.540080,0.701324,;625.540080,0.751413,;625.540080,0.801498,;625.540080,0.851577,;625.540080,0.90165,;625.540080,0.95174,;625.540080,1.00183,;625.540080,1.05191,;625.540080,1.10206,;625.540080,1.15218,;625.540080,1.20227,;515.844311,1.25238,;515.844311,1.30247,;515.844311,1.3526,;515.844311,1.40268,;515.844311,1.45276,;510.146019,1.50285,;510.146019,1.55293,;510.146019,1.60305,;438.134828,1.65313,;438.134828,1.70323,;438.134828,1.75333,;438.134828,1.80344,;438.134828,1.85353,;438.134828,1.9036,;438.134828,1.9537,;438.134828,2.00382,;438.134828,2.05392,;438.134828,2.10404,;438.134828,2.15415,;438.134828,2.20427,;438.134828,2.25435,;438.134828,2.30446,;438.134828,2.35457,;427.774654,2.40465,;427.774654,2.45477,;427.774654,2.50489,;427.774654,2.55497,;427.774654,2.60506,;427.774654,2.65517,;427.774654,2.70525,;427.774654,2.75535,;427.774654,2.80544,;427.774654,2.85552,;427.774654,2.90561,;427.774654,2.95571,;427.774654,3.00582,;427.774654,3.05594,;427.774654,3.10605,;427.774654,3.15613,;427.774654,3.20625,;427.774654,3.25636,;427.774654,3.30648,;427.774654,3.35659,;427.774654,3.4067,;427.774654,3.45682,;427.774654,3.50691,;427.774654,3.55701,;427.774654,3.60712,;422.445212,3.65723,;422.445212,3.70736,;421.117525,3.75745,;421.117525,3.80756,;421.117525,3.85769,;421.117525,3.9078,;421.117525,3.9579,;420.817438,4.00803,;420.817438,4.0581,;420.817438,4.10821,;420.817438,4.1583,;420.817438,4.20841,;420.475954,4.2585,;419.593983,4.3086,;419.593983,4.35872,;419.593983,4.40879,;419.593983,4.45891,;419.593983,4.50898,;419.593983,4.55906,;419.593983,4.60914,;419.593983,4.6593,;419.593983,4.70939,;419.593983,4.75947,;414.002337,4.80957,;414.002337,4.85965,;414.002337,4.90973,;414.002337,4.95984,;414.002337,5.00995,;414.002337,5.06003,;414.002337,5.11012,;414.002337,5.16023,;414.002337,5.21035,;414.002337,5.26044,;414.002337,5.31052,;414.002337,5.36061,;414.002337,5.4107,;414.002337,5.46079,;414.002337,5.51086,;414.002337,5.56093,;414.002337,5.61101,;414.002337,5.66114,;414.002337,5.71123,;414.002337,5.76132,;414.002337,5.81143,;414.002337,5.86152,;414.002337,5.91165,;414.002337,5.96174,;414.002337,6.01186,;414.002337,6.06194,;414.002337,6.11206,;414.002337,6.16217,;414.002337,6.21224,;414.002337,6.26235,;414.002337,6.31247,;414.002337,6.3626,;414.002337,6.41271,;414.002337,6.46283,;414.002337,6.51292,;414.002337,6.56302,;414.002337,6.6131,;414.002337,6.66322,;412.478473,6.71331,;408.004494,6.76339,;408.004494,6.81351,;408.004494,6.86359,;408.004494,6.91368,;408.004494,6.96379,;408.004494,7.01388,;408.004494,7.064,;382.820453,7.11408,;382.820453,7.16419,;382.820453,7.21428,;382.820453,7.26439,;382.820453,7.31452,;375.285919,7.36462,;375.285919,7.41471,;375.285919,7.46479,;375.285919,7.51487,;375.285919,7.56495,;375.285919,7.61507,;375.285919,7.66517,;375.285919,7.71526,;375.285919,7.76541,;375.285919,7.8155,;370.663998,7.86558,;370.663998,7.91566,;370.663998,7.96575,;370.663998,8.01582,;366.690440,8.06593,;366.690440,8.11601,;366.690440,8.16613,;366.690440,8.21622,;366.690440,8.26631,;366.690440,8.3164,;366.690440,8.36649,;366.690440,8.41659,;366.690440,8.46667,;366.690440,8.51676,;366.690440,8.56688,;366.690440,8.61696,;366.690440,8.66708,;366.690440,8.71715,;366.690440,8.76723,;366.690440,8.81732,;366.690440,8.86741,;366.690440,8.91749,;366.690440,8.96757,;366.690440,9.01765,;366.690440,9.06779,;366.690440,9.11791,;366.690440,9.16798,;366.690440,9.21807,;366.690440,9.26815,;366.690440,9.31827,;366.690440,9.36839,;366.690440,9.41848,;366.690440,9.46855,;366.690440,9.51863,;366.690440,9.56871,;366.690440,9.6188,;366.690440,9.66888,;366.690440,9.71902,;366.690440,9.7691,;366.690440,9.81921,;366.690440,9.86932,;366.690440,9.91943,;358.840548,9.96952,;358.840548,10.0197,;358.840548,10.0697,;
inf,0.0500671,;478.514506,0.100154,;478.514506,0.150257,;478.514506,0.200346,;478.514506,0.250443,;478.514506,0.300532,;478.514506,0.350632,;478.514506,0.40071,;478.514506,0.450828,;478.514506,0.500916,;478.514506,0.551033,;478.514506,0.601117,;478.514506,0.651212,;473.630118,0.701298,;473.630118,0.751413,;468.989890,0.801484,;468.989890,0.851565,;468.989890,0.901645,;468.989890,0.951743,;468.989890,1.00182,;468.989890,1.05194,;468.989890,1.10203,;463.918571,1.15214,;459.424044,1.20223,;452.918721,1.25235,;452.918721,1.30244,;452.918721,1.35256,;452.918721,1.40264,;452.918721,1.45276,;452.918721,1.50287,;452.918721,1.55296,;452.918721,1.60303,;452.918721,1.65315,;452.918721,1.70326,;452.918721,1.75338,;452.918721,1.80346,;452.918721,1.85352,;452.918721,1.90364,;452.918721,1.95371,;452.918721,2.00378,;452.918721,2.05387,;452.918721,2.10395,;450.202142,2.15406,;450.202142,2.20415,;450.202142,2.25424,;450.202142,2.30432,;450.202142,2.3544,;450.202142,2.40448,;450.202142,2.4546,;450.202142,2.50467,;450.202142,2.55478,;450.202142,2.60487,;450.202142,2.65496,;450.202142,2.70505,;449.596695,2.75513,;449.596695,2.80522,;449.596695,2.85531,;449.596695,2.9054,;449.596695,2.95549,;449.596695,3.00559,;449.596695,3.05571,;449.596695,3.10582,;449.596695,3.15594,;449.596695,3.20605,;447.210120,3.25617,;447.210120,3.30629,;447.210120,3.3564,;447.210120,3.40652,;447.210120,3.45663,;447.210120,3.50671,;447.210120,3.55683,;447.210120,3.6069,;447.210120,3.65702,;447.210120,3.70712,;447.210120,3.75723,;447.210120,3.80734,;447.210120,3.85742,;447.210120,3.90754,;447.210120,3.95762,;447.210120,4.0077,;447.210120,4.05778,;447.210120,4.10786,;447.210120,4.15795,;447.210120,4.20804,;447.210120,4.25813,;447.210120,4.30825,;447.210120,4.35836,;447.210120,4.40848,;447.210120,4.45858,;447.210120,4.50871,;447.210120,4.55882,;447.210120,4.60897,;439.348987,4.65905,;439.348987,4.70915,;439.348987,4.75924,;439.348987,4.80935,;439.348987,4.85944,;439.348987,4.90958,;439.348987,4.9597,;439.348987,5.00978,;439.348987,5.0599,;439.348987,5.10999,;439.348987,5.16011,;439.348987,5.21021,;439.348987,5.26028,;439.348987,5.31037,;439.348987,5.36049,;439.348987,5.41058,;439.348987,5.4607,;439.348987,5.51079,;439.348987,5.56091,;439.348987,5.611,;439.348987,5.66109,;439.348987,5.7112,;439.348987,5.76128,;439.348987,5.81137,;439.348987,5.86147,;439.348987,5.91157,;439.348987,5.96164,;439.348987,6.01176,;439.348987,6.06184,;439.348987,6.11192,;439.348987,6.162,;439.348987,6.21211,;439.348987,6.26221,;439.348987,6.31229,;439.348987,6.36236,;439.348987,6.41248,;439.348987,6.46257,;439.348987,6.51268,;439.348987,6.56275,;439.348987,6.61285,;439.348987,6.66293,;439.348987,6.71301,;439.348987,6.76309,;439.348987,6.81319,;439.348987,6.86328,;439.348987,6.91337,;439.348987,6.96347,;439.348987,7.01354,;439.348987,7.06362,;439.348987,7.1137,;439.348987,7.16381,;439.348987,7.2139,;439.348987,7.26401,;439.348987,7.3141,;439.348987,7.36422,;439.348987,7.41435,;439.348987,7.46444,;439.348987,7.51456,;438.020118,7.56467,;437.769440,7.61476,;437.769440,7.66486,;423.933285,7.71496,;423.933285,7.76504,;423.933285,7.81516,;423.933285,7.86527,;423.933285,7.91536,;419.236429,7.96545,;419.236429,8.01554,;419.236429,8.06566,;419.236429,8.11578,;419.236429,8.16587,;419.236429,8.21599,;419.236429,8.26608,;419.236429,8.3162,;419.236429,8.3663,;411.966217,8.41643,;411.966217,8.46655,;411.966217,8.51665,;411.966217,8.56678,;411.966217,8.61689,;411.966217,8.66697,;411.966217,8.71705,;411.966217,8.76717,;411.966217,8.81729,;411.966217,8.86739,;411.966217,8.91748,;411.966217,8.96757,;411.966217,9.01765,;411.966217,9.06776,;411.966217,9.11784,;411.966217,9.16794,;411.966217,9.21802,;411.966217,9.26813,;411.966217,9.31822,;411.966217,9.3683,;411.966217,9.41838,;411.966217,9.46848,;411.966217,9.51857,;411.966217,9.56868,;411.966217,9.6188,;411.966217,9.66891,;411.966217,9.71899,;411.966217,9.76906,;411.966217,9.81921,;411.966217,9.86932,;411.966217,9.91943,;411.966217,9.96956,;411.966217,10.0197,;
inf,0.0500575,;inf,0.100172,;899.272484,0.150243,;899.272484,0.200328,;899.272484,0.250417,;899.272484,0.300531,;899.272484,0.350614,;729.375163,0.400707,;729.375163,0.450793,;729.375163,0.50088,;729.375163,0.551011,;729.375163,0.601106,;728.349537,0.651186,;728.349537,0.701305,;728.349537,0.751393,;727.734597,0.801478,;727.734597,0.851566,;727.734597,0.90171,;727.734597,0.951795,;727.734597,1.00191,;727.734597,1.05198,;727.734597,1.10206,;727.734597,1.15217,;727.734597,1.20224,;727.734597,1.25235,;727.734597,1.30244,;727.734597,1.35254,;660.323717,1.40263,;660.323717,1.45274,;660.323717,1.50285,;660.323717,1.55298,;660.323717,1.60309,;660.323717,1.6532,;660.323717,1.70327,;660.323717,1.75339,;660.323717,1.80347,;660.323717,1.85359,;660.323717,1.9037,;660.323717,1.95382,;660.323717,2.00389,;660.323717,2.05398,;660.323717,2.10408,;660.323717,2.15415,;660.323717,2.20425,;660.323717,2.25433,;660.323717,2.30443,;660.323717,2.35451,;660.323717,2.40462,;660.323717,2.4547,;660.323717,2.50483,;656.382009,2.55491,;656.382009,2.60503,;656.382009,2.6551,;656.382009,2.70522,;656.382009,2.75531,;656.382009,2.80539,;656.382009,2.85547,;656.382009,2.90555,;656.382009,2.95567,;656.382009,3.00578,;656.382009,3.05589,;656.382009,3.10597,;656.382009,3.15608,;656.382009,3.20615,;656.382009,3.25623,;656.382009,3.30632,;656.382009,3.3564,;656.382009,3.40649,;656.382009,3.45657,;656.382009,3.50665,;656.382009,3.55676,;610.548222,3.60685,;610.548222,3.65698,;610.548222,3.70706,;610.548222,3.75715,;610.548222,3.80724,;610.548222,3.85736,;610.548222,3.90744,;610.548222,3.95756,;610.548222,4.00769,;610.548222,4.05781,;610.548222,4.10793,;610.548222,4.15806,;610.548222,4.20817,;610.548222,4.25825,;610.548222,4.30837,;610.548222,4.35845,;610.548222,4.40853,;610.548222,4.45863,;610.548222,4.50875,;610.548222,4.55883,;610.548222,4.60895,;591.362500,4.65904,;591.362500,4.70913,;591.362500,4.75923,;591.362500,4.80935,;591.362500,4.85946,;591.362500,4.90958,;591.362500,4.9597,;591.362500,5.00982,;591.362500,5.0599,;591.362500,5.11,;591.362500,5.16011,;591.362500,5.21019,;436.768994,5.2603,;436.768994,5.3104,;436.768994,5.3605,;385.688199,5.41059,;385.688199,5.46068,;385.688199,5.51077,;385.688199,5.56089,;385.688199,5.61097,;385.688199,5.66104,;385.688199,5.71113,;385.688199,5.76121,;385.688199,5.81131,;385.688199,5.86139,;385.688199,5.91147,;385.688199,5.96155,;385.688199,6.01164,;385.688199,6.06172,;385.688199,6.11182,;385.688199,6.16194,;385.688199,6.21202,;385.688199,6.26211,;385.688199,6.31222,;385.688199,6.3623,;385.688199,6.41241,;385.688199,6.46251,;385.688199,6.51263,;385.688199,6.56272,;385.688199,6.61284,;372.942141,6.66294,;372.942141,6.71303,;372.942141,6.76314,;372.942141,6.81325,;372.942141,6.86334,;372.942141,6.91346,;372.942141,6.96354,;372.942141,7.01363,;372.942141,7.06372,;372.942141,7.11381,;372.942141,7.16392,;372.942141,7.21404,;372.942141,7.26413,;372.942141,7.31421,;372.942141,7.3643,;372.942141,7.41442,;372.942141,7.46455,;372.942141,7.51465,;372.942141,7.56473,;372.942141,7.61482,;372.942141,7.66489,;372.942141,7.71498,;372.942141,7.76508,;372.942141,7.81517,;372.942141,7.86526,;372.942141,7.91537,;372.942141,7.96551,;368.648449,8.01563,;368.648449,8.06574,;368.648449,8.11587,;368.648449,8.166,;368.648449,8.21612,;368.648449,8.2662,;368.648449,8.31633,;368.648449,8.36643,;368.648449,8.41652,;368.648449,8.46662,;368.648449,8.51674,;368.648449,8.56684,;368.648449,8.61696,;368.648449,8.66707,;368.648449,8.71719,;368.648449,8.7673,;368.648449,8.81746,;368.648449,8.86758,;368.648449,8.91769,;368.648449,8.9678,;368.648449,9.01791,;368.648449,9.06802,;368.648449,9.1181,;368.648449,9.16821,;368.648449,9.21829,;368.648449,9.26838,;368.648449,9.31848,;368.648449,9.36857,;368.648449,9.41866,;368.648449,9.46875,;364.421175,9.51884,;364.421175,9.56897,;364.421175,9.61907,;364.421175,9.66915,;364.421175,9.71924,;364.421175,9.76935,;364.421175,9.81946,;364.421175,9.86957,;364.421175,9.91967,;364.421175,9.96979,;364.421175,10.0199,;
542.543246,0.0500676,;542.543246,0.100122,;542.543246,0.150233,;542.543246,0.200308,;518.001798,0.250392,;518.001798,0.300513,;518.001798,0.350585,;518.001798,0.400665,;518.001798,0.450784,;518.001798,0.500893,;518.001798,0.551007,;518.001798,0.601122,;518.001798,0.651231,;518.001798,0.701316,;518.001798,0.75143,;518.001798,0.801538,;518.001798,0.851613,;477.307566,0.901705,;477.307566,0.951815,;477.307566,1.0019,;477.307566,1.05201,;477.307566,1.10213,;477.307566,1.15221,;476.080894,1.20234,;476.080894,1.25242,;476.080894,1.30253,;476.080894,1.35262,;464.780299,1.40274,;464.780299,1.45283,;464.780299,1.50295,;464.780299,1.55305,;464.780299,1.60316,;464.780299,1.65326,;464.780299,1.70341,;464.780299,1.75352,;464.780299,1.80364,;464.780299,1.85375,;464.780299,1.90386,;464.780299,1.95397,;464.780299,2.00407,;464.780299,2.05415,;464.780299,2.10423,;464.780299,2.15434,;464.780299,2.20442,;464.780299,2.25455,;464.780299,2.30462,;464.780299,2.35473,;464.780299,2.4048,;464.780299,2.45492,;464.780299,2.50501,;464.780299,2.55512,;464.780299,2.60521,;464.780299,2.65533,;464.780299,2.70542,;464.780299,2.75551,;464.780299,2.80559,;464.780299,2.85571,;464.780299,2.90579,;464.780299,2.9559,;464.780299,3.00601,;464.780299,3.0561,;464.780299,3.10627,;464.780299,3.15635,;464.780299,3.20646,;464.780299,3.25655,;464.780299,3.30666,;464.780299,3.35674,;464.780299,3.40685,;464.780299,3.45694,;464.780299,3.50706,;464.780299,3.55714,;464.780299,3.60726,;464.780299,3.65735,;464.780299,3.70747,;464.780299,3.75758,;464.780299,3.8077,;464.780299,3.85779,;464.780299,3.90787,;464.780299,3.95799,;464.780299,4.00808,;464.780299,4.05819,;464.780299,4.10827,;464.780299,4.15839,;464.780299,4.20848,;464.780299,4.2586,;464.780299,4.30869,;464.780299,4.35881,;464.780299,4.40893,;464.780299,4.45902,;464.780299,4.50911,;464.780299,4.55923,;464.780299,4.60931,;464.780299,4.6594,;464.780299,4.70948,;464.780299,4.75956,;464.780299,4.80965,;464.780299,4.85974,;464.780299,4.90985,;464.780299,4.95993,;464.780299,5.01002,;449.340075,5.06014,;445.308847,5.11021,;445.308847,5.16029,;445.308847,5.21041,;445.308847,5.26049,;445.308847,5.31058,;445.308847,5.36068,;445.308847,5.41079,;434.106492,5.46086,;434.106492,5.51094,;434.106492,5.56102,;434.106492,5.6111,;434.106492,5.66119,;434.106492,5.71128,;434.106492,5.76138,;434.106492,5.8115,;434.106492,5.86161,;434.106492,5.91173,;434.106492,5.96184,;434.106492,6.01195,;434.106492,6.06203,;434.106492,6.11215,;434.106492,6.16226,;434.106492,6.21233,;434.106492,6.26242,;434.106492,6.31254,;434.106492,6.36266,;434.106492,6.41277,;434.106492,6.46288,;434.106492,6.51298,;434.106492,6.56306,;434.106492,6.61313,;434.106492,6.66322,;434.106492,6.71329,;434.106492,6.76336,;434.106492,6.81345,;434.106492,6.86356,;434.106492,6.91365,;434.106492,6.96376,;434.106492,7.01385,;434.106492,7.06393,;434.106492,7.11406,;434.106492,7.16415,;434.106492,7.21422,;434.106492,7.26433,;434.106492,7.31443,;434.106492,7.36454,;434.106492,7.41465,;434.106492,7.46473,;434.106492,7.51487,;434.106492,7.56498,;434.106492,7.61506,;434.106492,7.66514,;434.106492,7.71526,;434.106492,7.76538,;434.106492,7.81549,;434.106492,7.86557,;434.106492,7.91569,;434.106492,7.96581,;434.106492,8.01593,;434.106492,8.06604,;434.106492,8.11615,;434.106492,8.16626,;434.106492,8.21634,;434.106492,8.26645,;434.106492,8.31654,;434.106492,8.36668,;434.106492,8.41677,;418.669792,8.46688,;418.669792,8.51697,;418.669792,8.56709,;418.669792,8.61717,;418.669792,8.66728,;418.669792,8.71736,;418.669792,8.76744,;418.669792,8.81753,;418.669792,8.86762,;418.669792,8.91774,;418.669792,8.96783,;418.669792,9.01792,;418.669792,9.06801,;418.669792,9.1181,;418.669792,9.16818,;418.669792,9.21827,;410.960971,9.26835,;403.288681,9.31847,;403.288681,9.36856,;403.288681,9.41865,;403.288681,9.46875,;403.288681,9.51886,;362.846055,9.56893,;362.846055,9.61904,;362.846055,9.66916,;362.846055,9.71924,;362.846055,9.76935,;362.846055,9.81946,;362.846055,9.86957,;362.846055,9.91968,;362.846055,9.9698,;
inf,0.0501024,;inf,0.10022,;inf,0.150328,;inf,0.200425,;inf,0.250542,;inf,0.300652,;738.350684,0.350763,;738.350684,0.400854,;738.350684,0.450964,;738.350684,0.501079,;738.350684,0.551174,;738.350684,0.601256,;738.350684,0.651337,;738.350684,0.701412,;738.236733,0.751482,;738.236733,0.801552,;738.236733,0.851643,;738.236733,0.901724,;738.236733,0.951816,;738.236733,1.00189,;738.236733,1.05196,;732.993514,1.10205,;732.993514,1.15214,;732.993514,1.20223,;732.993514,1.25231,;732.993514,1.3024,;732.993514,1.35252,;732.993514,1.4026,;732.993514,1.45269,;732.993514,1.50281,;693.564075,1.55288,;693.564075,1.60297,;693.564075,1.65305,;693.564075,1.70316,;693.564075,1.75326,;693.564075,1.80335,;693.564075,1.85344,;693.564075,1.90354,;693.564075,1.95366,;693.564075,2.00378,;693.564075,2.05386,;693.564075,2.10396,;669.238060,2.15407,;669.238060,2.20419,;669.238060,2.2543,;669.238060,2.3044,;669.238060,2.35451,;669.238060,2.40462,;669.238060,2.45473,;669.238060,2.50485,;669.238060,2.55497,;669.238060,2.60509,;669.238060,2.6552,;669.238060,2.70529,;669.238060,2.75537,;669.238060,2.80549,;669.238060,2.85558,;669.238060,2.90565,;662.322298,2.95574,;662.322298,3.00586,;662.322298,3.05595,;662.322298,3.10604,;662.322298,3.15611,;662.322298,3.20623,;662.322298,3.25632,;662.322298,3.30642,;662.322298,3.35651,;662.322298,3.40658,;662.322298,3.45667,;662.322298,3.50677,;662.322298,3.55686,;656.405145,3.60695,;656.405145,3.65705,;656.405145,3.70718,;656.405145,3.75726,;656.405145,3.80737,;656.405145,3.85748,;656.405145,3.90755,;656.405145,3.95766,;656.405145,4.00779,;656.405145,4.05787,;656.405145,4.10796,;656.405145,4.15808,;656.405145,4.2082,;656.405145,4.25828,;656.405145,4.30838,;656.405145,4.35849,;656.405145,4.40858,;465.530105,4.45869,;465.530105,4.50877,;439.018651,4.5589,;439.018651,4.60898,;439.018651,4.6591,;439.018651,4.70919,;439.018651,4.75927,;439.018651,4.80936,;439.018651,4.85944,;418.691578,4.90956,;418.691578,4.95965,;418.691578,5.00976,;418.691578,5.05986,;418.691578,5.10994,;418.691578,5.16003,;418.691578,5.21015,;418.691578,5.26024,;418.691578,5.31035,;418.691578,5.36046,;418.691578,5.41054,;418.691578,5.46066,;418.691578,5.51073,;418.691578,5.56083,;418.691578,5.61094,;418.691578,5.66106,;418.691578,5.71115,;418.691578,5.76128,;418.691578,5.81136,;418.691578,5.86147,;418.691578,5.91156,;418.691578,5.96168,;418.691578,6.0118,;418.691578,6.06187,;418.691578,6.11195,;416.134455,6.16204,;416.134455,6.21214,;416.134455,6.26222,;416.134455,6.31231,;416.134455,6.36244,;416.134455,6.41255,;416.134455,6.46263,;416.134455,6.51272,;416.134455,6.56284,;416.134455,6.61295,;416.134455,6.66303,;416.134455,6.71314,;416.134455,6.76326,;416.134455,6.81335,;413.508574,6.86348,;413.508574,6.91359,;413.508574,6.96371,;413.508574,7.01383,;413.508574,7.06393,;413.508574,7.11405,;413.508574,7.16416,;413.508574,7.21428,;413.508574,7.26437,;409.460735,7.31449,;409.460735,7.36462,;409.460735,7.41474,;409.460735,7.46487,;409.460735,7.51499,;409.460735,7.56511,;409.460735,7.61521,;409.460735,7.66533,;409.460735,7.7154,;409.460735,7.76552,;409.460735,7.81561,;409.460735,7.86567,;409.460735,7.91577,;409.460735,7.96586,;409.460735,8.01595,;409.460735,8.06604,;409.460735,8.11614,;409.460735,8.16622,;409.460735,8.2163,;409.460735,8.26641,;409.460735,8.31653,;409.460735,8.36661,;409.460735,8.41674,;409.460735,8.46685,;409.460735,8.51697,;409.460735,8.56709,;409.460735,8.61717,;409.460735,8.66721,;409.460735,8.71728,;409.460735,8.76735,;409.460735,8.81742,;409.460735,8.86752,;409.460735,8.91767,;409.460735,8.96776,;409.460735,9.01787,;409.460735,9.06796,;409.460735,9.11808,;409.460735,9.16817,;409.460735,9.21825,;409.460735,9.26834,;409.460735,9.31846,;409.460735,9.36857,;409.460735,9.41865,;407.209909,9.46874,;407.209909,9.51883,;407.209909,9.56895,;407.209909,9.61908,;407.209909,9.66919,;407.209909,9.71926,;407.209909,9.76937,;407.209909,9.81944,;407.209909,9.86953,;407.209909,9.91963,;407.209909,9.96974,;407.209909,10.0198,;
inf,0.0500696,;inf,0.100155,;inf,0.15024,;inf,0.200319,;inf,0.250399,;546.467276,0.30048,;546.467276,0.350596,;546.467276,0.400706,;546.467276,0.450819,;546.467276,0.500936,;546.467276,0.551008,;546.467276,0.601077,;546.467276,0.651199,;546.467276,0.701309,;546.467276,0.751396,;546.467276,0.80147,;546.467276,0.851578,;546.467276,0.901689,;499.825861,0.9518,;498.005126,1.00189,;498.005126,1.05197,;498.005126,1.10209,;498.005126,1.15221,;498.005126,1.20232,;498.005126,1.2524,;498.005126,1.30251,;498.005126,1.35263,;498.005126,1.4027,;498.005126,1.45281,;498.005126,1.50286,;498.005126,1.55298,;498.005126,1.60306,;498.005126,1.65317,;498.005126,1.7033,;498.005126,1.75337,;461.051122,1.80345,;461.051122,1.85359,;461.051122,1.90367,;461.051122,1.95374,;461.051122,2.00382,;461.051122,2.05389,;461.051122,2.10398,;461.051122,2.1541,;461.051122,2.20421,;461.051122,2.25433,;461.051122,2.30444,;461.051122,2.35455,;461.051122,2.40463,;461.051122,2.45475,;461.051122,2.50484,;461.051122,2.55492,;461.051122,2.60503,;461.051122,2.65511,;461.051122,2.70522,;461.051122,2.75531,;461.051122,2.80539,;461.051122,2.85547,;461.051122,2.90556,;461.051122,2.95566,;461.051122,3.00575,;461.051122,3.05583,;461.051122,3.10595,;461.051122,3.15604,;461.051122,3.20611,;457.034534,3.25618,;457.034534,3.30631,;457.034534,3.3564,;457.034534,3.40648,;457.034534,3.45657,;457.034534,3.50669,;457.034534,3.55681,;457.034534,3.60687,;457.034534,3.65699,;457.034534,3.70706,;457.034534,3.75719,;457.034534,3.80728,;457.034534,3.85739,;430.824517,3.90749,;430.824517,3.95761,;430.294435,4.0077,;430.294435,4.05781,;430.294435,4.10792,;430.294435,4.15804,;430.294435,4.20811,;430.294435,4.2582,;430.294435,4.30828,;430.294435,4.35839,;430.294435,4.40848,;430.294435,4.45856,;430.294435,4.50868,;384.980690,4.55877,;384.980690,4.60889,;384.980690,4.65896,;384.980690,4.70905,;384.980690,4.75913,;384.980690,4.80925,;384.980690,4.85934,;384.980690,4.90946,;384.980690,4.95954,;384.980690,5.00966,;384.980690,5.05977,;384.980690,5.10988,;384.980690,5.15996,;384.980690,5.21008,;384.980690,5.2602,;384.980690,5.31029,;384.980690,5.36038,;384.980690,5.4105,;384.980690,5.46062,;384.980690,5.51072,;384.980690,5.56084,;384.980690,5.61092,;384.980690,5.661,;384.980690,5.71107,;384.980690,5.76119,;384.980690,5.81127,;384.980690,5.86136,;384.980690,5.91144,;384.980690,5.96154,;380.053268,6.01163,;380.053268,6.06175,;380.053268,6.11187,;380.053268,6.16195,;380.053268,6.21204,;380.053268,6.26213,;380.053268,6.31223,;380.053268,6.36232,;380.053268,6.41243,;380.053268,6.46251,;380.053268,6.51263,;380.053268,6.56274,;380.053268,6.61282,;380.053268,6.66291,;380.053268,6.71298,;380.053268,6.76306,;380.053268,6.81315,;380.053268,6.86325,;380.053268,6.91336,;380.053268,6.96344,;380.053268,7.01356,;380.053268,7.06365,;380.053268,7.11374,;380.053268,7.16383,;380.053268,7.21392,;380.053268,7.26402,;375.838420,7.31411,;375.838420,7.36422,;375.838420,7.41431,;375.838420,7.46443,;375.838420,7.51454,;375.838420,7.56465,;375.838420,7.61476,;375.838420,7.66487,;375.838420,7.71499,;375.838420,7.7651,;375.838420,7.81521,;375.838420,7.86529,;375.838420,7.91539,;375.838420,7.96548,;375.838420,8.01557,;375.838420,8.06567,;375.838420,8.11579,;375.838420,8.1659,;375.838420,8.21599,;362.663289,8.26612,;362.663289,8.31621,;362.663289,8.36631,;362.663289,8.41642,;362.663289,8.46651,;362.663289,8.51664,;360.759791,8.56675,;360.759791,8.61686,;360.759791,8.66694,;360.759791,8.71706,;360.759791,8.76713,;360.759791,8.81726,;360.759791,8.86736,;360.759791,8.91747,;360.759791,8.96756,;360.759791,9.01768,;360.759791,9.06777,;360.759791,9.11786,;360.759791,9.16796,;360.759791,9.21808,;360.759791,9.26819,;360.759791,9.31827,;360.759791,9.36839,;360.759791,9.41851,;360.759791,9.46862,;360.759791,9.51874,;360.759791,9.56886,;360.759791,9.61894,;360.759791,9.66905,;360.759791,9.71914,;360.759791,9.76926,;360.759791,9.81936,;360.759791,9.86948,;360.759791,9.91957,;360.759791,9.96969,;
inf,0.0500578,;inf,0.100191,;inf,0.150283,;inf,0.2004,;inf,0.25049,;546.623718,0.300611,;546.623718,0.350698,;546.623718,0.400811,;546.623718,0.450906,;546.623718,0.50103,;546.623718,0.551141,;546.623718,0.601257,;546.623718,0.651368,;546.623718,0.701444,;546.623718,0.751535,;546.623718,0.801654,;546.623718,0.851732,;546.623718,0.901853,;546.623718,0.951972,;546.623718,1.00205,;546.623718,1.05213,;546.623718,1.10223,;546.623718,1.15235,;546.623718,1.20244,;546.623718,1.25255,;546.623718,1.30264,;546.623718,1.35275,;546.623718,1.40284,;546.623718,1.45293,;546.623718,1.50305,;546.623718,1.55315,;546.623718,1.60327,;546.623718,1.65338,;546.623718,1.70349,;546.623718,1.7536,;546.623718,1.80372,;546.623718,1.85381,;546.623718,1.9039,;546.623718,1.95398,;546.623718,2.00405,;546.623718,2.05413,;546.623718,2.10431,;546.623718,2.15438,;546.623718,2.20446,;546.623718,2.25454,;546.623718,2.30462,;546.623718,2.3547,;546.623718,2.40477,;546.623718,2.45485,;546.623718,2.50494,;546.623718,2.55503,;546.623718,2.60512,;546.623718,2.6552,;546.623718,2.70528,;546.623718,2.75537,;546.623718,2.80547,;546.623718,2.85554,;546.623718,2.90563,;546.623718,2.95572,;546.623718,3.00581,;546.623718,3.05594,;546.623718,3.10604,;546.623718,3.15612,;546.623718,3.2062,;546.623718,3.25628,;546.623718,3.30636,;546.623718,3.35644,;546.623718,3.40652,;546.623718,3.45661,;546.623718,3.50669,;546.623718,3.55677,;546.623718,3.60685,;539.721748,3.65693,;539.721748,3.70705,;539.721748,3.75718,;539.721748,3.8073,;539.721748,3.85742,;539.721748,3.90753,;539.721748,3.95764,;539.721748,4.00776,;539.721748,4.05785,;539.721748,4.10794,;539.721748,4.15802,;539.721748,4.20811,;539.721748,4.25819,;539.721748,4.30829,;539.721748,4.35837,;539.721748,4.40846,;539.721748,4.45856,;539.721748,4.50868,;539.721748,4.55876,;539.721748,4.60885,;539.721748,4.65894,;539.721748,4.70904,;539.721748,4.75913,;539.721748,4.80925,;539.721748,4.85937,;539.721748,4.90948,;539.721748,4.95959,;539.721748,5.00967,;539.721748,5.05976,;539.721748,5.10985,;539.721748,5.15996,;539.721748,5.21004,;539.721748,5.26013,;539.721748,5.31022,;539.721748,5.36034,;539.721748,5.41043,;539.721748,5.46055,;539.721748,5.51065,;539.721748,5.56077,;539.721748,5.61086,;539.721748,5.66098,;539.721748,5.7111,;539.721748,5.76121,;539.721748,5.81133,;539.721748,5.86142,;539.721748,5.91155,;539.721748,5.96167,;523.335287,6.01175,;523.335287,6.06182,;519.601064,6.11194,;519.601064,6.16202,;492.339029,6.21215,;492.339029,6.26227,;492.339029,6.31235,;492.339029,6.36247,;492.339029,6.41258,;492.339029,6.46268,;492.339029,6.5128,;492.339029,6.56292,;492.339029,6.61301,;492.339029,6.66312,;492.339029,6.71321,;492.339029,6.76329,;482.778869,6.8134,;482.778869,6.86354,;482.778869,6.91365,;482.778869,6.96377,;482.778869,7.01387,;482.778869,7.06398,;482.778869,7.11406,;482.778869,7.16417,;482.778869,7.21429,;482.778869,7.26437,;482.778869,7.31446,;482.778869,7.36457,;482.778869,7.4147,;478.091146,7.46478,;478.091146,7.51487,;478.091146,7.56495,;478.091146,7.61503,;470.091267,7.6651,;470.091267,7.71518,;470.091267,7.76526,;470.091267,7.81533,;470.091267,7.86541,;470.091267,7.91549,;470.091267,7.96557,;470.091267,8.01564,;470.091267,8.06572,;470.091267,8.11581,;470.091267,8.16588,;470.091267,8.21601,;470.091267,8.26609,;470.091267,8.31617,;470.091267,8.36626,;470.091267,8.41639,;470.091267,8.46649,;470.091267,8.51661,;470.091267,8.5667,;470.091267,8.61681,;470.091267,8.66691,;470.091267,8.71703,;470.091267,8.76715,;459.297355,8.81727,;459.297355,8.86736,;458.823476,8.91747,;458.823476,8.96759,;458.823476,9.01768,;458.823476,9.06779,;458.823476,9.11784,;458.823476,9.16794,;458.823476,9.21802,;458.823476,9.26814,;458.823476,9.31825,;458.823476,9.36837,;458.823476,9.41849,;458.823476,9.46861,;458.823476,9.51875,;458.823476,9.56885,;458.823476,9.61895,;458.823476,9.66904,;458.823476,9.71914,;458.823476,9.76921,;458.823476,9.81932,;458.823476,9.8694,;458.823476,9.91952,;458.823476,9.96959,;458.823476,10.0197,;458.823476,10.0698,;
inf,0.0500748,;649.790588,0.100183,;649.790588,0.150334,;649.790588,0.200411,;649.790588,0.250526,;649.790588,0.300634,;649.790588,0.350745,;649.790588,0.400852,;649.790588,0.450962,;605.617999,0.501033,;605.617999,0.551106,;605.617999,0.601225,;605.617999,0.651334,;605.617999,0.701426,;605.617999,0.751534,;605.617999,0.801605,;605.617999,0.851711,;605.617999,0.901784,;605.617999,0.951892,;599.285685,1.00197,;599.285685,1.05205,;599.285685,1.10212,;588.982914,1.15219,;588.982914,1.20231,;578.172216,1.25242,;578.172216,1.30253,;578.172216,1.35264,;578.172216,1.40275,;578.172216,1.45282,;578.172216,1.50294,;578.172216,1.55305,;578.172216,1.60317,;578.172216,1.65328,;578.172216,1.70339,;578.172216,1.75342,;578.172216,1.80353,;575.266482,1.8536,;575.266482,1.90368,;575.266482,1.95375,;575.266482,2.00382,;575.266482,2.05389,;575.266482,2.10396,;575.266482,2.15404,;575.266482,2.20411,;575.266482,2.2542,;575.266482,2.30431,;575.266482,2.35445,;575.266482,2.40457,;575.266482,2.45467,;575.266482,2.50479,;575.266482,2.55489,;575.266482,2.60502,;575.266482,2.65513,;575.266482,2.70523,;575.266482,2.75535,;575.266482,2.80542,;575.266482,2.85554,;570.668978,2.90562,;570.668978,2.95573,;570.668978,3.00582,;570.668978,3.05593,;570.668978,3.10602,;570.668978,3.15613,;570.668978,3.20622,;570.668978,3.25633,;570.668978,3.30644,;391.653757,3.35652,;366.881946,3.40664,;366.881946,3.45673,;366.881946,3.50685,;366.881946,3.55696,;366.881946,3.60707,;366.881946,3.65718,;366.881946,3.7073,;366.881946,3.75743,;366.881946,3.80754,;366.881946,3.85761,;366.881946,3.90772,;366.881946,3.95781,;366.881946,4.00789,;366.881946,4.05798,;366.881946,4.10807,;366.881946,4.15815,;366.881946,4.20826,;366.881946,4.25835,;366.881946,4.30844,;366.881946,4.35857,;366.881946,4.40866,;366.881946,4.45876,;366.881946,4.50885,;366.881946,4.55896,;366.881946,4.60909,;366.881946,4.65918,;366.881946,4.7093,;366.881946,4.75939,;366.881946,4.80949,;366.881946,4.85958,;366.881946,4.90966,;366.881946,4.95977,;366.881946,5.00987,;366.881946,5.05998,;366.881946,5.11006,;366.881946,5.16016,;366.881946,5.21025,;366.881946,5.26037,;366.881946,5.31047,;366.881946,5.36055,;366.881946,5.41064,;366.881946,5.46073,;366.881946,5.51085,;366.881946,5.56096,;366.881946,5.61104,;366.881946,5.66112,;366.881946,5.71124,;366.881946,5.76131,;366.881946,5.81139,;366.881946,5.86151,;366.881946,5.91162,;366.881946,5.96173,;366.881946,6.01184,;366.881946,6.06192,;366.049951,6.11204,;366.049951,6.16212,;366.049951,6.21224,;366.049951,6.26236,;366.049951,6.31245,;366.049951,6.36255,;366.049951,6.41266,;366.049951,6.46277,;366.049951,6.51288,;366.049951,6.56296,;366.049951,6.61307,;366.049951,6.66318,;366.049951,6.71329,;366.049951,6.7634,;366.049951,6.81352,;366.049951,6.86363,;366.049951,6.91372,;366.049951,6.96383,;366.049951,7.01391,;366.049951,7.06403,;366.049951,7.11412,;366.049951,7.16423,;366.049951,7.21432,;366.049951,7.26445,;366.049951,7.31456,;366.049951,7.36468,;366.049951,7.41472,;366.049951,7.46482,;366.049951,7.51491,;366.049951,7.56502,;366.049951,7.61509,;366.049951,7.66517,;366.049951,7.71531,;366.049951,7.76541,;366.049951,7.81549,;366.049951,7.86557,;366.049951,7.91566,;366.049951,7.96574,;366.049951,8.01582,;366.049951,8.06592,;366.049951,8.116,;366.049951,8.16608,;366.049951,8.21617,;366.049951,8.2663,;366.049951,8.31641,;366.049951,8.36649,;366.049951,8.4166,;366.049951,8.46672,;366.049951,8.51683,;366.049951,8.56695,;366.049951,8.61707,;366.049951,8.66719,;366.049951,8.71731,;366.049951,8.7674,;366.049951,8.81748,;366.049951,8.86758,;366.049951,8.91766,;366.049951,8.96777,;366.049951,9.01786,;366.049951,9.06794,;364.594180,9.11804,;364.594180,9.16817,;364.594180,9.21828,;364.594180,9.2684,;364.594180,9.31851,;364.594180,9.36863,;364.594180,9.41871,;364.594180,9.46882,;364.594180,9.51894,;364.594180,9.56906,;364.594180,9.61917,;364.594180,9.66926,;364.594180,9.71939,;361.598916,9.76947,;361.598916,9.81959,;361.598916,9.86967,;361.598916,9.91978,;361.598916,9.9699,;361.598916,10.02,;361.598916,10.0701,;
inf,0.0500978,;727.075257,0.10021,;727.075257,0.150295,;727.075257,0.200427,;727.075257,0.250545,;727.075257,0.30066,;727.075257,0.350771,;727.075257,0.400883,;684.783829,0.450991,;684.783829,0.501099,;646.546256,0.551211,;646.546256,0.601327,;646.546256,0.651402,;646.546256,0.701479,;646.546256,0.751552,;646.546256,0.801626,;646.546256,0.8517,;646.546256,0.901781,;646.546256,0.951868,;646.546256,1.00195,;646.546256,1.05203,;646.546256,1.10212,;646.546256,1.15223,;646.546256,1.20232,;646.546256,1.25239,;646.546256,1.30248,;646.546256,1.35255,;646.546256,1.40264,;646.546256,1.45277,;646.546256,1.50284,;646.546256,1.55294,;646.546256,1.60302,;646.546256,1.6531,;646.546256,1.7032,;646.546256,1.75332,;646.546256,1.8034,;646.546256,1.85348,;646.546256,1.90357,;646.546256,1.95365,;646.546256,2.00377,;638.092151,2.05386,;638.092151,2.10396,;638.092151,2.15407,;638.092151,2.20419,;638.092151,2.25427,;638.092151,2.30436,;638.092151,2.35449,;638.092151,2.40457,;638.092151,2.45465,;636.828692,2.50474,;636.828692,2.55486,;636.828692,2.60494,;636.828692,2.65503,;636.828692,2.70513,;636.828692,2.75524,;624.993858,2.80533,;624.993858,2.85543,;624.993858,2.90552,;624.993858,2.95564,;624.993858,3.00576,;624.993858,3.05584,;624.993858,3.10593,;624.993858,3.15605,;624.993858,3.20615,;624.993858,3.25623,;474.281420,3.3063,;474.281420,3.35638,;474.281420,3.40647,;474.281420,3.45656,;474.281420,3.50668,;474.281420,3.55677,;474.281420,3.60685,;474.281420,3.65694,;474.281420,3.70706,;474.281420,3.75716,;474.281420,3.80725,;474.281420,3.85737,;474.281420,3.90746,;474.281420,3.95755,;474.281420,4.00763,;474.281420,4.05772,;474.281420,4.10781,;474.281420,4.15789,;474.281420,4.20798,;474.281420,4.25807,;474.281420,4.30816,;474.281420,4.35825,;461.959410,4.40834,;461.959410,4.45843,;461.959410,4.50852,;461.959410,4.55862,;461.959410,4.6087,;461.959410,4.65879,;461.959410,4.70888,;461.959410,4.75896,;461.959410,4.80905,;461.959410,4.85914,;461.959410,4.90923,;461.959410,4.95928,;461.959410,5.00938,;461.959410,5.05951,;461.959410,5.10961,;461.090903,5.15973,;461.090903,5.20981,;461.090903,5.25993,;461.090903,5.31003,;461.090903,5.36015,;461.090903,5.41023,;461.090903,5.46032,;461.090903,5.5104,;461.090903,5.56049,;461.090903,5.61057,;461.090903,5.66066,;461.090903,5.71074,;461.090903,5.76083,;461.090903,5.81092,;461.090903,5.86103,;461.090903,5.91112,;461.090903,5.96121,;461.090903,6.01135,;436.138617,6.06143,;436.138617,6.11153,;436.138617,6.16163,;436.138617,6.21173,;436.138617,6.26187,;436.138617,6.31199,;436.138617,6.36207,;436.138617,6.4122,;436.138617,6.46232,;436.138617,6.51241,;436.138617,6.56249,;436.138617,6.61258,;436.138617,6.66268,;436.138617,6.71276,;436.138617,6.76285,;436.138617,6.81294,;436.138617,6.86304,;436.138617,6.91313,;436.138617,6.96322,;436.138617,7.01331,;436.138617,7.0634,;436.138617,7.11348,;394.639147,7.16357,;394.639147,7.21365,;394.639147,7.26374,;394.639147,7.31383,;394.639147,7.36392,;394.639147,7.414,;394.639147,7.46409,;394.639147,7.51418,;394.639147,7.56427,;394.639147,7.61437,;391.819130,7.66446,;391.819130,7.71454,;391.819130,7.76463,;391.819130,7.81472,;391.819130,7.8648,;391.819130,7.91489,;391.819130,7.96497,;391.819130,8.01506,;391.819130,8.06515,;391.819130,8.11523,;391.819130,8.16532,;391.819130,8.21541,;391.819130,8.2655,;391.819130,8.31559,;391.819130,8.36568,;385.251699,8.41576,;385.251699,8.46585,;385.251699,8.51593,;385.251699,8.56602,;385.251699,8.6161,;385.251699,8.66618,;385.251699,8.71626,;385.251699,8.76635,;385.251699,8.81643,;385.251699,8.86652,;385.251699,8.91659,;385.251699,8.96667,;385.251699,9.01675,;385.251699,9.06684,;383.519186,9.11692,;383.519186,9.16699,;383.519186,9.21707,;383.519186,9.26715,;383.519186,9.31723,;383.519186,9.36731,;383.519186,9.41739,;383.519186,9.46747,;383.519186,9.51755,;383.519186,9.56764,;383.519186,9.61773,;383.519186,9.66782,;362.943206,9.71789,;362.943206,9.76801,;362.943206,9.81812,;362.943206,9.8682,;362.943206,9.91835,;362.943206,9.96842,;362.943206,10.0185,;
inf,0.0500693,;inf,0.100209,;586.163980,0.150283,;586.163980,0.200396,;586.163980,0.250483,;586.163980,0.300567,;577.259898,0.35066,;577.259898,0.400769,;577.259898,0.450849,;577.259898,0.500971,;577.259898,0.55108,;577.259898,0.601189,;577.259898,0.651274,;577.259898,0.701386,;577.259898,0.751495,;577.259898,0.801604,;577.259898,0.851711,;577.259898,0.901824,;577.259898,0.951935,;577.259898,1.00204,;577.259898,1.05215,;577.259898,1.10222,;577.259898,1.15234,;577.259898,1.20241,;577.259898,1.25253,;577.259898,1.30262,;577.259898,1.3527,;571.806027,1.40278,;571.806027,1.45285,;571.806027,1.50293,;563.826483,1.55304,;563.826483,1.60313,;563.826483,1.65323,;563.826483,1.70333,;563.826483,1.7534,;563.826483,1.80348,;544.563578,1.85359,;544.563578,1.90366,;544.563578,1.95377,;544.563578,2.00384,;544.563578,2.05396,;544.563578,2.10408,;544.563578,2.15414,;544.563578,2.20421,;544.563578,2.25429,;544.563578,2.30436,;544.563578,2.35443,;544.563578,2.4045,;544.563578,2.45457,;544.563578,2.50464,;544.563578,2.55471,;544.563578,2.60478,;544.563578,2.65485,;544.563578,2.70492,;544.563578,2.75499,;544.563578,2.80506,;544.563578,2.85513,;544.563578,2.9052,;544.563578,2.95527,;544.563578,3.00538,;544.563578,3.05549,;544.563578,3.1056,;544.563578,3.1557,;544.563578,3.20582,;544.563578,3.25592,;544.563578,3.30604,;544.563578,3.35612,;544.563578,3.40619,;544.563578,3.4563,;544.563578,3.50637,;544.563578,3.55648,;544.563578,3.60657,;544.563578,3.65668,;544.563578,3.70676,;544.563578,3.75687,;544.563578,3.80696,;544.563578,3.85708,;544.563578,3.90717,;542.860175,3.95729,;542.860175,4.00737,;542.860175,4.05745,;542.860175,4.10754,;542.860175,4.15763,;542.860175,4.20774,;542.860175,4.25785,;542.860175,4.30793,;542.860175,4.35805,;542.860175,4.40816,;542.860175,4.45823,;542.860175,4.50835,;542.860175,4.55844,;542.860175,4.60856,;542.860175,4.65865,;542.860175,4.70876,;542.860175,4.75885,;542.860175,4.80893,;542.860175,4.85902,;542.860175,4.90913,;542.860175,4.95921,;542.860175,5.00932,;542.860175,5.05939,;542.860175,5.10947,;542.860175,5.15957,;542.703091,5.20968,;542.703091,5.25977,;535.215837,5.30984,;535.215837,5.35991,;535.215837,5.41003,;535.215837,5.46014,;535.215837,5.51026,;535.215837,5.56038,;535.215837,5.61046,;535.215837,5.66058,;535.215837,5.71067,;535.215837,5.76079,;535.215837,5.81088,;535.215837,5.861,;533.053883,5.91111,;533.053883,5.96122,;533.053883,6.0113,;533.053883,6.06144,;533.053883,6.11156,;533.053883,6.16164,;528.948403,6.21176,;528.948403,6.26188,;528.948403,6.31199,;528.948403,6.3621,;528.948403,6.41222,;528.948403,6.46233,;528.948403,6.51245,;528.948403,6.56254,;528.948403,6.61265,;528.948403,6.66277,;528.948403,6.71289,;528.948403,6.76298,;528.948403,6.8131,;528.948403,6.86318,;528.948403,6.9133,;528.948403,6.96339,;528.948403,7.01352,;528.948403,7.06361,;528.948403,7.11372,;528.948403,7.16384,;528.948403,7.21396,;528.948403,7.26408,;528.948403,7.31415,;527.025589,7.36427,;527.025589,7.41435,;527.025589,7.46445,;525.903551,7.51453,;525.903551,7.56462,;525.903551,7.61475,;525.903551,7.66488,;525.903551,7.71497,;525.903551,7.76508,;525.903551,7.8152,;525.903551,7.86531,;525.903551,7.91543,;525.903551,7.96554,;525.903551,8.01565,;525.903551,8.06576,;525.903551,8.11587,;525.903551,8.16595,;525.903551,8.21608,;525.903551,8.26615,;525.903551,8.31623,;525.903551,8.3663,;525.903551,8.41636,;525.903551,8.46643,;525.903551,8.5165,;525.903551,8.56657,;525.903551,8.61664,;525.903551,8.66673,;525.903551,8.71685,;525.903551,8.76692,;525.903551,8.817,;525.903551,8.86708,;525.903551,8.91717,;377.914111,8.96725,;377.914111,9.01733,;377.914111,9.06741,;377.914111,9.1175,;377.914111,9.16761,;377.914111,9.21772,;377.914111,9.26783,;377.914111,9.31792,;377.914111,9.368,;377.914111,9.41807,;377.914111,9.46817,;377.914111,9.51825,;364.024134,9.56833,;364.024134,9.61842,;364.024134,9.66851,;364.024134,9.7186,;364.024134,9.76869,;364.024134,9.81878,;364.024134,9.86886,;364.024134,9.91894,;364.024134,9.96902,;
inf,0.0500699,;inf,0.100158,;inf,0.150237,;766.479721,0.200322,;739.992142,0.25041,;693.520823,0.300495,;693.520823,0.350604,;693.520823,0.400676,;693.520823,0.45079,;693.520823,0.500861,;685.230856,0.550986,;685.230856,0.60107,;685.230856,0.651147,;685.230856,0.701233,;685.230856,0.751387,;685.230856,0.801451,;685.230856,0.851585,;685.230856,0.901675,;685.230856,0.951802,;685.230856,1.00192,;563.312974,1.05202,;563.312974,1.10216,;563.312974,1.15227,;563.312974,1.20239,;563.312974,1.2525,;563.312974,1.30264,;563.312974,1.35271,;563.312974,1.40282,;563.312974,1.45291,;563.312974,1.50299,;563.312974,1.55309,;563.312974,1.60321,;563.312974,1.6533,;563.312974,1.70342,;563.312974,1.7535,;560.302609,1.80358,;560.302609,1.85367,;560.302609,1.90376,;560.302609,1.9539,;550.629279,2.00403,;550.629279,2.05413,;550.629279,2.10424,;550.629279,2.15433,;550.629279,2.20441,;550.629279,2.25454,;550.629279,2.30462,;550.629279,2.35474,;550.629279,2.40483,;550.629279,2.45494,;550.629279,2.50504,;550.629279,2.55512,;550.629279,2.60521,;550.629279,2.65534,;550.629279,2.70544,;545.208418,2.75556,;545.208418,2.80567,;545.208418,2.85579,;545.208418,2.90591,;545.208418,2.95602,;545.208418,3.00612,;545.208418,3.05623,;545.208418,3.10633,;545.208418,3.15644,;545.208418,3.20655,;545.208418,3.25663,;543.310117,3.30675,;543.310117,3.35684,;543.310117,3.40696,;543.310117,3.45705,;529.119590,3.50713,;529.119590,3.55722,;529.119590,3.60734,;529.119590,3.65743,;529.119590,3.70755,;529.119590,3.75764,;529.119590,3.80776,;529.119590,3.85785,;529.119590,3.90797,;529.119590,3.95805,;529.119590,4.00814,;529.119590,4.05823,;529.119590,4.10836,;521.502086,4.15845,;521.502086,4.20849,;521.502086,4.25861,;521.502086,4.30869,;521.502086,4.35877,;521.502086,4.40889,;521.502086,4.459,;521.502086,4.50909,;521.502086,4.55918,;521.502086,4.60927,;521.502086,4.65939,;521.502086,4.70951,;521.502086,4.75963,;521.502086,4.80972,;521.502086,4.85984,;521.502086,4.90991,;521.502086,4.96003,;521.502086,5.01016,;521.502086,5.06027,;521.502086,5.11036,;521.502086,5.16045,;521.502086,5.21054,;521.502086,5.26063,;521.502086,5.31072,;521.502086,5.36081,;521.502086,5.4109,;521.502086,5.46099,;521.502086,5.51108,;521.502086,5.56116,;521.502086,5.61125,;521.502086,5.66133,;521.502086,5.71142,;521.502086,5.7615,;521.502086,5.81159,;521.502086,5.86167,;521.502086,5.91175,;521.502086,5.96184,;521.502086,6.01193,;521.502086,6.06201,;521.502086,6.1121,;521.502086,6.16218,;521.502086,6.21227,;521.502086,6.26239,;424.432545,6.3125,;424.432545,6.36262,;424.432545,6.41269,;424.432545,6.46277,;424.432545,6.51286,;414.074504,6.56299,;414.074504,6.61307,;414.074504,6.6632,;414.074504,6.71329,;414.074504,6.76341,;414.074504,6.8135,;414.074504,6.86362,;414.074504,6.91373,;414.074504,6.96385,;414.074504,7.01394,;414.074504,7.06406,;414.074504,7.11418,;414.074504,7.16429,;414.074504,7.2144,;414.074504,7.26449,;414.074504,7.31461,;414.074504,7.36469,;414.074504,7.41481,;414.074504,7.4649,;414.074504,7.51503,;398.010158,7.56513,;398.010158,7.61525,;398.010158,7.66534,;398.010158,7.71546,;398.010158,7.76555,;398.010158,7.81568,;398.010158,7.86577,;398.010158,7.91587,;398.010158,7.96599,;398.010158,8.01611,;398.010158,8.06618,;398.010158,8.1163,;398.010158,8.16641,;398.010158,8.21648,;398.010158,8.26661,;398.010158,8.31669,;398.010158,8.36681,;398.010158,8.4169,;398.010158,8.46703,;398.010158,8.51712,;398.010158,8.56724,;398.010158,8.61732,;398.010158,8.66743,;398.010158,8.71752,;398.010158,8.7676,;398.010158,8.81769,;398.010158,8.86779,;398.010158,8.9179,;398.010158,8.96801,;398.010158,9.01809,;398.010158,9.06817,;398.010158,9.11825,;398.010158,9.16833,;398.010158,9.21841,;398.010158,9.26845,;398.010158,9.31853,;398.010158,9.36862,;398.010158,9.4187,;398.010158,9.46878,;398.010158,9.51886,;398.010158,9.56895,;398.010158,9.61903,;398.010158,9.66911,;398.010158,9.7192,;398.010158,9.76928,;398.010158,9.81936,;398.010158,9.86945,;398.010158,9.91953,;398.010158,9.96961,;398.010158,10.0197,;
inf,0.0500568,;inf,0.100138,;inf,0.150221,;680.067410,0.200303,;680.067410,0.250375,;680.067410,0.300455,;680.067410,0.350527,;680.067410,0.400609,;680.067410,0.450685,;680.067410,0.500766,;680.067410,0.550855,;680.067410,0.600941,;680.067410,0.651017,;668.655446,0.701096,;651.657469,0.751171,;651.657469,0.801251,;651.657469,0.851338,;651.657469,0.901423,;651.657469,0.951512,;651.533626,1.0016,;639.970202,1.05169,;639.970202,1.10178,;639.970202,1.15188,;639.970202,1.20196,;639.970202,1.25208,;639.970202,1.30218,;639.970202,1.35229,;639.970202,1.40241,;639.970202,1.45249,;639.970202,1.50258,;639.970202,1.55267,;639.970202,1.60276,;639.970202,1.65285,;635.682336,1.70294,;635.682336,1.75306,;635.682336,1.80314,;635.682336,1.85325,;635.682336,1.90336,;635.682336,1.95347,;635.682336,2.00356,;635.682336,2.05364,;635.682336,2.10374,;635.682336,2.15385,;635.682336,2.20394,;635.682336,2.25405,;635.682336,2.30413,;635.682336,2.35424,;615.392467,2.40432,;615.392467,2.45444,;615.392467,2.50453,;615.392467,2.55462,;615.392467,2.60474,;615.392467,2.65487,;615.392467,2.70495,;615.392467,2.75502,;615.392467,2.80513,;615.392467,2.85521,;615.392467,2.90528,;615.392467,2.95537,;615.392467,3.00545,;615.392467,3.05555,;615.392467,3.10563,;591.634720,3.1557,;590.597951,3.20579,;590.597951,3.25587,;590.597951,3.30598,;590.597951,3.35606,;590.597951,3.40615,;590.597951,3.45627,;590.597951,3.50638,;590.597951,3.55645,;590.597951,3.60656,;590.597951,3.65667,;590.597951,3.70678,;590.597951,3.75686,;578.049876,3.80694,;578.049876,3.85705,;578.049876,3.90713,;578.049876,3.95724,;576.621231,4.00732,;576.621231,4.05744,;576.621231,4.10756,;576.621231,4.15767,;576.621231,4.20777,;576.621231,4.2579,;576.621231,4.30799,;576.621231,4.3581,;576.621231,4.40819,;572.552785,4.45831,;572.552785,4.50842,;572.552785,4.55851,;572.552785,4.60859,;572.552785,4.6587,;572.552785,4.70879,;572.552785,4.75889,;572.552785,4.809,;572.552785,4.85908,;572.552785,4.90919,;572.552785,4.95927,;572.552785,5.00938,;572.552785,5.05948,;572.552785,5.10959,;572.552785,5.15968,;572.552785,5.20979,;572.552785,5.2599,;572.552785,5.31001,;564.114954,5.36008,;564.114954,5.41019,;564.114954,5.46031,;564.114954,5.51042,;564.114954,5.56053,;564.114954,5.61064,;564.114954,5.66073,;564.114954,5.71081,;564.114954,5.76092,;564.114954,5.81096,;564.114954,5.86107,;564.114954,5.91114,;564.114954,5.96125,;564.114954,6.01133,;558.315998,6.06143,;558.315998,6.11151,;558.315998,6.16163,;558.315998,6.21172,;558.315998,6.26185,;558.315998,6.31197,;558.315998,6.36204,;558.315998,6.41211,;558.315998,6.46216,;558.315998,6.51225,;558.315998,6.56237,;558.315998,6.61248,;558.315998,6.66261,;558.315998,6.71269,;558.315998,6.76282,;558.315998,6.81294,;558.315998,6.86302,;558.315998,6.91313,;558.315998,6.96321,;558.315998,7.01332,;558.315998,7.06341,;558.315998,7.11353,;558.315998,7.16362,;558.315998,7.21371,;558.315998,7.2638,;558.315998,7.31391,;558.315998,7.36402,;558.315998,7.4141,;558.315998,7.46422,;558.315998,7.51434,;558.315998,7.56445,;558.315998,7.61457,;558.315998,7.66466,;558.315998,7.71479,;558.315998,7.7649,;558.315998,7.81502,;558.315998,7.86511,;557.719483,7.91519,;557.719483,7.9653,;557.719483,8.01537,;557.719483,8.06548,;557.719483,8.1156,;557.719483,8.16568,;557.719483,8.21578,;557.719483,8.26589,;557.719483,8.316,;557.719483,8.36611,;557.719483,8.41623,;557.719483,8.46634,;556.214853,8.51645,;556.214853,8.56653,;556.214853,8.61664,;556.214853,8.66675,;556.214853,8.71686,;556.214853,8.76698,;556.214853,8.81707,;556.214853,8.86716,;556.214853,8.91728,;556.214853,8.96736,;556.214853,9.01748,;556.214853,9.06758,;556.214853,9.1177,;556.214853,9.16779,;556.214853,9.21791,;556.214853,9.268,;556.214853,9.31811,;556.214853,9.36822,;556.214853,9.41834,;556.214853,9.46845,;556.214853,9.51857,;556.214853,9.56869,;556.214853,9.6188,;556.214853,9.66891,;556.214853,9.71903,;556.214853,9.76915,;556.214853,9.81923,;556.214853,9.86934,;556.214853,9.91943,;428.577680,9.96955,;428.577680,10.0196,;
inf,0.0500976,;inf,0.100207,;inf,0.150321,;766.930475,0.200446,;744.919082,0.250531,;744.919082,0.300645,;738.486730,0.350771,;738.486730,0.400877,;738.486730,0.450952,;738.486730,0.501073,;738.486730,0.551161,;732.272745,0.60127,;717.581522,0.651345,;717.581522,0.701461,;717.581522,0.751571,;717.581522,0.801691,;717.581522,0.851782,;717.581522,0.901906,;717.581522,0.952015,;717.581522,1.00215,;717.581522,1.05226,;717.581522,1.10237,;717.581522,1.15248,;717.581522,1.20255,;706.937166,1.25267,;706.937166,1.30276,;706.937166,1.35288,;706.937166,1.40296,;706.937166,1.45307,;706.937166,1.50316,;706.937166,1.55327,;706.937166,1.60337,;706.937166,1.65348,;687.234023,1.70357,;687.234023,1.75369,;687.234023,1.80378,;687.234023,1.85386,;687.234023,1.90398,;687.234023,1.9541,;687.234023,2.00421,;687.234023,2.05433,;687.234023,2.10444,;687.234023,2.15455,;687.234023,2.20466,;687.234023,2.25477,;687.234023,2.30489,;663.976163,2.35497,;663.976163,2.40509,;663.976163,2.45518,;663.976163,2.5053,;663.976163,2.55541,;663.976163,2.60553,;663.976163,2.65565,;663.976163,2.70576,;663.976163,2.75584,;663.976163,2.80595,;663.976163,2.85607,;663.976163,2.90616,;663.976163,2.95625,;663.976163,3.00636,;663.976163,3.05644,;663.976163,3.10652,;663.976163,3.15664,;663.976163,3.20677,;663.976163,3.25689,;663.976163,3.30701,;663.976163,3.35713,;663.976163,3.40724,;663.976163,3.45735,;663.976163,3.50747,;663.976163,3.55758,;663.976163,3.60768,;663.976163,3.65776,;663.976163,3.70784,;663.976163,3.75793,;663.976163,3.80804,;663.976163,3.85812,;663.976163,3.9082,;663.976163,3.95833,;663.976163,4.00843,;663.976163,4.05851,;663.976163,4.1086,;663.976163,4.15868,;663.976163,4.2088,;663.976163,4.25887,;663.976163,4.30899,;663.976163,4.3591,;663.976163,4.40921,;663.976163,4.45929,;663.976163,4.5094,;663.976163,4.55947,;663.976163,4.60959,;663.976163,4.65967,;663.976163,4.70979,;663.976163,4.75987,;663.976163,4.81,;663.976163,4.86008,;663.976163,4.9102,;663.976163,4.96029,;663.976163,5.01041,;663.976163,5.06049,;663.976163,5.11061,;663.976163,5.16072,;663.976163,5.2108,;663.976163,5.26092,;663.976163,5.31103,;663.976163,5.36114,;663.976163,5.41126,;663.976163,5.46137,;663.976163,5.51148,;663.976163,5.56159,;663.976163,5.6117,;663.976163,5.66181,;663.976163,5.71193,;663.976163,5.76204,;663.976163,5.81216,;431.791232,5.86227,;431.791232,5.91238,;431.791232,5.96249,;431.791232,6.01261,;431.791232,6.06273,;431.791232,6.11287,;431.791232,6.16295,;431.791232,6.21304,;431.791232,6.26314,;431.791232,6.31326,;411.920286,6.36334,;411.920286,6.41342,;411.920286,6.46351,;411.920286,6.51361,;411.920286,6.56371,;411.920286,6.61382,;411.920286,6.66391,;411.920286,6.71403,;411.920286,6.76415,;411.920286,6.81427,;411.920286,6.86436,;411.920286,6.91448,;411.920286,6.96457,;411.920286,7.01473,;411.920286,7.06486,;411.920286,7.11494,;411.920286,7.16505,;411.920286,7.21514,;411.920286,7.26524,;411.920286,7.31535,;411.920286,7.36546,;411.920286,7.41555,;411.920286,7.46568,;411.920286,7.5158,;411.920286,7.56592,;411.920286,7.61604,;411.920286,7.66615,;411.920286,7.71627,;411.920286,7.76638,;411.920286,7.8165,;411.920286,7.86658,;411.920286,7.91669,;411.920286,7.96677,;411.920286,8.0169,;411.920286,8.06698,;411.920286,8.1171,;411.920286,8.16719,;411.920286,8.21728,;411.920286,8.26738,;411.920286,8.3175,;411.920286,8.36762,;411.920286,8.41774,;411.920286,8.46785,;411.920286,8.51797,;411.920286,8.5681,;411.920286,8.61819,;411.920286,8.66831,;411.920286,8.71843,;411.920286,8.76854,;411.920286,8.81865,;411.920286,8.86877,;411.920286,8.91884,;411.920286,8.96895,;411.920286,9.01906,;411.920286,9.06917,;411.920286,9.11929,;411.920286,9.1694,;411.920286,9.21951,;411.920286,9.26961,;411.920286,9.31972,;411.920286,9.36983,;411.920286,9.41993,;411.920286,9.47005,;411.920286,9.52016,;411.920286,9.57027,;411.920286,9.62035,;411.920286,9.67046,;411.920286,9.72057,;411.920286,9.77065,;411.920286,9.8207,;411.920286,9.87076,;411.920286,9.92083,;411.920286,9.9709,;411.920286,10.021,;
inf,0.0500683,;inf,0.100153,;inf,0.150236,;inf,0.200323,;654.073796,0.250397,;654.073796,0.300464,;654.073796,0.350545,;654.073796,0.40062,;618.443718,0.450702,;618.443718,0.500799,;594.709908,0.550881,;594.709908,0.600964,;594.709908,0.651053,;540.820598,0.701136,;540.820598,0.751218,;540.820598,0.801312,;540.820598,0.851427,;540.820598,0.901511,;540.820598,0.95159,;540.820598,1.00174,;540.820598,1.05185,;539.494706,1.10194,;539.494706,1.15202,;539.494706,1.2021,;539.494706,1.25222,;539.494706,1.30229,;539.494706,1.35239,;539.494706,1.40247,;539.494706,1.45254,;539.494706,1.50265,;537.114402,1.55272,;537.114402,1.60283,;537.114402,1.65291,;537.114402,1.70303,;519.509973,1.75311,;519.509973,1.80323,;519.509973,1.85332,;519.509973,1.90343,;519.509973,1.95353,;519.509973,2.00364,;519.509973,2.05373,;519.509973,2.10381,;519.509973,2.1539,;519.509973,2.20402,;519.509973,2.25413,;519.509973,2.30425,;519.509973,2.35436,;515.818127,2.40443,;515.818127,2.45454,;515.818127,2.50461,;515.818127,2.5547,;515.818127,2.60479,;515.818127,2.6549,;515.818127,2.70499,;515.818127,2.75511,;515.818127,2.80521,;515.818127,2.85535,;515.818127,2.90544,;515.818127,2.95552,;515.818127,3.00559,;515.818127,3.05566,;515.818127,3.10573,;515.818127,3.15585,;515.818127,3.20594,;515.818127,3.25605,;454.079371,3.30612,;454.079371,3.3562,;454.079371,3.40632,;454.079371,3.45644,;454.079371,3.50652,;454.079371,3.5566,;454.079371,3.60668,;454.079371,3.65676,;454.079371,3.70688,;441.833994,3.75696,;441.833994,3.80705,;424.567664,3.85714,;424.567664,3.90725,;424.567664,3.95738,;424.567664,4.00746,;424.567664,4.05755,;424.567664,4.10764,;424.567664,4.15775,;424.567664,4.20783,;424.567664,4.25795,;424.567664,4.30806,;424.567664,4.35818,;424.567664,4.40826,;424.567664,4.45837,;424.567664,4.50844,;424.567664,4.55856,;424.567664,4.60863,;424.567664,4.65875,;424.567664,4.70884,;424.567664,4.75896,;424.567664,4.80905,;424.567664,4.85917,;424.567664,4.90926,;424.567664,4.95935,;424.567664,5.00951,;422.735156,5.05963,;422.735156,5.10973,;422.735156,5.15986,;422.735156,5.20997,;422.735156,5.26007,;422.735156,5.31018,;422.735156,5.36029,;422.735156,5.4104,;422.735156,5.46051,;422.735156,5.51059,;422.735156,5.56068,;422.735156,5.61077,;422.735156,5.66091,;422.735156,5.71102,;422.735156,5.7611,;422.735156,5.81123,;422.735156,5.86135,;422.735156,5.91152,;422.735156,5.96162,;422.735156,6.0117,;422.735156,6.06183,;422.735156,6.11194,;422.735156,6.16205,;422.735156,6.21217,;422.735156,6.26229,;422.735156,6.31242,;422.735156,6.36254,;422.735156,6.41261,;422.735156,6.46272,;422.735156,6.51284,;422.735156,6.56295,;422.735156,6.61305,;422.735156,6.66314,;422.735156,6.71328,;422.735156,6.76341,;422.735156,6.81353,;422.735156,6.86365,;422.735156,6.91377,;422.735156,6.96388,;422.735156,7.01401,;422.735156,7.06411,;418.304406,7.11423,;418.304406,7.16431,;418.304406,7.21443,;418.304406,7.26455,;418.304406,7.31465,;418.304406,7.36474,;412.931941,7.41485,;412.931941,7.46497,;412.931941,7.51508,;412.931941,7.56519,;412.931941,7.61528,;412.931941,7.66539,;412.931941,7.71551,;412.931941,7.76564,;412.931941,7.81571,;412.931941,7.86583,;412.931941,7.91594,;412.931941,7.96606,;412.931941,8.01615,;412.931941,8.06624,;412.931941,8.11634,;412.931941,8.16643,;412.931941,8.2165,;412.931941,8.26663,;412.931941,8.3167,;412.931941,8.36681,;412.931941,8.4169,;412.931941,8.46701,;399.683911,8.51709,;399.683911,8.56719,;399.683911,8.61729,;399.683911,8.66737,;395.093428,8.71745,;385.614258,8.76755,;385.614258,8.81765,;385.614258,8.86773,;385.614258,8.9178,;385.614258,8.96791,;385.614258,9.01802,;385.614258,9.06809,;385.614258,9.11823,;382.144461,9.16834,;382.144461,9.21842,;382.144461,9.2685,;382.144461,9.31861,;382.144461,9.36868,;382.144461,9.4188,;382.144461,9.46887,;382.144461,9.51896,;382.144461,9.56903,;382.144461,9.61912,;382.144461,9.66921,;382.144461,9.7193,;382.144461,9.76939,;382.144461,9.81947,;382.144461,9.86958,;382.144461,9.91966,;382.144461,9.96975,;382.144461,10.0198,;
inf,0.0500938,;inf,0.100174,;729.178775,0.150245,;729.178775,0.200359,;729.178775,0.250435,;729.178775,0.300508,;725.569380,0.3506,;689.205844,0.400681,;689.205844,0.450771,;678.836443,0.500868,;678.836443,0.550952,;678.836443,0.601042,;667.934163,0.651131,;667.934163,0.701223,;667.934163,0.751313,;667.934163,0.801403,;667.934163,0.851489,;667.934163,0.901578,;667.934163,0.951665,;667.934163,1.00176,;667.934163,1.05188,;661.366668,1.10199,;661.366668,1.15207,;661.366668,1.20219,;661.366668,1.25228,;661.366668,1.30235,;661.366668,1.35243,;661.366668,1.40252,;661.366668,1.45259,;661.366668,1.50267,;661.366668,1.55278,;661.366668,1.60287,;661.366668,1.65295,;655.487297,1.70305,;655.487297,1.75316,;655.487297,1.80327,;655.487297,1.85335,;655.487297,1.90343,;655.487297,1.95354,;655.487297,2.00365,;655.487297,2.05376,;655.487297,2.10388,;655.487297,2.15399,;655.487297,2.20407,;655.487297,2.25415,;655.487297,2.30424,;655.487297,2.35431,;549.514374,2.40442,;549.514374,2.45449,;549.514374,2.50461,;549.514374,2.55468,;549.514374,2.6048,;549.514374,2.65488,;549.514374,2.70498,;549.514374,2.75507,;549.514374,2.80519,;549.514374,2.85528,;549.514374,2.90536,;549.514374,2.95545,;549.514374,3.00556,;549.514374,3.05565,;549.514374,3.10577,;549.514374,3.15587,;549.514374,3.20595,;549.514374,3.25604,;549.514374,3.30616,;549.514374,3.35624,;549.514374,3.40632,;549.514374,3.4564,;549.514374,3.50649,;549.514374,3.55658,;544.853408,3.60666,;544.853408,3.65679,;544.853408,3.70688,;544.853408,3.75699,;544.853408,3.8071,;544.853408,3.85718,;544.853408,3.90727,;544.853408,3.95736,;544.853408,4.00746,;544.853408,4.05758,;544.853408,4.1077,;544.853408,4.15781,;544.853408,4.20792,;544.853408,4.25801,;544.853408,4.3081,;544.853408,4.35823,;544.853408,4.40831,;544.853408,4.45838,;534.893740,4.50847,;534.893740,4.55856,;534.893740,4.60867,;534.893740,4.65875,;534.893740,4.70883,;534.893740,4.75892,;534.893740,4.809,;534.893740,4.85908,;534.893740,4.90917,;534.893740,4.95924,;534.893740,5.00933,;534.893740,5.0594,;534.893740,5.10954,;534.893740,5.15965,;534.893740,5.20976,;534.893740,5.25988,;534.893740,5.30999,;534.893740,5.36007,;534.893740,5.41016,;534.893740,5.46029,;534.893740,5.51036,;534.893740,5.56047,;534.893740,5.61056,;534.893740,5.66064,;534.893740,5.71073,;534.893740,5.76084,;534.893740,5.81092,;534.893740,5.861,;534.893740,5.91108,;534.893740,5.96116,;534.893740,6.01126,;534.893740,6.06136,;534.893740,6.11144,;534.893740,6.16152,;534.893740,6.21159,;534.893740,6.26169,;534.893740,6.31179,;534.893740,6.36188,;534.893740,6.41195,;534.893740,6.46204,;534.893740,6.51214,;534.893740,6.5622,;534.893740,6.61231,;534.893740,6.66239,;534.893740,6.71249,;534.893740,6.76258,;534.893740,6.81271,;534.893740,6.8628,;534.893740,6.91292,;534.893740,6.96303,;534.893740,7.01315,;534.893740,7.06323,;534.893740,7.11335,;534.893740,7.16346,;534.893740,7.21353,;534.893740,7.26363,;534.893740,7.31372,;534.893740,7.36384,;534.893740,7.41396,;534.893740,7.46405,;534.893740,7.51418,;534.893740,7.5643,;534.893740,7.61438,;534.893740,7.66449,;534.893740,7.71458,;534.893740,7.7647,;534.893740,7.81479,;534.893740,7.86491,;534.893740,7.915,;534.893740,7.96512,;534.893740,8.01521,;534.893740,8.0653,;534.893740,8.11541,;534.893740,8.1655,;534.893740,8.21559,;534.893740,8.26571,;534.893740,8.31583,;534.893740,8.36594,;534.893740,8.41606,;534.893740,8.46618,;534.893740,8.5163,;534.893740,8.56638,;534.893740,8.61645,;534.893740,8.66653,;534.893740,8.71665,;534.893740,8.76679,;534.893740,8.81691,;534.893740,8.86699,;534.893740,8.9171,;534.893740,8.96717,;534.893740,9.01727,;534.893740,9.06736,;534.893740,9.11748,;534.893740,9.16756,;534.893740,9.21766,;534.893740,9.26773,;531.075231,9.31785,;531.075231,9.36792,;531.075231,9.41801,;531.075231,9.46813,;531.075231,9.51824,;531.075231,9.56835,;531.075231,9.61843,;531.075231,9.66854,;531.075231,9.71864,;531.075231,9.76875,;531.075231,9.81885,;531.075231,9.86893,;531.075231,9.91902,;531.075231,9.96914,;531.075231,10.0192,;
inf,0.0500932,;inf,0.100206,;inf,0.150314,;702.041376,0.200385,;702.041376,0.250494,;702.041376,0.300582,;702.041376,0.350689,;675.409294,0.400779,;675.409294,0.450889,;675.409294,0.500977,;675.409294,0.55109,;675.409294,0.601189,;675.409294,0.651295,;675.409294,0.701375,;675.409294,0.751494,;675.409294,0.801599,;675.409294,0.851715,;675.409294,0.901797,;675.409294,0.951911,;675.409294,1.002,;675.409294,1.0521,;675.409294,1.10221,;675.409294,1.15226,;675.409294,1.20233,;675.409294,1.2524,;675.409294,1.30247,;675.409294,1.35254,;675.409294,1.40265,;675.409294,1.45277,;675.409294,1.50284,;675.409294,1.55295,;675.409294,1.60304,;675.409294,1.65312,;675.409294,1.70321,;675.409294,1.75328,;675.409294,1.80335,;675.409294,1.85342,;675.409294,1.90348,;675.409294,1.95356,;675.409294,2.00361,;675.409294,2.0537,;674.627155,2.10381,;674.627155,2.15388,;674.627155,2.20397,;674.627155,2.25404,;674.627155,2.30412,;674.627155,2.35419,;674.627155,2.40423,;674.627155,2.4543,;674.627155,2.50438,;674.627155,2.55449,;674.627155,2.60456,;674.627155,2.65467,;674.627155,2.70476,;674.627155,2.75487,;674.627155,2.80496,;674.627155,2.85508,;674.627155,2.90517,;674.627155,2.95526,;674.627155,3.00533,;674.627155,3.05544,;674.627155,3.10555,;674.627155,3.15567,;655.311974,3.20577,;655.311974,3.25589,;655.311974,3.30596,;641.969630,3.35603,;641.969630,3.40614,;609.246066,3.45626,;609.246066,3.50635,;609.246066,3.55643,;609.246066,3.60654,;609.246066,3.65662,;609.246066,3.70674,;609.246066,3.75683,;609.246066,3.80692,;609.246066,3.85701,;609.246066,3.90709,;609.246066,3.95718,;609.246066,4.0073,;609.246066,4.05739,;609.246066,4.1075,;609.246066,4.15759,;609.246066,4.20767,;609.246066,4.25776,;609.246066,4.30785,;609.246066,4.35793,;609.246066,4.40802,;609.246066,4.45811,;609.246066,4.50824,;609.246066,4.55832,;609.246066,4.6084,;609.246066,4.65848,;609.246066,4.70856,;609.246066,4.75866,;600.539701,4.80875,;600.539701,4.85887,;600.539701,4.90896,;600.539701,4.95904,;600.539701,5.00913,;600.539701,5.05924,;596.969390,5.10933,;590.236554,5.15945,;581.800879,5.20954,;581.800879,5.25965,;581.800879,5.30977,;581.800879,5.35989,;581.800879,5.40996,;581.800879,5.46004,;581.800879,5.51015,;581.800879,5.56028,;581.800879,5.61038,;581.800879,5.66046,;581.800879,5.71056,;581.800879,5.76068,;581.800879,5.81079,;581.800879,5.86088,;581.800879,5.91096,;581.800879,5.96106,;581.800879,6.01116,;581.800879,6.06129,;581.800879,6.11136,;581.800879,6.16147,;581.800879,6.21156,;581.800879,6.26167,;581.800879,6.31176,;581.800879,6.36184,;581.800879,6.41195,;581.800879,6.46204,;581.800879,6.51212,;581.800879,6.5622,;581.800879,6.61227,;579.240910,6.66239,;579.240910,6.71247,;579.240910,6.76256,;579.240910,6.81264,;579.240910,6.86272,;579.240910,6.91281,;579.240910,6.9629,;579.240910,7.01299,;579.240910,7.06308,;579.240910,7.1132,;413.657243,7.16331,;413.657243,7.21339,;413.657243,7.26348,;413.657243,7.31359,;413.657243,7.36371,;413.657243,7.41383,;413.657243,7.46395,;413.657243,7.51403,;413.657243,7.56418,;413.657243,7.61431,;413.657243,7.66439,;413.657243,7.71448,;413.657243,7.76457,;407.745134,7.81468,;407.745134,7.86475,;407.745134,7.91486,;407.745134,7.96495,;407.745134,8.01507,;407.745134,8.06518,;407.745134,8.11526,;407.745134,8.16535,;407.745134,8.21546,;407.745134,8.26557,;407.745134,8.31568,;407.745134,8.36579,;407.745134,8.41591,;407.745134,8.46602,;407.745134,8.51611,;407.745134,8.5662,;407.745134,8.61633,;400.183684,8.66644,;400.183684,8.71651,;379.313245,8.7666,;379.313245,8.81668,;379.313245,8.8668,;379.313245,8.91689,;379.313245,8.96698,;379.313245,9.01707,;355.430682,9.06718,;355.430682,9.11729,;355.430682,9.16741,;355.430682,9.21751,;349.192298,9.26762,;349.192298,9.31773,;349.192298,9.36784,;349.192298,9.41793,;349.192298,9.46805,;349.192298,9.51816,;349.192298,9.56827,;349.192298,9.61842,;349.192298,9.6685,;349.192298,9.71862,;349.192298,9.76874,;349.192298,9.81885,;349.192298,9.86894,;349.192298,9.91907,;349.192298,9.96918,;349.192298,10.0193,;
inf,0.0500693,;inf,0.100189,;689.120320,0.150279,;689.120320,0.20038,;689.120320,0.250496,;689.120320,0.300608,;689.120320,0.350729,;689.120320,0.4008,;689.120320,0.450882,;597.355522,0.500982,;578.728694,0.551105,;578.728694,0.601179,;578.728694,0.651294,;578.728694,0.701349,;578.728694,0.751432,;578.728694,0.801503,;578.728694,0.851573,;578.728694,0.901648,;577.028574,0.951766,;577.028574,1.00184,;577.028574,1.05193,;577.028574,1.10201,;577.028574,1.1521,;577.028574,1.20218,;577.028574,1.25227,;577.028574,1.30237,;577.028574,1.35246,;577.028574,1.40255,;577.028574,1.45263,;577.028574,1.50271,;577.028574,1.55278,;577.028574,1.60286,;577.028574,1.65294,;577.028574,1.70303,;577.028574,1.75316,;577.028574,1.80328,;577.028574,1.85339,;577.028574,1.9035,;577.028574,1.95362,;577.028574,2.00374,;577.028574,2.05383,;575.136867,2.10396,;575.136867,2.15407,;575.136867,2.20411,;575.136867,2.2542,;575.136867,2.30427,;575.136867,2.35436,;575.136867,2.40443,;575.136867,2.45452,;575.136867,2.50456,;575.136867,2.55464,;575.136867,2.60472,;575.136867,2.65484,;575.136867,2.70493,;575.136867,2.75505,;575.136867,2.80515,;575.136867,2.85526,;575.136867,2.90535,;575.136867,2.95547,;575.136867,3.00559,;575.136867,3.05568,;575.136867,3.10577,;575.136867,3.15589,;575.136867,3.20597,;575.136867,3.25609,;575.136867,3.30621,;575.136867,3.35629,;575.136867,3.40641,;575.136867,3.45654,;575.136867,3.50666,;575.136867,3.55674,;575.136867,3.60686,;575.136867,3.65695,;575.136867,3.70707,;575.136867,3.75716,;575.136867,3.80725,;575.136867,3.85734,;575.136867,3.90746,;575.136867,3.95757,;575.136867,4.00766,;575.136867,4.05775,;569.210806,4.10787,;569.210806,4.158,;567.567453,4.20812,;567.567453,4.25821,;560.197235,4.30834,;560.197235,4.35846,;560.197235,4.40858,;560.197235,4.4587,;560.197235,4.50878,;560.197235,4.55893,;560.197235,4.60901,;560.197235,4.6591,;560.197235,4.70919,;560.197235,4.75927,;560.197235,4.80936,;560.197235,4.85946,;560.197235,4.90956,;560.197235,4.95963,;560.197235,5.00973,;560.197235,5.05985,;560.197235,5.10994,;560.197235,5.16007,;560.197235,5.21019,;560.197235,5.26028,;411.156732,5.31037,;411.156732,5.36049,;411.156732,5.41058,;411.156732,5.46066,;399.045896,5.51077,;399.045896,5.56087,;399.045896,5.61096,;399.045896,5.66105,;399.045896,5.71116,;399.045896,5.76126,;399.045896,5.81138,;399.045896,5.86147,;399.045896,5.91162,;399.045896,5.96172,;395.251025,6.01181,;395.251025,6.06191,;395.251025,6.11201,;395.251025,6.16211,;395.058067,6.2122,;395.058067,6.26232,;395.058067,6.3124,;395.058067,6.36252,;395.058067,6.4126,;395.058067,6.46268,;391.965819,6.51276,;391.965819,6.56287,;391.965819,6.61296,;391.965819,6.66306,;391.965819,6.71314,;391.965819,6.76325,;391.965819,6.81332,;391.965819,6.86343,;391.965819,6.91351,;391.965819,6.96363,;391.965819,7.0137,;391.965819,7.06386,;391.965819,7.11395,;391.965819,7.1641,;391.965819,7.21422,;391.965819,7.26434,;391.965819,7.31445,;391.965819,7.36455,;391.965819,7.41467,;391.965819,7.46475,;383.962441,7.51487,;383.962441,7.56495,;383.962441,7.61505,;383.962441,7.66514,;383.962441,7.71526,;383.962441,7.76535,;383.962441,7.81545,;383.962441,7.86557,;383.962441,7.91569,;383.962441,7.96578,;383.962441,8.01591,;383.962441,8.06603,;383.962441,8.11614,;383.962441,8.16627,;383.962441,8.21635,;383.962441,8.26647,;383.962441,8.3166,;383.962441,8.36669,;383.962441,8.41678,;383.962441,8.46687,;383.962441,8.51696,;383.962441,8.56705,;383.962441,8.61716,;383.962441,8.66727,;383.962441,8.71738,;383.962441,8.76747,;383.962441,8.81759,;383.962441,8.86771,;383.962441,8.91782,;383.962441,8.96793,;383.962441,9.01804,;383.962441,9.06815,;383.962441,9.11827,;371.746501,9.16839,;371.746501,9.21847,;371.746501,9.26861,;371.746501,9.31872,;371.746501,9.3688,;364.561703,9.41889,;364.561703,9.46899,;364.561703,9.51911,;364.561703,9.56919,;364.561703,9.61932,;364.561703,9.66943,;364.561703,9.71955,;364.561703,9.76967,;364.561703,9.81978,;364.561703,9.86987,;364.561703,9.91998,;364.561703,9.97007,;
inf,0.0500575,;inf,0.100132,;inf,0.150244,;inf,0.200329,;666.598689,0.250417,;666.598689,0.300492,;666.598689,0.350574,;666.598689,0.400652,;666.598689,0.450739,;661.815819,0.500843,;661.815819,0.550917,;661.815819,0.600995,;661.815819,0.651071,;661.815819,0.701142,;661.815819,0.751223,;661.815819,0.801333,;661.815819,0.851415,;661.815819,0.901534,;661.815819,0.951614,;628.347709,1.00173,;628.347709,1.05186,;628.347709,1.10197,;578.587184,1.15209,;578.587184,1.2022,;578.587184,1.25228,;578.587184,1.30239,;578.587184,1.35247,;578.587184,1.40255,;578.587184,1.45264,;578.587184,1.50275,;578.587184,1.55284,;578.587184,1.60296,;578.587184,1.65307,;578.587184,1.70319,;578.587184,1.75327,;578.587184,1.80339,;578.587184,1.85352,;578.587184,1.90363,;578.587184,1.95374,;578.587184,2.00382,;578.587184,2.05394,;578.587184,2.10402,;578.587184,2.1541,;578.587184,2.20417,;578.587184,2.25425,;578.587184,2.30433,;578.587184,2.35442,;500.923539,2.40451,;500.923539,2.45459,;500.923539,2.5047,;500.923539,2.55479,;500.923539,2.60489,;500.923539,2.65496,;500.923539,2.70505,;500.923539,2.75516,;500.923539,2.80526,;500.923539,2.85533,;500.923539,2.90542,;500.923539,2.95549,;500.923539,3.00558,;500.923539,3.05575,;500.923539,3.10587,;500.923539,3.15599,;500.923539,3.2061,;500.923539,3.25618,;500.923539,3.30629,;500.923539,3.3564,;500.923539,3.40652,;500.923539,3.4566,;500.923539,3.50673,;500.923539,3.55682,;500.923539,3.60691,;500.923539,3.65703,;495.442659,3.70714,;495.442659,3.75726,;495.442659,3.80737,;495.442659,3.85749,;495.442659,3.9076,;495.442659,3.95768,;495.442659,4.00778,;492.408897,4.05787,;492.408897,4.10795,;492.408897,4.15803,;492.408897,4.20811,;492.408897,4.25822,;492.408897,4.30829,;492.408897,4.3584,;483.206613,4.40852,;483.206613,4.45863,;483.206613,4.50874,;483.206613,4.55885,;483.206613,4.60894,;483.206613,4.65906,;483.206613,4.70918,;483.206613,4.75929,;483.206613,4.80936,;483.206613,4.85948,;483.206613,4.90956,;483.206613,4.95965,;483.206613,5.00973,;483.206613,5.05981,;483.206613,5.1099,;483.206613,5.16002,;483.206613,5.21011,;483.206613,5.26019,;483.206613,5.31027,;483.206613,5.36041,;483.206613,5.41049,;483.206613,5.46058,;483.206613,5.51066,;483.206613,5.56074,;483.206613,5.61078,;483.206613,5.66091,;483.206613,5.71099,;483.206613,5.76108,;483.206613,5.81116,;470.702625,5.86124,;470.702625,5.91134,;470.702625,5.96143,;470.702625,6.01151,;470.702625,6.0616,;470.702625,6.11169,;470.702625,6.16181,;470.702625,6.21189,;470.702625,6.26201,;470.702625,6.31209,;470.702625,6.36218,;470.702625,6.41226,;470.702625,6.46235,;470.702625,6.51243,;470.702625,6.56255,;470.702625,6.61265,;470.702625,6.66273,;470.431079,6.71285,;470.431079,6.76294,;470.431079,6.81306,;470.431079,6.86314,;467.987794,6.91323,;467.987794,6.96331,;467.987794,7.0134,;467.987794,7.06348,;467.987794,7.11358,;467.987794,7.16366,;467.987794,7.21374,;467.987794,7.26382,;467.987794,7.3139,;467.987794,7.36397,;467.987794,7.4141,;467.987794,7.46423,;467.987794,7.51434,;467.987794,7.56443,;467.987794,7.61452,;467.987794,7.66465,;467.987794,7.71473,;467.987794,7.76485,;467.987794,7.81497,;467.987794,7.86507,;467.987794,7.91516,;467.987794,7.96525,;467.987794,8.01533,;462.762265,8.06541,;462.762265,8.1155,;462.762265,8.1656,;462.762265,8.21569,;462.762265,8.26578,;462.762265,8.31588,;462.762265,8.36597,;462.762265,8.41605,;462.762265,8.46616,;462.762265,8.51624,;462.762265,8.56634,;462.762265,8.61643,;462.762265,8.66655,;462.762265,8.71663,;462.762265,8.76675,;462.762265,8.81684,;462.762265,8.86694,;462.762265,8.91703,;462.762265,8.96711,;454.051316,9.01718,;454.051316,9.06727,;454.051316,9.11735,;454.051316,9.16743,;454.051316,9.21751,;454.051316,9.26759,;454.051316,9.3177,;454.051316,9.36783,;454.051316,9.41794,;454.051316,9.46806,;454.051316,9.51814,;454.051316,9.56822,;454.051316,9.61834,;454.051316,9.66844,;454.051316,9.71855,;454.051316,9.76865,;454.051316,9.81876,;454.051316,9.86887,;454.051316,9.91898,;407.890593,9.96909,;407.890593,10.0192,;407.890593,10.0693,;
inf,0.0500957,;inf,0.100188,;879.928574,0.15031,;878.768673,0.200433,;878.768673,0.25054,;878.768673,0.300632,;878.768673,0.350751,;878.768673,0.400828,;859.376247,0.450944,;859.376247,0.50104,;859.376247,0.551138,;859.376247,0.601214,;859.376247,0.651297,;859.376247,0.701395,;859.376247,0.751516,;859.376247,0.801627,;859.376247,0.85174,;854.096430,0.901821,;854.096430,0.951905,;854.096430,1.00199,;854.096430,1.05212,;854.096430,1.10219,;842.490776,1.15232,;806.802545,1.2024,;806.802545,1.25248,;741.263625,1.3026,;741.263625,1.35273,;741.263625,1.40285,;741.263625,1.45293,;741.263625,1.50302,;741.263625,1.55314,;741.263625,1.60323,;741.263625,1.65332,;741.263625,1.70344,;741.263625,1.75355,;741.263625,1.80367,;741.263625,1.85377,;741.263625,1.90389,;741.263625,1.95397,;741.263625,2.00409,;731.502490,2.05419,;731.502490,2.10433,;731.502490,2.15441,;731.502490,2.20449,;731.502490,2.25458,;731.502490,2.30469,;731.502490,2.3548,;731.502490,2.40488,;731.502490,2.455,;731.502490,2.50509,;731.502490,2.55519,;731.502490,2.60531,;715.808667,2.6554,;715.808667,2.70548,;715.808667,2.75558,;713.620357,2.8057,;713.620357,2.85579,;713.620357,2.90588,;713.620357,2.956,;713.620357,3.00612,;713.620357,3.05624,;713.620357,3.10636,;713.620357,3.15649,;713.620357,3.20658,;713.620357,3.25672,;713.620357,3.30683,;713.620357,3.35691,;713.620357,3.40699,;713.620357,3.45709,;713.620357,3.50717,;713.620357,3.55727,;713.620357,3.60737,;713.620357,3.65745,;713.620357,3.70753,;713.620357,3.75762,;713.620357,3.80774,;713.620357,3.85782,;713.620357,3.90791,;713.620357,3.95804,;713.620357,4.00817,;713.620357,4.05827,;713.620357,4.10837,;713.620357,4.15849,;713.620357,4.20858,;713.620357,4.25867,;713.620357,4.30872,;713.620357,4.35884,;713.620357,4.40892,;713.620357,4.45901,;444.906720,4.5091,;444.906720,4.55922,;444.906720,4.60932,;444.906720,4.65944,;444.906720,4.70953,;444.906720,4.75964,;444.906720,4.80973,;444.906720,4.85982,;444.906720,4.90991,;444.906720,4.96003,;444.906720,5.01015,;429.929647,5.06025,;429.929647,5.11034,;429.929647,5.16046,;429.929647,5.21058,;429.929647,5.26068,;429.929647,5.3108,;429.929647,5.36089,;429.929647,5.411,;429.929647,5.46109,;429.929647,5.51118,;429.929647,5.56127,;429.929647,5.61138,;429.929647,5.66147,;429.929647,5.71158,;429.929647,5.76166,;429.929647,5.81178,;426.904661,5.86186,;405.071439,5.91199,;405.071439,5.96207,;405.071439,6.01218,;405.071439,6.06231,;405.071439,6.11242,;405.071439,6.16254,;405.071439,6.21263,;405.071439,6.26276,;405.071439,6.31284,;405.071439,6.36296,;405.071439,6.41304,;405.071439,6.46315,;405.071439,6.51324,;405.071439,6.56337,;405.071439,6.61346,;405.071439,6.66359,;405.071439,6.7137,;405.071439,6.7638,;405.071439,6.8139,;405.071439,6.86398,;405.071439,6.91409,;405.071439,6.96418,;405.071439,7.01426,;405.071439,7.06434,;405.071439,7.11443,;405.071439,7.16452,;405.071439,7.21461,;405.071439,7.26466,;405.071439,7.31474,;401.446330,7.36483,;401.446330,7.4149,;401.446330,7.46498,;401.446330,7.51506,;401.446330,7.56514,;401.446330,7.61523,;401.446330,7.66533,;401.446330,7.71541,;401.446330,7.7655,;401.446330,7.81559,;401.446330,7.86574,;401.446330,7.91585,;401.446330,7.96594,;401.446330,8.01602,;401.446330,8.0661,;401.446330,8.11622,;401.446330,8.16631,;401.446330,8.21643,;401.446330,8.26653,;401.446330,8.31666,;401.446330,8.36678,;401.446330,8.41686,;401.446330,8.46698,;401.446330,8.51708,;401.446330,8.5672,;401.446330,8.61728,;401.446330,8.66736,;401.446330,8.71744,;401.446330,8.76756,;401.446330,8.81767,;401.446330,8.86778,;401.446330,8.91789,;401.446330,8.96801,;401.446330,9.01811,;401.446330,9.06822,;401.446330,9.1183,;401.446330,9.16838,;401.446330,9.21849,;401.446330,9.26861,;401.446330,9.31872,;401.446330,9.36879,;401.446330,9.41891,;401.446330,9.469,;401.446330,9.51909,;401.446330,9.56917,;401.446330,9.61928,;401.446330,9.66938,;401.446330,9.71949,;401.446330,9.76957,;401.446330,9.81969,;401.446330,9.8698,;401.446330,9.91991,;401.446330,9.97002,;401.446330,10.0201,;401.446330,10.0702,;
inf,0.0500573,;inf,0.10014,;inf,0.150269,;inf,0.200385,;706.764013,0.250465,;706.764013,0.300579,;706.764013,0.35065,;706.599833,0.400758,;706.599833,0.450841,;706.599833,0.500954,;706.599833,0.551015,;706.599833,0.601096,;706.599833,0.651178,;573.226796,0.701255,;566.297259,0.751359,;566.297259,0.80143,;566.297259,0.851538,;566.297259,0.901607,;566.297259,0.951686,;566.297259,1.00179,;566.297259,1.05187,;566.297259,1.10195,;566.297259,1.15205,;566.297259,1.20214,;553.916610,1.25222,;553.916610,1.3023,;553.916610,1.35239,;553.916610,1.4025,;553.916610,1.45261,;553.916610,1.50268,;553.916610,1.55279,;553.916610,1.60287,;553.916610,1.65298,;553.916610,1.70305,;553.916610,1.75316,;553.916610,1.80327,;553.916610,1.85338,;553.916610,1.90346,;553.916610,1.95354,;553.916610,2.00366,;553.916610,2.05376,;553.916610,2.10385,;553.916610,2.15393,;553.916610,2.20402,;553.916610,2.25411,;531.694298,2.30419,;531.694298,2.35427,;531.694298,2.40436,;531.694298,2.45445,;531.694298,2.50457,;531.694298,2.55466,;531.694298,2.60478,;531.694298,2.65489,;531.694298,2.70502,;531.694298,2.7551,;531.694298,2.8052,;531.694298,2.85528,;531.694298,2.90539,;531.694298,2.95547,;531.694298,3.00555,;531.694298,3.05563,;528.265668,3.10576,;528.265668,3.15583,;528.265668,3.20592,;528.265668,3.25602,;528.265668,3.30612,;528.265668,3.35621,;528.265668,3.40629,;528.265668,3.4564,;528.265668,3.50648,;528.265668,3.55655,;528.265668,3.60666,;528.265668,3.65674,;528.265668,3.70686,;528.265668,3.75698,;528.265668,3.80709,;528.265668,3.85717,;528.265668,3.90729,;528.265668,3.95736,;528.265668,4.00745,;528.265668,4.05753,;522.810533,4.10764,;522.810533,4.15775,;522.810533,4.20783,;522.810533,4.25791,;522.810533,4.308,;522.810533,4.35808,;522.810533,4.40816,;522.810533,4.45828,;522.810533,4.50839,;522.810533,4.55848,;522.810533,4.60857,;519.797501,4.65866,;519.797501,4.70877,;519.797501,4.75886,;519.797501,4.80897,;519.797501,4.85906,;519.797501,4.90917,;519.797501,4.95929,;519.797501,5.0094,;519.797501,5.05952,;519.797501,5.10963,;519.797501,5.15974,;519.797501,5.20983,;519.797501,5.25995,;519.797501,5.31004,;519.797501,5.36016,;519.797501,5.41023,;519.797501,5.46035,;519.797501,5.51044,;519.797501,5.56055,;519.797501,5.61064,;519.797501,5.66076,;519.797501,5.71087,;517.921401,5.76098,;517.921401,5.81109,;517.921401,5.8612,;517.921401,5.91129,;517.921401,5.96141,;517.921401,6.01153,;517.921401,6.0616,;517.921401,6.11172,;517.921401,6.16182,;517.921401,6.21195,;517.921401,6.26204,;515.143977,6.31216,;515.143977,6.36225,;515.143977,6.41237,;515.143977,6.46246,;515.143977,6.51259,;515.143977,6.56268,;515.143977,6.6128,;515.143977,6.66292,;515.143977,6.71304,;515.143977,6.76316,;515.143977,6.81328,;515.143977,6.8634,;515.143977,6.91351,;515.143977,6.9636,;509.320279,7.01369,;509.320279,7.06379,;509.320279,7.11387,;507.534668,7.16396,;507.534668,7.21406,;507.534668,7.26414,;507.534668,7.31423,;507.534668,7.36434,;507.534668,7.41444,;507.534668,7.46452,;507.534668,7.51461,;507.534668,7.56474,;507.534668,7.61485,;507.534668,7.66497,;507.534668,7.7151,;507.534668,7.76522,;507.534668,7.81534,;507.534668,7.86542,;507.534668,7.91554,;507.534668,7.96562,;507.534668,8.01574,;507.534668,8.06584,;507.534668,8.11593,;507.534668,8.16605,;507.534668,8.21616,;507.534668,8.26625,;507.534668,8.31637,;507.534668,8.36646,;507.534668,8.41659,;507.534668,8.4667,;507.534668,8.51681,;507.534668,8.56693,;507.534668,8.61705,;507.534668,8.66716,;507.534668,8.71728,;507.534668,8.7674,;507.534668,8.81748,;507.534668,8.86757,;507.534668,8.91765,;471.574551,8.96778,;471.574551,9.01788,;471.574551,9.06797,;455.094303,9.11805,;455.094303,9.16812,;455.094303,9.21824,;455.094303,9.26834,;448.073605,9.31843,;448.073605,9.3685,;448.073605,9.41859,;448.073605,9.46868,;448.073605,9.51876,;448.073605,9.56885,;448.073605,9.61894,;396.413324,9.66906,;396.413324,9.71913,;396.413324,9.76923,;396.413324,9.81934,;396.413324,9.8694,;396.413324,9.91948,;396.413324,9.96955,;396.413324,10.0197,;396.413324,10.0698,;
inf,0.0500911,;inf,0.100166,;inf,0.150283,;733.918928,0.200363,;733.918928,0.25046,;726.504939,0.300577,;726.504939,0.350673,;726.504939,0.40075,;677.735339,0.450856,;677.735339,0.500949,;677.735339,0.551061,;677.735339,0.601133,;677.735339,0.651248,;677.735339,0.701339,;677.735339,0.751455,;677.735339,0.801569,;677.735339,0.851683,;677.735339,0.901804,;651.577417,0.951899,;651.577417,1.00199,;651.577417,1.05211,;651.577417,1.10219,;651.577417,1.15229,;651.577417,1.2024,;651.577417,1.25249,;651.577417,1.30261,;651.577417,1.35269,;651.577417,1.4028,;651.577417,1.45291,;651.577417,1.50303,;651.577417,1.5531,;651.577417,1.60323,;641.718245,1.65331,;641.718245,1.70341,;641.718245,1.75349,;641.718245,1.80361,;641.718245,1.85371,;641.718245,1.90382,;641.718245,1.95395,;641.718245,2.00406,;641.718245,2.05414,;641.718245,2.10424,;641.718245,2.15434,;641.718245,2.20442,;622.437469,2.25453,;622.437469,2.30465,;622.437469,2.35477,;622.437469,2.40485,;563.787591,2.45497,;563.787591,2.50505,;563.710039,2.55517,;563.710039,2.60527,;563.710039,2.65539,;563.710039,2.7055,;563.710039,2.75561,;563.710039,2.8057,;563.710039,2.85582,;563.710039,2.90595,;563.710039,2.95603,;563.710039,3.00615,;563.710039,3.05626,;563.710039,3.10637,;563.710039,3.15649,;563.710039,3.20661,;563.710039,3.25665,;563.710039,3.30677,;563.710039,3.35685,;563.710039,3.40697,;563.710039,3.45707,;563.710039,3.50715,;563.710039,3.55724,;563.710039,3.60735,;563.616085,3.65744,;563.616085,3.70752,;563.616085,3.75763,;563.616085,3.80772,;563.616085,3.85782,;563.616085,3.9079,;563.616085,3.95802,;563.616085,4.00811,;563.616085,4.0582,;563.616085,4.1083,;563.616085,4.15842,;563.616085,4.20852,;563.616085,4.25861,;563.616085,4.3087,;563.616085,4.35878,;563.616085,4.40886,;563.616085,4.45895,;563.616085,4.50905,;563.616085,4.55914,;563.616085,4.60922,;563.616085,4.65935,;563.616085,4.70945,;563.616085,4.75957,;563.616085,4.80967,;563.616085,4.8598,;563.616085,4.9099,;563.616085,4.95999,;563.616085,5.01011,;563.616085,5.06022,;561.186360,5.11032,;561.186360,5.16041,;561.186360,5.21053,;561.186360,5.26065,;561.186360,5.31076,;561.186360,5.36084,;561.186360,5.41096,;561.186360,5.46105,;561.186360,5.51118,;561.186360,5.56129,;561.186360,5.6114,;561.186360,5.66149,;561.186360,5.71161,;561.186360,5.7617,;561.186360,5.81183,;561.186360,5.86193,;561.186360,5.91202,;561.186360,5.96212,;561.186360,6.01219,;561.186360,6.06227,;561.186360,6.11239,;561.186360,6.16248,;561.186360,6.21259,;561.186360,6.2627,;561.186360,6.31278,;561.186360,6.36289,;561.186360,6.413,;418.137624,6.46309,;418.137624,6.51318,;418.137624,6.56326,;418.137624,6.61335,;418.137624,6.66344,;418.137624,6.71354,;418.137624,6.76366,;418.137624,6.81377,;418.137624,6.86385,;418.137624,6.91397,;418.137624,6.96408,;418.137624,7.01417,;418.137624,7.06428,;418.137624,7.11436,;418.137624,7.16445,;418.137624,7.21458,;418.137624,7.26465,;418.137624,7.31476,;410.606658,7.36484,;410.606658,7.41495,;410.606658,7.46504,;410.606658,7.51515,;410.606658,7.56526,;410.606658,7.61537,;400.629152,7.66545,;400.629152,7.71557,;400.629152,7.76568,;400.629152,7.81579,;400.629152,7.86588,;400.629152,7.91601,;400.629152,7.96608,;400.629152,8.01617,;390.372695,8.06626,;390.372695,8.11635,;390.372695,8.16643,;390.372695,8.21651,;390.372695,8.26664,;390.372695,8.31671,;390.372695,8.36682,;390.372695,8.4169,;390.372695,8.46701,;390.372695,8.5171,;390.372695,8.56718,;390.372695,8.61728,;390.372695,8.66741,;390.372695,8.7175,;390.372695,8.76761,;390.372695,8.8177,;390.372695,8.86781,;390.372695,8.91792,;390.372695,8.96808,;390.372695,9.01818,;390.372695,9.06828,;390.372695,9.11839,;390.372695,9.1685,;390.372695,9.21857,;390.372695,9.26864,;390.372695,9.31871,;390.372695,9.36879,;390.372695,9.41886,;390.372695,9.46894,;390.372695,9.51905,;390.372695,9.56913,;390.372695,9.61921,;390.372695,9.66929,;390.372695,9.7194,;390.372695,9.76948,;390.372695,9.8196,;390.372695,9.86968,;390.372695,9.91976,;390.372695,9.96984,;390.372695,10.02,;390.372695,10.07,;
508.585253,0.0500659,;508.585253,0.100152,;508.585253,0.150266,;508.585253,0.200349,;508.585253,0.250427,;508.585253,0.300505,;508.585253,0.350618,;508.585253,0.400697,;508.585253,0.45078,;508.585253,0.500858,;508.585253,0.550933,;508.585253,0.601037,;504.777633,0.651146,;504.777633,0.701231,;504.777633,0.751399,;504.777633,0.801505,;504.777633,0.851625,;504.777633,0.901707,;504.777633,0.951793,;504.777633,1.00187,;504.777633,1.05195,;504.777633,1.10204,;504.594669,1.15212,;504.594669,1.20221,;504.594669,1.2523,;504.594669,1.30238,;504.594669,1.35246,;504.594669,1.40254,;503.307279,1.45263,;503.307279,1.5027,;503.307279,1.55278,;503.307279,1.60286,;503.307279,1.65294,;499.991759,1.70303,;499.991759,1.75311,;499.991759,1.80318,;499.991759,1.85327,;499.991759,1.90333,;499.991759,1.9534,;499.991759,2.00347,;499.991759,2.05354,;499.991759,2.10363,;485.033267,2.15374,;485.033267,2.20382,;485.033267,2.25391,;485.033267,2.30398,;485.033267,2.35411,;485.033267,2.40419,;485.033267,2.45428,;485.033267,2.50439,;485.033267,2.5545,;485.033267,2.60458,;485.033267,2.65467,;485.033267,2.70476,;485.033267,2.75488,;485.033267,2.80497,;485.033267,2.85506,;485.033267,2.90517,;485.033267,2.95528,;485.033267,3.00539,;485.033267,3.05551,;485.033267,3.10562,;485.033267,3.1557,;485.033267,3.20582,;485.033267,3.25591,;485.033267,3.30602,;485.033267,3.35611,;485.033267,3.40622,;485.033267,3.45633,;485.033267,3.50644,;485.033267,3.55655,;474.088882,3.60666,;474.088882,3.65676,;474.088882,3.70687,;474.088882,3.75696,;474.088882,3.80705,;474.088882,3.85716,;474.088882,3.90727,;474.088882,3.95739,;474.088882,4.00746,;474.088882,4.05757,;474.088882,4.10764,;474.088882,4.15776,;474.088882,4.20785,;474.088882,4.25796,;474.088882,4.30805,;474.088882,4.35816,;474.088882,4.40826,;462.165366,4.45836,;462.165366,4.50845,;462.165366,4.55856,;462.165366,4.60866,;462.165366,4.65877,;462.165366,4.70888,;462.165366,4.75896,;462.165366,4.80907,;462.165366,4.85918,;462.165366,4.9093,;462.165366,4.95941,;462.165366,5.00953,;462.165366,5.0596,;454.720201,5.10973,;454.720201,5.15984,;454.720201,5.20992,;454.720201,5.26001,;454.720201,5.31012,;454.720201,5.3602,;454.720201,5.41032,;454.720201,5.46043,;454.720201,5.51054,;454.720201,5.56066,;454.720201,5.61073,;454.720201,5.66081,;454.720201,5.7109,;454.720201,5.76102,;454.720201,5.81111,;454.720201,5.8612,;454.720201,5.91128,;454.720201,5.96145,;454.720201,6.01153,;454.720201,6.06164,;454.720201,6.11172,;454.720201,6.1618,;454.720201,6.21189,;454.720201,6.26199,;454.720201,6.31207,;454.720201,6.36215,;454.720201,6.41227,;454.720201,6.46238,;454.720201,6.51249,;449.980984,6.56259,;449.980984,6.61267,;449.980984,6.66277,;437.754905,6.71289,;437.754905,6.76296,;437.754905,6.81304,;437.754905,6.86313,;437.754905,6.91322,;437.754905,6.96333,;437.754905,7.01341,;437.754905,7.0635,;437.754905,7.11358,;437.754905,7.16372,;415.963839,7.21379,;415.963839,7.26388,;415.963839,7.31398,;415.963839,7.36405,;415.963839,7.41413,;415.963839,7.4642,;415.963839,7.51429,;415.963839,7.56437,;411.300093,7.61449,;411.300093,7.66458,;411.300093,7.71466,;411.300093,7.76475,;411.300093,7.81483,;411.300093,7.86491,;411.300093,7.91499,;411.300093,7.96508,;411.300093,8.01516,;411.300093,8.06524,;411.300093,8.11532,;411.300093,8.16541,;411.300093,8.2155,;411.300093,8.26558,;411.300093,8.31567,;411.300093,8.36584,;411.300093,8.41591,;411.300093,8.46602,;411.300093,8.51611,;411.300093,8.56622,;411.300093,8.61631,;411.300093,8.66642,;411.300093,8.71654,;405.591696,8.76665,;405.591696,8.81676,;405.591696,8.86685,;405.591696,8.91696,;405.591696,8.96707,;405.591696,9.01718,;405.591696,9.06731,;405.591696,9.11742,;405.267501,9.16749,;405.267501,9.21761,;405.267501,9.26773,;405.267501,9.31785,;405.267501,9.36796,;405.267501,9.41807,;405.267501,9.46819,;405.267501,9.5183,;405.267501,9.56838,;405.267501,9.61847,;405.267501,9.66855,;405.267501,9.71864,;405.267501,9.76876,;405.267501,9.81888,;405.267501,9.86899,;405.267501,9.91909,;405.267501,9.96917,;405.267501,10.0193,;405.267501,10.0694,;
inf,0.0500664,;inf,0.100186,;inf,0.150263,;597.901581,0.200343,;597.901581,0.250428,;597.901581,0.300515,;597.901581,0.350592,;597.901581,0.400699,;597.901581,0.450791,;597.901581,0.500882,;597.901581,0.550969,;597.901581,0.601066,;564.531424,0.651173,;564.531424,0.701261,;564.531424,0.751377,;564.531424,0.801488,;545.528974,0.8516,;545.528974,0.901673,;545.528974,0.951786,;545.528974,1.00186,;545.528974,1.05198,;545.528974,1.10205,;545.528974,1.15213,;545.528974,1.20222,;545.528974,1.25233,;545.528974,1.3024,;545.528974,1.35251,;545.528974,1.4026,;545.528974,1.45271,;545.528974,1.5028,;545.528974,1.55291,;545.528974,1.60299,;545.528974,1.6531,;527.041651,1.70319,;527.041651,1.75331,;527.041651,1.8034,;527.041651,1.85353,;527.041651,1.90364,;516.624949,1.95371,;516.624949,2.0038,;516.624949,2.05388,;516.624949,2.10401,;516.624949,2.15411,;516.624949,2.20422,;516.624949,2.25432,;516.624949,2.30443,;516.624949,2.35452,;516.624949,2.40464,;516.624949,2.45472,;516.624949,2.50481,;516.624949,2.55491,;516.624949,2.60499,;516.624949,2.65508,;516.624949,2.70517,;492.828928,2.75533,;492.828928,2.80544,;492.828928,2.85556,;492.828928,2.90564,;492.828928,2.95576,;492.828928,3.00589,;492.828928,3.05599,;492.828928,3.1061,;492.828928,3.1562,;492.828928,3.20629,;492.828928,3.25642,;492.828928,3.30651,;492.828928,3.35661,;492.828928,3.40669,;492.828928,3.45677,;492.828928,3.50684,;492.828928,3.55692,;492.828928,3.60701,;492.828928,3.65711,;492.828928,3.70721,;492.828928,3.75731,;492.828928,3.80743,;492.828928,3.8575,;492.828928,3.90759,;492.828928,3.95768,;492.828928,4.00777,;492.828928,4.05785,;492.828928,4.10794,;492.828928,4.15802,;492.828928,4.20812,;492.828928,4.2582,;491.749828,4.30828,;491.749828,4.35836,;491.749828,4.40848,;491.749828,4.45859,;491.749828,4.50871,;491.749828,4.55882,;491.749828,4.60893,;434.157970,4.65905,;434.157970,4.70916,;434.157970,4.75928,;434.157970,4.80941,;434.157970,4.85949,;434.157970,4.90963,;434.157970,4.95971,;434.157970,5.00978,;434.157970,5.0599,;434.157970,5.10998,;434.157970,5.16011,;434.157970,5.21019,;434.157970,5.26033,;434.157970,5.31042,;434.157970,5.3605,;434.157970,5.41058,;434.157970,5.46075,;434.157970,5.51083,;434.157970,5.5609,;434.157970,5.61098,;434.157970,5.6611,;430.273388,5.71122,;430.273388,5.76132,;430.273388,5.81144,;430.273388,5.86153,;430.273388,5.91162,;430.273388,5.96171,;430.273388,6.01179,;430.273388,6.06188,;430.273388,6.11198,;430.273388,6.16206,;430.273388,6.21218,;430.273388,6.26227,;430.273388,6.31235,;430.273388,6.36244,;430.273388,6.41253,;430.273388,6.46262,;430.273388,6.51274,;430.273388,6.56282,;430.273388,6.61291,;430.273388,6.663,;430.273388,6.71309,;430.273388,6.76318,;430.273388,6.81331,;430.273388,6.86338,;430.273388,6.91349,;430.273388,6.96358,;430.273388,7.01367,;430.273388,7.06375,;430.273388,7.11387,;424.174829,7.16396,;424.174829,7.21405,;424.174829,7.26417,;424.174829,7.31427,;424.174829,7.3644,;424.174829,7.41449,;424.174829,7.46461,;424.174829,7.5147,;424.174829,7.56479,;424.174829,7.61489,;424.174829,7.66501,;424.174829,7.7151,;424.174829,7.76519,;424.174829,7.8153,;423.105821,7.8654,;423.105821,7.91552,;423.105821,7.96563,;419.976352,8.01572,;419.976352,8.0658,;419.976352,8.11592,;419.976352,8.16601,;419.976352,8.21611,;419.976352,8.26621,;419.976352,8.31632,;419.976352,8.36641,;419.976352,8.41653,;419.976352,8.46667,;419.976352,8.51677,;393.874067,8.56686,;393.874067,8.61698,;393.874067,8.66707,;393.874067,8.71718,;393.874067,8.76727,;393.874067,8.81738,;393.874067,8.86746,;393.874067,8.91753,;393.874067,8.96761,;393.874067,9.01769,;393.874067,9.06782,;393.874067,9.1179,;393.874067,9.16799,;393.874067,9.21809,;393.874067,9.2682,;393.874067,9.31828,;393.874067,9.36836,;393.874067,9.41843,;393.874067,9.46854,;393.874067,9.51862,;393.874067,9.56869,;393.874067,9.61876,;393.874067,9.66888,;393.874067,9.71899,;393.874067,9.7691,;393.874067,9.81921,;393.874067,9.8693,;393.874067,9.91942,;393.874067,9.96953,;393.874067,10.0196,;393.874067,10.0697,;
inf,0.0500945,;582.526647,0.100202,;582.526647,0.150312,;582.526647,0.200386,;582.526647,0.250493,;582.526647,0.300583,;582.526647,0.350665,;582.526647,0.400757,;582.526647,0.450848,;540.845211,0.500963,;540.845211,0.551072,;540.845211,0.601185,;540.845211,0.651266,;540.845211,0.701342,;540.845211,0.751452,;536.368672,0.801535,;536.368672,0.851654,;536.368672,0.901754,;534.656497,0.951838,;534.656497,1.00195,;534.656497,1.05204,;534.656497,1.10213,;524.937049,1.15218,;524.937049,1.20227,;524.937049,1.25235,;524.937049,1.30242,;524.937049,1.35249,;524.937049,1.40256,;524.937049,1.45264,;524.937049,1.50272,;524.937049,1.55279,;524.937049,1.60286,;524.937049,1.65293,;524.937049,1.70302,;524.937049,1.75313,;524.937049,1.80322,;524.937049,1.85334,;524.937049,1.90346,;523.121544,1.95353,;523.121544,2.0036,;523.121544,2.0537,;523.121544,2.10382,;523.121544,2.1539,;523.121544,2.20398,;523.121544,2.25406,;523.121544,2.30418,;520.830622,2.3543,;520.830622,2.40437,;520.830622,2.45449,;520.830622,2.50458,;520.830622,2.55466,;520.830622,2.60475,;520.830622,2.65486,;520.830622,2.70495,;520.830622,2.75508,;520.830622,2.80522,;520.830622,2.85533,;520.830622,2.90542,;520.830622,2.95554,;520.830622,3.00561,;520.830622,3.05571,;520.830622,3.10583,;520.830622,3.15592,;520.830622,3.20604,;517.950480,3.25615,;517.950480,3.30626,;517.950480,3.35637,;517.950480,3.40648,;516.418547,3.45657,;516.418547,3.50666,;516.418547,3.55674,;516.418547,3.60682,;516.418547,3.6569,;510.721021,3.70697,;510.721021,3.75705,;510.721021,3.80713,;510.721021,3.85722,;510.721021,3.90729,;510.721021,3.95738,;510.721021,4.00749,;510.721021,4.05758,;510.721021,4.10768,;510.721021,4.1578,;508.042624,4.20788,;508.042624,4.258,;508.042624,4.30808,;508.042624,4.35817,;508.042624,4.40824,;508.042624,4.45835,;508.042624,4.50843,;508.042624,4.55851,;508.042624,4.60859,;504.217166,4.65868,;504.217166,4.70877,;504.217166,4.75885,;504.217166,4.80898,;504.217166,4.85909,;504.217166,4.90921,;504.217166,4.95932,;504.217166,5.00941,;501.560433,5.05954,;501.560433,5.10964,;501.560433,5.15972,;501.560433,5.2098,;501.560433,5.25991,;501.560433,5.31003,;501.560433,5.36015,;501.560433,5.41027,;501.560433,5.46034,;501.560433,5.51046,;501.560433,5.56056,;501.560433,5.61063,;501.560433,5.66072,;501.560433,5.71082,;501.560433,5.7609,;501.560433,5.81099,;501.560433,5.86107,;501.560433,5.91115,;496.293677,5.96123,;496.293677,6.0113,;496.293677,6.06138,;496.293677,6.11146,;496.293677,6.16153,;496.293677,6.2116,;496.293677,6.26168,;496.293677,6.31176,;496.293677,6.36183,;496.293677,6.41191,;496.293677,6.46198,;496.293677,6.51206,;496.293677,6.56213,;496.293677,6.61218,;496.293677,6.66225,;496.293677,6.71233,;496.293677,6.76241,;496.293677,6.81248,;496.293677,6.86255,;496.293677,6.91264,;496.293677,6.96275,;496.293677,7.01285,;496.293677,7.06294,;496.293677,7.11302,;496.293677,7.16309,;496.293677,7.21317,;496.293677,7.26324,;496.293677,7.31331,;496.293677,7.36339,;496.293677,7.41346,;496.293677,7.46355,;496.242865,7.51362,;496.242865,7.56369,;496.242865,7.61377,;496.242865,7.66384,;496.242865,7.71392,;496.242865,7.76399,;496.242865,7.81407,;496.242865,7.86414,;496.242865,7.91422,;496.242865,7.9643,;496.242865,8.01439,;496.242865,8.06447,;483.400963,8.11455,;483.400963,8.16463,;483.400963,8.21471,;483.400963,8.26478,;483.400963,8.31485,;400.511697,8.36493,;400.511697,8.41502,;400.511697,8.46511,;400.511697,8.5152,;400.511697,8.56529,;400.511697,8.6154,;390.168596,8.66549,;390.168596,8.71561,;390.168596,8.76571,;371.377104,8.81579,;371.377104,8.86588,;371.377104,8.91598,;371.377104,8.96606,;371.377104,9.01615,;371.377104,9.06626,;371.377104,9.11634,;371.377104,9.16642,;371.377104,9.21651,;371.377104,9.2666,;371.377104,9.31667,;371.377104,9.36677,;371.377104,9.41686,;371.377104,9.46695,;371.377104,9.51704,;358.924354,9.56713,;358.924354,9.61722,;358.924354,9.66731,;358.924354,9.7174,;358.924354,9.76748,;358.924354,9.81757,;358.924354,9.86766,;358.924354,9.91775,;358.924354,9.96784,;358.924354,10.0179,;353.755764,10.068,;
inf,0.0500765,;inf,0.100188,;inf,0.150268,;660.570461,0.200393,;660.570461,0.250478,;660.570461,0.300563,;660.570461,0.350652,;660.570461,0.400764,;660.570461,0.450877,;660.570461,0.500988,;660.570461,0.5511,;660.570461,0.601209,;660.570461,0.651325,;660.570461,0.701446,;660.570461,0.751562,;660.570461,0.801637,;660.570461,0.851768,;660.570461,0.901884,;660.570461,0.952007,;660.570461,1.00212,;660.570461,1.05223,;581.768216,1.10236,;581.768216,1.15247,;581.768216,1.20258,;581.768216,1.2527,;581.768216,1.30278,;581.768216,1.35287,;581.768216,1.403,;581.768216,1.45312,;581.768216,1.50325,;581.768216,1.55336,;581.768216,1.60348,;581.768216,1.65356,;581.768216,1.70367,;581.768216,1.7538,;581.768216,1.80392,;581.768216,1.85402,;581.768216,1.90414,;581.768216,1.95422,;581.768216,2.00435,;581.768216,2.05447,;581.768216,2.10463,;581.768216,2.15472,;567.047377,2.20484,;567.047377,2.25494,;567.047377,2.30505,;567.047377,2.35514,;565.694705,2.40527,;565.694705,2.4554,;565.694705,2.50546,;565.694705,2.55559,;565.694705,2.60567,;565.694705,2.65576,;565.694705,2.70585,;565.694705,2.75594,;565.694705,2.80606,;565.694705,2.85615,;565.694705,2.90623,;565.694705,2.95633,;565.694705,3.00644,;565.694705,3.05656,;565.694705,3.10665,;565.694705,3.15674,;565.694705,3.20684,;564.891895,3.25696,;564.891895,3.30709,;564.891895,3.35722,;564.891895,3.40736,;564.891895,3.4575,;564.891895,3.50762,;564.891895,3.55769,;564.891895,3.60781,;564.891895,3.6579,;564.891895,3.708,;564.891895,3.75808,;564.891895,3.8082,;564.891895,3.85832,;560.180132,3.9084,;560.180132,3.95853,;560.180132,4.00864,;560.180132,4.05875,;560.180132,4.10883,;560.180132,4.15895,;560.180132,4.20903,;560.180132,4.25915,;560.180132,4.30924,;560.180132,4.35936,;560.180132,4.4095,;510.523580,4.45962,;510.523580,4.5097,;510.523580,4.55982,;510.523580,4.60991,;510.523580,4.66003,;510.523580,4.71011,;510.523580,4.76023,;510.523580,4.81036,;510.523580,4.86048,;510.523580,4.91061,;510.523580,4.9607,;510.523580,5.01082,;510.523580,5.06093,;510.523580,5.11101,;510.523580,5.16113,;510.523580,5.21126,;438.577236,5.26138,;436.522415,5.31145,;436.522415,5.36149,;436.522415,5.41161,;436.522415,5.46169,;430.481187,5.51181,;430.481187,5.56189,;430.481187,5.61199,;430.481187,5.66208,;430.481187,5.71221,;430.481187,5.7623,;430.481187,5.81243,;430.481187,5.86252,;430.481187,5.91261,;430.481187,5.96274,;430.481187,6.01283,;430.481187,6.06297,;430.481187,6.11307,;430.481187,6.16317,;430.481187,6.21327,;430.481187,6.26337,;430.481187,6.31344,;430.481187,6.36354,;430.481187,6.41365,;430.481187,6.46375,;430.481187,6.51384,;413.120156,6.56393,;413.120156,6.61402,;413.120156,6.6641,;413.120156,6.71419,;413.120156,6.76429,;413.120156,6.81437,;413.120156,6.86446,;413.120156,6.91454,;411.182448,6.96463,;411.182448,7.01471,;411.182448,7.06479,;411.182448,7.11487,;411.182448,7.16496,;411.182448,7.21505,;411.182448,7.26514,;411.182448,7.31522,;411.182448,7.36531,;404.955358,7.41541,;404.955358,7.46546,;404.955358,7.51555,;404.955358,7.56563,;404.955358,7.61572,;404.955358,7.66582,;404.955358,7.71591,;404.955358,7.766,;404.955358,7.81608,;404.955358,7.86616,;404.955358,7.91624,;404.955358,7.96633,;404.955358,8.01638,;404.955358,8.06648,;404.955358,8.1166,;404.955358,8.16668,;404.955358,8.21678,;404.955358,8.26687,;404.955358,8.31698,;404.955358,8.36708,;404.955358,8.41718,;404.955358,8.46726,;390.881929,8.51736,;390.881929,8.56745,;390.881929,8.61753,;390.881929,8.66761,;390.881929,8.71768,;390.881929,8.76777,;390.881929,8.81787,;390.881929,8.86797,;390.881929,8.91806,;390.881929,8.96815,;390.881929,9.01825,;390.881929,9.06834,;390.881929,9.11843,;390.881929,9.16853,;390.881929,9.21863,;390.881929,9.26872,;390.881929,9.31882,;390.881929,9.36891,;390.881929,9.41902,;390.881929,9.46911,;390.881929,9.51919,;390.881929,9.56928,;390.881929,9.6194,;390.881929,9.66945,;390.881929,9.71959,;390.881929,9.76967,;390.881929,9.8198,;390.881929,9.8699,;390.881929,9.92002,;390.881929,9.9701,;390.881929,10.0202,;
inf,0.0501417,;553.880656,0.100228,;546.428416,0.150344,;520.817122,0.200424,;520.817122,0.250511,;520.817122,0.300629,;520.817122,0.350709,;520.817122,0.400792,;520.817122,0.450891,;520.817122,0.500983,;520.817122,0.551077,;517.685674,0.601195,;517.685674,0.651281,;507.913652,0.701393,;507.913652,0.751466,;507.913652,0.80155,;507.913652,0.851633,;507.913652,0.901749,;507.913652,0.951823,;507.913652,1.00191,;507.913652,1.05198,;507.913652,1.10211,;507.913652,1.1522,;507.913652,1.20228,;507.913652,1.25237,;507.913652,1.30248,;507.913652,1.35257,;507.913652,1.4027,;507.913652,1.4528,;507.913652,1.50291,;507.913652,1.553,;507.913652,1.60311,;507.913652,1.65322,;507.913652,1.70333,;507.913652,1.75344,;507.913652,1.80356,;507.913652,1.85367,;507.913652,1.90375,;507.913652,1.95384,;507.913652,2.00393,;504.058363,2.05404,;504.058363,2.10413,;504.058363,2.15422,;504.058363,2.20433,;504.058363,2.2545,;504.058363,2.30459,;504.058363,2.3547,;504.058363,2.40481,;489.427433,2.45492,;489.427433,2.50501,;489.427433,2.55511,;489.427433,2.60521,;489.427433,2.65533,;489.427433,2.70545,;479.685499,2.75554,;479.685499,2.80562,;479.685499,2.85574,;479.685499,2.90582,;471.775625,2.9559,;471.775625,3.00601,;471.775625,3.0561,;471.775625,3.10619,;471.775625,3.15626,;471.775625,3.20635,;471.775625,3.25643,;453.926437,3.30651,;453.926437,3.35658,;453.926437,3.40666,;453.926437,3.45676,;453.926437,3.50685,;453.926437,3.55694,;453.926437,3.60703,;453.926437,3.65712,;453.926437,3.70724,;453.926437,3.75733,;427.383755,3.80745,;427.383755,3.85754,;394.682214,3.90759,;394.682214,3.9577,;394.682214,4.00773,;394.682214,4.05784,;394.682214,4.10792,;394.682214,4.15802,;394.682214,4.20811,;394.682214,4.25823,;394.682214,4.30832,;394.682214,4.35843,;394.682214,4.4085,;394.682214,4.45858,;394.682214,4.50867,;394.682214,4.55875,;394.682214,4.60882,;394.682214,4.6589,;394.682214,4.70901,;394.682214,4.75912,;394.682214,4.8092,;394.682214,4.85929,;394.682214,4.90936,;394.682214,4.95945,;394.682214,5.00957,;394.682214,5.05967,;394.682214,5.10975,;394.682214,5.15982,;394.682214,5.2099,;394.682214,5.25998,;394.682214,5.31006,;394.682214,5.36013,;394.682214,5.41022,;394.682214,5.46031,;394.682214,5.5104,;394.682214,5.56049,;394.682214,5.61058,;394.682214,5.66072,;394.682214,5.71087,;394.682214,5.76096,;394.682214,5.81106,;394.682214,5.86118,;394.682214,5.91129,;394.682214,5.9614,;394.682214,6.01152,;394.682214,6.06164,;394.682214,6.11176,;394.682214,6.16188,;394.682214,6.21196,;394.682214,6.26204,;394.682214,6.31215,;394.682214,6.36227,;394.682214,6.41238,;394.682214,6.4625,;394.682214,6.51259,;394.682214,6.56267,;394.682214,6.61276,;394.682214,6.66284,;394.682214,6.71293,;394.682214,6.76302,;394.682214,6.81312,;394.682214,6.86327,;394.682214,6.91338,;394.682214,6.9635,;394.682214,7.01361,;394.682214,7.06369,;394.682214,7.11376,;394.682214,7.16384,;394.682214,7.21393,;394.682214,7.26401,;394.682214,7.31409,;394.682214,7.36422,;394.682214,7.4143,;394.682214,7.4644,;394.682214,7.51451,;394.682214,7.56461,;394.682214,7.61474,;394.682214,7.66483,;394.682214,7.71492,;394.682214,7.76504,;394.682214,7.81515,;394.682214,7.86527,;394.682214,7.91535,;394.682214,7.96545,;394.682214,8.01554,;394.682214,8.06566,;394.682214,8.11573,;394.682214,8.16581,;394.682214,8.2159,;394.682214,8.26596,;394.682214,8.31605,;394.682214,8.36614,;394.682214,8.41623,;394.682214,8.4664,;394.682214,8.5165,;394.682214,8.56661,;394.682214,8.6167,;394.682214,8.66678,;394.682214,8.7169,;394.682214,8.76699,;394.682214,8.81708,;394.682214,8.86718,;394.682214,8.91725,;394.682214,8.96734,;394.682214,9.01744,;394.682214,9.06753,;394.682214,9.11762,;394.682214,9.16773,;394.682214,9.21782,;394.682214,9.2679,;394.682214,9.31799,;394.682214,9.36808,;394.682214,9.41818,;394.682214,9.46828,;394.682214,9.51837,;394.682214,9.56846,;394.682214,9.61858,;394.682214,9.66867,;394.682214,9.71876,;394.682214,9.76885,;394.682214,9.81894,;394.682214,9.86907,;394.682214,9.91918,;394.682214,9.96927,;394.682214,10.0194,;
inf,0.0500957,;inf,0.100186,;inf,0.150267,;inf,0.200368,;inf,0.250478,;683.842540,0.300582,;683.842540,0.350691,;683.842540,0.400769,;683.842540,0.450877,;660.411955,0.500985,;580.578339,0.551089,;580.578339,0.601196,;580.578339,0.651307,;580.578339,0.701381,;580.578339,0.751498,;578.744646,0.801609,;578.744646,0.851679,;578.744646,0.90179,;578.744646,0.951871,;578.744646,1.00197,;578.744646,1.05207,;578.744646,1.10219,;578.744646,1.15228,;578.744646,1.20237,;578.744646,1.25249,;578.744646,1.30257,;578.744646,1.3527,;578.744646,1.40282,;578.744646,1.4529,;519.841671,1.50301,;519.841671,1.55312,;519.841671,1.60324,;519.841671,1.65332,;519.841671,1.7034,;519.841671,1.75355,;519.841671,1.80362,;519.841671,1.85371,;519.841671,1.90381,;519.841671,1.95392,;519.841671,2.00401,;519.841671,2.0541,;519.841671,2.10423,;519.841671,2.15434,;519.841671,2.20444,;519.841671,2.25457,;519.841671,2.30468,;519.841671,2.35479,;519.841671,2.40491,;519.841671,2.45502,;519.841671,2.50513,;519.841671,2.55525,;519.841671,2.60536,;519.841671,2.65548,;519.841671,2.7056,;519.841671,2.75571,;519.830803,2.80582,;519.830803,2.85594,;519.830803,2.90605,;519.830803,2.95616,;519.830803,3.00627,;519.830803,3.05638,;519.830803,3.10649,;519.830803,3.15658,;519.830803,3.20671,;519.830803,3.2568,;519.830803,3.30692,;519.830803,3.35703,;519.830803,3.40711,;519.830803,3.45718,;519.830803,3.50729,;519.830803,3.55738,;519.830803,3.60746,;519.830803,3.65756,;519.830803,3.70763,;519.830803,3.75772,;519.830803,3.80782,;519.830803,3.85792,;519.830803,3.908,;519.830803,3.95813,;519.830803,4.00822,;519.830803,4.05833,;519.830803,4.10844,;519.830803,4.15851,;519.830803,4.20859,;519.830803,4.25868,;519.830803,4.30875,;519.830803,4.35885,;519.830803,4.40893,;519.830803,4.45903,;519.830803,4.5091,;519.830803,4.55921,;519.830803,4.60932,;519.830803,4.65943,;519.830803,4.70954,;519.830803,4.75962,;519.830803,4.80974,;519.830803,4.85981,;519.830803,4.90994,;519.830803,4.96001,;519.830803,5.01013,;519.830803,5.06022,;519.830803,5.11031,;519.830803,5.16039,;519.830803,5.21051,;519.830803,5.2606,;519.830803,5.31068,;519.830803,5.36079,;519.830803,5.4109,;519.830803,5.46099,;519.830803,5.51112,;519.830803,5.56123,;519.830803,5.61134,;363.871426,5.66145,;363.871426,5.71153,;363.871426,5.76161,;363.871426,5.81169,;363.871426,5.86177,;363.871426,5.91185,;363.871426,5.96195,;363.871426,6.01204,;363.871426,6.06217,;363.871426,6.11229,;363.871426,6.16241,;363.871426,6.2125,;363.871426,6.26266,;363.871426,6.31274,;363.871426,6.36285,;363.871426,6.41295,;363.871426,6.46306,;363.871426,6.51316,;363.871426,6.56325,;363.871426,6.61333,;363.871426,6.66344,;363.871426,6.71354,;363.871426,6.76362,;363.871426,6.81369,;363.871426,6.86378,;363.871426,6.91389,;363.871426,6.96398,;363.871426,7.01407,;363.871426,7.06417,;363.871426,7.11426,;363.871426,7.16436,;363.871426,7.21446,;363.871426,7.26454,;363.871426,7.31463,;363.871426,7.36473,;363.871426,7.41488,;363.871426,7.46497,;363.871426,7.51505,;363.871426,7.56517,;363.871426,7.61529,;363.871426,7.66541,;363.871426,7.71549,;363.871426,7.76557,;363.871426,7.81565,;363.871426,7.86577,;363.871426,7.91585,;363.871426,7.96597,;363.871426,8.01606,;363.871426,8.06616,;363.871426,8.11626,;363.871426,8.16636,;363.871426,8.21644,;363.871426,8.26656,;363.871426,8.31666,;363.871426,8.36675,;363.871426,8.41686,;363.871426,8.46694,;363.871426,8.51703,;363.871426,8.56713,;357.239850,8.61721,;357.239850,8.66729,;357.239850,8.71741,;357.239850,8.7675,;357.239850,8.81761,;357.239850,8.86769,;357.239850,8.9178,;357.239850,8.96788,;357.239850,9.018,;357.239850,9.06809,;357.239850,9.11821,;357.239850,9.1683,;357.239850,9.21842,;357.239850,9.26851,;357.239850,9.31861,;357.239850,9.3687,;357.239850,9.41879,;357.239850,9.46888,;357.239850,9.51897,;357.239850,9.56909,;357.239850,9.6192,;357.239850,9.66932,;357.239850,9.71941,;357.239850,9.76952,;357.239850,9.81963,;357.239850,9.86974,;357.239850,9.91984,;357.239850,9.96993,;357.239850,10.02,;
618.271738,0.0500663,;618.271738,0.100146,;618.271738,0.150228,;618.271738,0.200316,;618.271738,0.250431,;545.080167,0.300542,;545.080167,0.350667,;545.080167,0.400794,;545.080167,0.450906,;530.165676,0.500982,;530.165676,0.551076,;512.037648,0.60116,;512.037648,0.651276,;512.037648,0.701356,;512.037648,0.751487,;512.037648,0.801577,;512.037648,0.851685,;512.037648,0.901799,;512.037648,0.951916,;512.037648,1.00203,;512.037648,1.05211,;512.037648,1.10224,;512.037648,1.15235,;512.037648,1.20246,;512.037648,1.25257,;512.037648,1.30268,;512.037648,1.35282,;493.385221,1.40293,;493.385221,1.45301,;493.385221,1.50313,;493.385221,1.55324,;493.385221,1.60335,;493.324740,1.65342,;493.324740,1.7035,;493.324740,1.75359,;493.324740,1.80372,;493.324740,1.85381,;493.324740,1.90393,;454.093882,1.95401,;454.093882,2.0041,;454.093882,2.05421,;454.093882,2.10432,;454.093882,2.15443,;454.093882,2.20454,;454.093882,2.25465,;454.093882,2.30477,;454.093882,2.35489,;444.114482,2.40497,;444.114482,2.45509,;444.114482,2.5052,;444.114482,2.55531,;444.114482,2.6054,;444.114482,2.65552,;444.114482,2.70561,;441.857335,2.75572,;441.857335,2.80584,;441.857335,2.85595,;441.857335,2.90606,;441.857335,2.95617,;441.857335,3.00628,;441.857335,3.0564,;441.857335,3.10652,;441.857335,3.15663,;441.857335,3.20675,;441.857335,3.25682,;441.857335,3.30694,;426.406966,3.35701,;426.406966,3.40713,;426.406966,3.45722,;426.406966,3.5073,;426.406966,3.55742,;426.406966,3.60753,;426.406966,3.65762,;426.406966,3.70773,;426.406966,3.75782,;425.070008,3.80794,;425.070008,3.85807,;425.070008,3.90816,;425.070008,3.95828,;425.070008,4.00839,;425.070008,4.05852,;425.070008,4.10863,;425.070008,4.15875,;425.070008,4.20882,;425.070008,4.2589,;425.070008,4.30898,;425.070008,4.35907,;425.070008,4.40916,;425.070008,4.45925,;425.070008,4.50933,;425.070008,4.55942,;425.070008,4.60949,;425.070008,4.6596,;425.070008,4.70969,;418.657893,4.7598,;418.657893,4.80991,;418.657893,4.86002,;418.657893,4.91014,;394.570123,4.96025,;394.570123,5.01036,;394.570123,5.06048,;394.570123,5.11059,;394.570123,5.16068,;394.570123,5.2108,;394.570123,5.26091,;392.601279,5.311,;392.601279,5.36107,;392.601279,5.4112,;392.601279,5.46131,;392.601279,5.51142,;378.523210,5.5615,;378.523210,5.61157,;378.523210,5.66166,;378.523210,5.71177,;378.523210,5.76189,;378.523210,5.81199,;378.523210,5.86209,;378.523210,5.9122,;378.523210,5.96232,;378.523210,6.01243,;378.523210,6.06251,;378.523210,6.11263,;376.322901,6.16272,;363.526905,6.21279,;363.526905,6.2629,;363.526905,6.31298,;363.526905,6.36309,;363.526905,6.41321,;363.526905,6.46331,;363.526905,6.51341,;363.526905,6.56352,;363.526905,6.61361,;363.526905,6.66372,;363.526905,6.71381,;363.526905,6.7639,;363.526905,6.814,;363.526905,6.86407,;363.526905,6.91416,;363.526905,6.96425,;363.526905,7.01438,;363.526905,7.06446,;363.526905,7.11455,;363.526905,7.16464,;363.526905,7.21471,;363.526905,7.26474,;363.526905,7.31483,;363.526905,7.36494,;363.526905,7.41506,;363.526905,7.46513,;363.526905,7.51525,;363.526905,7.56532,;363.526905,7.61539,;363.526905,7.66548,;363.526905,7.71559,;363.526905,7.76568,;363.526905,7.81577,;363.526905,7.86586,;363.526905,7.91598,;363.526905,7.96609,;363.526905,8.01618,;363.526905,8.06629,;363.526905,8.11638,;363.526905,8.16648,;363.526905,8.21659,;363.526905,8.26667,;357.606608,8.31679,;357.606608,8.3669,;357.606608,8.41702,;343.293033,8.4671,;343.293033,8.51722,;343.293033,8.5673,;343.293033,8.61737,;343.293033,8.66749,;343.293033,8.71758,;343.293033,8.76769,;343.293033,8.81776,;343.293033,8.86788,;343.293033,8.91799,;343.293033,8.9681,;343.293033,9.01821,;343.293033,9.06832,;343.293033,9.11839,;343.293033,9.16848,;343.293033,9.21859,;343.293033,9.2687,;343.293033,9.31881,;343.293033,9.36889,;343.293033,9.419,;343.293033,9.46907,;343.293033,9.51921,;343.293033,9.5693,;343.293033,9.61941,;343.293033,9.66951,;343.293033,9.71962,;343.293033,9.76973,;343.293033,9.81984,;343.293033,9.86995,;343.293033,9.92005,;343.293033,9.97014,;343.293033,10.0203,;
inf,0.0500751,;inf,0.100182,;inf,0.150264,;inf,0.200391,;inf,0.250468,;inf,0.300588,;inf,0.350661,;inf,0.400771,;inf,0.450878,;inf,0.501018,;inf,0.551096,;565.635474,0.601209,;565.635474,0.651285,;550.814293,0.701363,;550.814293,0.751441,;550.814293,0.801471,;550.814293,0.851552,;529.282145,0.901629,;508.700921,0.951735,;508.700921,1.00181,;508.700921,1.05194,;508.700921,1.10203,;508.700921,1.15214,;508.700921,1.20222,;507.779091,1.2523,;507.779091,1.30239,;507.779091,1.35247,;507.779091,1.40256,;507.779091,1.45267,;507.779091,1.50276,;502.358280,1.55287,;502.358280,1.60299,;502.358280,1.6531,;502.358280,1.70321,;502.358280,1.75332,;496.634028,1.80344,;496.634028,1.85355,;496.634028,1.90364,;496.634028,1.95371,;496.634028,2.00383,;496.634028,2.05392,;493.616547,2.10404,;474.929973,2.15415,;474.929973,2.20426,;474.929973,2.25436,;474.929973,2.30447,;474.929973,2.35458,;474.929973,2.40469,;474.929973,2.4548,;474.929973,2.50491,;474.929973,2.55502,;471.491958,2.60513,;471.491958,2.65525,;458.418639,2.70533,;458.418639,2.75545,;458.418639,2.80549,;458.418639,2.85558,;458.418639,2.90565,;458.418639,2.95576,;458.418639,3.00586,;458.418639,3.05593,;458.418639,3.10603,;458.418639,3.15614,;458.418639,3.20622,;458.418639,3.25634,;458.418639,3.30645,;440.812775,3.35656,;440.812775,3.40666,;440.812775,3.45678,;440.812775,3.50689,;440.812775,3.55699,;440.812775,3.60711,;440.812775,3.65722,;440.812775,3.70733,;440.812775,3.75741,;440.812775,3.80748,;440.812775,3.85752,;440.812775,3.90762,;440.812775,3.9577,;440.812775,4.00777,;440.812775,4.05784,;440.812775,4.10792,;440.812775,4.158,;440.812775,4.20809,;440.812775,4.25819,;440.812775,4.30831,;440.812775,4.3584,;440.812775,4.4085,;440.812775,4.45859,;440.812775,4.50869,;440.812775,4.55878,;440.812775,4.6089,;440.812775,4.65901,;440.812775,4.70912,;440.812775,4.75924,;440.812775,4.80932,;440.812775,4.85944,;440.812775,4.90948,;440.812775,4.95959,;440.812775,5.00971,;440.812775,5.05983,;440.812775,5.10992,;440.812775,5.16004,;440.812775,5.21012,;440.812775,5.26024,;440.812775,5.31032,;440.812775,5.36041,;440.812775,5.41052,;440.812775,5.46059,;440.812775,5.51068,;440.812775,5.56076,;440.812775,5.61087,;440.812775,5.66098,;440.812775,5.71105,;440.812775,5.76115,;440.812775,5.81126,;440.812775,5.86137,;440.812775,5.91148,;440.812775,5.96156,;440.812775,6.01165,;440.812775,6.06173,;440.812775,6.11184,;440.812775,6.16193,;440.812775,6.21204,;440.812775,6.26213,;440.812775,6.31224,;440.812775,6.36233,;440.812775,6.41244,;440.812775,6.46257,;440.812775,6.51269,;440.812775,6.56276,;440.812775,6.61284,;440.812775,6.66291,;440.812775,6.71299,;440.812775,6.76311,;440.812775,6.81322,;440.812775,6.86331,;440.812775,6.9134,;440.812775,6.96347,;440.812775,7.01355,;440.812775,7.06364,;440.812775,7.11372,;440.812775,7.16379,;440.812775,7.21387,;440.812775,7.26396,;440.812775,7.31405,;440.812775,7.36414,;440.812775,7.41422,;440.812775,7.46431,;440.812775,7.51442,;440.812775,7.56451,;440.812775,7.61462,;440.812775,7.66474,;440.812775,7.71486,;440.812775,7.76497,;440.812775,7.81505,;440.812775,7.86514,;440.812775,7.91527,;440.812775,7.96535,;440.812775,8.01547,;440.812775,8.06553,;440.812775,8.11561,;440.812775,8.16568,;440.812775,8.21581,;440.812775,8.26588,;440.812775,8.31597,;440.812775,8.36606,;440.812775,8.41615,;440.812775,8.46624,;440.812775,8.51633,;440.812775,8.56642,;440.812775,8.61652,;382.376830,8.6666,;382.376830,8.71668,;382.376830,8.76676,;382.376830,8.81685,;382.376830,8.86693,;382.376830,8.917,;382.376830,8.96708,;382.376830,9.01716,;382.376830,9.06727,;382.376830,9.11737,;382.376830,9.1675,;382.376830,9.21758,;382.376830,9.26769,;382.376830,9.31778,;382.376830,9.3679,;382.376830,9.418,;382.376830,9.46807,;382.376830,9.51816,;382.376830,9.56828,;382.376830,9.61839,;382.376830,9.6685,;382.376830,9.7186,;382.376830,9.76871,;378.323807,9.81882,;378.323807,9.86894,;378.323807,9.91905,;378.323807,9.96917,;378.323807,10.0193,;
inf,0.0500937,;inf,0.100166,;860.414879,0.150274,;815.584508,0.200382,;815.584508,0.25046,;815.584508,0.300559,;815.584508,0.350674,;815.584508,0.400781,;815.584508,0.450812,;815.584508,0.500919,;815.584508,0.550992,;815.584508,0.601103,;815.584508,0.651193,;815.584508,0.701298,;815.584508,0.751383,;811.474188,0.80147,;807.113134,0.851547,;804.378592,0.901621,;804.378592,0.951695,;804.378592,1.00177,;804.378592,1.05187,;804.378592,1.10198,;804.378592,1.15206,;804.378592,1.20218,;804.378592,1.25227,;804.378592,1.30238,;804.378592,1.35249,;791.697083,1.4026,;791.697083,1.45267,;791.697083,1.50281,;791.697083,1.55292,;791.697083,1.60301,;791.697083,1.65312,;791.697083,1.7032,;770.488115,1.75328,;770.488115,1.80339,;770.488115,1.8535,;770.488115,1.90358,;770.488115,1.95366,;770.488115,2.00375,;749.290636,2.05387,;749.290636,2.10395,;749.290636,2.15406,;749.290636,2.20418,;749.290636,2.25429,;749.290636,2.30437,;727.653890,2.35448,;727.653890,2.40456,;727.653890,2.45467,;727.653890,2.50476,;727.653890,2.5548,;727.653890,2.6049,;727.653890,2.65498,;727.653890,2.7051,;727.653890,2.75519,;724.914567,2.80528,;724.914567,2.85537,;724.914567,2.90549,;724.914567,2.95558,;724.914567,3.00567,;724.914567,3.05576,;724.914567,3.10588,;724.914567,3.15597,;718.772482,3.20608,;718.772482,3.2562,;702.597349,3.3063,;702.597349,3.35642,;702.597349,3.4065,;702.597349,3.4566,;702.597349,3.50672,;702.597349,3.55684,;702.597349,3.60692,;702.597349,3.65703,;699.025563,3.70712,;699.025563,3.75724,;699.025563,3.80732,;682.618566,3.85744,;682.618566,3.90752,;682.618566,3.95764,;682.618566,4.00773,;682.618566,4.05785,;682.618566,4.10796,;682.618566,4.15804,;682.618566,4.20815,;682.618566,4.25826,;682.618566,4.30838,;682.618566,4.35849,;682.618566,4.40858,;682.618566,4.4587,;682.618566,4.50882,;682.618566,4.55889,;682.618566,4.609,;682.618566,4.65912,;682.618566,4.70919,;682.618566,4.75928,;682.618566,4.80936,;682.618566,4.85944,;682.618566,4.90955,;682.618566,4.95966,;682.618566,5.00982,;682.618566,5.0599,;682.618566,5.10998,;682.618566,5.16008,;682.618566,5.2102,;446.314706,5.26028,;446.314706,5.3104,;446.314706,5.36049,;446.314706,5.41059,;446.314706,5.46067,;446.314706,5.51079,;446.314706,5.56086,;446.314706,5.61094,;446.314706,5.66101,;446.314706,5.71111,;446.314706,5.7612,;446.314706,5.81129,;446.314706,5.86137,;446.314706,5.91147,;446.314706,5.96155,;446.314706,6.01163,;446.314706,6.06173,;446.314706,6.11182,;446.314706,6.16191,;446.314706,6.212,;446.314706,6.26209,;446.314706,6.31221,;446.314706,6.36229,;446.314706,6.41241,;446.314706,6.46249,;446.314706,6.51261,;446.314706,6.56273,;446.314706,6.61285,;422.019091,6.66292,;422.019091,6.713,;422.019091,6.76308,;422.019091,6.81321,;422.019091,6.86329,;422.019091,6.9134,;422.019091,6.96348,;422.019091,7.01357,;422.019091,7.06365,;422.019091,7.11374,;396.814195,7.16382,;396.814195,7.21394,;396.814195,7.26402,;393.213688,7.31414,;393.213688,7.36422,;393.213688,7.41432,;393.213688,7.46439,;393.213688,7.51447,;393.213688,7.56456,;393.213688,7.61467,;393.213688,7.66474,;393.213688,7.71481,;393.213688,7.76493,;393.213688,7.815,;393.213688,7.86508,;393.213688,7.91517,;393.213688,7.96525,;393.213688,8.01534,;393.213688,8.06543,;393.213688,8.11547,;393.213688,8.16554,;393.213688,8.21562,;393.213688,8.26571,;393.213688,8.31579,;393.213688,8.36588,;393.213688,8.41597,;393.213688,8.46609,;393.213688,8.5162,;393.213688,8.56628,;393.213688,8.61637,;393.213688,8.66649,;393.213688,8.71659,;393.213688,8.76668,;393.213688,8.81676,;393.213688,8.86683,;393.213688,8.91694,;393.213688,8.96701,;393.213688,9.01712,;393.213688,9.06721,;393.213688,9.1173,;393.213688,9.16738,;393.213688,9.21747,;393.213688,9.26755,;393.213688,9.31764,;393.213688,9.36773,;393.213688,9.41783,;393.213688,9.46791,;370.649402,9.518,;370.649402,9.56808,;370.649402,9.61819,;370.649402,9.66831,;370.649402,9.71838,;370.649402,9.76847,;370.649402,9.81856,;370.649402,9.86865,;370.649402,9.91873,;370.649402,9.96885,;370.649402,10.0189,;
inf,0.0500663,;543.663540,0.100151,;517.638860,0.150274,;517.638860,0.200404,;517.638860,0.250477,;517.638860,0.300589,;517.638860,0.350661,;517.638860,0.40077,;517.638860,0.450855,;515.159742,0.500973,;515.159742,0.551055,;515.159742,0.601136,;515.159742,0.651218,;515.159742,0.701325,;515.159742,0.751451,;487.554015,0.801524,;487.554015,0.851595,;487.554015,0.901671,;487.554015,0.951754,;481.996453,1.00185,;481.996453,1.05194,;481.996453,1.10203,;481.996453,1.15212,;481.996453,1.20222,;481.996453,1.25234,;481.996453,1.30244,;479.656520,1.35257,;479.656520,1.40269,;479.656520,1.45277,;479.656520,1.50289,;479.656520,1.55297,;464.093345,1.60304,;464.093345,1.65313,;464.093345,1.70322,;464.093345,1.75334,;464.093345,1.80346,;464.093345,1.85354,;464.093345,1.90363,;458.439996,1.95372,;458.439996,2.00383,;458.439996,2.05393,;458.439996,2.10402,;458.439996,2.15412,;458.439996,2.20425,;458.439996,2.25434,;458.439996,2.30443,;458.439996,2.35455,;456.467969,2.40467,;456.467969,2.45476,;456.467969,2.50485,;456.467969,2.55497,;456.467969,2.60505,;456.467969,2.65514,;456.467969,2.70524,;456.467969,2.75535,;456.467969,2.80543,;456.467969,2.85554,;456.467969,2.90562,;456.467969,2.95572,;456.467969,3.00581,;456.467969,3.05593,;456.467969,3.10603,;456.467969,3.15611,;456.467969,3.2062,;456.467969,3.25631,;456.467969,3.3064,;456.467969,3.35652,;456.467969,3.40662,;456.467969,3.4567,;456.467969,3.5068,;456.467969,3.55693,;456.467969,3.60704,;456.467969,3.65715,;452.793651,3.70727,;452.793651,3.75733,;452.793651,3.80745,;452.793651,3.85753,;452.793651,3.90762,;452.793651,3.95771,;450.659677,4.00783,;450.659677,4.05792,;450.659677,4.10804,;450.659677,4.15814,;450.659677,4.20827,;450.659677,4.25838,;450.659677,4.30849,;450.659677,4.35858,;450.659677,4.40871,;450.659677,4.45883,;450.659677,4.50894,;450.659677,4.55905,;450.659677,4.60917,;450.659677,4.65925,;450.659677,4.70937,;450.659677,4.75946,;450.659677,4.80954,;450.659677,4.85965,;450.659677,4.90973,;450.659677,4.95982,;450.659677,5.00992,;450.659677,5.06006,;450.659677,5.11016,;450.659677,5.16026,;450.659677,5.21038,;450.659677,5.2605,;450.659677,5.31058,;450.659677,5.36069,;450.659677,5.4108,;450.659677,5.46092,;438.167702,5.51104,;438.167702,5.56112,;438.167702,5.6112,;438.167702,5.66128,;438.167702,5.71138,;438.167702,5.76146,;438.167702,5.81158,;438.167702,5.86167,;438.167702,5.91176,;438.167702,5.96185,;438.167702,6.01196,;438.167702,6.06205,;438.167702,6.11217,;438.167702,6.16227,;438.167702,6.21235,;438.167702,6.26244,;438.167702,6.31255,;438.167702,6.36265,;438.167702,6.41273,;438.167702,6.46283,;438.167702,6.51295,;438.167702,6.56304,;438.167702,6.61315,;438.167702,6.66323,;438.167702,6.71335,;438.167702,6.76344,;421.187970,6.81352,;421.187970,6.86361,;421.187970,6.91371,;421.187970,6.96382,;421.187970,7.01391,;373.379588,7.064,;373.379588,7.11409,;373.379588,7.16418,;373.379588,7.21428,;373.379588,7.2644,;373.379588,7.31449,;373.379588,7.36459,;373.379588,7.41469,;373.379588,7.46484,;373.379588,7.51496,;373.379588,7.56507,;373.379588,7.61519,;373.379588,7.6653,;373.379588,7.71542,;373.379588,7.7655,;373.379588,7.81562,;373.379588,7.86571,;373.379588,7.91581,;373.379588,7.96591,;373.379588,8.016,;373.379588,8.0661,;373.379588,8.11622,;373.379588,8.16634,;373.379588,8.21646,;373.379588,8.26655,;373.379588,8.31664,;373.379588,8.3668,;373.379588,8.41692,;373.379588,8.46705,;373.379588,8.51714,;373.379588,8.56726,;373.379588,8.61738,;373.379588,8.6675,;373.379588,8.71758,;373.379588,8.76769,;373.379588,8.81776,;373.379588,8.86785,;373.379588,8.91793,;373.379588,8.96804,;373.379588,9.01813,;373.379588,9.06825,;373.379588,9.11838,;373.379588,9.16847,;373.379588,9.21856,;373.379588,9.26867,;373.379588,9.31877,;373.379588,9.36889,;373.379588,9.41901,;373.379588,9.46914,;373.379588,9.51923,;373.379588,9.56935,;373.379588,9.61947,;373.379588,9.66959,;373.379588,9.7197,;373.379588,9.76982,;373.379588,9.8199,;373.379588,9.86997,;373.379588,9.92006,;373.379588,9.97016,;373.379588,10.0203,;
inf,0.050098,;inf,0.10021,;733.008937,0.150303,;733.008937,0.20042,;733.008937,0.250497,;723.361548,0.300607,;697.659045,0.350696,;687.155180,0.40079,;687.155180,0.450921,;687.155180,0.500993,;678.115747,0.551083,;678.115747,0.601203,;678.115747,0.651321,;678.115747,0.701427,;632.038034,0.751499,;632.038034,0.801609,;609.652367,0.851723,;609.652367,0.901845,;609.652367,0.951939,;609.652367,1.00201,;607.711283,1.05213,;607.711283,1.10221,;607.711283,1.15233,;607.711283,1.20242,;607.711283,1.2525,;607.711283,1.30259,;578.761458,1.3527,;578.761458,1.40281,;578.761458,1.45292,;578.761458,1.50299,;578.761458,1.55306,;578.761458,1.60313,;578.761458,1.6532,;578.761458,1.70327,;578.761458,1.75335,;578.761458,1.80344,;578.761458,1.85352,;578.761458,1.9036,;578.761458,1.95371,;578.761458,2.00385,;578.761458,2.05393,;578.761458,2.10404,;578.761458,2.15412,;568.411470,2.20425,;568.411470,2.25437,;568.411470,2.30445,;568.411470,2.35456,;568.411470,2.40467,;568.411470,2.45476,;568.411470,2.50487,;568.411470,2.55498,;565.839601,2.6051,;565.839601,2.65519,;565.839601,2.7053,;565.839601,2.7554,;565.839601,2.80553,;564.992658,2.85565,;564.992658,2.90578,;564.992658,2.9559,;564.992658,3.00602,;564.992658,3.05613,;564.992658,3.10624,;564.992658,3.15635,;564.992658,3.20646,;564.992658,3.25658,;564.992658,3.30669,;564.992658,3.35677,;564.992658,3.4069,;564.992658,3.45697,;564.992658,3.50711,;564.992658,3.55722,;564.992658,3.60733,;564.992658,3.6574,;564.992658,3.70755,;559.286902,3.75763,;559.286902,3.80775,;559.286902,3.85783,;559.286902,3.90792,;559.286902,3.958,;559.286902,4.00809,;559.286902,4.05818,;559.286902,4.10827,;559.286902,4.15837,;559.286902,4.20848,;559.286902,4.25857,;559.286902,4.30872,;551.679795,4.35879,;551.679795,4.4089,;551.679795,4.45898,;540.726702,4.50906,;540.726702,4.55917,;540.726702,4.60925,;540.726702,4.65933,;475.207672,4.70942,;475.207672,4.75953,;475.207672,4.8096,;475.207672,4.85968,;475.207672,4.90974,;475.207672,4.95986,;475.207672,5.00993,;475.207672,5.06004,;475.207672,5.11011,;475.207672,5.1602,;475.207672,5.21028,;475.207672,5.26039,;475.207672,5.31048,;475.207672,5.36059,;475.207672,5.41071,;475.207672,5.4608,;475.207672,5.51089,;475.207672,5.561,;475.207672,5.61107,;475.207672,5.66115,;467.041804,5.71126,;467.041804,5.76136,;467.041804,5.81145,;467.041804,5.86154,;467.041804,5.91164,;467.041804,5.96175,;467.041804,6.01183,;467.041804,6.06192,;467.041804,6.112,;467.041804,6.16209,;467.041804,6.21221,;467.041804,6.2623,;467.041804,6.31237,;467.041804,6.36246,;467.041804,6.41255,;467.041804,6.46264,;467.041804,6.51274,;467.041804,6.56283,;467.041804,6.61292,;467.041804,6.66301,;467.041804,6.71314,;467.041804,6.76322,;467.041804,6.81335,;467.041804,6.86343,;467.041804,6.91355,;467.041804,6.96365,;467.041804,7.01374,;467.041804,7.06384,;466.119333,7.11392,;466.119333,7.16404,;466.119333,7.21415,;466.119333,7.26424,;466.119333,7.31433,;466.119333,7.36444,;466.119333,7.41455,;466.119333,7.46464,;460.236154,7.51478,;460.236154,7.56491,;460.236154,7.615,;460.236154,7.66513,;460.236154,7.71521,;460.236154,7.76532,;460.236154,7.81543,;442.446100,7.86555,;442.446100,7.91564,;442.446100,7.96575,;442.446100,8.01587,;442.446100,8.06595,;442.446100,8.11607,;442.446100,8.16616,;442.446100,8.21628,;442.446100,8.26636,;442.446100,8.31649,;442.446100,8.36658,;442.446100,8.41667,;442.446100,8.46677,;442.446100,8.5169,;442.446100,8.56702,;442.446100,8.61709,;442.446100,8.66721,;442.446100,8.71732,;442.446100,8.76743,;442.446100,8.81754,;442.446100,8.86763,;442.446100,8.91775,;442.446100,8.96786,;442.446100,9.01794,;442.446100,9.06805,;440.721724,9.11814,;440.721724,9.16825,;440.721724,9.21837,;440.721724,9.26848,;435.343718,9.31856,;435.343718,9.36866,;435.343718,9.41874,;435.343718,9.46885,;435.134553,9.51896,;435.134553,9.56905,;435.134553,9.61916,;435.134553,9.66928,;435.134553,9.71936,;435.134553,9.76948,;435.134553,9.81956,;435.134553,9.86968,;435.134553,9.91979,;435.134553,9.96986,;421.372027,10.02,;421.372027,10.0701,;
inf,0.050062,;inf,0.100179,;820.305248,0.150285,;820.305248,0.200361,;820.305248,0.250491,;820.305248,0.300589,;782.992061,0.350704,;697.062449,0.400789,;697.062449,0.450878,;697.062449,0.500966,;697.062449,0.551046,;669.624634,0.601134,;669.624634,0.651252,;669.624634,0.701337,;669.624634,0.751425,;669.624634,0.801515,;669.624634,0.851616,;669.624634,0.901712,;632.981774,0.951811,;632.981774,1.00194,;632.981774,1.05205,;632.981774,1.10214,;632.981774,1.15222,;632.981774,1.20233,;632.981774,1.25241,;632.981774,1.30253,;632.981774,1.35262,;632.981774,1.40273,;632.981774,1.45282,;632.981774,1.50293,;610.151606,1.55302,;610.151606,1.60314,;610.151606,1.65322,;610.151606,1.70334,;609.762160,1.75343,;609.762160,1.80356,;604.220108,1.85365,;604.220108,1.90374,;604.220108,1.95387,;604.220108,2.00399,;604.220108,2.05411,;604.220108,2.10418,;604.220108,2.15429,;604.220108,2.20437,;604.220108,2.25444,;593.969049,2.30452,;593.969049,2.35464,;593.969049,2.40473,;593.969049,2.45487,;593.969049,2.50496,;593.969049,2.55507,;593.969049,2.60515,;593.969049,2.65528,;593.969049,2.7054,;593.969049,2.75552,;593.969049,2.80565,;593.969049,2.85576,;593.969049,2.90588,;593.969049,2.95599,;590.681507,3.00611,;590.681507,3.05616,;590.681507,3.10624,;590.681507,3.15632,;590.681507,3.20644,;590.681507,3.25653,;590.681507,3.30665,;590.681507,3.35675,;590.681507,3.40686,;590.681507,3.45694,;590.681507,3.50702,;590.681507,3.55711,;590.681507,3.60722,;590.681507,3.65731,;590.681507,3.70743,;590.681507,3.75752,;590.681507,3.8076,;590.681507,3.8577,;590.681507,3.90782,;590.681507,3.95793,;590.681507,4.00805,;590.681507,4.05816,;590.681507,4.10828,;590.681507,4.1584,;590.681507,4.2085,;590.681507,4.25862,;590.681507,4.30872,;590.681507,4.35881,;590.681507,4.40891,;590.681507,4.45903,;590.681507,4.50915,;590.681507,4.55927,;590.681507,4.60936,;590.681507,4.65947,;590.681507,4.7096,;415.580149,4.75972,;415.580149,4.8098,;415.580149,4.85992,;415.580149,4.91004,;415.580149,4.96012,;413.086630,5.01024,;413.086630,5.06036,;413.086630,5.11045,;413.086630,5.16057,;413.086630,5.21069,;413.086630,5.2608,;413.086630,5.31091,;413.086630,5.36103,;413.086630,5.41115,;413.086630,5.46126,;413.086630,5.51137,;413.086630,5.56148,;413.086630,5.6116,;413.086630,5.66172,;413.086630,5.71177,;413.086630,5.76186,;413.086630,5.81194,;408.936680,5.86206,;408.936680,5.91213,;405.182304,5.96222,;403.036925,6.01231,;388.389713,6.0624,;388.389713,6.11249,;388.389713,6.16261,;388.389713,6.21268,;388.389713,6.26279,;388.389713,6.31288,;388.389713,6.36297,;388.389713,6.41308,;388.389713,6.4632,;388.389713,6.5133,;388.389713,6.56339,;388.389713,6.6135,;388.389713,6.66362,;388.389713,6.71374,;388.389713,6.76385,;388.389713,6.81397,;388.389713,6.86408,;388.389713,6.91421,;388.389713,6.96429,;388.389713,7.0144,;388.389713,7.06449,;388.389713,7.11461,;388.389713,7.16471,;388.389713,7.21482,;388.389713,7.26491,;388.389713,7.31503,;388.389713,7.36512,;388.389713,7.4152,;388.389713,7.46528,;388.389713,7.5154,;388.389713,7.56551,;388.389713,7.61559,;388.389713,7.66567,;388.389713,7.71577,;388.389713,7.76588,;388.389713,7.81597,;388.389713,7.86606,;388.389713,7.91618,;388.389713,7.96629,;388.389713,8.01637,;388.389713,8.06649,;388.389713,8.11657,;388.389713,8.16668,;388.389713,8.21676,;388.389713,8.26685,;388.389713,8.31694,;388.389713,8.36702,;388.389713,8.41711,;388.389713,8.4672,;388.389713,8.51729,;388.389713,8.56737,;388.389713,8.61751,;388.389713,8.66763,;388.389713,8.71775,;388.389713,8.76786,;388.389713,8.81794,;388.389713,8.86803,;388.389713,8.91811,;388.389713,8.96824,;388.389713,9.01833,;388.389713,9.06846,;388.389713,9.11857,;388.389713,9.16869,;388.389713,9.2188,;388.389713,9.26892,;388.389713,9.31903,;388.389713,9.36915,;388.389713,9.41926,;388.389713,9.46936,;388.389713,9.51948,;388.389713,9.56957,;388.389713,9.61969,;388.389713,9.6698,;388.389713,9.71989,;388.389713,9.77002,;388.389713,9.82013,;388.389713,9.87025,;387.745322,9.92033,;387.745322,9.97042,;
inf,0.0500939,;inf,0.100168,;inf,0.150274,;inf,0.200359,;inf,0.250465,;inf,0.300554,;inf,0.35066,;844.784872,0.400732,;844.784872,0.450841,;844.784872,0.500929,;772.802818,0.551018,;756.099919,0.601096,;756.099919,0.651203,;756.099919,0.701274,;756.099919,0.751384,;756.099919,0.801478,;756.099919,0.85159,;756.099919,0.901704,;756.099919,0.951779,;756.099919,1.00189,;601.329406,1.05199,;601.329406,1.10208,;601.329406,1.15219,;601.329406,1.20227,;601.329406,1.25238,;601.329406,1.3025,;591.576184,1.35262,;591.576184,1.40273,;591.576184,1.45281,;580.277851,1.50292,;580.277851,1.55303,;568.193048,1.60311,;568.193048,1.65322,;568.193048,1.70331,;568.193048,1.75343,;568.193048,1.80354,;568.193048,1.85365,;568.193048,1.90376,;568.193048,1.95387,;568.193048,2.00395,;567.261706,2.05407,;567.261706,2.1041,;567.261706,2.15421,;567.261706,2.20429,;567.261706,2.25437,;555.186438,2.30446,;555.186438,2.35455,;555.186438,2.40463,;555.186438,2.45476,;555.186438,2.50484,;555.186438,2.55496,;555.186438,2.60505,;555.186438,2.65516,;555.186438,2.70525,;555.186438,2.75536,;555.186438,2.80545,;555.186438,2.85554,;555.186438,2.90561,;555.186438,2.95572,;555.186438,3.0058,;555.186438,3.05591,;555.186438,3.10602,;555.186438,3.15616,;555.186438,3.20627,;555.186438,3.25635,;555.186438,3.30647,;555.186438,3.35654,;555.186438,3.40666,;555.186438,3.45673,;555.186438,3.50685,;555.186438,3.55693,;555.186438,3.60704,;555.186438,3.65714,;555.186438,3.70721,;555.186438,3.7573,;555.186438,3.80738,;555.186438,3.85747,;555.186438,3.90759,;555.186438,3.95767,;555.186438,4.0078,;555.186438,4.05791,;555.186438,4.10802,;555.186438,4.15813,;555.186438,4.20821,;555.186438,4.25832,;555.186438,4.30843,;555.186438,4.35854,;555.186438,4.40866,;555.186438,4.45877,;555.186438,4.50886,;555.186438,4.55895,;555.186438,4.60905,;555.186438,4.65916,;555.186438,4.70925,;555.186438,4.75937,;555.186438,4.80947,;555.186438,4.85958,;555.186438,4.90969,;555.186438,4.95981,;555.186438,5.00989,;555.186438,5.06002,;555.186438,5.11013,;555.186438,5.16021,;555.186438,5.21032,;547.510694,5.26041,;547.510694,5.31053,;547.510694,5.36062,;547.510694,5.41074,;547.510694,5.46083,;547.510694,5.51092,;547.510694,5.56102,;547.510694,5.61111,;547.510694,5.66121,;547.510694,5.71132,;547.510694,5.76141,;547.510694,5.81149,;547.510694,5.86156,;547.510694,5.91168,;547.510694,5.96179,;547.510694,6.01191,;547.510694,6.062,;547.510694,6.11213,;547.510694,6.16225,;547.510694,6.21233,;547.510694,6.26245,;541.813527,6.31257,;541.813527,6.36269,;541.813527,6.41281,;541.813527,6.46292,;541.813527,6.51302,;541.813527,6.56313,;541.813527,6.61325,;541.813527,6.66332,;541.813527,6.71341,;442.269744,6.7635,;442.269744,6.81363,;442.269744,6.86374,;392.601749,6.91386,;392.601749,6.96397,;392.601749,7.01409,;392.601749,7.06417,;392.601749,7.11429,;392.601749,7.16437,;392.601749,7.21449,;392.601749,7.26458,;392.601749,7.3147,;392.601749,7.36479,;392.601749,7.41491,;392.601749,7.46502,;392.601749,7.51514,;392.601749,7.56523,;392.601749,7.61535,;392.601749,7.66547,;392.601749,7.71558,;391.257099,7.76567,;384.227802,7.81576,;384.227802,7.86587,;384.227802,7.91599,;384.227802,7.96611,;384.227802,8.01619,;384.227802,8.06628,;384.227802,8.11638,;384.227802,8.16649,;384.227802,8.21659,;384.227802,8.26668,;384.227802,8.31677,;384.227802,8.36689,;384.227802,8.41701,;384.227802,8.46713,;383.330398,8.51723,;383.330398,8.56734,;383.330398,8.61745,;383.330398,8.66756,;383.330398,8.71765,;383.330398,8.76777,;383.330398,8.81788,;383.330398,8.86797,;383.330398,8.91806,;383.330398,8.96814,;383.330398,9.01821,;383.330398,9.06828,;383.330398,9.11839,;383.330398,9.16847,;383.330398,9.21859,;383.330398,9.26867,;383.330398,9.3188,;383.330398,9.3689,;383.330398,9.41901,;383.330398,9.4691,;383.330398,9.51918,;383.330398,9.56927,;383.330398,9.61936,;383.330398,9.66947,;383.330398,9.71955,;378.379988,9.76963,;378.379988,9.81973,;376.056819,9.86983,;376.056819,9.91992,;376.056819,9.97,;376.056819,10.0201,;376.056819,10.0702,;
inf,0.050075,;inf,0.100157,;inf,0.150236,;inf,0.200319,;inf,0.250395,;inf,0.300476,;933.472485,0.350556,;893.057729,0.400634,;870.139722,0.450715,;870.139722,0.500799,;869.410742,0.550888,;869.410742,0.600973,;869.410742,0.651059,;869.410742,0.701144,;859.645956,0.751231,;859.645956,0.801314,;859.645956,0.851405,;859.645956,0.901487,;859.645956,0.95157,;859.645956,1.00166,;856.772210,1.05174,;856.772210,1.10182,;856.772210,1.15191,;856.772210,1.20199,;856.772210,1.25208,;856.772210,1.30217,;856.772210,1.35225,;856.772210,1.40234,;856.772210,1.45247,;856.772210,1.50258,;856.772210,1.5527,;856.772210,1.60281,;856.772210,1.65285,;856.772210,1.70296,;856.772210,1.75304,;856.772210,1.80316,;856.772210,1.85325,;856.772210,1.90333,;856.772210,1.95343,;856.772210,2.00355,;856.772210,2.05364,;856.772210,2.10376,;856.772210,2.15388,;840.834492,2.204,;840.834492,2.25411,;840.834492,2.3042,;840.834492,2.35429,;840.834492,2.40437,;816.556163,2.45446,;816.556163,2.50454,;816.556163,2.55463,;816.556163,2.60472,;816.556163,2.65484,;816.556163,2.70492,;811.634724,2.75501,;811.634724,2.8051,;574.750239,2.85519,;574.750239,2.90529,;574.750239,2.95538,;574.750239,3.00549,;574.750239,3.0556,;574.750239,3.1057,;508.650858,3.15578,;508.650858,3.20586,;508.650858,3.25595,;508.650858,3.30607,;508.650858,3.35614,;508.650858,3.40624,;508.650858,3.45633,;508.650858,3.50645,;508.650858,3.55657,;508.650858,3.60669,;508.650858,3.65682,;508.650858,3.70694,;508.650858,3.75702,;508.650858,3.80713,;508.650858,3.85722,;508.650858,3.9073,;508.650858,3.95739,;508.650858,4.00747,;508.650858,4.05756,;508.650858,4.10764,;508.650858,4.15773,;508.650858,4.20781,;508.650858,4.25792,;508.650858,4.30805,;508.650858,4.35814,;508.650858,4.40826,;508.650858,4.45835,;508.650858,4.50845,;508.650858,4.55854,;508.650858,4.60863,;508.650858,4.65871,;508.650858,4.7088,;508.650858,4.75898,;508.650858,4.80911,;508.650858,4.8592,;508.650858,4.9093,;505.527497,4.95938,;505.527497,5.00947,;395.574584,5.05959,;395.574584,5.1097,;395.574584,5.15979,;395.574584,5.20988,;395.574584,5.26,;382.645421,5.31012,;382.645421,5.36024,;382.645421,5.41033,;382.645421,5.46045,;382.645421,5.51057,;382.645421,5.56066,;382.645421,5.61079,;382.645421,5.66085,;382.645421,5.71093,;382.645421,5.76102,;382.645421,5.81114,;382.645421,5.86123,;382.645421,5.91135,;382.645421,5.96144,;382.645421,6.01156,;382.645421,6.06166,;382.645421,6.11178,;382.645421,6.16187,;382.645421,6.21197,;382.645421,6.26206,;382.645421,6.31217,;382.645421,6.36229,;382.645421,6.41241,;382.645421,6.46249,;382.645421,6.51262,;382.645421,6.56274,;382.645421,6.61288,;382.645421,6.663,;382.645421,6.71308,;382.645421,6.76319,;382.645421,6.81329,;382.645421,6.86341,;382.645421,6.91353,;382.645421,6.96363,;382.645421,7.01372,;382.645421,7.06381,;382.645421,7.1139,;382.645421,7.16403,;382.645421,7.21411,;372.429608,7.2642,;372.429608,7.3143,;372.429608,7.3644,;372.429608,7.41452,;372.429608,7.46463,;372.429608,7.51472,;372.429608,7.56482,;372.429608,7.6149,;372.429608,7.66497,;372.429608,7.7151,;372.429608,7.7652,;372.429608,7.81529,;372.429608,7.86539,;372.429608,7.91552,;372.429608,7.96562,;372.429608,8.01574,;372.429608,8.06586,;372.429608,8.11598,;372.429608,8.16609,;372.429608,8.21621,;372.429608,8.26633,;372.429608,8.31645,;372.429608,8.36657,;372.429608,8.41669,;372.429608,8.4668,;372.429608,8.51684,;372.429608,8.56696,;372.429608,8.61704,;372.429608,8.66716,;372.429608,8.71726,;372.429608,8.76737,;372.429608,8.81746,;372.429608,8.86757,;372.429608,8.91764,;372.429608,8.96775,;372.429608,9.01787,;372.429608,9.06799,;372.429608,9.11807,;372.429608,9.16818,;372.429608,9.21829,;372.429608,9.2684,;372.429608,9.31851,;372.429608,9.36859,;372.429608,9.41871,;372.429608,9.4688,;372.429608,9.51892,;372.429608,9.56899,;372.429608,9.61907,;372.429608,9.66915,;372.429608,9.71927,;372.429608,9.76936,;372.429608,9.81945,;372.429608,9.86954,;372.429608,9.91965,;371.907384,9.96973,;371.907384,10.0198,;
inf,0.0500974,;inf,0.100208,;inf,0.150293,;inf,0.2004,;888.179485,0.250514,;888.179485,0.300588,;888.179485,0.3507,;855.422816,0.400787,;855.422816,0.450904,;855.422816,0.501015,;855.422816,0.551128,;855.422816,0.601235,;855.422816,0.651342,;852.836820,0.701449,;849.477948,0.751557,;840.370069,0.801667,;840.370069,0.851784,;840.370069,0.90186,;840.370069,0.951967,;840.370069,1.00206,;840.370069,1.05215,;818.801947,1.10224,;818.801947,1.15233,;818.801947,1.20243,;818.801947,1.25254,;818.801947,1.30265,;818.801947,1.35275,;818.801947,1.40284,;818.801947,1.45296,;818.801947,1.50307,;818.801947,1.55318,;818.801947,1.60327,;818.801947,1.65336,;807.100868,1.70348,;807.100868,1.75359,;807.100868,1.80367,;807.100868,1.85374,;807.100868,1.90382,;807.100868,1.9539,;807.100868,2.00397,;807.100868,2.05406,;807.100868,2.10414,;807.100868,2.15422,;807.100868,2.2043,;807.100868,2.25437,;807.100868,2.30445,;807.100868,2.35453,;807.100868,2.40465,;807.100868,2.45476,;807.100868,2.50487,;807.100868,2.55495,;807.100868,2.60502,;807.100868,2.65511,;807.100868,2.7052,;807.100868,2.75528,;807.100868,2.80541,;512.908603,2.85548,;505.331141,2.90556,;505.331141,2.95568,;462.174135,3.00573,;462.174135,3.0558,;462.174135,3.10588,;462.174135,3.15603,;462.174135,3.20611,;461.819503,3.25622,;461.819503,3.30631,;461.819503,3.3564,;461.819503,3.40649,;461.819503,3.4566,;461.819503,3.50669,;461.819503,3.55681,;461.819503,3.6069,;461.819503,3.65698,;461.819503,3.70708,;461.819503,3.75719,;461.819503,3.80731,;405.774378,3.85742,;405.774378,3.90751,;405.774378,3.9576,;405.774378,4.00772,;405.774378,4.05779,;405.774378,4.10796,;405.774378,4.15804,;405.774378,4.20815,;405.774378,4.25822,;405.774378,4.3083,;405.774378,4.35837,;405.774378,4.40848,;405.774378,4.45857,;405.774378,4.50864,;405.774378,4.55872,;405.774378,4.60884,;405.774378,4.65895,;405.774378,4.70907,;405.774378,4.75916,;405.774378,4.80924,;405.774378,4.85933,;405.774378,4.90942,;405.774378,4.9595,;405.774378,5.00959,;405.774378,5.05972,;405.774378,5.10983,;405.774378,5.15992,;405.774378,5.21004,;405.774378,5.26015,;405.774378,5.31026,;405.774378,5.36038,;405.774378,5.4105,;405.774378,5.46062,;405.774378,5.51072,;405.774378,5.56084,;405.774378,5.61093,;405.774378,5.66105,;405.774378,5.71118,;405.774378,5.76127,;405.774378,5.81139,;405.774378,5.8615,;405.774378,5.91162,;405.774378,5.96171,;405.774378,6.01182,;405.774378,6.06191,;405.774378,6.11202,;405.774378,6.16213,;405.774378,6.21225,;405.774378,6.26236,;405.774378,6.31248,;405.774378,6.3626,;405.774378,6.41272,;405.774378,6.46284,;405.774378,6.51296,;405.774378,6.56307,;405.774378,6.61319,;405.774378,6.66331,;405.774378,6.71344,;405.774378,6.76352,;405.774378,6.81364,;405.774378,6.86371,;405.774378,6.91379,;405.774378,6.96387,;405.774378,7.01396,;405.774378,7.06404,;405.774378,7.11418,;405.774378,7.16429,;405.774378,7.21437,;405.774378,7.26446,;405.774378,7.31455,;405.774378,7.36463,;405.774378,7.41472,;405.774378,7.46481,;405.774378,7.5149,;405.774378,7.56502,;405.774378,7.61512,;405.774378,7.6652,;405.774378,7.71529,;405.774378,7.76543,;405.774378,7.81552,;405.774378,7.86561,;405.774378,7.91573,;405.774378,7.96581,;405.774378,8.01593,;405.774378,8.06604,;405.774378,8.11616,;405.774378,8.16628,;405.774378,8.21639,;405.774378,8.26651,;405.774378,8.31662,;405.774378,8.36674,;405.774378,8.41686,;405.774378,8.46698,;405.774378,8.51709,;405.774378,8.56721,;405.774378,8.61733,;405.774378,8.66745,;405.774378,8.71755,;405.774378,8.76767,;405.774378,8.81774,;405.774378,8.86785,;405.774378,8.91796,;405.774378,8.96807,;405.774378,9.01815,;405.774378,9.06827,;399.031503,9.11836,;399.031503,9.16848,;399.031503,9.21859,;399.031503,9.2687,;399.031503,9.31881,;399.031503,9.3689,;399.031503,9.41898,;399.031503,9.4691,;399.031503,9.51924,;399.031503,9.56935,;399.031503,9.61944,;399.031503,9.66954,;399.031503,9.71966,;399.031503,9.76974,;399.031503,9.81982,;399.031503,9.8699,;399.031503,9.92002,;399.031503,9.97012,;383.856613,10.0202,;
inf,0.0500692,;inf,0.100163,;inf,0.150249,;inf,0.200345,;543.408273,0.250431,;543.408273,0.300517,;543.408273,0.350613,;543.408273,0.400733,;531.440646,0.450818,;531.440646,0.500923,;531.440646,0.551012,;531.440646,0.601133,;531.440646,0.651246,;531.440646,0.701378,;531.440646,0.75147,;519.507878,0.801559,;519.507878,0.851644,;519.507878,0.901706,;519.507878,0.951782,;519.507878,1.00186,;519.507878,1.05197,;519.507878,1.10206,;519.507878,1.15214,;519.507878,1.20223,;519.507878,1.25234,;519.507878,1.30243,;519.507878,1.35251,;519.507878,1.40259,;519.507878,1.45267,;519.507878,1.5028,;519.507878,1.55287,;519.507878,1.60295,;519.507878,1.65302,;519.507878,1.70311,;519.507878,1.75319,;519.507878,1.80328,;519.507878,1.85339,;519.507878,1.90348,;519.507878,1.95357,;519.507878,2.00366,;519.507878,2.05371,;519.507878,2.1038,;519.507878,2.15389,;519.507878,2.20396,;519.507878,2.25404,;519.507878,2.30411,;519.507878,2.35419,;519.507878,2.40428,;519.507878,2.45435,;519.507878,2.50444,;519.507878,2.55452,;519.507878,2.60461,;515.493603,2.6547,;515.493603,2.70485,;515.493603,2.75494,;444.354182,2.80504,;444.354182,2.85516,;444.354182,2.90528,;444.354182,2.95535,;444.354182,3.00547,;444.354182,3.05555,;444.354182,3.10568,;444.354182,3.15576,;444.354182,3.20585,;444.354182,3.25593,;444.354182,3.30602,;444.354182,3.35611,;444.354182,3.40621,;444.354182,3.45633,;444.354182,3.50642,;444.354182,3.5565,;444.354182,3.60662,;444.354182,3.65671,;444.354182,3.70679,;444.354182,3.75687,;444.354182,3.807,;444.354182,3.85709,;444.354182,3.90717,;444.354182,3.95726,;444.354182,4.00739,;444.354182,4.05748,;444.354182,4.10757,;444.354182,4.15765,;444.354182,4.20777,;444.354182,4.25785,;444.354182,4.3079,;444.354182,4.35799,;444.354182,4.40807,;444.354182,4.45816,;444.354182,4.50825,;444.354182,4.55837,;441.779931,4.6085,;441.779931,4.65862,;441.779931,4.70873,;441.779931,4.75886,;441.779931,4.80898,;441.779931,4.8591,;441.779931,4.90922,;441.779931,4.95933,;441.779931,5.00941,;441.779931,5.05949,;441.779931,5.10957,;441.779931,5.15966,;441.779931,5.20975,;441.779931,5.25987,;441.779931,5.30995,;441.779931,5.36002,;441.779931,5.41012,;441.779931,5.46021,;441.779931,5.51031,;441.779931,5.56043,;441.779931,5.61053,;441.779931,5.66064,;441.779931,5.71074,;441.779931,5.76084,;441.779931,5.81096,;441.779931,5.86108,;441.779931,5.91117,;441.779931,5.96126,;441.779931,6.01138,;441.779931,6.06146,;388.950796,6.11158,;388.950796,6.16169,;388.950796,6.21181,;388.950796,6.26189,;388.950796,6.31201,;388.950796,6.3621,;388.950796,6.41222,;388.950796,6.46232,;388.950796,6.51244,;388.950796,6.56253,;384.878737,6.61265,;384.878737,6.66278,;384.878737,6.71289,;384.878737,6.76298,;384.878737,6.8131,;384.878737,6.86321,;384.878737,6.91333,;384.878737,6.96344,;384.878737,7.01354,;384.878737,7.06366,;384.878737,7.11375,;384.878737,7.16384,;375.544150,7.21392,;375.544150,7.26405,;375.544150,7.31413,;375.544150,7.36425,;375.544150,7.41435,;375.544150,7.46448,;375.544150,7.51456,;375.544150,7.56464,;375.544150,7.61476,;375.544150,7.66489,;375.544150,7.71501,;375.544150,7.76512,;375.544150,7.81524,;373.997103,7.86533,;373.997103,7.91546,;373.997103,7.96554,;373.997103,8.01566,;373.997103,8.06569,;373.997103,8.11577,;373.997103,8.16585,;373.997103,8.21597,;373.088201,8.26606,;373.088201,8.31614,;373.088201,8.36623,;373.088201,8.41636,;373.088201,8.46644,;373.088201,8.51656,;373.088201,8.56666,;373.088201,8.61679,;373.088201,8.66689,;373.088201,8.71699,;368.921553,8.76712,;368.921553,8.81724,;368.921553,8.86732,;368.921553,8.91744,;368.921553,8.96755,;368.921553,9.01765,;368.921553,9.06774,;368.921553,9.11782,;368.921553,9.16791,;366.439360,9.21803,;366.439360,9.26814,;366.439360,9.31826,;366.439360,9.36837,;366.439360,9.41847,;366.439360,9.46856,;366.439360,9.51868,;366.439360,9.5688,;366.439360,9.61892,;366.439360,9.66904,;364.464781,9.71916,;364.464781,9.76928,;364.464781,9.81939,;364.464781,9.86951,;364.464781,9.91961,;364.464781,9.96973,;
inf,0.050056,;667.523594,0.100137,;667.523594,0.150224,;667.523594,0.200304,;667.523594,0.250383,;667.523594,0.300467,;574.023637,0.35052,;574.023637,0.400642,;574.023637,0.450721,;574.023637,0.500835,;574.023637,0.550928,;574.023637,0.601019,;574.023637,0.651117,;574.023637,0.701205,;574.023637,0.751287,;574.023637,0.801388,;574.023637,0.851463,;574.023637,0.901572,;574.023637,0.951687,;574.023637,1.0018,;574.023637,1.05189,;574.023637,1.10201,;557.926139,1.15212,;557.926139,1.20225,;557.926139,1.25234,;557.926139,1.30246,;557.926139,1.35255,;557.926139,1.40263,;557.926139,1.45274,;557.926139,1.50282,;557.926139,1.55293,;557.926139,1.60302,;556.848018,1.65314,;556.848018,1.70322,;556.848018,1.75335,;556.848018,1.80346,;556.848018,1.85357,;541.028344,1.90365,;541.028344,1.95374,;541.028344,2.00387,;541.028344,2.05399,;541.028344,2.1041,;541.028344,2.15421,;541.028344,2.2043,;541.028344,2.25442,;541.028344,2.30454,;541.028344,2.35466,;541.028344,2.40477,;541.028344,2.45487,;541.028344,2.50498,;541.028344,2.55508,;541.028344,2.6052,;541.028344,2.65529,;541.028344,2.70542,;541.028344,2.75555,;541.028344,2.80564,;541.028344,2.85576,;541.028344,2.90587,;541.028344,2.95601,;541.028344,3.00613,;541.028344,3.05624,;541.028344,3.10632,;541.028344,3.15642,;541.028344,3.20655,;541.028344,3.25666,;541.028344,3.30675,;541.028344,3.35684,;541.028344,3.40693,;541.028344,3.45706,;541.028344,3.50713,;541.028344,3.55726,;541.028344,3.60735,;541.028344,3.65746,;541.028344,3.70758,;541.028344,3.75769,;541.028344,3.80778,;541.028344,3.8579,;541.028344,3.90802,;541.028344,3.95814,;537.624523,4.00827,;537.624523,4.05836,;537.624523,4.10845,;537.624523,4.15851,;537.624523,4.20863,;537.624523,4.25871,;537.624523,4.30882,;537.624523,4.35891,;537.624523,4.40903,;537.624523,4.45912,;537.624523,4.50922,;537.624523,4.5593,;537.624523,4.60943,;537.624523,4.65951,;537.624523,4.70959,;537.624523,4.75969,;537.624523,4.8098,;537.624523,4.85988,;537.624523,4.91,;537.624523,4.96012,;537.624523,5.01021,;537.624523,5.06031,;537.624523,5.11044,;537.624523,5.16056,;537.624523,5.21064,;537.624523,5.26076,;537.624523,5.31085,;537.624523,5.36097,;537.624523,5.41106,;537.624523,5.46118,;537.624523,5.51127,;537.624523,5.5614,;537.624523,5.6115,;537.624523,5.66162,;537.624523,5.71171,;537.624523,5.76182,;537.624523,5.81194,;537.624523,5.86206,;537.624523,5.91218,;537.624523,5.9623,;537.624523,6.01242,;537.624523,6.06254,;537.624523,6.11265,;537.624523,6.16273,;537.624523,6.21284,;537.624523,6.26293,;537.624523,6.31306,;534.254877,6.36315,;534.254877,6.41324,;534.254877,6.46334,;534.254877,6.51346,;534.254877,6.56358,;534.254877,6.61369,;534.254877,6.66379,;534.254877,6.71392,;534.254877,6.76404,;534.254877,6.81415,;534.254877,6.86424,;534.254877,6.91436,;534.254877,6.96447,;444.674409,7.01454,;444.674409,7.06466,;440.068557,7.11474,;440.068557,7.16486,;440.068557,7.21496,;440.068557,7.26505,;440.068557,7.31514,;440.068557,7.36527,;440.068557,7.41536,;440.068557,7.46547,;440.068557,7.51556,;440.068557,7.56568,;440.068557,7.61577,;440.068557,7.66587,;440.068557,7.71599,;440.068557,7.76611,;440.068557,7.81623,;440.068557,7.86634,;440.068557,7.91647,;440.068557,7.96656,;440.068557,8.01669,;440.068557,8.06678,;440.068557,8.11689,;440.068557,8.16698,;423.265882,8.2171,;423.265882,8.26719,;423.265882,8.31731,;423.265882,8.3674,;423.265882,8.41748,;423.265882,8.4676,;423.265882,8.51772,;423.265882,8.56784,;423.265882,8.61796,;423.265882,8.66808,;423.265882,8.7182,;423.265882,8.76831,;403.907325,8.81843,;403.907325,8.86855,;403.907325,8.91863,;403.907325,8.96875,;403.907325,9.01884,;403.907325,9.06896,;403.907325,9.11905,;403.907325,9.16916,;403.907325,9.21923,;403.907325,9.26935,;403.907325,9.31944,;403.907325,9.36956,;403.907325,9.41966,;403.907325,9.46979,;403.907325,9.51988,;403.907325,9.56996,;403.907325,9.62003,;403.907325,9.67013,;403.907325,9.72025,;403.907325,9.7703,;403.907325,9.82041,;403.907325,9.87053,;403.907325,9.92062,;403.907325,9.9707,;403.761522,10.0208,;
inf,0.0500707,;568.955172,0.100191,;568.955172,0.150276,;568.955172,0.200357,;568.955172,0.250475,;568.955172,0.30059,;567.197138,0.350707,;567.197138,0.400816,;567.197138,0.450928,;563.959132,0.501039,;563.959132,0.551146,;563.200675,0.601262,;563.200675,0.65135,;563.200675,0.701466,;563.200675,0.751551,;553.869694,0.801667,;553.869694,0.851753,;553.869694,0.901853,;553.869694,0.951966,;553.869694,1.00205,;553.869694,1.05213,;553.869694,1.10222,;553.869694,1.15234,;553.869694,1.20242,;552.741393,1.25253,;552.741393,1.30262,;552.741393,1.35274,;552.741393,1.40282,;552.741393,1.45291,;552.741393,1.50298,;552.741393,1.5531,;552.741393,1.60322,;552.741393,1.65328,;552.741393,1.70335,;552.741393,1.75343,;552.741393,1.80354,;552.741393,1.85366,;552.741393,1.90377,;552.741393,1.95385,;552.741393,2.00398,;552.741393,2.05407,;552.741393,2.1042,;552.741393,2.15429,;552.741393,2.20441,;552.741393,2.2545,;552.741393,2.30462,;552.741393,2.35471,;548.462560,2.40479,;548.462560,2.45491,;548.462560,2.50503,;548.462560,2.55511,;548.462560,2.60523,;548.462560,2.65533,;548.462560,2.70542,;548.462560,2.75554,;548.462560,2.80565,;548.462560,2.85577,;548.462560,2.90586,;548.462560,2.95598,;448.138400,3.00607,;448.138400,3.05617,;448.138400,3.10627,;448.138400,3.15638,;448.138400,3.20648,;433.412059,3.25659,;433.412059,3.30671,;433.412059,3.35683,;433.412059,3.40695,;433.412059,3.45707,;433.412059,3.50716,;433.412059,3.55728,;431.731297,3.6074,;431.731297,3.65747,;431.731297,3.70756,;431.731297,3.75767,;431.731297,3.80776,;431.731297,3.85786,;431.731297,3.90798,;431.731297,3.95807,;431.731297,4.00819,;416.014012,4.05832,;413.392457,4.10839,;413.392457,4.15849,;413.392457,4.20857,;413.392457,4.25866,;413.392457,4.30875,;413.392457,4.35884,;413.392457,4.40896,;413.392457,4.45906,;413.392457,4.50915,;413.392457,4.55923,;413.392457,4.60931,;413.392457,4.65939,;413.392457,4.70946,;413.392457,4.75954,;413.392457,4.80964,;399.738169,4.85976,;399.738169,4.90985,;397.675149,4.95998,;397.675149,5.01007,;397.675149,5.06016,;397.675149,5.11028,;397.675149,5.16039,;397.675149,5.21049,;397.675149,5.26065,;397.675149,5.31078,;397.675149,5.3609,;397.675149,5.411,;397.675149,5.46113,;397.675149,5.51123,;397.675149,5.56132,;397.675149,5.61145,;397.675149,5.66152,;397.675149,5.71164,;397.675149,5.76173,;397.675149,5.81186,;397.675149,5.86195,;397.675149,5.91204,;397.675149,5.96213,;397.675149,6.01222,;397.675149,6.06236,;397.675149,6.11248,;397.675149,6.16259,;397.675149,6.2127,;397.675149,6.26278,;397.675149,6.31286,;397.675149,6.36294,;397.675149,6.41304,;397.675149,6.46312,;397.675149,6.51322,;397.675149,6.56332,;397.675149,6.61341,;397.675149,6.66353,;397.675149,6.71362,;397.675149,6.76371,;397.675149,6.81381,;397.675149,6.86391,;397.675149,6.91399,;397.675149,6.96406,;397.675149,7.01414,;397.675149,7.06423,;397.675149,7.11432,;397.675149,7.1644,;397.675149,7.21453,;397.675149,7.26462,;397.675149,7.31471,;397.675149,7.3648,;397.675149,7.41494,;397.675149,7.46507,;397.675149,7.51515,;397.675149,7.56524,;397.675149,7.61533,;397.675149,7.6654,;397.675149,7.71552,;397.675149,7.7656,;397.675149,7.81568,;397.675149,7.86576,;397.675149,7.91588,;397.675149,7.96597,;397.675149,8.01609,;397.675149,8.06618,;397.675149,8.1163,;397.675149,8.16639,;397.675149,8.21646,;397.675149,8.26661,;397.675149,8.3167,;397.675149,8.36679,;397.675149,8.41688,;397.675149,8.46697,;397.675149,8.51705,;397.675149,8.56712,;397.675149,8.6172,;397.675149,8.66729,;397.675149,8.71737,;397.675149,8.76745,;397.675149,8.81752,;397.675149,8.8676,;397.675149,8.91768,;397.675149,8.96775,;397.675149,9.01782,;397.675149,9.06789,;397.675149,9.11797,;397.675149,9.16804,;397.675149,9.21811,;397.675149,9.26819,;397.675149,9.31826,;397.675149,9.36833,;397.675149,9.41841,;397.675149,9.46848,;397.675149,9.51855,;397.675149,9.56863,;397.675149,9.6187,;397.675149,9.66877,;397.675149,9.71884,;397.675149,9.76891,;397.675149,9.81899,;397.675149,9.86907,;397.675149,9.91915,;397.675149,9.96922,;
inf,0.0500757,;inf,0.100158,;734.920441,0.150237,;690.741312,0.200317,;690.741312,0.250394,;690.741312,0.300467,;690.741312,0.350583,;690.741312,0.400702,;690.741312,0.450814,;690.741312,0.500926,;690.741312,0.551005,;690.741312,0.601088,;690.741312,0.651203,;690.741312,0.701311,;690.741312,0.751426,;595.398246,0.801503,;595.398246,0.851582,;595.398246,0.901658,;587.383628,0.951744,;587.383628,1.00182,;570.851138,1.0519,;570.851138,1.102,;570.851138,1.15213,;570.851138,1.20222,;570.851138,1.25234,;570.851138,1.30243,;570.851138,1.35253,;570.851138,1.40266,;570.851138,1.45277,;570.851138,1.50285,;570.851138,1.55296,;570.851138,1.60307,;570.851138,1.65316,;570.851138,1.70328,;570.851138,1.75339,;570.851138,1.80347,;570.851138,1.85359,;570.851138,1.90367,;560.735503,1.95375,;560.735503,2.00384,;560.353311,2.05394,;560.353311,2.10405,;560.353311,2.15414,;560.353311,2.20426,;560.353311,2.25435,;560.353311,2.30447,;560.353311,2.35459,;533.536285,2.40469,;533.536285,2.4548,;527.580328,2.50496,;527.580328,2.55504,;527.580328,2.60509,;527.580328,2.65519,;527.580328,2.70529,;527.580328,2.75537,;527.580328,2.80547,;527.580328,2.85557,;527.580328,2.90564,;527.580328,2.95576,;527.580328,3.00584,;362.009360,3.05595,;362.009360,3.10607,;362.009360,3.15615,;362.009360,3.20625,;362.009360,3.25634,;362.009360,3.30647,;362.009360,3.35655,;362.009360,3.40663,;362.009360,3.45671,;362.009360,3.5068,;362.009360,3.55689,;362.009360,3.60698,;362.009360,3.65706,;362.009360,3.70715,;362.009360,3.75724,;362.009360,3.80732,;362.009360,3.8574,;362.009360,3.90747,;362.009360,3.95755,;362.009360,4.00764,;362.009360,4.05772,;362.009360,4.1078,;362.009360,4.15789,;362.009360,4.20799,;362.009360,4.25808,;362.009360,4.30817,;362.009360,4.35826,;362.009360,4.40836,;362.009360,4.45845,;362.009360,4.50857,;362.009360,4.55865,;362.009360,4.60875,;362.009360,4.65884,;362.009360,4.70893,;362.009360,4.75902,;362.009360,4.8091,;362.009360,4.85917,;362.009360,4.90926,;362.009360,4.95939,;362.009360,5.00949,;362.009360,5.05957,;362.009360,5.10965,;362.009360,5.15974,;362.009360,5.20983,;362.009360,5.25992,;362.009360,5.31,;362.009360,5.36012,;362.009360,5.41022,;356.925697,5.46034,;356.925697,5.51042,;356.925697,5.56054,;356.925697,5.61065,;356.925697,5.66077,;356.925697,5.71088,;356.925697,5.761,;356.925697,5.8111,;356.925697,5.86123,;356.925697,5.91135,;356.925697,5.96143,;356.925697,6.01156,;356.925697,6.06166,;356.925697,6.11174,;356.925697,6.16182,;356.925697,6.2119,;356.925697,6.26199,;356.925697,6.31208,;356.925697,6.36217,;356.925697,6.41226,;356.925697,6.46235,;356.925697,6.51244,;356.925697,6.56252,;356.925697,6.61261,;356.925697,6.6627,;356.925697,6.71279,;356.925697,6.76288,;356.925697,6.81298,;356.925697,6.86307,;356.925697,6.91316,;356.925697,6.96325,;356.925697,7.01334,;356.925697,7.06342,;356.925697,7.11351,;356.925697,7.1636,;356.925697,7.21366,;356.925697,7.26378,;356.925697,7.31385,;356.925697,7.36401,;356.925697,7.41411,;356.925697,7.46424,;356.925697,7.51433,;356.925697,7.56446,;356.925697,7.61455,;356.925697,7.66464,;356.925697,7.71473,;356.925697,7.76482,;356.925697,7.81492,;356.925697,7.86504,;356.925697,7.91516,;356.925697,7.96524,;356.925697,8.01532,;356.925697,8.0654,;356.925697,8.11549,;356.925697,8.16554,;356.925697,8.21567,;356.925697,8.26576,;356.925697,8.31586,;356.925697,8.36599,;356.925697,8.41611,;356.925697,8.46621,;356.925697,8.51636,;356.925697,8.56648,;353.509672,8.61661,;353.509672,8.66674,;353.509672,8.71686,;353.509672,8.76699,;353.509672,8.81711,;353.509672,8.86723,;353.509672,8.91735,;353.509672,8.96746,;353.509672,9.01756,;353.509672,9.06767,;353.509672,9.11775,;353.509672,9.16786,;353.509672,9.21794,;353.509672,9.26806,;353.509672,9.31815,;353.509672,9.36827,;353.509672,9.41837,;353.509672,9.46844,;353.509672,9.51855,;353.509672,9.56866,;353.509672,9.61877,;353.509672,9.66888,;353.509672,9.71899,;353.509672,9.76907,;353.509672,9.81915,;353.509672,9.86923,;353.509672,9.91932,;353.509672,9.9694,;353.509672,10.0196,;
inf,0.0501116,;inf,0.100221,;inf,0.150301,;inf,0.200385,;551.978843,0.250465,;551.978843,0.300552,;533.796003,0.350635,;533.796003,0.400721,;529.146744,0.450814,;529.146744,0.500925,;529.146744,0.551017,;529.146744,0.601135,;529.146744,0.651253,;529.146744,0.70135,;529.146744,0.751471,;529.146744,0.801552,;497.184573,0.851669,;497.184573,0.901793,;497.184573,0.951882,;497.184573,1.00198,;497.184573,1.05213,;489.173525,1.10223,;489.173525,1.15231,;489.173525,1.20239,;489.173525,1.25249,;489.173525,1.30261,;489.173525,1.35272,;489.173525,1.40284,;489.173525,1.45295,;489.173525,1.50306,;489.173525,1.55318,;489.173525,1.60327,;489.173525,1.65335,;489.173525,1.70347,;489.173525,1.75354,;489.173525,1.80362,;489.173525,1.85372,;489.173525,1.90385,;489.173525,1.95396,;489.173525,2.00404,;489.173525,2.05412,;485.116688,2.10421,;485.116688,2.15433,;485.116688,2.20443,;485.116688,2.25452,;485.116688,2.30464,;485.116688,2.35475,;485.116688,2.40487,;485.116688,2.45498,;485.116688,2.5051,;485.116688,2.55521,;485.116688,2.60532,;485.116688,2.65544,;485.116688,2.70551,;485.116688,2.75562,;485.116688,2.8057,;485.116688,2.85582,;485.116688,2.90594,;485.116688,2.95604,;485.116688,3.00613,;485.116688,3.05624,;485.116688,3.10635,;485.116688,3.15646,;485.116688,3.20655,;485.116688,3.25665,;485.116688,3.30674,;485.116688,3.35685,;485.116688,3.40693,;485.116688,3.45701,;485.116688,3.50711,;485.116688,3.5572,;485.116688,3.60728,;485.116688,3.65741,;485.116688,3.70746,;485.116688,3.75755,;485.116688,3.80763,;485.116688,3.85773,;484.808629,3.90786,;484.808629,3.95794,;484.808629,4.00803,;484.808629,4.05811,;484.808629,4.10824,;484.808629,4.15835,;484.808629,4.20843,;484.808629,4.25851,;484.808629,4.30859,;484.808629,4.35869,;484.808629,4.40884,;484.808629,4.45895,;484.808629,4.50902,;484.808629,4.55914,;484.808629,4.60924,;484.808629,4.65935,;484.808629,4.70942,;484.808629,4.75953,;484.808629,4.80961,;484.808629,4.85969,;484.801621,4.90978,;484.801621,4.95989,;484.801621,5.00998,;484.356252,5.06009,;484.356252,5.11018,;484.356252,5.16029,;484.356252,5.21038,;484.356252,5.2605,;484.356252,5.31059,;484.356252,5.36067,;484.356252,5.41075,;484.356252,5.46085,;484.356252,5.51094,;484.165216,5.56103,;484.165216,5.61111,;484.165216,5.6612,;484.165216,5.71129,;484.165216,5.76138,;484.165216,5.8115,;454.166219,5.86159,;454.166219,5.91168,;454.166219,5.96177,;454.166219,6.01185,;454.166219,6.06193,;454.166219,6.11201,;454.166219,6.16213,;454.166219,6.21224,;454.166219,6.26232,;454.166219,6.31242,;454.166219,6.36251,;454.166219,6.41262,;454.166219,6.46272,;454.166219,6.51284,;454.166219,6.56296,;454.166219,6.61308,;454.166219,6.6632,;454.166219,6.71332,;454.166219,6.7634,;454.166219,6.81346,;454.166219,6.86358,;454.166219,6.91367,;454.166219,6.96376,;454.166219,7.01385,;454.166219,7.06394,;446.280739,7.11403,;446.280739,7.16412,;446.280739,7.21421,;446.280739,7.26431,;446.280739,7.31441,;446.280739,7.36453,;446.280739,7.41462,;446.280739,7.46475,;446.280739,7.51485,;446.280739,7.56496,;446.280739,7.61508,;446.280739,7.66519,;446.280739,7.71531,;446.280739,7.76541,;438.904725,7.81549,;438.904725,7.86557,;438.904725,7.91568,;438.904725,7.96577,;438.904725,8.01588,;438.904725,8.066,;438.904725,8.11609,;438.904725,8.16617,;438.904725,8.21628,;438.904725,8.26637,;438.904725,8.31646,;438.904725,8.36656,;438.904725,8.41665,;438.904725,8.46675,;438.904725,8.51683,;438.904725,8.56695,;438.904725,8.61705,;438.904725,8.66715,;438.904725,8.71729,;438.904725,8.76741,;438.904725,8.81746,;438.904725,8.86756,;438.904725,8.91766,;438.904725,8.96778,;438.904725,9.0179,;438.904725,9.06802,;438.904725,9.1181,;438.904725,9.16822,;438.904725,9.21832,;438.904725,9.26843,;438.904725,9.31854,;438.904725,9.36865,;438.904725,9.41874,;399.369296,9.46883,;399.369296,9.51894,;399.369296,9.56907,;399.369296,9.61917,;399.369296,9.66928,;354.468064,9.71937,;354.468064,9.76947,;354.468064,9.81958,;354.468064,9.86969,;354.468064,9.91977,;354.468064,9.96986,;
inf,0.0500576,;inf,0.100147,;inf,0.150237,;673.338014,0.20037,;634.204110,0.250466,;634.204110,0.300573,;634.204110,0.350694,;634.204110,0.400807,;634.204110,0.450918,;634.204110,0.500994,;634.204110,0.551106,;590.760513,0.601214,;590.760513,0.651304,;590.760513,0.70142,;590.760513,0.751521,;590.760513,0.801634,;590.760513,0.851745,;590.760513,0.901856,;590.760513,0.951969,;590.760513,1.00208,;590.760513,1.05217,;568.492508,1.10229,;568.492508,1.15241,;568.492508,1.20251,;568.492508,1.25261,;568.492508,1.30269,;568.492508,1.3528,;568.492508,1.40292,;568.492508,1.45303,;568.492508,1.50313,;568.492508,1.55321,;568.492508,1.60329,;568.492508,1.65338,;568.492508,1.70351,;568.492508,1.75359,;568.492508,1.80372,;568.492508,1.85381,;568.492508,1.90393,;568.492508,1.95401,;568.492508,2.0041,;568.492508,2.05418,;568.492508,2.10432,;568.492508,2.15444,;568.492508,2.20452,;568.492508,2.25462,;568.492508,2.30474,;568.492508,2.35483,;568.492508,2.40491,;568.492508,2.455,;568.492508,2.50508,;568.492508,2.5552,;568.492508,2.60529,;568.492508,2.65538,;568.492508,2.7055,;568.492508,2.75561,;568.492508,2.80569,;568.492508,2.85577,;568.492508,2.90585,;568.492508,2.95597,;568.492508,3.00605,;568.492508,3.05613,;568.492508,3.10623,;568.492508,3.15631,;568.492508,3.2064,;568.492508,3.2565,;568.492508,3.30658,;568.492508,3.35667,;568.492508,3.40677,;568.492508,3.45687,;568.492508,3.50699,;568.492508,3.55712,;568.492508,3.60724,;568.492508,3.65742,;568.492508,3.70753,;568.492508,3.75761,;568.492508,3.80769,;568.492508,3.85783,;568.492508,3.90791,;568.492508,3.95803,;568.492508,4.00811,;568.492508,4.05824,;568.492508,4.10834,;568.492508,4.15846,;563.494964,4.20858,;563.494964,4.25867,;563.494964,4.30878,;563.494964,4.35887,;563.494964,4.40896,;563.494964,4.45905,;563.494964,4.50917,;563.494964,4.55926,;563.494964,4.60936,;563.494964,4.65944,;563.494964,4.70957,;542.135420,4.75968,;524.938793,4.8098,;524.938793,4.85991,;524.938793,4.91003,;524.938793,4.96015,;524.938793,5.01027,;524.938793,5.06039,;524.938793,5.1105,;524.938793,5.16058,;524.938793,5.2107,;524.938793,5.26081,;524.938793,5.31092,;451.269248,5.361,;451.269248,5.4111,;451.269248,5.46119,;451.269248,5.5113,;451.269248,5.56143,;451.269248,5.61154,;451.269248,5.66165,;363.244547,5.71176,;363.244547,5.76188,;363.244547,5.81196,;363.244547,5.86208,;363.244547,5.9122,;363.244547,5.96232,;363.244547,6.01243,;363.244547,6.06255,;363.244547,6.11267,;363.244547,6.16279,;363.244547,6.21288,;363.244547,6.263,;363.244547,6.31308,;363.244547,6.3632,;363.244547,6.41332,;363.244547,6.4634,;363.244547,6.51349,;363.244547,6.56358,;363.244547,6.61368,;363.244547,6.66381,;363.244547,6.71392,;363.244547,6.76404,;363.244547,6.81416,;363.244547,6.86429,;363.244547,6.91441,;363.244547,6.96452,;363.244547,7.01464,;354.353456,7.06476,;354.353456,7.11488,;354.353456,7.16496,;354.353456,7.21505,;354.353456,7.26516,;354.353456,7.31525,;354.353456,7.36536,;354.353456,7.41544,;354.353456,7.46556,;354.353456,7.51567,;354.353456,7.56575,;345.739576,7.61587,;345.739576,7.66596,;345.739576,7.71608,;345.739576,7.76618,;345.739576,7.81631,;345.739576,7.86644,;345.739576,7.91656,;345.739576,7.96667,;345.739576,8.01678,;345.739576,8.0669,;345.739576,8.11698,;345.739576,8.16711,;345.739576,8.21721,;345.739576,8.26732,;345.739576,8.31742,;345.739576,8.36753,;345.739576,8.41765,;345.739576,8.46777,;345.739576,8.51786,;345.739576,8.56798,;345.739576,8.6181,;345.739576,8.66821,;345.739576,8.71834,;345.739576,8.76846,;345.739576,8.81857,;345.739576,8.86869,;345.739576,8.91881,;345.739576,8.96893,;345.739576,9.01904,;345.739576,9.06912,;345.739576,9.11924,;345.739576,9.16934,;345.739576,9.21945,;345.739576,9.26955,;345.739576,9.31966,;345.739576,9.36977,;345.739576,9.41989,;345.739576,9.46999,;345.739576,9.52011,;345.739576,9.57022,;345.739576,9.62038,;345.739576,9.67046,;345.739576,9.72055,;345.739576,9.77067,;345.739576,9.82078,;345.739576,9.87087,;345.739576,9.92095,;345.739576,9.97107,;345.739576,10.0212,;
inf,0.0500554,;705.277036,0.100165,;684.177071,0.150234,;684.177071,0.200314,;684.177071,0.250404,;684.177071,0.300493,;684.177071,0.350624,;684.177071,0.400695,;684.177071,0.4508,;684.177071,0.500873,;684.177071,0.550984,;684.177071,0.601071,;684.177071,0.65115,;684.177071,0.701225,;684.177071,0.751302,;684.177071,0.801376,;684.177071,0.851485,;684.177071,0.901591,;684.177071,0.951701,;684.177071,1.00178,;678.771211,1.05186,;678.771211,1.10196,;675.857716,1.15207,;675.857716,1.20216,;675.857716,1.25227,;675.857716,1.30239,;675.857716,1.35247,;675.857716,1.40261,;675.857716,1.45264,;675.857716,1.50275,;675.857716,1.55282,;675.857716,1.60293,;675.857716,1.65302,;675.857716,1.70314,;675.857716,1.75322,;675.093458,1.80332,;675.093458,1.85339,;675.093458,1.90344,;658.377153,1.95354,;658.377153,2.00363,;650.358524,2.05372,;650.358524,2.10381,;650.358524,2.15393,;650.358524,2.20402,;650.358524,2.25414,;650.358524,2.30425,;650.358524,2.35437,;650.358524,2.40445,;650.358524,2.45453,;650.358524,2.5046,;650.358524,2.55472,;650.358524,2.60479,;650.358524,2.6549,;650.358524,2.70498,;650.358524,2.75507,;650.358524,2.80517,;650.358524,2.85526,;650.358524,2.90535,;650.358524,2.95547,;650.358524,3.00554,;650.358524,3.05564,;650.358524,3.10573,;650.358524,3.15581,;646.391480,3.20593,;646.391480,3.25604,;646.391480,3.30616,;646.391480,3.35627,;646.391480,3.40636,;646.391480,3.45644,;646.391480,3.50652,;646.391480,3.55663,;646.391480,3.60676,;646.391480,3.65683,;646.391480,3.70692,;646.391480,3.757,;646.391480,3.8071,;646.391480,3.8572,;646.391480,3.90731,;642.673389,3.95739,;642.673389,4.00751,;642.673389,4.05762,;642.673389,4.10774,;642.673389,4.15785,;642.673389,4.20797,;642.673389,4.25808,;642.673389,4.30819,;642.673389,4.3583,;642.673389,4.40838,;642.673389,4.4585,;642.673389,4.50858,;642.673389,4.55873,;642.673389,4.6088,;642.673389,4.65891,;642.673389,4.70903,;642.673389,4.75914,;642.673389,4.80923,;642.673389,4.85935,;642.673389,4.90944,;642.673389,4.95956,;642.673389,5.00963,;642.673389,5.05975,;642.673389,5.10984,;642.673389,5.15997,;642.673389,5.21008,;642.673389,5.26019,;642.673389,5.3103,;642.673389,5.36041,;642.673389,5.41053,;642.673389,5.46064,;642.673389,5.51077,;642.673389,5.56085,;642.673389,5.61097,;642.673389,5.66106,;642.673389,5.71118,;642.673389,5.76127,;642.673389,5.81137,;642.673389,5.86145,;642.673389,5.91152,;642.673389,5.96161,;640.704936,6.01173,;640.704936,6.06185,;640.704936,6.11194,;640.704936,6.16207,;640.704936,6.2122,;640.704936,6.26229,;640.704936,6.31238,;640.704936,6.3625,;640.704936,6.41259,;640.704936,6.46268,;640.704936,6.51277,;640.704936,6.56286,;640.704936,6.61294,;640.704936,6.66302,;640.704936,6.71311,;640.704936,6.7632,;640.704936,6.81328,;640.704936,6.8634,;640.704936,6.91348,;640.704936,6.96357,;640.704936,7.01365,;640.704936,7.06377,;640.704936,7.11385,;640.704936,7.16396,;640.704936,7.21406,;640.704936,7.26415,;640.704936,7.31425,;640.704936,7.36433,;640.704936,7.41444,;640.704936,7.46452,;640.704936,7.51463,;640.704936,7.56471,;640.704936,7.61479,;640.704936,7.66488,;640.704936,7.715,;640.704936,7.76508,;640.704936,7.81518,;640.704936,7.86527,;640.704936,7.91539,;640.704936,7.96548,;640.704936,8.01561,;640.704936,8.06569,;640.704936,8.11578,;640.704936,8.16587,;640.704936,8.21598,;639.063262,8.2661,;639.063262,8.31622,;639.063262,8.36634,;639.063262,8.41647,;639.063262,8.46659,;639.063262,8.51664,;639.063262,8.56675,;639.063262,8.61683,;639.063262,8.66694,;639.063262,8.71704,;639.063262,8.76713,;639.063262,8.81722,;639.063262,8.86735,;639.063262,8.91744,;639.063262,8.96752,;639.063262,9.01761,;639.063262,9.06773,;639.063262,9.11781,;639.063262,9.16793,;408.733756,9.21802,;408.733756,9.2681,;408.733756,9.31818,;408.733756,9.3683,;408.733756,9.41838,;408.733756,9.46851,;408.733756,9.51862,;400.131064,9.5687,;400.131064,9.61877,;400.131064,9.66884,;400.131064,9.71896,;400.131064,9.76905,;400.131064,9.81917,;400.131064,9.86926,;400.131064,9.91938,;400.131064,9.96947,;400.131064,10.0196,;
inf,0.0500572,;inf,0.100138,;639.742756,0.150202,;639.742756,0.200319,;630.723817,0.2504,;563.344472,0.300514,;563.344472,0.350608,;563.344472,0.400723,;563.344472,0.450812,;563.344472,0.500927,;563.344472,0.551015,;563.344472,0.601126,;563.344472,0.651207,;563.344472,0.701306,;563.344472,0.751379,;563.344472,0.801458,;563.344472,0.851553,;563.344472,0.901646,;563.344472,0.951766,;563.344472,1.00185,;563.344472,1.05197,;563.344472,1.10205,;563.344472,1.15217,;563.344472,1.20225,;563.344472,1.25235,;563.344472,1.30243,;563.344472,1.35251,;563.344472,1.4026,;563.344472,1.45267,;555.324606,1.50277,;555.324606,1.55287,;555.324606,1.60295,;555.324606,1.65301,;555.324606,1.7031,;555.324606,1.75318,;555.324606,1.80326,;555.324606,1.85335,;551.882675,1.90344,;551.882675,1.95352,;551.882675,2.0036,;551.882675,2.05372,;551.882675,2.10379,;551.882675,2.15387,;551.882675,2.20395,;539.448676,2.25408,;539.448676,2.30416,;539.448676,2.35424,;539.448676,2.40434,;539.448676,2.45442,;539.448676,2.50452,;539.448676,2.55461,;539.448676,2.6047,;539.448676,2.6548,;539.448676,2.70491,;539.448676,2.755,;539.448676,2.80509,;539.448676,2.85518,;539.448676,2.90526,;539.448676,2.95537,;539.448676,3.00548,;539.448676,3.05557,;539.448676,3.10569,;539.448676,3.15581,;539.448676,3.2059,;539.448676,3.256,;539.448676,3.30611,;539.448676,3.35622,;539.448676,3.40633,;539.448676,3.45641,;539.448676,3.50651,;539.448676,3.5566,;539.448676,3.60668,;539.448676,3.65678,;538.130849,3.70685,;538.130849,3.75696,;538.130849,3.80703,;538.130849,3.85714,;538.130849,3.90726,;538.130849,3.95737,;538.130849,4.00748,;538.130849,4.0576,;538.130849,4.10768,;538.130849,4.15777,;530.317576,4.20785,;530.317576,4.25796,;530.317576,4.30807,;530.317576,4.35815,;530.317576,4.40826,;530.317576,4.45838,;523.370513,4.50848,;523.370513,4.55857,;523.370513,4.60865,;523.370513,4.65876,;523.370513,4.70885,;523.370513,4.75894,;523.370513,4.80902,;523.370513,4.85911,;523.370513,4.9092,;523.370513,4.95929,;523.370513,5.00938,;523.370513,5.05947,;523.370513,5.10956,;523.370513,5.15965,;523.370513,5.20977,;523.370513,5.25985,;523.370513,5.30993,;523.370513,5.36005,;523.370513,5.41016,;523.370513,5.46026,;523.370513,5.51033,;523.370513,5.56045,;523.370513,5.61053,;523.370513,5.66062,;523.370513,5.7107,;523.370513,5.76081,;523.370513,5.8109,;523.370513,5.861,;523.370513,5.91109,;523.370513,5.96121,;523.370513,6.0113,;523.370513,6.06138,;523.370513,6.11148,;523.370513,6.16159,;523.370513,6.21166,;523.370513,6.26178,;523.370513,6.31189,;523.370513,6.36199,;523.370513,6.41209,;523.370513,6.46221,;523.370513,6.51229,;523.370513,6.56234,;523.370513,6.61245,;523.370513,6.66252,;523.370513,6.71264,;523.370513,6.76274,;523.370513,6.81285,;523.370513,6.86293,;523.370513,6.91301,;523.370513,6.96309,;523.370513,7.01317,;523.370513,7.06328,;509.364405,7.11339,;509.364405,7.16346,;509.364405,7.21357,;509.364405,7.26366,;509.364405,7.31379,;509.364405,7.36391,;509.364405,7.41403,;509.364405,7.46414,;509.364405,7.5142,;509.364405,7.56432,;509.364405,7.61439,;509.364405,7.66449,;509.364405,7.71458,;509.364405,7.76469,;509.364405,7.81478,;500.791747,7.8649,;500.791747,7.91499,;500.791747,7.96507,;500.791747,8.01517,;500.791747,8.06528,;500.791747,8.11535,;500.791747,8.16548,;500.791747,8.21559,;500.791747,8.2657,;500.791747,8.31582,;500.791747,8.36593,;500.791747,8.41604,;500.791747,8.46616,;490.848602,8.51626,;490.848602,8.56634,;490.848602,8.61645,;490.848602,8.66656,;490.848602,8.71667,;490.848602,8.76678,;490.848602,8.81689,;490.848602,8.867,;490.848602,8.91711,;490.848602,8.96722,;490.848602,9.01731,;490.848602,9.06739,;490.848602,9.11749,;488.835535,9.16758,;488.835535,9.21769,;488.835535,9.26781,;488.835535,9.31791,;488.835535,9.36802,;488.835535,9.41814,;488.835535,9.46826,;488.835535,9.51837,;488.835535,9.56845,;488.835535,9.61855,;488.835535,9.66866,;488.835535,9.71874,;488.835535,9.76885,;488.835535,9.81894,;488.835535,9.86903,;488.835535,9.91916,;485.917083,9.96927,;485.917083,10.0194,;
inf,0.0500905,;inf,0.100175,;inf,0.150287,;inf,0.200359,;679.760267,0.250452,;643.183183,0.300534,;630.195362,0.350653,;630.195362,0.400742,;630.195362,0.450829,;630.195362,0.500951,;630.195362,0.551035,;593.951081,0.601146,;593.951081,0.651254,;593.951081,0.701364,;593.951081,0.751477,;592.292382,0.801589,;580.322157,0.851706,;580.322157,0.901818,;580.322157,0.951891,;580.322157,1.00197,;580.322157,1.05205,;580.322157,1.10212,;580.322157,1.15222,;580.322157,1.20234,;580.322157,1.25242,;580.322157,1.30252,;580.322157,1.35261,;580.322157,1.40273,;580.322157,1.45282,;580.322157,1.50294,;580.322157,1.55304,;580.322157,1.60313,;580.322157,1.65322,;580.322157,1.70335,;580.322157,1.75348,;580.322157,1.8036,;580.322157,1.85371,;580.322157,1.90384,;580.322157,1.95395,;580.322157,2.00403,;580.322157,2.05414,;580.322157,2.10423,;580.322157,2.15431,;580.322157,2.20441,;580.322157,2.25452,;580.322157,2.30461,;580.322157,2.35469,;580.322157,2.40476,;580.322157,2.45483,;580.322157,2.50491,;580.322157,2.55498,;580.322157,2.60506,;580.322157,2.65517,;580.322157,2.70529,;580.322157,2.75542,;580.322157,2.80552,;580.322157,2.85565,;580.322157,2.90573,;580.322157,2.95584,;580.322157,3.00596,;580.322157,3.05605,;580.322157,3.10618,;580.322157,3.15628,;580.322157,3.20641,;580.322157,3.25652,;580.322157,3.30664,;580.322157,3.35674,;580.322157,3.40687,;580.322157,3.45697,;580.322157,3.50709,;580.322157,3.55723,;580.322157,3.60736,;559.285307,3.65746,;559.285307,3.70761,;559.285307,3.75768,;558.997336,3.80781,;558.997336,3.85789,;558.997336,3.90798,;558.997336,3.95806,;558.997336,4.00814,;558.997336,4.05823,;558.997336,4.10833,;558.997336,4.15844,;558.997336,4.20855,;558.997336,4.25863,;558.997336,4.30874,;558.997336,4.35884,;558.997336,4.40896,;558.997336,4.45905,;558.997336,4.50918,;558.997336,4.55925,;552.631295,4.60937,;552.631295,4.65949,;552.631295,4.70957,;552.631295,4.7597,;552.631295,4.80978,;552.631295,4.85983,;552.631295,4.90992,;552.631295,4.96,;540.140424,5.01013,;540.140424,5.06022,;540.140424,5.11033,;540.140424,5.16041,;540.140424,5.21052,;540.140424,5.26061,;540.140424,5.31072,;540.140424,5.36082,;540.140424,5.41089,;540.140424,5.46098,;540.140424,5.51106,;540.140424,5.56115,;540.140424,5.61124,;540.140424,5.66134,;540.140424,5.71144,;540.140424,5.76154,;540.140424,5.81166,;540.140424,5.86176,;446.220564,5.91183,;446.220564,5.96195,;446.220564,6.01203,;415.541341,6.06216,;415.541341,6.11229,;415.541341,6.1624,;415.541341,6.2125,;415.541341,6.2626,;415.541341,6.31271,;415.541341,6.36283,;415.541341,6.41294,;415.541341,6.46307,;415.541341,6.51319,;394.063820,6.56332,;394.063820,6.61344,;394.063820,6.66356,;394.063820,6.71369,;394.063820,6.76382,;394.063820,6.81392,;394.063820,6.86401,;394.063820,6.91411,;394.063820,6.9642,;394.063820,7.01431,;394.063820,7.0644,;394.063820,7.11451,;394.063820,7.16461,;394.063820,7.21473,;394.063820,7.26484,;394.063820,7.31492,;394.063820,7.36504,;394.063820,7.41515,;394.063820,7.46525,;394.063820,7.51533,;394.063820,7.56546,;394.063820,7.61557,;394.063820,7.66565,;394.063820,7.71574,;394.063820,7.76584,;394.063820,7.81592,;394.063820,7.86603,;394.063820,7.91613,;394.063820,7.96622,;394.063820,8.01632,;394.063820,8.0664,;387.680649,8.11649,;387.680649,8.1666,;387.680649,8.21671,;387.680649,8.26678,;387.680649,8.31687,;387.680649,8.36696,;387.680649,8.41709,;387.680649,8.46719,;387.680649,8.51734,;387.680649,8.56746,;387.680649,8.61754,;387.680649,8.66763,;387.680649,8.71772,;387.680649,8.76777,;387.680649,8.81786,;387.680649,8.86794,;387.680649,8.91803,;387.680649,8.96813,;387.680649,9.01823,;387.680649,9.06832,;387.680649,9.11843,;387.680649,9.16852,;387.680649,9.21864,;387.680649,9.26873,;387.680649,9.31882,;387.680649,9.36891,;387.680649,9.419,;387.680649,9.4691,;387.680649,9.51922,;387.680649,9.5693,;387.680649,9.61943,;387.680649,9.66952,;387.680649,9.7196,;387.680649,9.76971,;387.680649,9.81984,;387.680649,9.86995,;387.680649,9.92003,;387.680649,9.97015,;387.680649,10.0202,;
inf,0.0500681,;inf,0.100196,;541.281940,0.150283,;541.281940,0.200398,;541.281940,0.25052,;541.281940,0.300599,;541.281940,0.350679,;541.281940,0.400767,;541.281940,0.450867,;541.281940,0.500984,;541.281940,0.551068,;541.281940,0.601193,;541.281940,0.65128,;541.281940,0.701388,;541.281940,0.751502,;541.281940,0.801584,;541.281940,0.851664,;541.281940,0.901755,;541.281940,0.95187,;541.281940,1.00199,;541.281940,1.0521,;541.281940,1.10222,;541.281940,1.15229,;541.281940,1.20237,;541.281940,1.25245,;541.281940,1.30252,;541.281940,1.35259,;541.281940,1.40267,;541.281940,1.45278,;541.281940,1.5029,;536.412116,1.55298,;536.412116,1.6031,;536.412116,1.65322,;536.412116,1.70331,;536.412116,1.75342,;536.412116,1.80357,;536.412116,1.85365,;536.412116,1.90378,;536.412116,1.95387,;536.412116,2.00399,;536.412116,2.05409,;536.412116,2.10421,;536.412116,2.1543,;536.412116,2.20438,;536.412116,2.25446,;536.412116,2.30455,;536.412116,2.35463,;536.412116,2.4047,;536.412116,2.45478,;536.412116,2.50486,;536.412116,2.55494,;536.412116,2.60507,;536.412116,2.65516,;536.412116,2.70527,;536.412116,2.75536,;536.412116,2.80547,;536.412116,2.85556,;536.412116,2.90568,;536.412116,2.95575,;536.412116,3.00587,;536.412116,3.05596,;536.412116,3.10608,;536.412116,3.15616,;536.412116,3.20625,;536.412116,3.25634,;536.412116,3.30643,;536.412116,3.35651,;536.412116,3.40658,;536.412116,3.45669,;533.947854,3.50678,;533.947854,3.55687,;533.947854,3.60694,;533.947854,3.65706,;533.947854,3.70717,;533.947854,3.75729,;533.947854,3.8074,;533.947854,3.85748,;533.947854,3.90756,;533.947854,3.95766,;533.947854,4.00776,;533.947854,4.05785,;533.947854,4.10798,;533.947854,4.1581,;533.947854,4.20822,;533.947854,4.25833,;533.947854,4.30844,;525.073171,4.35854,;525.073171,4.40866,;525.073171,4.45874,;525.073171,4.50886,;525.073171,4.55894,;525.073171,4.60905,;525.073171,4.65915,;525.073171,4.70926,;525.073171,4.75935,;525.073171,4.80947,;525.073171,4.85956,;525.073171,4.90969,;525.073171,4.95978,;467.784660,5.0099,;467.784660,5.05998,;361.174434,5.1101,;361.174434,5.16017,;361.174434,5.21029,;361.174434,5.2604,;361.174434,5.31052,;361.174434,5.36063,;361.174434,5.41071,;361.174434,5.46082,;361.174434,5.51093,;361.174434,5.56104,;361.174434,5.61116,;361.174434,5.66127,;361.174434,5.71138,;361.174434,5.76149,;361.174434,5.81157,;361.174434,5.86167,;361.174434,5.91175,;361.174434,5.96186,;361.174434,6.01198,;361.174434,6.06206,;361.174434,6.11214,;361.174434,6.16225,;361.174434,6.21232,;361.174434,6.26243,;361.174434,6.31254,;361.174434,6.36262,;361.174434,6.41273,;361.174434,6.46281,;361.174434,6.51292,;361.174434,6.56301,;361.174434,6.6131,;361.174434,6.66318,;361.174434,6.71326,;361.174434,6.76335,;361.174434,6.81347,;361.174434,6.86358,;361.174434,6.91368,;361.174434,6.9638,;361.174434,7.01388,;361.174434,7.06396,;361.174434,7.11409,;361.174434,7.16417,;361.174434,7.21426,;361.174434,7.26434,;361.174434,7.31442,;361.174434,7.3645,;361.174434,7.41457,;361.174434,7.46465,;361.174434,7.51475,;361.174434,7.56486,;361.174434,7.61495,;361.174434,7.66508,;361.174434,7.7152,;361.174434,7.76527,;361.174434,7.81535,;361.174434,7.86546,;361.174434,7.91554,;361.174434,7.96567,;361.174434,8.01578,;361.174434,8.06587,;361.174434,8.11599,;361.174434,8.1661,;361.174434,8.21622,;361.174434,8.26633,;361.174434,8.31644,;361.174434,8.36656,;361.174434,8.41667,;361.174434,8.46674,;361.174434,8.51687,;361.174434,8.56698,;361.174434,8.61706,;361.174434,8.66714,;361.174434,8.71723,;361.174434,8.76732,;361.174434,8.81739,;361.174434,8.86749,;361.174434,8.9176,;361.174434,8.96769,;361.174434,9.01777,;361.174434,9.06787,;361.174434,9.11796,;361.174434,9.16807,;361.174434,9.21819,;361.174434,9.2683,;361.174434,9.31838,;361.174434,9.36849,;361.174434,9.41856,;361.174434,9.46864,;361.174434,9.51872,;361.174434,9.56883,;361.174434,9.61893,;361.174434,9.66905,;361.174434,9.71916,;361.174434,9.76924,;361.174434,9.81931,;361.174434,9.86942,;361.174434,9.91953,;361.174434,9.96964,;361.174434,10.0198,;
inf,0.0500634,;inf,0.100152,;inf,0.150247,;788.187605,0.200326,;750.544740,0.250405,;750.544740,0.300473,;750.544740,0.350553,;750.544740,0.400646,;750.544740,0.45074,;724.013608,0.500846,;724.013608,0.550896,;724.013608,0.600975,;724.013608,0.651051,;724.013608,0.701155,;724.013608,0.751231,;724.013608,0.801353,;724.013608,0.851439,;686.266667,0.901551,;686.266667,0.951636,;686.266667,1.00172,;685.933739,1.0518,;685.933739,1.10191,;685.933739,1.15199,;685.933739,1.2021,;685.933739,1.25218,;685.933739,1.3023,;685.933739,1.35238,;685.933739,1.40245,;685.933739,1.45256,;685.933739,1.50267,;685.933739,1.55276,;685.933739,1.60284,;685.933739,1.65292,;685.933739,1.703,;685.933739,1.75308,;685.933739,1.80315,;685.933739,1.85322,;681.309375,1.90332,;681.309375,1.95343,;612.022078,2.00354,;612.022078,2.05365,;612.022078,2.10373,;612.022078,2.1538,;612.022078,2.20392,;612.022078,2.25399,;612.022078,2.30407,;612.022078,2.35418,;612.022078,2.40425,;612.022078,2.45437,;612.022078,2.50445,;612.022078,2.55454,;612.022078,2.60462,;612.022078,2.65473,;612.022078,2.70481,;612.022078,2.75491,;612.022078,2.80499,;612.022078,2.85507,;612.022078,2.90515,;612.022078,2.95523,;612.022078,3.00535,;612.022078,3.05543,;612.022078,3.10551,;612.022078,3.15558,;612.022078,3.20566,;612.022078,3.25575,;612.022078,3.30587,;612.022078,3.35595,;612.022078,3.40607,;612.022078,3.45615,;612.022078,3.50626,;612.022078,3.55638,;612.022078,3.60649,;612.022078,3.65661,;612.022078,3.70669,;612.022078,3.7568,;612.022078,3.80688,;612.022078,3.85702,;612.022078,3.90709,;612.022078,3.9572,;612.022078,4.00727,;612.022078,4.05736,;612.022078,4.10744,;612.022078,4.15752,;612.022078,4.20764,;612.022078,4.25771,;612.022078,4.30782,;612.022078,4.35793,;612.022078,4.40802,;612.022078,4.4581,;612.022078,4.50822,;612.022078,4.5583,;612.022078,4.60839,;612.022078,4.65847,;612.022078,4.70854,;612.022078,4.75862,;612.022078,4.80877,;612.022078,4.85886,;612.022078,4.90895,;612.022078,4.95903,;612.022078,5.00914,;612.022078,5.05923,;612.022078,5.10935,;612.022078,5.15943,;612.022078,5.20955,;610.340520,5.25964,;610.340520,5.30972,;610.340520,5.35981,;610.340520,5.40989,;610.340520,5.45998,;610.340520,5.51007,;610.340520,5.56017,;584.724971,5.61028,;540.336027,5.66037,;540.336027,5.71049,;540.336027,5.76061,;540.336027,5.81073,;540.336027,5.86081,;540.336027,5.91089,;540.336027,5.96098,;540.336027,6.01106,;540.336027,6.06118,;540.336027,6.11125,;540.336027,6.16136,;540.336027,6.21146,;533.929572,6.26157,;533.929572,6.31166,;533.929572,6.36178,;533.929572,6.41186,;533.929572,6.46196,;533.929572,6.51206,;533.929572,6.56214,;533.929572,6.61224,;533.929572,6.66236,;533.929572,6.71248,;533.929572,6.7626,;533.929572,6.8127,;533.929572,6.8628,;533.929572,6.91288,;533.929572,6.96296,;533.929572,7.01307,;533.929572,7.06315,;533.929572,7.11324,;533.929572,7.16334,;533.929572,7.21346,;533.929572,7.26354,;533.929572,7.31363,;533.929572,7.36371,;533.929572,7.41379,;533.929572,7.46387,;533.929572,7.51395,;387.387411,7.56406,;387.387411,7.61415,;387.387411,7.66425,;387.387411,7.71433,;387.387411,7.76441,;387.387411,7.81454,;387.387411,7.86462,;384.387200,7.91471,;384.387200,7.96478,;384.387200,8.01491,;384.387200,8.06503,;380.001711,8.11511,;380.001711,8.16523,;380.001711,8.21533,;380.001711,8.26542,;380.001711,8.31551,;380.001711,8.36559,;380.001711,8.41568,;380.001711,8.46581,;380.001711,8.5159,;380.001711,8.56602,;380.001711,8.6161,;380.001711,8.66619,;380.001711,8.71627,;380.001711,8.76636,;380.001711,8.81649,;380.001711,8.86657,;380.001711,8.9167,;380.001711,8.96678,;380.001711,9.0169,;380.001711,9.06697,;375.646469,9.11705,;375.646469,9.16713,;375.646469,9.21722,;375.646469,9.26733,;375.646469,9.31741,;375.646469,9.36749,;375.646469,9.41759,;375.646469,9.46768,;375.646469,9.51775,;375.646469,9.56785,;355.399800,9.61793,;355.399800,9.66804,;355.399800,9.71811,;355.399800,9.7682,;355.399800,9.81833,;355.399800,9.86841,;355.399800,9.91849,;355.399800,9.96857,;355.399800,10.0186,;
.
control_mod_RRT
10 common properties
goal_bias = 0.05
intermediate_states = 0
longest_valid_segment_fraction = 0.01
max_control_duration = 20
min_control_duration = 1
projection.cellsize.0 = 5
projection.cellsize.1 = 5
projection.cellsize_factor = 0
propagation_step_size = 0.1
valid_segment_count_factor = 1
14 properties for each run
approximate solution BOOLEAN
correct solution BOOLEAN
graph motions INTEGER
graph states INTEGER
memory REAL
solution clearance REAL
solution difference REAL
solution length REAL
solution path length REAL
solution segments INTEGER
solved BOOLEAN
status ENUM
time REAL
valid segment fraction REAL
100 runs
0; 1; 14070; 14071; 134.48; 0; 0; 32.8; 239.028; 328; 1; 6; 0.422643; 0; 
0; 1; 3296; 3297; 136.027; 0; 0; 32.6; 252.346; 326; 1; 6; 0.0884337; 0; 
0; 1; 10733; 10734; 136.027; 0; 0; 38.3; 287.466; 383; 1; 6; 0.344002; 0; 
0; 1; 5543; 5544; 136.027; 0; 0; 26.3; 214.017; 263; 1; 6; 0.156309; 0; 
0; 1; 3156; 3157; 136.027; 0; 0; 27.8; 197.071; 278; 1; 6; 0.074449; 0; 
0; 1; 5676; 5677; 136.027; 0; 0; 26.1; 192.374; 261; 1; 6; 0.179971; 0; 
0; 1; 7578; 7579; 136.027; 0; 0; 32.7; 233.924; 327; 1; 6; 0.232855; 0; 
0; 1; 3331; 3332; 136.027; 0; 0; 33.2; 246.805; 332; 1; 6; 0.0963675; 0; 
0; 1; 7575; 7576; 136.027; 0; 0; 37.9; 258.789; 379; 1; 6; 0.247577; 0; 
0; 1; 4991; 4992; 136.027; 0; 0; 25; 204.914; 250; 1; 6; 0.133661; 0; 
0; 1; 3919; 3920; 136.027; 0; 0; 29.5; 228.783; 284; 1; 6; 0.102583; 0; 
0; 1; 11631; 11632; 136.027; 0; 0; 27.3; 206.646; 273; 1; 6; 0.415268; 0; 
0; 1; 5717; 5718; 136.027; 0; 0; 32; 224.832; 320; 1; 6; 0.149159; 0; 
0; 1; 9158; 9159; 136.027; 0; 0; 39.6; 298.802; 396; 1; 6; 0.271045; 0; 
0; 1; 6358; 6359; 136.027; 0; 0; 39.1; 272.163; 391; 1; 6; 0.188387; 0; 
0; 1; 8392; 8393; 136.027; 0; 0; 26.8; 173.117; 268; 1; 6; 0.253528; 0; 
0; 1; 7805; 7806; 136.027; 0; 0; 32.9; 252.914; 329; 1; 6; 0.257168; 0; 
0; 1; 10422; 10423; 136.027; 0; 0; 35.2; 279.531; 352; 1; 6; 0.330374; 0; 
0; 1; 11276; 11277; 136.027; 0; 0; 28.5; 235.952; 285; 1; 6; 0.337149; 0; 
0; 1; 9299; 9300; 136.027; 0; 0; 38.8; 254.375; 388; 1; 6; 0.294363; 0; 
0; 1; 7788; 7789; 136.027; 0; 0; 34.4; 263.454; 344; 1; 6; 0.22193; 0; 
0; 1; 5996; 5997; 136.027; 0; 0; 30.5; 233.794; 305; 1; 6; 0.178658; 0; 
0; 1; 6844; 6845; 136.027; 0; 0; 30.7; 205.36; 307; 1; 6; 0.202157; 0; 
0; 1; 14594; 14595; 136.027; 0; 0; 37.2; 276.405; 372; 1; 6; 0.476653; 0; 
0; 1; 3818; 3819; 136.027; 0; 0; 27.5; 202.485; 263; 1; 6; 0.115245; 0; 
0; 1; 3171; 3172; 136.027; 0; 0; 26.9; 194.247; 269; 1; 6; 0.0865891; 0; 
0; 1; 4056; 4057; 136.027; 0; 0; 29.2; 213.301; 292; 1; 6; 0.118981; 0; 
0; 1; 10777; 10778; 136.027; 0; 0; 38.5; 262.89; 385; 1; 6; 0.333539; 0; 
0; 1; 10513; 10514; 136.285; 0; 0; 31.7; 213.17; 317; 1; 6; 0.322957; 0; 
0; 1; 6703; 6704; 136.285; 0; 0; 34.1; 262.392; 337; 1; 6; 0.208433; 0; 
0; 1; 10228; 10229; 136.285; 0; 0; 31.9; 238.741; 319; 1; 6; 0.325827; 0; 
0; 1; 6695; 6696; 136.285; 0; 0; 28.6; 245.11; 286; 1; 6; 0.201237; 0; 
0; 1; 7414; 7415; 136.285; 0; 0; 40.4; 305.875; 404; 1; 6; 0.235258; 0; 
0; 1; 10670; 10671; 136.285; 0; 0; 39; 261.359; 390; 1; 6; 0.346672; 0; 
0; 1; 8290; 8291; 136.285; 0; 0; 32.7; 250.56; 327; 1; 6; 0.257083; 0; 
0; 1; 8001; 8002; 136.285; 0; 0; 36; 270.826; 343; 1; 6; 0.233584; 0; 
0; 1; 4201; 4202; 136.285; 0; 0; 25.1; 207.138; 251; 1; 6; 0.115077; 0; 
0; 1; 3578; 3579; 136.285; 0; 0; 24.8; 205.193; 248; 1; 6; 0.0969027; 0; 
0; 1; 13054; 13055; 136.285; 0; 0; 29.2; 221.128; 292; 1; 6; 0.38658; 0; 
0; 1; 8254; 8255; 136.543; 0; 0; 29.9; 228.564; 299; 1; 6; 0.235544; 0; 
0; 1; 5622; 5623; 136.543; 0; 0; 39.3; 293.977; 393; 1; 6; 0.159608; 0; 
0; 1; 11219; 11220; 136.543; 0; 0; 31.8; 225.627; 303; 1; 6; 0.3471; 0; 
0; 1; 8794; 8795; 136.543; 0; 0; 33.2; 249.091; 332; 1; 6; 0.284292; 0; 
0; 1; 5946; 5947; 136.543; 0; 0; 33.3; 242.529; 333; 1; 6; 0.153822; 0; 
0; 1; 12004; 12005; 136.543; 0; 0; 29.9; 230.605; 292; 1; 6; 0.400447; 0; 
0; 1; 6121; 6122; 136.543; 0; 0; 31.4; 248.424; 314; 1; 6; 0.196326; 0; 
0; 1; 10256; 10257; 136.543; 0; 0; 35.6; 266.634; 356; 1; 6; 0.291529; 0; 
0; 1; 5278; 5279; 136.543; 0; 0; 29.7; 226.97; 297; 1; 6; 0.168601; 0; 
0; 1; 8733; 8734; 136.543; 0; 0; 37.4; 300.708; 374; 1; 6; 0.252813; 0; 
0; 1; 8279; 8280; 136.543; 0; 0; 28.1; 235.952; 281; 1; 6; 0.256939; 0; 
0; 1; 8125; 8126; 136.543; 0; 0; 43.9; 290.442; 439; 1; 6; 0.232573; 0; 
0; 1; 5064; 5065; 136.543; 0; 0; 30.9; 231.468; 309; 1; 6; 0.160485; 0; 
0; 1; 9002; 9003; 136.543; 0; 0; 29.5; 211.213; 295; 1; 6; 0.302298; 0; 
0; 1; 6592; 6593; 136.543; 0; 0; 27.1; 199.415; 271; 1; 6; 0.193529; 0; 
0; 1; 8842; 8843; 136.543; 0; 0; 34.9; 242.277; 349; 1; 6; 0.298635; 0; 
0; 1; 15731; 15732; 136.543; 0; 0; 31.5; 244.16; 315; 1; 6; 0.505593; 0; 
0; 1; 8991; 8992; 136.801; 0; 0; 30.5; 218.818; 305; 1; 6; 0.284786; 0; 
0; 1; 11366; 11367; 137.316; 0; 0; 37.8; 276.453; 376; 1; 6; 0.359245; 0; 
0; 1; 13467; 13468; 137.316; 0; 0; 33.8; 255.526; 338; 1; 6; 0.451295; 0; 
0; 1; 7919; 7920; 137.574; 0; 0; 34.6; 244.934; 346; 1; 6; 0.258879; 0; 
0; 1; 9404; 9405; 137.574; 0; 0; 33.6; 250.768; 336; 1; 6; 0.316792; 0; 
0; 1; 5697; 5698; 137.574; 0; 0; 31.4; 243.673; 314; 1; 6; 0.158493; 0; 
0; 1; 10840; 10841; 137.574; 0; 0; 37.4; 288.6; 374; 1; 6; 0.321443; 0; 
0; 1; 8528; 8529; 137.574; 0; 0; 40.5; 304.149; 405; 1; 6; 0.243629; 0; 
0; 1; 3889; 3890; 137.574; 0; 0; 33.1; 229.434; 324; 1; 6; 0.0998454; 0; 
0; 1; 4361; 4362; 137.574; 0; 0; 32.8; 233.113; 328; 1; 6; 0.132673; 0; 
0; 1; 5165; 5166; 137.574; 0; 0; 27.2; 218.005; 272; 1; 6; 0.138471; 0; 
0; 1; 7967; 7968; 137.574; 0; 0; 28.9; 199.437; 289; 1; 6; 0.255473; 0; 
0; 1; 5387; 5388; 137.574; 0; 0; 35.6; 241.476; 356; 1; 6; 0.167546; 0; 
0; 1; 4376; 4377; 137.574; 0; 0; 32.4; 239.058; 324; 1; 6; 0.114039; 0; 
0; 1; 15139; 15140; 137.574; 0; 0; 33.7; 256.651; 337; 1; 6; 0.490143; 0; 
0; 1; 9129; 9130; 137.574; 0; 0; 30.9; 231.37; 309; 1; 6; 0.282808; 0; 
0; 1; 10175; 10176; 137.574; 0; 0; 28.8; 197.83; 288; 1; 6; 0.337922; 0; 
0; 1; 6391; 6392; 137.574; 0; 0; 33; 242.292; 330; 1; 6; 0.175988; 0; 
0; 1; 4003; 4004; 137.574; 0; 0; 31.7; 227.395; 317; 1; 6; 0.127107; 0; 
0; 1; 7607; 7608; 137.574; 0; 0; 23.5; 184.411; 235; 1; 6; 0.222342; 0; 
0; 1; 4892; 4893; 137.574; 0; 0; 25.4; 224.499; 254; 1; 6; 0.14632; 0; 
0; 1; 14446; 14447; 137.574; 0; 0; 34.4; 267.448; 333; 1; 6; 0.442542; 0; 
0; 1; 8607; 8608; 137.574; 0; 0; 26.2; 207.251; 262; 1; 6; 0.295875; 0; 
0; 1; 5064; 5065; 137.574; 0; 0; 35.6; 258.275; 356; 1; 6; 0.145863; 0; 
0; 1; 5238; 5239; 137.574; 0; 0; 35.1; 260.097; 351; 1; 6; 0.150118; 0; 
0; 1; 6691; 6692; 137.574; 0; 0; 39.7; 285.876; 397; 1; 6; 0.198198; 0; 
0; 1; 5475; 5476; 137.574; 0; 0; 26.4; 197.502; 264; 1; 6; 0.180864; 0; 
0; 1; 4648; 4649; 137.574; 0; 0; 32.2; 248.565; 322; 1; 6; 0.125297; 0; 
0; 1; 8216; 8217; 137.574; 0; 0; 38.5; 268.022; 385; 1; 6; 0.271959; 0; 
0; 1; 5432; 5433; 137.574; 0; 0; 23.4; 185.186; 234; 1; 6; 0.162876; 0; 
0; 1; 4007; 4008; 137.574; 0; 0; 25.3; 203.877; 253; 1; 6; 0.106614; 0; 
0; 1; 6289; 6290; 137.574; 0; 0; 43; 289.137; 430; 1; 6; 0.19472; 0; 
0; 1; 6872; 6873; 137.574; 0; 0; 36.7; 260.44; 367; 1; 6; 0.191636; 0; 
0; 1; 4521; 4522; 137.574; 0; 0; 33.4; 224.881; 334; 1; 6; 0.136167; 0; 
0; 1; 11753; 11754; 137.574; 0; 0; 37.2; 266.64; 372; 1; 6; 0.443024; 0; 
0; 1; 7372; 7373; 137.574; 0; 0; 31.8; 225.091; 318; 1; 6; 0.213378; 0; 
0; 1; 12013; 12014; 137.574; 0; 0; 35.1; 241.884; 351; 1; 6; 0.421705; 0; 
0; 1; 6539; 6540; 137.574; 0; 0; 33.6; 212.804; 336; 1; 6; 0.189472; 0; 
0; 1; 8779; 8780; 137.574; 0; 0; 32.8; 255.94; 328; 1; 6; 0.302143; 0; 
0; 1; 5317; 5318; 137.574; 0; 0; 23.3; 181.875; 233; 1; 6; 0.160781; 0; 
0; 1; 7829; 7830; 137.574; 0; 0; 40.2; 272.764; 402; 1; 6; 0.225661; 0; 
0; 1; 13773; 13774; 137.574; 0; 0; 34.2; 255.628; 342; 1; 6; 0.462278; 0; 
0; 1; 5598; 5599; 137.574; 0; 0; 27.1; 210.306; 271; 1; 6; 0.152361; 0; 
0; 1; 3379; 3380; 137.574; 0; 0; 31.2; 231.629; 312; 1; 6; 0.08228; 0; 
.
