OMPL version 
Experiment wasserstein
5 experiment properties
Q_value double = 0.200000
R double = 0.100000
R_bad_value double = 5.000000
bias_value double = 0.200000
first_solution bool = 0
Running on Vivaldi
Starting at 2024-07-06 19:25:54
<<<|
Properties of the state space 'R2_BELIEFRealVectorSpace0'
  - signature: 2 1 2 
  - dimension: 2
  - extent: 141.421
  - sanity checks for state space passed
  - probability of valid states: 0.814
  - average length of a valid motion: 32.3516
  - average number of samples drawn per second: sampleUniform()=2.41383e+07 sampleUniformNear()=2.50576e+07 sampleGaussian()=1.20903e+07
Settings for the state space 'R2_BELIEFRealVectorSpace0'
  - state validity check resolution: 1%
  - valid segment count factor: 1
  - state space:
Real vector state space 'R2_BELIEFRealVectorSpace0' of dimension 2 with bounds: 
  - min: 0 0 
  - max: 100 100 

Declared parameters:
longest_valid_segment_fraction = 0.01
max_control_duration = 20
min_control_duration = 1
projection.cellsize.0 = 5
projection.cellsize.1 = 5
projection.cellsize_factor = 0
propagation_step_size = 0.1
valid_segment_count_factor = 1
Valid state sampler named uniform with parameters:
nr_attempts = 100
  - control space:
Real vector control space 'RealVectorControl[R2_BELIEFRealVectorSpace0]' with bounds: 
  - min: -10 -10 
  - max: 10 10 
  - can propagate backward: no
  - propagation step size: 0.1
  - propagation duration: [1, 20]
Planner KPIECE1 specs:
Multithreaded:                 No
Reports approximate solutions: Yes
Can optimize solutions:        No
Aware of the following parameters: bad_score_factor border_fraction goal_bias good_score_factor max_close_samples
Declared parameters for planner KPIECE1:
bad_score_factor = 0.45
border_fraction = 0.8
goal_bias = 0.05
good_score_factor = 0.9
max_close_samples = 30
Start states:
RealVectorState [90 1]
Goal region, threshold = 10, memory address = 0x1262940
Optimization Objective: Path Length @0x1262040
Optimization Threshold: 0
Average state cost: 0
There are 1 solutions

Properties of benchmarked planners:
Planner SSBT specs:
Multithreaded:                 No
Reports approximate solutions: Yes
Can optimize solutions:        No
Aware of the following parameters: goal_bias pruning_radius selection_radius
Planner mod_RRT specs:
Multithreaded:                 No
Reports approximate solutions: Yes
Can optimize solutions:        No
Aware of the following parameters: goal_bias intermediate_states
|>>>
<<<|
Architecture:                       x86_64
CPU op-mode(s):                     32-bit, 64-bit
Byte Order:                         Little Endian
Address sizes:                      39 bits physical, 48 bits virtual
CPU(s):                             16
On-line CPU(s) list:                0-15
Thread(s) per core:                 2
Core(s) per socket:                 8
Socket(s):                          1
NUMA node(s):                       1
Vendor ID:                          GenuineIntel
CPU family:                         6
Model:                              167
Model name:                         11th Gen Intel(R) Core(TM) i7-11700K @ 3.60GHz
Stepping:                           1
CPU MHz:                            3600.000
CPU max MHz:                        5000.0000
CPU min MHz:                        800.0000
BogoMIPS:                           7200.00
Virtualization:                     VT-x
L1d cache:                          384 KiB
L1i cache:                          256 KiB
L2 cache:                           4 MiB
L3 cache:                           16 MiB
NUMA node0 CPU(s):                  0-15
Vulnerability Gather data sampling: Mitigation; Microcode
Vulnerability Itlb multihit:        Not affected
Vulnerability L1tf:                 Not affected
Vulnerability Mds:                  Not affected
Vulnerability Meltdown:             Not affected
Vulnerability Mmio stale data:      Mitigation; Clear CPU buffers; SMT vulnerable
Vulnerability Retbleed:             Mitigation; Enhanced IBRS
Vulnerability Spec rstack overflow: Not affected
Vulnerability Spec store bypass:    Mitigation; Speculative Store Bypass disabled via prctl and seccomp
Vulnerability Spectre v1:           Mitigation; usercopy/swapgs barriers and __user pointer sanitization
Vulnerability Spectre v2:           Mitigation; Enhanced IBRS, IBPB conditional, RSB filling, PBRSB-eIBRS SW sequence
Vulnerability Srbds:                Not affected
Vulnerability Tsx async abort:      Not affected
Flags:                              fpu vme de pse tsc msr pae mce cx8 apic sep mtrr pge mca cmov pat pse36 clflush dts acpi mmx fxsr sse sse2 ss ht tm pbe syscall nx pdpe1gb rdtscp lm constant_tsc art arch_perfmon pebs bts rep_good nopl xtopology nonstop_tsc cpuid aperfmperf tsc_known_freq pni pclmulqdq dtes64 monitor ds_cpl vmx smx est tm2 ssse3 sdbg fma cx16 xtpr pdcm pcid sse4_1 sse4_2 x2apic movbe popcnt tsc_deadline_timer aes xsave avx f16c rdrand lahf_lm abm 3dnowprefetch cpuid_fault epb invpcid_single ssbd ibrs ibpb stibp ibrs_enhanced tpr_shadow vnmi flexpriority ept vpid ept_ad fsgsbase tsc_adjust bmi1 avx2 smep bmi2 erms invpcid mpx avx512f avx512dq rdseed adx smap avx512ifma clflushopt intel_pt avx512cd sha_ni avx512bw avx512vl xsaveopt xsavec xgetbv1 xsaves dtherm ida arat pln pts hwp hwp_notify hwp_act_window hwp_epp hwp_pkg_req avx512vbmi umip pku ospke avx512_vbmi2 gfni vaes vpclmulqdq avx512_vnni avx512_bitalg avx512_vpopcntdq rdpid fsrm md_clear flush_l1d arch_capabilities
|>>>
10943687569353796 is the random seed
10 seconds per run
1000 MB per run
100 runs per planner
1026.73 seconds spent to collect the data
1 enum type
status|Unknown status|Invalid start|Invalid goal|Unrecognized goal type|Timeout|Approximate solution|Exact solution|Crash|Unknown status
2 planners
control_SSBT
11 common properties
goal_bias = 0.05
longest_valid_segment_fraction = 0.01
max_control_duration = 20
min_control_duration = 1
projection.cellsize.0 = 5
projection.cellsize.1 = 5
projection.cellsize_factor = 0
propagation_step_size = 0.1
pruning_radius = 1
selection_radius = 5
valid_segment_count_factor = 1
15 properties for each run
approximate solution BOOLEAN
best cost REAL
correct solution BOOLEAN
graph motions INTEGER
graph states INTEGER
memory REAL
solution clearance REAL
solution difference REAL
solution length REAL
solution path length REAL
solution segments INTEGER
solved BOOLEAN
status ENUM
time REAL
valid segment fraction REAL
100 runs
0; 236.423027; 1; 19529; 19531; 29.3086; 0; 0; 10.2; 94.3626; 8; 1; 6; 10.0463; 0; 
0; 236.025966; 1; 18307; 18309; 33.0039; 0; 0; 10; 101.697; 14; 1; 6; 10.0791; 0; 
0; 229.930144; 1; 19117; 19119; 33.5391; 0; 0; 9.9; 91.8997; 9; 1; 6; 10.0748; 0; 
0; 231.661937; 1; 17884; 17886; 37.1445; 0; 0; 9.9; 96.2512; 12; 1; 6; 10.0138; 0; 
0; 242.453618; 1; 18539; 18541; 39.207; 0; 0; 10.3; 102.402; 12; 1; 6; 10.0237; 0; 
0; 223.790317; 1; 18761; 18763; 39.207; 0; 0; 9.4; 99.0961; 8; 1; 6; 10.1076; 0; 
0; 226.177362; 1; 17998; 18000; 40.75; 0; 0; 9.6; 95.8769; 10; 1; 6; 10.0608; 0; 
0; 223.167952; 1; 18345; 18347; 39.7266; 0; 0; 9.4; 97.3906; 8; 1; 6; 10.01; 0; 
0; 227.792347; 1; 18796; 18798; 40.2227; 0; 0; 9.7; 95.3935; 13; 1; 6; 10.0598; 0; 
0; 243.469896; 1; 18270; 18272; 41.5664; 0; 0; 10.4; 101.334; 9; 1; 6; 10.0559; 0; 
0; 226.760259; 1; 18996; 18998; 42.3867; 0; 0; 9.7; 92.9266; 9; 1; 6; 10.0779; 0; 
0; 224.855949; 1; 18589; 18591; 43.7852; 0; 0; 9.5; 96.599; 11; 1; 6; 10.0616; 0; 
0; 233.734903; 1; 18555; 18557; 44.7734; 0; 0; 10; 96.3454; 11; 1; 6; 10.1083; 0; 
0; 231.775440; 1; 18823; 18825; 47.8633; 0; 0; 9.9; 96.6485; 11; 1; 6; 10.0798; 0; 
0; 225.552432; 1; 18261; 18263; 50.6992; 0; 0; 9.7; 90.2289; 11; 1; 6; 10.0659; 0; 
0; 232.579803; 1; 18403; 18405; 49.6641; 0; 0; 9.9; 98.3768; 9; 1; 6; 10.1005; 0; 
0; 223.350907; 1; 18405; 18407; 49.543; 0; 0; 9.4; 97.9289; 8; 1; 6; 10.0752; 0; 
0; 229.177875; 1; 18201; 18203; 50.1875; 0; 0; 9.7; 98.0583; 10; 1; 6; 10.0241; 0; 
0; 233.276514; 1; 18072; 18074; 51.207; 0; 0; 10; 95.7795; 10; 1; 6; 10.0525; 0; 
0; 223.873974; 1; 19323; 19325; 54.2969; 0; 0; 9.5; 95.2008; 9; 1; 6; 10.0526; 0; 
0; 223.383220; 1; 18119; 18121; 56.875; 0; 0; 9.5; 93.7488; 11; 1; 6; 10.0076; 0; 
0; 227.349819; 1; 18176; 18178; 56.0664; 0; 0; 9.7; 94.7629; 9; 1; 6; 10.026; 0; 
0; 238.190913; 1; 17306; 17308; 56.1992; 0; 0; 10.2; 98.321; 11; 1; 6; 10.0572; 0; 
0; 237.018962; 1; 18504; 18506; 56.4492; 0; 0; 10.1; 99.7062; 9; 1; 6; 10.0262; 0; 
0; 244.079933; 1; 18431; 18433; 59.7969; 0; 0; 10.6; 93.9989; 11; 1; 6; 10.0441; 0; 
0; 230.155936; 1; 18598; 18600; 61.3438; 0; 0; 9.8; 95.9429; 12; 1; 6; 10.036; 0; 
0; 225.280730; 1; 18887; 18889; 60.9531; 0; 0; 9.5; 97.6372; 10; 1; 6; 10.0589; 0; 
0; 229.864576; 1; 18250; 18252; 61.6875; 0; 0; 9.9; 91.0926; 13; 1; 6; 10.0389; 0; 
0; 223.095924; 1; 19270; 19272; 62.332; 0; 0; 9.4; 97.7508; 6; 1; 6; 10.0697; 0; 
0; 232.821105; 1; 19987; 19989; 66.1953; 0; 0; 9.9; 98.6638; 11; 1; 6; 10.0934; 0; 
0; 228.070291; 1; 17746; 17748; 68.7734; 0; 0; 9.6; 99.2852; 7; 1; 6; 10.077; 0; 
0; 233.435159; 1; 18297; 18299; 68.7734; 0; 0; 10.1; 90.3165; 9; 1; 6; 10.0264; 0; 
0; 228.041927; 1; 18531; 18533; 67.8359; 0; 0; 9.7; 96.1982; 11; 1; 6; 10.0349; 0; 
0; 237.271474; 1; 18594; 18596; 68.8359; 0; 0; 10.1; 99.455; 8; 1; 6; 10.0404; 0; 
0; 234.373977; 1; 18565; 18567; 69.2617; 0; 0; 9.9; 102.405; 10; 1; 6; 10.0817; 0; 
0; 242.952894; 1; 18192; 18194; 72.3516; 0; 0; 10.4; 100.424; 12; 1; 6; 10.078; 0; 
0; 234.541870; 1; 18646; 18648; 74.9297; 0; 0; 9.9; 101.719; 11; 1; 6; 10.0418; 0; 
0; 234.503955; 1; 18374; 18376; 74.0898; 0; 0; 9.9; 101.059; 7; 1; 6; 10.0683; 0; 
0; 229.587494; 1; 18776; 18778; 74.0273; 0; 0; 9.9; 91.0309; 8; 1; 6; 10.0623; 0; 
0; 229.623059; 1; 17807; 17809; 74.8281; 0; 0; 9.9; 91.0546; 11; 1; 6; 10.0778; 0; 
0; 225.398067; 1; 17590; 17592; 75.4805; 0; 0; 9.4; 102.59; 13; 1; 6; 10.0379; 0; 
0; 233.827446; 1; 18176; 18178; 76.4492; 0; 0; 10; 94.777; 8; 1; 6; 10.0337; 0; 
0; 218.632510; 1; 18559; 18561; 77.9414; 0; 0; 9.3; 91.2068; 11; 1; 6; 10.0983; 0; 
0; 227.995782; 1; 18152; 18154; 79.1758; 0; 0; 9.7; 95.9283; 8; 1; 6; 10.0738; 0; 
0; 225.876704; 1; 17936; 17938; 80.1055; 0; 0; 9.7; 91.133; 9; 1; 6; 10.0254; 0; 
0; 235.114257; 1; 18077; 18079; 83.4531; 0; 0; 10.2; 90.4352; 9; 1; 6; 10.0072; 0; 
0; 227.174435; 1; 18611; 18613; 82.9414; 0; 0; 9.7; 94.1714; 10; 1; 6; 10.0194; 0; 
0; 239.138797; 1; 18634; 18636; 83.5195; 0; 0; 10.3; 95.8943; 9; 1; 6; 10.0565; 0; 
0; 228.076462; 1; 18730; 18732; 86.6094; 0; 0; 9.7; 96.3664; 9; 1; 6; 10.0861; 0; 
0; 227.067179; 1; 18250; 18252; 88.6719; 0; 0; 9.6; 97.6695; 11; 1; 6; 10.0736; 0; 
0; 215.832562; 1; 18093; 18095; 88.5352; 0; 0; 9.1; 93.3779; 7; 1; 6; 10.0729; 0; 
0; 223.370592; 1; 18082; 18084; 90.3359; 0; 0; 9.4; 97.4312; 7; 1; 6; 10.0302; 0; 
0; 222.388235; 1; 18694; 18696; 91.3672; 0; 0; 9.4; 96.1646; 7; 1; 6; 10.0127; 0; 
0; 240.123156; 1; 17967; 17969; 90.8125; 0; 0; 10.2; 103.145; 10; 1; 6; 10.0441; 0; 
0; 215.936782; 1; 18431; 18433; 90.7812; 0; 0; 9.2; 89.4993; 6; 1; 6; 10.0564; 0; 
0; 229.085860; 1; 19124; 19126; 94.3867; 0; 0; 9.8; 93.6354; 12; 1; 6; 10.0722; 0; 
0; 235.977095; 1; 17781; 17783; 96.4492; 0; 0; 10.2; 92.9182; 8; 1; 6; 10.0458; 0; 
0; 240.148069; 1; 18127; 18129; 96.2617; 0; 0; 10.2; 102.364; 10; 1; 6; 10.043; 0; 
0; 222.255769; 1; 18815; 18817; 96.2617; 0; 0; 9.4; 95.1798; 8; 1; 6; 10.0553; 0; 
0; 230.881302; 1; 18154; 18156; 96.7539; 0; 0; 10; 89.7208; 9; 1; 6; 10.0352; 0; 
0; 231.135344; 1; 18866; 18868; 97.6016; 0; 0; 9.8; 98.6873; 10; 1; 6; 10.0826; 0; 
0; 239.763750; 1; 18674; 18676; 100.691; 0; 0; 10.4; 93.053; 9; 1; 6; 10.0466; 0; 
0; 226.903447; 1; 18104; 18106; 102.496; 0; 0; 9.7; 93.5518; 9; 1; 6; 10.0646; 0; 
0; 234.885182; 1; 18164; 18166; 102.027; 0; 0; 10.1; 93.7615; 11; 1; 6; 10.0641; 0; 
0; 227.288702; 1; 18913; 18915; 102.633; 0; 0; 9.6; 98.8103; 9; 1; 6; 10.026; 0; 
0; 221.266784; 1; 19285; 19287; 103.359; 0; 0; 9.3; 97.6096; 9; 1; 6; 10.088; 0; 
0; 230.802460; 1; 17844; 17846; 104.488; 0; 0; 9.8; 98.1419; 10; 1; 6; 10.0394; 0; 
0; 234.120613; 1; 18430; 18432; 104.934; 0; 0; 9.9; 102.002; 14; 1; 6; 10.0477; 0; 
0; 235.367519; 1; 17981; 17983; 106.395; 0; 0; 10.1; 96.0776; 11; 1; 6; 10.0588; 0; 
0; 241.439837; 1; 18591; 18593; 107.211; 0; 0; 10.4; 96.8016; 12; 1; 6; 10.0045; 0; 
0; 240.459035; 1; 18717; 18719; 108.676; 0; 0; 10.3; 98.0487; 10; 1; 6; 10.0768; 0; 
0; 230.815464; 1; 18361; 18363; 109.637; 0; 0; 9.7; 101.963; 8; 1; 6; 10.0931; 0; 
0; 242.096419; 1; 18095; 18097; 112.469; 0; 0; 10.5; 92.8948; 10; 1; 6; 10.032; 0; 
0; 227.729973; 1; 18086; 18088; 114.531; 0; 0; 9.7; 95.5666; 8; 1; 6; 10.035; 0; 
0; 225.634638; 1; 18668; 18670; 114.578; 0; 0; 9.7; 89.958; 10; 1; 6; 10.0634; 0; 
0; 237.791971; 1; 18172; 18174; 114.586; 0; 0; 10.2; 96.428; 11; 1; 6; 10.0465; 0; 
0; 231.179191; 1; 17545; 17547; 114.992; 0; 0; 9.9; 94.7642; 8; 1; 6; 10.0527; 0; 
0; 225.797146; 1; 17596; 17598; 115.762; 0; 0; 9.6; 94.978; 10; 1; 6; 10.0605; 0; 
0; 230.076222; 1; 17980; 17982; 118.852; 0; 0; 9.7; 100.283; 12; 1; 6; 10.0158; 0; 
0; 227.803080; 1; 17887; 17889; 118.719; 0; 0; 9.7; 95.7039; 7; 1; 6; 10.0505; 0; 
0; 228.967908; 1; 18899; 18901; 121.551; 0; 0; 9.8; 93.8961; 11; 1; 6; 10.1065; 0; 
0; 226.999258; 1; 18026; 18028; 122.832; 0; 0; 9.7; 93.573; 12; 1; 6; 10.0648; 0; 
0; 249.737416; 1; 18078; 18080; 124.121; 0; 0; 10.9; 94.2873; 9; 1; 6; 10.0387; 0; 
0; 228.709312; 1; 18360; 18362; 123.84; 0; 0; 9.8; 93.0885; 9; 1; 6; 10.0394; 0; 
0; 236.211944; 1; 18185; 18187; 124.094; 0; 0; 10.2; 92.7796; 11; 1; 6; 10.1078; 0; 
0; 224.423174; 1; 18173; 18175; 124.789; 0; 0; 9.6; 91.5174; 8; 1; 6; 10.0052; 0; 
0; 236.223638; 1; 17695; 17697; 125.742; 0; 0; 10.1; 97.609; 10; 1; 6; 10.1054; 0; 
0; 226.303915; 1; 17642; 17644; 125.246; 0; 0; 9.7; 91.7006; 9; 1; 6; 10.0886; 0; 
0; 227.320645; 1; 17500; 17502; 126.176; 0; 0; 9.8; 89.9713; 8; 1; 6; 10.0641; 0; 
0; 232.995763; 1; 17165; 17167; 127.129; 0; 0; 9.9; 98.4821; 12; 1; 6; 10.0908; 0; 
0; 240.888275; 1; 17858; 17860; 127.996; 0; 0; 10.4; 94.9855; 9; 1; 6; 10.0873; 0; 
0; 241.679857; 1; 17312; 17314; 131.602; 0; 0; 10.4; 97.796; 12; 1; 6; 10.0645; 0; 
0; 230.091136; 1; 17836; 17838; 132.625; 0; 0; 9.8; 96.3305; 7; 1; 6; 10.0188; 0; 
0; 237.386564; 1; 17857; 17859; 133.656; 0; 0; 10.2; 96.6957; 11; 1; 6; 10.0041; 0; 
0; 229.619637; 1; 17760; 17762; 135.461; 0; 0; 9.7; 99.6293; 10; 1; 6; 10.0111; 0; 
0; 224.938750; 1; 17943; 17945; 134.73; 0; 0; 9.6; 92.6165; 12; 1; 6; 10.0137; 0; 
0; 229.759989; 1; 17402; 17404; 135.508; 0; 0; 9.9; 91.0174; 9; 1; 6; 10.0188; 0; 
0; 256.660551; 1; 17981; 17983; 135.781; 0; 0; 11.2; 97.746; 12; 1; 6; 10.1048; 0; 
0; 238.019703; 1; 18333; 18335; 137.176; 0; 0; 10.2; 97.6143; 10; 1; 6; 10.0229; 0; 
0; 231.664020; 1; 18022; 18024; 140.266; 0; 0; 9.9; 96.1261; 10; 1; 6; 10.008; 0; 
2 progress properties for each run
best cost REAL
time REAL
100 runs
361.966690,0.0500589,;361.966690,0.100154,;330.243953,0.150263,;330.243953,0.200339,;330.243953,0.250418,;330.243953,0.300506,;330.243953,0.350645,;330.243953,0.400729,;330.243953,0.450803,;330.243953,0.500885,;330.243953,0.551001,;330.243953,0.60109,;327.898768,0.651206,;327.898768,0.701309,;327.898768,0.751418,;327.898768,0.801546,;327.898768,0.85167,;327.898768,0.901791,;288.474154,0.951903,;288.474154,1.00201,;288.474154,1.05214,;288.474154,1.10224,;288.474154,1.15232,;288.474154,1.20242,;288.474154,1.25254,;288.474154,1.30268,;288.474154,1.35277,;288.474154,1.40288,;288.474154,1.453,;288.474154,1.50311,;288.474154,1.55323,;288.474154,1.60334,;288.474154,1.65343,;288.474154,1.70351,;288.474154,1.75362,;288.474154,1.80375,;288.474154,1.85387,;288.474154,1.90399,;288.474154,1.9541,;288.474154,2.00416,;288.474154,2.05427,;288.474154,2.10434,;288.474154,2.15445,;288.474154,2.20454,;288.474154,2.25465,;288.474154,2.30475,;288.474154,2.35487,;288.474154,2.40498,;288.474154,2.45509,;288.474154,2.5052,;288.474154,2.55533,;288.474154,2.60544,;288.474154,2.65556,;288.474154,2.70568,;288.474154,2.75576,;288.474154,2.80589,;288.474154,2.85599,;288.474154,2.9061,;288.474154,2.95616,;288.474154,3.00628,;288.474154,3.05635,;288.474154,3.10643,;285.914555,3.15653,;285.914555,3.20664,;285.914555,3.25673,;285.914555,3.30683,;285.914555,3.35691,;285.914555,3.40699,;285.914555,3.45707,;285.914555,3.50719,;285.914555,3.55731,;285.914555,3.60739,;285.914555,3.65748,;285.914555,3.70757,;285.914555,3.75767,;285.914555,3.80779,;285.914555,3.85788,;285.914555,3.908,;285.914555,3.95809,;263.232612,4.00817,;263.232612,4.05828,;263.232612,4.10836,;263.232612,4.15848,;263.232612,4.20859,;263.232612,4.25869,;263.232612,4.30877,;263.232612,4.35884,;263.232612,4.40892,;263.232612,4.459,;263.232612,4.50908,;261.781590,4.5592,;261.781590,4.6093,;261.781590,4.65942,;261.781590,4.70952,;261.781590,4.75961,;261.781590,4.8097,;261.781590,4.85979,;261.781590,4.90989,;261.781590,4.95998,;261.781590,5.01007,;261.781590,5.06011,;261.781590,5.11023,;261.781590,5.16031,;261.781590,5.2104,;261.781590,5.2605,;261.781590,5.31062,;261.781590,5.36071,;261.781590,5.41081,;258.829740,5.4609,;258.829740,5.51102,;258.829740,5.56113,;258.829740,5.61122,;258.829740,5.66138,;258.829740,5.71146,;258.829740,5.76155,;258.829740,5.81164,;252.686283,5.86177,;252.686283,5.91187,;252.686283,5.962,;252.686283,6.01212,;252.686283,6.06224,;252.686283,6.11232,;252.686283,6.16244,;252.686283,6.21253,;239.056743,6.26265,;239.056743,6.31273,;239.056743,6.36285,;239.056743,6.41295,;239.056743,6.46303,;239.056743,6.51312,;239.056743,6.56321,;239.056743,6.61329,;239.056743,6.66341,;239.056743,6.71351,;239.056743,6.76363,;239.056743,6.81372,;239.056743,6.86382,;239.056743,6.9139,;239.056743,6.96399,;239.056743,7.01407,;239.056743,7.06415,;239.056743,7.11424,;239.056743,7.16432,;239.056743,7.2144,;239.056743,7.26447,;239.056743,7.31459,;239.056743,7.3647,;239.056743,7.41481,;239.056743,7.46491,;239.056743,7.515,;239.056743,7.56512,;239.056743,7.61523,;239.056743,7.66531,;239.056743,7.71539,;239.056743,7.76548,;239.056743,7.81557,;239.056743,7.86564,;239.056743,7.91576,;239.056743,7.96588,;239.056743,8.01599,;239.056743,8.0661,;239.056743,8.11616,;239.056743,8.16625,;239.056743,8.21633,;239.056743,8.26645,;239.056743,8.31653,;239.056743,8.36665,;236.423027,8.41674,;236.423027,8.46686,;236.423027,8.51696,;236.423027,8.56709,;236.423027,8.61718,;236.423027,8.66729,;236.423027,8.71742,;236.423027,8.76758,;236.423027,8.81766,;236.423027,8.8678,;236.423027,8.91791,;236.423027,8.968,;236.423027,9.01812,;236.423027,9.06824,;236.423027,9.11835,;236.423027,9.16844,;236.423027,9.21853,;236.423027,9.26861,;236.423027,9.31873,;236.423027,9.36882,;236.423027,9.4189,;236.423027,9.46902,;236.423027,9.51915,;236.423027,9.56923,;236.423027,9.61935,;236.423027,9.66943,;236.423027,9.71955,;236.423027,9.76964,;236.423027,9.81974,;236.423027,9.86982,;236.423027,9.91992,;236.423027,9.97002,;236.423027,10.0201,;
inf,0.0500586,;694.495158,0.100174,;682.000058,0.150247,;413.764363,0.200365,;413.764363,0.250439,;367.971401,0.300554,;367.971401,0.350639,;346.071661,0.400737,;346.071661,0.450846,;346.071661,0.500919,;346.071661,0.551009,;346.071661,0.601124,;346.071661,0.651235,;346.071661,0.701345,;344.805440,0.751433,;344.805440,0.801555,;344.805440,0.851637,;333.421577,0.901765,;333.421577,0.951887,;333.421577,1.00193,;333.421577,1.05204,;295.474475,1.10211,;295.474475,1.15223,;295.474475,1.20232,;295.474475,1.25244,;295.474475,1.30255,;295.474475,1.35266,;295.474475,1.40277,;295.474475,1.45288,;295.474475,1.50296,;291.238960,1.55307,;291.238960,1.60316,;291.238960,1.65325,;291.238960,1.70336,;291.238960,1.75346,;291.238960,1.80358,;291.238960,1.8537,;291.238960,1.90381,;291.238960,1.95391,;291.238960,2.00399,;291.238960,2.05406,;291.238960,2.10418,;291.238960,2.15426,;291.238960,2.20436,;291.238960,2.25445,;291.238960,2.30454,;291.238960,2.35464,;291.238960,2.40472,;291.238960,2.45483,;291.238960,2.50495,;291.238960,2.55504,;291.238960,2.60512,;291.238960,2.6552,;291.238960,2.70528,;291.238960,2.75537,;283.455570,2.8055,;275.146984,2.85562,;275.146984,2.9057,;275.146984,2.9558,;275.146984,3.00592,;275.146984,3.05603,;275.146984,3.10611,;275.146984,3.15624,;275.146984,3.20634,;275.146984,3.25646,;275.146984,3.30656,;246.986626,3.35665,;246.986626,3.40673,;246.986626,3.45682,;246.986626,3.5069,;246.986626,3.55699,;246.986626,3.60708,;246.986626,3.65716,;246.986626,3.70728,;246.986626,3.7574,;246.986626,3.80751,;246.986626,3.85759,;246.986626,3.9077,;246.986626,3.95778,;246.986626,4.0079,;246.986626,4.05796,;246.986626,4.10804,;246.986626,4.15812,;246.986626,4.20824,;246.986626,4.25832,;246.986626,4.30844,;246.986626,4.35852,;246.986626,4.40861,;246.986626,4.4587,;246.986626,4.5088,;246.986626,4.55892,;246.986626,4.60904,;246.986626,4.65912,;246.986626,4.70924,;246.986626,4.75935,;246.986626,4.80944,;246.986626,4.85953,;246.986626,4.90966,;246.716180,4.95978,;246.716180,5.00987,;246.716180,5.06,;246.716180,5.11008,;246.716180,5.16017,;246.716180,5.2103,;246.716180,5.26039,;246.716180,5.31051,;246.716180,5.36061,;246.716180,5.41073,;246.716180,5.46083,;246.716180,5.51091,;246.716180,5.56104,;246.716180,5.61113,;246.716180,5.66126,;246.716180,5.71135,;246.716180,5.76144,;246.716180,5.81156,;246.716180,5.86168,;246.716180,5.91176,;245.480831,5.96189,;245.480831,6.01198,;245.480831,6.06206,;245.480831,6.11214,;245.480831,6.16226,;245.480831,6.21238,;245.480831,6.26248,;245.480831,6.31257,;245.480831,6.36267,;245.480831,6.41277,;245.480831,6.46286,;245.480831,6.51295,;245.480831,6.56306,;244.635587,6.61315,;244.635587,6.66325,;244.635587,6.71337,;244.635587,6.76346,;244.635587,6.81355,;244.635587,6.86368,;244.635587,6.91377,;244.635587,6.9639,;244.635587,7.01396,;239.866194,7.06409,;239.866194,7.11417,;239.866194,7.16426,;239.866194,7.21436,;239.866194,7.26448,;239.866194,7.31456,;239.866194,7.36468,;239.866194,7.41478,;239.866194,7.46489,;239.866194,7.51499,;239.866194,7.56511,;239.866194,7.61521,;239.866194,7.66533,;239.866194,7.71546,;239.866194,7.76555,;239.866194,7.81568,;239.866194,7.8658,;239.866194,7.91593,;239.866194,7.96601,;239.866194,8.01611,;239.866194,8.06619,;239.866194,8.11634,;239.866194,8.16646,;239.866194,8.21654,;239.866194,8.26666,;239.866194,8.31673,;239.866194,8.36684,;236.025966,8.41695,;236.025966,8.46703,;236.025966,8.51716,;236.025966,8.56728,;236.025966,8.61736,;236.025966,8.66745,;236.025966,8.71753,;236.025966,8.76763,;236.025966,8.81776,;236.025966,8.86785,;236.025966,8.91793,;236.025966,8.96806,;236.025966,9.01814,;236.025966,9.06826,;236.025966,9.11834,;236.025966,9.16851,;236.025966,9.21858,;236.025966,9.2687,;236.025966,9.31877,;236.025966,9.36887,;236.025966,9.41897,;236.025966,9.46909,;236.025966,9.51921,;236.025966,9.56935,;236.025966,9.61946,;236.025966,9.66956,;236.025966,9.71968,;236.025966,9.76977,;236.025966,9.81988,;236.025966,9.86997,;236.025966,9.92005,;236.025966,9.97014,;236.025966,10.0202,;236.025966,10.0703,;
inf,0.0500969,;910.395938,0.100213,;850.483686,0.150303,;850.483686,0.20045,;850.483686,0.250528,;850.483686,0.300609,;850.483686,0.350726,;850.483686,0.400811,;849.980847,0.450901,;849.980847,0.500987,;319.592716,0.551113,;319.592716,0.6012,;319.592716,0.651323,;315.775990,0.701402,;315.775990,0.751504,;313.455607,0.801593,;313.455607,0.85167,;313.455607,0.901786,;313.455607,0.951863,;313.455607,1.00198,;313.455607,1.05206,;313.455607,1.10213,;313.455607,1.15226,;313.455607,1.20234,;313.455607,1.25246,;304.854754,1.30258,;304.854754,1.3527,;304.854754,1.40282,;304.854754,1.45291,;304.854754,1.50303,;304.854754,1.55314,;304.854754,1.60327,;304.854754,1.65336,;304.854754,1.70347,;304.854754,1.75357,;304.854754,1.80363,;304.854754,1.85375,;304.854754,1.90382,;304.854754,1.95395,;304.854754,2.004,;304.854754,2.05408,;304.854754,2.10416,;304.854754,2.15427,;266.250344,2.20435,;266.250344,2.25446,;266.250344,2.30454,;266.250344,2.35463,;266.250344,2.40472,;266.250344,2.45486,;266.250344,2.50494,;266.250344,2.55506,;266.250344,2.60516,;266.250344,2.65524,;266.250344,2.70541,;266.250344,2.7555,;266.250344,2.80559,;266.250344,2.85566,;266.250344,2.90576,;266.250344,2.95584,;266.250344,3.00592,;266.250344,3.05602,;266.250344,3.1061,;266.250344,3.15619,;266.250344,3.20629,;266.250344,3.25638,;266.250344,3.30647,;266.250344,3.35657,;266.250344,3.40669,;266.250344,3.45678,;266.250344,3.50687,;266.250344,3.55695,;238.998513,3.60707,;238.998513,3.65716,;238.998513,3.70725,;238.998513,3.75734,;238.998513,3.80741,;238.998513,3.8575,;238.998513,3.9076,;238.998513,3.9577,;238.998513,4.00778,;238.998513,4.05785,;238.998513,4.10794,;238.998513,4.15804,;238.998513,4.20814,;238.998513,4.25826,;238.998513,4.30834,;238.998513,4.35845,;238.998513,4.40855,;231.952668,4.45863,;231.952668,4.50872,;231.952668,4.5588,;231.952668,4.60889,;231.952668,4.65902,;229.946989,4.70913,;229.946989,4.75922,;229.946989,4.80931,;229.946989,4.85939,;229.946989,4.90947,;229.946989,4.95956,;229.946989,5.00966,;229.946989,5.05974,;229.946989,5.10982,;229.946989,5.15991,;229.946989,5.21,;229.946989,5.26011,;229.946989,5.31019,;229.946989,5.36028,;229.930144,5.4104,;229.930144,5.46049,;229.930144,5.51061,;229.930144,5.5607,;229.930144,5.61082,;229.930144,5.66093,;229.930144,5.71105,;229.930144,5.76115,;229.930144,5.81131,;229.930144,5.86143,;229.930144,5.91153,;229.930144,5.96165,;229.930144,6.01173,;229.930144,6.06182,;229.930144,6.1119,;229.930144,6.16199,;229.930144,6.2121,;229.930144,6.26219,;229.930144,6.31231,;229.930144,6.36242,;229.930144,6.41251,;229.930144,6.4626,;229.930144,6.51268,;229.930144,6.56285,;229.930144,6.61294,;229.930144,6.66306,;229.930144,6.71314,;229.930144,6.76327,;229.930144,6.81336,;229.930144,6.86344,;229.930144,6.91355,;229.930144,6.96364,;229.930144,7.01372,;229.930144,7.0638,;229.930144,7.11388,;229.930144,7.16402,;229.930144,7.21411,;229.930144,7.26421,;229.930144,7.3143,;229.930144,7.36439,;229.930144,7.41449,;229.930144,7.46458,;229.930144,7.51466,;229.930144,7.56477,;229.930144,7.61485,;229.930144,7.66494,;229.930144,7.71507,;229.930144,7.76515,;229.930144,7.81526,;229.930144,7.86535,;229.930144,7.91543,;229.930144,7.96552,;229.930144,8.01561,;229.930144,8.06571,;229.930144,8.1158,;229.930144,8.16588,;229.930144,8.21598,;229.930144,8.26609,;229.930144,8.31618,;229.930144,8.36626,;229.930144,8.41634,;229.930144,8.46644,;229.930144,8.51652,;229.930144,8.56662,;229.930144,8.61674,;229.930144,8.66683,;229.930144,8.71694,;229.930144,8.76707,;229.930144,8.81717,;229.930144,8.86729,;229.930144,8.91741,;229.930144,8.9675,;229.930144,9.01758,;229.930144,9.06767,;229.930144,9.11774,;229.930144,9.16782,;229.930144,9.21795,;229.930144,9.26806,;229.930144,9.31819,;229.930144,9.36832,;229.930144,9.4184,;229.930144,9.46851,;229.930144,9.51862,;229.930144,9.56871,;229.930144,9.6188,;229.930144,9.66893,;229.930144,9.71903,;229.930144,9.76912,;229.930144,9.81924,;229.930144,9.86936,;229.930144,9.91947,;229.930144,9.96959,;229.930144,10.0196,;229.930144,10.0698,;
inf,0.0500698,;699.326692,0.100193,;699.326692,0.150285,;699.326692,0.200388,;699.326692,0.250473,;699.326692,0.300592,;699.326692,0.350668,;699.326692,0.400773,;337.258321,0.450856,;337.258321,0.500934,;337.258321,0.551054,;337.258321,0.601144,;337.258321,0.651227,;337.258321,0.701344,;337.258321,0.751457,;337.258321,0.801547,;337.258321,0.851641,;332.457223,0.901759,;332.457223,0.951876,;332.457223,1.00195,;323.647155,1.05206,;323.647155,1.10214,;312.871822,1.15223,;312.871822,1.20231,;312.871822,1.25242,;312.871822,1.3025,;312.871822,1.35261,;312.871822,1.40272,;312.871822,1.45285,;301.822252,1.50293,;301.822252,1.55306,;301.822252,1.60314,;301.822252,1.65326,;301.822252,1.70337,;301.822252,1.75348,;301.822252,1.80359,;301.822252,1.85371,;301.822252,1.90382,;301.822252,1.9539,;273.326021,2.00398,;273.326021,2.05406,;273.326021,2.10418,;273.326021,2.15427,;273.326021,2.20439,;273.326021,2.25448,;273.326021,2.30456,;262.732263,2.35464,;262.732263,2.40472,;262.732263,2.4548,;262.732263,2.50488,;262.732263,2.55496,;262.732263,2.60508,;262.732263,2.6552,;262.732263,2.70529,;262.732263,2.75538,;244.779738,2.80548,;244.779738,2.85561,;244.779738,2.90572,;244.779738,2.95581,;244.779738,3.00589,;244.779738,3.05601,;244.779738,3.1061,;244.779738,3.15618,;244.779738,3.20629,;244.779738,3.25639,;244.779738,3.30646,;244.779738,3.35658,;244.779738,3.40669,;244.779738,3.45679,;244.779738,3.50687,;244.779738,3.55695,;244.779738,3.60704,;244.779738,3.65712,;244.779738,3.7072,;244.779738,3.75728,;244.779738,3.80737,;244.779738,3.85744,;244.779738,3.90752,;244.779738,3.9576,;244.779738,4.00768,;244.779738,4.05775,;244.779738,4.10784,;244.779738,4.15792,;244.779738,4.208,;244.779738,4.25807,;244.779738,4.30815,;244.779738,4.35826,;244.779738,4.40834,;244.779738,4.45844,;244.779738,4.50856,;244.779738,4.55864,;244.779738,4.60873,;244.779738,4.65879,;244.779738,4.70887,;244.779738,4.75896,;244.779738,4.80904,;244.779738,4.85912,;244.779738,4.9092,;244.779738,4.95928,;244.779738,5.00937,;244.779738,5.05944,;244.779738,5.10953,;244.779738,5.15961,;244.779738,5.20968,;244.779738,5.25976,;244.779738,5.30984,;244.779738,5.35992,;244.779738,5.41,;244.779738,5.46008,;244.779738,5.51016,;244.779738,5.56028,;244.779738,5.61035,;244.779738,5.66048,;244.779738,5.71056,;244.779738,5.76068,;239.106101,5.81079,;239.106101,5.8609,;239.106101,5.911,;239.106101,5.96112,;239.106101,6.01124,;239.106101,6.06136,;239.106101,6.11149,;239.106101,6.1616,;239.106101,6.21172,;239.106101,6.26184,;239.106101,6.31192,;239.106101,6.362,;239.106101,6.41211,;239.106101,6.46223,;239.106101,6.51235,;239.106101,6.56244,;239.106101,6.61258,;239.106101,6.66268,;239.106101,6.7128,;239.106101,6.76289,;239.106101,6.81302,;239.106101,6.86314,;239.106101,6.91323,;239.106101,6.96332,;239.106101,7.01344,;239.106101,7.06352,;239.106101,7.11364,;239.106101,7.16376,;239.106101,7.21384,;239.106101,7.26392,;239.106101,7.314,;239.106101,7.36411,;239.106101,7.41423,;239.106101,7.46435,;239.106101,7.51443,;239.106101,7.56452,;239.106101,7.61462,;234.080766,7.66475,;234.080766,7.71484,;234.080766,7.76497,;234.080766,7.8151,;234.080766,7.86521,;234.080766,7.9153,;234.080766,7.96542,;234.080766,8.01554,;234.080766,8.06566,;234.080766,8.11578,;234.080766,8.16586,;234.080766,8.21598,;234.080766,8.26606,;234.080766,8.31617,;234.080766,8.36627,;234.080766,8.41639,;234.080766,8.46649,;234.080766,8.51657,;234.080766,8.56668,;234.080766,8.6168,;234.080766,8.66692,;234.080766,8.71705,;234.080766,8.76716,;234.080766,8.81729,;234.080766,8.86738,;234.080766,8.91749,;234.080766,8.96762,;234.080766,9.01773,;234.080766,9.06785,;234.080766,9.11793,;234.080766,9.16801,;234.080766,9.2181,;234.080766,9.26822,;234.080766,9.31832,;231.661937,9.36844,;231.661937,9.41853,;231.661937,9.46866,;231.661937,9.51878,;231.661937,9.56889,;231.661937,9.61902,;231.661937,9.66913,;231.661937,9.71925,;231.661937,9.76933,;231.661937,9.81945,;231.661937,9.86956,;231.661937,9.91964,;231.661937,9.96975,;
inf,0.050097,;742.682769,0.100209,;742.682769,0.150286,;742.682769,0.200363,;742.682769,0.25044,;742.682769,0.300518,;742.682769,0.350603,;742.682769,0.400692,;742.682769,0.450778,;742.682769,0.500893,;742.682769,0.550972,;705.843703,0.601089,;382.238109,0.651168,;382.238109,0.701256,;382.238109,0.751338,;382.238109,0.801457,;382.238109,0.85157,;382.238109,0.90165,;382.238109,0.951766,;382.238109,1.00184,;382.238109,1.05193,;382.238109,1.10205,;382.238109,1.15216,;382.238109,1.20227,;382.238109,1.25234,;382.238109,1.30244,;325.363085,1.35252,;325.363085,1.4026,;325.363085,1.45272,;325.363085,1.50281,;325.363085,1.55292,;290.375231,1.603,;290.375231,1.65312,;290.375231,1.70319,;290.375231,1.75327,;290.375231,1.80338,;290.375231,1.8535,;290.375231,1.90361,;290.375231,1.95369,;290.375231,2.0038,;278.763501,2.05392,;278.763501,2.10401,;278.763501,2.15411,;278.763501,2.20418,;278.763501,2.25426,;278.763501,2.30433,;278.763501,2.35439,;278.763501,2.40446,;278.763501,2.45455,;278.763501,2.50466,;278.763501,2.55475,;278.763501,2.60483,;278.763501,2.65491,;278.763501,2.70502,;278.763501,2.7551,;278.763501,2.80518,;278.763501,2.85528,;278.763501,2.9054,;278.763501,2.95552,;278.763501,3.00563,;278.763501,3.05571,;278.763501,3.10581,;278.763501,3.1559,;278.763501,3.20601,;278.763501,3.25609,;278.763501,3.3062,;278.763501,3.35632,;278.763501,3.40645,;278.763501,3.45656,;278.763501,3.50668,;278.763501,3.55679,;278.763501,3.60689,;278.763501,3.65701,;278.763501,3.70713,;278.763501,3.75724,;278.763501,3.80733,;278.763501,3.85745,;278.763501,3.90757,;278.763501,3.95768,;278.763501,4.0078,;278.763501,4.05791,;278.763501,4.10802,;278.763501,4.1581,;278.763501,4.20819,;278.763501,4.2583,;278.763501,4.30842,;278.763501,4.3585,;278.763501,4.40861,;278.763501,4.4587,;278.763501,4.50879,;278.763501,4.55889,;278.763501,4.60901,;278.763501,4.65909,;278.763501,4.7092,;278.763501,4.75929,;278.763501,4.8094,;256.609287,4.85948,;256.609287,4.90959,;254.032000,4.95967,;254.032000,5.00974,;254.032000,5.05983,;254.032000,5.10995,;254.032000,5.16003,;254.032000,5.21015,;254.032000,5.26026,;254.032000,5.31037,;254.032000,5.3605,;254.032000,5.41057,;254.032000,5.46068,;254.032000,5.51078,;254.032000,5.56089,;254.032000,5.61097,;254.032000,5.66109,;254.032000,5.71118,;254.032000,5.7613,;254.032000,5.81141,;254.032000,5.86149,;254.032000,5.9116,;254.032000,5.96168,;254.032000,6.01175,;254.032000,6.06184,;253.450838,6.11195,;253.450838,6.16203,;253.450838,6.21213,;253.450838,6.26224,;253.450838,6.31235,;253.450838,6.36239,;253.450838,6.4125,;253.450838,6.46258,;253.450838,6.51269,;253.450838,6.56281,;253.450838,6.61293,;253.450838,6.66304,;253.450838,6.71316,;253.450838,6.76324,;253.450838,6.81336,;249.333393,6.86345,;249.333393,6.91355,;249.333393,6.96364,;249.333393,7.01378,;249.333393,7.06388,;249.333393,7.11399,;249.333393,7.16412,;249.333393,7.21423,;249.333393,7.26431,;249.333393,7.31441,;249.333393,7.36452,;249.333393,7.41463,;249.333393,7.46474,;249.333393,7.51483,;249.333393,7.56496,;249.333393,7.61508,;249.333393,7.66516,;249.333393,7.71531,;249.333393,7.7654,;245.355346,7.81548,;245.355346,7.86555,;245.355346,7.91563,;245.355346,7.96572,;245.355346,8.01585,;245.355346,8.06597,;245.355346,8.11605,;245.355346,8.16612,;245.355346,8.21621,;245.355346,8.26629,;245.355346,8.31642,;245.355346,8.36649,;245.355346,8.41656,;245.355346,8.46664,;245.355346,8.51676,;245.355346,8.56683,;242.453618,8.61692,;242.453618,8.66701,;242.453618,8.71709,;242.453618,8.76718,;242.453618,8.8173,;242.453618,8.86741,;242.453618,8.9175,;242.453618,8.96762,;242.453618,9.01773,;242.453618,9.06785,;242.453618,9.11793,;242.453618,9.16802,;242.453618,9.21812,;242.453618,9.26819,;242.453618,9.3183,;242.453618,9.36839,;242.453618,9.41851,;242.453618,9.4686,;242.453618,9.51868,;242.453618,9.5688,;242.453618,9.61889,;242.453618,9.66901,;242.453618,9.7191,;242.453618,9.76918,;242.453618,9.8193,;242.453618,9.86941,;242.453618,9.91951,;242.453618,9.96962,;242.453618,10.0197,;
inf,0.0500574,;860.881708,0.100141,;860.881708,0.150219,;860.881708,0.200295,;369.910515,0.250386,;369.910515,0.300462,;369.910515,0.350554,;323.181458,0.400634,;323.181458,0.450716,;323.181458,0.500793,;323.181458,0.550864,;323.181458,0.600935,;323.181458,0.651018,;323.181458,0.701095,;323.181458,0.751184,;323.181458,0.801262,;323.181458,0.851353,;315.669523,0.901462,;315.669523,0.951544,;315.669523,1.00161,;315.669523,1.0517,;315.669523,1.10178,;315.669523,1.15186,;315.669523,1.20195,;315.669523,1.25203,;315.669523,1.30213,;315.669523,1.35223,;315.669523,1.40232,;315.669523,1.4524,;315.669523,1.50248,;315.669523,1.55256,;315.669523,1.60266,;315.669523,1.65277,;315.669523,1.70286,;315.669523,1.75295,;315.669523,1.80303,;315.669523,1.85311,;315.669523,1.90319,;315.669523,1.95328,;315.669523,2.00339,;315.669523,2.05349,;315.669523,2.1036,;315.669523,2.15371,;315.669523,2.20379,;315.669523,2.25388,;315.669523,2.304,;315.669523,2.35407,;315.669523,2.40415,;315.669523,2.45423,;312.184170,2.5043,;312.184170,2.55437,;312.184170,2.60448,;312.184170,2.65456,;312.184170,2.70465,;291.940992,2.75474,;291.940992,2.80487,;245.338872,2.85495,;245.338872,2.90507,;245.338872,2.95514,;245.338872,3.00525,;245.338872,3.05535,;245.338872,3.10546,;245.338872,3.15557,;245.338872,3.20568,;245.338872,3.25576,;245.338872,3.30584,;245.338872,3.35592,;245.338872,3.40598,;245.338872,3.45606,;245.338872,3.50614,;245.338872,3.55622,;245.338872,3.6063,;245.338872,3.65642,;245.338872,3.70651,;238.486864,3.75659,;238.486864,3.80665,;238.486864,3.85673,;238.486864,3.90681,;238.486864,3.95688,;238.486864,4.00696,;238.486864,4.05707,;238.486864,4.10715,;234.486372,4.15726,;234.486372,4.20737,;234.486372,4.25749,;234.486372,4.30758,;234.486372,4.35768,;234.486372,4.4078,;234.486372,4.45788,;234.486372,4.508,;234.486372,4.55808,;234.486372,4.60815,;234.486372,4.65822,;234.486372,4.70834,;234.486372,4.75842,;234.486372,4.80851,;234.486372,4.85861,;234.486372,4.90868,;234.486372,4.95876,;234.486372,5.00885,;234.486372,5.05899,;234.486372,5.1091,;234.486372,5.15921,;234.486372,5.20932,;234.486372,5.25941,;234.486372,5.30953,;234.486372,5.35961,;234.486372,5.40968,;234.486372,5.4598,;234.486372,5.50991,;234.486372,5.55998,;234.486372,5.61003,;234.486372,5.66016,;234.486372,5.71023,;234.486372,5.76034,;234.486372,5.81043,;234.486372,5.86054,;226.004048,5.91064,;226.004048,5.96075,;226.004048,6.01084,;226.004048,6.06095,;226.004048,6.11107,;226.004048,6.1612,;226.004048,6.21131,;226.004048,6.26142,;226.004048,6.31151,;226.004048,6.36162,;226.004048,6.4117,;226.004048,6.46181,;223.790317,6.51188,;223.790317,6.562,;223.790317,6.61211,;223.790317,6.66219,;223.790317,6.7123,;223.790317,6.76238,;223.790317,6.81249,;223.790317,6.86258,;223.790317,6.91266,;223.790317,6.96276,;223.790317,7.01286,;223.790317,7.06297,;223.790317,7.11305,;223.790317,7.16314,;223.790317,7.21325,;223.790317,7.26337,;223.790317,7.31348,;223.790317,7.36359,;223.790317,7.4137,;223.790317,7.46381,;223.790317,7.51392,;223.790317,7.56404,;223.790317,7.61412,;223.790317,7.66423,;223.790317,7.7143,;223.790317,7.76441,;223.790317,7.8145,;223.790317,7.86461,;223.790317,7.91471,;223.790317,7.96482,;223.790317,8.01489,;223.790317,8.06501,;223.790317,8.1151,;223.790317,8.16519,;223.790317,8.2153,;223.790317,8.26538,;223.790317,8.31549,;223.790317,8.36561,;223.790317,8.4157,;223.790317,8.46578,;223.790317,8.51588,;223.790317,8.56599,;223.790317,8.61608,;223.790317,8.66616,;223.790317,8.71627,;223.790317,8.76634,;223.790317,8.81643,;223.790317,8.8665,;223.790317,8.91659,;223.790317,8.96667,;223.790317,9.01678,;223.790317,9.06686,;223.790317,9.11698,;223.790317,9.16706,;223.790317,9.21716,;223.790317,9.26726,;223.790317,9.31738,;223.790317,9.36746,;223.790317,9.41754,;223.790317,9.46763,;223.790317,9.51772,;223.790317,9.56781,;223.790317,9.6179,;223.790317,9.668,;223.790317,9.71807,;223.790317,9.76816,;223.790317,9.81824,;223.790317,9.86832,;223.790317,9.91842,;223.790317,9.96851,;223.790317,10.0186,;223.790317,10.0687,;
inf,0.0500936,;867.137744,0.100175,;375.553705,0.150259,;375.553705,0.200384,;375.553705,0.250496,;375.553705,0.300579,;375.553705,0.350668,;375.553705,0.400752,;375.553705,0.450831,;375.553705,0.500907,;375.553705,0.551016,;375.553705,0.601098,;375.553705,0.651178,;358.918979,0.701268,;358.918979,0.751343,;358.918979,0.801413,;358.918979,0.851534,;358.918979,0.901609,;358.918979,0.951691,;358.918979,1.0018,;358.918979,1.05189,;358.918979,1.102,;358.918979,1.15208,;358.918979,1.2022,;358.918979,1.25227,;358.918979,1.30236,;358.918979,1.35249,;358.918979,1.4026,;358.918979,1.45271,;346.127079,1.50282,;346.127079,1.55294,;346.127079,1.60303,;346.127079,1.65312,;346.127079,1.70321,;346.127079,1.75329,;346.127079,1.80338,;346.127079,1.85345,;346.127079,1.90352,;346.127079,1.9536,;346.127079,2.00368,;346.127079,2.05376,;346.127079,2.10384,;250.636656,2.15397,;250.636656,2.20406,;250.636656,2.25417,;250.636656,2.3043,;250.636656,2.35442,;250.636656,2.40451,;250.636656,2.45462,;250.636656,2.50473,;250.636656,2.55485,;250.636656,2.60496,;250.636656,2.65505,;250.636656,2.70517,;250.636656,2.75528,;250.636656,2.80539,;250.636656,2.85547,;250.636656,2.90557,;250.636656,2.95565,;250.636656,3.00576,;250.636656,3.05583,;250.636656,3.10595,;250.636656,3.15603,;250.636656,3.20614,;239.124969,3.25623,;239.124969,3.30632,;239.124969,3.3564,;239.124969,3.40652,;239.124969,3.45663,;239.124969,3.50676,;239.124969,3.55688,;239.124969,3.60696,;239.124969,3.65705,;239.124969,3.70714,;239.124969,3.75722,;239.124969,3.8073,;239.124969,3.85741,;239.124969,3.90752,;239.124969,3.95759,;239.124969,4.00767,;239.124969,4.05775,;239.124969,4.10784,;239.124969,4.15796,;239.124969,4.20805,;239.124969,4.25818,;239.124969,4.30827,;239.124969,4.35839,;239.124969,4.40847,;239.124969,4.45856,;226.177362,4.50869,;226.177362,4.55881,;226.177362,4.60893,;226.177362,4.65901,;226.177362,4.70913,;226.177362,4.75922,;226.177362,4.80931,;226.177362,4.85939,;226.177362,4.90948,;226.177362,4.95956,;226.177362,5.00967,;226.177362,5.05975,;226.177362,5.10985,;226.177362,5.15993,;226.177362,5.21001,;226.177362,5.26009,;226.177362,5.31021,;226.177362,5.36033,;226.177362,5.41044,;226.177362,5.46053,;226.177362,5.51064,;226.177362,5.56076,;226.177362,5.61084,;226.177362,5.66095,;226.177362,5.71104,;226.177362,5.76117,;226.177362,5.81128,;226.177362,5.86138,;226.177362,5.91145,;226.177362,5.96153,;226.177362,6.0116,;226.177362,6.06173,;226.177362,6.11181,;226.177362,6.16192,;226.177362,6.21201,;226.177362,6.2621,;226.177362,6.3122,;226.177362,6.36227,;226.177362,6.41236,;226.177362,6.46245,;226.177362,6.51254,;226.177362,6.56266,;226.177362,6.61274,;226.177362,6.66286,;226.177362,6.71293,;226.177362,6.76301,;226.177362,6.81309,;226.177362,6.8632,;226.177362,6.91327,;226.177362,6.96334,;226.177362,7.01341,;226.177362,7.06349,;226.177362,7.11357,;226.177362,7.16367,;226.177362,7.21376,;226.177362,7.26385,;226.177362,7.31395,;226.177362,7.36404,;226.177362,7.41415,;226.177362,7.46423,;226.177362,7.51435,;226.177362,7.56445,;226.177362,7.61454,;226.177362,7.66466,;226.177362,7.71475,;226.177362,7.76484,;226.177362,7.81494,;226.177362,7.86506,;226.177362,7.91515,;226.177362,7.96528,;226.177362,8.01533,;226.177362,8.06545,;226.177362,8.11553,;226.177362,8.16561,;226.177362,8.21569,;226.177362,8.26578,;226.177362,8.31587,;226.177362,8.36595,;226.177362,8.41604,;226.177362,8.46613,;226.177362,8.51622,;226.177362,8.56635,;226.177362,8.61644,;226.177362,8.66656,;226.177362,8.71669,;226.177362,8.76681,;226.177362,8.81693,;226.177362,8.86701,;226.177362,8.91712,;226.177362,8.96724,;226.177362,9.01735,;226.177362,9.06743,;226.177362,9.11753,;226.177362,9.16763,;226.177362,9.21771,;226.177362,9.2678,;226.177362,9.31788,;226.177362,9.36797,;226.177362,9.41805,;226.177362,9.46814,;226.177362,9.51823,;226.177362,9.56834,;226.177362,9.61843,;226.177362,9.66853,;226.177362,9.71862,;226.177362,9.7687,;226.177362,9.81879,;226.177362,9.86889,;226.177362,9.91897,;226.177362,9.96908,;226.177362,10.0192,;
424.786066,0.0500642,;404.164658,0.100164,;404.164658,0.150282,;404.164658,0.200365,;404.164658,0.250482,;404.164658,0.300574,;404.164658,0.350687,;404.164658,0.400772,;404.164658,0.450842,;404.164658,0.500953,;389.611997,0.551023,;389.611997,0.60113,;389.611997,0.651204,;389.611997,0.701284,;389.611997,0.75137,;363.216780,0.801449,;363.216780,0.851543,;363.216780,0.901658,;363.216780,0.951761,;361.321324,1.00188,;361.321324,1.05195,;361.321324,1.10205,;361.321324,1.15214,;361.321324,1.20222,;361.321324,1.25232,;361.321324,1.3024,;361.321324,1.3525,;361.321324,1.40261,;315.171232,1.45268,;315.171232,1.50277,;313.139735,1.55286,;313.139735,1.60296,;313.139735,1.65307,;313.139735,1.70314,;311.344968,1.75322,;311.344968,1.80329,;311.344968,1.8534,;311.344968,1.90348,;311.344968,1.95356,;311.344968,2.00365,;311.344968,2.05377,;311.344968,2.10386,;311.344968,2.15396,;311.344968,2.20408,;310.917084,2.2542,;310.917084,2.30429,;310.917084,2.3544,;310.917084,2.40448,;310.917084,2.45458,;310.917084,2.5047,;292.677521,2.55478,;281.405682,2.60489,;281.405682,2.655,;281.405682,2.70512,;281.405682,2.7552,;281.405682,2.80532,;281.405682,2.85541,;281.405682,2.9055,;281.405682,2.9556,;281.405682,3.00571,;281.405682,3.05581,;281.405682,3.10592,;281.405682,3.15604,;281.405682,3.20615,;281.405682,3.25627,;281.405682,3.30639,;281.405682,3.35652,;281.405682,3.40663,;281.405682,3.45674,;281.405682,3.50682,;263.653860,3.55689,;263.653860,3.60699,;263.653860,3.65708,;263.653860,3.70721,;263.653860,3.75733,;263.653860,3.80744,;263.653860,3.85755,;263.653860,3.90767,;263.653860,3.95778,;263.653860,4.00787,;263.653860,4.05799,;263.653860,4.10807,;261.605645,4.15818,;261.605645,4.20827,;261.605645,4.25839,;261.605645,4.30847,;261.605645,4.35859,;261.605645,4.40868,;261.605645,4.45877,;261.605645,4.50887,;261.605645,4.55896,;261.605645,4.60909,;261.605645,4.65916,;261.605645,4.70928,;261.605645,4.75936,;259.170552,4.80945,;259.170552,4.85953,;259.170552,4.90965,;259.170552,4.95974,;259.170552,5.00984,;259.170552,5.05993,;259.170552,5.11003,;259.170552,5.16013,;259.170552,5.21026,;259.170552,5.26038,;259.170552,5.31046,;259.170552,5.36055,;259.170552,5.41063,;259.170552,5.46072,;259.170552,5.51079,;259.170552,5.56091,;259.170552,5.611,;259.170552,5.66112,;259.170552,5.7112,;259.170552,5.76132,;256.813341,5.8114,;256.813341,5.86152,;256.813341,5.9116,;239.429592,5.96169,;239.429592,6.01178,;239.429592,6.06189,;239.429592,6.11201,;239.429592,6.16214,;239.429592,6.21223,;239.429592,6.26236,;239.429592,6.31245,;239.429592,6.36256,;239.429592,6.41268,;239.429592,6.46277,;239.429592,6.51286,;239.429592,6.56295,;239.429592,6.61307,;239.429592,6.66315,;239.429592,6.71327,;239.429592,6.76335,;239.429592,6.81344,;239.429592,6.86354,;239.429592,6.91366,;239.429592,6.96378,;239.429592,7.0139,;239.429592,7.06402,;239.429592,7.11414,;239.429592,7.16426,;239.429592,7.21438,;239.429592,7.2645,;239.429592,7.31462,;239.429592,7.36469,;239.429592,7.41481,;239.429592,7.46494,;239.429592,7.51501,;239.429592,7.56513,;239.429592,7.61521,;239.429592,7.66529,;239.429592,7.71537,;232.960341,7.76546,;232.960341,7.81554,;232.960341,7.86564,;232.960341,7.91572,;232.960341,7.9658,;232.960341,8.01588,;232.960341,8.06597,;232.960341,8.11605,;232.960341,8.16614,;226.457501,8.21624,;226.457501,8.26634,;226.457501,8.31643,;226.457501,8.36651,;226.457501,8.41662,;226.457501,8.46674,;226.457501,8.51683,;226.457501,8.56696,;226.457501,8.61704,;226.457501,8.66714,;226.457501,8.71725,;226.457501,8.76733,;226.457501,8.81745,;226.457501,8.86755,;226.457501,8.91767,;226.457501,8.96777,;226.457501,9.01789,;226.457501,9.06801,;226.457501,9.11814,;226.457501,9.16823,;226.457501,9.21835,;226.457501,9.26845,;226.457501,9.31857,;226.457501,9.36868,;226.457501,9.4188,;226.457501,9.46891,;226.457501,9.51903,;223.167952,9.56915,;223.167952,9.61924,;223.167952,9.66936,;223.167952,9.71949,;223.167952,9.76961,;223.167952,9.81974,;223.167952,9.86986,;223.167952,9.91995,;223.167952,9.97008,;
919.879782,0.0500747,;885.095498,0.100148,;885.095498,0.15024,;885.095498,0.200357,;885.095498,0.250442,;885.095498,0.300562,;885.095498,0.35065,;885.095498,0.400731,;885.095498,0.450819,;885.095498,0.500913,;885.095498,0.550991,;885.095498,0.601072,;839.319590,0.651162,;839.319590,0.701276,;839.319590,0.751359,;839.319590,0.801443,;839.319590,0.85156,;839.319590,0.901637,;464.635172,0.951727,;464.635172,1.00181,;464.635172,1.05189,;464.635172,1.10197,;462.806266,1.15204,;462.806266,1.20217,;462.806266,1.25229,;462.806266,1.30236,;462.806266,1.35244,;462.806266,1.40253,;462.806266,1.45261,;462.806266,1.50273,;462.806266,1.55282,;462.806266,1.60293,;366.356824,1.65304,;366.356824,1.70316,;366.356824,1.75325,;366.356824,1.80336,;366.356824,1.85344,;366.356824,1.90352,;366.356824,1.9536,;366.356824,2.00371,;366.356824,2.05378,;366.356824,2.10387,;366.356824,2.15396,;366.356824,2.20405,;366.356824,2.25413,;316.136729,2.30422,;316.136729,2.35431,;316.136729,2.4044,;316.136729,2.45448,;316.136729,2.50457,;316.136729,2.55464,;316.136729,2.60472,;316.136729,2.6548,;316.136729,2.70492,;316.136729,2.755,;316.136729,2.80512,;316.136729,2.85524,;316.136729,2.90534,;316.136729,2.95546,;316.136729,3.00557,;316.136729,3.05569,;316.136729,3.10577,;316.136729,3.15586,;316.136729,3.20596,;253.695734,3.25605,;253.695734,3.30614,;253.695734,3.35623,;253.695734,3.40633,;253.695734,3.45642,;253.695734,3.50651,;243.465155,3.55663,;243.465155,3.60673,;243.465155,3.65682,;243.465155,3.70692,;243.465155,3.75704,;243.465155,3.80711,;243.465155,3.85721,;243.465155,3.9073,;243.465155,3.95739,;243.465155,4.0075,;239.340764,4.05761,;239.340764,4.10769,;239.340764,4.15777,;239.340764,4.20789,;239.340764,4.25797,;239.340764,4.30806,;239.340764,4.35815,;239.340764,4.40827,;239.340764,4.45836,;239.340764,4.50845,;239.340764,4.55855,;239.340764,4.60867,;239.340764,4.65877,;239.340764,4.70889,;239.340764,4.75899,;239.340764,4.80912,;239.340764,4.85923,;239.340764,4.90935,;239.340764,4.95946,;239.340764,5.00958,;239.340764,5.05968,;239.340764,5.10971,;239.340764,5.15981,;239.340764,5.20989,;239.340764,5.26001,;239.340764,5.31013,;239.340764,5.36021,;239.340764,5.41029,;239.340764,5.46041,;239.340764,5.51049,;239.340764,5.56061,;239.340764,5.61069,;239.340764,5.66078,;239.340764,5.71087,;239.340764,5.76095,;239.340764,5.81103,;239.340764,5.86115,;239.340764,5.91123,;239.340764,5.96135,;239.340764,6.01146,;239.340764,6.06157,;239.340764,6.11168,;239.340764,6.16172,;239.340764,6.21184,;239.340764,6.26191,;239.340764,6.31202,;239.340764,6.36209,;239.340764,6.41222,;239.340764,6.46231,;239.340764,6.51239,;232.549954,6.56249,;232.549954,6.61261,;232.549954,6.66269,;232.549954,6.7128,;232.549954,6.76292,;232.549954,6.813,;232.549954,6.86312,;232.549954,6.9132,;232.549954,6.96329,;232.549954,7.01341,;232.549954,7.0635,;232.549954,7.11358,;232.549954,7.1637,;232.549954,7.21377,;232.549954,7.26389,;232.549954,7.31399,;232.549954,7.3641,;232.549954,7.41421,;232.549954,7.46432,;232.549954,7.51441,;232.549954,7.56452,;232.549954,7.61463,;232.549954,7.66471,;232.549954,7.71483,;232.549954,7.76495,;232.549954,7.81502,;232.549954,7.86513,;232.549954,7.91522,;232.549954,7.96533,;232.549954,8.01541,;232.549954,8.06549,;232.549954,8.11559,;232.549954,8.16571,;232.549954,8.21579,;232.549954,8.26587,;232.549954,8.31596,;232.549954,8.36604,;232.549954,8.41619,;232.549954,8.4663,;232.549954,8.51641,;232.549954,8.56653,;232.549954,8.61664,;232.549954,8.66675,;232.549954,8.71685,;232.549954,8.76697,;232.549954,8.81708,;232.549954,8.86716,;232.549954,8.91728,;232.549954,8.96739,;232.549954,9.01751,;232.549954,9.06763,;232.549954,9.11772,;232.549954,9.16779,;232.549954,9.21788,;232.549954,9.26799,;227.792347,9.3181,;227.792347,9.36819,;227.792347,9.41829,;227.792347,9.4684,;227.792347,9.5185,;227.792347,9.5686,;227.792347,9.61872,;227.792347,9.66883,;227.792347,9.71894,;227.792347,9.76902,;227.792347,9.81911,;227.792347,9.86923,;227.792347,9.91931,;227.792347,9.9694,;227.792347,10.0195,;
812.257894,0.0500699,;812.257894,0.100191,;808.030432,0.150287,;506.990549,0.200385,;506.990549,0.250466,;506.990549,0.300587,;504.037749,0.350684,;504.037749,0.400768,;504.037749,0.45089,;504.037749,0.500967,;488.797170,0.551075,;488.797170,0.601182,;488.797170,0.651292,;488.797170,0.701363,;488.797170,0.751438,;488.797170,0.801562,;488.797170,0.851655,;479.046046,0.901735,;360.128294,0.951812,;360.128294,1.00189,;360.128294,1.05197,;360.128294,1.10204,;360.128294,1.15211,;360.128294,1.20219,;360.128294,1.25226,;360.128294,1.30234,;360.128294,1.35242,;350.294161,1.40249,;350.294161,1.45256,;350.294161,1.50264,;350.294161,1.55272,;323.360763,1.60279,;323.360763,1.65286,;290.364426,1.70294,;290.364426,1.75301,;290.364426,1.80308,;290.364426,1.85316,;290.364426,1.90323,;290.364426,1.95331,;290.364426,2.00339,;290.364426,2.05347,;290.364426,2.10355,;290.364426,2.15362,;290.364426,2.2037,;290.364426,2.25377,;290.364426,2.30385,;285.840334,2.35392,;285.840334,2.404,;285.840334,2.45408,;285.840334,2.50415,;285.840334,2.55423,;285.840334,2.60431,;285.840334,2.65439,;285.840334,2.70447,;285.840334,2.75455,;285.840334,2.80464,;285.840334,2.85474,;285.840334,2.90485,;285.840334,2.95495,;285.840334,3.00503,;285.840334,3.05514,;285.840334,3.10525,;285.840334,3.15536,;285.840334,3.20544,;285.840334,3.25557,;285.840334,3.30565,;285.840334,3.35573,;285.840334,3.4058,;273.074142,3.45588,;268.694552,3.50595,;268.694552,3.55603,;268.694552,3.60612,;268.694552,3.65624,;268.694552,3.70632,;268.694552,3.75646,;268.694552,3.80653,;268.694552,3.85661,;268.694552,3.90668,;268.694552,3.95677,;268.694552,4.00684,;268.694552,4.05693,;268.694552,4.107,;268.694552,4.15708,;268.694552,4.20715,;268.694552,4.25723,;268.694552,4.30731,;268.694552,4.35739,;268.694552,4.40748,;268.694552,4.45758,;268.694552,4.50767,;268.694552,4.55775,;268.694552,4.60784,;268.694552,4.65793,;268.352178,4.70801,;268.352178,4.7581,;268.352178,4.80821,;268.352178,4.8583,;268.352178,4.90842,;268.352178,4.95851,;268.352178,5.0086,;268.352178,5.05875,;268.352178,5.10882,;268.352178,5.1589,;268.352178,5.20897,;268.352178,5.25905,;268.352178,5.30912,;268.352178,5.35919,;268.352178,5.40927,;268.352178,5.45935,;268.352178,5.50942,;268.352178,5.5595,;268.352178,5.6096,;268.352178,5.65969,;266.030221,5.70977,;266.030221,5.75985,;266.030221,5.80993,;266.030221,5.86001,;266.030221,5.9101,;266.030221,5.96018,;266.030221,6.01027,;266.030221,6.06035,;266.030221,6.11043,;266.030221,6.16051,;266.030221,6.21059,;266.030221,6.26072,;266.030221,6.31079,;266.030221,6.3609,;259.273553,6.41098,;259.273553,6.46107,;259.273553,6.51115,;259.273553,6.56124,;259.273553,6.61133,;259.273553,6.66145,;259.273553,6.71154,;259.273553,6.76162,;259.273553,6.81171,;259.273553,6.86179,;259.273553,6.91187,;259.273553,6.96195,;259.273553,7.01209,;259.273553,7.06218,;259.273553,7.11226,;259.273553,7.16234,;259.273553,7.21242,;259.273553,7.26253,;259.273553,7.31266,;250.641235,7.36274,;250.641235,7.41286,;250.641235,7.46297,;250.641235,7.51305,;250.641235,7.56317,;250.641235,7.61328,;250.641235,7.66339,;250.641235,7.71351,;250.641235,7.76363,;250.641235,7.81371,;250.641235,7.86382,;250.641235,7.9139,;250.641235,7.96401,;250.641235,8.01409,;250.641235,8.06419,;250.641235,8.11429,;250.641235,8.1644,;250.641235,8.21449,;250.641235,8.26459,;250.641235,8.31467,;250.641235,8.36478,;250.641235,8.41486,;250.641235,8.46494,;250.641235,8.51502,;250.641235,8.56511,;250.594384,8.61523,;250.594384,8.66535,;250.594384,8.71546,;250.594384,8.76558,;250.594384,8.81569,;250.594384,8.86581,;250.594384,8.91591,;250.594384,8.96601,;250.594384,9.01612,;250.594384,9.06623,;250.594384,9.11632,;250.594384,9.16641,;250.594384,9.21652,;243.469896,9.26665,;243.469896,9.31676,;243.469896,9.36685,;243.469896,9.41696,;243.469896,9.46707,;243.469896,9.51718,;243.469896,9.5673,;243.469896,9.61741,;243.469896,9.66754,;243.469896,9.71763,;243.469896,9.76775,;243.469896,9.81783,;243.469896,9.86797,;243.469896,9.91805,;243.469896,9.96818,;243.469896,10.0183,;
inf,0.0500667,;946.960735,0.10016,;946.960735,0.150309,;374.302864,0.200426,;374.302864,0.250509,;374.302864,0.300611,;374.302864,0.350709,;374.302864,0.400793,;374.302864,0.450883,;374.302864,0.501004,;374.302864,0.551078,;374.302864,0.601167,;374.302864,0.651263,;374.302864,0.701348,;374.302864,0.751474,;374.302864,0.801587,;331.482966,0.85167,;331.482966,0.901756,;331.482966,0.951861,;331.482966,1.00195,;331.482966,1.05206,;331.482966,1.10218,;328.864209,1.1523,;328.864209,1.20235,;320.656983,1.25247,;320.656983,1.30259,;320.656983,1.35271,;320.656983,1.40282,;320.656983,1.45291,;320.656983,1.50299,;320.656983,1.55306,;320.656983,1.60315,;320.656983,1.65324,;320.656983,1.70333,;320.656983,1.75342,;320.656983,1.80354,;320.656983,1.85366,;320.656983,1.90376,;317.304272,1.95388,;317.304272,2.00396,;317.304272,2.05408,;317.304272,2.1042,;317.304272,2.15432,;317.304272,2.20444,;317.304272,2.25452,;317.304272,2.30462,;317.304272,2.35474,;317.304272,2.40486,;317.304272,2.45496,;317.304272,2.50505,;317.304272,2.55517,;317.304272,2.60529,;317.304272,2.65538,;317.304272,2.7055,;317.304272,2.75563,;317.304272,2.80574,;317.304272,2.85586,;317.304272,2.90598,;317.304272,2.9561,;317.304272,3.00623,;317.304272,3.05634,;305.276174,3.10647,;305.276174,3.15659,;305.276174,3.20669,;305.276174,3.2568,;305.276174,3.30691,;305.276174,3.35703,;295.366321,3.40713,;295.366321,3.45722,;295.366321,3.50734,;269.023437,3.55746,;269.023437,3.60757,;269.023437,3.65766,;269.023437,3.70778,;269.023437,3.75791,;269.023437,3.80801,;269.023437,3.85812,;269.023437,3.90825,;269.023437,3.95834,;269.023437,4.00842,;269.023437,4.05851,;269.023437,4.10859,;269.023437,4.15868,;269.023437,4.20875,;269.023437,4.25884,;269.023437,4.30892,;269.023437,4.359,;269.023437,4.40912,;269.023437,4.45925,;269.023437,4.50935,;269.023437,4.55947,;269.023437,4.60955,;269.023437,4.65965,;269.023437,4.70974,;263.849150,4.75986,;263.849150,4.80998,;263.849150,4.86007,;263.849150,4.91015,;263.849150,4.96025,;263.849150,5.01035,;263.849150,5.06047,;263.849150,5.11055,;263.849150,5.16068,;263.849150,5.21077,;263.849150,5.2609,;263.849150,5.31098,;263.849150,5.36107,;263.849150,5.41115,;263.849150,5.46123,;263.849150,5.51131,;263.849150,5.5614,;263.849150,5.61148,;263.849150,5.66155,;263.849150,5.71168,;263.849150,5.76176,;263.849150,5.81184,;263.849150,5.86192,;263.849150,5.91204,;263.849150,5.96212,;263.849150,6.01225,;263.849150,6.06237,;263.849150,6.11245,;263.849150,6.16253,;263.849150,6.21262,;263.849150,6.2627,;263.849150,6.31282,;263.849150,6.36292,;263.849150,6.41304,;263.849150,6.46312,;263.849150,6.51322,;263.849150,6.56332,;263.849150,6.6134,;263.849150,6.66352,;263.849150,6.71362,;263.849150,6.76372,;241.455270,6.8138,;241.455270,6.86389,;241.455270,6.91397,;241.455270,6.96406,;241.455270,7.01413,;241.455270,7.06421,;241.455270,7.11435,;241.455270,7.16447,;241.455270,7.21455,;241.455270,7.26467,;241.455270,7.31475,;241.455270,7.36487,;241.455270,7.41495,;241.455270,7.46507,;241.455270,7.51517,;241.455270,7.56527,;241.455270,7.61537,;241.455270,7.66547,;235.169968,7.71556,;235.169968,7.76561,;235.169968,7.8157,;235.169968,7.86579,;235.169968,7.91587,;235.169968,7.96596,;235.169968,8.01604,;235.169968,8.06612,;235.169968,8.1162,;229.389857,8.16629,;229.389857,8.21637,;229.389857,8.26646,;229.389857,8.31653,;229.389857,8.36662,;229.389857,8.4167,;229.389857,8.46678,;229.389857,8.51686,;229.389857,8.56699,;229.389857,8.61711,;229.389857,8.66721,;229.389857,8.71733,;229.389857,8.76742,;229.389857,8.81753,;229.389857,8.86762,;229.389857,8.9177,;229.389857,8.96779,;229.389857,9.01791,;226.760259,9.06799,;226.760259,9.11808,;226.760259,9.16816,;226.760259,9.21825,;226.760259,9.26834,;226.760259,9.31843,;226.760259,9.36851,;226.760259,9.41861,;226.760259,9.46871,;226.760259,9.5188,;226.760259,9.56889,;226.760259,9.61898,;226.760259,9.66908,;226.760259,9.71917,;226.760259,9.76927,;226.760259,9.81936,;226.760259,9.86947,;226.760259,9.91956,;226.760259,9.96965,;226.760259,10.0197,;226.760259,10.0698,;
454.126281,0.0500667,;452.073668,0.100158,;452.073668,0.150281,;452.073668,0.200401,;452.073668,0.25049,;452.073668,0.300572,;439.146913,0.350644,;389.306755,0.400766,;389.306755,0.450872,;389.306755,0.500954,;389.306755,0.551075,;389.306755,0.601147,;389.306755,0.651256,;389.306755,0.701368,;389.306755,0.751454,;389.306755,0.801567,;389.306755,0.85168,;389.306755,0.901769,;389.306755,0.951844,;389.306755,1.00193,;389.306755,1.052,;389.306755,1.10208,;389.306755,1.1522,;389.306755,1.20229,;389.306755,1.25241,;389.306755,1.30251,;389.306755,1.3526,;389.306755,1.40268,;389.306755,1.4528,;389.306755,1.50292,;389.306755,1.55302,;389.306755,1.60314,;389.306755,1.65324,;389.306755,1.70335,;389.306755,1.75345,;389.306755,1.80356,;389.306755,1.85363,;389.306755,1.90375,;385.161408,1.95384,;385.161408,2.00395,;385.161408,2.05403,;385.161408,2.10415,;385.161408,2.15424,;307.603659,2.20433,;307.603659,2.25444,;307.603659,2.30456,;307.603659,2.35465,;307.603659,2.40477,;307.603659,2.45488,;307.603659,2.505,;294.989324,2.55512,;294.989324,2.60524,;294.989324,2.65535,;294.989324,2.70547,;294.989324,2.75556,;294.989324,2.80564,;294.989324,2.85572,;294.989324,2.90581,;294.989324,2.9559,;294.989324,3.00599,;287.076158,3.05609,;287.076158,3.10616,;277.963785,3.15634,;277.963785,3.20646,;277.963785,3.25653,;277.963785,3.30662,;277.963785,3.35669,;277.963785,3.40678,;277.963785,3.45686,;277.963785,3.50697,;277.963785,3.55705,;277.963785,3.60716,;273.546786,3.65724,;273.546786,3.70736,;273.546786,3.75746,;261.859724,3.80755,;261.859724,3.85763,;261.859724,3.90774,;227.093785,3.95782,;227.093785,4.00793,;227.093785,4.05802,;227.093785,4.10814,;227.093785,4.15822,;227.093785,4.20832,;227.093785,4.2584,;227.093785,4.30852,;227.093785,4.35862,;227.093785,4.40874,;227.093785,4.45882,;227.093785,4.50894,;227.093785,4.55901,;227.093785,4.60913,;227.093785,4.65924,;227.093785,4.70933,;227.093785,4.75942,;227.093785,4.8095,;227.093785,4.85961,;227.093785,4.90969,;227.093785,4.95976,;227.093785,5.00985,;227.093785,5.05996,;227.093785,5.11005,;227.093785,5.16014,;227.093785,5.21023,;227.093785,5.26031,;227.093785,5.31043,;227.093785,5.36055,;227.093785,5.41066,;227.093785,5.46077,;227.093785,5.51085,;227.093785,5.56093,;227.093785,5.61102,;227.093785,5.6611,;227.093785,5.71119,;227.093785,5.76128,;227.093785,5.81139,;227.093785,5.86147,;227.093785,5.91158,;227.093785,5.96166,;227.093785,6.01176,;227.093785,6.06184,;227.093785,6.11192,;227.093785,6.16201,;227.093785,6.21212,;227.093785,6.26225,;227.093785,6.31232,;227.093785,6.36243,;227.093785,6.41254,;227.093785,6.46265,;227.093785,6.51276,;227.093785,6.56285,;227.093785,6.61299,;227.093785,6.66306,;227.093785,6.71316,;227.093785,6.76325,;227.093785,6.81337,;227.093785,6.86349,;227.093785,6.91356,;227.093785,6.96367,;227.093785,7.01375,;227.093785,7.06388,;227.093785,7.11398,;227.093785,7.16409,;227.093785,7.21418,;227.093785,7.26429,;227.093785,7.3144,;227.093785,7.36449,;227.093785,7.41459,;227.093785,7.4647,;227.093785,7.51482,;227.093785,7.56489,;227.093785,7.61498,;227.093785,7.66506,;227.093785,7.71516,;227.093785,7.76524,;227.093785,7.81536,;227.093785,7.86543,;227.093785,7.91551,;227.093785,7.96558,;227.093785,8.01566,;227.093785,8.06574,;227.093785,8.11584,;227.093785,8.16592,;227.093785,8.21602,;227.093785,8.2661,;227.093785,8.31618,;227.093785,8.36627,;227.093785,8.41636,;227.093785,8.46645,;227.093785,8.51654,;227.093785,8.56661,;224.855949,8.61671,;224.855949,8.6668,;224.855949,8.71686,;224.855949,8.76695,;224.855949,8.81703,;224.855949,8.86711,;224.855949,8.9172,;224.855949,8.9673,;224.855949,9.01739,;224.855949,9.06748,;224.855949,9.11755,;224.855949,9.16763,;224.855949,9.21774,;224.855949,9.26786,;224.855949,9.31794,;224.855949,9.36805,;224.855949,9.41812,;224.855949,9.4682,;224.855949,9.51828,;224.855949,9.56835,;224.855949,9.61843,;224.855949,9.6685,;224.855949,9.71858,;224.855949,9.76865,;224.855949,9.81873,;224.855949,9.8688,;224.855949,9.91888,;224.855949,9.96896,;224.855949,10.019,;
inf,0.0500995,;855.161279,0.100185,;855.161279,0.150268,;855.161279,0.200379,;855.161279,0.250487,;855.161279,0.300575,;855.161279,0.350647,;855.161279,0.400717,;855.161279,0.450788,;855.161279,0.500866,;855.161279,0.550953,;855.161279,0.601078,;854.121101,0.651156,;830.319645,0.701274,;830.319645,0.751361,;830.319645,0.801457,;830.319645,0.851534,;830.319645,0.901648,;830.319645,0.951723,;830.319645,1.00184,;830.319645,1.05191,;830.319645,1.102,;830.319645,1.15208,;830.319645,1.20216,;830.319645,1.25224,;830.319645,1.30232,;815.189544,1.35242,;779.012719,1.40249,;779.012719,1.45261,;779.012719,1.50269,;779.012719,1.55276,;779.012719,1.60286,;756.352983,1.65295,;756.352983,1.70305,;756.352983,1.75317,;756.352983,1.8033,;756.352983,1.85342,;756.352983,1.90354,;411.013633,1.95363,;411.013633,2.00373,;392.622875,2.05382,;392.622875,2.10385,;379.294156,2.15394,;379.294156,2.20407,;379.294156,2.25414,;379.294156,2.30424,;379.294156,2.35437,;299.193962,2.40446,;262.307965,2.45459,;262.307965,2.50471,;262.307965,2.55479,;262.307965,2.60488,;262.307965,2.655,;262.307965,2.70513,;262.307965,2.75522,;262.307965,2.80534,;262.307965,2.85543,;262.307965,2.90555,;262.307965,2.95564,;262.307965,3.00576,;262.307965,3.05585,;262.307965,3.10597,;262.307965,3.15606,;262.307965,3.20614,;262.307965,3.25623,;262.307965,3.30635,;245.067262,3.35645,;245.067262,3.40656,;245.067262,3.45666,;245.067262,3.50674,;245.067262,3.55683,;236.039164,3.60692,;236.039164,3.65701,;236.039164,3.70711,;236.039164,3.7572,;236.039164,3.8073,;236.039164,3.85741,;236.039164,3.90749,;236.039164,3.95759,;236.039164,4.00767,;236.039164,4.05776,;236.039164,4.10786,;236.039164,4.15794,;236.039164,4.20803,;236.039164,4.25815,;236.039164,4.30824,;236.039164,4.35836,;236.039164,4.40847,;236.039164,4.45855,;236.039164,4.50863,;236.039164,4.55868,;236.039164,4.6088,;236.039164,4.65887,;236.039164,4.70899,;236.039164,4.75911,;236.039164,4.80923,;236.039164,4.85932,;236.039164,4.90945,;236.039164,4.95955,;236.039164,5.00967,;236.039164,5.05979,;236.039164,5.1099,;236.039164,5.16002,;236.039164,5.21014,;236.039164,5.26026,;236.039164,5.31038,;236.039164,5.36049,;236.039164,5.41061,;236.039164,5.46073,;236.039164,5.51082,;236.039164,5.56091,;236.039164,5.61099,;236.039164,5.66107,;236.039164,5.71116,;233.734903,5.76129,;233.734903,5.81141,;233.734903,5.86153,;233.734903,5.91161,;233.734903,5.96173,;233.734903,6.01184,;233.734903,6.06192,;233.734903,6.11201,;233.734903,6.16213,;233.734903,6.21225,;233.734903,6.26237,;233.734903,6.31249,;233.734903,6.36258,;233.734903,6.4127,;233.734903,6.46278,;233.734903,6.5129,;233.734903,6.563,;233.734903,6.6131,;233.734903,6.66322,;233.734903,6.71331,;233.734903,6.76342,;233.734903,6.81355,;233.734903,6.86364,;233.734903,6.91376,;233.734903,6.96385,;233.734903,7.01397,;233.734903,7.06409,;233.734903,7.1142,;233.734903,7.16432,;233.734903,7.21444,;233.734903,7.26456,;233.734903,7.31465,;233.734903,7.36474,;233.734903,7.41482,;233.734903,7.46494,;233.734903,7.51503,;233.734903,7.56516,;233.734903,7.61524,;233.734903,7.66537,;233.734903,7.71546,;233.734903,7.76558,;233.734903,7.81568,;233.734903,7.8658,;233.734903,7.91589,;233.734903,7.966,;233.734903,8.01613,;233.734903,8.06622,;233.734903,8.11632,;233.734903,8.16645,;233.734903,8.21654,;233.734903,8.26666,;233.734903,8.31678,;233.734903,8.36686,;233.734903,8.41699,;233.734903,8.46706,;233.734903,8.51718,;233.734903,8.56727,;233.734903,8.61739,;233.734903,8.66748,;233.734903,8.71761,;233.734903,8.76771,;233.734903,8.81783,;233.734903,8.86792,;233.734903,8.91804,;233.734903,8.96813,;233.734903,9.01823,;233.734903,9.06832,;233.734903,9.11845,;233.734903,9.16854,;233.734903,9.21868,;233.734903,9.2688,;233.734903,9.31888,;233.734903,9.36901,;233.734903,9.41912,;233.734903,9.4692,;233.734903,9.5193,;233.734903,9.56941,;233.734903,9.61954,;233.734903,9.66966,;233.734903,9.71976,;233.734903,9.7699,;233.734903,9.81998,;233.734903,9.8701,;233.734903,9.92022,;233.734903,9.97034,;233.734903,10.0205,;233.734903,10.0705,;
inf,0.0500673,;inf,0.100145,;inf,0.150265,;inf,0.200383,;inf,0.250461,;509.770583,0.300542,;472.496489,0.35063,;459.844913,0.40071,;459.844913,0.450802,;459.844913,0.500883,;459.844913,0.550954,;459.844913,0.601026,;459.844913,0.651098,;459.844913,0.701167,;459.844913,0.751237,;459.844913,0.801305,;459.844913,0.851395,;459.844913,0.901468,;459.844913,0.951594,;459.844913,1.00171,;457.388849,1.05179,;455.613475,1.1019,;455.613475,1.15202,;451.290065,1.20213,;451.290065,1.25223,;451.290065,1.30235,;451.290065,1.35243,;451.290065,1.40254,;451.290065,1.45263,;451.290065,1.50271,;451.290065,1.55279,;451.290065,1.60289,;451.290065,1.65298,;451.290065,1.70312,;451.290065,1.7532,;451.290065,1.80332,;451.290065,1.85341,;451.290065,1.90352,;451.290065,1.95367,;451.290065,2.00378,;451.290065,2.05389,;451.290065,2.10402,;451.290065,2.15413,;451.290065,2.20424,;451.290065,2.25433,;451.290065,2.30441,;451.290065,2.35449,;451.290065,2.40458,;451.290065,2.45469,;451.290065,2.50478,;451.290065,2.55489,;451.290065,2.60498,;282.329280,2.6551,;282.329280,2.70521,;282.329280,2.75532,;282.329280,2.80544,;282.329280,2.85555,;282.329280,2.90563,;282.329280,2.95572,;274.281933,3.00579,;274.281933,3.05587,;274.281933,3.10594,;274.281933,3.15605,;274.281933,3.20612,;274.281933,3.25619,;274.281933,3.30632,;274.281933,3.3564,;274.281933,3.40651,;274.281933,3.45664,;274.281933,3.50676,;274.281933,3.55684,;274.281933,3.60692,;274.281933,3.65701,;274.281933,3.70709,;274.281933,3.75718,;274.281933,3.80727,;274.281933,3.85735,;274.281933,3.90744,;274.281933,3.95754,;274.281933,4.00762,;274.281933,4.05776,;274.281933,4.10788,;274.281933,4.15797,;274.281933,4.20806,;274.281933,4.25816,;274.281933,4.30824,;266.051999,4.35832,;266.051999,4.40841,;266.051999,4.45849,;266.051999,4.50858,;266.051999,4.55868,;266.051999,4.60877,;255.665803,4.65884,;255.665803,4.70894,;255.665803,4.75906,;255.665803,4.80915,;255.665803,4.85927,;255.665803,4.90939,;255.665803,4.9595,;255.665803,5.00962,;254.601690,5.05973,;254.601690,5.10984,;254.601690,5.15993,;254.601690,5.21004,;254.601690,5.26016,;254.601690,5.3103,;253.246858,5.36037,;244.329903,5.41049,;244.329903,5.46056,;244.329903,5.51064,;244.329903,5.56072,;244.329903,5.61079,;244.329903,5.66086,;244.329903,5.71094,;244.329903,5.76105,;244.329903,5.81114,;244.329903,5.86125,;244.329903,5.91137,;244.329903,5.96148,;244.329903,6.01159,;244.329903,6.06166,;244.329903,6.11175,;244.329903,6.16186,;244.329903,6.21198,;244.329903,6.26206,;244.329903,6.31215,;244.329903,6.36224,;244.329903,6.41232,;244.329903,6.4624,;244.329903,6.51248,;244.329903,6.56256,;244.329903,6.61265,;244.329903,6.66277,;244.329903,6.71285,;244.329903,6.76293,;244.329903,6.81302,;244.329903,6.86311,;244.329903,6.91324,;244.329903,6.96336,;244.329903,7.01344,;244.329903,7.06355,;244.329903,7.11364,;244.329903,7.16377,;244.329903,7.21384,;244.329903,7.26396,;244.329903,7.31408,;244.329903,7.36419,;244.329903,7.4143,;244.329903,7.46442,;244.329903,7.51454,;244.329903,7.56462,;244.329903,7.61474,;244.329903,7.66483,;244.329903,7.71495,;244.329903,7.76504,;244.329903,7.81515,;244.329903,7.86524,;240.264688,7.91535,;240.264688,7.96542,;240.264688,8.01551,;240.264688,8.06562,;240.264688,8.11573,;240.264688,8.16582,;240.264688,8.21594,;240.264688,8.26603,;240.264688,8.31615,;240.264688,8.36625,;240.264688,8.41633,;240.264688,8.46644,;240.264688,8.51652,;235.004991,8.56664,;235.004991,8.61672,;235.004991,8.66682,;235.004991,8.71691,;235.004991,8.76703,;235.004991,8.81711,;235.004991,8.86723,;235.004991,8.91734,;235.004991,8.96743,;235.004991,9.01754,;235.004991,9.06765,;235.004991,9.11773,;235.004991,9.1678,;235.004991,9.21788,;235.004991,9.26796,;235.004991,9.31805,;235.004991,9.36813,;235.004991,9.41822,;235.004991,9.4683,;235.004991,9.51839,;235.004991,9.56847,;235.004991,9.61856,;235.004991,9.66864,;235.004991,9.71872,;235.004991,9.7688,;235.004991,9.81888,;235.004991,9.86896,;235.004991,9.91905,;231.775440,9.96913,;231.775440,10.0192,;231.775440,10.0693,;
inf,0.0500575,;inf,0.10013,;493.648317,0.150202,;458.424820,0.200289,;458.424820,0.250352,;451.824338,0.300433,;451.824338,0.350513,;451.824338,0.400626,;451.824338,0.450716,;451.824338,0.500798,;451.824338,0.550884,;451.824338,0.600999,;451.824338,0.65108,;451.824338,0.701233,;451.824338,0.751316,;451.824338,0.801403,;451.824338,0.851487,;451.824338,0.901573,;451.824338,0.951658,;451.824338,1.00175,;451.824338,1.05183,;451.824338,1.10192,;451.824338,1.15201,;436.506159,1.20208,;436.506159,1.25215,;436.506159,1.30226,;436.506159,1.35234,;436.506159,1.40243,;436.506159,1.45255,;436.506159,1.50264,;436.506159,1.55277,;436.506159,1.60289,;436.506159,1.653,;436.506159,1.70308,;436.506159,1.75322,;436.506159,1.80333,;436.506159,1.85341,;436.506159,1.90352,;436.506159,1.95363,;436.506159,2.00375,;436.506159,2.05386,;436.506159,2.10394,;391.012849,2.15402,;391.012849,2.2041,;391.012849,2.25418,;391.012849,2.30429,;391.012849,2.35438,;292.022556,2.40449,;292.022556,2.45457,;292.022556,2.5047,;279.105597,2.55482,;279.105597,2.6049,;279.105597,2.65497,;279.105597,2.70509,;279.105597,2.75516,;279.105597,2.80527,;279.105597,2.85535,;279.105597,2.90547,;279.105597,2.95555,;279.105597,3.00565,;279.105597,3.05574,;279.105597,3.10582,;279.105597,3.15589,;278.367023,3.20602,;278.367023,3.25613,;278.367023,3.3062,;278.367023,3.35631,;261.309480,3.40642,;261.309480,3.45654,;261.309480,3.50663,;261.309480,3.55671,;261.309480,3.6068,;261.309480,3.65687,;261.309480,3.70698,;261.309480,3.75706,;261.309480,3.80717,;261.309480,3.85725,;261.309480,3.90739,;261.309480,3.95748,;261.309480,4.00756,;261.309480,4.05768,;261.309480,4.10779,;261.309480,4.1579,;261.309480,4.20799,;261.309480,4.25807,;261.309480,4.30814,;261.309480,4.35822,;261.309480,4.40831,;261.309480,4.45842,;261.309480,4.50853,;261.309480,4.55861,;261.309480,4.60874,;261.309480,4.65884,;261.309480,4.70896,;261.309480,4.75904,;260.349730,4.80916,;260.349730,4.85925,;260.349730,4.90936,;260.349730,4.95948,;260.349730,5.0096,;260.349730,5.05971,;260.349730,5.10981,;260.349730,5.15992,;260.349730,5.21001,;260.349730,5.2601,;260.349730,5.31018,;260.349730,5.36029,;260.349730,5.41038,;260.349730,5.4605,;260.349730,5.51059,;260.349730,5.5607,;260.349730,5.61079,;260.349730,5.66092,;260.349730,5.71103,;260.349730,5.76114,;260.349730,5.81123,;260.349730,5.86135,;260.349730,5.91144,;260.349730,5.96155,;260.349730,6.01164,;260.349730,6.06176,;260.349730,6.11186,;260.349730,6.16198,;260.349730,6.2121,;236.337795,6.26217,;236.337795,6.31228,;233.861220,6.36236,;233.861220,6.41245,;233.861220,6.46253,;233.861220,6.51264,;233.861220,6.56273,;226.119373,6.61284,;226.119373,6.66291,;226.119373,6.713,;226.119373,6.76309,;226.119373,6.81317,;226.119373,6.86325,;226.119373,6.91334,;226.119373,6.96342,;226.119373,7.01354,;226.119373,7.06361,;226.119373,7.11369,;226.119373,7.16377,;226.119373,7.21385,;226.119373,7.26396,;226.119373,7.31403,;226.119373,7.36415,;226.119373,7.41422,;226.119373,7.46434,;226.119373,7.51442,;226.119373,7.56449,;226.119373,7.61458,;226.119373,7.66469,;226.119373,7.71478,;226.119373,7.76487,;226.119373,7.81496,;226.119373,7.86503,;226.119373,7.91511,;226.119373,7.96522,;226.119373,8.0153,;226.119373,8.06537,;226.119373,8.11549,;226.119373,8.16558,;226.119373,8.21569,;226.119373,8.26579,;226.119373,8.31586,;226.119373,8.36598,;226.119373,8.41609,;226.119373,8.46617,;226.119373,8.51628,;226.119373,8.56635,;226.119373,8.61642,;226.119373,8.66649,;226.119373,8.71658,;226.119373,8.76666,;226.119373,8.81673,;226.119373,8.86684,;226.119373,8.91694,;226.119373,8.96703,;226.119373,9.01715,;226.119373,9.06724,;226.119373,9.11732,;226.119373,9.16739,;226.119373,9.2175,;226.119373,9.26757,;226.119373,9.31768,;226.119373,9.36777,;226.119373,9.41787,;226.119373,9.46796,;226.119373,9.51804,;226.119373,9.56815,;226.119373,9.61823,;226.119373,9.66834,;226.119373,9.71844,;226.119373,9.76851,;226.119373,9.81863,;226.119373,9.86874,;226.119373,9.91884,;225.552432,9.96896,;225.552432,10.019,;
inf,0.0501192,;inf,0.100233,;420.973154,0.150324,;415.409901,0.200448,;415.409901,0.250557,;415.409901,0.300683,;415.409901,0.350779,;415.409901,0.400903,;415.409901,0.451018,;415.409901,0.501132,;415.409901,0.551264,;415.409901,0.601381,;415.409901,0.651493,;396.717733,0.701606,;396.717733,0.751721,;396.717733,0.801804,;396.717733,0.85192,;396.717733,0.902037,;396.717733,0.952118,;396.717733,1.00221,;396.717733,1.0523,;382.306476,1.10242,;382.306476,1.15251,;382.306476,1.20261,;382.306476,1.25271,;382.306476,1.30283,;382.306476,1.35292,;382.306476,1.40304,;382.306476,1.45312,;382.306476,1.50323,;382.306476,1.55332,;382.306476,1.60344,;382.306476,1.65353,;382.306476,1.70362,;382.306476,1.75372,;382.306476,1.80384,;382.306476,1.85393,;382.306476,1.90405,;382.306476,1.95414,;382.306476,2.00427,;382.306476,2.05438,;382.306476,2.10446,;382.306476,2.15458,;382.306476,2.2047,;382.306476,2.25482,;382.306476,2.3049,;382.306476,2.35499,;382.306476,2.40504,;382.306476,2.45512,;382.306476,2.50525,;382.306476,2.55534,;382.306476,2.60543,;382.306476,2.65556,;382.306476,2.70564,;382.306476,2.75573,;382.306476,2.80581,;382.306476,2.85593,;359.339198,2.90605,;301.250302,2.95616,;290.894659,3.00624,;290.894659,3.05636,;290.894659,3.10647,;275.484630,3.1566,;275.484630,3.20671,;275.484630,3.25681,;275.484630,3.30689,;275.484630,3.35703,;275.484630,3.40716,;275.484630,3.45723,;275.484630,3.50735,;275.484630,3.55747,;256.433241,3.6076,;256.433241,3.65769,;256.433241,3.70783,;256.433241,3.75795,;256.433241,3.80807,;256.433241,3.8582,;256.433241,3.90832,;256.433241,3.95844,;256.433241,4.00856,;256.433241,4.05868,;256.433241,4.1088,;256.433241,4.15892,;256.433241,4.20903,;256.433241,4.25913,;256.433241,4.30922,;256.433241,4.35934,;256.433241,4.40943,;256.433241,4.45951,;256.433241,4.5096,;256.433241,4.55969,;256.433241,4.60977,;256.433241,4.6599,;256.433241,4.70999,;256.433241,4.76013,;256.433241,4.81022,;256.433241,4.86031,;256.433241,4.91043,;256.433241,4.96055,;256.433241,5.01067,;256.433241,5.06079,;256.433241,5.11092,;256.433241,5.16098,;256.433241,5.2111,;256.433241,5.26117,;256.433241,5.31129,;256.433241,5.36139,;256.433241,5.41151,;256.433241,5.46161,;237.996237,5.5117,;237.996237,5.56179,;237.996237,5.61187,;237.996237,5.662,;237.996237,5.71212,;237.996237,5.76221,;237.996237,5.81233,;237.996237,5.86245,;237.996237,5.91253,;237.996237,5.96263,;237.996237,6.01275,;237.996237,6.06284,;237.996237,6.11295,;237.996237,6.16305,;237.996237,6.21314,;237.996237,6.26323,;237.996237,6.31332,;237.996237,6.36365,;237.996237,6.41375,;237.996237,6.46386,;237.996237,6.51396,;237.996237,6.56404,;237.996237,6.61418,;237.996237,6.66427,;237.996237,6.71435,;237.996237,6.76443,;237.996237,6.81455,;237.996237,6.86464,;237.996237,6.91478,;237.996237,6.96492,;237.996237,7.01503,;237.996237,7.06512,;237.996237,7.11523,;237.996237,7.16532,;237.996237,7.21541,;237.996237,7.2655,;237.996237,7.31563,;237.996237,7.36571,;237.996237,7.41584,;237.996237,7.46595,;237.996237,7.51602,;237.996237,7.56611,;237.996237,7.61623,;237.996237,7.66631,;237.996237,7.7164,;237.996237,7.76648,;237.996237,7.81658,;237.996237,7.86667,;232.579803,7.9168,;232.579803,7.96691,;232.579803,8.01703,;232.579803,8.06715,;232.579803,8.11723,;232.579803,8.16731,;232.579803,8.21739,;232.579803,8.26752,;232.579803,8.31761,;232.579803,8.3677,;232.579803,8.41779,;232.579803,8.46789,;232.579803,8.51799,;232.579803,8.56808,;232.579803,8.61817,;232.579803,8.66824,;232.579803,8.71832,;232.579803,8.76841,;232.579803,8.81849,;232.579803,8.8686,;232.579803,8.91869,;232.579803,8.96881,;232.579803,9.01893,;232.579803,9.069,;232.579803,9.11912,;232.579803,9.16924,;232.579803,9.21936,;232.579803,9.26945,;232.579803,9.31954,;232.579803,9.36963,;232.579803,9.41976,;232.579803,9.46986,;232.579803,9.51998,;232.579803,9.57009,;232.579803,9.62017,;232.579803,9.67029,;232.579803,9.72041,;232.579803,9.77049,;232.579803,9.82062,;232.579803,9.87071,;232.579803,9.92083,;232.579803,9.97095,;232.579803,10.021,;232.579803,10.0711,;
inf,0.0500608,;inf,0.100152,;inf,0.150234,;inf,0.200362,;381.182001,0.250474,;381.182001,0.300588,;381.182001,0.350706,;381.182001,0.400796,;381.182001,0.450877,;381.182001,0.50096,;381.182001,0.551037,;381.182001,0.60115,;381.182001,0.65124,;381.182001,0.701317,;381.182001,0.751409,;381.182001,0.801521,;381.182001,0.851617,;381.182001,0.901736,;381.182001,0.95183,;381.182001,1.00195,;381.182001,1.05204,;381.182001,1.10216,;381.182001,1.15226,;381.182001,1.20234,;381.182001,1.25246,;381.182001,1.30256,;381.182001,1.35267,;381.182001,1.40274,;381.182001,1.45285,;381.182001,1.50293,;381.182001,1.55304,;381.182001,1.60314,;381.182001,1.65325,;310.258925,1.70334,;292.618401,1.75346,;292.618401,1.80354,;292.618401,1.85366,;292.618401,1.90378,;292.618401,1.95387,;292.618401,2.00397,;267.797050,2.05406,;267.797050,2.10414,;267.797050,2.15423,;267.797050,2.20435,;236.914176,2.25447,;236.914176,2.30458,;236.914176,2.35468,;229.184384,2.40479,;229.184384,2.45487,;229.184384,2.50497,;229.184384,2.55506,;229.184384,2.60516,;229.184384,2.65524,;229.184384,2.70534,;229.184384,2.75543,;229.184384,2.80552,;229.184384,2.85562,;229.184384,2.9057,;229.184384,2.95578,;229.184384,3.00586,;229.184384,3.05596,;229.184384,3.10605,;229.184384,3.15615,;229.184384,3.20627,;229.184384,3.25636,;229.184384,3.30649,;229.184384,3.3566,;229.184384,3.40672,;229.184384,3.45684,;229.184384,3.5069,;229.184384,3.55706,;229.184384,3.60715,;229.184384,3.65725,;229.184384,3.70735,;229.184384,3.75744,;229.184384,3.80755,;229.184384,3.85767,;229.184384,3.90779,;229.184384,3.95786,;229.184384,4.00794,;229.184384,4.05806,;229.184384,4.10815,;229.184384,4.15824,;229.184384,4.20832,;229.184384,4.25842,;229.184384,4.30848,;229.184384,4.3586,;229.184384,4.40868,;229.184384,4.45876,;229.184384,4.50888,;229.184384,4.55896,;229.184384,4.60907,;229.184384,4.65915,;229.184384,4.70927,;229.184384,4.75936,;229.184384,4.80947,;229.184384,4.85957,;229.184384,4.90969,;229.184384,4.95979,;229.184384,5.00991,;229.184384,5.06001,;229.184384,5.11013,;229.184384,5.16025,;229.184384,5.21034,;229.184384,5.26046,;229.184384,5.31055,;227.458408,5.36066,;227.458408,5.41075,;227.458408,5.46086,;227.458408,5.51094,;227.458408,5.56103,;227.458408,5.61111,;227.458408,5.6612,;227.458408,5.71128,;227.458408,5.7614,;227.458408,5.8115,;227.458408,5.86159,;227.458408,5.91168,;227.458408,5.96177,;227.458408,6.01185,;227.458408,6.06193,;227.458408,6.11201,;227.458408,6.16209,;227.458408,6.21218,;227.458408,6.26231,;227.458408,6.31243,;227.458408,6.36255,;227.458408,6.41266,;227.458408,6.46272,;227.458408,6.51285,;227.458408,6.56294,;227.458408,6.61304,;227.458408,6.66312,;227.458408,6.7132,;227.458408,6.76326,;227.458408,6.81338,;227.458408,6.86348,;227.458408,6.91357,;227.458408,6.9637,;227.458408,7.01378,;227.458408,7.06388,;227.458408,7.11398,;227.458408,7.16407,;227.458408,7.2142,;227.458408,7.26432,;227.458408,7.31445,;227.458408,7.36462,;227.458408,7.4147,;227.458408,7.46482,;227.458408,7.5149,;227.458408,7.565,;227.458408,7.61509,;227.458408,7.66518,;227.458408,7.71527,;227.458408,7.7654,;227.458408,7.81549,;227.458408,7.86559,;227.458408,7.91569,;227.458408,7.96582,;227.458408,8.0159,;227.458408,8.06602,;227.458408,8.11611,;223.350907,8.16625,;223.350907,8.21637,;223.350907,8.26648,;223.350907,8.31657,;223.350907,8.36666,;223.350907,8.41675,;223.350907,8.46683,;223.350907,8.51691,;223.350907,8.56699,;223.350907,8.61708,;223.350907,8.66716,;223.350907,8.71726,;223.350907,8.76735,;223.350907,8.81745,;223.350907,8.86754,;223.350907,8.91766,;223.350907,8.96775,;223.350907,9.01787,;223.350907,9.06796,;223.350907,9.11808,;223.350907,9.1682,;223.350907,9.21832,;223.350907,9.26841,;223.350907,9.31853,;223.350907,9.36866,;223.350907,9.41874,;223.350907,9.46886,;223.350907,9.51895,;223.350907,9.56903,;223.350907,9.61915,;223.350907,9.66923,;223.350907,9.71932,;223.350907,9.76944,;223.350907,9.81954,;223.350907,9.86966,;223.350907,9.91973,;223.350907,9.96985,;223.350907,10.0199,;223.350907,10.07,;
344.610306,0.0500582,;344.610306,0.100138,;344.610306,0.15023,;344.610306,0.200303,;344.610306,0.250392,;344.610306,0.300503,;344.610306,0.350582,;344.610306,0.400667,;344.610306,0.450745,;344.610306,0.500856,;344.610306,0.550928,;344.610306,0.601009,;344.610306,0.651084,;344.610306,0.701257,;344.610306,0.751372,;344.610306,0.80145,;344.610306,0.851541,;344.610306,0.901661,;344.610306,0.951782,;344.610306,1.00189,;344.610306,1.05197,;344.610306,1.10204,;322.602760,1.15215,;322.602760,1.20223,;322.602760,1.25234,;322.602760,1.30242,;322.602760,1.35252,;322.602760,1.40261,;322.602760,1.45272,;298.301335,1.50284,;298.301335,1.55292,;298.301335,1.60301,;296.326906,1.65315,;296.326906,1.70323,;296.326906,1.75331,;296.326906,1.80339,;296.326906,1.85347,;296.326906,1.90355,;296.326906,1.95364,;296.326906,2.00373,;296.326906,2.05382,;296.326906,2.1039,;296.326906,2.15398,;296.326906,2.20406,;296.326906,2.25415,;296.326906,2.30427,;279.026394,2.35436,;279.026394,2.40447,;279.026394,2.45456,;279.026394,2.50467,;279.026394,2.55476,;279.026394,2.60488,;279.026394,2.655,;279.026394,2.70511,;279.026394,2.75523,;279.026394,2.80534,;279.026394,2.85546,;279.026394,2.90557,;279.026394,2.95566,;279.026394,3.00578,;279.026394,3.0559,;279.026394,3.10597,;279.026394,3.15608,;279.026394,3.20617,;279.026394,3.25628,;279.026394,3.30638,;279.026394,3.35649,;279.026394,3.4066,;279.026394,3.45667,;274.138216,3.50677,;274.138216,3.55685,;274.138216,3.60693,;274.138216,3.65704,;274.138216,3.70715,;274.138216,3.75726,;274.138216,3.80737,;274.138216,3.85748,;274.138216,3.90759,;274.138216,3.9577,;274.138216,4.00782,;274.138216,4.05789,;274.138216,4.10799,;274.138216,4.15807,;271.578110,4.20818,;271.578110,4.25825,;271.578110,4.30836,;271.578110,4.35845,;271.578110,4.40852,;271.578110,4.4586,;271.578110,4.50868,;271.578110,4.55876,;269.755046,4.60884,;269.755046,4.65892,;269.755046,4.709,;269.755046,4.75912,;269.755046,4.8092,;269.755046,4.85928,;269.755046,4.90937,;246.699270,4.95945,;246.699270,5.00954,;246.699270,5.05968,;246.699270,5.10976,;246.699270,5.15984,;246.699270,5.20992,;246.699270,5.26,;246.699270,5.31008,;246.699270,5.36016,;246.699270,5.41024,;246.699270,5.46031,;246.699270,5.51039,;246.699270,5.56048,;246.699270,5.61056,;246.699270,5.66065,;246.699270,5.71072,;246.699270,5.76081,;246.699270,5.81088,;246.699270,5.86096,;246.699270,5.91105,;246.699270,5.96113,;246.699270,6.01121,;246.699270,6.06129,;246.699270,6.11137,;246.699270,6.16145,;246.699270,6.21153,;246.699270,6.26161,;246.699270,6.3117,;246.626175,6.36177,;246.626175,6.41189,;246.626175,6.46196,;246.626175,6.51207,;246.626175,6.56216,;246.626175,6.61228,;246.626175,6.66236,;246.626175,6.71247,;246.626175,6.76256,;246.626175,6.81268,;246.626175,6.86279,;246.626175,6.91291,;246.626175,6.963,;246.626175,7.01312,;246.626175,7.06322,;246.626175,7.11333,;246.626175,7.16345,;246.626175,7.21356,;246.626175,7.2637,;246.626175,7.31382,;246.626175,7.36393,;246.626175,7.41401,;246.626175,7.46413,;246.626175,7.51422,;246.626175,7.56435,;246.626175,7.61445,;243.082681,7.66454,;243.082681,7.71464,;243.082681,7.76472,;243.082681,7.81485,;243.082681,7.86496,;243.082681,7.91508,;243.082681,7.96519,;243.082681,8.01527,;243.082681,8.06539,;243.082681,8.11547,;243.082681,8.16559,;243.082681,8.21567,;243.082681,8.26576,;243.082681,8.31588,;243.082681,8.36595,;229.177875,8.41607,;229.177875,8.46616,;229.177875,8.51627,;229.177875,8.56636,;229.177875,8.61649,;229.177875,8.6666,;229.177875,8.7167,;229.177875,8.76682,;229.177875,8.81693,;229.177875,8.86702,;229.177875,8.91714,;229.177875,8.96726,;229.177875,9.01737,;229.177875,9.06747,;229.177875,9.11758,;229.177875,9.1677,;229.177875,9.21778,;229.177875,9.2679,;229.177875,9.31798,;229.177875,9.3681,;229.177875,9.41817,;229.177875,9.46829,;229.177875,9.51838,;229.177875,9.56846,;229.177875,9.61855,;229.177875,9.66868,;229.177875,9.71879,;229.177875,9.76888,;229.177875,9.81901,;229.177875,9.86912,;229.177875,9.91923,;229.177875,9.96935,;229.177875,10.0195,;
inf,0.0500976,;850.239020,0.100213,;850.239020,0.150328,;850.239020,0.200441,;850.239020,0.250559,;834.854490,0.30067,;834.854490,0.350749,;826.600680,0.40083,;826.600680,0.450899,;826.600680,0.500979,;826.600680,0.551095,;826.600680,0.601206,;778.276336,0.651288,;778.276336,0.701372,;778.276336,0.751465,;778.276336,0.801551,;778.276336,0.851634,;778.276336,0.901713,;778.276336,0.95181,;750.365238,1.00189,;750.365238,1.05197,;750.365238,1.10205,;750.365238,1.15213,;750.365238,1.20221,;750.365238,1.25233,;436.099892,1.30241,;411.633935,1.35253,;410.411515,1.40261,;410.411515,1.45269,;394.851884,1.50276,;394.851884,1.55284,;394.851884,1.60291,;394.851884,1.65299,;394.851884,1.70307,;373.230155,1.75315,;373.230155,1.80323,;373.230155,1.85331,;373.230155,1.9034,;373.230155,1.95349,;373.230155,2.00357,;373.230155,2.05368,;373.230155,2.10377,;373.230155,2.15393,;373.230155,2.20401,;373.230155,2.2541,;373.230155,2.30418,;264.028148,2.35426,;264.028148,2.40438,;264.028148,2.45449,;264.028148,2.50461,;264.028148,2.55472,;264.028148,2.60484,;264.028148,2.65491,;264.028148,2.70504,;244.417565,2.75513,;244.417565,2.8052,;244.417565,2.85529,;244.417565,2.9054,;244.417565,2.95549,;244.417565,3.00561,;244.417565,3.05569,;244.417565,3.1058,;244.417565,3.15589,;244.417565,3.20601,;244.417565,3.2561,;244.417565,3.30623,;244.417565,3.3563,;244.417565,3.40641,;244.417565,3.4565,;244.417565,3.50662,;244.417565,3.55671,;244.417565,3.60684,;244.417565,3.65692,;244.417565,3.707,;244.417565,3.75711,;244.417565,3.8072,;244.417565,3.85728,;244.417565,3.9074,;244.417565,3.95748,;244.417565,4.00757,;244.417565,4.05769,;244.417565,4.10777,;244.417565,4.15785,;244.417565,4.20796,;244.417565,4.25807,;244.417565,4.30818,;244.417565,4.35826,;244.417565,4.40833,;244.417565,4.45843,;244.417565,4.50854,;244.417565,4.55866,;244.417565,4.60877,;244.417565,4.65883,;244.417565,4.70891,;244.417565,4.75898,;244.417565,4.80906,;244.417565,4.85916,;241.045580,4.90928,;241.045580,4.95937,;241.045580,5.00948,;241.045580,5.05958,;241.045580,5.10969,;241.045580,5.15981,;241.045580,5.20993,;241.045580,5.26004,;241.045580,5.31016,;241.045580,5.36027,;241.045580,5.41039,;241.045580,5.4605,;235.881224,5.51061,;235.881224,5.56072,;235.881224,5.61084,;235.881224,5.66092,;235.881224,5.71101,;235.881224,5.76112,;235.881224,5.81122,;235.881224,5.86134,;235.881224,5.91142,;235.881224,5.96155,;235.881224,6.01164,;235.881224,6.06176,;235.881224,6.11185,;235.881224,6.16197,;235.881224,6.21208,;235.881224,6.26216,;235.881224,6.31225,;235.881224,6.36236,;235.881224,6.41248,;235.881224,6.4626,;235.881224,6.51271,;235.881224,6.56283,;235.881224,6.61295,;235.881224,6.66302,;235.881224,6.71314,;233.276514,6.76323,;233.276514,6.81334,;233.276514,6.86346,;233.276514,6.91357,;233.276514,6.96369,;233.276514,7.01376,;233.276514,7.06388,;233.276514,7.11399,;233.276514,7.16408,;233.276514,7.21422,;233.276514,7.26433,;233.276514,7.31441,;233.276514,7.3645,;233.276514,7.41462,;233.276514,7.46473,;233.276514,7.5148,;233.276514,7.56491,;233.276514,7.61498,;233.276514,7.66509,;233.276514,7.71521,;233.276514,7.76532,;233.276514,7.8154,;233.276514,7.86547,;233.276514,7.91555,;233.276514,7.96563,;233.276514,8.01571,;233.276514,8.06584,;233.276514,8.11591,;233.276514,8.16599,;233.276514,8.21611,;233.276514,8.26623,;233.276514,8.31631,;233.276514,8.36639,;233.276514,8.41648,;233.276514,8.46657,;233.276514,8.51665,;233.276514,8.56676,;233.276514,8.61684,;233.276514,8.66694,;233.276514,8.71702,;233.276514,8.76711,;233.276514,8.81719,;233.276514,8.86728,;233.276514,8.91736,;233.276514,8.96745,;233.276514,9.01757,;233.276514,9.06764,;233.276514,9.11773,;233.276514,9.16783,;233.276514,9.21792,;233.276514,9.26801,;233.276514,9.3181,;233.276514,9.36819,;233.276514,9.41828,;233.276514,9.46837,;233.276514,9.51846,;233.276514,9.56858,;233.276514,9.61871,;233.276514,9.66882,;233.276514,9.7189,;233.276514,9.76899,;233.276514,9.81907,;233.276514,9.86916,;233.276514,9.91924,;233.276514,9.96935,;233.276514,10.0194,;
435.746488,0.0500959,;435.746488,0.100208,;435.746488,0.150281,;435.746488,0.200359,;435.746488,0.250443,;435.746488,0.300489,;423.472401,0.350569,;393.753109,0.400647,;393.753109,0.45073,;393.753109,0.500807,;393.753109,0.550894,;393.451421,0.600971,;393.451421,0.651053,;393.451421,0.701134,;393.451421,0.751243,;393.451421,0.801323,;393.451421,0.851415,;393.451421,0.901498,;393.451421,0.951589,;393.451421,1.00168,;393.451421,1.05176,;339.233161,1.10188,;339.233161,1.15199,;339.233161,1.2021,;339.233161,1.25217,;339.233161,1.30228,;339.233161,1.35239,;339.233161,1.40246,;339.233161,1.45253,;339.233161,1.50262,;339.233161,1.5527,;339.233161,1.60278,;339.233161,1.65286,;339.233161,1.70295,;339.233161,1.75303,;339.233161,1.80312,;339.233161,1.85323,;339.233161,1.90332,;339.233161,1.9534,;339.233161,2.00351,;339.233161,2.05358,;339.233161,2.10366,;339.233161,2.15375,;339.233161,2.20382,;339.233161,2.25391,;339.233161,2.30402,;339.233161,2.35411,;339.233161,2.40419,;339.233161,2.45427,;339.233161,2.50438,;339.233161,2.55446,;339.233161,2.60453,;339.233161,2.65461,;339.233161,2.70468,;339.233161,2.75476,;339.233161,2.80483,;339.233161,2.85491,;302.181862,2.90499,;302.181862,2.95506,;302.181862,3.00513,;302.181862,3.05521,;302.181862,3.10529,;302.181862,3.1554,;302.181862,3.20551,;267.242476,3.25562,;267.242476,3.30574,;267.242476,3.35585,;267.242476,3.40596,;267.242476,3.45608,;264.692155,3.50615,;264.692155,3.55624,;264.692155,3.60632,;264.692155,3.65639,;264.692155,3.70646,;264.692155,3.75658,;264.692155,3.80666,;264.692155,3.85673,;252.656506,3.90682,;252.656506,3.95695,;249.130260,4.00703,;249.130260,4.05715,;249.130260,4.10725,;249.130260,4.15736,;249.130260,4.20745,;249.130260,4.25753,;244.751362,4.30761,;244.751362,4.3577,;244.751362,4.40781,;244.751362,4.45792,;244.751362,4.50803,;244.751362,4.55815,;244.751362,4.60826,;244.751362,4.65833,;244.751362,4.70844,;244.751362,4.75852,;244.751362,4.80862,;244.751362,4.85872,;244.751362,4.90887,;244.751362,4.959,;244.751362,5.00911,;244.751362,5.05922,;244.751362,5.10933,;244.751362,5.15944,;244.751362,5.20955,;244.751362,5.25963,;244.751362,5.30974,;244.751362,5.35985,;244.751362,5.40993,;244.751362,5.46002,;244.751362,5.51013,;244.751362,5.56025,;244.751362,5.61037,;244.751362,5.66048,;244.751362,5.71057,;244.751362,5.76069,;244.751362,5.81078,;244.751362,5.8609,;244.751362,5.91099,;244.751362,5.96111,;244.751362,6.01122,;244.751362,6.06133,;244.751362,6.11141,;244.751362,6.1615,;244.751362,6.21159,;244.751362,6.26167,;244.751362,6.31178,;244.751362,6.36186,;244.751362,6.41198,;244.751362,6.46207,;244.751362,6.51219,;244.751362,6.5623,;244.751362,6.61239,;244.751362,6.66247,;244.751362,6.71255,;244.751362,6.76262,;244.751362,6.8127,;244.751362,6.86279,;244.751362,6.91288,;244.751362,6.96297,;244.751362,7.01306,;244.751362,7.06314,;244.751362,7.11322,;244.751362,7.16333,;244.751362,7.21342,;244.751362,7.26351,;244.751362,7.3136,;244.751362,7.36369,;244.751362,7.41379,;244.751362,7.46387,;244.751362,7.51395,;244.751362,7.56406,;244.751362,7.61414,;244.751362,7.66423,;244.751362,7.71431,;231.007190,7.76438,;231.007190,7.81446,;223.873974,7.86457,;223.873974,7.91466,;223.873974,7.96475,;223.873974,8.01484,;223.873974,8.06493,;223.873974,8.11502,;223.873974,8.16514,;223.873974,8.21525,;223.873974,8.26537,;223.873974,8.31546,;223.873974,8.36553,;223.873974,8.41563,;223.873974,8.46574,;223.873974,8.51586,;223.873974,8.56597,;223.873974,8.61608,;223.873974,8.66617,;223.873974,8.7163,;223.873974,8.76638,;223.873974,8.8165,;223.873974,8.86659,;223.873974,8.91668,;223.873974,8.96677,;223.873974,9.01686,;223.873974,9.06695,;223.873974,9.1171,;223.873974,9.16717,;223.873974,9.21726,;223.873974,9.26736,;223.873974,9.31748,;223.873974,9.36755,;223.873974,9.41763,;223.873974,9.46774,;223.873974,9.51784,;223.873974,9.56796,;223.873974,9.61809,;223.873974,9.66821,;223.873974,9.71828,;223.873974,9.76839,;223.873974,9.81848,;223.873974,9.86856,;223.873974,9.91867,;223.873974,9.96879,;223.873974,10.0189,;
756.969766,0.0500609,;756.969766,0.100179,;756.969766,0.150295,;756.969766,0.200394,;756.969766,0.250495,;756.969766,0.300574,;756.969766,0.350688,;756.969766,0.400769,;756.969766,0.450854,;756.969766,0.500938,;756.969766,0.551042,;756.969766,0.601156,;756.969766,0.651275,;756.969766,0.701361,;621.150167,0.751476,;614.320069,0.801556,;614.320069,0.851678,;614.320069,0.901777,;614.320069,0.951856,;614.320069,1.00197,;614.320069,1.05208,;614.320069,1.10216,;614.320069,1.15224,;614.320069,1.20232,;614.320069,1.25244,;614.320069,1.30254,;614.320069,1.35262,;614.320069,1.40273,;588.454006,1.45282,;588.454006,1.50294,;588.454006,1.55306,;588.454006,1.60315,;588.454006,1.65328,;588.454006,1.70338,;588.454006,1.75348,;588.454006,1.80357,;319.093753,1.85368,;316.667897,1.9038,;316.667897,1.95389,;316.667897,2.00398,;316.667897,2.05407,;316.667897,2.10416,;316.667897,2.15423,;316.667897,2.20431,;316.667897,2.2544,;316.667897,2.30448,;316.667897,2.35457,;316.667897,2.40465,;316.667897,2.45474,;316.667897,2.50482,;316.667897,2.55492,;240.909882,2.60502,;240.909882,2.65511,;240.909882,2.7052,;240.909882,2.75533,;240.909882,2.80541,;240.909882,2.8555,;240.909882,2.90558,;240.909882,2.95571,;240.909882,3.0058,;236.399743,3.05588,;236.399743,3.10601,;236.399743,3.15613,;236.399743,3.20625,;236.399743,3.25633,;236.399743,3.30642,;236.399743,3.3565,;236.399743,3.40659,;236.399743,3.45667,;236.399743,3.50676,;235.872676,3.55685,;235.872676,3.60694,;235.872676,3.65701,;235.872676,3.7071,;235.872676,3.75718,;235.872676,3.80728,;235.872676,3.85737,;235.872676,3.90749,;235.872676,3.95757,;235.872676,4.00769,;235.872676,4.05781,;235.872676,4.10789,;235.872676,4.15797,;235.872676,4.20805,;235.872676,4.25813,;235.872676,4.30824,;235.872676,4.35836,;235.872676,4.40847,;235.872676,4.45855,;235.872676,4.50863,;235.872676,4.55875,;235.872676,4.60884,;235.872676,4.65892,;235.872676,4.70902,;235.872676,4.75914,;235.872676,4.80926,;235.872676,4.85938,;235.872676,4.90947,;235.872676,4.95958,;235.872676,5.0097,;235.872676,5.05979,;225.256763,5.10992,;225.256763,5.16,;225.256763,5.21016,;225.256763,5.26024,;225.256763,5.31035,;225.256763,5.36046,;225.256763,5.41059,;225.256763,5.46071,;225.256763,5.51079,;225.218069,5.56089,;225.218069,5.61101,;225.218069,5.6611,;225.218069,5.71119,;225.218069,5.76129,;225.218069,5.8114,;225.218069,5.86152,;225.218069,5.91162,;225.218069,5.96172,;225.218069,6.01183,;225.218069,6.06192,;225.218069,6.11204,;225.218069,6.16216,;225.218069,6.21224,;225.218069,6.26233,;225.218069,6.31247,;225.218069,6.36262,;225.218069,6.4127,;225.218069,6.46278,;225.218069,6.51287,;225.218069,6.56297,;225.218069,6.61307,;225.218069,6.66317,;225.218069,6.71326,;225.218069,6.76335,;225.218069,6.81343,;225.218069,6.86352,;225.218069,6.9136,;225.218069,6.96368,;225.218069,7.01377,;225.218069,7.06386,;225.218069,7.11394,;225.218069,7.16402,;225.218069,7.21411,;225.218069,7.26419,;225.218069,7.31428,;225.218069,7.36436,;225.218069,7.41444,;225.218069,7.46453,;225.218069,7.51461,;225.218069,7.5647,;225.218069,7.61479,;225.218069,7.66487,;223.383220,7.71496,;223.383220,7.76505,;223.383220,7.81514,;223.383220,7.86524,;223.383220,7.91533,;223.383220,7.96542,;223.383220,8.01551,;223.383220,8.06559,;223.383220,8.11568,;223.383220,8.16577,;223.383220,8.21586,;223.383220,8.26595,;223.383220,8.31604,;223.383220,8.36615,;223.383220,8.41627,;223.383220,8.46636,;223.383220,8.51644,;223.383220,8.56657,;223.383220,8.61665,;223.383220,8.66677,;223.383220,8.71687,;223.383220,8.76697,;223.383220,8.81706,;223.383220,8.86718,;223.383220,8.91728,;223.383220,8.96737,;223.383220,9.01747,;223.383220,9.06758,;223.383220,9.11768,;223.383220,9.16779,;223.383220,9.21791,;223.383220,9.26802,;223.383220,9.31812,;223.383220,9.36821,;223.383220,9.4183,;223.383220,9.46839,;223.383220,9.51848,;223.383220,9.56856,;223.383220,9.61864,;223.383220,9.66872,;223.383220,9.71881,;223.383220,9.7689,;223.383220,9.81898,;223.383220,9.86907,;223.383220,9.91916,;223.383220,9.96925,;
inf,0.050099,;431.982010,0.100183,;431.982010,0.150305,;431.982010,0.200415,;431.982010,0.250487,;431.982010,0.300596,;431.982010,0.350664,;421.524828,0.400742,;421.524828,0.450841,;421.524828,0.500949,;421.524828,0.551057,;421.524828,0.601169,;421.524828,0.651283,;421.524828,0.701395,;421.524828,0.751481,;421.524828,0.801593,;421.524828,0.851703,;417.797985,0.901813,;417.797985,0.951929,;417.797985,1.00204,;417.797985,1.05215,;382.599370,1.10227,;382.599370,1.15239,;382.599370,1.20246,;382.599370,1.25257,;382.599370,1.30266,;382.599370,1.35277,;382.599370,1.40287,;376.360612,1.45298,;376.360612,1.50305,;376.360612,1.55315,;358.928113,1.60324,;358.928113,1.65335,;358.928113,1.70345,;358.928113,1.75353,;358.928113,1.80364,;344.743505,1.85372,;344.743505,1.90383,;344.743505,1.95394,;344.743505,2.00406,;344.743505,2.05414,;344.743505,2.10425,;344.743505,2.1543,;344.743505,2.20442,;344.743505,2.25449,;344.743505,2.3046,;344.743505,2.35467,;344.743505,2.40476,;344.743505,2.45484,;344.743505,2.50495,;344.743505,2.55503,;334.673675,2.60514,;334.673675,2.65522,;334.673675,2.70533,;334.673675,2.75542,;334.673675,2.80553,;322.515999,2.85561,;322.515999,2.90573,;322.515999,2.95584,;322.515999,3.00595,;322.515999,3.05604,;322.515999,3.10616,;322.515999,3.15625,;322.515999,3.2063,;322.515999,3.25639,;322.515999,3.30647,;322.515999,3.35655,;312.958750,3.40664,;312.958750,3.45672,;268.597662,3.50682,;268.597662,3.5569,;268.597662,3.60698,;268.597662,3.65706,;268.597662,3.70714,;268.597662,3.75723,;268.597662,3.80732,;268.597662,3.85741,;264.323089,3.9075,;264.323089,3.95758,;264.323089,4.0077,;264.323089,4.05778,;264.323089,4.10787,;264.323089,4.15798,;264.323089,4.2081,;264.323089,4.25818,;264.323089,4.3083,;264.323089,4.35837,;264.323089,4.40844,;264.323089,4.45854,;264.323089,4.50865,;264.323089,4.55874,;264.323089,4.60884,;264.323089,4.65894,;236.444777,4.70901,;236.444777,4.75908,;236.444777,4.80919,;236.444777,4.85927,;236.444777,4.90939,;236.444777,4.95947,;236.444777,5.00955,;236.444777,5.05964,;236.444777,5.10972,;236.444777,5.15982,;236.444777,5.2099,;236.444777,5.26001,;236.444777,5.31013,;236.444777,5.36025,;236.444777,5.41033,;236.444777,5.4604,;236.444777,5.51048,;236.444777,5.56059,;236.444777,5.61067,;236.444777,5.66076,;236.444777,5.71088,;236.444777,5.76096,;236.444777,5.81107,;236.444777,5.86116,;236.444777,5.91124,;236.444777,5.96132,;236.444777,6.0114,;236.444777,6.0615,;236.444777,6.11159,;236.444777,6.16169,;236.444777,6.21181,;236.444777,6.26189,;236.444777,6.31201,;236.444777,6.3621,;236.444777,6.41221,;236.444777,6.4623,;236.444777,6.51241,;236.444777,6.56253,;236.444777,6.61264,;236.444777,6.66274,;236.444777,6.71281,;236.444777,6.7629,;236.444777,6.81301,;236.444777,6.86309,;236.444777,6.91322,;236.444777,6.9633,;236.444777,7.01339,;236.444777,7.06351,;236.444777,7.11363,;236.444777,7.16375,;236.444777,7.21382,;236.444777,7.26391,;236.444777,7.31403,;236.444777,7.36414,;236.444777,7.41426,;236.444777,7.46438,;236.444777,7.51446,;236.444777,7.56453,;236.444777,7.6146,;236.444777,7.6647,;228.241764,7.71479,;228.241764,7.76488,;228.241764,7.81497,;228.241764,7.86508,;228.241764,7.91516,;228.241764,7.96528,;228.241764,8.01535,;228.241764,8.06543,;227.349819,8.11554,;227.349819,8.16565,;227.349819,8.21577,;227.349819,8.26586,;227.349819,8.31598,;227.349819,8.36605,;227.349819,8.41614,;227.349819,8.46625,;227.349819,8.51633,;227.349819,8.56641,;227.349819,8.61649,;227.349819,8.66657,;227.349819,8.71666,;227.349819,8.76675,;227.349819,8.81687,;227.349819,8.86696,;227.349819,8.91707,;227.349819,8.96715,;227.349819,9.01727,;227.349819,9.06736,;227.349819,9.11747,;227.349819,9.16756,;227.349819,9.21765,;227.349819,9.26775,;227.349819,9.31786,;227.349819,9.36798,;227.349819,9.41809,;227.349819,9.46819,;227.349819,9.51831,;227.349819,9.56843,;227.349819,9.61851,;227.349819,9.66862,;227.349819,9.71871,;227.349819,9.76883,;227.349819,9.81892,;227.349819,9.86904,;227.349819,9.91912,;227.349819,9.96924,;227.349819,10.0193,;
inf,0.0500641,;inf,0.100143,;609.254412,0.150218,;609.254412,0.200338,;609.254412,0.250423,;609.254412,0.300514,;609.254412,0.350603,;609.254412,0.400726,;609.254412,0.450798,;604.518257,0.500888,;604.518257,0.550969,;604.518257,0.601079,;604.518257,0.651192,;604.518257,0.701273,;604.518257,0.751368,;604.518257,0.801523,;604.518257,0.851607,;604.518257,0.901696,;604.518257,0.951809,;604.518257,1.00191,;604.518257,1.05199,;604.518257,1.10207,;604.518257,1.15219,;604.518257,1.20228,;604.518257,1.25237,;604.518257,1.30246,;604.518257,1.35255,;604.518257,1.40265,;604.518257,1.45273,;604.518257,1.50278,;595.529447,1.55287,;595.529447,1.60295,;595.529447,1.65303,;595.529447,1.7031,;595.529447,1.75325,;595.529447,1.80337,;362.590298,1.85345,;362.590298,1.90358,;279.400066,1.9537,;273.195174,2.00378,;273.195174,2.0539,;273.195174,2.10402,;273.195174,2.15414,;273.195174,2.20426,;273.195174,2.25434,;273.195174,2.30446,;273.195174,2.35455,;273.195174,2.40464,;273.195174,2.45477,;261.981266,2.50486,;261.981266,2.55494,;261.981266,2.6051,;261.981266,2.65518,;261.981266,2.70531,;261.981266,2.75541,;261.981266,2.80551,;261.981266,2.8556,;261.981266,2.90572,;261.981266,2.95579,;261.981266,3.00591,;261.981266,3.05599,;261.981266,3.10612,;261.981266,3.15621,;261.981266,3.20629,;261.981266,3.25637,;261.981266,3.30649,;261.981266,3.35662,;261.981266,3.40674,;261.981266,3.45682,;261.981266,3.50694,;261.981266,3.55706,;261.981266,3.60715,;261.981266,3.65726,;261.981266,3.70736,;261.981266,3.75745,;261.981266,3.80754,;261.981266,3.85766,;261.981266,3.90775,;252.470688,3.95787,;252.470688,4.00799,;252.470688,4.05815,;252.470688,4.10823,;252.470688,4.15835,;252.470688,4.20846,;252.470688,4.25857,;246.597215,4.30869,;246.597215,4.3588,;246.597215,4.40892,;241.636671,4.459,;241.636671,4.50912,;241.636671,4.5592,;241.636671,4.60932,;241.636671,4.65941,;241.636671,4.70953,;241.636671,4.75963,;241.636671,4.80972,;241.636671,4.8598,;241.636671,4.90992,;241.636671,4.96003,;241.636671,5.01015,;241.636671,5.06031,;241.636671,5.11043,;241.636671,5.16051,;241.636671,5.21063,;241.636671,5.26071,;241.636671,5.3108,;241.636671,5.36087,;241.636671,5.41095,;241.636671,5.46107,;241.636671,5.51116,;241.636671,5.56125,;241.636671,5.61135,;241.636671,5.66147,;238.693696,5.71154,;238.693696,5.76166,;238.693696,5.81173,;238.693696,5.86185,;238.693696,5.91197,;238.693696,5.96205,;238.693696,6.01217,;238.693696,6.06225,;238.693696,6.11234,;238.693696,6.16245,;238.693696,6.21254,;238.693696,6.26262,;238.693696,6.31274,;238.693696,6.36279,;238.693696,6.41287,;238.693696,6.46295,;238.693696,6.51308,;238.693696,6.56317,;238.693696,6.61326,;238.693696,6.66335,;238.693696,6.71347,;238.693696,6.76356,;238.693696,6.81365,;238.693696,6.86374,;238.693696,6.91382,;238.693696,6.9639,;238.693696,7.01399,;238.693696,7.06406,;238.693696,7.11414,;238.693696,7.16423,;238.693696,7.21431,;238.693696,7.26441,;238.693696,7.31449,;238.693696,7.36459,;238.693696,7.41468,;238.693696,7.46474,;238.693696,7.51483,;238.693696,7.56496,;238.693696,7.61504,;238.693696,7.66515,;238.693696,7.71524,;238.693696,7.76532,;238.693696,7.8154,;238.693696,7.86548,;238.693696,7.91556,;238.693696,7.96564,;238.693696,8.01574,;238.693696,8.06583,;238.693696,8.11591,;238.693696,8.166,;238.693696,8.2161,;238.693696,8.26618,;238.693696,8.31625,;238.693696,8.36634,;238.693696,8.41647,;238.693696,8.46659,;238.693696,8.51667,;238.693696,8.56679,;238.693696,8.61688,;238.693696,8.66697,;238.693696,8.71708,;238.693696,8.76717,;238.693696,8.81727,;238.693696,8.86739,;238.693696,8.91752,;238.693696,8.96761,;238.190913,9.01773,;238.190913,9.06783,;238.190913,9.11795,;238.190913,9.16807,;238.190913,9.21815,;238.190913,9.26826,;238.190913,9.31836,;238.190913,9.36849,;238.190913,9.4186,;238.190913,9.46871,;238.190913,9.51879,;238.190913,9.56892,;238.190913,9.619,;238.190913,9.66909,;238.190913,9.71919,;238.190913,9.76928,;238.190913,9.81937,;238.190913,9.86946,;238.190913,9.91956,;238.190913,9.96965,;238.190913,10.0197,;
467.006660,0.0500693,;467.006660,0.100195,;467.006660,0.150306,;467.006660,0.20039,;467.006660,0.250473,;467.006660,0.300583,;467.006660,0.350666,;467.006660,0.400748,;467.006660,0.45087,;467.006660,0.50099,;459.729075,0.551056,;459.729075,0.601139,;459.729075,0.65121,;365.621436,0.701288,;365.621436,0.75138,;365.621436,0.801508,;365.621436,0.85159,;365.621436,0.901676,;365.621436,0.951799,;365.621436,1.00193,;365.621436,1.052,;365.621436,1.10208,;365.621436,1.15217,;365.621436,1.20225,;365.621436,1.25235,;365.621436,1.30243,;365.621436,1.35252,;365.621436,1.40263,;365.621436,1.45274,;329.714901,1.50285,;329.714901,1.55293,;329.714901,1.60306,;329.714901,1.65313,;329.714901,1.70325,;329.714901,1.75334,;329.714901,1.80345,;329.714901,1.85354,;329.714901,1.90365,;329.714901,1.95374,;329.714901,2.00383,;329.714901,2.05393,;329.714901,2.10401,;329.714901,2.1541,;329.714901,2.20422,;329.714901,2.25429,;329.714901,2.30437,;329.714901,2.35447,;289.448319,2.40454,;289.448319,2.45463,;289.448319,2.50475,;289.448319,2.55483,;289.448319,2.60495,;289.448319,2.65504,;289.448319,2.70511,;289.448319,2.75522,;261.158238,2.80531,;261.158238,2.85542,;261.158238,2.90551,;261.158238,2.95562,;261.158238,3.00571,;257.495410,3.05583,;257.495410,3.10595,;257.495410,3.15606,;257.495410,3.20613,;257.495410,3.25625,;257.495410,3.30633,;257.495410,3.35642,;257.495410,3.4065,;257.495410,3.45662,;257.495410,3.50669,;257.495410,3.5568,;257.495410,3.60689,;257.495410,3.65702,;254.555936,3.70713,;254.555936,3.75721,;254.555936,3.80733,;254.555936,3.85742,;254.555936,3.90752,;254.555936,3.95761,;254.555936,4.00769,;254.555936,4.05777,;254.555936,4.10785,;254.555936,4.15793,;254.555936,4.20802,;254.555936,4.25811,;254.555936,4.3082,;254.555936,4.3583,;254.555936,4.40841,;254.555936,4.45849,;254.555936,4.50861,;254.555936,4.55866,;254.555936,4.60876,;254.555936,4.65884,;254.555936,4.70891,;254.555936,4.759,;254.555936,4.80908,;254.555936,4.85917,;254.555936,4.90924,;254.555936,4.95933,;254.555936,5.00943,;254.555936,5.05951,;254.555936,5.10959,;252.324979,5.15969,;252.324979,5.20977,;252.324979,5.25988,;252.324979,5.30997,;252.324979,5.36009,;252.324979,5.41018,;252.324979,5.46027,;252.324979,5.51036,;252.324979,5.56047,;252.324979,5.61056,;252.324979,5.66064,;252.324979,5.71073,;252.324979,5.76082,;252.324979,5.81089,;252.324979,5.86098,;252.324979,5.91105,;252.324979,5.96113,;252.324979,6.01124,;252.324979,6.06133,;252.324979,6.11142,;252.324979,6.1615,;252.324979,6.21159,;252.324979,6.26168,;252.324979,6.3118,;252.324979,6.36187,;252.324979,6.41198,;252.324979,6.46207,;252.324979,6.51218,;252.324979,6.56227,;252.324979,6.61239,;252.324979,6.66248,;252.324979,6.71259,;252.324979,6.7627,;252.324979,6.81282,;252.324979,6.86293,;252.324979,6.91302,;252.324979,6.96314,;252.324979,7.01323,;252.324979,7.06334,;252.324979,7.11345,;252.324979,7.16358,;252.324979,7.21368,;252.324979,7.2638,;252.324979,7.31389,;252.324979,7.364,;252.324979,7.4141,;252.324979,7.46418,;252.324979,7.51427,;252.324979,7.56441,;252.324979,7.6145,;252.324979,7.6646,;252.324979,7.71469,;252.324979,7.76478,;252.324979,7.81487,;252.324979,7.86497,;252.324979,7.91509,;252.324979,7.96521,;252.324979,8.01532,;252.324979,8.06541,;252.324979,8.11553,;252.324979,8.16563,;252.324979,8.21573,;252.324979,8.26581,;252.324979,8.31592,;238.142886,8.366,;238.142886,8.4161,;238.142886,8.46619,;238.142886,8.51629,;238.142886,8.56638,;238.142886,8.61647,;238.142886,8.66655,;238.142886,8.71664,;238.142886,8.76677,;238.142886,8.81685,;238.142886,8.86694,;238.142886,8.91701,;238.142886,8.9671,;238.142886,9.01718,;238.142886,9.06726,;238.142886,9.11737,;238.142886,9.16749,;238.142886,9.21759,;237.018962,9.26769,;237.018962,9.3178,;237.018962,9.36793,;237.018962,9.41802,;237.018962,9.46812,;237.018962,9.51821,;237.018962,9.56832,;237.018962,9.6184,;237.018962,9.6685,;237.018962,9.71862,;237.018962,9.76876,;237.018962,9.81885,;237.018962,9.86894,;237.018962,9.91907,;237.018962,9.96915,;237.018962,10.0193,;
inf,0.0501026,;422.917887,0.100187,;416.756176,0.150304,;416.756176,0.200442,;416.756176,0.25053,;416.756176,0.300694,;416.756176,0.350769,;416.756176,0.400846,;416.756176,0.450928,;416.756176,0.501009,;416.756176,0.551125,;401.080785,0.601214,;401.080785,0.65129,;401.080785,0.701376,;401.080785,0.751455,;401.080785,0.801538,;401.080785,0.851623,;401.080785,0.901723,;401.080785,0.951818,;401.080785,1.00193,;401.080785,1.05204,;401.080785,1.10214,;401.080785,1.15223,;401.080785,1.20231,;401.080785,1.25239,;401.080785,1.30247,;401.080785,1.35254,;401.080785,1.40266,;401.080785,1.45278,;401.080785,1.50289,;399.035431,1.55298,;399.035431,1.60307,;399.035431,1.65319,;354.655027,1.70326,;354.655027,1.75335,;354.655027,1.80344,;293.228599,1.85355,;293.228599,1.90366,;293.228599,1.95374,;293.228599,2.00382,;293.228599,2.05391,;293.228599,2.10402,;293.228599,2.15412,;293.228599,2.2042,;293.228599,2.25429,;293.228599,2.30437,;293.228599,2.35446,;293.228599,2.40454,;293.228599,2.45462,;293.228599,2.50473,;293.228599,2.55484,;293.228599,2.60495,;293.228599,2.65507,;293.228599,2.70514,;293.228599,2.75522,;293.228599,2.80533,;293.228599,2.85541,;293.228599,2.90554,;293.228599,2.95563,;293.228599,3.00574,;293.228599,3.05583,;293.228599,3.10596,;293.228599,3.15608,;289.584112,3.2062,;289.584112,3.25633,;289.584112,3.30645,;289.584112,3.35656,;289.584112,3.40667,;289.584112,3.45676,;289.584112,3.50688,;289.584112,3.55699,;289.584112,3.6071,;289.584112,3.65722,;289.584112,3.70729,;289.584112,3.7574,;289.584112,3.80752,;289.584112,3.85763,;289.584112,3.90774,;263.328702,3.95785,;263.328702,4.00798,;263.328702,4.05809,;263.328702,4.10817,;263.328702,4.15829,;262.055620,4.20837,;262.055620,4.25845,;262.055620,4.30853,;262.055620,4.35861,;262.055620,4.40873,;262.055620,4.4588,;262.055620,4.50891,;262.055620,4.55899,;262.055620,4.60911,;262.055620,4.65918,;262.055620,4.70929,;262.055620,4.75938,;262.055620,4.80948,;262.055620,4.85957,;262.055620,4.90969,;262.055620,4.95978,;262.055620,5.00987,;262.055620,5.05999,;253.851618,5.11007,;253.851618,5.16015,;253.851618,5.21024,;253.851618,5.26036,;253.851618,5.31045,;253.851618,5.36054,;253.851618,5.41062,;253.851618,5.46071,;253.851618,5.51079,;253.851618,5.56091,;253.851618,5.611,;253.851618,5.66108,;247.747649,5.71116,;247.747649,5.76124,;247.747649,5.81132,;247.747649,5.86144,;247.747649,5.91152,;247.747649,5.96161,;247.747649,6.01171,;247.747649,6.06183,;247.747649,6.11192,;247.747649,6.162,;247.747649,6.21209,;247.747649,6.26218,;247.747649,6.31228,;247.747649,6.3624,;247.747649,6.41248,;247.747649,6.46258,;247.747649,6.5127,;247.747649,6.56281,;247.747649,6.61292,;247.747649,6.66302,;247.747649,6.71314,;247.747649,6.76322,;247.747649,6.81331,;247.747649,6.86341,;247.747649,6.91349,;247.747649,6.9636,;247.747649,7.01371,;247.747649,7.06383,;247.747649,7.11394,;247.747649,7.16406,;247.747649,7.21418,;247.747649,7.26426,;247.747649,7.31438,;247.747649,7.3645,;247.747649,7.41462,;247.747649,7.46473,;247.747649,7.51485,;247.747649,7.56497,;247.747649,7.61509,;247.747649,7.66517,;247.747649,7.71526,;247.747649,7.76537,;247.747649,7.81547,;247.747649,7.86559,;247.747649,7.91571,;247.747649,7.96581,;247.747649,8.0159,;247.747649,8.066,;247.747649,8.11609,;247.747649,8.16618,;247.747649,8.21627,;247.747649,8.26637,;247.747649,8.31646,;247.747649,8.36655,;244.079933,8.41664,;244.079933,8.46673,;244.079933,8.51682,;244.079933,8.56691,;244.079933,8.61699,;244.079933,8.66707,;244.079933,8.71715,;244.079933,8.76726,;244.079933,8.81734,;244.079933,8.86747,;244.079933,8.91755,;244.079933,8.96763,;244.079933,9.01772,;244.079933,9.0678,;244.079933,9.11788,;244.079933,9.16795,;244.079933,9.21804,;244.079933,9.26812,;244.079933,9.3182,;244.079933,9.36828,;244.079933,9.41836,;244.079933,9.46844,;244.079933,9.51853,;244.079933,9.56861,;244.079933,9.61869,;244.079933,9.66877,;244.079933,9.71885,;244.079933,9.76893,;244.079933,9.81901,;244.079933,9.86909,;244.079933,9.91918,;244.079933,9.96925,;244.079933,10.0193,;
264.677818,0.0500572,;264.677818,0.100141,;264.677818,0.150217,;264.677818,0.200335,;264.677818,0.250433,;264.677818,0.30051,;264.677818,0.350598,;264.677818,0.400705,;264.677818,0.450784,;264.677818,0.500904,;264.677818,0.550983,;264.677818,0.601094,;264.677818,0.651181,;264.677818,0.701254,;264.677818,0.751367,;264.677818,0.801446,;264.677818,0.851545,;264.677818,0.90162,;264.677818,0.951705,;264.677818,1.0018,;264.677818,1.05188,;264.677818,1.10196,;264.677818,1.15207,;264.677818,1.20214,;264.677818,1.25225,;264.677818,1.30233,;264.677818,1.35241,;264.677818,1.40249,;264.677818,1.45261,;264.677818,1.50268,;264.677818,1.5528,;264.677818,1.60288,;264.677818,1.65295,;264.677818,1.70304,;264.677818,1.75315,;264.677818,1.80323,;264.677818,1.85335,;264.677818,1.90343,;264.677818,1.95354,;264.677818,2.00363,;264.677818,2.05374,;264.677818,2.10386,;264.677818,2.15395,;264.677818,2.20407,;264.677818,2.25414,;264.677818,2.30421,;264.677818,2.3543,;264.677818,2.40439,;264.677818,2.45446,;264.677818,2.50454,;264.677818,2.55462,;264.677818,2.6047,;264.677818,2.65478,;264.677818,2.70486,;264.677818,2.75497,;264.677818,2.8051,;264.677818,2.8552,;264.677818,2.90532,;260.218672,2.95541,;244.957396,3.00548,;239.947315,3.05555,;239.947315,3.10562,;239.947315,3.15571,;239.947315,3.20582,;239.947315,3.2559,;239.947315,3.30597,;239.947315,3.35605,;239.947315,3.40612,;239.947315,3.45621,;239.947315,3.50629,;239.947315,3.55638,;239.947315,3.60646,;239.947315,3.65654,;234.547252,3.70661,;234.547252,3.75669,;234.547252,3.80675,;234.547252,3.85683,;234.547252,3.9069,;232.153379,3.95697,;232.153379,4.00704,;232.153379,4.05711,;232.153379,4.10718,;232.153379,4.15726,;232.153379,4.20733,;232.153379,4.25741,;232.153379,4.30748,;232.153379,4.35756,;232.153379,4.40763,;232.153379,4.4577,;232.153379,4.50777,;232.153379,4.55784,;232.153379,4.60791,;232.153379,4.65797,;232.153379,4.70804,;232.153379,4.75811,;232.153379,4.80819,;232.153379,4.85826,;232.153379,4.90833,;232.153379,4.9584,;232.153379,5.00848,;232.153379,5.05855,;232.153379,5.10863,;232.153379,5.15872,;232.153379,5.20883,;232.153379,5.25892,;232.153379,5.30903,;232.153379,5.35912,;232.153379,5.40923,;232.153379,5.45932,;232.153379,5.50939,;232.153379,5.55951,;232.153379,5.60963,;232.153379,5.65974,;232.153379,5.70985,;232.153379,5.75994,;232.153379,5.81003,;232.153379,5.86014,;232.153379,5.91022,;232.153379,5.96035,;232.153379,6.01045,;232.153379,6.06057,;232.153379,6.11063,;232.153379,6.16074,;232.153379,6.21085,;232.153379,6.26092,;232.153379,6.311,;232.153379,6.36107,;232.153379,6.41114,;232.153379,6.46122,;232.153379,6.51129,;232.153379,6.56137,;232.153379,6.61144,;232.153379,6.66155,;232.153379,6.71162,;232.153379,6.76174,;230.155936,6.81185,;230.155936,6.86197,;230.155936,6.91204,;230.155936,6.96211,;230.155936,7.01219,;230.155936,7.06226,;230.155936,7.11233,;230.155936,7.1624,;230.155936,7.21248,;230.155936,7.26255,;230.155936,7.31264,;230.155936,7.36271,;230.155936,7.41279,;230.155936,7.46292,;230.155936,7.51303,;230.155936,7.56312,;230.155936,7.61319,;230.155936,7.66328,;230.155936,7.71335,;230.155936,7.76343,;230.155936,7.81351,;230.155936,7.86359,;230.155936,7.91368,;230.155936,7.96376,;230.155936,8.01384,;230.155936,8.06394,;230.155936,8.11399,;230.155936,8.16406,;230.155936,8.21414,;230.155936,8.26421,;230.155936,8.3143,;230.155936,8.36438,;230.155936,8.41447,;230.155936,8.46456,;230.155936,8.51465,;230.155936,8.56474,;230.155936,8.61483,;230.155936,8.66492,;230.155936,8.71501,;230.155936,8.76508,;230.155936,8.81516,;230.155936,8.86528,;230.155936,8.91537,;230.155936,8.96546,;230.155936,9.01554,;230.155936,9.06562,;230.155936,9.11571,;230.155936,9.1658,;230.155936,9.21588,;230.155936,9.266,;230.155936,9.31607,;230.155936,9.36616,;230.155936,9.41623,;230.155936,9.46631,;230.155936,9.5164,;230.155936,9.5665,;230.155936,9.61661,;230.155936,9.66669,;230.155936,9.71677,;230.155936,9.76686,;230.155936,9.81699,;230.155936,9.86706,;230.155936,9.91715,;230.155936,9.96723,;230.155936,10.0173,;
inf,0.0500625,;inf,0.100161,;882.693146,0.15028,;586.887902,0.200397,;586.887902,0.250479,;586.887902,0.300591,;586.887902,0.350699,;584.309575,0.400811,;584.309575,0.450916,;584.309575,0.501013,;584.309575,0.551085,;584.309575,0.601182,;584.309575,0.651294,;584.309575,0.701366,;584.309575,0.751478,;584.309575,0.801559,;584.309575,0.851687,;584.309575,0.901786,;584.309575,0.951895,;584.309575,1.00198,;584.309575,1.0521,;584.309575,1.10223,;584.309575,1.15234,;584.309575,1.20245,;584.309575,1.25256,;584.309575,1.30267,;584.309575,1.35279,;584.309575,1.4029,;584.309575,1.45299,;272.389263,1.50311,;272.389263,1.55321,;272.389263,1.60333,;266.290841,1.65345,;266.290841,1.70361,;266.290841,1.75369,;266.290841,1.80382,;266.290841,1.8539,;266.290841,1.90402,;266.290841,1.9541,;266.290841,2.00423,;266.290841,2.05431,;266.290841,2.1044,;260.802229,2.15451,;260.802229,2.2046,;260.802229,2.25472,;260.802229,2.30482,;260.802229,2.3549,;260.802229,2.40503,;260.802229,2.45514,;260.802229,2.50522,;260.802229,2.55529,;260.802229,2.60537,;260.802229,2.65548,;260.802229,2.70557,;260.802229,2.75564,;260.802229,2.80573,;260.802229,2.85582,;260.802229,2.90593,;260.802229,2.95601,;260.802229,3.00611,;260.802229,3.05622,;260.802229,3.10632,;260.802229,3.15644,;260.802229,3.20656,;260.802229,3.25669,;260.802229,3.3068,;260.802229,3.35689,;260.802229,3.40701,;260.802229,3.45714,;260.802229,3.50726,;260.802229,3.55734,;260.802229,3.60741,;260.802229,3.65748,;260.802229,3.70763,;260.802229,3.75772,;260.802229,3.80781,;260.802229,3.85789,;260.802229,3.908,;260.802229,3.95809,;260.802229,4.00819,;248.384472,4.05827,;248.384472,4.10836,;248.384472,4.15845,;248.384472,4.20852,;248.384472,4.25861,;248.384472,4.3087,;248.384472,4.35879,;248.384472,4.40887,;248.384472,4.45896,;248.384472,4.50906,;248.384472,4.55914,;248.384472,4.60922,;248.384472,4.6593,;248.384472,4.70939,;248.384472,4.7595,;248.384472,4.80959,;248.384472,4.85971,;248.384472,4.9098,;248.384472,4.95993,;248.384472,5.01001,;248.384472,5.06011,;248.384472,5.11023,;248.384472,5.16031,;248.384472,5.21042,;248.384472,5.26054,;248.384472,5.31066,;248.384472,5.36078,;248.384472,5.41086,;248.384472,5.46099,;248.384472,5.5111,;248.384472,5.56122,;248.384472,5.61132,;248.384472,5.66139,;248.384472,5.71148,;248.384472,5.76156,;248.384472,5.81164,;248.384472,5.86173,;248.384472,5.91181,;248.384472,5.96194,;248.384472,6.01205,;248.384472,6.06213,;248.384472,6.11225,;248.384472,6.16234,;247.506348,6.21246,;247.506348,6.26254,;247.506348,6.31262,;247.506348,6.36273,;247.506348,6.41281,;247.506348,6.4629,;247.506348,6.513,;247.506348,6.56308,;247.506348,6.61318,;247.506348,6.6633,;247.506348,6.71338,;247.506348,6.76346,;247.506348,6.81352,;247.506348,6.86362,;247.506348,6.9137,;247.506348,6.96381,;247.506348,7.01389,;247.506348,7.06404,;247.506348,7.11415,;247.506348,7.16426,;247.506348,7.21438,;247.506348,7.26449,;247.506348,7.31461,;247.506348,7.36473,;247.506348,7.4148,;247.506348,7.46489,;247.506348,7.51498,;247.506348,7.56511,;247.506348,7.6152,;247.506348,7.66528,;247.506348,7.7154,;247.506348,7.76548,;247.506348,7.81557,;247.506348,7.86565,;247.506348,7.91578,;247.506348,7.96586,;247.506348,8.01598,;247.506348,8.06607,;247.506348,8.11619,;247.506348,8.16631,;241.003001,8.21643,;241.003001,8.26654,;241.003001,8.31666,;241.003001,8.36677,;241.003001,8.41689,;241.003001,8.46701,;241.003001,8.51709,;241.003001,8.56718,;241.003001,8.61726,;241.003001,8.66739,;232.332712,8.71748,;232.332712,8.76758,;232.332712,8.81766,;232.332712,8.86779,;232.332712,8.91788,;232.332712,8.96798,;232.332712,9.01809,;232.332712,9.06817,;232.332712,9.11835,;232.332712,9.16853,;232.332712,9.21866,;232.332712,9.26874,;232.332712,9.31881,;232.332712,9.36889,;232.332712,9.41896,;225.280730,9.46904,;225.280730,9.51917,;225.280730,9.56924,;225.280730,9.61935,;225.280730,9.66947,;225.280730,9.71956,;225.280730,9.76966,;225.280730,9.81978,;225.280730,9.86987,;225.280730,9.92,;225.280730,9.97009,;225.280730,10.0202,;
inf,0.0500749,;465.695233,0.100188,;425.922381,0.15026,;377.060900,0.200333,;377.060900,0.250444,;377.060900,0.300532,;377.060900,0.350633,;377.060900,0.40073,;377.060900,0.450856,;377.060900,0.500947,;372.172480,0.551072,;372.172480,0.601147,;372.172480,0.651219,;372.172480,0.701312,;372.172480,0.75142,;372.172480,0.801491,;372.172480,0.851562,;372.172480,0.90168,;344.943898,0.951792,;344.943898,1.00187,;344.943898,1.05198,;344.943898,1.10209,;344.943898,1.1522,;344.943898,1.20232,;344.943898,1.25242,;344.943898,1.30253,;344.943898,1.35264,;344.943898,1.40273,;344.943898,1.45283,;344.943898,1.50295,;344.943898,1.55303,;344.943898,1.60313,;344.943898,1.65324,;344.943898,1.70336,;344.943898,1.75344,;344.943898,1.80355,;344.943898,1.85362,;344.943898,1.90373,;344.943898,1.95382,;268.504599,2.00394,;268.504599,2.05402,;259.134736,2.10414,;259.134736,2.15422,;259.134736,2.20431,;259.134736,2.2544,;259.134736,2.30452,;259.134736,2.3546,;259.134736,2.40472,;259.134736,2.45479,;259.134736,2.50487,;259.134736,2.55495,;259.134736,2.60503,;259.134736,2.65511,;259.134736,2.70519,;259.134736,2.75527,;259.134736,2.80535,;259.134736,2.85542,;259.134736,2.9055,;259.134736,2.95558,;257.774696,3.00566,;257.774696,3.05574,;257.774696,3.10582,;257.774696,3.15589,;257.774696,3.20597,;257.774696,3.25605,;257.774696,3.30613,;257.774696,3.3562,;257.774696,3.40628,;257.774696,3.45636,;257.774696,3.50644,;257.774696,3.55652,;257.774696,3.6066,;235.171729,3.65668,;235.171729,3.70676,;235.171729,3.75684,;235.171729,3.80692,;235.171729,3.857,;235.171729,3.90708,;235.171729,3.95716,;235.171729,4.00724,;235.171729,4.05732,;235.171729,4.10741,;235.171729,4.15748,;235.171729,4.20756,;235.171729,4.25764,;235.171729,4.30772,;235.171729,4.3578,;235.171729,4.40788,;235.171729,4.45796,;235.171729,4.50804,;235.171729,4.55815,;235.171729,4.60826,;235.171729,4.65834,;235.171729,4.70842,;235.171729,4.7585,;235.171729,4.80858,;235.171729,4.85866,;235.171729,4.90874,;235.171729,4.95882,;235.171729,5.0089,;235.171729,5.05898,;235.171729,5.10907,;235.171729,5.15915,;235.171729,5.20923,;235.171729,5.25932,;235.171729,5.3094,;235.171729,5.35948,;235.171729,5.40956,;235.171729,5.45964,;235.171729,5.50972,;235.171729,5.55981,;235.171729,5.60989,;235.171729,5.65997,;235.171729,5.71005,;235.171729,5.76014,;235.171729,5.81022,;235.171729,5.8603,;235.171729,5.91037,;235.171729,5.96045,;235.171729,6.01053,;235.171729,6.06061,;235.171729,6.1107,;235.171729,6.16078,;235.171729,6.21086,;235.171729,6.26094,;235.171729,6.31102,;235.171729,6.36111,;235.171729,6.41119,;235.171729,6.46127,;235.171729,6.51136,;232.813445,6.56151,;232.813445,6.61164,;232.813445,6.66174,;232.813445,6.71189,;232.813445,6.76199,;232.813445,6.81211,;232.813445,6.8622,;232.813445,6.9123,;232.813445,6.96239,;232.813445,7.01248,;232.813445,7.06258,;232.813445,7.1127,;232.813445,7.16279,;232.813445,7.21292,;232.813445,7.263,;232.813445,7.31309,;232.813445,7.36317,;232.813445,7.41325,;232.813445,7.46333,;232.813445,7.51345,;232.813445,7.56354,;232.813445,7.61363,;232.813445,7.66372,;232.813445,7.71382,;231.668213,7.76393,;231.668213,7.81402,;231.668213,7.8641,;231.668213,7.91419,;231.668213,7.96428,;231.668213,8.01437,;231.668213,8.06449,;231.668213,8.11459,;231.668213,8.16471,;231.668213,8.21479,;231.668213,8.26488,;231.668213,8.31497,;231.668213,8.36507,;231.668213,8.41517,;231.668213,8.46526,;229.864576,8.51538,;229.864576,8.56549,;229.864576,8.61561,;229.864576,8.66571,;229.864576,8.71582,;229.864576,8.76595,;229.864576,8.81607,;229.864576,8.86615,;229.864576,8.91624,;229.864576,8.96634,;229.864576,9.01642,;229.864576,9.06651,;229.864576,9.11662,;229.864576,9.16671,;229.864576,9.2168,;229.864576,9.26689,;229.864576,9.31699,;229.864576,9.36711,;229.864576,9.41723,;229.864576,9.46735,;229.864576,9.51744,;229.864576,9.56756,;229.864576,9.61764,;229.864576,9.66773,;229.864576,9.71782,;229.864576,9.76794,;229.864576,9.81803,;229.864576,9.86814,;229.864576,9.91824,;229.864576,9.96837,;229.864576,10.0185,;
996.998063,0.0500571,;996.998063,0.100177,;996.998063,0.150261,;996.998063,0.200362,;965.592036,0.25048,;965.592036,0.300597,;965.592036,0.350721,;965.592036,0.400807,;965.592036,0.450932,;965.592036,0.501012,;965.592036,0.551099,;965.592036,0.601179,;953.489697,0.651261,;953.489697,0.701338,;953.489697,0.751404,;933.010780,0.801493,;933.010780,0.851579,;933.010780,0.901705,;933.010780,0.951786,;871.553591,1.00187,;871.553591,1.0519,;871.553591,1.102,;871.553591,1.15208,;871.553591,1.20217,;871.553591,1.25225,;835.740766,1.30234,;835.740766,1.35243,;800.411218,1.40255,;800.411218,1.45262,;800.411218,1.5027,;800.411218,1.55282,;266.174316,1.60294,;266.174316,1.65302,;266.174316,1.70309,;266.174316,1.75318,;266.174316,1.80328,;266.174316,1.85337,;266.174316,1.90345,;266.174316,1.95353,;266.174316,2.00362,;266.174316,2.05369,;266.174316,2.10378,;266.174316,2.15387,;266.174316,2.20399,;266.174316,2.2541,;266.174316,2.30421,;266.174316,2.35432,;266.174316,2.40444,;266.174316,2.45455,;266.174316,2.50466,;266.174316,2.55478,;266.174316,2.6049,;266.174316,2.65501,;266.174316,2.70513,;266.174316,2.75524,;266.174316,2.80534,;266.174316,2.85545,;266.174316,2.90555,;266.174316,2.95566,;266.174316,3.00577,;266.174316,3.05588,;266.174316,3.10596,;266.174316,3.15605,;266.174316,3.20618,;266.174316,3.2563,;266.174316,3.30642,;266.174316,3.3565,;266.174316,3.40665,;264.668062,3.45674,;264.668062,3.50686,;237.568773,3.55694,;237.568773,3.60701,;237.568773,3.65709,;237.568773,3.7072,;237.568773,3.75729,;237.568773,3.80741,;237.568773,3.8575,;237.568773,3.90759,;237.568773,3.95769,;237.568773,4.0078,;237.568773,4.05789,;237.568773,4.10799,;237.568773,4.1581,;237.568773,4.20819,;237.568773,4.25832,;237.568773,4.30843,;237.568773,4.35852,;237.568773,4.40861,;237.568773,4.45873,;237.568773,4.50883,;237.568773,4.55894,;237.568773,4.60902,;237.568773,4.6591,;237.568773,4.70921,;237.568773,4.75929,;237.568773,4.80939,;237.568773,4.85947,;237.568773,4.90956,;237.568773,4.95965,;237.568773,5.00975,;237.568773,5.05983,;237.556482,5.10992,;231.409925,5.16,;231.409925,5.21008,;231.409925,5.26016,;231.409925,5.31028,;231.409925,5.36039,;231.409925,5.4105,;231.409925,5.46062,;231.409925,5.51073,;231.409925,5.56083,;231.409925,5.61091,;231.409925,5.66099,;231.409925,5.71108,;231.409925,5.76117,;231.409925,5.8113,;231.409925,5.86138,;231.409925,5.91147,;231.409925,5.96156,;231.409925,6.01168,;231.409925,6.06179,;231.409925,6.11191,;231.409925,6.16198,;223.095924,6.2121,;223.095924,6.26219,;223.095924,6.31227,;223.095924,6.36236,;223.095924,6.41248,;223.095924,6.46256,;223.095924,6.51268,;223.095924,6.56279,;223.095924,6.61286,;223.095924,6.66296,;223.095924,6.71304,;223.095924,6.76311,;223.095924,6.81321,;223.095924,6.86333,;223.095924,6.91342,;223.095924,6.9635,;223.095924,7.01357,;223.095924,7.0637,;223.095924,7.11377,;223.095924,7.16385,;223.095924,7.21395,;223.095924,7.26406,;223.095924,7.31414,;223.095924,7.36423,;223.095924,7.41432,;223.095924,7.46444,;223.095924,7.51455,;223.095924,7.56464,;223.095924,7.61473,;223.095924,7.66484,;223.095924,7.71492,;223.095924,7.765,;223.095924,7.81509,;223.095924,7.86519,;223.095924,7.91531,;223.095924,7.96539,;223.095924,8.01547,;223.095924,8.06557,;223.095924,8.11568,;223.095924,8.16577,;223.095924,8.21589,;223.095924,8.26597,;223.095924,8.31609,;223.095924,8.36621,;223.095924,8.41632,;223.095924,8.46644,;223.095924,8.51655,;223.095924,8.56666,;223.095924,8.61678,;223.095924,8.66689,;223.095924,8.71697,;223.095924,8.76708,;223.095924,8.81718,;223.095924,8.86729,;223.095924,8.91738,;223.095924,8.96749,;223.095924,9.01758,;223.095924,9.06767,;223.095924,9.11778,;223.095924,9.16789,;223.095924,9.21797,;223.095924,9.26806,;223.095924,9.31814,;223.095924,9.36825,;223.095924,9.41836,;223.095924,9.46847,;223.095924,9.51858,;223.095924,9.56867,;223.095924,9.6188,;223.095924,9.66891,;223.095924,9.71902,;223.095924,9.76913,;223.095924,9.8192,;223.095924,9.8693,;223.095924,9.91945,;223.095924,9.96952,;223.095924,10.0196,;
inf,0.0500763,;inf,0.100161,;813.474753,0.150236,;811.090915,0.200356,;753.065369,0.25044,;753.065369,0.300559,;753.065369,0.350653,;517.300842,0.400773,;517.300842,0.450883,;517.300842,0.500979,;496.369841,0.551091,;496.369841,0.601202,;496.369841,0.651314,;496.369841,0.701392,;496.369841,0.751506,;496.369841,0.801618,;496.369841,0.851734,;496.369841,0.901823,;496.369841,0.951938,;496.369841,1.00205,;496.369841,1.05216,;496.369841,1.10225,;474.542678,1.15238,;474.542678,1.20248,;474.542678,1.2526,;474.542678,1.30272,;474.542678,1.3528,;474.542678,1.40296,;474.542678,1.45307,;466.134921,1.50315,;466.134921,1.55327,;466.134921,1.60336,;466.134921,1.65348,;466.134921,1.70357,;466.134921,1.7537,;466.134921,1.80377,;466.134921,1.85389,;466.134921,1.904,;466.134921,1.95412,;466.134921,2.00421,;466.134921,2.0543,;466.134921,2.10441,;466.134921,2.15449,;466.134921,2.20462,;466.134921,2.25473,;466.134921,2.30485,;466.134921,2.35494,;466.134921,2.40503,;466.134921,2.45515,;466.134921,2.50523,;466.134921,2.5553,;466.134921,2.60538,;466.134921,2.65547,;466.134921,2.70557,;466.134921,2.75569,;466.134921,2.80577,;466.134921,2.85587,;466.134921,2.906,;466.134921,2.95612,;466.134921,3.00623,;466.134921,3.05635,;466.134921,3.10644,;466.134921,3.15656,;466.134921,3.20669,;466.134921,3.25681,;466.134921,3.30693,;441.825609,3.35704,;441.825609,3.40717,;441.825609,3.45721,;441.825609,3.50729,;441.825609,3.55736,;441.825609,3.60749,;441.825609,3.65756,;310.970196,3.70764,;310.970196,3.75772,;310.970196,3.80783,;310.970196,3.85793,;310.970196,3.90805,;310.970196,3.95813,;310.970196,4.00822,;310.970196,4.05834,;310.970196,4.10843,;310.970196,4.15853,;310.970196,4.20862,;310.970196,4.2587,;310.970196,4.30878,;310.970196,4.35886,;273.851432,4.40895,;273.851432,4.45904,;273.851432,4.50914,;273.851432,4.55923,;273.851432,4.60933,;273.851432,4.65944,;273.851432,4.70953,;273.851432,4.75966,;273.851432,4.80976,;273.851432,4.85988,;273.851432,4.90998,;273.851432,4.96006,;273.851432,5.01018,;273.851432,5.0603,;273.851432,5.11042,;273.851432,5.16054,;273.851432,5.21066,;273.851432,5.26081,;273.851432,5.31093,;273.851432,5.36105,;265.294193,5.41117,;265.294193,5.46125,;265.294193,5.51138,;265.294193,5.56146,;265.294193,5.61154,;265.294193,5.66162,;265.294193,5.7117,;265.294193,5.7618,;265.294193,5.81193,;265.294193,5.86202,;265.294193,5.91215,;265.294193,5.96223,;265.294193,6.01232,;265.294193,6.06241,;265.294193,6.11254,;265.294193,6.16262,;265.294193,6.21274,;265.294193,6.26282,;265.294193,6.3129,;265.294193,6.36299,;265.294193,6.41311,;265.294193,6.46319,;265.294193,6.51328,;265.294193,6.5634,;265.294193,6.61347,;265.294193,6.66359,;265.294193,6.71368,;265.294193,6.76381,;265.294193,6.8139,;265.294193,6.86402,;265.294193,6.91411,;265.294193,6.9642,;265.294193,7.0143,;265.294193,7.06442,;265.294193,7.11451,;265.294193,7.16463,;265.294193,7.21474,;265.294193,7.26485,;243.158618,7.31496,;243.158618,7.36508,;243.158618,7.41521,;243.158618,7.46529,;243.158618,7.51537,;243.158618,7.56546,;243.158618,7.61558,;243.158618,7.66566,;242.254931,7.71577,;242.254931,7.76586,;242.254931,7.81594,;242.254931,7.86603,;242.254931,7.91615,;242.254931,7.96624,;242.254931,8.01636,;242.254931,8.06646,;242.254931,8.11655,;242.254931,8.16662,;242.254931,8.21671,;242.254931,8.26681,;242.254931,8.3169,;242.254931,8.36698,;242.254931,8.41706,;242.254931,8.46717,;242.254931,8.51726,;242.254931,8.56738,;242.254931,8.61746,;242.254931,8.66756,;241.523262,8.71766,;241.523262,8.76777,;241.523262,8.81788,;241.523262,8.86797,;241.523262,8.91806,;241.523262,8.96815,;241.523262,9.01825,;241.523262,9.06837,;241.523262,9.11846,;240.027198,9.16857,;240.027198,9.21869,;240.027198,9.2688,;240.027198,9.31892,;232.821105,9.36903,;232.821105,9.41914,;232.821105,9.46925,;232.821105,9.51937,;232.821105,9.56945,;232.821105,9.61957,;232.821105,9.66966,;232.821105,9.71974,;232.821105,9.76986,;232.821105,9.81997,;232.821105,9.87009,;232.821105,9.9202,;232.821105,9.97029,;232.821105,10.0204,;232.821105,10.0705,;
384.647073,0.0500751,;330.677488,0.100186,;330.677488,0.150304,;330.677488,0.200382,;291.403361,0.250496,;291.403361,0.300584,;291.403361,0.350712,;291.403361,0.400832,;291.403361,0.450943,;291.403361,0.501018,;291.403361,0.551146,;291.403361,0.601235,;291.403361,0.651311,;291.403361,0.701396,;291.403361,0.751487,;291.403361,0.801575,;273.644408,0.851653,;273.644408,0.901742,;273.644408,0.951865,;273.644408,1.00196,;273.644408,1.05204,;273.644408,1.10212,;273.644408,1.15221,;273.644408,1.2023,;273.644408,1.25239,;273.644408,1.30247,;273.644408,1.35259,;273.644408,1.4027,;273.644408,1.45279,;273.644408,1.50292,;273.644408,1.55299,;273.644408,1.60311,;273.644408,1.6532,;273.644408,1.70332,;273.644408,1.75342,;273.644408,1.80358,;273.644408,1.85367,;273.644408,1.90378,;273.644408,1.95388,;273.644408,2.004,;273.644408,2.05409,;273.644408,2.10418,;273.644408,2.1543,;273.644408,2.20441,;273.644408,2.25452,;273.644408,2.30463,;273.644408,2.35471,;273.644408,2.40479,;273.644408,2.45491,;273.644408,2.50499,;273.644408,2.55507,;273.644408,2.60516,;273.644408,2.65524,;273.644408,2.70534,;273.644408,2.75546,;273.644408,2.80555,;273.644408,2.85568,;273.644408,2.90577,;273.644408,2.95589,;273.644408,3.00599,;273.644408,3.0561,;273.644408,3.10619,;273.644408,3.15631,;262.733092,3.20639,;262.733092,3.25651,;262.733092,3.3066,;262.733092,3.35668,;262.733092,3.4068,;262.733092,3.45686,;262.733092,3.50694,;262.733092,3.55703,;262.733092,3.60712,;262.733092,3.6572,;262.733092,3.70729,;262.733092,3.75737,;262.733092,3.80745,;262.733092,3.85753,;262.733092,3.90765,;262.733092,3.95773,;262.733092,4.00786,;262.733092,4.05794,;262.733092,4.10803,;262.733092,4.15814,;262.733092,4.20826,;262.733092,4.25836,;262.733092,4.30844,;262.733092,4.35856,;262.733092,4.40868,;262.733092,4.45879,;262.733092,4.50887,;262.733092,4.55898,;262.733092,4.6091,;262.733092,4.65922,;262.733092,4.70932,;262.733092,4.75943,;262.733092,4.80953,;262.733092,4.85965,;262.733092,4.90975,;262.733092,4.95987,;262.733092,5.00996,;262.733092,5.06008,;262.733092,5.1102,;262.733092,5.16031,;262.733092,5.21043,;262.733092,5.26055,;262.733092,5.31067,;262.733092,5.36079,;262.733092,5.41088,;246.644370,5.46095,;246.644370,5.51106,;246.644370,5.56115,;246.644370,5.61127,;246.644370,5.66137,;246.644370,5.71148,;246.644370,5.76158,;246.644370,5.81169,;246.644370,5.86181,;246.644370,5.91192,;246.644370,5.96201,;246.644370,6.01214,;246.644370,6.06226,;246.644370,6.11237,;246.644370,6.1625,;246.644370,6.21258,;246.644370,6.26266,;246.644370,6.31275,;246.644370,6.36289,;246.644370,6.413,;246.644370,6.46311,;246.644370,6.5132,;246.644370,6.56332,;246.644370,6.61341,;246.644370,6.66353,;246.644370,6.71362,;246.644370,6.76374,;246.644370,6.81386,;246.644370,6.86397,;246.644370,6.91409,;246.644370,6.9642,;246.644370,7.01431,;246.644370,7.0644,;246.644370,7.11451,;246.644370,7.1646,;246.644370,7.21472,;246.644370,7.26484,;246.644370,7.31493,;246.644370,7.36501,;246.644370,7.41512,;246.644370,7.46522,;246.644370,7.51535,;228.070291,7.56544,;228.070291,7.61552,;228.070291,7.66562,;228.070291,7.71571,;228.070291,7.76578,;228.070291,7.81589,;228.070291,7.86598,;228.070291,7.91608,;228.070291,7.96615,;228.070291,8.01623,;228.070291,8.06635,;228.070291,8.11644,;228.070291,8.16654,;228.070291,8.21662,;228.070291,8.2667,;228.070291,8.31681,;228.070291,8.36692,;228.070291,8.417,;228.070291,8.46707,;228.070291,8.51716,;228.070291,8.56724,;228.070291,8.61736,;228.070291,8.66748,;228.070291,8.71755,;228.070291,8.76763,;228.070291,8.81776,;228.070291,8.86787,;228.070291,8.91796,;228.070291,8.96808,;228.070291,9.01816,;228.070291,9.06825,;228.070291,9.11834,;228.070291,9.16847,;228.070291,9.21854,;228.070291,9.26865,;228.070291,9.31878,;228.070291,9.36891,;228.070291,9.41902,;228.070291,9.4691,;228.070291,9.51919,;228.070291,9.56929,;228.070291,9.6194,;228.070291,9.66948,;228.070291,9.71956,;228.070291,9.76965,;228.070291,9.81973,;228.070291,9.86982,;228.070291,9.91993,;228.070291,9.97002,;228.070291,10.0201,;228.070291,10.0702,;
inf,0.0500946,;inf,0.10018,;inf,0.150266,;909.203593,0.200386,;897.682860,0.250487,;881.098611,0.300568,;850.057448,0.350644,;850.057448,0.400721,;850.057448,0.450798,;740.846953,0.500892,;740.846953,0.55097,;699.173997,0.601084,;699.173997,0.651154,;699.173997,0.701278,;694.391555,0.751362,;694.391555,0.801474,;694.391555,0.851575,;694.391555,0.901693,;694.391555,0.951821,;694.391555,1.00193,;694.391555,1.052,;694.391555,1.10211,;694.391555,1.15222,;694.391555,1.20234,;694.391555,1.25241,;694.391555,1.30249,;694.391555,1.35261,;694.391555,1.40272,;646.237375,1.4528,;646.237375,1.5029,;646.237375,1.55302,;646.237375,1.60314,;646.237375,1.65324,;646.237375,1.70332,;646.237375,1.75343,;646.237375,1.80351,;240.084210,1.85362,;240.084210,1.9037,;240.084210,1.95382,;240.084210,2.00394,;240.084210,2.05402,;240.084210,2.10415,;240.084210,2.15426,;240.084210,2.20438,;240.084210,2.25449,;240.084210,2.30458,;240.084210,2.35469,;240.084210,2.4048,;240.084210,2.45492,;240.084210,2.50504,;240.084210,2.55515,;240.084210,2.60522,;240.084210,2.65535,;240.084210,2.70547,;240.084210,2.75557,;240.084210,2.80569,;240.084210,2.85576,;240.084210,2.90587,;240.084210,2.95599,;240.084210,3.0061,;240.084210,3.05622,;240.084210,3.10633,;240.084210,3.15644,;240.084210,3.20656,;240.084210,3.25667,;240.084210,3.30674,;240.084210,3.35682,;240.084210,3.40691,;240.084210,3.45702,;240.084210,3.5071,;240.084210,3.55719,;238.201978,3.60728,;238.201978,3.65738,;238.201978,3.7075,;238.201978,3.75762,;238.201978,3.80771,;238.201978,3.85783,;238.201978,3.90792,;238.201978,3.95803,;238.201978,4.00813,;238.201978,4.05825,;238.201978,4.10835,;238.201978,4.15844,;238.201978,4.20857,;238.201978,4.25865,;238.201978,4.30873,;238.201978,4.35883,;238.201978,4.40894,;238.201978,4.45903,;238.201978,4.50916,;238.201978,4.55925,;235.300749,4.60934,;235.300749,4.65946,;235.300749,4.70957,;235.300749,4.75969,;235.300749,4.8098,;235.300749,4.85991,;235.300749,4.91003,;235.300749,4.96014,;235.300749,5.01026,;235.300749,5.06037,;235.300749,5.11048,;235.300749,5.1606,;235.300749,5.21071,;235.300749,5.26082,;235.300749,5.31094,;235.300749,5.36106,;235.300749,5.41115,;235.300749,5.46127,;235.300749,5.51136,;235.300749,5.56148,;235.300749,5.61159,;235.300749,5.66171,;235.300749,5.71182,;235.300749,5.7619,;235.300749,5.81201,;235.300749,5.86212,;235.300749,5.91224,;235.300749,5.96235,;235.300749,6.01247,;235.300749,6.06254,;235.300749,6.11268,;235.300749,6.16276,;235.300749,6.21284,;235.300749,6.26296,;235.300749,6.31309,;234.217725,6.36319,;234.217725,6.41327,;234.217725,6.46336,;234.217725,6.51344,;234.217725,6.56356,;234.217725,6.61368,;234.217725,6.66379,;234.217725,6.71392,;234.217725,6.76401,;234.217725,6.81414,;234.217725,6.86425,;234.217725,6.91437,;234.217725,6.96449,;234.217725,7.01461,;234.217725,7.06473,;234.217725,7.11481,;234.217725,7.16493,;234.217725,7.21501,;234.217725,7.26513,;234.217725,7.31523,;234.217725,7.36535,;234.217725,7.41542,;234.217725,7.46554,;234.217725,7.51563,;234.217725,7.56572,;234.217725,7.61582,;234.217725,7.66593,;234.217725,7.71601,;233.435159,7.76613,;233.435159,7.81623,;233.435159,7.86633,;233.435159,7.91641,;233.435159,7.96655,;233.435159,8.01666,;233.435159,8.06674,;233.435159,8.11683,;233.435159,8.16694,;233.435159,8.21704,;233.435159,8.26713,;233.435159,8.31725,;233.435159,8.36734,;233.435159,8.41746,;233.435159,8.46756,;233.435159,8.51768,;233.435159,8.56776,;233.435159,8.61788,;233.435159,8.66798,;233.435159,8.7181,;233.435159,8.76819,;233.435159,8.81832,;233.435159,8.86843,;233.435159,8.91856,;233.435159,8.96868,;233.435159,9.01877,;233.435159,9.06888,;233.435159,9.11898,;233.435159,9.1691,;233.435159,9.21919,;233.435159,9.26931,;233.435159,9.31941,;233.435159,9.36952,;233.435159,9.41962,;233.435159,9.46974,;233.435159,9.51986,;233.435159,9.56998,;233.435159,9.62009,;233.435159,9.67021,;233.435159,9.72032,;233.435159,9.77045,;233.435159,9.82056,;233.435159,9.87064,;233.435159,9.92076,;233.435159,9.97084,;233.435159,10.021,;
inf,0.0500675,;inf,0.100155,;776.747335,0.150264,;776.747335,0.200337,;776.747335,0.250407,;776.747335,0.30052,;403.189305,0.350635,;397.602497,0.400725,;397.602497,0.450834,;397.602497,0.500908,;397.602497,0.551024,;341.569438,0.601114,;341.569438,0.651185,;341.569438,0.701257,;341.569438,0.75133,;341.569438,0.80142,;341.569438,0.85151,;341.569438,0.901602,;341.569438,0.951679,;341.569438,1.0018,;341.569438,1.05189,;341.569438,1.10197,;337.247355,1.15208,;337.247355,1.20216,;337.247355,1.25224,;337.247355,1.30232,;337.247355,1.3524,;337.247355,1.40249,;337.247355,1.45258,;337.247355,1.50269,;337.247355,1.55278,;305.899371,1.60289,;292.419508,1.65299,;292.419508,1.70311,;292.419508,1.75322,;292.419508,1.80333,;292.419508,1.85343,;292.419508,1.90355,;292.419508,1.95366,;292.419508,2.00376,;292.419508,2.05388,;292.419508,2.10399,;292.419508,2.15409,;292.419508,2.2042,;292.419508,2.25431,;292.419508,2.30439,;292.419508,2.3545,;292.419508,2.40458,;292.419508,2.45466,;292.419508,2.50476,;292.419508,2.55488,;292.419508,2.60498,;292.419508,2.65507,;292.419508,2.70515,;292.419508,2.75524,;292.419508,2.80531,;292.419508,2.85539,;292.419508,2.90547,;292.419508,2.9556,;292.419508,3.00569,;292.419508,3.05582,;292.419508,3.10589,;292.419508,3.15601,;292.419508,3.2061,;261.411934,3.2562,;261.411934,3.30628,;261.411934,3.35637,;252.190319,3.40646,;252.190319,3.45658,;252.190319,3.5067,;252.190319,3.55681,;242.721361,3.60692,;242.721361,3.65703,;242.721361,3.70714,;242.721361,3.75722,;242.721361,3.80733,;242.721361,3.85745,;242.721361,3.90756,;242.721361,3.95766,;242.721361,4.00777,;242.721361,4.05789,;242.721361,4.108,;242.721361,4.15808,;242.721361,4.20816,;242.721361,4.25828,;242.721361,4.30835,;242.721361,4.35843,;242.721361,4.40852,;242.721361,4.4586,;242.721361,4.50869,;242.721361,4.55882,;242.721361,4.60891,;242.721361,4.65902,;242.721361,4.7091,;242.721361,4.7592,;242.721361,4.80932,;242.721361,4.85943,;242.721361,4.90954,;242.721361,4.95965,;242.721361,5.00976,;242.721361,5.05988,;242.721361,5.11,;242.721361,5.16012,;242.721361,5.21026,;242.721361,5.26033,;242.721361,5.31044,;242.721361,5.36056,;242.721361,5.41067,;242.721361,5.46079,;242.721361,5.5109,;242.721361,5.561,;242.721361,5.61112,;242.721361,5.66123,;242.721361,5.71131,;242.721361,5.76142,;242.721361,5.81153,;242.721361,5.86164,;242.721361,5.91175,;237.386405,5.96187,;237.386405,6.01198,;237.386405,6.06209,;237.386405,6.11222,;237.386405,6.16235,;237.386405,6.21242,;237.386405,6.26254,;237.386405,6.31264,;237.386405,6.36276,;237.386405,6.41286,;237.386405,6.46297,;237.386405,6.51309,;237.386405,6.56322,;237.386405,6.6133,;237.386405,6.66341,;237.386405,6.71353,;237.386405,6.76365,;235.631257,6.81377,;235.631257,6.86388,;235.631257,6.914,;235.631257,6.96412,;235.631257,7.01421,;235.631257,7.06433,;235.631257,7.11441,;235.631257,7.16451,;235.631257,7.21463,;235.631257,7.26471,;235.631257,7.31482,;235.631257,7.36492,;235.631257,7.41504,;235.631257,7.46516,;235.631257,7.51528,;235.631257,7.56539,;235.631257,7.6155,;235.631257,7.66564,;235.631257,7.71575,;235.631257,7.76586,;235.631257,7.81598,;235.631257,7.86606,;235.631257,7.91619,;235.631257,7.96628,;235.631257,8.01637,;235.631257,8.0665,;235.631257,8.11659,;235.631257,8.16672,;234.362496,8.21681,;234.362496,8.26693,;234.362496,8.31702,;234.362496,8.36711,;234.362496,8.41722,;234.362496,8.46736,;234.362496,8.51748,;234.362496,8.56759,;234.362496,8.61771,;234.362496,8.66782,;234.362496,8.71794,;234.362496,8.76806,;234.362496,8.81817,;234.362496,8.86825,;234.362496,8.91838,;234.362496,8.96847,;234.362496,9.01859,;234.362496,9.06868,;234.362496,9.1188,;228.041927,9.16892,;228.041927,9.21905,;228.041927,9.26914,;228.041927,9.31926,;228.041927,9.36935,;228.041927,9.41947,;228.041927,9.4696,;228.041927,9.51972,;228.041927,9.56983,;228.041927,9.61995,;228.041927,9.67007,;228.041927,9.7202,;228.041927,9.77031,;228.041927,9.8204,;228.041927,9.87051,;228.041927,9.9206,;228.041927,9.97069,;228.041927,10.0208,;
inf,0.0500625,;835.160734,0.100169,;835.160734,0.150282,;835.160734,0.200361,;835.160734,0.250485,;792.782308,0.300576,;792.782308,0.350663,;792.782308,0.400775,;792.782308,0.45086,;792.782308,0.500958,;792.782308,0.551047,;792.782308,0.601168,;792.782308,0.651253,;792.782308,0.701409,;738.811080,0.751489,;738.811080,0.801561,;738.811080,0.851692,;694.551864,0.901808,;694.551864,0.951918,;694.551864,1.00204,;318.016879,1.05215,;309.524915,1.10227,;309.524915,1.15235,;309.524915,1.20249,;309.524915,1.25258,;309.524915,1.3027,;309.524915,1.35279,;309.524915,1.40292,;309.524915,1.45301,;309.524915,1.50312,;309.524915,1.55324,;309.524915,1.60336,;309.524915,1.65344,;309.524915,1.70354,;309.524915,1.75364,;309.524915,1.80376,;281.892658,1.85389,;281.892658,1.90398,;281.892658,1.95411,;281.892658,2.00424,;281.892658,2.05436,;281.892658,2.10448,;281.892658,2.15456,;281.892658,2.20466,;266.768336,2.25477,;266.768336,2.30485,;259.420923,2.35493,;259.420923,2.40503,;259.420923,2.45513,;259.420923,2.50523,;259.420923,2.55535,;259.420923,2.60544,;259.420923,2.65553,;259.420923,2.70564,;259.420923,2.75576,;242.130058,2.80584,;242.130058,2.85597,;242.130058,2.90605,;242.130058,2.95618,;242.130058,3.00626,;242.130058,3.05634,;242.130058,3.10643,;242.130058,3.15651,;242.130058,3.20662,;242.130058,3.25671,;242.130058,3.30683,;242.130058,3.35693,;239.238485,3.40705,;239.238485,3.45712,;239.238485,3.50721,;239.238485,3.55729,;239.238485,3.60742,;239.238485,3.65754,;239.238485,3.70762,;239.238485,3.75772,;239.238485,3.8078,;239.238485,3.85791,;239.238485,3.90801,;239.238485,3.95813,;239.238485,4.00823,;239.238485,4.0583,;239.238485,4.10838,;239.238485,4.15847,;239.238485,4.20856,;239.238485,4.25866,;238.908611,4.30874,;238.908611,4.35886,;238.908611,4.40898,;238.908611,4.45906,;238.908611,4.50915,;238.908611,4.55924,;238.908611,4.60932,;238.908611,4.65945,;238.908611,4.70954,;238.908611,4.75963,;238.908611,4.80973,;238.908611,4.85987,;238.908611,4.90999,;238.908611,4.96008,;238.908611,5.01021,;238.908611,5.06029,;238.908611,5.11041,;238.908611,5.16053,;238.908611,5.21065,;238.908611,5.26074,;238.908611,5.31083,;238.908611,5.36095,;238.908611,5.41107,;238.908611,5.46119,;238.908611,5.51128,;238.908611,5.56139,;238.908611,5.61148,;238.908611,5.66156,;238.908611,5.71168,;238.908611,5.7618,;238.908611,5.81191,;238.908611,5.86203,;238.908611,5.91213,;238.908611,5.96222,;238.908611,6.01231,;238.908611,6.06241,;238.908611,6.11249,;238.908611,6.16263,;238.908611,6.21273,;238.908611,6.26285,;238.908611,6.31295,;238.908611,6.36308,;238.908611,6.41316,;238.908611,6.46329,;238.908611,6.51339,;238.908611,6.56351,;238.908611,6.6136,;238.908611,6.66372,;238.908611,6.71384,;238.908611,6.76396,;238.908611,6.81408,;238.908611,6.86417,;238.908611,6.9143,;238.908611,6.96438,;238.908611,7.0145,;238.908611,7.06459,;238.908611,7.11469,;238.908611,7.16477,;237.271474,7.2149,;237.271474,7.26498,;237.271474,7.31508,;237.271474,7.36517,;237.271474,7.41526,;237.271474,7.46537,;237.271474,7.51545,;237.271474,7.56557,;237.271474,7.6157,;237.271474,7.66582,;237.271474,7.71594,;237.271474,7.76606,;237.271474,7.81617,;237.271474,7.86629,;237.271474,7.91638,;237.271474,7.96647,;237.271474,8.01656,;237.271474,8.06668,;237.271474,8.11678,;237.271474,8.1669,;237.271474,8.21699,;237.271474,8.26709,;237.271474,8.3172,;237.271474,8.36728,;237.271474,8.41737,;237.271474,8.46746,;237.271474,8.51755,;237.271474,8.56767,;237.271474,8.61778,;237.271474,8.66791,;237.271474,8.71798,;237.271474,8.7681,;237.271474,8.81819,;237.271474,8.86828,;237.271474,8.9184,;237.271474,8.96852,;237.271474,9.0186,;237.271474,9.06872,;237.271474,9.11886,;237.271474,9.16898,;237.271474,9.21911,;237.271474,9.26923,;237.271474,9.31932,;237.271474,9.36941,;237.271474,9.41955,;237.271474,9.46963,;237.271474,9.51976,;237.271474,9.56988,;237.271474,9.61996,;237.271474,9.67008,;237.271474,9.72019,;237.271474,9.77031,;237.271474,9.82039,;237.271474,9.87051,;237.271474,9.92062,;237.271474,9.97075,;237.271474,10.0208,;
inf,0.050068,;inf,0.100189,;890.919602,0.150271,;890.919602,0.200358,;890.919602,0.250452,;890.919602,0.30054,;875.525048,0.35062,;443.095307,0.4007,;443.095307,0.450779,;443.095307,0.500852,;427.234610,0.550923,;427.234610,0.600996,;421.161000,0.651069,;421.161000,0.701174,;421.161000,0.751259,;421.161000,0.801353,;421.161000,0.851436,;388.086759,0.901557,;388.086759,0.951641,;388.086759,1.00175,;388.086759,1.05187,;388.086759,1.10195,;388.086759,1.15204,;388.086759,1.20213,;388.086759,1.25222,;388.086759,1.3023,;388.086759,1.35241,;388.086759,1.40248,;388.086759,1.45259,;388.086759,1.50267,;388.086759,1.55278,;388.086759,1.60285,;388.086759,1.65298,;388.086759,1.70306,;388.086759,1.75316,;388.086759,1.80325,;388.086759,1.85334,;388.086759,1.90343,;279.809953,1.95355,;279.809953,2.00364,;279.809953,2.05375,;279.809953,2.10383,;279.809953,2.15395,;279.809953,2.20403,;279.809953,2.25414,;279.809953,2.30422,;272.195270,2.35435,;272.195270,2.40445,;272.195270,2.45455,;272.195270,2.50465,;272.195270,2.55474,;263.745662,2.60483,;263.745662,2.6549,;263.745662,2.70498,;263.745662,2.75507,;263.745662,2.80515,;263.745662,2.85525,;263.745662,2.90537,;263.745662,2.95545,;258.231928,3.00554,;258.231928,3.05565,;258.231928,3.10575,;252.206112,3.15587,;252.206112,3.20599,;252.206112,3.25608,;252.206112,3.3062,;252.206112,3.35631,;252.206112,3.40643,;252.206112,3.45652,;252.206112,3.50666,;252.206112,3.55677,;252.206112,3.60685,;252.206112,3.65696,;252.206112,3.7071,;252.206112,3.75718,;252.206112,3.80729,;252.206112,3.8574,;252.206112,3.90749,;252.206112,3.9576,;252.206112,4.00769,;252.206112,4.05778,;252.206112,4.10786,;252.206112,4.15794,;252.206112,4.20802,;252.206112,4.2581,;252.206112,4.30818,;252.206112,4.35826,;252.206112,4.40837,;252.206112,4.45845,;252.206112,4.50854,;252.206112,4.5586,;252.206112,4.60869,;252.206112,4.65876,;252.206112,4.70884,;252.206112,4.75893,;252.206112,4.80902,;252.206112,4.85911,;252.206112,4.9092,;252.206112,4.95928,;252.206112,5.00936,;252.206112,5.05944,;252.206112,5.10952,;252.206112,5.15964,;252.206112,5.20972,;252.206112,5.25984,;252.206112,5.30995,;252.206112,5.36006,;252.206112,5.41014,;244.039860,5.46022,;244.039860,5.51029,;244.039860,5.56037,;244.039860,5.61045,;244.039860,5.66054,;244.039860,5.71062,;244.039860,5.76074,;244.039860,5.81081,;244.039860,5.86093,;244.039860,5.91101,;244.039860,5.96117,;244.039860,6.01126,;237.527451,6.06134,;237.527451,6.11143,;237.527451,6.16154,;237.527451,6.21166,;237.527451,6.26178,;237.527451,6.31188,;237.527451,6.36197,;237.527451,6.41207,;237.527451,6.46219,;237.527451,6.51231,;237.203586,6.5624,;237.203586,6.6125,;237.203586,6.66263,;237.203586,6.71275,;237.203586,6.76284,;237.203586,6.81292,;237.203586,6.86301,;237.203586,6.91309,;237.203586,6.96318,;237.203586,7.01327,;237.203586,7.06335,;237.203586,7.11346,;234.373977,7.16354,;234.373977,7.21365,;234.373977,7.26378,;234.373977,7.3139,;234.373977,7.36398,;234.373977,7.41407,;234.373977,7.4642,;234.373977,7.51431,;234.373977,7.5644,;234.373977,7.61449,;234.373977,7.66461,;234.373977,7.71472,;234.373977,7.76482,;234.373977,7.81495,;234.373977,7.86508,;234.373977,7.91517,;234.373977,7.96527,;234.373977,8.01539,;234.373977,8.06548,;234.373977,8.11556,;234.373977,8.16567,;234.373977,8.2158,;234.373977,8.26591,;234.373977,8.31602,;234.373977,8.3661,;234.373977,8.41623,;234.373977,8.46634,;234.373977,8.51646,;234.373977,8.56654,;234.373977,8.61662,;234.373977,8.66671,;234.373977,8.7168,;234.373977,8.76688,;234.373977,8.81701,;234.373977,8.86712,;234.373977,8.91721,;234.373977,8.96732,;234.373977,9.0174,;234.373977,9.06753,;234.373977,9.11763,;234.373977,9.16771,;234.373977,9.21783,;234.373977,9.26791,;234.373977,9.318,;234.373977,9.36809,;234.373977,9.41818,;234.373977,9.46825,;234.373977,9.51837,;234.373977,9.56847,;234.373977,9.61858,;234.373977,9.66871,;234.373977,9.71882,;234.373977,9.76894,;234.373977,9.81907,;234.373977,9.86915,;234.373977,9.91924,;234.373977,9.96933,;234.373977,10.0194,;234.373977,10.0695,;
inf,0.0500604,;752.963778,0.100149,;752.963778,0.150241,;731.701203,0.200335,;731.701203,0.250407,;731.701203,0.300483,;705.252823,0.350555,;701.254881,0.400625,;701.254881,0.450699,;701.254881,0.500772,;701.254881,0.550857,;688.709018,0.600936,;464.724410,0.651023,;464.724410,0.701108,;464.724410,0.751194,;464.724410,0.801291,;464.724410,0.851409,;464.724410,0.9015,;464.724410,0.951616,;464.724410,1.00172,;464.724410,1.05183,;464.724410,1.10192,;464.724410,1.15204,;289.634201,1.20216,;289.634201,1.25225,;289.634201,1.30237,;289.634201,1.35244,;289.634201,1.40252,;289.634201,1.4526,;289.634201,1.50271,;289.634201,1.5528,;289.634201,1.60287,;289.634201,1.65295,;274.677775,1.70303,;274.677775,1.75313,;274.677775,1.80325,;274.677775,1.85334,;274.677775,1.90346,;274.677775,1.95353,;274.677775,2.00361,;274.677775,2.05371,;274.677775,2.10379,;274.677775,2.15387,;274.677775,2.20395,;274.677775,2.25402,;266.860008,2.30415,;266.860008,2.35427,;266.860008,2.40437,;266.860008,2.45448,;266.860008,2.50456,;266.860008,2.55463,;266.860008,2.6047,;266.860008,2.65477,;266.860008,2.70486,;266.860008,2.75497,;266.860008,2.80505,;266.860008,2.85514,;266.860008,2.90526,;266.860008,2.95537,;266.860008,3.00544,;266.860008,3.05551,;266.860008,3.1056,;266.860008,3.15569,;266.860008,3.20577,;266.860008,3.25586,;266.860008,3.30594,;266.860008,3.35604,;266.860008,3.40612,;266.860008,3.45623,;266.860008,3.50634,;266.860008,3.55641,;266.860008,3.60652,;266.860008,3.65661,;266.860008,3.7067,;266.860008,3.75679,;266.860008,3.80688,;266.860008,3.85697,;266.860008,3.90709,;266.860008,3.95718,;266.860008,4.0073,;266.860008,4.05738,;266.860008,4.1075,;266.860008,4.15759,;266.860008,4.20771,;266.860008,4.25781,;266.860008,4.30794,;266.860008,4.35805,;266.860008,4.40812,;266.860008,4.45823,;266.860008,4.50834,;266.860008,4.55845,;266.860008,4.60852,;266.860008,4.6586,;266.860008,4.70867,;266.860008,4.75874,;266.860008,4.80882,;266.860008,4.85894,;261.121641,4.90902,;261.121641,4.95914,;261.121641,5.00924,;261.121641,5.05935,;261.121641,5.10944,;261.121641,5.15956,;261.121641,5.20963,;261.121641,5.25973,;261.121641,5.30981,;261.121641,5.35991,;261.121641,5.40998,;261.121641,5.46008,;261.121641,5.5102,;261.121641,5.56028,;261.121641,5.61039,;261.121641,5.66046,;254.144668,5.71054,;254.144668,5.76064,;254.144668,5.81073,;254.144668,5.86083,;254.144668,5.91094,;254.144668,5.96102,;254.144668,6.01111,;254.144668,6.06119,;254.144668,6.11126,;254.144668,6.16135,;254.144668,6.21146,;254.144668,6.26153,;254.144668,6.31161,;254.144668,6.36169,;254.144668,6.41177,;254.144668,6.46185,;254.144668,6.51193,;254.144668,6.56201,;254.144668,6.61208,;254.144668,6.66216,;254.144668,6.71224,;254.144668,6.76234,;254.144668,6.81241,;254.144668,6.86249,;243.410447,6.91256,;243.410447,6.96267,;243.410447,7.01275,;243.410447,7.06287,;243.410447,7.11295,;243.410447,7.16303,;243.410447,7.21311,;243.410447,7.2632,;243.410447,7.31329,;243.410447,7.3634,;243.410447,7.41348,;243.410447,7.46358,;243.410447,7.51366,;243.410447,7.56375,;243.410447,7.61383,;242.952894,7.66391,;242.952894,7.71399,;242.952894,7.76408,;242.952894,7.81417,;242.952894,7.86429,;242.952894,7.91438,;242.952894,7.96446,;242.952894,8.01453,;242.952894,8.06463,;242.952894,8.11475,;242.952894,8.16484,;242.952894,8.21492,;242.952894,8.26501,;242.952894,8.31513,;242.952894,8.36522,;242.952894,8.41532,;242.952894,8.46544,;242.952894,8.51552,;242.952894,8.56564,;242.952894,8.61571,;242.952894,8.66582,;242.952894,8.71586,;242.952894,8.76594,;242.952894,8.81605,;242.952894,8.86613,;242.952894,8.91622,;242.952894,8.96629,;242.952894,9.01636,;242.952894,9.06645,;242.952894,9.11653,;242.952894,9.1666,;242.952894,9.21669,;242.952894,9.26676,;242.952894,9.31685,;242.952894,9.36694,;242.952894,9.41702,;242.952894,9.46711,;242.952894,9.51719,;242.952894,9.56729,;242.952894,9.61737,;242.952894,9.66748,;242.952894,9.7176,;242.952894,9.76771,;242.952894,9.8178,;242.952894,9.86787,;242.952894,9.91795,;242.952894,9.96807,;242.952894,10.0182,;242.952894,10.0683,;
inf,0.0500643,;578.657299,0.100183,;578.657299,0.150261,;578.657299,0.20035,;555.905486,0.25048,;555.905486,0.300589,;510.258548,0.350668,;510.258548,0.400744,;510.258548,0.450833,;510.258548,0.500965,;510.258548,0.551041,;505.985700,0.601149,;505.985700,0.65122,;505.985700,0.701305,;505.985700,0.751391,;505.985700,0.801468,;505.985700,0.85155,;505.985700,0.901648,;505.985700,0.951744,;505.985700,1.00185,;505.985700,1.05196,;505.985700,1.10205,;505.985700,1.15214,;505.985700,1.20224,;505.985700,1.25234,;505.985700,1.30243,;505.985700,1.35254,;505.985700,1.40266,;505.985700,1.45273,;505.985700,1.50282,;505.985700,1.55294,;505.985700,1.60308,;505.985700,1.65316,;467.208120,1.70323,;467.208120,1.75332,;467.208120,1.80341,;467.208120,1.85351,;467.208120,1.90359,;467.208120,1.95368,;467.208120,2.00377,;467.208120,2.05392,;467.208120,2.10404,;467.208120,2.15414,;467.208120,2.20426,;467.208120,2.25438,;467.208120,2.3045,;467.208120,2.35459,;467.208120,2.4047,;467.208120,2.45482,;467.208120,2.50491,;467.208120,2.55504,;467.208120,2.60511,;467.208120,2.65523,;467.208120,2.70533,;467.208120,2.75544,;261.966620,2.80552,;261.966620,2.85564,;261.966620,2.90571,;261.966620,2.95584,;261.966620,3.00594,;261.966620,3.05602,;261.966620,3.10614,;261.966620,3.15625,;261.966620,3.20633,;261.966620,3.25645,;236.215972,3.30657,;236.215972,3.35668,;236.215972,3.4068,;236.215972,3.45691,;236.215972,3.507,;236.215972,3.55708,;236.215972,3.60717,;236.215972,3.65726,;236.215972,3.70738,;236.215972,3.75747,;236.215972,3.80759,;236.215972,3.85769,;236.215972,3.90781,;236.215972,3.95793,;236.215972,4.00802,;236.215972,4.05814,;236.215972,4.10825,;236.215972,4.15836,;236.215972,4.20844,;236.215972,4.25856,;236.215972,4.30863,;236.215972,4.35875,;236.215972,4.40887,;236.215972,4.45898,;236.215972,4.50907,;236.215972,4.55915,;236.215972,4.60923,;236.215972,4.65931,;236.215972,4.7094,;236.215972,4.7595,;236.215972,4.80959,;236.215972,4.85967,;236.215972,4.90976,;236.215972,4.95984,;236.215972,5.00992,;236.215972,5.06,;236.215972,5.11008,;236.215972,5.16017,;236.215972,5.21027,;236.215972,5.26037,;236.215972,5.31047,;236.215972,5.36057,;236.215972,5.41067,;236.215972,5.46077,;236.215972,5.51087,;236.215972,5.56097,;236.215972,5.61106,;236.215972,5.66113,;236.215972,5.71121,;236.215972,5.7613,;236.215972,5.81138,;236.215972,5.86147,;236.215972,5.91157,;236.215972,5.96165,;236.215972,6.01173,;236.215972,6.06181,;236.215972,6.1119,;236.215972,6.16198,;236.215972,6.21208,;236.215972,6.26216,;236.215972,6.31225,;236.215972,6.36233,;236.215972,6.41241,;236.215972,6.46249,;236.215972,6.51257,;236.215972,6.56265,;236.215972,6.61273,;236.215972,6.66281,;236.215972,6.71288,;236.215972,6.76296,;236.215972,6.81304,;236.215972,6.86312,;236.215972,6.9132,;236.215972,6.96332,;236.215972,7.01341,;236.215972,7.06351,;236.215972,7.1136,;236.215972,7.16369,;236.215972,7.21379,;236.215972,7.26388,;236.215972,7.31397,;236.215972,7.36407,;236.215972,7.41416,;236.215972,7.46425,;236.215972,7.51435,;236.215972,7.56444,;236.215972,7.61454,;236.215972,7.66463,;236.215972,7.7147,;236.215972,7.7648,;236.215972,7.81489,;236.215972,7.86494,;236.215972,7.91502,;236.215972,7.96512,;236.215972,8.01521,;236.215972,8.06531,;236.215972,8.1154,;236.215972,8.1655,;236.215972,8.21559,;236.215972,8.26568,;236.215972,8.31577,;236.215972,8.36586,;236.215972,8.41596,;236.215972,8.46606,;236.215972,8.51615,;236.215972,8.56625,;236.215972,8.61634,;236.215972,8.66644,;236.215972,8.71653,;234.541870,8.76663,;234.541870,8.81672,;234.541870,8.86682,;234.541870,8.91691,;234.541870,8.96701,;234.541870,9.01711,;234.541870,9.06719,;234.541870,9.11729,;234.541870,9.16738,;234.541870,9.21746,;234.541870,9.26755,;234.541870,9.31764,;234.541870,9.36776,;234.541870,9.41784,;234.541870,9.46796,;234.541870,9.51805,;234.541870,9.56813,;234.541870,9.61826,;234.541870,9.66837,;234.541870,9.71845,;234.541870,9.76854,;234.541870,9.81862,;234.541870,9.86871,;234.541870,9.9188,;234.541870,9.9689,;234.541870,10.019,;
inf,0.0500943,;852.506596,0.10021,;852.506596,0.150321,;848.052126,0.200422,;848.052126,0.250544,;848.052126,0.300656,;848.052126,0.350741,;848.052126,0.400856,;783.903821,0.450966,;783.903821,0.50105,;783.903821,0.55117,;783.903821,0.601275,;783.903821,0.651322,;783.903821,0.701436,;571.144337,0.751512,;571.144337,0.801589,;571.144337,0.851711,;571.144337,0.901806,;571.144337,0.951911,;571.144337,1.002,;558.780673,1.0521,;558.780673,1.10217,;558.780673,1.15226,;558.780673,1.20237,;558.780673,1.25248,;558.780673,1.30259,;558.780673,1.35271,;558.780673,1.40282,;308.548724,1.45293,;308.548724,1.50305,;308.548724,1.55316,;308.548724,1.60326,;308.548724,1.65336,;308.548724,1.70345,;308.548724,1.75353,;308.548724,1.80361,;308.548724,1.85373,;308.548724,1.90383,;280.030093,1.95393,;280.030093,2.00401,;280.030093,2.05413,;280.030093,2.10425,;280.030093,2.15437,;267.400666,2.20445,;258.262641,2.25461,;258.262641,2.30471,;258.262641,2.35483,;258.262641,2.4049,;258.262641,2.45499,;257.374719,2.50509,;257.374719,2.55517,;257.374719,2.60526,;257.374719,2.65534,;257.374719,2.70543,;257.374719,2.75551,;257.374719,2.80563,;257.374719,2.85573,;257.374719,2.90582,;257.374719,2.95591,;257.374719,3.006,;251.886752,3.05608,;251.886752,3.10619,;251.886752,3.1563,;251.886752,3.20638,;251.886752,3.25647,;251.886752,3.30657,;251.886752,3.35666,;251.886752,3.40678,;251.886752,3.45689,;251.886752,3.50701,;251.886752,3.55712,;251.886752,3.60724,;251.886752,3.65735,;251.886752,3.70744,;251.886752,3.75755,;244.178691,3.80764,;244.178691,3.85772,;244.178691,3.90782,;244.178691,3.95792,;244.178691,4.00802,;244.178691,4.05814,;234.503955,4.10825,;234.503955,4.15835,;234.503955,4.20845,;234.503955,4.25853,;234.503955,4.30862,;234.503955,4.35874,;234.503955,4.40886,;234.503955,4.45897,;234.503955,4.5091,;234.503955,4.55919,;234.503955,4.60932,;234.503955,4.6594,;234.503955,4.70953,;234.503955,4.75961,;234.503955,4.80975,;234.503955,4.85985,;234.503955,4.90993,;234.503955,4.96003,;234.503955,5.01017,;234.503955,5.06028,;234.503955,5.11039,;234.503955,5.16048,;234.503955,5.21058,;234.503955,5.2607,;234.503955,5.31083,;234.503955,5.36095,;234.503955,5.41108,;234.503955,5.46116,;234.503955,5.51128,;234.503955,5.5614,;234.503955,5.61148,;234.503955,5.6616,;234.503955,5.71169,;234.503955,5.76181,;234.503955,5.8119,;234.503955,5.86199,;234.503955,5.91209,;234.503955,5.96217,;234.503955,6.01224,;234.503955,6.06235,;234.503955,6.11243,;234.503955,6.16257,;234.503955,6.21266,;234.503955,6.26275,;234.503955,6.31282,;234.503955,6.36294,;234.503955,6.41305,;234.503955,6.46317,;234.503955,6.5133,;234.503955,6.56338,;234.503955,6.6135,;234.503955,6.66358,;234.503955,6.71366,;234.503955,6.76375,;234.503955,6.81384,;234.503955,6.86394,;234.503955,6.91402,;234.503955,6.9641,;234.503955,7.01421,;234.503955,7.06433,;234.503955,7.11445,;234.503955,7.16458,;234.503955,7.21468,;234.503955,7.26478,;234.503955,7.31487,;234.503955,7.36498,;234.503955,7.4151,;234.503955,7.46518,;234.503955,7.51532,;234.503955,7.56543,;234.503955,7.61551,;234.503955,7.6656,;234.503955,7.71569,;234.503955,7.76578,;234.503955,7.81586,;234.503955,7.86594,;234.503955,7.91602,;234.503955,7.9661,;234.503955,8.01618,;234.503955,8.06626,;234.503955,8.11634,;234.503955,8.16642,;234.503955,8.21649,;234.503955,8.26657,;234.503955,8.31666,;234.503955,8.36674,;234.503955,8.41682,;234.503955,8.4669,;234.503955,8.51698,;234.503955,8.56705,;234.503955,8.61713,;234.503955,8.66721,;234.503955,8.71729,;234.503955,8.76739,;234.503955,8.81751,;234.503955,8.86759,;234.503955,8.91771,;234.503955,8.9678,;234.503955,9.01793,;234.503955,9.06805,;234.503955,9.11817,;234.503955,9.16827,;234.503955,9.21838,;234.503955,9.26845,;234.503955,9.31856,;234.503955,9.36866,;234.503955,9.41879,;234.503955,9.4689,;234.503955,9.51901,;234.503955,9.56913,;234.503955,9.61924,;234.503955,9.66935,;234.503955,9.71942,;234.503955,9.76951,;234.503955,9.8196,;234.503955,9.86973,;234.503955,9.91984,;234.503955,9.96996,;234.503955,10.02,;
inf,0.0500913,;inf,0.100163,;inf,0.15025,;469.475526,0.200336,;469.475526,0.250424,;469.475526,0.3005,;469.475526,0.350576,;469.475526,0.400717,;469.475526,0.450789,;469.475526,0.500859,;469.475526,0.550993,;469.475526,0.601087,;469.475526,0.651156,;434.457655,0.701238,;434.457655,0.751366,;434.457655,0.801473,;434.457655,0.851568,;434.457655,0.901679,;434.457655,0.951751,;434.425637,1.00186,;261.840224,1.05189,;261.840224,1.10197,;261.840224,1.15205,;261.840224,1.20216,;261.840224,1.25224,;261.840224,1.30237,;261.840224,1.35246,;261.840224,1.40257,;261.840224,1.45266,;261.840224,1.50277,;261.840224,1.55286,;261.840224,1.60298,;261.840224,1.65307,;261.840224,1.70319,;261.840224,1.7533,;261.840224,1.80341,;261.840224,1.85352,;261.840224,1.90361,;261.840224,1.95372,;261.840224,2.00383,;261.840224,2.05392,;261.840224,2.10399,;261.840224,2.15406,;261.840224,2.20413,;249.860432,2.25424,;249.860432,2.30432,;249.860432,2.35444,;249.860432,2.40452,;249.860432,2.45464,;249.860432,2.50472,;249.860432,2.55484,;249.860432,2.60491,;249.860432,2.65503,;249.860432,2.70512,;248.786154,2.7552,;248.786154,2.8053,;248.786154,2.8554,;248.786154,2.90553,;248.786154,2.95565,;248.786154,3.00576,;248.786154,3.05587,;248.786154,3.10599,;248.786154,3.15607,;248.786154,3.20618,;248.786154,3.25627,;248.786154,3.30637,;248.786154,3.35646,;229.587494,3.40659,;229.587494,3.4567,;229.587494,3.50681,;229.587494,3.55692,;229.587494,3.60702,;229.587494,3.6571,;229.587494,3.70719,;229.587494,3.75728,;229.587494,3.80739,;229.587494,3.85747,;229.587494,3.90759,;229.587494,3.95768,;229.587494,4.00777,;229.587494,4.05789,;229.587494,4.10795,;229.587494,4.15804,;229.587494,4.20811,;229.587494,4.25822,;229.587494,4.30831,;229.587494,4.35839,;229.587494,4.40848,;229.587494,4.4586,;229.587494,4.50869,;229.587494,4.5588,;229.587494,4.60888,;229.587494,4.65896,;229.587494,4.70904,;229.587494,4.75914,;229.587494,4.80922,;229.587494,4.85934,;229.587494,4.90943,;229.587494,4.95951,;229.587494,5.0096,;229.587494,5.05972,;229.587494,5.10983,;229.587494,5.15995,;229.587494,5.21003,;229.587494,5.26011,;229.587494,5.31022,;229.587494,5.3603,;229.587494,5.41039,;229.587494,5.46048,;229.587494,5.51057,;229.587494,5.56066,;229.587494,5.61074,;229.587494,5.66082,;229.587494,5.71092,;229.587494,5.76106,;229.587494,5.81114,;229.587494,5.86122,;229.587494,5.9113,;229.587494,5.96138,;229.587494,6.01147,;229.587494,6.0616,;229.587494,6.11171,;229.587494,6.16183,;229.587494,6.21195,;229.587494,6.26204,;229.587494,6.31213,;229.587494,6.36221,;229.587494,6.4123,;229.587494,6.46241,;229.587494,6.5125,;229.587494,6.56263,;229.587494,6.61272,;229.587494,6.6628,;229.587494,6.71292,;229.587494,6.76303,;229.587494,6.81312,;229.587494,6.86321,;229.587494,6.91333,;229.587494,6.96345,;229.587494,7.01357,;229.587494,7.06365,;229.587494,7.11376,;229.587494,7.16384,;229.587494,7.21393,;229.587494,7.26401,;229.587494,7.31413,;229.587494,7.36421,;229.587494,7.41434,;229.587494,7.46442,;229.587494,7.51454,;229.587494,7.56463,;229.587494,7.61474,;229.587494,7.66485,;229.587494,7.71494,;229.587494,7.76503,;229.587494,7.81515,;229.587494,7.86524,;229.587494,7.91535,;229.587494,7.96547,;229.587494,8.01559,;229.587494,8.06567,;229.587494,8.1158,;229.587494,8.16591,;229.587494,8.21595,;229.587494,8.26606,;229.587494,8.31614,;229.587494,8.36623,;229.587494,8.41633,;229.587494,8.46645,;229.587494,8.51654,;229.587494,8.56662,;229.587494,8.61671,;229.587494,8.66683,;229.587494,8.71694,;229.587494,8.76707,;229.587494,8.81719,;229.587494,8.86727,;229.587494,8.91736,;229.587494,8.96748,;229.587494,9.01756,;229.587494,9.06764,;229.587494,9.11774,;229.587494,9.16785,;229.587494,9.21794,;229.587494,9.26802,;229.587494,9.31817,;229.587494,9.36826,;229.587494,9.41836,;229.587494,9.46845,;229.587494,9.51853,;229.587494,9.56862,;229.587494,9.61875,;229.587494,9.66884,;229.587494,9.71894,;229.587494,9.76903,;229.587494,9.81915,;229.587494,9.86923,;229.587494,9.91932,;229.587494,9.96945,;229.587494,10.0195,;
inf,0.0500642,;inf,0.100147,;815.407257,0.150227,;815.407257,0.20031,;815.407257,0.250397,;815.407257,0.300482,;415.558383,0.350563,;415.558383,0.400641,;415.558383,0.450719,;415.558383,0.500801,;415.558383,0.55088,;415.558383,0.600999,;415.558383,0.651073,;415.558383,0.701184,;415.558383,0.7513,;415.558383,0.801413,;415.558383,0.8515,;415.558383,0.901588,;415.558383,0.951707,;415.542575,1.00183,;415.542575,1.0519,;415.542575,1.10202,;415.542575,1.15209,;254.428308,1.20217,;254.428308,1.25225,;254.428308,1.30237,;254.428308,1.35248,;254.428308,1.4026,;254.428308,1.45272,;254.428308,1.50283,;254.428308,1.55294,;254.428308,1.60306,;254.428308,1.65314,;254.428308,1.70327,;254.428308,1.75335,;254.428308,1.80348,;254.428308,1.85359,;254.428308,1.90368,;254.428308,1.95378,;254.428308,2.00384,;254.428308,2.05396,;254.428308,2.10405,;254.428308,2.15412,;254.428308,2.20423,;254.428308,2.2543,;254.428308,2.30439,;254.428308,2.35447,;254.428308,2.40458,;254.428308,2.45467,;254.428308,2.50479,;254.428308,2.55488,;254.428308,2.60498,;254.428308,2.65508,;254.428308,2.70517,;254.428308,2.75526,;254.428308,2.80537,;254.428308,2.85549,;254.428308,2.90558,;254.428308,2.9557,;254.428308,3.00578,;254.428308,3.05586,;254.428308,3.10595,;254.428308,3.15603,;254.428308,3.20611,;254.428308,3.2562,;254.428308,3.30629,;254.428308,3.35637,;254.428308,3.40646,;254.428308,3.45655,;254.428308,3.50664,;254.428308,3.55672,;246.895614,3.60681,;246.895614,3.65689,;241.877839,3.70698,;241.877839,3.75706,;241.877839,3.80715,;241.877839,3.85724,;241.877839,3.90732,;241.877839,3.95741,;241.877839,4.00751,;241.877839,4.05759,;241.877839,4.10769,;241.877839,4.15778,;241.877839,4.20787,;241.877839,4.25795,;241.877839,4.30803,;241.877839,4.35812,;241.877839,4.4082,;241.877839,4.45827,;241.877839,4.50835,;241.877839,4.55843,;241.877839,4.60856,;241.877839,4.65864,;241.877839,4.70873,;241.877839,4.75882,;241.877839,4.8089,;241.877839,4.85898,;241.877839,4.90907,;241.877839,4.95915,;241.877839,5.00924,;241.877839,5.05932,;241.877839,5.10941,;241.877839,5.15949,;241.877839,5.20958,;241.877839,5.25967,;241.877839,5.30975,;241.877839,5.35984,;241.877839,5.40993,;241.877839,5.46002,;241.877839,5.51011,;241.877839,5.56019,;241.877839,5.61029,;241.877839,5.66037,;241.877839,5.71046,;241.877839,5.76054,;241.877839,5.81063,;241.877839,5.86071,;241.877839,5.9108,;241.877839,5.96089,;241.877839,6.01098,;241.877839,6.06106,;241.877839,6.11114,;241.877839,6.16123,;241.877839,6.21133,;241.877839,6.26142,;241.877839,6.31152,;241.877839,6.36161,;241.877839,6.41171,;241.877839,6.46179,;241.877839,6.51189,;241.877839,6.56197,;241.877839,6.61206,;241.877839,6.66215,;241.877839,6.71225,;241.877839,6.76233,;241.877839,6.81244,;241.877839,6.86256,;241.877839,6.91265,;241.877839,6.96275,;241.877839,7.01285,;241.877839,7.06295,;241.877839,7.11304,;241.877839,7.16314,;241.877839,7.21322,;241.877839,7.26331,;241.877839,7.31341,;241.877839,7.3635,;241.877839,7.41359,;241.877839,7.46368,;241.877839,7.51377,;241.877839,7.56385,;239.191242,7.61394,;239.191242,7.66402,;239.191242,7.71411,;239.191242,7.7642,;239.191242,7.81429,;239.191242,7.86438,;239.191242,7.91446,;239.191242,7.96456,;239.191242,8.01465,;239.191242,8.06474,;239.191242,8.11484,;239.191242,8.16493,;239.191242,8.21501,;239.191242,8.26506,;229.623059,8.31516,;229.623059,8.36528,;229.623059,8.41539,;229.623059,8.46548,;229.623059,8.51558,;229.623059,8.56571,;229.623059,8.61578,;229.623059,8.66587,;229.623059,8.71596,;229.623059,8.76605,;229.623059,8.81614,;229.623059,8.86627,;229.623059,8.91636,;229.623059,8.96644,;229.623059,9.01654,;229.623059,9.06666,;229.623059,9.11676,;229.623059,9.16688,;229.623059,9.21696,;229.623059,9.26704,;229.623059,9.31725,;229.623059,9.36734,;229.623059,9.41743,;229.623059,9.46752,;229.623059,9.51761,;229.623059,9.5677,;229.623059,9.61779,;229.623059,9.66788,;229.623059,9.71797,;229.623059,9.76805,;229.623059,9.81814,;229.623059,9.86823,;229.623059,9.91836,;229.623059,9.96844,;229.623059,10.0185,;229.623059,10.0686,;
364.584345,0.050057,;364.584345,0.100137,;341.003940,0.150257,;324.173583,0.200337,;287.032226,0.250466,;287.032226,0.300594,;287.032226,0.350706,;287.032226,0.400794,;287.032226,0.450905,;287.032226,0.500979,;287.032226,0.551091,;287.032226,0.60118,;287.032226,0.651287,;287.032226,0.701395,;287.032226,0.751512,;287.032226,0.801596,;287.032226,0.851687,;287.032226,0.901778,;287.032226,0.951852,;287.032226,1.00196,;287.032226,1.05204,;287.032226,1.10211,;287.032226,1.1522,;287.032226,1.20231,;287.032226,1.25239,;287.032226,1.30248,;287.032226,1.35255,;287.032226,1.40266,;266.485777,1.45273,;266.485777,1.50284,;266.485777,1.55291,;266.485777,1.60298,;266.485777,1.65307,;266.485777,1.70317,;266.485777,1.75326,;266.485777,1.80337,;266.485777,1.85345,;266.485777,1.90355,;266.485777,1.95364,;266.485777,2.00372,;266.485777,2.0538,;266.485777,2.10384,;266.485777,2.15393,;266.485777,2.20404,;266.485777,2.25413,;266.485777,2.30421,;266.485777,2.3543,;266.485777,2.40439,;266.485777,2.4545,;266.485777,2.5046,;266.485777,2.5547,;245.792953,2.60485,;245.792953,2.65494,;245.792953,2.70502,;245.792953,2.75513,;245.792953,2.80522,;245.792953,2.85532,;245.792953,2.90541,;245.792953,2.95554,;245.792953,3.00563,;245.792953,3.05571,;245.792953,3.10581,;245.792953,3.15592,;245.792953,3.20603,;245.792953,3.25612,;245.792953,3.30622,;245.792953,3.35632,;245.792953,3.4064,;245.792953,3.45651,;245.792953,3.5066,;245.792953,3.55671,;245.792953,3.60681,;245.792953,3.65689,;245.792953,3.70698,;245.792953,3.75706,;245.792953,3.80715,;245.792953,3.85728,;245.792953,3.90739,;245.792953,3.95748,;245.792953,4.0076,;245.792953,4.05771,;245.792953,4.10781,;245.792953,4.15794,;245.792953,4.20801,;245.792953,4.2581,;245.792953,4.30818,;245.792953,4.35828,;245.792953,4.40837,;245.792953,4.45846,;245.792953,4.50854,;245.792953,4.55863,;245.792953,4.60871,;245.792953,4.65881,;245.792953,4.70888,;245.792953,4.75897,;245.792953,4.80905,;245.792953,4.85913,;245.792953,4.90921,;245.792953,4.95929,;245.792953,5.00937,;245.792953,5.05945,;245.792953,5.10953,;245.792953,5.15965,;245.792953,5.20976,;245.792953,5.25987,;245.792953,5.30997,;245.792953,5.36008,;245.792953,5.41017,;245.792953,5.46028,;245.792953,5.5104,;245.792953,5.56051,;245.792953,5.61062,;245.792953,5.6607,;245.792953,5.7108,;245.792953,5.76087,;238.717677,5.81099,;238.717677,5.86108,;238.717677,5.91119,;238.717677,5.96128,;238.717677,6.0114,;238.717677,6.0615,;238.717677,6.11161,;238.717677,6.16171,;238.717677,6.21182,;238.717677,6.2619,;238.717677,6.312,;238.717677,6.36208,;238.717677,6.4122,;238.717677,6.46228,;238.717677,6.51237,;238.717677,6.56249,;238.717677,6.61256,;238.717677,6.66264,;238.717677,6.71278,;238.717677,6.76289,;238.717677,6.81296,;225.398067,6.86308,;225.398067,6.91317,;225.398067,6.96326,;225.398067,7.01337,;225.398067,7.06348,;225.398067,7.11357,;225.398067,7.16369,;225.398067,7.21381,;225.398067,7.26392,;225.398067,7.31401,;225.398067,7.3641,;225.398067,7.41417,;225.398067,7.46426,;225.398067,7.51434,;225.398067,7.56442,;225.398067,7.6145,;225.398067,7.66459,;225.398067,7.71467,;225.398067,7.76473,;225.398067,7.81483,;225.398067,7.8649,;225.398067,7.91498,;225.398067,7.96507,;225.398067,8.01514,;225.398067,8.06525,;225.398067,8.11537,;225.398067,8.16545,;225.398067,8.21554,;225.398067,8.26563,;225.398067,8.31574,;225.398067,8.36581,;225.398067,8.41589,;225.398067,8.46599,;225.398067,8.51611,;225.398067,8.56622,;225.398067,8.61633,;225.398067,8.66645,;225.398067,8.71656,;225.398067,8.76666,;225.398067,8.81673,;225.398067,8.8668,;225.398067,8.91688,;225.398067,8.96696,;225.398067,9.01705,;225.398067,9.06717,;225.398067,9.11726,;225.398067,9.16737,;225.398067,9.21746,;225.398067,9.26758,;225.398067,9.31765,;225.398067,9.36776,;225.398067,9.41787,;225.398067,9.46798,;225.398067,9.5181,;225.398067,9.56821,;225.398067,9.61828,;225.398067,9.66837,;225.398067,9.71845,;225.398067,9.76852,;225.398067,9.81864,;225.398067,9.86875,;225.398067,9.91886,;225.398067,9.96894,;225.398067,10.0191,;
inf,0.0500775,;inf,0.100178,;365.853009,0.15028,;365.853009,0.200382,;365.853009,0.250471,;365.853009,0.300573,;312.240795,0.350668,;312.240795,0.400765,;312.240795,0.450851,;312.240795,0.500938,;312.240795,0.551031,;312.240795,0.601143,;294.898637,0.651215,;294.898637,0.701287,;294.898637,0.751365,;288.571307,0.801451,;288.571307,0.851578,;288.571307,0.901706,;288.571307,0.951821,;288.571307,1.00194,;288.571307,1.05205,;288.571307,1.10214,;288.571307,1.15225,;288.571307,1.20233,;288.571307,1.25246,;288.571307,1.30255,;288.571307,1.35268,;288.571307,1.40277,;288.571307,1.45285,;288.571307,1.50294,;288.571307,1.55306,;288.571307,1.60317,;288.571307,1.65328,;288.571307,1.70336,;288.571307,1.75348,;288.571307,1.8036,;288.571307,1.85372,;288.571307,1.90384,;288.571307,1.95396,;288.571307,2.00406,;288.571307,2.05414,;270.646238,2.10425,;270.646238,2.15434,;270.646238,2.20442,;270.646238,2.2545,;252.956007,2.30461,;252.956007,2.35469,;252.956007,2.40477,;252.956007,2.45487,;252.956007,2.50498,;252.956007,2.55506,;252.956007,2.60519,;252.956007,2.65534,;252.956007,2.70542,;252.956007,2.7555,;252.956007,2.80558,;252.956007,2.85565,;252.956007,2.90573,;252.956007,2.95581,;248.585815,3.00588,;248.585815,3.05596,;248.585815,3.10603,;248.585815,3.15611,;248.585815,3.20618,;248.585815,3.25627,;248.585815,3.30635,;248.585815,3.35643,;248.585815,3.40651,;248.585815,3.45659,;248.585815,3.50666,;248.585815,3.55674,;248.585815,3.60682,;248.585815,3.65691,;248.585815,3.70698,;248.585815,3.75706,;248.585815,3.80714,;248.585815,3.85722,;248.585815,3.9073,;248.585815,3.95738,;248.585815,4.00745,;248.585815,4.05753,;248.585815,4.10761,;248.585815,4.15769,;248.585815,4.20777,;248.585815,4.25785,;248.585815,4.30793,;248.585815,4.35801,;248.585815,4.4081,;248.585815,4.45815,;248.585815,4.50824,;248.585815,4.55833,;248.585815,4.60841,;248.585815,4.6585,;248.585815,4.7086,;248.585815,4.75869,;248.585815,4.80877,;248.585815,4.85886,;248.585815,4.90896,;248.585815,4.95906,;248.585815,5.00915,;248.585815,5.05924,;248.585815,5.10933,;248.585815,5.15942,;248.585815,5.20952,;248.585815,5.25962,;248.585815,5.30972,;248.585815,5.35982,;233.827446,5.40992,;233.827446,5.46003,;233.827446,5.51013,;233.827446,5.56023,;233.827446,5.61031,;233.827446,5.66039,;233.827446,5.71048,;233.827446,5.76056,;233.827446,5.81064,;233.827446,5.86072,;233.827446,5.9108,;233.827446,5.9609,;233.827446,6.01099,;233.827446,6.06111,;233.827446,6.1112,;233.827446,6.16128,;233.827446,6.21139,;233.827446,6.26151,;233.827446,6.31163,;233.827446,6.36174,;233.827446,6.41185,;233.827446,6.46194,;233.827446,6.51202,;233.827446,6.5621,;233.827446,6.61219,;233.827446,6.66226,;233.827446,6.71235,;233.827446,6.76244,;233.827446,6.81252,;233.827446,6.86261,;233.827446,6.91273,;233.827446,6.96282,;233.827446,7.01293,;233.827446,7.06302,;233.827446,7.11314,;233.827446,7.16323,;233.827446,7.21335,;233.827446,7.26342,;233.827446,7.31353,;233.827446,7.36361,;233.827446,7.41373,;233.827446,7.46386,;233.827446,7.51396,;233.827446,7.56407,;233.827446,7.61415,;233.827446,7.66426,;233.827446,7.71433,;233.827446,7.76441,;233.827446,7.8145,;233.827446,7.86458,;233.827446,7.9147,;233.827446,7.96482,;233.827446,8.01492,;233.827446,8.06505,;233.827446,8.11517,;233.827446,8.16529,;233.827446,8.21537,;233.827446,8.26547,;233.827446,8.31557,;233.827446,8.36566,;233.827446,8.4158,;233.827446,8.46592,;233.827446,8.516,;233.827446,8.56612,;233.827446,8.61621,;233.827446,8.66633,;233.827446,8.71645,;233.827446,8.76657,;233.827446,8.81669,;233.827446,8.86678,;233.827446,8.91689,;233.827446,8.96699,;233.827446,9.0171,;233.827446,9.06721,;233.827446,9.11732,;233.827446,9.16744,;233.827446,9.21753,;233.827446,9.26765,;233.827446,9.31777,;233.827446,9.36789,;233.827446,9.418,;233.827446,9.46811,;233.827446,9.51823,;233.827446,9.56835,;233.827446,9.61846,;233.827446,9.66857,;233.827446,9.71865,;233.827446,9.76876,;233.827446,9.81883,;233.827446,9.86896,;233.827446,9.91907,;233.827446,9.96919,;233.827446,10.0193,;
1030.600818,0.0500653,;1030.600818,0.100154,;1030.600818,0.150281,;1030.600818,0.200373,;996.311865,0.250481,;996.311865,0.300599,;996.311865,0.350716,;996.311865,0.400828,;956.799153,0.450913,;956.799153,0.501027,;956.799153,0.551138,;956.799153,0.601249,;358.210598,0.65136,;358.210598,0.701473,;356.214446,0.751588,;356.214446,0.801703,;317.330002,0.851835,;273.775956,0.901914,;273.775956,0.951959,;273.775956,1.00203,;273.775956,1.0521,;273.775956,1.10218,;273.775956,1.15226,;273.775956,1.20234,;273.775956,1.25243,;273.775956,1.30252,;273.775956,1.3526,;273.775956,1.40269,;273.775956,1.45278,;273.775956,1.50288,;273.775956,1.55297,;273.775956,1.60306,;273.775956,1.65315,;273.775956,1.70326,;273.775956,1.75334,;273.775956,1.80342,;273.775956,1.85351,;273.775956,1.90361,;273.775956,1.95369,;273.775956,2.00379,;273.775956,2.05386,;273.775956,2.10394,;273.775956,2.15402,;273.775956,2.2041,;273.775956,2.25419,;273.775956,2.30428,;273.775956,2.35436,;273.775956,2.40445,;273.775956,2.45455,;273.775956,2.50463,;273.775956,2.55474,;273.775956,2.60482,;273.775956,2.65489,;273.775956,2.70498,;273.775956,2.75507,;272.006876,2.80515,;272.006876,2.85527,;272.006876,2.90536,;272.006876,2.95548,;272.006876,3.00557,;272.006876,3.05565,;272.006876,3.10577,;272.006876,3.15588,;272.006876,3.20598,;272.006876,3.25606,;272.006876,3.30618,;264.098098,3.35627,;264.098098,3.40639,;264.098098,3.45648,;264.098098,3.5066,;264.098098,3.55669,;264.098098,3.60681,;264.098098,3.6569,;264.098098,3.70703,;264.098098,3.75712,;264.098098,3.80721,;264.098098,3.85732,;264.098098,3.90741,;264.098098,3.9575,;264.098098,4.00759,;264.098098,4.05768,;264.098098,4.1078,;264.098098,4.15792,;264.098098,4.208,;264.098098,4.25812,;264.098098,4.30822,;264.098098,4.35833,;264.098098,4.40841,;264.098098,4.45855,;264.098098,4.50863,;264.098098,4.55876,;264.098098,4.6089,;264.098098,4.65902,;264.098098,4.7091,;264.098098,4.75918,;264.098098,4.80931,;264.098098,4.85939,;264.098098,4.90947,;264.098098,4.95955,;264.098098,5.00964,;264.098098,5.05972,;264.098098,5.10981,;264.098098,5.1599,;264.098098,5.20998,;264.098098,5.26009,;248.101513,5.31018,;248.101513,5.36027,;245.790738,5.41035,;245.790738,5.46045,;245.790738,5.51055,;245.790738,5.56065,;245.790738,5.61077,;245.790738,5.66084,;245.790738,5.71094,;245.790738,5.76104,;245.790738,5.81116,;245.790738,5.86127,;245.790738,5.9114,;245.790738,5.96148,;245.790738,6.01157,;245.790738,6.06169,;245.790738,6.11176,;245.790738,6.16184,;245.790738,6.21192,;245.790738,6.262,;245.790738,6.31208,;245.790738,6.36216,;245.790738,6.41226,;245.790738,6.46235,;245.790738,6.51245,;245.790738,6.56256,;245.790738,6.61264,;245.790738,6.66275,;245.790738,6.71283,;245.790738,6.76295,;245.790738,6.81305,;245.790738,6.86314,;245.790738,6.91323,;245.790738,6.96335,;245.790738,7.01343,;245.790738,7.06351,;245.790738,7.11361,;245.790738,7.1637,;245.790738,7.21382,;245.790738,7.2639,;245.790738,7.31403,;245.790738,7.36411,;245.790738,7.41422,;245.790738,7.46431,;245.790738,7.51444,;245.790738,7.56453,;245.790738,7.61464,;245.790738,7.66474,;245.790738,7.71485,;245.790738,7.76494,;245.790738,7.81503,;245.790738,7.86513,;245.790738,7.91524,;237.827985,7.96534,;237.827985,8.01545,;237.827985,8.06557,;237.827985,8.11566,;237.827985,8.16578,;237.827985,8.2159,;237.827985,8.26598,;237.827985,8.31606,;237.827985,8.36617,;237.827985,8.41626,;218.632510,8.46636,;218.632510,8.51644,;218.632510,8.56653,;218.632510,8.61662,;218.632510,8.6667,;218.632510,8.71679,;218.632510,8.76688,;218.632510,8.81698,;218.632510,8.86706,;218.632510,8.91715,;218.632510,8.96726,;218.632510,9.01738,;218.632510,9.06745,;218.632510,9.11756,;218.632510,9.16764,;218.632510,9.21775,;218.632510,9.26783,;218.632510,9.31791,;218.632510,9.36798,;218.632510,9.4181,;218.632510,9.46818,;218.632510,9.51829,;218.632510,9.5684,;218.632510,9.61851,;218.632510,9.66863,;218.632510,9.71871,;218.632510,9.76883,;218.632510,9.81891,;218.632510,9.86899,;218.632510,9.91911,;218.632510,9.96919,;218.632510,10.0193,;218.632510,10.0693,;
inf,0.0500655,;inf,0.100183,;785.796634,0.150273,;785.796634,0.20039,;785.796634,0.250468,;619.642136,0.30055,;619.642136,0.350665,;619.642136,0.400751,;619.642136,0.450868,;619.642136,0.500954,;619.642136,0.551074,;619.642136,0.601165,;619.642136,0.651284,;619.642136,0.701395,;619.642136,0.751508,;619.642136,0.801619,;619.642136,0.851735,;619.642136,0.90185,;619.642136,0.951925,;619.642136,1.00204,;619.642136,1.05215,;619.642136,1.10227,;619.642136,1.15237,;619.642136,1.20246,;619.642136,1.25254,;619.642136,1.30264,;619.642136,1.35273,;619.642136,1.40286,;619.642136,1.45295,;619.642136,1.50304,;619.642136,1.55314,;619.642136,1.60327,;614.738742,1.65335,;550.729075,1.70347,;550.729075,1.75356,;550.729075,1.80372,;550.729075,1.85381,;550.729075,1.90394,;535.418042,1.95402,;535.418042,2.0041,;535.418042,2.05427,;535.418042,2.10439,;535.418042,2.15451,;535.418042,2.20459,;302.069015,2.25471,;302.069015,2.30479,;302.069015,2.35491,;261.030495,2.40503,;261.030495,2.45511,;261.030495,2.5052,;261.030495,2.55532,;261.030495,2.6054,;261.030495,2.6555,;261.030495,2.70562,;261.030495,2.75571,;261.030495,2.8058,;261.030495,2.85589,;261.030495,2.90597,;261.030495,2.95604,;261.030495,3.00613,;261.030495,3.05622,;261.030495,3.10631,;261.030495,3.15641,;261.030495,3.2065,;261.030495,3.25658,;261.030495,3.30667,;261.030495,3.35676,;261.030495,3.40685,;261.030495,3.45695,;261.030495,3.50704,;261.030495,3.55713,;261.030495,3.60726,;261.030495,3.65735,;261.030495,3.70743,;261.030495,3.75753,;261.030495,3.80762,;261.030495,3.8577,;261.030495,3.90779,;261.030495,3.95788,;261.030495,4.00798,;261.030495,4.05806,;261.030495,4.10814,;261.030495,4.15823,;261.030495,4.20832,;239.580800,4.2584,;239.580800,4.30848,;239.580800,4.3586,;239.580800,4.40868,;239.580800,4.4588,;239.580800,4.50889,;239.580800,4.55902,;239.580800,4.60911,;239.580800,4.65923,;239.580800,4.70935,;239.580800,4.75943,;239.580800,4.80955,;239.580800,4.85968,;239.580800,4.9098,;239.580800,4.95991,;239.580800,5.01003,;239.580800,5.06013,;239.580800,5.11023,;230.391757,5.16034,;230.391757,5.21045,;230.391757,5.26054,;230.391757,5.31061,;230.391757,5.36069,;230.391757,5.41081,;230.391757,5.46091,;230.391757,5.51103,;230.391757,5.56113,;230.391757,5.61129,;230.391757,5.66137,;230.391757,5.71145,;230.391757,5.76155,;230.391757,5.81163,;230.391757,5.86168,;230.391757,5.9118,;230.391757,5.96188,;230.391757,6.01196,;230.391757,6.06208,;230.391757,6.11216,;230.391757,6.16225,;230.391757,6.21243,;230.391757,6.26254,;230.391757,6.31262,;230.391757,6.36271,;230.391757,6.41284,;230.391757,6.46297,;230.391757,6.51306,;230.391757,6.56319,;230.391757,6.61328,;230.391757,6.66341,;230.391757,6.71349,;230.391757,6.76358,;230.391757,6.81367,;230.391757,6.86379,;230.391757,6.91387,;230.391757,6.96396,;230.391757,7.01404,;227.995782,7.06414,;227.995782,7.11426,;227.995782,7.16435,;227.995782,7.21445,;227.995782,7.26453,;227.995782,7.31465,;227.995782,7.36474,;227.995782,7.41482,;227.995782,7.46493,;227.995782,7.51503,;227.995782,7.56512,;227.995782,7.6152,;227.995782,7.66529,;227.995782,7.71538,;227.995782,7.76548,;227.995782,7.81556,;227.995782,7.86568,;227.995782,7.9158,;227.995782,7.96593,;227.995782,8.01601,;227.995782,8.0661,;227.995782,8.11618,;227.995782,8.16628,;227.995782,8.21637,;227.995782,8.2665,;227.995782,8.31657,;227.995782,8.36666,;227.995782,8.41678,;227.995782,8.4669,;227.995782,8.51699,;227.995782,8.56708,;227.995782,8.61717,;227.995782,8.66728,;227.995782,8.71738,;227.995782,8.7675,;227.995782,8.81761,;227.995782,8.86774,;227.995782,8.91786,;227.995782,8.96798,;227.995782,9.01807,;227.995782,9.06817,;227.995782,9.11829,;227.995782,9.16836,;227.995782,9.21844,;227.995782,9.26852,;227.995782,9.31864,;227.995782,9.36872,;227.995782,9.4188,;227.995782,9.46889,;227.995782,9.51898,;227.995782,9.56907,;227.995782,9.61919,;227.995782,9.66929,;227.995782,9.71938,;227.995782,9.7695,;227.995782,9.8196,;227.995782,9.86974,;227.995782,9.91981,;227.995782,9.96996,;227.995782,10.0201,;227.995782,10.0702,;
591.161154,0.050071,;591.161154,0.100161,;591.161154,0.150258,;591.161154,0.20038,;591.161154,0.250468,;591.161154,0.300557,;581.076796,0.35067,;581.076796,0.400764,;568.244037,0.450847,;568.244037,0.500919,;568.244037,0.550996,;568.244037,0.601079,;568.244037,0.651165,;568.244037,0.701258,;559.015823,0.751355,;559.015823,0.801436,;559.015823,0.851516,;559.015823,0.901591,;559.015823,0.95169,;559.015823,1.0018,;559.015823,1.05192,;559.015823,1.10203,;559.015823,1.15214,;559.015823,1.20221,;559.015823,1.25233,;559.015823,1.30245,;559.015823,1.35254,;547.834893,1.40262,;547.834893,1.4527,;547.834893,1.50282,;336.067473,1.55289,;336.067473,1.60296,;336.067473,1.65305,;274.144359,1.70316,;274.144359,1.75325,;274.144359,1.80334,;274.144359,1.85343,;265.049744,1.90354,;265.049744,1.95362,;265.049744,2.00374,;265.049744,2.05382,;265.049744,2.10392,;265.049744,2.15401,;265.049744,2.20413,;265.049744,2.25425,;265.049744,2.30436,;265.049744,2.35444,;265.049744,2.40453,;265.049744,2.45461,;265.049744,2.50468,;265.049744,2.5548,;265.049744,2.60487,;260.774928,2.65499,;225.876704,2.70509,;225.876704,2.75519,;225.876704,2.80529,;225.876704,2.8554,;225.876704,2.90545,;225.876704,2.95555,;225.876704,3.00563,;225.876704,3.05575,;225.876704,3.10584,;225.876704,3.15595,;225.876704,3.20604,;225.876704,3.25617,;225.876704,3.30628,;225.876704,3.35637,;225.876704,3.40649,;225.876704,3.45657,;225.876704,3.50665,;225.876704,3.55677,;225.876704,3.60689,;225.876704,3.65697,;225.876704,3.7071,;225.876704,3.75718,;225.876704,3.80727,;225.876704,3.85737,;225.876704,3.90747,;225.876704,3.95756,;225.876704,4.00768,;225.876704,4.05777,;225.876704,4.10786,;225.876704,4.15793,;225.876704,4.20802,;225.876704,4.25814,;225.876704,4.30823,;225.876704,4.35835,;225.876704,4.40847,;225.876704,4.45857,;225.876704,4.50864,;225.876704,4.55873,;225.876704,4.60881,;225.876704,4.65889,;225.876704,4.70897,;225.876704,4.75905,;225.876704,4.80914,;225.876704,4.85926,;225.876704,4.90934,;225.876704,4.95944,;225.876704,5.00954,;225.876704,5.05966,;225.876704,5.10977,;225.876704,5.15989,;225.876704,5.20998,;225.876704,5.26008,;225.876704,5.31018,;225.876704,5.3603,;225.876704,5.41039,;225.876704,5.46048,;225.876704,5.51057,;225.876704,5.56068,;225.876704,5.61079,;225.876704,5.66087,;225.876704,5.71098,;225.876704,5.76105,;225.876704,5.81114,;225.876704,5.86123,;225.876704,5.91138,;225.876704,5.96147,;225.876704,6.01158,;225.876704,6.06167,;225.876704,6.11177,;225.876704,6.16186,;225.876704,6.21195,;225.876704,6.26203,;225.876704,6.31212,;225.876704,6.3622,;225.876704,6.41232,;225.876704,6.46244,;225.876704,6.51252,;225.876704,6.56261,;225.876704,6.61273,;225.876704,6.66281,;225.876704,6.71288,;225.876704,6.76295,;225.876704,6.81303,;225.876704,6.86311,;225.876704,6.91321,;225.876704,6.96332,;225.876704,7.01342,;225.876704,7.06349,;225.876704,7.11358,;225.876704,7.16366,;225.876704,7.21373,;225.876704,7.26389,;225.876704,7.314,;225.876704,7.36407,;225.876704,7.41421,;225.876704,7.46432,;225.876704,7.51441,;225.876704,7.56453,;225.876704,7.61463,;225.876704,7.66476,;225.876704,7.71487,;225.876704,7.76499,;225.876704,7.81511,;225.876704,7.86519,;225.876704,7.91528,;225.876704,7.96541,;225.876704,8.01549,;225.876704,8.06558,;225.876704,8.1157,;225.876704,8.16578,;225.876704,8.21587,;225.876704,8.26594,;225.876704,8.31602,;225.876704,8.36611,;225.876704,8.41622,;225.876704,8.46632,;225.876704,8.51643,;225.876704,8.56655,;225.876704,8.61666,;225.876704,8.66677,;225.876704,8.71688,;225.876704,8.767,;225.876704,8.81709,;225.876704,8.86721,;225.876704,8.91729,;225.876704,8.96739,;225.876704,9.01749,;225.876704,9.06757,;225.876704,9.11766,;225.876704,9.16777,;225.876704,9.21788,;225.876704,9.268,;225.876704,9.31811,;225.876704,9.36823,;225.876704,9.41835,;225.876704,9.46846,;225.876704,9.51857,;225.876704,9.56871,;225.876704,9.61883,;225.876704,9.6689,;225.876704,9.71898,;225.876704,9.76907,;225.876704,9.81922,;225.876704,9.86931,;225.876704,9.91939,;225.876704,9.96946,;225.876704,10.0195,;
690.721711,0.0500713,;647.920937,0.100163,;647.159153,0.150287,;647.159153,0.200406,;647.159153,0.250501,;409.140320,0.300581,;352.081460,0.350654,;352.081460,0.400723,;350.336630,0.450796,;295.773800,0.500924,;295.773800,0.551043,;295.773800,0.601153,;295.773800,0.65126,;295.773800,0.701366,;295.773800,0.751484,;295.773800,0.801556,;295.773800,0.851673,;295.773800,0.901789,;295.773800,0.951907,;295.773800,1.00201,;295.773800,1.05211,;295.773800,1.10223,;295.773800,1.15234,;295.773800,1.20242,;295.773800,1.25254,;295.773800,1.30261,;295.773800,1.35274,;295.773800,1.40285,;295.773800,1.45296,;295.773800,1.50308,;295.773800,1.55319,;295.773800,1.6033,;295.773800,1.6534,;295.773800,1.70351,;295.773800,1.75363,;295.773800,1.80375,;295.773800,1.85384,;295.773800,1.90396,;292.401339,1.95406,;292.401339,2.00418,;292.401339,2.05426,;284.927135,2.10437,;284.927135,2.15446,;284.927135,2.20459,;284.927135,2.25467,;284.927135,2.30475,;284.927135,2.35485,;284.927135,2.40492,;284.927135,2.45502,;284.927135,2.50511,;284.927135,2.55522,;284.927135,2.60533,;284.927135,2.65545,;284.927135,2.70552,;284.927135,2.75564,;284.927135,2.80573,;284.927135,2.85586,;284.927135,2.90596,;284.927135,2.95608,;284.927135,3.00618,;284.927135,3.05628,;284.927135,3.10638,;284.927135,3.15651,;284.927135,3.2066,;284.927135,3.25675,;284.927135,3.30687,;284.927135,3.35696,;284.927135,3.40704,;284.927135,3.45715,;284.927135,3.50724,;284.927135,3.55737,;284.927135,3.60748,;282.466863,3.65756,;274.667387,3.70767,;274.667387,3.75777,;257.222876,3.80789,;257.222876,3.858,;257.222876,3.90808,;257.222876,3.95818,;257.222876,4.00827,;257.222876,4.05837,;257.222876,4.10846,;257.222876,4.15857,;257.222876,4.20865,;257.222876,4.25874,;257.222876,4.30886,;257.222876,4.35896,;257.222876,4.40904,;257.222876,4.45914,;257.222876,4.50923,;257.222876,4.55935,;257.222876,4.60942,;257.222876,4.65953,;257.222876,4.70961,;257.222876,4.75973,;257.222876,4.80982,;257.222876,4.85994,;257.222876,4.91004,;257.222876,4.96012,;257.222876,5.0102,;257.222876,5.06032,;257.222876,5.11041,;257.222876,5.16049,;257.222876,5.21061,;257.222876,5.2607,;257.222876,5.31078,;257.222876,5.36087,;257.222876,5.41097,;257.222876,5.46106,;257.222876,5.51118,;257.222876,5.56127,;257.222876,5.61135,;257.222876,5.66143,;257.222876,5.71152,;257.222876,5.7616,;257.222876,5.81169,;257.222876,5.86178,;257.222876,5.91187,;247.607546,5.96196,;247.607546,6.01204,;247.607546,6.06213,;247.607546,6.11225,;247.607546,6.16236,;247.607546,6.21244,;247.607546,6.26251,;247.607546,6.3126,;247.607546,6.36267,;247.607546,6.41276,;247.607546,6.46285,;247.607546,6.51295,;247.607546,6.56305,;247.607546,6.61314,;247.607546,6.66324,;247.607546,6.71334,;247.607546,6.76349,;247.607546,6.81362,;247.607546,6.86374,;241.156410,6.91383,;241.156410,6.96396,;241.156410,7.01407,;241.156410,7.06415,;241.156410,7.11426,;241.156410,7.16438,;241.156410,7.21447,;241.156410,7.26455,;235.114257,7.31464,;235.114257,7.36477,;235.114257,7.41489,;235.114257,7.46502,;235.114257,7.51514,;235.114257,7.56526,;235.114257,7.61537,;235.114257,7.66545,;235.114257,7.71557,;235.114257,7.76564,;235.114257,7.81575,;235.114257,7.86584,;235.114257,7.91592,;235.114257,7.966,;235.114257,8.01609,;235.114257,8.06619,;235.114257,8.1163,;235.114257,8.16639,;235.114257,8.21649,;235.114257,8.26657,;235.114257,8.31668,;235.114257,8.36677,;235.114257,8.41689,;235.114257,8.467,;235.114257,8.51715,;235.114257,8.56727,;235.114257,8.61737,;235.114257,8.66748,;235.114257,8.71756,;235.114257,8.76764,;235.114257,8.81773,;235.114257,8.86788,;235.114257,8.91797,;235.114257,8.96806,;235.114257,9.01815,;235.114257,9.06824,;235.114257,9.11833,;235.114257,9.16845,;235.114257,9.21856,;235.114257,9.26864,;235.114257,9.31872,;235.114257,9.3688,;235.114257,9.41889,;235.114257,9.46897,;235.114257,9.51906,;235.114257,9.56918,;235.114257,9.6193,;235.114257,9.66941,;235.114257,9.7195,;235.114257,9.76958,;235.114257,9.81969,;235.114257,9.86977,;235.114257,9.91989,;235.114257,9.96998,;
inf,0.0501042,;486.616416,0.100206,;486.616416,0.150338,;486.616416,0.200459,;486.616416,0.250551,;486.616416,0.300632,;468.965107,0.350744,;468.965107,0.400817,;468.965107,0.450889,;468.965107,0.500997,;468.965107,0.551106,;468.965107,0.601256,;468.965107,0.651367,;461.687797,0.701475,;461.687797,0.751585,;461.687797,0.801696,;461.687797,0.851777,;407.009877,0.901865,;407.009877,0.95194,;407.009877,1.00202,;407.009877,1.0521,;407.009877,1.10218,;407.009877,1.15226,;407.009877,1.20234,;407.009877,1.25242,;407.009877,1.3025,;407.009877,1.35257,;407.009877,1.40267,;407.009877,1.45274,;406.268919,1.50282,;406.268919,1.5529,;406.268919,1.60306,;387.637150,1.65314,;387.637150,1.7032,;387.637150,1.75331,;387.637150,1.80338,;387.637150,1.85349,;387.637150,1.90359,;387.637150,1.95371,;387.637150,2.0038,;329.340506,2.05392,;329.340506,2.10401,;329.340506,2.15413,;329.340506,2.20421,;329.340506,2.25433,;329.340506,2.3044,;329.340506,2.35451,;329.340506,2.40459,;329.340506,2.45471,;329.340506,2.50482,;329.340506,2.55493,;329.340506,2.60504,;329.340506,2.65515,;329.340506,2.70526,;329.340506,2.75534,;329.340506,2.80543,;329.340506,2.85552,;329.340506,2.90563,;309.392319,2.95572,;309.392319,3.00583,;309.392319,3.05592,;309.392319,3.10604,;309.392319,3.15611,;309.392319,3.20622,;235.264353,3.25634,;235.264353,3.30645,;235.264353,3.35654,;235.264353,3.40663,;235.264353,3.45674,;235.264353,3.50682,;235.264353,3.55692,;235.264353,3.60701,;235.264353,3.6571,;235.264353,3.70719,;235.264353,3.75728,;235.264353,3.80736,;235.264353,3.85744,;235.264353,3.90753,;235.264353,3.95761,;235.264353,4.00769,;235.264353,4.05777,;235.264353,4.10785,;235.264353,4.15797,;235.264353,4.20805,;235.264353,4.2581,;235.264353,4.30819,;235.264353,4.35831,;235.264353,4.40839,;235.264353,4.45848,;235.264353,4.5086,;235.264353,4.55868,;235.264353,4.60881,;235.264353,4.65889,;235.264353,4.70898,;235.264353,4.75915,;235.264353,4.80923,;235.264353,4.85931,;235.264353,4.90943,;235.264353,4.95951,;235.264353,5.00963,;232.026188,5.05972,;232.026188,5.10983,;232.026188,5.15992,;232.026188,5.21003,;232.026188,5.26015,;232.026188,5.31026,;232.026188,5.36035,;232.026188,5.41044,;232.026188,5.46056,;232.026188,5.51067,;232.026188,5.56078,;232.026188,5.61087,;232.026188,5.66098,;232.026188,5.7111,;231.107864,5.76121,;231.107864,5.81129,;231.107864,5.86138,;231.107864,5.9115,;231.107864,5.96158,;231.107864,6.01169,;231.107864,6.06176,;231.107864,6.11184,;231.107864,6.16192,;231.107864,6.21201,;231.107864,6.2621,;231.107864,6.3122,;231.107864,6.36228,;231.107864,6.41236,;231.107864,6.46248,;231.107864,6.51255,;231.107864,6.56266,;231.107864,6.61277,;231.107864,6.66288,;231.107864,6.71299,;231.107864,6.76311,;231.107864,6.81322,;231.107864,6.86329,;231.107864,6.91341,;231.107864,6.96349,;227.174435,7.01362,;227.174435,7.06374,;227.174435,7.11381,;227.174435,7.16389,;227.174435,7.21401,;227.174435,7.2641,;227.174435,7.31419,;227.174435,7.3643,;227.174435,7.41441,;227.174435,7.4645,;227.174435,7.51461,;227.174435,7.56469,;227.174435,7.61478,;227.174435,7.66486,;227.174435,7.71494,;227.174435,7.76502,;227.174435,7.81512,;227.174435,7.86524,;227.174435,7.91532,;227.174435,7.96543,;227.174435,8.01554,;227.174435,8.06564,;227.174435,8.11572,;227.174435,8.1658,;227.174435,8.21588,;227.174435,8.26597,;227.174435,8.31613,;227.174435,8.3662,;227.174435,8.41628,;227.174435,8.4664,;227.174435,8.51647,;227.174435,8.56655,;227.174435,8.61662,;227.174435,8.6667,;227.174435,8.71678,;227.174435,8.76685,;227.174435,8.81697,;227.174435,8.86705,;227.174435,8.91717,;227.174435,8.96724,;227.174435,9.01735,;227.174435,9.06743,;227.174435,9.11751,;227.174435,9.1676,;227.174435,9.21768,;227.174435,9.26777,;227.174435,9.31784,;227.174435,9.36793,;227.174435,9.41801,;227.174435,9.46808,;227.174435,9.51815,;227.174435,9.56823,;227.174435,9.6183,;227.174435,9.66837,;227.174435,9.71844,;227.174435,9.76857,;227.174435,9.81866,;227.174435,9.86877,;227.174435,9.91886,;227.174435,9.96898,;227.174435,10.0191,;
inf,0.0500971,;878.982166,0.100178,;878.982166,0.150295,;295.846195,0.200384,;295.846195,0.250462,;295.846195,0.300507,;295.846195,0.350638,;295.846195,0.400721,;295.846195,0.450836,;295.846195,0.500921,;295.846195,0.551033,;295.846195,0.601117,;295.846195,0.651197,;295.846195,0.701286,;295.846195,0.751401,;295.846195,0.80151,;295.846195,0.851624,;295.846195,0.901712,;295.846195,0.951831,;295.846195,1.00194,;295.846195,1.05205,;295.846195,1.10214,;295.846195,1.15226,;295.846195,1.20238,;295.846195,1.2525,;295.846195,1.30262,;295.846195,1.35269,;295.846195,1.40281,;295.846195,1.4529,;295.846195,1.50302,;295.846195,1.55311,;295.846195,1.60323,;295.846195,1.65333,;295.846195,1.70344,;295.846195,1.75356,;295.846195,1.80368,;295.846195,1.85384,;295.846195,1.90393,;295.846195,1.95401,;295.846195,2.00413,;295.846195,2.05425,;295.846195,2.10434,;295.846195,2.15447,;295.846195,2.20455,;295.846195,2.25467,;295.846195,2.30474,;295.846195,2.35487,;295.846195,2.40496,;295.846195,2.45508,;286.994817,2.50517,;286.994817,2.55527,;286.994817,2.60538,;286.994817,2.65545,;286.994817,2.70553,;286.994817,2.75565,;286.994817,2.80574,;286.994817,2.85586,;286.994817,2.90595,;286.994817,2.95607,;286.994817,3.00618,;286.994817,3.0563,;286.994817,3.10641,;286.994817,3.15649,;283.512866,3.20661,;283.512866,3.25668,;274.121442,3.3068,;274.121442,3.3569,;274.121442,3.40702,;274.121442,3.45711,;274.121442,3.50721,;274.121442,3.5573,;274.121442,3.60741,;274.121442,3.65749,;274.121442,3.7076,;274.121442,3.75768,;274.121442,3.80778,;274.121442,3.85788,;274.121442,3.908,;274.121442,3.95812,;274.121442,4.00823,;274.121442,4.05836,;274.121442,4.10845,;274.121442,4.15858,;274.121442,4.20866,;274.121442,4.25878,;274.121442,4.30888,;274.121442,4.359,;274.121442,4.40909,;274.121442,4.45921,;274.121442,4.50931,;274.121442,4.55942,;274.121442,4.60952,;274.121442,4.65965,;274.121442,4.70974,;274.121442,4.75986,;274.121442,4.80999,;274.121442,4.86011,;274.121442,4.91023,;274.121442,4.96034,;274.121442,5.01046,;274.121442,5.06054,;274.121442,5.11066,;274.121442,5.16074,;274.121442,5.21087,;274.121442,5.26097,;274.121442,5.31108,;274.121442,5.36117,;274.121442,5.41134,;274.121442,5.46144,;264.560325,5.51155,;264.560325,5.56164,;264.560325,5.61176,;264.560325,5.66188,;264.560325,5.712,;264.560325,5.76209,;264.560325,5.81218,;264.560325,5.86226,;264.560325,5.91238,;264.560325,5.96246,;264.560325,6.01251,;264.560325,6.06263,;264.560325,6.11274,;264.560325,6.16286,;264.560325,6.21294,;264.560325,6.26307,;264.560325,6.31315,;264.560325,6.36326,;264.560325,6.41336,;264.560325,6.46345,;264.560325,6.51354,;264.560325,6.56366,;264.560325,6.61376,;264.560325,6.66388,;264.560325,6.71397,;264.560325,6.76409,;264.560325,6.81418,;264.560325,6.8643,;264.560325,6.91439,;264.560325,6.96447,;264.560325,7.01457,;264.560325,7.06465,;264.560325,7.11475,;264.560325,7.16483,;264.560325,7.21491,;264.560325,7.26501,;259.874936,7.31511,;259.874936,7.3652,;259.874936,7.41528,;253.368828,7.46537,;253.368828,7.51547,;253.368828,7.56556,;253.368828,7.61569,;253.368828,7.66577,;251.393416,7.71587,;251.393416,7.76595,;251.393416,7.81604,;251.393416,7.86616,;251.393416,7.91628,;251.393416,7.96641,;251.393416,8.01651,;251.393416,8.06663,;251.393416,8.11671,;251.393416,8.16681,;251.393416,8.21691,;251.393416,8.267,;251.393416,8.31709,;251.393416,8.36721,;251.393416,8.4173,;251.393416,8.46741,;251.393416,8.51749,;251.393416,8.56761,;239.138797,8.61769,;239.138797,8.66781,;239.138797,8.71794,;239.138797,8.76803,;239.138797,8.8182,;239.138797,8.86832,;239.138797,8.91841,;239.138797,8.96855,;239.138797,9.01867,;239.138797,9.06875,;239.138797,9.11886,;239.138797,9.16896,;239.138797,9.21907,;239.138797,9.26915,;239.138797,9.31928,;239.138797,9.36937,;239.138797,9.41949,;239.138797,9.46959,;239.138797,9.51972,;239.138797,9.56982,;239.138797,9.61995,;239.138797,9.67003,;239.138797,9.72015,;239.138797,9.77027,;239.138797,9.82039,;239.138797,9.8705,;239.138797,9.92058,;239.138797,9.9707,;239.138797,10.0208,;
863.159073,0.0500578,;863.159073,0.100138,;863.159073,0.150224,;863.159073,0.200306,;863.159073,0.250396,;863.159073,0.300489,;863.159073,0.350616,;863.159073,0.400733,;863.159073,0.450845,;843.918010,0.500949,;843.918010,0.551058,;843.918010,0.601174,;843.918010,0.651265,;843.918010,0.701359,;843.918010,0.751488,;843.918010,0.801599,;843.918010,0.851713,;843.918010,0.901831,;843.918010,0.951945,;843.918010,1.00203,;843.918010,1.05215,;843.918010,1.10225,;843.918010,1.15236,;843.918010,1.20247,;839.526571,1.25259,;417.904465,1.30271,;417.904465,1.35279,;417.904465,1.40289,;417.904465,1.45301,;355.379774,1.50311,;355.379774,1.55321,;355.379774,1.60332,;355.379774,1.65344,;355.379774,1.70356,;355.379774,1.75372,;355.379774,1.80384,;355.379774,1.85392,;355.379774,1.90404,;355.379774,1.95412,;355.379774,2.00421,;352.611512,2.05429,;352.611512,2.10441,;352.611512,2.15449,;352.611512,2.20457,;352.611512,2.25467,;352.611512,2.30478,;352.611512,2.35487,;352.611512,2.40498,;352.611512,2.45507,;352.611512,2.50516,;352.611512,2.5553,;352.611512,2.6054,;352.611512,2.6555,;352.611512,2.70562,;352.611512,2.75574,;352.611512,2.80583,;352.611512,2.85598,;352.611512,2.90606,;352.611512,2.95618,;352.611512,3.00628,;352.611512,3.0564,;343.367322,3.1065,;343.367322,3.15662,;343.086823,3.20671,;343.086823,3.25684,;262.922682,3.30692,;262.922682,3.35704,;262.922682,3.40712,;262.922682,3.45725,;262.922682,3.50732,;247.944303,3.55742,;247.944303,3.6075,;246.284910,3.65758,;246.284910,3.70767,;246.284910,3.75778,;246.284910,3.80787,;230.787248,3.85795,;230.787248,3.90805,;230.787248,3.95814,;230.153547,4.00825,;230.153547,4.05834,;230.153547,4.10844,;230.153547,4.15853,;230.153547,4.20867,;230.153547,4.25877,;230.153547,4.30886,;230.153547,4.35896,;230.153547,4.40909,;230.153547,4.45918,;230.153547,4.5093,;230.153547,4.55937,;230.153547,4.60949,;230.153547,4.65957,;230.153547,4.70969,;230.153547,4.75977,;230.153547,4.80989,;230.153547,4.85998,;230.153547,4.91006,;230.153547,4.96018,;230.153547,5.01028,;230.153547,5.0604,;230.153547,5.11048,;230.153547,5.16057,;230.153547,5.21066,;230.153547,5.26075,;230.153547,5.31084,;230.153547,5.36097,;230.153547,5.41105,;230.153547,5.46114,;230.153547,5.51123,;230.153547,5.56137,;230.153547,5.61149,;230.153547,5.6616,;230.153547,5.71168,;230.153547,5.76178,;230.153547,5.81193,;230.153547,5.86201,;230.153547,5.91209,;230.153547,5.96217,;230.153547,6.01229,;230.153547,6.06242,;230.153547,6.1125,;230.153547,6.1626,;230.153547,6.21268,;230.153547,6.26278,;230.153547,6.3129,;230.153547,6.36303,;230.153547,6.41311,;230.153547,6.4632,;230.153547,6.51329,;230.153547,6.56339,;230.153547,6.61347,;230.153547,6.66356,;230.153547,6.71364,;230.153547,6.76376,;230.153547,6.81384,;230.153547,6.86397,;230.153547,6.91404,;230.153547,6.96414,;230.153547,7.01424,;230.153547,7.06436,;230.153547,7.11444,;230.153547,7.16456,;230.153547,7.21464,;230.153547,7.26475,;230.153547,7.31485,;230.153547,7.36497,;230.153547,7.41505,;228.076462,7.46514,;228.076462,7.51523,;228.076462,7.56537,;228.076462,7.61548,;228.076462,7.66557,;228.076462,7.71566,;228.076462,7.76577,;228.076462,7.81586,;228.076462,7.86595,;228.076462,7.91603,;228.076462,7.96612,;228.076462,8.01623,;228.076462,8.06632,;228.076462,8.11646,;228.076462,8.16656,;228.076462,8.21668,;228.076462,8.26678,;228.076462,8.31687,;228.076462,8.36695,;228.076462,8.41707,;228.076462,8.46717,;228.076462,8.5173,;228.076462,8.5674,;228.076462,8.61756,;228.076462,8.66764,;228.076462,8.71776,;228.076462,8.76784,;228.076462,8.81792,;228.076462,8.868,;228.076462,8.91809,;228.076462,8.96817,;228.076462,9.01827,;228.076462,9.06836,;228.076462,9.11846,;228.076462,9.16854,;228.076462,9.21863,;228.076462,9.26872,;228.076462,9.31882,;228.076462,9.36892,;228.076462,9.41903,;228.076462,9.46916,;228.076462,9.51926,;228.076462,9.56939,;228.076462,9.61948,;228.076462,9.6696,;228.076462,9.71968,;228.076462,9.76977,;228.076462,9.81988,;228.076462,9.87,;228.076462,9.92011,;228.076462,9.97021,;228.076462,10.0203,;228.076462,10.0704,;
inf,0.0500936,;383.021749,0.100179,;383.021749,0.150295,;383.021749,0.200406,;383.021749,0.250517,;383.021749,0.300626,;377.657420,0.35074,;377.657420,0.40083,;377.657420,0.450948,;377.657420,0.501075,;377.657420,0.551163,;377.657420,0.601279,;369.195110,0.651386,;369.195110,0.70149,;369.195110,0.751559,;369.195110,0.801629,;369.195110,0.851704,;363.914123,0.901777,;363.914123,0.951866,;363.914123,1.002,;363.914123,1.05208,;363.914123,1.10222,;363.914123,1.15233,;363.914123,1.20244,;363.914123,1.25253,;363.914123,1.30262,;363.914123,1.35273,;363.914123,1.40284,;363.914123,1.45296,;363.914123,1.50307,;363.914123,1.55319,;363.914123,1.60328,;363.914123,1.65341,;363.914123,1.70348,;363.914123,1.7536,;363.914123,1.80368,;363.914123,1.85377,;363.914123,1.90386,;363.914123,1.95396,;363.914123,2.00405,;363.914123,2.05414,;363.914123,2.10421,;363.914123,2.15435,;363.914123,2.20444,;363.914123,2.25455,;363.914123,2.30464,;363.914123,2.35476,;363.914123,2.40488,;363.914123,2.45499,;363.914123,2.50511,;363.914123,2.55523,;363.914123,2.60535,;243.607053,2.65547,;243.607053,2.70559,;243.607053,2.75567,;243.607053,2.8058,;243.607053,2.85591,;243.607053,2.90604,;243.607053,2.95614,;243.607053,3.00625,;243.607053,3.05637,;243.607053,3.10648,;243.607053,3.1566,;243.607053,3.20671,;243.607053,3.25684,;243.607053,3.30696,;243.607053,3.35707,;243.607053,3.40718,;243.607053,3.45729,;243.607053,3.50737,;243.607053,3.55745,;243.607053,3.60753,;243.607053,3.65766,;243.607053,3.70777,;243.607053,3.75788,;243.607053,3.80797,;243.607053,3.85809,;243.607053,3.9082,;243.607053,3.95832,;243.607053,4.00841,;243.607053,4.05854,;243.607053,4.10866,;243.607053,4.15878,;243.607053,4.20889,;243.607053,4.25901,;243.607053,4.30912,;243.607053,4.3592,;243.607053,4.40931,;243.607053,4.45943,;243.607053,4.50955,;243.607053,4.55968,;243.607053,4.6098,;243.607053,4.65992,;243.607053,4.71001,;243.607053,4.76011,;243.607053,4.81022,;243.607053,4.86034,;243.607053,4.91046,;243.607053,4.96058,;243.607053,5.01069,;243.607053,5.06077,;243.607053,5.11088,;243.607053,5.161,;243.607053,5.21111,;243.607053,5.26123,;243.607053,5.31135,;243.607053,5.36149,;243.607053,5.41158,;243.607053,5.46171,;243.607053,5.51179,;243.607053,5.56188,;243.607053,5.61197,;243.607053,5.6621,;243.607053,5.71218,;243.607053,5.76229,;243.607053,5.81238,;243.607053,5.86251,;243.607053,5.91263,;243.607053,5.96273,;243.607053,6.01282,;243.607053,6.0629,;243.607053,6.11302,;243.607053,6.16316,;239.345331,6.21326,;239.345331,6.26335,;239.345331,6.31344,;239.345331,6.36353,;239.345331,6.41362,;239.345331,6.46371,;239.345331,6.51379,;239.345331,6.56388,;239.345331,6.61397,;239.345331,6.66406,;239.345331,6.71419,;239.345331,6.76432,;239.345331,6.8144,;239.345331,6.8645,;239.345331,6.91463,;239.345331,6.96475,;239.345331,7.01487,;239.345331,7.06499,;239.345331,7.11511,;239.345331,7.16523,;239.345331,7.21539,;239.345331,7.26553,;239.345331,7.31561,;239.345331,7.36573,;239.345331,7.41583,;239.345331,7.46595,;239.345331,7.51607,;239.345331,7.56615,;239.345331,7.61625,;239.345331,7.66638,;239.345331,7.71649,;239.345331,7.76657,;239.345331,7.81666,;239.345331,7.8668,;239.345331,7.91692,;239.345331,7.96704,;239.345331,8.01715,;239.345331,8.06727,;239.345331,8.11739,;239.345331,8.16747,;239.345331,8.21759,;239.345331,8.26771,;239.345331,8.31783,;239.345331,8.36795,;239.345331,8.41806,;239.345331,8.46815,;239.345331,8.51827,;239.345331,8.56843,;239.345331,8.61856,;239.345331,8.66869,;239.345331,8.71881,;239.345331,8.76892,;239.345331,8.81905,;239.345331,8.86917,;239.345331,8.91927,;239.345331,8.96941,;239.345331,9.01949,;239.345331,9.06961,;239.345331,9.11973,;239.345331,9.16985,;239.345331,9.21996,;239.345331,9.27004,;239.345331,9.32013,;239.345331,9.37025,;237.582255,9.42033,;237.582255,9.47045,;237.582255,9.52053,;237.582255,9.57063,;237.582255,9.62075,;237.582255,9.67086,;237.582255,9.72099,;237.582255,9.77112,;237.582255,9.82121,;237.582255,9.87134,;237.582255,9.92142,;237.582255,9.97152,;237.582255,10.0216,;227.067179,10.0717,;
inf,0.0500909,;465.019278,0.100172,;465.019278,0.150289,;440.296839,0.200363,;388.999116,0.250434,;388.999116,0.300558,;388.999116,0.350672,;388.999116,0.400768,;388.999116,0.450854,;382.809729,0.50094,;382.809729,0.551026,;382.809729,0.601118,;382.809729,0.651217,;382.809729,0.701302,;382.809729,0.751387,;382.809729,0.801475,;382.809729,0.851556,;382.809729,0.901672,;382.809729,0.951758,;382.809729,1.00185,;382.809729,1.05195,;382.809729,1.10205,;382.809729,1.15212,;297.166964,1.20222,;297.166964,1.2523,;297.166964,1.30242,;297.166964,1.3525,;297.166964,1.40259,;297.166964,1.45269,;297.166964,1.50278,;297.166964,1.55287,;297.166964,1.60353,;297.166964,1.65365,;297.166964,1.70373,;297.166964,1.75386,;297.166964,1.80394,;297.166964,1.85405,;288.617225,1.90413,;288.617225,1.95425,;288.617225,2.00435,;281.346660,2.05447,;277.188470,2.10456,;277.188470,2.15467,;277.188470,2.20476,;273.328410,2.25488,;273.328410,2.30497,;273.328410,2.35508,;273.328410,2.4052,;273.328410,2.4553,;273.328410,2.50542,;273.328410,2.55549,;273.328410,2.60563,;273.328410,2.65572,;273.328410,2.70584,;273.328410,2.75594,;273.328410,2.80606,;273.328410,2.85615,;273.328410,2.90624,;273.328410,2.95636,;273.328410,3.00644,;273.328410,3.05658,;273.328410,3.10669,;273.328410,3.1568,;273.328410,3.20688,;273.328410,3.25698,;230.889134,3.30706,;230.889134,3.35717,;230.889134,3.40729,;230.889134,3.4574,;230.889134,3.50746,;224.005545,3.55755,;224.005545,3.60763,;224.005545,3.6577,;224.005545,3.70779,;224.005545,3.75788,;224.005545,3.808,;224.005545,3.85808,;224.005545,3.90817,;224.005545,3.95825,;224.005545,4.00834,;224.005545,4.05847,;224.005545,4.10855,;224.005545,4.15865,;224.005545,4.20874,;224.005545,4.25883,;224.005545,4.30895,;224.005545,4.35903,;224.005545,4.40918,;224.005545,4.45929,;224.005545,4.50944,;224.005545,4.55952,;224.005545,4.6096,;224.005545,4.65968,;224.005545,4.70976,;224.005545,4.75984,;224.005545,4.80992,;224.005545,4.86001,;224.005545,4.91009,;224.005545,4.96017,;224.005545,5.01025,;224.005545,5.06033,;224.005545,5.11041,;224.005545,5.16049,;224.005545,5.21057,;224.005545,5.26067,;224.005545,5.31077,;224.005545,5.36085,;224.005545,5.41094,;224.005545,5.46103,;224.005545,5.51113,;224.005545,5.56123,;224.005545,5.61133,;224.005545,5.66143,;224.005545,5.71152,;224.005545,5.7616,;224.005545,5.81169,;224.005545,5.86177,;224.005545,5.91185,;224.005545,5.96193,;224.005545,6.01201,;224.005545,6.0621,;224.005545,6.1122,;224.005545,6.16228,;224.005545,6.21236,;224.005545,6.26244,;224.005545,6.31251,;224.005545,6.36259,;224.005545,6.41267,;224.005545,6.46276,;224.005545,6.51284,;224.005545,6.56292,;224.005545,6.613,;223.952468,6.66308,;222.539253,6.71316,;222.539253,6.76324,;222.539253,6.81332,;222.539253,6.8634,;222.539253,6.91348,;215.832562,6.96356,;215.832562,7.01364,;215.832562,7.06372,;215.832562,7.1138,;215.832562,7.16388,;215.832562,7.214,;215.832562,7.26409,;215.832562,7.31421,;215.832562,7.3643,;215.832562,7.4144,;215.832562,7.46449,;215.832562,7.51459,;215.832562,7.56468,;215.832562,7.61477,;215.832562,7.66486,;215.832562,7.71498,;215.832562,7.76506,;215.832562,7.81515,;215.832562,7.86525,;215.832562,7.91534,;215.832562,7.96545,;215.832562,8.01552,;215.832562,8.0656,;215.832562,8.1157,;215.832562,8.16583,;215.832562,8.21593,;215.832562,8.26604,;215.832562,8.31613,;215.832562,8.36625,;215.832562,8.41637,;215.832562,8.46649,;215.832562,8.51658,;215.832562,8.5667,;215.832562,8.61682,;215.832562,8.6669,;215.832562,8.71697,;215.832562,8.76706,;215.832562,8.81717,;215.832562,8.86727,;215.832562,8.91735,;215.832562,8.9674,;215.832562,9.01749,;215.832562,9.0676,;215.832562,9.1177,;215.832562,9.16779,;215.832562,9.21788,;215.832562,9.26797,;215.832562,9.31807,;215.832562,9.36815,;215.832562,9.41823,;215.832562,9.46832,;215.832562,9.51842,;215.832562,9.5685,;215.832562,9.61858,;215.832562,9.66868,;215.832562,9.7188,;215.832562,9.76889,;215.832562,9.81899,;215.832562,9.86911,;215.832562,9.91923,;215.832562,9.96935,;215.832562,10.0195,;215.832562,10.0696,;
inf,0.0500945,;inf,0.100183,;inf,0.150301,;654.304721,0.200395,;654.304721,0.25051,;654.304721,0.300607,;654.304721,0.350722,;654.304721,0.400809,;622.416065,0.450897,;622.416065,0.500981,;622.416065,0.551069,;622.416065,0.601149,;622.416065,0.65124,;622.416065,0.701359,;622.416065,0.751473,;622.416065,0.801583,;532.191019,0.851671,;532.191019,0.901785,;532.191019,0.951837,;525.546436,1.00193,;525.546436,1.052,;525.546436,1.10207,;487.201155,1.15215,;487.201155,1.20224,;487.201155,1.25233,;487.201155,1.30238,;487.201155,1.35246,;487.201155,1.40258,;487.201155,1.45267,;487.201155,1.50276,;487.201155,1.55284,;487.201155,1.60293,;487.201155,1.65304,;487.201155,1.70315,;487.201155,1.75326,;487.201155,1.80334,;469.647952,1.85345,;463.330726,1.90356,;463.330726,1.95366,;463.330726,2.00377,;463.330726,2.05388,;463.330726,2.10395,;287.384405,2.15407,;287.384405,2.20415,;273.688401,2.25423,;273.688401,2.30432,;273.688401,2.35442,;273.688401,2.40449,;273.688401,2.4546,;273.688401,2.50472,;273.688401,2.55483,;273.688401,2.60492,;273.688401,2.65501,;273.688401,2.70509,;273.688401,2.75516,;273.688401,2.80523,;273.688401,2.85531,;273.688401,2.9054,;269.975141,2.95551,;269.975141,3.00562,;269.975141,3.05569,;269.975141,3.1058,;269.975141,3.15589,;269.975141,3.20601,;269.975141,3.25608,;269.338102,3.30617,;269.338102,3.35627,;269.338102,3.40636,;269.338102,3.45644,;261.196596,3.50651,;261.196596,3.55659,;261.196596,3.6067,;261.196596,3.65679,;261.196596,3.70687,;261.196596,3.75699,;261.196596,3.80706,;261.196596,3.85718,;261.196596,3.9073,;261.196596,3.95741,;261.196596,4.00753,;241.020894,4.05764,;241.020894,4.10772,;241.020894,4.1578,;241.020894,4.20787,;241.020894,4.25796,;241.020894,4.30803,;241.020894,4.35812,;241.020894,4.40822,;241.020894,4.45835,;241.020894,4.50844,;241.020894,4.55853,;241.020894,4.60862,;241.020894,4.6587,;241.020894,4.70878,;241.020894,4.75887,;241.020894,4.80896,;235.703368,4.85909,;235.703368,4.9092,;235.703368,4.95932,;235.703368,5.00941,;235.703368,5.05953,;235.703368,5.10962,;235.703368,5.15974,;235.703368,5.20986,;235.703368,5.25993,;235.703368,5.31005,;235.703368,5.36019,;235.703368,5.4103,;235.703368,5.46042,;235.703368,5.51054,;235.703368,5.56062,;235.703368,5.61072,;235.703368,5.6608,;235.703368,5.71088,;235.703368,5.76096,;235.703368,5.81108,;235.703368,5.86119,;235.703368,5.9113,;235.703368,5.96141,;235.703368,6.0115,;235.703368,6.06159,;235.703368,6.1117,;235.703368,6.16178,;235.703368,6.21184,;235.703368,6.26195,;235.703368,6.31203,;235.703368,6.36214,;235.703368,6.41223,;235.703368,6.46234,;235.703368,6.51244,;235.703368,6.56255,;235.703368,6.61264,;235.703368,6.66275,;235.703368,6.71291,;235.703368,6.76303,;235.703368,6.81315,;235.703368,6.86326,;235.703368,6.91337,;235.703368,6.96348,;235.703368,7.0136,;235.703368,7.06373,;235.703368,7.1138,;235.703368,7.16387,;235.703368,7.21395,;223.370592,7.26403,;223.370592,7.31415,;223.370592,7.36424,;223.370592,7.41436,;223.370592,7.46447,;223.370592,7.51458,;223.370592,7.56466,;223.370592,7.61478,;223.370592,7.66491,;223.370592,7.71499,;223.370592,7.7651,;223.370592,7.81521,;223.370592,7.86532,;223.370592,7.91543,;223.370592,7.96555,;223.370592,8.01563,;223.370592,8.06575,;223.370592,8.11591,;223.370592,8.16603,;223.370592,8.21611,;223.370592,8.26623,;223.370592,8.31634,;223.370592,8.36641,;223.370592,8.41652,;223.370592,8.46664,;223.370592,8.51676,;223.370592,8.56687,;223.370592,8.61695,;223.370592,8.66708,;223.370592,8.7172,;223.370592,8.76731,;223.370592,8.81743,;223.370592,8.86754,;223.370592,8.91765,;223.370592,8.96774,;223.370592,9.01786,;223.370592,9.06793,;223.370592,9.11804,;223.370592,9.16813,;223.370592,9.21824,;223.370592,9.26831,;223.370592,9.31843,;223.370592,9.36851,;223.370592,9.41859,;223.370592,9.46867,;223.370592,9.51877,;223.370592,9.56888,;223.370592,9.61896,;223.370592,9.66907,;223.370592,9.71915,;223.370592,9.76923,;223.370592,9.81932,;223.370592,9.8694,;223.370592,9.91949,;223.370592,9.96957,;223.370592,10.0197,;
inf,0.0500925,;inf,0.100204,;445.970710,0.150282,;445.970710,0.200403,;445.970710,0.250517,;445.970710,0.300629,;445.970710,0.350725,;445.970710,0.400844,;445.970710,0.450917,;445.970710,0.501028,;445.970710,0.551104,;444.469583,0.601215,;444.469583,0.651299,;444.469583,0.701427,;433.025601,0.751539,;433.025601,0.801647,;433.025601,0.851739,;433.025601,0.901829,;433.025601,0.951907,;433.025601,1.00199,;433.025601,1.05209,;433.025601,1.1022,;433.025601,1.15232,;433.025601,1.20239,;433.025601,1.2525,;433.025601,1.30262,;414.699913,1.35273,;414.699913,1.40285,;414.699913,1.45296,;414.699913,1.50304,;414.699913,1.55313,;412.803826,1.60324,;412.803826,1.65333,;412.803826,1.70343,;412.803826,1.75351,;412.803826,1.80359,;387.533857,1.85369,;383.376126,1.90376,;383.376126,1.95389,;383.376126,2.00399,;383.376126,2.0541,;383.376126,2.1042,;383.376126,2.15432,;383.376126,2.20443,;383.376126,2.25451,;383.376126,2.30459,;383.376126,2.35471,;383.376126,2.4048,;383.376126,2.45488,;335.329074,2.50495,;335.329074,2.55502,;335.329074,2.60514,;335.329074,2.65523,;335.329074,2.70535,;335.329074,2.75545,;316.257089,2.80554,;316.257089,2.85564,;312.567508,2.90576,;312.567508,2.95587,;312.567508,3.00595,;312.567508,3.05603,;312.567508,3.10614,;312.567508,3.15627,;312.567508,3.20634,;312.567508,3.25645,;312.567508,3.30654,;312.567508,3.35663,;312.567508,3.40675,;312.567508,3.45686,;312.567508,3.50694,;312.567508,3.55705,;312.567508,3.60714,;312.567508,3.65724,;312.567508,3.70733,;254.850266,3.75746,;254.850266,3.80755,;254.850266,3.85763,;254.850266,3.90772,;254.850266,3.95781,;254.850266,4.0079,;254.850266,4.05802,;254.850266,4.10813,;254.850266,4.15824,;254.850266,4.20836,;254.850266,4.25848,;254.850266,4.3086,;254.850266,4.35872,;254.849619,4.40884,;254.849619,4.45892,;254.849619,4.50901,;254.849619,4.55909,;254.849619,4.60917,;254.849619,4.65928,;254.849619,4.7094,;254.849619,4.75947,;254.849619,4.80959,;254.849619,4.85967,;251.740018,4.90979,;251.740018,4.95988,;251.740018,5.00998,;251.740018,5.06007,;251.740018,5.11015,;251.740018,5.16024,;251.740018,5.21037,;251.740018,5.26046,;251.740018,5.31055,;251.740018,5.36065,;251.740018,5.41074,;251.740018,5.46083,;251.740018,5.51092,;251.740018,5.561,;251.740018,5.61108,;251.740018,5.6612,;251.740018,5.71128,;251.740018,5.7614,;251.740018,5.81148,;244.903075,5.86157,;244.903075,5.91165,;241.238049,5.96173,;241.238049,6.01182,;241.238049,6.06195,;241.238049,6.11207,;241.238049,6.16219,;241.238049,6.21231,;241.238049,6.26239,;241.238049,6.31249,;241.238049,6.36259,;241.238049,6.41269,;241.238049,6.46278,;241.238049,6.51286,;241.238049,6.56294,;241.238049,6.61303,;241.238049,6.66312,;241.238049,6.71322,;241.238049,6.76331,;241.238049,6.81341,;241.238049,6.86351,;241.238049,6.91361,;241.238049,6.96371,;241.238049,7.01383,;241.238049,7.06392,;241.238049,7.11402,;241.238049,7.16414,;241.238049,7.21425,;241.238049,7.26435,;226.704381,7.31447,;226.704381,7.36459,;226.704381,7.4147,;226.704381,7.46482,;226.704381,7.51488,;226.704381,7.56496,;226.704381,7.61505,;226.704381,7.66518,;226.704381,7.71527,;226.704381,7.76539,;226.704381,7.81549,;226.704381,7.86561,;226.704381,7.91571,;226.704381,7.96583,;226.704381,8.01591,;222.388235,8.06601,;222.388235,8.11613,;222.388235,8.16626,;222.388235,8.21638,;222.388235,8.26647,;222.388235,8.31659,;222.388235,8.36671,;222.388235,8.41683,;222.388235,8.46688,;222.388235,8.517,;222.388235,8.56709,;222.388235,8.61722,;222.388235,8.66731,;222.388235,8.71743,;222.388235,8.76752,;222.388235,8.81765,;222.388235,8.86777,;222.388235,8.91789,;222.388235,8.96799,;222.388235,9.0181,;222.388235,9.06822,;222.388235,9.11838,;222.388235,9.16847,;222.388235,9.21856,;222.388235,9.26868,;222.388235,9.3188,;222.388235,9.36889,;222.388235,9.41897,;222.388235,9.46905,;222.388235,9.51914,;222.388235,9.56926,;222.388235,9.61935,;222.388235,9.66944,;222.388235,9.71955,;222.388235,9.76964,;222.388235,9.81973,;222.388235,9.86986,;222.388235,9.91994,;222.388235,9.97003,;
inf,0.0500707,;inf,0.100147,;916.127876,0.150239,;916.127876,0.200359,;916.127876,0.25045,;916.127876,0.300564,;916.127876,0.350661,;916.127876,0.400777,;912.901211,0.450889,;517.896500,0.50092,;494.904240,0.551038,;494.904240,0.601147,;494.904240,0.651265,;494.904240,0.701375,;494.904240,0.751461,;494.904240,0.801547,;494.904240,0.851665,;494.904240,0.901737,;289.449475,0.951827,;285.395618,1.0019,;285.395618,1.05201,;285.395618,1.10208,;285.395618,1.15219,;285.395618,1.20228,;285.395618,1.25239,;274.697993,1.30247,;274.697993,1.35258,;274.697993,1.40266,;274.697993,1.45274,;274.697993,1.50282,;274.697993,1.55293,;274.697993,1.60301,;274.697993,1.65313,;274.697993,1.7032,;274.697993,1.75329,;274.697993,1.80337,;274.697993,1.85345,;274.697993,1.90353,;274.697993,1.95365,;274.697993,2.00372,;274.697993,2.05381,;274.697993,2.10389,;274.697993,2.15397,;274.697993,2.20404,;274.697993,2.25414,;274.697993,2.30426,;274.697993,2.35434,;274.697993,2.40442,;274.697993,2.4545,;271.029479,2.50457,;271.029479,2.55466,;271.029479,2.60478,;271.029479,2.65486,;271.029479,2.70499,;271.029479,2.75508,;271.029479,2.80519,;271.029479,2.85528,;271.029479,2.90539,;271.029479,2.95547,;271.029479,3.00558,;271.029479,3.05566,;271.029479,3.10579,;271.029479,3.15584,;271.029479,3.20593,;271.029479,3.25601,;271.029479,3.3061,;271.029479,3.35621,;271.029479,3.40629,;271.029479,3.45647,;271.029479,3.50657,;271.029479,3.55665,;271.029479,3.60675,;271.029479,3.65686,;271.029479,3.70695,;271.029479,3.75707,;271.029479,3.80718,;271.029479,3.8573,;271.029479,3.90741,;271.029479,3.95752,;271.029479,4.00763,;271.029479,4.05775,;250.924617,4.10787,;250.924617,4.15794,;250.924617,4.20807,;250.924617,4.25815,;250.924617,4.30827,;250.924617,4.35835,;250.924617,4.40843,;250.924617,4.4585,;250.924617,4.50858,;250.924617,4.55866,;250.924617,4.60877,;250.924617,4.65884,;250.924617,4.70892,;250.924617,4.759,;250.924617,4.80909,;250.924617,4.8592,;250.924617,4.90931,;250.924617,4.95939,;250.924617,5.00951,;245.766753,5.0596,;245.766753,5.10968,;245.766753,5.15981,;245.766753,5.20989,;245.766753,5.25997,;245.766753,5.31005,;245.766753,5.36017,;245.766753,5.41026,;245.766753,5.46038,;245.766753,5.51046,;245.766753,5.56056,;245.766753,5.61065,;245.766753,5.66073,;245.766753,5.71082,;245.766753,5.76092,;245.766753,5.811,;245.766753,5.86108,;245.766753,5.91118,;245.766753,5.96129,;245.766753,6.01137,;245.359505,6.06149,;245.359505,6.11157,;245.359505,6.16169,;245.359505,6.2118,;240.205124,6.26187,;240.205124,6.31199,;240.205124,6.36207,;240.205124,6.41218,;240.205124,6.46227,;240.205124,6.51238,;240.205124,6.56247,;240.205124,6.61259,;240.205124,6.66268,;240.205124,6.71279,;240.205124,6.76288,;240.205124,6.81297,;240.205124,6.86305,;240.205124,6.91313,;240.205124,6.96325,;240.205124,7.01334,;240.205124,7.06345,;240.123156,7.11356,;240.123156,7.16367,;240.123156,7.21379,;240.123156,7.2639,;240.123156,7.31398,;240.123156,7.36414,;240.123156,7.41423,;240.123156,7.46435,;240.123156,7.51444,;240.123156,7.56455,;240.123156,7.61464,;240.123156,7.66472,;240.123156,7.71487,;240.123156,7.76496,;240.123156,7.81507,;240.123156,7.86518,;240.123156,7.9153,;240.123156,7.96541,;240.123156,8.01552,;240.123156,8.06561,;240.123156,8.11573,;240.123156,8.16582,;240.123156,8.21593,;240.123156,8.26601,;240.123156,8.31612,;240.123156,8.36621,;240.123156,8.41632,;240.123156,8.46643,;240.123156,8.51654,;240.123156,8.56662,;240.123156,8.61673,;240.123156,8.66681,;240.123156,8.71693,;240.123156,8.76704,;240.123156,8.81715,;240.123156,8.86723,;240.123156,8.91734,;240.123156,8.96746,;240.123156,9.01758,;240.123156,9.06765,;240.123156,9.11773,;240.123156,9.16786,;240.123156,9.21793,;240.123156,9.26802,;240.123156,9.3181,;240.123156,9.3682,;240.123156,9.41829,;240.123156,9.4684,;240.123156,9.51848,;240.123156,9.56859,;240.123156,9.61871,;240.123156,9.66882,;240.123156,9.71891,;240.123156,9.769,;240.123156,9.81911,;240.123156,9.86922,;240.123156,9.91933,;240.123156,9.96944,;240.123156,10.0196,;
767.881732,0.0500592,;767.881732,0.10017,;767.881732,0.150267,;767.881732,0.200382,;767.881732,0.250474,;767.881732,0.300596,;725.454005,0.350693,;725.454005,0.400777,;725.454005,0.450882,;725.454005,0.500936,;725.454005,0.551018,;725.454005,0.601095,;725.454005,0.651213,;725.454005,0.701287,;725.454005,0.751402,;725.454005,0.801474,;725.454005,0.851583,;725.454005,0.901659,;725.454005,0.951772,;725.454005,1.00185,;649.099651,1.05197,;649.099651,1.10204,;649.099651,1.15216,;373.636680,1.20224,;373.636680,1.25236,;373.636680,1.30245,;373.636680,1.35256,;373.636680,1.40265,;373.636680,1.45277,;373.636680,1.50287,;373.636680,1.55299,;345.813413,1.60308,;345.813413,1.65319,;345.813413,1.70328,;345.813413,1.7534,;345.813413,1.80348,;345.813413,1.8536,;345.813413,1.90368,;345.813413,1.95377,;345.813413,2.00385,;339.363396,2.05397,;339.363396,2.10408,;339.363396,2.15418,;339.363396,2.2043,;339.363396,2.25439,;339.363396,2.30447,;339.363396,2.35456,;339.363396,2.40465,;339.363396,2.45475,;339.363396,2.50483,;339.363396,2.55493,;339.363396,2.60502,;339.363396,2.65514,;339.363396,2.70523,;339.363396,2.75536,;339.363396,2.80548,;339.363396,2.85558,;339.363396,2.9057,;339.363396,2.9558,;339.363396,3.00592,;339.363396,3.05601,;339.363396,3.10609,;283.049941,3.15619,;283.049941,3.20628,;265.663943,3.25637,;265.663943,3.30647,;265.663943,3.35659,;265.663943,3.40668,;265.663943,3.4568,;265.663943,3.5069,;265.663943,3.55698,;265.663943,3.60708,;265.663943,3.6572,;265.663943,3.70729,;265.663943,3.75741,;253.369126,3.8075,;253.369126,3.85763,;253.369126,3.90774,;253.369126,3.95786,;253.369126,4.00795,;253.369126,4.05804,;253.369126,4.10816,;253.369126,4.15825,;253.369126,4.20838,;253.369126,4.25851,;253.369126,4.30862,;253.369126,4.35874,;253.369126,4.40882,;253.369126,4.45891,;244.373972,4.50903,;241.610910,4.55911,;241.610910,4.60919,;241.610910,4.65929,;241.610910,4.70942,;241.610910,4.75953,;241.610910,4.80965,;241.610910,4.85977,;241.610910,4.9098,;241.610910,4.95989,;241.610910,5.00998,;241.610910,5.06007,;241.610910,5.11017,;241.610910,5.16025,;241.610910,5.21035,;241.610910,5.26048,;241.610910,5.31052,;241.610910,5.36059,;241.610910,5.41067,;241.610910,5.46076,;241.610910,5.51086,;241.610910,5.56096,;241.610910,5.61105,;241.610910,5.66115,;241.610910,5.71127,;241.610910,5.76137,;235.701094,5.81146,;235.701094,5.86158,;235.701094,5.91167,;235.701094,5.96177,;235.701094,6.01187,;235.701094,6.06195,;235.701094,6.11207,;235.701094,6.16216,;235.701094,6.21228,;235.701094,6.26237,;235.701094,6.31246,;235.701094,6.36255,;235.701094,6.41267,;215.936782,6.4628,;215.936782,6.51289,;215.936782,6.56299,;215.936782,6.61311,;215.936782,6.66321,;215.936782,6.7133,;215.936782,6.7634,;215.936782,6.81352,;215.936782,6.86361,;215.936782,6.91373,;215.936782,6.96382,;215.936782,7.01386,;215.936782,7.06394,;215.936782,7.11402,;215.936782,7.16411,;215.936782,7.21421,;215.936782,7.2643,;215.936782,7.3144,;215.936782,7.36452,;215.936782,7.41461,;215.936782,7.46473,;215.936782,7.51482,;215.936782,7.56494,;215.936782,7.61507,;215.936782,7.6652,;215.936782,7.71529,;215.936782,7.76538,;215.936782,7.81551,;215.936782,7.86562,;215.936782,7.91571,;215.936782,7.96584,;215.936782,8.01597,;215.936782,8.06605,;215.936782,8.11617,;215.936782,8.16626,;215.936782,8.21638,;215.936782,8.26647,;215.936782,8.31659,;215.936782,8.36669,;215.936782,8.41681,;215.936782,8.4669,;215.936782,8.51703,;215.936782,8.56712,;215.936782,8.61725,;215.936782,8.66734,;215.936782,8.71742,;215.936782,8.76754,;215.936782,8.81761,;215.936782,8.8677,;215.936782,8.91778,;215.936782,8.96791,;215.936782,9.01799,;215.936782,9.06811,;215.936782,9.11819,;215.936782,9.16831,;215.936782,9.2184,;215.936782,9.26851,;215.936782,9.3186,;215.936782,9.36872,;215.936782,9.41883,;215.936782,9.46892,;215.936782,9.51902,;215.936782,9.56914,;215.936782,9.61923,;215.936782,9.66931,;215.936782,9.71947,;215.936782,9.76956,;215.936782,9.81966,;215.936782,9.86974,;215.936782,9.91985,;215.936782,9.96994,;215.936782,10.0201,;
inf,0.0501035,;506.691862,0.100191,;506.691862,0.150322,;506.691862,0.200398,;506.691862,0.250513,;506.691862,0.3006,;506.691862,0.350716,;506.691862,0.400788,;506.691862,0.450876,;506.691862,0.500958,;506.691862,0.551051,;506.691862,0.601133,;506.691862,0.651248,;493.495969,0.701332,;493.495969,0.75144,;493.495969,0.801552,;486.963983,0.851672,;486.963983,0.901785,;486.963983,0.951901,;486.963983,1.00199,;486.963983,1.05209,;486.963983,1.10217,;486.963983,1.15225,;486.963983,1.20236,;486.963983,1.25243,;486.963983,1.30254,;486.963983,1.35263,;486.963983,1.40271,;486.963983,1.45281,;486.963983,1.50289,;486.963983,1.55302,;486.963983,1.60311,;462.344681,1.65319,;462.344681,1.70326,;462.344681,1.75334,;462.344681,1.80345,;462.344681,1.85357,;462.344681,1.90368,;462.344681,1.95379,;462.344681,2.00388,;462.344681,2.05396,;462.344681,2.10404,;462.344681,2.15412,;462.344681,2.20417,;462.344681,2.25428,;462.344681,2.30436,;462.344681,2.35447,;462.344681,2.40454,;462.344681,2.45462,;462.344681,2.50471,;462.344681,2.5548,;462.344681,2.60489,;462.344681,2.65498,;462.344681,2.70507,;462.344681,2.75514,;462.344681,2.80521,;462.344681,2.8553,;462.344681,2.90538,;462.344681,2.95545,;462.344681,3.00554,;280.758458,3.05563,;280.758458,3.10574,;280.758458,3.15587,;280.758458,3.20598,;280.758458,3.25606,;280.758458,3.30617,;280.758458,3.35624,;252.812835,3.40632,;252.812835,3.4564,;252.812835,3.50648,;252.812835,3.55657,;252.812835,3.60665,;252.812835,3.65675,;252.812835,3.70686,;252.812835,3.75693,;252.812835,3.80701,;252.812835,3.85709,;252.812835,3.90724,;252.812835,3.95736,;252.812835,4.00745,;252.812835,4.05757,;252.812835,4.10764,;252.812835,4.15773,;252.812835,4.20786,;252.812835,4.25797,;252.812835,4.30808,;252.812835,4.35815,;252.812835,4.40822,;252.812835,4.45833,;252.812835,4.50841,;252.812835,4.55849,;252.812835,4.60859,;252.812835,4.6587,;252.812835,4.70881,;252.812835,4.75892,;252.812835,4.80904,;252.812835,4.85915,;252.812835,4.90924,;252.812835,4.95931,;252.812835,5.00942,;252.812835,5.05951,;252.812835,5.10959,;252.812835,5.1597,;252.812835,5.20979,;252.812835,5.25989,;242.359463,5.31001,;242.359463,5.3601,;242.359463,5.41022,;242.359463,5.46034,;242.359463,5.51042,;242.359463,5.56051,;242.359463,5.61061,;242.359463,5.6607,;242.359463,5.71078,;242.359463,5.76087,;242.359463,5.81101,;242.359463,5.86111,;242.359463,5.91123,;242.359463,5.96132,;242.359463,6.0114,;242.359463,6.06149,;242.359463,6.11157,;242.359463,6.16166,;242.359463,6.21178,;242.359463,6.26191,;242.359463,6.31198,;242.359463,6.36207,;242.359463,6.41217,;242.359463,6.46226,;242.359463,6.51234,;242.359463,6.56242,;242.359463,6.61251,;242.359463,6.66262,;242.359463,6.7127,;242.359463,6.76282,;242.359463,6.81291,;242.359463,6.86305,;242.359463,6.91313,;242.359463,6.96322,;242.359463,7.01331,;242.359463,7.0634,;242.359463,7.11348,;242.359463,7.16356,;242.359463,7.21364,;242.359463,7.26374,;242.359463,7.31382,;242.359463,7.36391,;235.955022,7.414,;235.955022,7.4641,;235.955022,7.51419,;235.955022,7.56427,;235.955022,7.61436,;235.955022,7.66445,;235.955022,7.71453,;235.955022,7.76461,;235.955022,7.81474,;230.796107,7.86483,;230.796107,7.91492,;230.796107,7.96501,;230.796107,8.0151,;230.796107,8.0652,;230.796107,8.11529,;230.796107,8.16539,;230.796107,8.21549,;230.796107,8.26559,;230.796107,8.31571,;230.796107,8.36583,;230.796107,8.41593,;230.796107,8.46601,;230.796107,8.51614,;230.796107,8.56626,;230.796107,8.61634,;230.796107,8.66646,;230.796107,8.71658,;230.796107,8.76667,;230.796107,8.81677,;230.796107,8.86689,;230.796107,8.91698,;230.796107,8.9671,;230.796107,9.0172,;230.796107,9.06731,;230.796107,9.11739,;230.796107,9.16751,;230.796107,9.21764,;230.796107,9.26775,;230.796107,9.31783,;230.796107,9.36795,;230.796107,9.41807,;230.796107,9.46821,;230.796107,9.51833,;230.796107,9.56841,;230.796107,9.61851,;230.796107,9.6686,;230.796107,9.7187,;230.796107,9.76879,;230.796107,9.81889,;230.796107,9.86899,;229.085860,9.91908,;229.085860,9.96916,;229.085860,10.0192,;229.085860,10.0693,;
386.850033,0.0500579,;384.512863,0.100136,;384.512863,0.150215,;384.512863,0.200305,;384.512863,0.250394,;384.512863,0.300491,;384.512863,0.350583,;348.125882,0.400671,;348.125882,0.450746,;348.125882,0.500833,;348.125882,0.550927,;344.405113,0.60104,;344.405113,0.651122,;344.405113,0.701212,;344.405113,0.751298,;344.405113,0.801413,;344.405113,0.851499,;344.405113,0.901594,;344.405113,0.951709,;344.405113,1.00182,;344.405113,1.05193,;341.822508,1.10207,;341.822508,1.15218,;341.822508,1.20226,;341.822508,1.25237,;341.822508,1.30246,;341.822508,1.35258,;341.822508,1.40267,;341.822508,1.45279,;341.822508,1.50293,;341.822508,1.55301,;341.822508,1.60312,;341.822508,1.65323,;341.822508,1.70334,;341.822508,1.75345,;341.822508,1.80353,;341.822508,1.85364,;341.822508,1.90375,;341.822508,1.95384,;341.822508,2.00396,;341.822508,2.05407,;341.822508,2.10418,;341.822508,2.15425,;341.822508,2.20437,;341.822508,2.25445,;341.822508,2.30454,;235.977095,2.35463,;235.977095,2.40475,;235.977095,2.45484,;235.977095,2.50496,;235.977095,2.55505,;235.977095,2.60517,;235.977095,2.65526,;235.977095,2.70537,;235.977095,2.75548,;235.977095,2.80556,;235.977095,2.85565,;235.977095,2.9058,;235.977095,2.95587,;235.977095,3.00599,;235.977095,3.05607,;235.977095,3.10617,;235.977095,3.15626,;235.977095,3.20635,;235.977095,3.25643,;235.977095,3.30651,;235.977095,3.35659,;235.977095,3.40667,;235.977095,3.45675,;235.977095,3.50685,;235.977095,3.55695,;235.977095,3.60704,;235.977095,3.65713,;235.977095,3.70726,;235.977095,3.75734,;235.977095,3.80742,;235.977095,3.85749,;235.977095,3.90757,;235.977095,3.95764,;235.977095,4.00772,;235.977095,4.0578,;235.977095,4.10788,;235.977095,4.15796,;235.977095,4.20804,;235.977095,4.25811,;235.977095,4.30819,;235.977095,4.35826,;235.977095,4.40834,;235.977095,4.45841,;235.977095,4.50849,;235.977095,4.55856,;235.977095,4.60864,;235.977095,4.65872,;235.977095,4.70881,;235.977095,4.75893,;235.977095,4.80904,;235.977095,4.85912,;235.977095,4.90923,;235.977095,4.95932,;235.977095,5.00945,;235.977095,5.05953,;235.977095,5.10961,;235.977095,5.15969,;235.977095,5.20982,;235.977095,5.25993,;235.977095,5.31003,;235.977095,5.36014,;235.977095,5.41022,;235.977095,5.46034,;235.977095,5.51044,;235.977095,5.56055,;235.977095,5.61068,;235.977095,5.6608,;235.977095,5.71089,;235.977095,5.76097,;235.977095,5.81107,;235.977095,5.86116,;235.977095,5.91125,;235.977095,5.96133,;235.977095,6.01142,;235.977095,6.0615,;235.977095,6.11159,;235.977095,6.16169,;235.977095,6.21178,;235.977095,6.26186,;235.977095,6.31194,;235.977095,6.36202,;235.977095,6.41211,;235.977095,6.46219,;235.977095,6.51228,;235.977095,6.56237,;235.977095,6.61246,;235.977095,6.66255,;235.977095,6.71264,;235.977095,6.76274,;235.977095,6.81283,;235.977095,6.86292,;235.977095,6.91301,;235.977095,6.9631,;235.977095,7.01322,;235.977095,7.06334,;235.977095,7.11345,;235.977095,7.16356,;235.977095,7.21365,;235.977095,7.26374,;235.977095,7.31386,;235.977095,7.36394,;235.977095,7.414,;235.977095,7.46411,;235.977095,7.51423,;235.977095,7.56432,;235.977095,7.61443,;235.977095,7.66454,;235.977095,7.71463,;235.977095,7.76471,;235.977095,7.81481,;235.977095,7.86493,;235.977095,7.91504,;235.977095,7.96515,;235.977095,8.01524,;235.977095,8.06537,;235.977095,8.11545,;235.977095,8.16554,;235.977095,8.21567,;235.977095,8.26575,;235.977095,8.31587,;235.977095,8.36596,;235.977095,8.41609,;235.977095,8.46616,;235.977095,8.51624,;235.977095,8.56632,;235.977095,8.61641,;235.977095,8.6665,;235.977095,8.71658,;235.977095,8.76665,;235.977095,8.81674,;235.977095,8.86684,;235.977095,8.91693,;235.977095,8.96705,;235.977095,9.01713,;235.977095,9.06723,;235.977095,9.11735,;235.977095,9.16746,;235.977095,9.21755,;235.977095,9.26767,;235.977095,9.31776,;235.977095,9.36784,;235.977095,9.41794,;235.977095,9.46803,;235.977095,9.51812,;235.977095,9.56822,;235.977095,9.61831,;235.977095,9.6684,;235.977095,9.71851,;235.977095,9.76863,;235.977095,9.81872,;235.977095,9.86884,;235.977095,9.91893,;235.977095,9.96905,;235.977095,10.0191,;
728.973180,0.0500602,;669.480226,0.10018,;669.480226,0.150299,;669.480226,0.200409,;669.480226,0.250489,;669.480226,0.300568,;669.480226,0.350654,;669.480226,0.40074,;669.480226,0.450865,;669.480226,0.500976,;669.480226,0.551065,;669.480226,0.60118,;669.480226,0.651261,;669.480226,0.701392,;669.480226,0.751507,;669.480226,0.801579,;669.480226,0.851693,;669.480226,0.901777,;669.480226,0.951856,;669.480226,1.00194,;669.480226,1.05203,;669.480226,1.10211,;547.410951,1.15223,;500.530342,1.20233,;500.530342,1.25246,;500.530342,1.30256,;416.136127,1.35267,;416.136127,1.40278,;416.136127,1.45286,;397.417182,1.50295,;373.553915,1.55303,;373.553915,1.60313,;373.553915,1.65322,;373.553915,1.70331,;373.553915,1.7534,;373.553915,1.80352,;373.553915,1.85361,;373.553915,1.90369,;373.553915,1.95377,;373.553915,2.00389,;373.553915,2.05398,;251.548382,2.10411,;251.548382,2.15422,;251.548382,2.20431,;251.548382,2.25444,;251.548382,2.30451,;251.548382,2.35462,;251.548382,2.40472,;251.548382,2.45484,;251.548382,2.50494,;251.548382,2.55506,;251.548382,2.60514,;251.548382,2.65523,;251.548382,2.70531,;251.548382,2.75543,;251.548382,2.80551,;251.548382,2.85565,;251.548382,2.90574,;251.548382,2.95584,;251.548382,3.00593,;251.548382,3.05605,;251.548382,3.10614,;251.548382,3.15626,;251.548382,3.20638,;251.548382,3.2565,;251.548382,3.30661,;251.548382,3.35673,;251.548382,3.40684,;251.548382,3.45693,;251.548382,3.50706,;251.548382,3.55718,;251.548382,3.60729,;251.548382,3.65741,;251.548382,3.70751,;251.548382,3.7576,;251.548382,3.80771,;251.548382,3.85781,;247.280739,3.90792,;247.280739,3.95802,;247.280739,4.0081,;247.280739,4.05821,;247.280739,4.10835,;247.280739,4.15844,;247.280739,4.20852,;247.280739,4.25864,;247.280739,4.30877,;247.280739,4.35885,;247.280739,4.40894,;247.280739,4.45904,;247.280739,4.50913,;247.280739,4.55922,;247.280739,4.6093,;247.280739,4.65939,;247.280739,4.70947,;247.280739,4.75956,;247.280739,4.80965,;247.280739,4.85973,;247.280739,4.90982,;247.280739,4.95991,;247.280739,5.00999,;247.280739,5.06008,;247.280739,5.11017,;247.280739,5.16026,;247.280739,5.21035,;247.280739,5.26044,;247.280739,5.31053,;247.280739,5.36062,;247.280739,5.4107,;247.280739,5.4608,;247.280739,5.51089,;247.280739,5.56097,;247.280739,5.61106,;247.280739,5.66115,;247.280739,5.71124,;247.280739,5.76133,;247.280739,5.81143,;247.280739,5.86153,;247.280739,5.91161,;247.280739,5.9617,;247.280739,6.01179,;247.280739,6.06187,;247.280739,6.11196,;247.280739,6.16205,;246.638164,6.21214,;246.638164,6.26223,;246.638164,6.31231,;246.638164,6.36239,;246.638164,6.41247,;246.638164,6.46256,;246.638164,6.51265,;246.638164,6.56273,;246.638164,6.61282,;246.638164,6.66291,;246.638164,6.713,;246.638164,6.76309,;246.638164,6.81317,;246.638164,6.86326,;246.638164,6.91335,;246.638164,6.96344,;246.638164,7.01352,;246.638164,7.06361,;246.638164,7.11369,;246.638164,7.16378,;246.638164,7.21387,;246.638164,7.26396,;246.638164,7.31404,;246.638164,7.36413,;246.638164,7.41421,;246.638164,7.4643,;246.638164,7.51438,;246.638164,7.56446,;246.638164,7.61455,;246.638164,7.66464,;246.638164,7.71473,;246.638164,7.76482,;246.638164,7.8149,;246.638164,7.86499,;246.638164,7.91507,;246.638164,7.96516,;246.638164,8.01524,;246.638164,8.06533,;246.638164,8.11542,;246.638164,8.16551,;246.638164,8.2156,;246.638164,8.2657,;246.638164,8.3158,;243.714075,8.36588,;243.714075,8.41597,;243.714075,8.46605,;243.714075,8.51614,;243.714075,8.56623,;243.714075,8.61631,;243.714075,8.6664,;243.714075,8.71649,;243.714075,8.76658,;243.714075,8.81666,;243.714075,8.86675,;243.714075,8.91684,;243.714075,8.96693,;243.714075,9.01702,;243.714075,9.06711,;243.714075,9.1172,;243.714075,9.16729,;243.714075,9.21735,;243.714075,9.26744,;243.714075,9.31752,;243.714075,9.36761,;243.714075,9.4177,;243.714075,9.46779,;243.714075,9.51787,;243.714075,9.56796,;240.148069,9.61805,;240.148069,9.66813,;240.148069,9.71821,;240.148069,9.76831,;240.148069,9.8184,;240.148069,9.86849,;240.148069,9.91858,;240.148069,9.96867,;240.148069,10.0188,;
409.072845,0.0500724,;409.072845,0.100164,;409.072845,0.150245,;409.072845,0.200337,;409.072845,0.250414,;353.940786,0.300503,;353.940786,0.350641,;353.940786,0.400761,;353.940786,0.450843,;353.940786,0.500954,;353.940786,0.551031,;353.940786,0.601124,;353.940786,0.651227,;353.940786,0.701351,;353.940786,0.751447,;353.940786,0.801535,;353.940786,0.851622,;353.940786,0.901723,;353.940786,0.951797,;353.940786,1.0019,;353.940786,1.05199,;353.940786,1.1021,;353.940786,1.15218,;353.940786,1.2023,;353.940786,1.25238,;353.940786,1.30246,;353.940786,1.35254,;353.940786,1.40263,;353.940786,1.45274,;353.940786,1.50283,;353.940786,1.55292,;348.061510,1.60301,;348.061510,1.65308,;348.061510,1.70317,;348.061510,1.75329,;348.061510,1.80337,;348.061510,1.85345,;293.447040,1.90357,;293.447040,1.95365,;293.447040,2.00374,;293.447040,2.05383,;293.447040,2.10393,;293.447040,2.15401,;293.447040,2.20413,;293.447040,2.25422,;293.447040,2.30433,;293.447040,2.35442,;293.447040,2.40453,;293.447040,2.45463,;293.447040,2.50474,;293.447040,2.55482,;293.447040,2.60494,;293.447040,2.65502,;293.447040,2.70514,;293.447040,2.75521,;293.447040,2.80533,;293.447040,2.8554,;293.447040,2.90548,;293.447040,2.95556,;242.456433,3.00565,;242.456433,3.05572,;242.456433,3.10584,;237.367099,3.15593,;236.937641,3.20605,;236.937641,3.25613,;236.937641,3.30626,;236.937641,3.35635,;236.937641,3.40648,;236.937641,3.45661,;236.937641,3.50674,;236.937641,3.55685,;236.937641,3.60697,;236.937641,3.65709,;236.937641,3.70718,;230.959984,3.7573,;230.959984,3.80739,;230.959984,3.8575,;230.918915,3.90762,;230.918915,3.95775,;230.918915,4.00783,;230.918915,4.05794,;222.255769,4.10803,;222.255769,4.15815,;222.255769,4.20827,;222.255769,4.25835,;222.255769,4.30847,;222.255769,4.35857,;222.255769,4.40867,;222.255769,4.45875,;222.255769,4.50883,;222.255769,4.55891,;222.255769,4.609,;222.255769,4.65908,;222.255769,4.70917,;222.255769,4.75927,;222.255769,4.80936,;222.255769,4.85945,;222.255769,4.90958,;222.255769,4.95967,;222.255769,5.00979,;222.255769,5.05988,;222.255769,5.11,;222.255769,5.16012,;222.255769,5.21024,;222.255769,5.26036,;222.255769,5.31048,;222.255769,5.36057,;222.255769,5.41066,;222.255769,5.46075,;222.255769,5.51083,;222.255769,5.56091,;222.255769,5.61098,;222.255769,5.66108,;222.255769,5.71118,;222.255769,5.76127,;222.255769,5.81136,;222.255769,5.86146,;222.255769,5.91154,;222.255769,5.96163,;222.255769,6.01172,;222.255769,6.06181,;222.255769,6.1119,;222.255769,6.16202,;222.255769,6.21211,;222.255769,6.26219,;222.255769,6.31231,;222.255769,6.3624,;222.255769,6.41253,;222.255769,6.46266,;222.255769,6.51279,;222.255769,6.56286,;222.255769,6.61298,;222.255769,6.66308,;222.255769,6.71316,;222.255769,6.76324,;222.255769,6.81333,;222.255769,6.86342,;222.255769,6.91351,;222.255769,6.96362,;222.255769,7.01374,;222.255769,7.06384,;222.255769,7.11394,;222.255769,7.16407,;222.255769,7.21418,;222.255769,7.2643,;222.255769,7.31438,;222.255769,7.3645,;222.255769,7.41462,;222.255769,7.46473,;222.255769,7.51481,;222.255769,7.5649,;222.255769,7.61499,;222.255769,7.66509,;222.255769,7.71517,;222.255769,7.76528,;222.255769,7.81539,;222.255769,7.86547,;222.255769,7.91556,;222.255769,7.96568,;222.255769,8.01577,;222.255769,8.06586,;222.255769,8.11598,;222.255769,8.1661,;222.255769,8.21619,;222.255769,8.26628,;222.255769,8.3164,;222.255769,8.36651,;222.255769,8.41664,;222.255769,8.46672,;222.255769,8.51685,;222.255769,8.56693,;222.255769,8.61701,;222.255769,8.66712,;222.255769,8.71724,;222.255769,8.76734,;222.255769,8.81746,;222.255769,8.86755,;222.255769,8.9177,;222.255769,8.9678,;222.255769,9.01792,;222.255769,9.06803,;222.255769,9.11811,;222.255769,9.16819,;222.255769,9.21833,;222.255769,9.26842,;222.255769,9.31855,;222.255769,9.36864,;222.255769,9.41873,;222.255769,9.46884,;222.255769,9.51892,;222.255769,9.56904,;222.255769,9.61914,;222.255769,9.66926,;222.255769,9.71936,;222.255769,9.76948,;222.255769,9.81959,;222.255769,9.86969,;222.255769,9.91979,;222.255769,9.96992,;222.255769,10.02,;
inf,0.0500751,;892.945705,0.100186,;889.527384,0.150281,;882.751424,0.200392,;860.894714,0.250474,;860.894714,0.300592,;860.894714,0.3507,;860.894714,0.400832,;860.894714,0.450918,;860.894714,0.501003,;860.894714,0.551085,;860.894714,0.601173,;379.781249,0.651284,;379.781249,0.701353,;379.781249,0.751428,;379.781249,0.801513,;379.781249,0.851607,;379.781249,0.90169,;379.781249,0.951768,;379.781249,1.00185,;379.781249,1.05194,;379.781249,1.10202,;379.781249,1.15212,;379.781249,1.20219,;379.781249,1.25227,;379.781249,1.30236,;379.781249,1.35243,;379.781249,1.40252,;379.781249,1.45263,;379.781249,1.50272,;379.781249,1.55282,;379.781249,1.60291,;379.781249,1.65302,;379.781249,1.70313,;379.781249,1.75321,;379.781249,1.80331,;379.781249,1.85342,;379.781249,1.9035,;379.781249,1.95358,;379.781249,2.00367,;252.866959,2.05376,;252.866959,2.10385,;252.866959,2.15395,;252.866959,2.20402,;252.866959,2.25414,;252.866959,2.30425,;252.866959,2.35434,;252.866959,2.40445,;252.866959,2.45457,;252.866959,2.50464,;252.866959,2.55475,;252.866959,2.60484,;252.866959,2.65496,;235.179263,2.70507,;235.179263,2.75518,;235.179263,2.80529,;235.179263,2.85541,;235.179263,2.90552,;235.179263,2.95563,;235.179263,3.00572,;235.179263,3.05585,;235.179263,3.10594,;235.179263,3.15605,;235.179263,3.20616,;235.179263,3.25628,;235.179263,3.30637,;235.179263,3.35648,;235.179263,3.4066,;235.179263,3.45671,;235.179263,3.50683,;235.179263,3.55692,;235.179263,3.60703,;235.179263,3.65713,;235.179263,3.70724,;235.179263,3.75735,;235.179263,3.80746,;235.179263,3.85755,;235.179263,3.90763,;235.179263,3.95771,;235.179263,4.00784,;235.179263,4.05795,;235.179263,4.10803,;235.179263,4.15814,;235.179263,4.20826,;235.179263,4.25837,;235.179263,4.30845,;235.179263,4.35857,;235.179263,4.40865,;235.179263,4.45872,;235.179263,4.5088,;235.179263,4.55891,;235.179263,4.60902,;235.179263,4.65913,;235.179263,4.70921,;235.179263,4.75931,;235.179263,4.8094,;235.179263,4.85951,;235.179263,4.90963,;235.179263,4.95974,;235.179263,5.00983,;235.179263,5.05996,;235.179263,5.11004,;235.179263,5.16015,;235.179263,5.21022,;235.179263,5.26033,;235.179263,5.31041,;235.179263,5.36053,;235.179263,5.41064,;235.179263,5.46072,;230.881302,5.5108,;230.881302,5.5609,;230.881302,5.61101,;230.881302,5.66113,;230.881302,5.71124,;230.881302,5.76132,;230.881302,5.8114,;230.881302,5.8615,;230.881302,5.91161,;230.881302,5.9617,;230.881302,6.01182,;230.881302,6.06191,;230.881302,6.112,;230.881302,6.16209,;230.881302,6.21219,;230.881302,6.26234,;230.881302,6.31242,;230.881302,6.36254,;230.881302,6.41262,;230.881302,6.46272,;230.881302,6.51281,;230.881302,6.56293,;230.881302,6.61304,;230.881302,6.66315,;230.881302,6.71322,;230.881302,6.76333,;230.881302,6.81342,;230.881302,6.8635,;230.881302,6.9136,;230.881302,6.96371,;230.881302,7.0138,;230.881302,7.06389,;230.881302,7.11399,;230.881302,7.1641,;230.881302,7.21422,;230.881302,7.26433,;230.881302,7.31444,;230.881302,7.36454,;230.881302,7.41466,;230.881302,7.46477,;230.881302,7.51485,;230.881302,7.56493,;230.881302,7.61505,;230.881302,7.66515,;230.881302,7.71527,;230.881302,7.76534,;230.881302,7.81542,;230.881302,7.8655,;230.881302,7.91559,;230.881302,7.96566,;230.881302,8.01578,;230.881302,8.06587,;230.881302,8.11596,;230.881302,8.16606,;230.881302,8.21613,;230.881302,8.26621,;230.881302,8.3163,;230.881302,8.36638,;230.881302,8.41646,;230.881302,8.46654,;230.881302,8.51663,;230.881302,8.56675,;230.881302,8.61684,;230.881302,8.66692,;230.881302,8.71701,;230.881302,8.76709,;230.881302,8.81722,;230.881302,8.86733,;230.881302,8.91742,;230.881302,8.96754,;230.881302,9.01762,;230.881302,9.06775,;230.881302,9.11787,;230.881302,9.16794,;230.881302,9.21803,;230.881302,9.26815,;230.881302,9.31825,;230.881302,9.36836,;230.881302,9.41845,;230.881302,9.46856,;230.881302,9.51865,;230.881302,9.56876,;230.881302,9.61887,;230.881302,9.66896,;230.881302,9.71908,;230.881302,9.76914,;230.881302,9.81925,;230.881302,9.86932,;230.881302,9.91944,;230.881302,9.96953,;230.881302,10.0196,;
871.786197,0.0500938,;806.828473,0.100191,;806.828473,0.150271,;806.828473,0.200388,;785.910344,0.250505,;785.910344,0.300581,;518.152638,0.350704,;518.152638,0.400801,;518.152638,0.450884,;518.152638,0.500966,;518.152638,0.551058,;518.152638,0.601181,;518.152638,0.651238,;518.152638,0.701352,;518.152638,0.751429,;518.152638,0.801539,;449.992487,0.851616,;444.351480,0.901697,;444.351480,0.951808,;444.351480,1.00188,;444.351480,1.05197,;443.108558,1.10206,;443.108558,1.15217,;443.108558,1.20225,;443.108558,1.25236,;443.108558,1.30245,;443.108558,1.35257,;443.108558,1.40269,;351.014656,1.4528,;351.014656,1.50287,;351.014656,1.55302,;351.014656,1.6031,;351.014656,1.6532,;351.014656,1.70328,;298.020184,1.75343,;298.020184,1.80356,;287.673898,1.85368,;287.673898,1.90379,;287.673898,1.95391,;287.673898,2.004,;285.686853,2.0541,;285.686853,2.10422,;285.686853,2.15434,;285.686853,2.20447,;276.494877,2.25456,;276.494877,2.30464,;276.494877,2.35474,;276.494877,2.40483,;276.494877,2.45494,;270.210686,2.50502,;270.210686,2.55514,;264.925291,2.60521,;264.925291,2.65529,;264.925291,2.70535,;264.925291,2.75543,;264.925291,2.80551,;264.925291,2.85559,;264.925291,2.90571,;264.925291,2.95579,;264.925291,3.00587,;264.925291,3.05595,;264.925291,3.10604,;264.925291,3.15613,;264.925291,3.20622,;264.925291,3.25631,;264.925291,3.3064,;264.925291,3.35651,;264.925291,3.4066,;264.925291,3.45671,;264.925291,3.50687,;264.925291,3.55699,;264.925291,3.60707,;264.925291,3.65717,;246.280701,3.70728,;246.280701,3.75739,;246.280701,3.80751,;246.280701,3.85759,;246.280701,3.90768,;246.280701,3.9578,;246.280701,4.0079,;246.280701,4.05799,;246.280701,4.10808,;246.280701,4.15817,;246.280701,4.20825,;246.280701,4.25837,;246.280701,4.30845,;246.280701,4.35857,;246.280701,4.40867,;246.280701,4.45877,;246.280701,4.50886,;246.280701,4.55895,;246.280701,4.60905,;246.280701,4.65914,;246.280701,4.70921,;246.280701,4.75932,;246.280701,4.80938,;246.280701,4.85946,;246.280701,4.90954,;246.280701,4.95963,;246.280701,5.00971,;246.280701,5.05979,;246.280701,5.10987,;246.280701,5.15998,;246.280701,5.21008,;246.280701,5.26016,;246.280701,5.31025,;239.562716,5.36034,;239.562716,5.41044,;239.562716,5.46053,;239.562716,5.51062,;239.562716,5.56071,;239.562716,5.61081,;239.562716,5.66089,;239.562716,5.71099,;239.562716,5.76107,;239.562716,5.81117,;239.562716,5.8613,;239.562716,5.91138,;239.562716,5.96149,;239.562716,6.01158,;239.562716,6.0617,;239.562716,6.11178,;239.562716,6.16191,;239.562716,6.21201,;239.562716,6.2621,;239.562716,6.3122,;239.562716,6.36229,;239.562716,6.41239,;239.562716,6.46254,;239.562716,6.51263,;239.562716,6.56273,;231.135344,6.61283,;231.135344,6.66295,;231.135344,6.71307,;231.135344,6.76315,;231.135344,6.81327,;231.135344,6.86336,;231.135344,6.91348,;231.135344,6.9636,;231.135344,7.01372,;231.135344,7.06381,;231.135344,7.1139,;231.135344,7.16398,;231.135344,7.21408,;231.135344,7.2642,;231.135344,7.3143,;231.135344,7.36439,;231.135344,7.41448,;231.135344,7.46456,;231.135344,7.51464,;231.135344,7.56473,;231.135344,7.61484,;231.135344,7.66492,;231.135344,7.71502,;231.135344,7.76511,;231.135344,7.81524,;231.135344,7.86535,;231.135344,7.91543,;231.135344,7.96553,;231.135344,8.01562,;231.135344,8.06575,;231.135344,8.11584,;231.135344,8.16594,;231.135344,8.21603,;231.135344,8.26611,;231.135344,8.3162,;231.135344,8.36632,;231.135344,8.4164,;231.135344,8.46652,;231.135344,8.5166,;231.135344,8.56672,;231.135344,8.6168,;231.135344,8.66692,;231.135344,8.71701,;231.135344,8.7671,;231.135344,8.81721,;231.135344,8.86729,;231.135344,8.91738,;231.135344,8.9675,;231.135344,9.0176,;231.135344,9.06773,;231.135344,9.11784,;231.135344,9.16794,;231.135344,9.21804,;231.135344,9.26814,;231.135344,9.31826,;231.135344,9.36836,;231.135344,9.41849,;231.135344,9.46861,;231.135344,9.51873,;231.135344,9.56885,;231.135344,9.61897,;231.135344,9.66905,;231.135344,9.71915,;231.135344,9.76925,;231.135344,9.81933,;231.135344,9.86946,;231.135344,9.91958,;231.135344,9.96967,;231.135344,10.0197,;231.135344,10.0698,;
708.892345,0.0500931,;663.921971,0.10021,;663.921971,0.150305,;663.921971,0.200419,;663.921971,0.250496,;663.921971,0.300575,;663.921971,0.350672,;663.921971,0.400746,;450.729212,0.450849,;450.729212,0.500958,;450.729212,0.551073,;418.842863,0.601146,;418.842863,0.651252,;418.842863,0.701376,;418.842863,0.751463,;418.842863,0.801538,;418.842863,0.851651,;418.842863,0.901765,;418.842863,0.951877,;418.842863,1.00196,;418.842863,1.05204,;407.345032,1.10215,;403.770915,1.15223,;403.770915,1.20231,;403.770915,1.25238,;403.770915,1.30246,;403.770915,1.35257,;403.770915,1.40269,;403.770915,1.45277,;403.770915,1.5029,;403.770915,1.55299,;403.770915,1.60311,;403.770915,1.65322,;403.770915,1.70333,;315.566238,1.75344,;315.566238,1.80354,;315.566238,1.85365,;315.566238,1.90376,;315.566238,1.95389,;315.566238,2.00402,;315.566238,2.05414,;315.566238,2.10425,;315.566238,2.15436,;311.312196,2.20447,;275.653696,2.25455,;275.653696,2.30466,;275.653696,2.35476,;275.653696,2.40484,;275.653696,2.45493,;275.653696,2.50501,;275.653696,2.55509,;267.490654,2.6052,;267.490654,2.65529,;267.490654,2.70541,;267.490654,2.7555,;267.490654,2.80561,;267.490654,2.85573,;267.490654,2.90588,;267.490654,2.95599,;267.490654,3.00611,;247.029918,3.05622,;247.029918,3.10629,;247.029918,3.15644,;247.029918,3.20652,;247.029918,3.2566,;247.029918,3.30669,;247.029918,3.35679,;247.029918,3.40689,;247.029918,3.457,;247.029918,3.50708,;247.029918,3.55716,;247.029918,3.60726,;247.029918,3.65734,;247.029918,3.70743,;247.029918,3.75755,;247.029918,3.80768,;247.029918,3.85776,;247.029918,3.90785,;247.029918,3.95797,;247.029918,4.00806,;247.029918,4.05816,;247.029918,4.10828,;247.029918,4.15835,;247.029918,4.20846,;247.029918,4.25854,;247.029918,4.30865,;247.029918,4.35873,;247.029918,4.40881,;247.029918,4.4589,;247.029918,4.50898,;247.029918,4.55907,;247.029918,4.60918,;247.029918,4.65926,;247.029918,4.70937,;247.029918,4.75946,;247.029918,4.80958,;247.029918,4.85967,;247.029918,4.90978,;247.029918,4.95989,;247.029918,5.01001,;239.763750,5.06009,;239.763750,5.1102,;239.763750,5.16031,;239.763750,5.21039,;239.763750,5.26051,;239.763750,5.3106,;239.763750,5.36072,;239.763750,5.41081,;239.763750,5.46094,;239.763750,5.51103,;239.763750,5.56115,;239.763750,5.61123,;239.763750,5.66135,;239.763750,5.71144,;239.763750,5.76156,;239.763750,5.81167,;239.763750,5.86179,;239.763750,5.9119,;239.763750,5.96201,;239.763750,6.01213,;239.763750,6.06224,;239.763750,6.11236,;239.763750,6.16243,;239.763750,6.21251,;239.763750,6.26261,;239.763750,6.31272,;239.763750,6.36281,;239.763750,6.41294,;239.763750,6.46303,;239.763750,6.51315,;239.763750,6.56325,;239.763750,6.61336,;239.763750,6.66346,;239.763750,6.71358,;239.763750,6.76369,;239.763750,6.81375,;239.763750,6.86385,;239.763750,6.91397,;239.763750,6.96408,;239.763750,7.01421,;239.763750,7.0643,;239.763750,7.11438,;239.763750,7.16447,;239.763750,7.21456,;239.763750,7.26466,;239.763750,7.31475,;239.763750,7.36489,;239.763750,7.41498,;239.763750,7.4651,;239.763750,7.51519,;239.763750,7.56532,;239.763750,7.61541,;239.763750,7.66549,;239.763750,7.71557,;239.763750,7.7657,;239.763750,7.81581,;239.763750,7.86593,;239.763750,7.91606,;239.763750,7.96619,;239.763750,8.01631,;239.763750,8.06642,;239.763750,8.11653,;239.763750,8.16661,;239.763750,8.21673,;239.763750,8.26681,;239.763750,8.31692,;239.763750,8.367,;239.763750,8.41709,;239.763750,8.46721,;239.763750,8.51733,;239.763750,8.56742,;239.763750,8.6175,;239.763750,8.66758,;239.763750,8.71768,;239.763750,8.76777,;239.763750,8.81786,;239.763750,8.86795,;239.763750,8.91805,;239.763750,8.96817,;239.763750,9.0183,;239.763750,9.06839,;239.763750,9.11848,;239.763750,9.16864,;239.763750,9.21873,;239.763750,9.26883,;239.763750,9.31892,;239.763750,9.36901,;239.763750,9.4191,;239.763750,9.46918,;239.763750,9.51927,;239.763750,9.5694,;239.763750,9.61949,;239.763750,9.66961,;239.763750,9.71973,;239.763750,9.76985,;239.763750,9.81994,;239.763750,9.87002,;239.763750,9.92014,;239.763750,9.97022,;239.763750,10.0203,;
inf,0.0500926,;386.187207,0.100208,;386.187207,0.150297,;386.187207,0.200451,;386.187207,0.250582,;386.187207,0.300661,;386.187207,0.350778,;386.187207,0.400895,;373.487616,0.45101,;373.487616,0.501134,;373.487616,0.551223,;373.487616,0.601303,;373.487616,0.651412,;373.487616,0.7015,;371.002720,0.751615,;371.002720,0.801733,;371.002720,0.851851,;371.002720,0.901945,;371.002720,0.952063,;371.002720,1.00214,;371.002720,1.05226,;371.002720,1.10238,;371.002720,1.15244,;371.002720,1.20255,;371.002720,1.25263,;371.002720,1.30274,;371.002720,1.35282,;371.002720,1.40295,;371.002720,1.45304,;371.002720,1.50316,;371.002720,1.55326,;371.002720,1.60337,;371.002720,1.65346,;349.783104,1.70357,;344.345340,1.75366,;344.345340,1.80379,;344.345340,1.8539,;344.345340,1.90399,;344.345340,1.95411,;344.345340,2.0042,;344.345340,2.05433,;283.599942,2.10445,;283.599942,2.15456,;283.599942,2.20465,;283.599942,2.25476,;283.599942,2.30486,;283.599942,2.35498,;283.599942,2.40507,;283.599942,2.45519,;283.599942,2.5053,;283.599942,2.55537,;283.599942,2.60546,;283.599942,2.65554,;283.599942,2.70563,;283.599942,2.75573,;283.599942,2.80585,;283.599942,2.85593,;283.599942,2.90602,;283.599942,2.95614,;283.599942,3.0063,;283.599942,3.05638,;283.599942,3.10647,;283.599942,3.15655,;283.599942,3.20667,;283.599942,3.25675,;283.599942,3.30687,;283.599942,3.35696,;283.599942,3.40709,;258.808293,3.45718,;258.808293,3.50731,;258.808293,3.5574,;258.808293,3.60753,;258.808293,3.65765,;258.808293,3.70777,;258.808293,3.75789,;258.808293,3.80799,;258.808293,3.85807,;258.808293,3.90819,;258.808293,3.95828,;258.808293,4.00842,;258.808293,4.05855,;245.926100,4.10863,;245.926100,4.15875,;245.926100,4.20885,;245.926100,4.25896,;245.926100,4.30904,;241.915574,4.35913,;241.915574,4.40923,;241.915574,4.45935,;241.915574,4.50946,;241.915574,4.55955,;241.915574,4.60966,;241.915574,4.65975,;241.915574,4.70984,;241.915574,4.75997,;241.915574,4.81007,;241.915574,4.86019,;241.915574,4.91031,;241.915574,4.96045,;241.915574,5.01057,;241.915574,5.06069,;241.915574,5.11083,;241.915574,5.16096,;241.915574,5.21108,;241.915574,5.2612,;241.915574,5.31131,;241.915574,5.3614,;241.915574,5.41152,;241.915574,5.46161,;241.915574,5.51169,;241.915574,5.56177,;241.915574,5.61186,;241.915574,5.66194,;241.915574,5.71202,;241.915574,5.76212,;241.915574,5.81222,;241.915574,5.86231,;241.915574,5.9124,;241.915574,5.9625,;241.915574,6.01258,;241.915574,6.06267,;241.915574,6.11276,;241.915574,6.16285,;241.915574,6.21294,;241.915574,6.26303,;241.915574,6.31318,;241.915574,6.36329,;241.915574,6.4134,;241.915574,6.46352,;241.915574,6.51364,;241.915574,6.56376,;241.915574,6.61385,;241.915574,6.66397,;241.915574,6.71407,;241.915574,6.76419,;241.915574,6.81431,;241.915574,6.86445,;241.915574,6.91456,;241.915574,6.96465,;241.915574,7.01477,;241.915574,7.06488,;241.915574,7.11498,;241.915574,7.16507,;241.915574,7.21519,;241.915574,7.26528,;241.915574,7.31539,;241.915574,7.36552,;241.915574,7.41563,;241.915574,7.46571,;235.410832,7.51579,;235.410832,7.56588,;235.410832,7.61599,;235.410832,7.66611,;235.410832,7.7162,;235.410832,7.76633,;235.410832,7.81641,;235.410832,7.8665,;235.410832,7.91658,;235.410832,7.9667,;235.410832,8.0168,;235.410832,8.0669,;235.410832,8.11698,;235.410832,8.1671,;234.464713,8.2172,;234.464713,8.26733,;234.464713,8.31741,;234.464713,8.36753,;234.464713,8.41765,;234.464713,8.46776,;234.464713,8.51788,;234.464713,8.56798,;234.464713,8.6181,;234.464713,8.66821,;234.464713,8.71838,;234.464713,8.7685,;234.464713,8.81862,;230.505276,8.86874,;230.505276,8.91887,;230.505276,8.96899,;230.505276,9.01911,;230.505276,9.06924,;230.505276,9.11935,;230.505276,9.16949,;230.505276,9.21961,;230.505276,9.2697,;230.505276,9.31981,;230.505276,9.36993,;230.505276,9.42002,;230.505276,9.47016,;230.505276,9.52024,;230.505276,9.57037,;230.505276,9.62044,;230.505276,9.67052,;230.505276,9.7206,;230.505276,9.77069,;230.505276,9.82078,;230.505276,9.87087,;226.903447,9.92099,;226.903447,9.97108,;226.903447,10.0212,;
inf,0.0500991,;688.530602,0.10021,;688.530602,0.150323,;688.530602,0.200449,;688.530602,0.250565,;688.530602,0.300636,;617.250077,0.350757,;617.250077,0.400833,;617.250077,0.450909,;617.250077,0.500996,;617.250077,0.551118,;617.250077,0.60121,;617.250077,0.651292,;617.250077,0.70138,;617.250077,0.751493,;617.250077,0.801602,;610.798284,0.85173,;610.798284,0.901847,;610.798284,0.951959,;610.798284,1.00208,;610.798284,1.05216,;610.798284,1.10227,;433.331327,1.15238,;433.331327,1.20247,;433.331327,1.25258,;433.331327,1.30267,;433.331327,1.35275,;433.331327,1.40287,;433.331327,1.45297,;433.331327,1.50309,;433.331327,1.5532,;433.331327,1.60332,;433.331327,1.65344,;433.331327,1.70355,;433.331327,1.75363,;433.331327,1.80374,;433.331327,1.85386,;288.190670,1.90398,;288.190670,1.9541,;286.498289,2.00422,;286.498289,2.05432,;286.498289,2.1044,;286.498289,2.15451,;270.660459,2.20462,;270.660459,2.25471,;270.660459,2.3048,;270.660459,2.35491,;270.660459,2.40501,;260.090510,2.45513,;260.090510,2.50521,;260.090510,2.5553,;260.090510,2.60541,;260.090510,2.65554,;260.090510,2.70563,;260.090510,2.75575,;260.090510,2.80588,;260.090510,2.85596,;260.090510,2.90605,;260.090510,2.95617,;260.090510,3.00626,;260.090510,3.05638,;260.090510,3.1065,;259.594844,3.15663,;259.594844,3.20674,;259.594844,3.25682,;256.204653,3.30695,;256.204653,3.35706,;256.204653,3.40715,;256.204653,3.45725,;256.204653,3.50733,;256.204653,3.55743,;256.204653,3.60752,;256.204653,3.65762,;256.204653,3.7077,;256.204653,3.75779,;256.204653,3.80789,;256.204653,3.85797,;256.204653,3.90806,;256.204653,3.95818,;256.204653,4.0083,;256.204653,4.05842,;256.204653,4.10854,;253.651489,4.15866,;240.381175,4.20874,;240.381175,4.25887,;240.381175,4.30897,;240.381175,4.35909,;240.381175,4.40919,;240.381175,4.45931,;240.381175,4.50943,;240.381175,4.55955,;240.381175,4.60967,;240.381175,4.65975,;240.381175,4.70988,;240.381175,4.75999,;240.381175,4.81007,;240.381175,4.86016,;240.381175,4.91028,;240.381175,4.96036,;240.381175,5.01045,;240.381175,5.06054,;240.381175,5.11066,;240.381175,5.16074,;240.381175,5.21082,;240.381175,5.26092,;240.381175,5.31108,;240.381175,5.36116,;240.381175,5.41128,;240.381175,5.4614,;240.381175,5.51151,;240.381175,5.5616,;240.381175,5.61173,;240.381175,5.6618,;240.381175,5.71191,;240.381175,5.76199,;240.381175,5.8121,;240.381175,5.86218,;240.381175,5.91226,;240.381175,5.96235,;240.381175,6.01244,;240.381175,6.06254,;240.381175,6.11263,;240.381175,6.16275,;240.381175,6.21283,;240.381175,6.26295,;240.381175,6.31307,;240.381175,6.36318,;240.381175,6.41327,;240.381175,6.46339,;240.381175,6.51347,;240.381175,6.56356,;240.381175,6.61367,;240.381175,6.66375,;240.381175,6.71387,;240.381175,6.76398,;240.381175,6.8141,;240.381175,6.86422,;240.381175,6.91433,;240.381175,6.96443,;240.381175,7.01453,;240.381175,7.06463,;240.381175,7.11472,;240.381175,7.1648,;240.381175,7.21491,;240.381175,7.265,;240.381175,7.31512,;240.381175,7.36522,;240.381175,7.41534,;240.381175,7.46543,;240.381175,7.51554,;240.381175,7.56565,;240.381175,7.61576,;240.381175,7.66587,;240.381175,7.71596,;240.381175,7.76608,;240.381175,7.81619,;240.381175,7.8663,;240.381175,7.91637,;238.586853,7.96649,;238.586853,8.01661,;238.586853,8.06672,;238.586853,8.1168,;238.586853,8.16691,;238.586853,8.217,;238.586853,8.26711,;238.586853,8.3172,;238.586853,8.36728,;238.586853,8.41736,;238.586853,8.46745,;238.586853,8.51757,;238.586853,8.56769,;238.586853,8.61778,;238.586853,8.66789,;238.586853,8.718,;238.586853,8.76811,;238.586853,8.81819,;238.586853,8.86828,;238.586853,8.91841,;238.586853,8.96851,;238.586853,9.0186,;238.586853,9.06867,;238.586853,9.11878,;238.586853,9.16885,;238.586853,9.21896,;238.586853,9.26902,;238.586853,9.3191,;238.586853,9.36919,;238.586853,9.41928,;234.885182,9.46935,;234.885182,9.51944,;234.885182,9.56953,;234.885182,9.61961,;234.885182,9.6697,;234.885182,9.71978,;234.885182,9.76986,;234.885182,9.81999,;234.885182,9.87007,;234.885182,9.92017,;234.885182,9.97025,;234.885182,10.0204,;
inf,0.0500932,;inf,0.100206,;821.918620,0.150281,;821.918620,0.200377,;821.918620,0.25049,;781.157075,0.30061,;781.157075,0.35072,;781.157075,0.400835,;781.157075,0.450924,;761.734846,0.501038,;761.734846,0.551111,;761.734846,0.601191,;536.022193,0.651267,;536.022193,0.70134,;536.022193,0.751453,;536.022193,0.801534,;536.022193,0.85165,;536.022193,0.901761,;528.347086,0.95188,;528.347086,1.00196,;528.347086,1.05205,;528.347086,1.10218,;528.347086,1.15235,;528.347086,1.20246,;528.347086,1.25253,;528.347086,1.30257,;528.347086,1.35264,;528.347086,1.40275,;528.347086,1.45283,;528.347086,1.50291,;528.347086,1.553,;528.347086,1.60309,;528.347086,1.65318,;528.347086,1.70331,;514.552552,1.7534,;514.552552,1.80352,;308.573030,1.85359,;308.573030,1.90369,;308.573030,1.95377,;279.736444,2.0039,;279.736444,2.05403,;279.736444,2.10412,;279.736444,2.15419,;279.736444,2.2043,;279.736444,2.25443,;279.736444,2.30455,;279.736444,2.35463,;279.736444,2.40471,;279.736444,2.45479,;279.736444,2.5049,;279.736444,2.55499,;279.736444,2.60509,;279.736444,2.65518,;279.736444,2.7053,;279.736444,2.75539,;279.736444,2.80552,;279.736444,2.85561,;279.736444,2.90572,;279.736444,2.9558,;279.736444,3.00588,;279.736444,3.05596,;279.736444,3.10604,;279.736444,3.15615,;279.736444,3.20626,;279.736444,3.25634,;279.736444,3.30642,;279.736444,3.35651,;279.736444,3.40656,;279.736444,3.45663,;279.736444,3.50671,;279.736444,3.55679,;278.273750,3.60687,;278.273750,3.65694,;278.273750,3.70701,;278.273750,3.75709,;278.273750,3.80717,;278.273750,3.85728,;278.273750,3.90738,;278.273750,3.95746,;264.497281,4.00757,;264.497281,4.05768,;264.497281,4.10775,;264.497281,4.15785,;262.146819,4.20794,;262.146819,4.25803,;262.146819,4.30816,;262.146819,4.35823,;262.146819,4.40833,;262.146819,4.45844,;262.146819,4.50854,;262.146819,4.55861,;262.146819,4.60872,;262.146819,4.6588,;262.146819,4.70892,;262.146819,4.759,;262.146819,4.80912,;262.146819,4.85921,;262.146819,4.90933,;262.146819,4.95943,;262.146819,5.00956,;262.146819,5.05964,;262.146819,5.10973,;262.146819,5.15981,;262.146819,5.20993,;262.146819,5.26001,;262.146819,5.3101,;262.146819,5.36023,;262.146819,5.41032,;262.146819,5.46043,;262.146819,5.51051,;262.146819,5.5606,;262.146819,5.61068,;262.146819,5.66077,;262.146819,5.71085,;262.146819,5.76096,;262.146819,5.81104,;262.146819,5.86112,;262.146819,5.91122,;251.407293,5.96135,;251.407293,6.01144,;251.407293,6.06155,;251.407293,6.11164,;251.407293,6.16174,;251.407293,6.21183,;251.407293,6.26192,;251.407293,6.31203,;251.407293,6.36211,;251.407293,6.41223,;251.407293,6.46231,;251.407293,6.51239,;251.407293,6.5625,;251.407293,6.61262,;251.407293,6.6627,;251.407293,6.71283,;251.407293,6.76292,;251.407293,6.81304,;251.407293,6.86313,;251.407293,6.91323,;251.407293,6.96332,;251.407293,7.01339,;251.407293,7.06349,;251.407293,7.11362,;251.407293,7.1637,;251.407293,7.21381,;251.407293,7.26394,;251.407293,7.31405,;251.407293,7.36418,;251.407293,7.41426,;251.407293,7.46439,;251.407293,7.51451,;251.407293,7.56465,;251.407293,7.61472,;251.407293,7.66485,;251.407293,7.71494,;251.407293,7.76507,;251.407293,7.81516,;251.407293,7.86526,;251.407293,7.91535,;251.407293,7.96542,;251.407293,8.01554,;251.407293,8.06567,;251.407293,8.11576,;251.407293,8.16588,;251.407293,8.216,;231.528373,8.26609,;231.528373,8.31621,;231.528373,8.36632,;231.528373,8.41644,;231.528373,8.46653,;231.528373,8.51665,;231.528373,8.56673,;231.528373,8.61685,;231.528373,8.66697,;231.528373,8.71705,;231.528373,8.76717,;231.528373,8.81724,;231.528373,8.86736,;231.528373,8.91744,;231.528373,8.96754,;231.528373,9.01767,;231.528373,9.06775,;231.528373,9.11786,;231.528373,9.16795,;231.528373,9.21807,;231.528373,9.26819,;231.528373,9.31828,;231.528373,9.36836,;231.528373,9.41846,;231.528373,9.46855,;231.528373,9.51862,;231.528373,9.56871,;231.528373,9.61879,;231.528373,9.66889,;231.528373,9.71899,;231.528373,9.76911,;231.528373,9.81919,;227.288702,9.86931,;227.288702,9.91942,;227.288702,9.96954,;227.288702,10.0197,;
797.016524,0.0500657,;757.450281,0.100159,;757.450281,0.15025,;757.450281,0.200336,;757.450281,0.250425,;746.248617,0.30051,;746.248617,0.3506,;447.223366,0.400688,;447.223366,0.450764,;447.223366,0.500854,;447.223366,0.550943,;447.223366,0.601056,;447.223366,0.651141,;447.223366,0.701232,;417.282707,0.751319,;417.282707,0.801436,;417.282707,0.851512,;417.282707,0.901599,;417.282707,0.951685,;417.282707,1.00177,;309.067422,1.05185,;309.067422,1.10194,;309.067422,1.15204,;309.067422,1.20212,;309.067422,1.25221,;305.625659,1.30229,;305.625659,1.35241,;305.625659,1.4025,;305.625659,1.45258,;305.625659,1.50264,;305.625659,1.55275,;305.625659,1.60283,;305.625659,1.65292,;305.625659,1.70302,;305.625659,1.7531,;305.625659,1.80322,;305.625659,1.85334,;305.625659,1.90343,;305.625659,1.95351,;305.625659,2.00363,;305.625659,2.05371,;305.625659,2.1038,;305.625659,2.15392,;305.625659,2.20403,;305.625659,2.25412,;305.625659,2.3042,;305.625659,2.35436,;305.625659,2.40447,;305.625659,2.45459,;305.625659,2.5047,;305.625659,2.55479,;305.625659,2.60491,;305.625659,2.655,;305.625659,2.70512,;305.625659,2.75524,;305.625659,2.80536,;305.625659,2.85547,;305.625659,2.90559,;305.625659,2.95568,;305.625659,3.00581,;258.168383,3.05591,;258.168383,3.106,;258.168383,3.15609,;258.168383,3.20622,;258.168383,3.25631,;258.168383,3.30639,;258.168383,3.35648,;258.168383,3.40656,;258.168383,3.45665,;258.168383,3.50677,;258.168383,3.55686,;258.168383,3.60696,;258.168383,3.65708,;258.168383,3.70718,;258.168383,3.7573,;258.168383,3.80743,;258.168383,3.85754,;241.167769,3.90763,;241.167769,3.95776,;241.167769,4.00788,;241.167769,4.058,;230.954372,4.10812,;230.954372,4.15824,;230.954372,4.20834,;230.954372,4.25846,;230.954372,4.30858,;230.954372,4.35867,;230.954372,4.40878,;230.954372,4.45886,;230.954372,4.50895,;230.954372,4.55905,;230.954372,4.60917,;230.954372,4.65926,;230.954372,4.70938,;230.954372,4.7595,;230.954372,4.80962,;230.954372,4.85973,;230.954372,4.90985,;230.954372,4.95996,;230.954372,5.01008,;230.954372,5.06021,;230.954372,5.1103,;230.954372,5.16043,;230.954372,5.21055,;230.954372,5.26065,;230.954372,5.31072,;230.954372,5.36081,;230.954372,5.41088,;230.954372,5.46097,;230.954372,5.51107,;230.954372,5.56119,;230.954372,5.61128,;230.954372,5.66137,;230.954372,5.71146,;230.954372,5.76156,;230.954372,5.81164,;230.954372,5.86176,;230.954372,5.91185,;230.954372,5.96197,;230.954372,6.01204,;230.954372,6.06216,;230.954372,6.11229,;230.954372,6.16238,;230.954372,6.21246,;230.954372,6.26257,;230.954372,6.31269,;230.954372,6.36276,;230.954372,6.41287,;230.954372,6.46296,;230.954372,6.51308,;230.954372,6.56317,;230.954372,6.61328,;230.954372,6.6634,;230.954372,6.71351,;230.954372,6.76362,;230.954372,6.81371,;230.954372,6.8638,;230.954372,6.91388,;230.954372,6.96398,;230.954372,7.01406,;230.954372,7.06419,;230.954372,7.1143,;230.954372,7.16442,;230.954372,7.21454,;230.954372,7.26465,;230.954372,7.31473,;230.954372,7.36484,;230.954372,7.41493,;230.954372,7.46505,;230.954372,7.51514,;221.266784,7.56525,;221.266784,7.61533,;221.266784,7.66544,;221.266784,7.71553,;221.266784,7.76565,;221.266784,7.81574,;221.266784,7.86586,;221.266784,7.91597,;221.266784,7.96608,;221.266784,8.01619,;221.266784,8.0663,;221.266784,8.11641,;221.266784,8.16653,;221.266784,8.21664,;221.266784,8.26671,;221.266784,8.31683,;221.266784,8.36691,;221.266784,8.41702,;221.266784,8.46713,;221.266784,8.51725,;221.266784,8.56737,;221.266784,8.61748,;221.266784,8.6676,;221.266784,8.71771,;221.266784,8.76784,;221.266784,8.81795,;221.266784,8.86808,;221.266784,8.91819,;221.266784,8.9683,;221.266784,9.01842,;221.266784,9.06853,;221.266784,9.11865,;221.266784,9.16874,;221.266784,9.21882,;221.266784,9.2689,;221.266784,9.31903,;221.266784,9.36912,;221.266784,9.41922,;221.266784,9.46929,;221.266784,9.51938,;221.266784,9.5695,;221.266784,9.61958,;221.266784,9.66968,;221.266784,9.71977,;221.266784,9.76988,;221.266784,9.81998,;221.266784,9.8701,;221.266784,9.92021,;221.266784,9.97032,;221.266784,10.0204,;221.266784,10.0705,;
inf,0.0500984,;942.544559,0.100181,;942.544559,0.150257,;942.544559,0.20037,;941.708630,0.250455,;941.708630,0.300569,;941.708630,0.350652,;899.946540,0.400777,;899.946540,0.450867,;899.946540,0.500978,;433.483644,0.551086,;433.483644,0.601158,;433.483644,0.651242,;433.483644,0.70136,;433.483644,0.751481,;415.134987,0.801554,;415.134987,0.851662,;409.604430,0.901781,;409.604430,0.951895,;409.604430,1.00201,;409.604430,1.05209,;409.604430,1.10215,;409.604430,1.15224,;409.604430,1.20233,;409.604430,1.25242,;409.604430,1.30251,;409.604430,1.35261,;405.994634,1.4027,;405.994634,1.45283,;405.994634,1.50292,;393.392295,1.55302,;393.392295,1.60314,;391.452541,1.65322,;391.452541,1.70334,;391.452541,1.75346,;391.452541,1.80357,;391.452541,1.85369,;391.452541,1.90378,;391.452541,1.95392,;391.452541,2.00404,;391.452541,2.05414,;391.452541,2.10426,;243.641022,2.15434,;243.641022,2.20443,;243.641022,2.25452,;243.641022,2.30464,;243.641022,2.35472,;243.641022,2.40484,;243.641022,2.45494,;243.641022,2.50505,;243.641022,2.55517,;243.641022,2.60528,;243.641022,2.65537,;243.641022,2.70546,;243.641022,2.75556,;243.641022,2.80568,;243.641022,2.85577,;243.641022,2.90589,;243.641022,2.95602,;243.641022,3.0061,;243.641022,3.05622,;243.641022,3.1063,;243.641022,3.15642,;243.641022,3.20652,;243.641022,3.2566,;243.641022,3.30673,;243.641022,3.35685,;243.641022,3.40697,;243.641022,3.4571,;240.897127,3.50722,;240.897127,3.5573,;240.897127,3.60742,;240.897127,3.65754,;240.897127,3.70769,;240.897127,3.75778,;240.897127,3.80787,;240.897127,3.85795,;240.897127,3.90803,;240.897127,3.95812,;240.897127,4.0082,;240.897127,4.05828,;240.897127,4.10835,;238.519378,4.15844,;238.519378,4.20853,;238.519378,4.25862,;238.519378,4.30873,;238.519378,4.35882,;238.519378,4.40893,;238.519378,4.45901,;238.519378,4.50909,;238.519378,4.55919,;238.519378,4.60929,;238.519378,4.65938,;238.519378,4.70948,;238.519378,4.75958,;238.519378,4.8097,;238.519378,4.85981,;238.519378,4.90992,;238.519378,4.96003,;238.519378,5.01016,;238.519378,5.06027,;238.519378,5.11034,;238.519378,5.16046,;238.519378,5.21054,;238.519378,5.26063,;238.519378,5.31073,;238.519378,5.36085,;238.519378,5.41094,;236.328628,5.46103,;236.328628,5.51114,;236.328628,5.56125,;236.328628,5.61137,;236.328628,5.66148,;236.328628,5.71159,;236.328628,5.7617,;236.328628,5.81182,;236.328628,5.8619,;236.328628,5.91201,;236.328628,5.96214,;236.328628,6.01225,;236.328628,6.06232,;236.328628,6.11244,;236.328628,6.16253,;236.328628,6.21265,;236.328628,6.26274,;236.328628,6.31286,;236.328628,6.36295,;236.328628,6.41307,;236.328628,6.46318,;236.328628,6.51329,;236.328628,6.56338,;236.328628,6.61351,;236.328628,6.66364,;236.328628,6.71375,;236.328628,6.76383,;236.328628,6.81394,;236.328628,6.86405,;236.328628,6.91416,;236.328628,6.96425,;236.328628,7.01433,;236.328628,7.06445,;236.328628,7.11453,;236.328628,7.16461,;236.328628,7.2147,;236.328628,7.26478,;236.328628,7.31485,;236.328628,7.36493,;236.328628,7.41501,;236.328628,7.46509,;236.328628,7.51517,;236.328628,7.56529,;236.328628,7.61538,;236.328628,7.66549,;236.328628,7.71557,;236.328628,7.76566,;236.328628,7.81577,;236.328628,7.86588,;236.328628,7.91603,;236.328628,7.96616,;236.328628,8.01627,;236.328628,8.06634,;236.328628,8.11645,;236.328628,8.16654,;236.328628,8.21666,;236.328628,8.26674,;236.328628,8.31685,;236.328628,8.36695,;236.328628,8.41706,;236.328628,8.46715,;234.533724,8.51722,;234.533724,8.56731,;234.533724,8.61742,;234.533724,8.66755,;234.533724,8.71767,;234.533724,8.76778,;234.533724,8.8179,;234.533724,8.86801,;234.533724,8.91812,;234.533724,8.96824,;234.533724,9.01831,;234.533724,9.0684,;230.802460,9.11849,;230.802460,9.16856,;230.802460,9.21864,;230.802460,9.26872,;230.802460,9.31881,;230.802460,9.3689,;230.802460,9.41899,;230.802460,9.46912,;230.802460,9.51924,;230.802460,9.56932,;230.802460,9.61944,;230.802460,9.66955,;230.802460,9.71966,;230.802460,9.76973,;230.802460,9.81985,;230.802460,9.86996,;230.802460,9.92007,;230.802460,9.97012,;230.802460,10.0202,;
895.282025,0.0500571,;895.282025,0.10014,;895.282025,0.150229,;895.282025,0.200319,;895.282025,0.250401,;895.282025,0.300485,;895.282025,0.350567,;895.282025,0.400654,;895.282025,0.450731,;895.282025,0.500799,;895.282025,0.550872,;895.282025,0.600961,;895.282025,0.651053,;889.489371,0.70118,;854.254061,0.751265,;854.254061,0.801343,;854.254061,0.851424,;854.254061,0.901523,;854.254061,0.9516,;854.254061,1.00168,;824.957201,1.05179,;354.487665,1.10186,;354.487665,1.15197,;354.487665,1.20204,;354.487665,1.25214,;354.487665,1.30225,;349.923161,1.35234,;349.923161,1.40244,;349.923161,1.45255,;349.923161,1.50264,;349.923161,1.55275,;349.923161,1.60283,;349.923161,1.65295,;349.923161,1.70306,;349.923161,1.75318,;349.923161,1.80329,;289.143407,1.85338,;289.143407,1.90351,;289.143407,1.95362,;289.143407,2.00374,;289.143407,2.05382,;289.143407,2.1039,;252.661967,2.15397,;252.661967,2.20405,;252.661967,2.25414,;252.661967,2.30422,;252.661967,2.3543,;252.661967,2.40441,;252.661967,2.45448,;252.661967,2.5046,;252.661967,2.55468,;252.661967,2.6048,;252.661967,2.65492,;252.661967,2.70506,;252.661967,2.75519,;252.661967,2.8053,;252.661967,2.85543,;252.661967,2.90555,;238.998969,2.95566,;238.998969,3.00577,;238.998969,3.05589,;238.998969,3.10597,;238.998969,3.15606,;238.998969,3.20617,;238.998969,3.25626,;238.998969,3.30638,;238.998969,3.35649,;238.998969,3.40661,;238.998969,3.45672,;238.998969,3.50684,;238.998969,3.55695,;238.998969,3.60704,;238.998969,3.65716,;238.998969,3.70727,;238.998969,3.75736,;238.998969,3.80748,;238.998969,3.85756,;238.998969,3.90766,;238.998969,3.95774,;238.998969,4.00789,;238.998969,4.05797,;238.998969,4.10809,;238.998969,4.15818,;238.998969,4.20827,;238.998969,4.25837,;238.998969,4.30849,;238.998969,4.35861,;238.998969,4.40872,;238.998969,4.45881,;238.998969,4.50891,;238.998969,4.55901,;238.998969,4.60911,;238.804845,4.65919,;238.804845,4.7093,;238.804845,4.75942,;238.804845,4.80952,;238.804845,4.8596,;238.804845,4.90969,;238.804845,4.95977,;238.804845,5.0098,;238.804845,5.05988,;238.804845,5.10997,;238.804845,5.16005,;238.804845,5.21014,;238.804845,5.26024,;238.804845,5.31032,;238.804845,5.36043,;238.804845,5.41051,;238.804845,5.46059,;238.804845,5.51066,;238.804845,5.56077,;238.804845,5.61089,;238.804845,5.66098,;238.804845,5.71107,;238.804845,5.76119,;238.804845,5.81127,;238.804845,5.86136,;238.804845,5.91146,;238.804845,5.96155,;238.804845,6.01165,;238.804845,6.06177,;238.804845,6.11186,;238.804845,6.16193,;238.804845,6.21205,;238.804845,6.26214,;238.804845,6.31227,;238.804845,6.36235,;238.804845,6.41244,;238.804845,6.46252,;238.804845,6.51265,;238.804845,6.56273,;238.804845,6.61285,;238.804845,6.66293,;236.466455,6.71303,;235.280172,6.76312,;235.280172,6.8132,;235.280172,6.86328,;235.280172,6.91336,;235.280172,6.96345,;235.280172,7.01354,;235.280172,7.06364,;235.280172,7.11373,;235.280172,7.16384,;235.280172,7.21392,;235.280172,7.26404,;235.280172,7.31417,;235.280172,7.36429,;235.280172,7.41438,;235.280172,7.46448,;235.280172,7.51458,;235.280172,7.56468,;235.280172,7.61477,;235.280172,7.66486,;235.280172,7.71497,;235.280172,7.76507,;235.280172,7.81515,;235.280172,7.86523,;235.280172,7.91531,;235.280172,7.9654,;235.280172,8.01552,;235.280172,8.06563,;235.280172,8.11577,;235.280172,8.16585,;235.280172,8.21598,;235.280172,8.26609,;235.280172,8.31617,;235.280172,8.36627,;235.280172,8.41636,;235.280172,8.46647,;235.280172,8.51659,;235.280172,8.56667,;235.280172,8.61676,;234.120613,8.66686,;234.120613,8.71697,;234.120613,8.76706,;234.120613,8.81715,;234.120613,8.86726,;234.120613,8.91737,;234.120613,8.96747,;234.120613,9.01758,;234.120613,9.06767,;234.120613,9.1178,;234.120613,9.16792,;234.120613,9.21799,;234.120613,9.2681,;234.120613,9.3182,;234.120613,9.36832,;234.120613,9.41842,;234.120613,9.46855,;234.120613,9.51864,;234.120613,9.56876,;234.120613,9.61888,;234.120613,9.669,;234.120613,9.71908,;234.120613,9.76919,;234.120613,9.81929,;234.120613,9.8694,;234.120613,9.91952,;234.120613,9.96963,;234.120613,10.0197,;
inf,0.0501024,;770.804454,0.10019,;770.804454,0.150302,;770.804454,0.200426,;770.804454,0.250537,;770.804454,0.300626,;770.804454,0.350779,;770.804454,0.400857,;445.292539,0.450949,;445.292539,0.501041,;445.292539,0.551142,;426.119600,0.60124,;426.119600,0.651351,;426.119600,0.701437,;426.119600,0.751546,;262.402631,0.801654,;262.402631,0.851766,;262.402631,0.90188,;262.402631,0.951993,;262.402631,1.00212,;262.402631,1.05223,;262.402631,1.10235,;262.402631,1.15246,;262.402631,1.20257,;262.402631,1.25262,;262.402631,1.30271,;262.402631,1.35278,;262.402631,1.40287,;262.402631,1.45297,;262.402631,1.50309,;262.402631,1.55319,;262.402631,1.60331,;262.402631,1.6534,;262.402631,1.70352,;262.402631,1.75363,;262.402631,1.80375,;262.402631,1.85384,;262.402631,1.90396,;262.402631,1.95408,;262.402631,2.00419,;262.402631,2.0543,;262.402631,2.10442,;262.402631,2.15453,;262.402631,2.20465,;262.402631,2.25474,;262.402631,2.30485,;262.402631,2.35497,;262.402631,2.40509,;262.402631,2.45518,;262.402631,2.5053,;262.402631,2.55542,;262.402631,2.60554,;262.402631,2.65565,;262.402631,2.70578,;262.402631,2.7559,;262.402631,2.80603,;262.402631,2.85615,;262.402631,2.90627,;262.402631,2.95636,;262.402631,3.00648,;262.402631,3.05657,;262.402631,3.10669,;262.402631,3.15676,;262.402631,3.20688,;262.402631,3.25698,;262.402631,3.3071,;262.402631,3.3572,;262.402631,3.40732,;262.402631,3.45742,;262.402631,3.50753,;262.402631,3.55768,;262.402631,3.6078,;262.402631,3.65792,;262.402631,3.70803,;262.402631,3.75815,;262.402631,3.80826,;239.299642,3.85836,;239.299642,3.90848,;239.299642,3.95856,;239.299642,4.00862,;239.299642,4.05869,;239.299642,4.10885,;239.299642,4.15897,;239.299642,4.20906,;239.299642,4.25918,;239.299642,4.30925,;239.299642,4.35935,;239.299642,4.40944,;239.299642,4.45956,;239.299642,4.50971,;239.299642,4.55983,;239.299642,4.60992,;235.676434,4.66004,;235.676434,4.71016,;235.676434,4.76028,;235.676434,4.8104,;235.676434,4.86053,;235.676434,4.91061,;235.676434,4.96069,;235.676434,5.0108,;235.676434,5.06088,;235.676434,5.11097,;235.676434,5.16106,;235.676434,5.21118,;235.676434,5.26128,;235.676434,5.31136,;235.676434,5.36144,;235.676434,5.41156,;235.676434,5.46163,;235.676434,5.51172,;235.676434,5.56182,;235.676434,5.61191,;235.676434,5.66201,;235.676434,5.71214,;235.676434,5.76225,;235.676434,5.81239,;235.676434,5.86251,;235.676434,5.91263,;235.676434,5.96272,;235.676434,6.0128,;235.676434,6.06292,;235.676434,6.11301,;235.676434,6.16309,;235.676434,6.21317,;235.676434,6.26325,;235.676434,6.31334,;235.676434,6.36343,;235.676434,6.41352,;235.676434,6.46361,;235.676434,6.51371,;235.676434,6.56378,;235.676434,6.6139,;235.676434,6.66398,;235.676434,6.71407,;235.676434,6.76419,;235.676434,6.8143,;235.676434,6.86441,;235.676434,6.9145,;235.676434,6.96462,;235.676434,7.01473,;235.676434,7.06481,;235.676434,7.11492,;235.676434,7.165,;235.676434,7.21512,;235.367519,7.26523,;235.367519,7.31535,;235.367519,7.36544,;235.367519,7.41555,;235.367519,7.4657,;235.367519,7.51582,;235.367519,7.56593,;235.367519,7.61604,;235.367519,7.66615,;235.367519,7.71626,;235.367519,7.76637,;235.367519,7.81648,;235.367519,7.8666,;235.367519,7.91667,;235.367519,7.96678,;235.367519,8.01685,;235.367519,8.06696,;235.367519,8.11706,;235.367519,8.16718,;235.367519,8.21727,;235.367519,8.26739,;235.367519,8.31748,;235.367519,8.36759,;235.367519,8.41767,;235.367519,8.4678,;235.367519,8.51789,;235.367519,8.56802,;235.367519,8.61812,;235.367519,8.66824,;235.367519,8.71831,;235.367519,8.7684,;235.367519,8.8185,;235.367519,8.86859,;235.367519,8.91869,;235.367519,8.96877,;235.367519,9.01888,;235.367519,9.06897,;235.367519,9.11909,;235.367519,9.1692,;235.367519,9.21932,;235.367519,9.26941,;235.367519,9.31953,;235.367519,9.36961,;235.367519,9.41973,;235.367519,9.4698,;235.367519,9.51993,;235.367519,9.57002,;235.367519,9.62014,;235.367519,9.67026,;235.367519,9.72035,;235.367519,9.77046,;235.367519,9.82057,;235.367519,9.87065,;235.367519,9.92074,;235.367519,9.97086,;235.367519,10.0209,;
inf,0.0500574,;538.509221,0.100168,;538.509221,0.150239,;523.699231,0.200318,;514.702459,0.250412,;514.702459,0.300512,;512.215578,0.350603,;512.215578,0.400734,;512.215578,0.450811,;512.215578,0.500934,;512.215578,0.551025,;512.215578,0.601145,;512.215578,0.651233,;512.215578,0.701356,;512.215578,0.751435,;512.215578,0.801552,;512.215578,0.851649,;512.215578,0.901777,;509.204553,0.951872,;509.204553,1.00197,;509.204553,1.05211,;509.204553,1.10219,;509.204553,1.1523,;509.204553,1.20238,;509.204553,1.2525,;509.204553,1.30259,;509.204553,1.35267,;509.204553,1.40277,;509.204553,1.45285,;509.204553,1.50293,;509.204553,1.55305,;509.204553,1.60315,;509.204553,1.65326,;509.204553,1.70335,;509.204553,1.75347,;509.204553,1.80356,;509.204553,1.85368,;509.204553,1.90379,;509.204553,1.95389,;489.589943,2.00401,;489.589943,2.05409,;489.589943,2.10421,;489.589943,2.15428,;489.589943,2.20441,;295.980006,2.25451,;295.980006,2.30463,;295.980006,2.35472,;295.980006,2.40485,;295.980006,2.45497,;295.980006,2.50508,;295.980006,2.5552,;295.980006,2.60532,;295.980006,2.65543,;295.980006,2.70555,;295.980006,2.75567,;295.980006,2.80575,;295.980006,2.85586,;267.933172,2.90598,;267.933172,2.9561,;267.933172,3.00618,;267.933172,3.05627,;262.826440,3.1064,;262.826440,3.15651,;262.826440,3.20655,;262.826440,3.25667,;262.826440,3.30675,;262.826440,3.35683,;262.826440,3.40695,;262.826440,3.45707,;262.826440,3.50716,;262.826440,3.55725,;262.826440,3.60736,;262.826440,3.65748,;262.826440,3.70757,;262.826440,3.75765,;262.826440,3.80779,;251.009058,3.85788,;251.009058,3.908,;251.009058,3.95808,;251.009058,4.00816,;251.009058,4.05824,;251.009058,4.10834,;251.009058,4.15842,;251.009058,4.20851,;251.009058,4.25861,;251.009058,4.3087,;251.009058,4.35884,;251.009058,4.40896,;251.009058,4.45908,;251.009058,4.5092,;251.009058,4.55929,;251.009058,4.60938,;251.009058,4.65948,;251.009058,4.7096,;251.009058,4.7597,;251.009058,4.80983,;251.009058,4.85994,;251.009058,4.91001,;251.009058,4.96009,;251.009058,5.01017,;251.009058,5.06028,;251.009058,5.11037,;251.009058,5.16049,;251.009058,5.21057,;251.009058,5.26065,;251.009058,5.31074,;251.009058,5.36086,;251.009058,5.41098,;251.009058,5.46106,;251.009058,5.51118,;251.009058,5.5613,;251.009058,5.61137,;251.009058,5.66148,;251.009058,5.71161,;251.009058,5.7617,;251.009058,5.81178,;251.009058,5.86187,;251.009058,5.91199,;251.009058,5.96206,;251.009058,6.01214,;251.009058,6.06221,;251.009058,6.11233,;251.009058,6.16242,;251.009058,6.21253,;251.009058,6.26265,;251.009058,6.31277,;251.009058,6.36288,;251.009058,6.413,;251.009058,6.46311,;251.009058,6.5132,;251.009058,6.56332,;251.009058,6.61343,;251.009058,6.66352,;251.009058,6.7136,;251.009058,6.76376,;251.009058,6.81384,;251.009058,6.86393,;251.009058,6.91401,;251.009058,6.96412,;251.009058,7.0142,;251.009058,7.06429,;251.009058,7.11438,;251.009058,7.16449,;251.009058,7.21458,;251.009058,7.2647,;251.009058,7.31479,;251.009058,7.36488,;251.009058,7.41499,;245.583502,7.46511,;245.583502,7.51522,;245.583502,7.56534,;245.583502,7.61546,;245.583502,7.66555,;245.583502,7.71567,;245.583502,7.76578,;245.583502,7.81585,;245.583502,7.86598,;245.583502,7.9161,;245.583502,7.96618,;245.583502,8.01629,;245.583502,8.06638,;245.583502,8.1165,;245.583502,8.16659,;245.583502,8.21671,;245.583502,8.2668,;245.583502,8.31692,;245.583502,8.36704,;245.583502,8.41716,;245.583502,8.46728,;245.583502,8.51739,;245.583502,8.5675,;245.583502,8.61761,;245.583502,8.66772,;245.583502,8.71783,;245.583502,8.76792,;245.583502,8.81802,;245.583502,8.86813,;245.583502,8.91821,;245.583502,8.96828,;245.583502,9.01838,;245.583502,9.06851,;245.583502,9.11859,;241.439837,9.16867,;241.439837,9.21877,;241.439837,9.26889,;241.439837,9.31901,;241.439837,9.36912,;241.439837,9.41921,;241.439837,9.46929,;241.439837,9.51938,;241.439837,9.56946,;241.439837,9.61958,;241.439837,9.66966,;241.439837,9.71977,;241.439837,9.76988,;241.439837,9.82,;241.439837,9.87012,;241.439837,9.92023,;241.439837,9.97032,;
inf,0.050099,;368.699442,0.100188,;323.819209,0.15028,;323.819209,0.200407,;323.819209,0.250489,;323.819209,0.300577,;323.819209,0.350672,;323.819209,0.400806,;323.819209,0.450892,;323.819209,0.501009,;323.819209,0.551096,;323.819209,0.601206,;323.819209,0.65129,;323.819209,0.701397,;323.819209,0.751494,;323.819209,0.801591,;323.819209,0.851667,;323.819209,0.90174,;323.819209,0.951828,;323.819209,1.00192,;323.819209,1.052,;323.819209,1.10209,;323.819209,1.15224,;323.819209,1.20232,;323.819209,1.25242,;323.819209,1.30251,;323.819209,1.35259,;323.819209,1.40267,;323.819209,1.45278,;290.330587,1.50287,;290.330587,1.55295,;290.330587,1.60308,;290.330587,1.65319,;290.330587,1.70331,;290.330587,1.75343,;290.330587,1.80354,;290.330587,1.85363,;290.330587,1.90375,;290.330587,1.95383,;290.330587,2.00394,;290.330587,2.05403,;290.330587,2.10414,;280.609201,2.15424,;280.609201,2.20435,;280.609201,2.25444,;280.609201,2.30457,;280.609201,2.35466,;280.609201,2.40477,;280.609201,2.45487,;280.609201,2.50497,;280.609201,2.55507,;280.609201,2.60518,;280.609201,2.65526,;280.609201,2.70534,;240.459035,2.75543,;240.459035,2.80555,;240.459035,2.85567,;240.459035,2.90575,;240.459035,2.95587,;240.459035,3.00596,;240.459035,3.05608,;240.459035,3.10617,;240.459035,3.15629,;240.459035,3.20638,;240.459035,3.2565,;240.459035,3.30662,;240.459035,3.35674,;240.459035,3.40682,;240.459035,3.45693,;240.459035,3.50703,;240.459035,3.55715,;240.459035,3.60728,;240.459035,3.65739,;240.459035,3.7075,;240.459035,3.7576,;240.459035,3.80772,;240.459035,3.85779,;240.459035,3.90791,;240.459035,3.958,;240.459035,4.00812,;240.459035,4.05822,;240.459035,4.10835,;240.459035,4.15845,;240.459035,4.20857,;240.459035,4.25867,;240.459035,4.30875,;240.459035,4.35886,;240.459035,4.40896,;240.459035,4.45903,;240.459035,4.50915,;240.459035,4.55923,;240.459035,4.60934,;240.459035,4.65946,;240.459035,4.70958,;240.459035,4.75971,;240.459035,4.80982,;240.459035,4.85994,;240.459035,4.91002,;240.459035,4.96011,;240.459035,5.01023,;240.459035,5.06031,;240.459035,5.11043,;240.459035,5.16055,;240.459035,5.21066,;240.459035,5.26079,;240.459035,5.31089,;240.459035,5.36101,;240.459035,5.4111,;240.459035,5.46122,;240.459035,5.51132,;240.459035,5.56144,;240.459035,5.61155,;240.459035,5.66163,;240.459035,5.71175,;240.459035,5.76187,;240.459035,5.81199,;240.459035,5.86208,;240.459035,5.91216,;240.459035,5.96226,;240.459035,6.01238,;240.459035,6.06247,;240.459035,6.11255,;240.459035,6.16264,;240.459035,6.21273,;240.459035,6.26285,;240.459035,6.31294,;240.459035,6.36305,;240.459035,6.41318,;240.459035,6.46326,;240.459035,6.51335,;240.459035,6.56343,;240.459035,6.61352,;240.459035,6.66369,;240.459035,6.71377,;240.459035,6.76385,;240.459035,6.81395,;240.459035,6.86408,;240.459035,6.91417,;240.459035,6.9643,;240.459035,7.01441,;240.459035,7.06449,;240.459035,7.11458,;240.459035,7.1647,;240.459035,7.21482,;240.459035,7.26491,;240.459035,7.315,;240.459035,7.36512,;240.459035,7.4152,;240.459035,7.46528,;240.459035,7.51538,;240.459035,7.56548,;240.459035,7.6156,;240.459035,7.66568,;240.459035,7.7158,;240.459035,7.76588,;240.459035,7.81601,;240.459035,7.8661,;240.459035,7.91619,;240.459035,7.96629,;240.459035,8.01641,;240.459035,8.0665,;240.459035,8.11663,;240.459035,8.16673,;240.459035,8.21681,;240.459035,8.26689,;240.459035,8.31706,;240.459035,8.36714,;240.459035,8.41725,;240.459035,8.46733,;240.459035,8.51744,;240.459035,8.56756,;240.459035,8.61768,;240.459035,8.66779,;240.459035,8.71788,;240.459035,8.76796,;240.459035,8.81805,;240.459035,8.86813,;240.459035,8.91823,;240.459035,8.96833,;240.459035,9.01842,;240.459035,9.0685,;240.459035,9.11859,;240.459035,9.16867,;240.459035,9.21875,;240.459035,9.26886,;240.459035,9.31896,;240.459035,9.36908,;240.459035,9.41916,;240.459035,9.46925,;240.459035,9.51934,;240.459035,9.56947,;240.459035,9.61956,;240.459035,9.66964,;240.459035,9.71977,;240.459035,9.76985,;240.459035,9.81999,;240.459035,9.87009,;240.459035,9.92017,;240.459035,9.97028,;240.459035,10.0204,;240.459035,10.0705,;
inf,0.0500584,;433.706056,0.100159,;353.583980,0.150273,;353.583980,0.200352,;353.583980,0.250468,;353.583980,0.300561,;298.033573,0.350682,;298.033573,0.400774,;298.033573,0.450905,;263.601867,0.500993,;263.601867,0.551081,;263.601867,0.601173,;263.601867,0.651262,;262.579297,0.701344,;262.579297,0.751423,;262.579297,0.801493,;262.579297,0.851579,;262.579297,0.901668,;262.579297,0.95176,;262.579297,1.00184,;262.579297,1.05195,;262.579297,1.10202,;262.579297,1.15211,;262.579297,1.2022,;262.579297,1.25224,;262.579297,1.30235,;262.579297,1.35243,;262.579297,1.40258,;262.579297,1.45267,;262.579297,1.50278,;262.579297,1.55288,;262.579297,1.60295,;262.579297,1.65304,;262.579297,1.70315,;262.579297,1.75324,;262.579297,1.80331,;262.579297,1.85341,;262.579297,1.90352,;262.579297,1.95361,;262.579297,2.00373,;262.579297,2.05384,;262.579297,2.10395,;256.066288,2.15406,;256.066288,2.20417,;256.066288,2.25428,;243.073519,2.30435,;243.073519,2.35444,;243.073519,2.40452,;240.230842,2.45463,;240.230842,2.50471,;240.230842,2.5548,;240.230842,2.6049,;240.230842,2.65501,;240.230842,2.7051,;240.230842,2.75522,;240.230842,2.80531,;240.230842,2.85542,;240.230842,2.90551,;240.230842,2.95562,;240.230842,3.00569,;240.230842,3.0558,;240.230842,3.10591,;240.230842,3.15602,;235.123955,3.2061,;235.123955,3.25618,;235.123955,3.30631,;235.123955,3.35638,;235.123955,3.40649,;235.123955,3.45658,;235.123955,3.5067,;235.123955,3.55679,;235.123955,3.60689,;235.123955,3.65697,;235.123955,3.7071,;235.123955,3.75718,;235.123955,3.80727,;235.123955,3.85734,;235.123955,3.90745,;235.123955,3.95754,;235.123955,4.00767,;235.123955,4.05778,;235.123955,4.1079,;235.123955,4.15798,;235.123955,4.2081,;235.123955,4.25819,;235.123955,4.30822,;235.123955,4.35833,;235.123955,4.40841,;235.123955,4.45852,;235.123955,4.5086,;235.123955,4.55873,;235.123955,4.6088,;235.123955,4.65892,;235.123955,4.709,;235.123955,4.75913,;235.123955,4.80921,;235.123955,4.85933,;235.123955,4.9094,;235.123955,4.95947,;235.123955,5.00955,;235.123955,5.05966,;235.123955,5.10977,;235.123955,5.15985,;235.123955,5.20992,;235.123955,5.26004,;235.123955,5.31014,;230.815464,5.36022,;230.815464,5.41035,;230.815464,5.46043,;230.815464,5.51051,;230.815464,5.5606,;230.815464,5.61068,;230.815464,5.66076,;230.815464,5.71084,;230.815464,5.76093,;230.815464,5.81101,;230.815464,5.8611,;230.815464,5.91122,;230.815464,5.96132,;230.815464,6.01144,;230.815464,6.06153,;230.815464,6.11164,;230.815464,6.16174,;230.815464,6.21181,;230.815464,6.2619,;230.815464,6.31201,;230.815464,6.3621,;230.815464,6.41222,;230.815464,6.4623,;230.815464,6.51238,;230.815464,6.5625,;230.815464,6.61259,;230.815464,6.6627,;230.815464,6.71279,;230.815464,6.76287,;230.815464,6.81295,;230.815464,6.86304,;230.815464,6.91311,;230.815464,6.96319,;230.815464,7.01328,;230.815464,7.06336,;230.815464,7.11345,;230.815464,7.16354,;230.815464,7.21362,;230.815464,7.26371,;230.815464,7.31379,;230.815464,7.36388,;230.815464,7.41395,;230.815464,7.46403,;230.815464,7.51412,;230.815464,7.56421,;230.815464,7.6143,;230.815464,7.66439,;230.815464,7.71447,;230.815464,7.76455,;230.815464,7.81464,;230.815464,7.86473,;230.815464,7.91481,;230.815464,7.96489,;230.815464,8.01498,;230.815464,8.06507,;230.815464,8.11515,;230.815464,8.16524,;230.815464,8.21532,;230.815464,8.26539,;230.815464,8.31546,;230.815464,8.36553,;230.815464,8.41561,;230.815464,8.46569,;230.815464,8.5158,;230.815464,8.56588,;230.815464,8.616,;230.815464,8.66611,;230.815464,8.71619,;230.815464,8.76627,;230.815464,8.81634,;230.815464,8.86641,;230.815464,8.91648,;230.815464,8.96655,;230.815464,9.01662,;230.815464,9.06667,;230.815464,9.11676,;230.815464,9.16683,;230.815464,9.21692,;230.815464,9.26701,;230.815464,9.3171,;230.815464,9.36723,;230.815464,9.41733,;230.815464,9.46742,;230.815464,9.51755,;230.815464,9.56767,;230.815464,9.61775,;230.815464,9.66785,;230.815464,9.71794,;230.815464,9.76804,;230.815464,9.81816,;230.815464,9.86823,;230.815464,9.91831,;230.815464,9.96838,;230.815464,10.0184,;230.815464,10.0685,;
646.987866,0.0500592,;322.117324,0.100181,;321.245576,0.150256,;321.245576,0.200367,;321.245576,0.250459,;321.245576,0.300584,;321.245576,0.350679,;321.245576,0.400804,;321.245576,0.45089,;321.245576,0.501016,;317.897401,0.5511,;317.897401,0.601213,;317.897401,0.651323,;317.897401,0.701437,;317.897401,0.751546,;317.897401,0.801627,;317.897401,0.851747,;317.897401,0.90186,;317.897401,0.951943,;317.897401,1.00203,;317.897401,1.05215,;317.897401,1.10222,;317.897401,1.15234,;317.897401,1.20243,;317.897401,1.25254,;317.897401,1.30264,;317.897401,1.35272,;317.897401,1.4028,;317.897401,1.45295,;317.897401,1.50303,;317.897401,1.55312,;317.897401,1.60321,;317.897401,1.65332,;317.897401,1.70348,;317.897401,1.75355,;317.897401,1.80363,;317.897401,1.85374,;317.897401,1.90385,;317.897401,1.95397,;317.897401,2.00408,;317.897401,2.05415,;317.897401,2.10427,;317.897401,2.15435,;317.897401,2.20446,;317.897401,2.25456,;317.897401,2.30464,;317.897401,2.35476,;317.897401,2.40487,;317.897401,2.45496,;317.897401,2.50508,;317.897401,2.55517,;317.897401,2.60525,;317.897401,2.65533,;317.897401,2.70542,;261.209052,2.75551,;261.209052,2.8056,;261.209052,2.85568,;261.209052,2.9058,;261.209052,2.95587,;261.209052,3.00596,;261.209052,3.05603,;261.209052,3.1061,;261.209052,3.15622,;261.209052,3.20629,;253.547832,3.25641,;253.547832,3.3065,;253.547832,3.35659,;253.547832,3.40668,;253.547832,3.45679,;253.547832,3.50688,;253.547832,3.557,;253.547832,3.60711,;253.547832,3.65723,;253.547832,3.70735,;253.547832,3.75742,;253.547832,3.80751,;253.547832,3.85759,;253.547832,3.9077,;253.547832,3.95778,;253.547832,4.0079,;253.547832,4.05801,;253.547832,4.10813,;253.547832,4.15821,;253.547832,4.20833,;253.547832,4.25842,;253.547832,4.30854,;253.547832,4.35862,;253.547832,4.4087,;253.547832,4.45879,;253.547832,4.5089,;253.547832,4.55899,;253.547832,4.6091,;253.547832,4.65921,;253.547832,4.70932,;253.547832,4.7594,;253.547832,4.80952,;253.547832,4.85965,;253.547832,4.90975,;253.547832,4.95987,;253.547832,5.00994,;253.547832,5.06003,;253.547832,5.11013,;253.547832,5.1602,;253.547832,5.21027,;253.547832,5.26036,;253.547832,5.31045,;253.547832,5.36053,;253.547832,5.41061,;253.547832,5.46073,;253.547832,5.51082,;253.547832,5.5609,;253.547832,5.61101,;253.547832,5.66112,;253.547832,5.71121,;253.547832,5.76129,;253.547832,5.8114,;253.547832,5.86149,;253.547832,5.91158,;243.941803,5.96169,;243.941803,6.01178,;243.941803,6.06191,;243.941803,6.11202,;243.941803,6.16213,;243.941803,6.21225,;243.941803,6.26232,;243.941803,6.31241,;242.096419,6.3625,;242.096419,6.41261,;242.096419,6.46271,;242.096419,6.51283,;242.096419,6.56292,;242.096419,6.61303,;242.096419,6.66312,;242.096419,6.71321,;242.096419,6.7633,;242.096419,6.81342,;242.096419,6.8635,;242.096419,6.91362,;242.096419,6.96372,;242.096419,7.01385,;242.096419,7.06396,;242.096419,7.11408,;242.096419,7.16416,;242.096419,7.21428,;242.096419,7.26439,;242.096419,7.31448,;242.096419,7.3646,;242.096419,7.41468,;242.096419,7.46476,;242.096419,7.51484,;242.096419,7.56492,;242.096419,7.61503,;242.096419,7.6651,;242.096419,7.71521,;242.096419,7.76528,;242.096419,7.81539,;242.096419,7.86546,;242.096419,7.91557,;242.096419,7.96564,;242.096419,8.01575,;242.096419,8.06583,;242.096419,8.11593,;242.096419,8.16602,;242.096419,8.21613,;242.096419,8.2662,;242.096419,8.31631,;242.096419,8.36639,;242.096419,8.41652,;242.096419,8.46661,;242.096419,8.51669,;242.096419,8.56676,;242.096419,8.61684,;242.096419,8.66693,;242.096419,8.71701,;242.096419,8.7671,;242.096419,8.81718,;242.096419,8.86728,;242.096419,8.91737,;242.096419,8.96747,;242.096419,9.01755,;242.096419,9.06765,;242.096419,9.11774,;242.096419,9.16786,;242.096419,9.21797,;242.096419,9.26808,;242.096419,9.31816,;242.096419,9.36828,;242.096419,9.41835,;242.096419,9.46844,;242.096419,9.51853,;242.096419,9.56862,;242.096419,9.61872,;242.096419,9.6688,;242.096419,9.7189,;242.096419,9.76898,;242.096419,9.81909,;242.096419,9.8692,;242.096419,9.9193,;242.096419,9.9694,;242.096419,10.0195,;
inf,0.0500676,;726.230968,0.100186,;726.230968,0.150271,;679.786596,0.200417,;679.786596,0.250503,;679.786596,0.30062,;677.323440,0.350709,;677.323440,0.400794,;677.323440,0.450911,;677.323440,0.500996,;644.478746,0.551108,;644.478746,0.601219,;644.478746,0.651329,;644.478746,0.701437,;438.581332,0.75155,;383.842321,0.801659,;383.842321,0.851765,;383.842321,0.901883,;383.842321,0.951991,;383.842321,1.00207,;383.842321,1.05219,;383.842321,1.1023,;383.842321,1.15241,;383.842321,1.20254,;383.842321,1.25261,;383.842321,1.30272,;383.842321,1.35279,;383.842321,1.40289,;383.767637,1.45297,;383.767637,1.50305,;383.767637,1.55314,;383.767637,1.60323,;383.767637,1.65334,;383.767637,1.70346,;383.767637,1.75355,;383.767637,1.80367,;383.767637,1.85376,;383.767637,1.90387,;383.767637,1.95398,;383.767637,2.0041,;383.767637,2.05421,;383.767637,2.10432,;383.767637,2.15444,;383.767637,2.20452,;383.767637,2.25463,;383.767637,2.30471,;383.767637,2.35482,;383.767637,2.40491,;383.767637,2.45503,;383.767637,2.50512,;383.767637,2.5552,;383.767637,2.60531,;319.413936,2.65542,;319.413936,2.70551,;319.413936,2.75563,;319.413936,2.80574,;319.413936,2.85585,;266.848713,2.90596,;266.848713,2.95605,;266.848713,3.00614,;266.848713,3.05626,;266.848713,3.10634,;266.848713,3.15641,;266.848713,3.20652,;266.848713,3.2566,;266.848713,3.30671,;266.848713,3.35679,;266.848713,3.40689,;266.848713,3.45699,;266.848713,3.50711,;266.848713,3.55721,;266.848713,3.6073,;266.848713,3.65737,;266.848713,3.70745,;266.848713,3.75753,;260.511342,3.80761,;259.983796,3.85768,;259.983796,3.90776,;259.983796,3.95783,;259.983796,4.00791,;259.983796,4.05798,;259.983796,4.10806,;259.983796,4.15813,;247.513720,4.2082,;247.513720,4.25827,;247.513720,4.30835,;247.513720,4.35842,;247.513720,4.40849,;247.513720,4.45857,;247.513720,4.50865,;247.513720,4.55872,;232.224658,4.6088,;232.224658,4.65887,;232.224658,4.70895,;232.224658,4.75902,;232.224658,4.80909,;232.224658,4.85917,;232.224658,4.90924,;232.224658,4.95931,;232.224658,5.00939,;232.224658,5.05945,;232.224658,5.10955,;232.224658,5.15967,;232.224658,5.2098,;232.224658,5.25991,;232.224658,5.31003,;232.224658,5.3601,;232.224658,5.41019,;232.224658,5.46026,;232.224658,5.51034,;232.224658,5.56041,;232.224658,5.61049,;232.224658,5.66057,;232.224658,5.71066,;232.224658,5.76073,;232.224658,5.81081,;232.224658,5.86088,;232.224658,5.91095,;232.224658,5.96103,;232.224658,6.01111,;231.671715,6.06118,;231.671715,6.11126,;231.671715,6.16137,;231.671715,6.21145,;231.671715,6.26154,;231.671715,6.31161,;231.671715,6.36169,;231.671715,6.41176,;231.671715,6.46184,;231.671715,6.51191,;231.671715,6.56198,;231.671715,6.61206,;231.671715,6.66213,;231.671715,6.7122,;231.671715,6.76227,;231.671715,6.81235,;231.671715,6.86242,;231.671715,6.9125,;231.671715,6.96263,;231.671715,7.01272,;231.671715,7.06281,;231.671715,7.1129,;231.671715,7.16299,;231.671715,7.21306,;231.671715,7.26314,;231.671715,7.31321,;231.671715,7.36329,;231.671715,7.41336,;231.671715,7.46343,;231.671715,7.51351,;231.671715,7.56358,;231.671715,7.61367,;231.671715,7.66376,;231.671715,7.71389,;231.671715,7.76397,;231.671715,7.81407,;231.671715,7.86416,;231.671715,7.91425,;231.671715,7.96434,;231.671715,8.01443,;231.671715,8.06451,;231.671715,8.11463,;231.671715,8.16472,;231.671715,8.21484,;231.671715,8.26493,;231.671715,8.31501,;231.671715,8.3651,;231.671715,8.41522,;231.671715,8.46533,;231.671715,8.51545,;231.671715,8.56554,;231.671715,8.61563,;231.671715,8.66575,;231.671715,8.71583,;231.671715,8.76592,;231.671715,8.81602,;231.671715,8.86614,;231.671715,8.91625,;231.671715,8.96637,;231.671715,9.01641,;231.671715,9.06653,;231.671715,9.11661,;231.671715,9.16672,;231.671715,9.21682,;231.671715,9.26693,;231.671715,9.31703,;231.671715,9.36714,;231.671715,9.41723,;231.671715,9.46731,;227.729973,9.51739,;227.729973,9.56748,;227.729973,9.61757,;227.729973,9.66765,;227.729973,9.71777,;227.729973,9.76786,;227.729973,9.81794,;227.729973,9.86806,;227.729973,9.91814,;227.729973,9.96826,;227.729973,10.0184,;
397.626828,0.0500671,;397.626828,0.100186,;397.626828,0.150283,;397.626828,0.200394,;397.626828,0.250505,;397.626828,0.300584,;397.626828,0.350695,;397.626828,0.400809,;397.626828,0.4509,;397.626828,0.501013,;397.626828,0.551105,;397.626828,0.601185,;397.626828,0.651298,;397.626828,0.701408,;397.626828,0.751489,;397.626828,0.801618,;397.626828,0.851731,;397.626828,0.901854,;397.626828,0.951966,;397.626828,1.00206,;397.626828,1.05217,;397.626828,1.10228,;397.626828,1.1524,;397.626828,1.20251,;397.626828,1.25263,;397.626828,1.30272,;397.626828,1.35284,;397.626828,1.40293,;397.626828,1.45303,;397.626828,1.50311,;397.626828,1.55319,;397.626828,1.60329,;395.269997,1.6534,;391.929478,1.70349,;391.929478,1.75358,;391.929478,1.80371,;391.929478,1.85378,;391.929478,1.90387,;391.929478,1.95396,;391.929478,2.00404,;391.929478,2.05412,;391.929478,2.10421,;391.929478,2.1543,;391.929478,2.20439,;391.929478,2.25451,;391.929478,2.3046,;391.929478,2.35471,;391.929478,2.40481,;391.929478,2.4549,;391.929478,2.50499,;391.929478,2.55507,;391.929478,2.60519,;391.929478,2.65531,;391.929478,2.70544,;391.929478,2.75556,;391.929478,2.80563,;391.929478,2.85573,;391.929478,2.90581,;391.929478,2.95592,;391.929478,3.00603,;391.929478,3.05614,;391.929478,3.10624,;391.929478,3.15633,;391.929478,3.20643,;391.929478,3.25655,;391.929478,3.30665,;391.929478,3.35672,;391.929478,3.40683,;391.929478,3.45692,;391.929478,3.50704,;391.929478,3.55715,;364.925017,3.60727,;364.925017,3.6574,;364.925017,3.70751,;364.925017,3.75763,;364.925017,3.80775,;336.714743,3.85783,;336.714743,3.90795,;336.714743,3.95804,;336.714743,4.00813,;336.714743,4.05823,;310.324781,4.10832,;310.324781,4.1584,;300.726169,4.20853,;300.726169,4.25861,;300.726169,4.30872,;300.726169,4.35886,;300.726169,4.40894,;300.726169,4.45906,;300.726169,4.50913,;300.726169,4.55925,;300.726169,4.60935,;300.726169,4.65946,;300.726169,4.70959,;284.780849,4.75972,;284.780849,4.8098,;284.780849,4.85988,;284.780849,4.90997,;284.780849,4.96009,;282.721572,5.01017,;282.721572,5.0603,;282.721572,5.11039,;282.721572,5.16048,;282.721572,5.21057,;282.721572,5.26069,;282.721572,5.31079,;282.721572,5.36091,;282.721572,5.41101,;282.721572,5.4611,;282.721572,5.51121,;282.721572,5.56133,;282.721572,5.61145,;282.721572,5.66157,;282.721572,5.71172,;282.721572,5.7618,;282.721572,5.81189,;250.224259,5.86199,;250.224259,5.91208,;250.224259,5.96219,;250.224259,6.01227,;250.224259,6.06235,;250.224259,6.11248,;250.224259,6.16257,;250.224259,6.21265,;250.224259,6.26277,;250.224259,6.31289,;250.224259,6.363,;250.224259,6.41307,;250.224259,6.46318,;250.224259,6.51326,;250.224259,6.56336,;250.224259,6.61344,;250.224259,6.66356,;250.224259,6.71364,;250.224259,6.76376,;250.224259,6.81385,;238.039671,6.86394,;238.039671,6.91403,;238.039671,6.96412,;238.039671,7.01421,;238.039671,7.06429,;238.039671,7.11437,;226.269365,7.16446,;226.269365,7.21456,;226.269365,7.26472,;226.269365,7.31484,;226.269365,7.36492,;226.269365,7.41501,;226.269365,7.46509,;226.269365,7.51518,;226.269365,7.56527,;226.269365,7.61536,;226.269365,7.66545,;226.269365,7.71554,;226.269365,7.76563,;226.269365,7.81572,;226.269365,7.86584,;226.269365,7.91593,;226.269365,7.96602,;226.269365,8.01611,;226.269365,8.06623,;226.269365,8.11635,;226.269365,8.16645,;225.703612,8.21657,;225.703612,8.26666,;225.703612,8.31678,;225.703612,8.36691,;225.703612,8.41702,;225.703612,8.46715,;225.703612,8.51724,;225.703612,8.56734,;225.703612,8.61742,;225.703612,8.6675,;225.703612,8.71763,;225.703612,8.76772,;225.703612,8.81781,;225.703612,8.8679,;225.703612,8.91802,;225.703612,8.96813,;225.703612,9.01821,;225.703612,9.06833,;225.703612,9.11843,;225.703612,9.16855,;225.703612,9.21864,;225.703612,9.26877,;225.703612,9.31886,;225.703612,9.36899,;225.703612,9.41907,;225.703612,9.46916,;225.703612,9.51929,;225.703612,9.5694,;225.703612,9.61952,;225.703612,9.66959,;225.703612,9.71973,;225.703612,9.76981,;225.634638,9.8199,;225.634638,9.87003,;225.634638,9.92017,;225.634638,9.97025,;225.634638,10.0203,;
795.316069,0.0500976,;795.316069,0.100187,;795.316069,0.150303,;795.316069,0.200428,;795.316069,0.250547,;793.809705,0.300626,;793.809705,0.350719,;793.809705,0.400811,;793.809705,0.450898,;793.809705,0.500979,;793.809705,0.551058,;793.809705,0.601144,;793.809705,0.651259,;793.809705,0.701379,;793.809705,0.751491,;793.809705,0.801617,;793.809705,0.851689,;793.809705,0.901793,;793.809705,0.951879,;789.689503,1.00197,;789.689503,1.05205,;583.571575,1.10213,;583.571575,1.15221,;567.186565,1.20229,;567.186565,1.25237,;567.186565,1.30248,;567.186565,1.35256,;567.186565,1.40264,;567.186565,1.45273,;567.186565,1.5028,;567.186565,1.55285,;567.186565,1.60293,;567.186565,1.65301,;567.186565,1.70309,;567.186565,1.75317,;567.186565,1.80325,;567.186565,1.85333,;567.186565,1.90341,;559.262522,1.95349,;247.288319,2.00357,;247.288319,2.05365,;247.288319,2.10373,;247.288319,2.15382,;247.288319,2.20389,;247.288319,2.25398,;247.288319,2.30406,;247.288319,2.35414,;247.288319,2.40421,;247.288319,2.45429,;247.288319,2.50438,;247.288319,2.55446,;247.288319,2.60454,;247.288319,2.65462,;247.288319,2.7047,;247.288319,2.75479,;247.288319,2.80487,;247.288319,2.85495,;247.288319,2.90504,;247.288319,2.95514,;247.288319,3.00522,;247.288319,3.05529,;247.288319,3.10538,;247.288319,3.1555,;247.288319,3.20563,;247.288319,3.25572,;247.288319,3.30584,;247.288319,3.35593,;247.288319,3.40605,;247.288319,3.45616,;247.288319,3.50628,;247.288319,3.55639,;247.288319,3.60651,;247.288319,3.65661,;247.288319,3.70672,;247.288319,3.7568,;247.288319,3.80689,;247.288319,3.85697,;247.288319,3.90705,;247.288319,3.95714,;247.288319,4.00723,;247.288319,4.05735,;247.288319,4.10743,;247.288319,4.15753,;246.045665,4.20763,;246.045665,4.25775,;246.045665,4.30786,;246.045665,4.35798,;246.045665,4.40806,;246.045665,4.45818,;246.045665,4.50828,;246.045665,4.55835,;246.045665,4.60844,;246.045665,4.65853,;246.045665,4.70861,;246.045665,4.7587,;246.045665,4.80878,;246.045665,4.85887,;246.045665,4.90895,;246.045665,4.95903,;246.045665,5.00912,;246.045665,5.0592,;242.719383,5.10928,;242.719383,5.15937,;242.719383,5.20945,;242.719383,5.25953,;242.719383,5.30962,;242.719383,5.3597,;242.719383,5.40979,;242.719383,5.45987,;242.719383,5.50995,;242.719383,5.56004,;242.719383,5.61012,;242.719383,5.66021,;242.719383,5.71029,;242.719383,5.76038,;242.719383,5.81048,;242.719383,5.86056,;242.719383,5.91065,;242.719383,5.96073,;242.719383,6.01081,;242.719383,6.0609,;242.719383,6.11098,;239.358607,6.16106,;239.358607,6.21114,;239.358607,6.26124,;239.358607,6.31135,;239.358607,6.36147,;239.358607,6.41156,;239.358607,6.46165,;239.358607,6.51175,;239.358607,6.56183,;239.358607,6.61193,;239.358607,6.662,;239.358607,6.71212,;239.358607,6.7622,;239.358607,6.81233,;239.358607,6.86242,;239.358607,6.91255,;239.358607,6.96264,;239.358607,7.01276,;239.358607,7.06284,;238.722437,7.11292,;238.722437,7.163,;238.722437,7.21312,;238.722437,7.2632,;238.722437,7.31331,;238.722437,7.36339,;238.722437,7.41351,;238.722437,7.46361,;238.722437,7.51373,;238.722437,7.56381,;238.722437,7.61393,;238.722437,7.66402,;238.722437,7.71416,;238.722437,7.76424,;238.722437,7.81434,;238.722437,7.86443,;238.722437,7.91456,;238.722437,7.96465,;238.722437,8.01477,;238.722437,8.06488,;238.722437,8.11496,;238.722437,8.16509,;238.722437,8.21518,;238.722437,8.26528,;238.722437,8.31536,;238.722437,8.36545,;238.722437,8.41554,;238.722437,8.46563,;238.722437,8.51572,;238.722437,8.56584,;238.722437,8.61592,;238.722437,8.66605,;238.722437,8.71613,;238.722437,8.76622,;238.722437,8.81635,;238.722437,8.86642,;238.722437,8.91654,;238.722437,8.96665,;238.722437,9.01675,;238.722437,9.06683,;238.722437,9.11692,;238.722437,9.167,;238.722437,9.21709,;238.722437,9.26714,;238.722437,9.31723,;238.722437,9.36731,;238.722437,9.41743,;238.722437,9.46752,;238.722437,9.51764,;238.722437,9.56772,;238.722437,9.61784,;238.722437,9.66794,;238.722437,9.71803,;238.722437,9.76813,;238.722437,9.81825,;238.722437,9.86836,;237.791971,9.91844,;237.791971,9.96855,;237.791971,10.0187,;
inf,0.0500589,;inf,0.100172,;747.602890,0.15028,;350.519639,0.200357,;350.519639,0.250472,;350.519639,0.300549,;350.519639,0.35067,;350.519639,0.400786,;350.519639,0.450867,;350.519639,0.500976,;350.519639,0.551061,;350.519639,0.601179,;350.519639,0.651263,;350.519639,0.701357,;350.519639,0.751431,;350.519639,0.801538,;336.155867,0.851629,;336.155867,0.901743,;336.155867,0.95182,;336.155867,1.00193,;332.434147,1.05205,;332.434147,1.10216,;332.434147,1.15228,;332.434147,1.20239,;332.434147,1.2525,;332.434147,1.3026,;332.434147,1.35272,;332.434147,1.40276,;281.253321,1.45284,;281.253321,1.50292,;271.846484,1.55303,;271.846484,1.60315,;271.846484,1.65325,;271.846484,1.70335,;271.846484,1.75346,;271.846484,1.80358,;271.846484,1.8537,;271.846484,1.90379,;271.846484,1.95387,;271.846484,2.00401,;271.846484,2.05413,;271.846484,2.10424,;271.846484,2.15436,;271.846484,2.20447,;271.846484,2.25459,;271.846484,2.30471,;271.846484,2.35476,;271.846484,2.40488,;254.647009,2.45496,;254.647009,2.50509,;254.647009,2.55519,;254.647009,2.60531,;254.647009,2.6554,;254.647009,2.70553,;254.647009,2.75565,;254.647009,2.80578,;254.647009,2.8559,;254.647009,2.90601,;254.647009,2.95614,;254.647009,3.00626,;254.647009,3.05635,;254.647009,3.10645,;254.647009,3.15657,;254.647009,3.20667,;254.647009,3.2568,;254.647009,3.30689,;254.647009,3.35697,;254.647009,3.40708,;254.647009,3.45722,;254.647009,3.50732,;254.647009,3.55742,;254.647009,3.6075,;254.647009,3.65765,;254.647009,3.70777,;254.647009,3.7579,;245.998309,3.80799,;245.998309,3.85808,;245.998309,3.90819,;245.998309,3.95831,;245.998309,4.00843,;245.998309,4.05852,;245.998309,4.1086,;245.998309,4.15867,;245.998309,4.20875,;245.998309,4.25884,;245.998309,4.30896,;245.998309,4.35904,;245.998309,4.40914,;245.998309,4.45924,;245.998309,4.50936,;245.998309,4.55946,;245.998309,4.60956,;245.998309,4.65968,;245.998309,4.7098,;245.998309,4.75991,;245.998309,4.81003,;245.998309,4.86015,;245.998309,4.91027,;245.998309,4.96037,;245.998309,5.01048,;245.998309,5.06059,;245.998309,5.11069,;245.998309,5.16084,;245.998309,5.21092,;245.998309,5.26104,;245.998309,5.31114,;245.998309,5.36126,;245.998309,5.41135,;245.998309,5.46146,;245.998309,5.51155,;245.998309,5.56167,;245.998309,5.61176,;245.998309,5.66188,;245.998309,5.71197,;245.998309,5.76208,;245.998309,5.8122,;245.998309,5.86232,;245.998309,5.91246,;245.998309,5.96258,;245.998309,6.01271,;245.998309,6.06276,;245.998309,6.1129,;245.998309,6.16298,;245.998309,6.2131,;245.998309,6.26318,;245.998309,6.31327,;245.998309,6.36336,;245.998309,6.41347,;245.998309,6.46357,;245.998309,6.51369,;245.998309,6.56379,;245.998309,6.61392,;245.998309,6.66404,;245.998309,6.71413,;245.998309,6.76424,;245.998309,6.81437,;231.179191,6.86446,;231.179191,6.91459,;231.179191,6.9647,;231.179191,7.01477,;231.179191,7.06488,;231.179191,7.11496,;231.179191,7.16509,;231.179191,7.21521,;231.179191,7.26532,;231.179191,7.3154,;231.179191,7.36549,;231.179191,7.41559,;231.179191,7.46571,;231.179191,7.51583,;231.179191,7.56595,;231.179191,7.61607,;231.179191,7.66619,;231.179191,7.7163,;231.179191,7.76639,;231.179191,7.81649,;231.179191,7.86665,;231.179191,7.91677,;231.179191,7.9669,;231.179191,8.01698,;231.179191,8.0671,;231.179191,8.11722,;231.179191,8.16732,;231.179191,8.21744,;231.179191,8.26757,;231.179191,8.3177,;231.179191,8.36782,;231.179191,8.41795,;231.179191,8.46806,;231.179191,8.51819,;231.179191,8.5683,;231.179191,8.61842,;231.179191,8.66855,;231.179191,8.71867,;231.179191,8.76879,;231.179191,8.81892,;231.179191,8.869,;231.179191,8.91909,;231.179191,8.96918,;231.179191,9.01928,;231.179191,9.06936,;231.179191,9.11945,;231.179191,9.16954,;231.179191,9.21963,;231.179191,9.26973,;231.179191,9.31983,;231.179191,9.36991,;231.179191,9.41999,;231.179191,9.47014,;231.179191,9.52023,;231.179191,9.57031,;231.179191,9.62043,;231.179191,9.67051,;231.179191,9.72059,;231.179191,9.77067,;231.179191,9.82077,;231.179191,9.87087,;231.179191,9.92097,;231.179191,9.97106,;231.179191,10.0212,;
603.019875,0.0500686,;594.360225,0.100147,;594.360225,0.150219,;586.664739,0.200307,;402.800861,0.250399,;402.800861,0.300517,;402.800861,0.35063,;399.612362,0.400759,;399.612362,0.450859,;399.612362,0.500978,;399.612362,0.551088,;399.612362,0.601206,;399.612362,0.651316,;399.612362,0.701422,;399.612362,0.751533,;381.775413,0.801662,;381.775413,0.851803,;381.775413,0.901914,;381.775413,0.952021,;381.775413,1.00213,;381.775413,1.05221,;381.775413,1.10232,;381.775413,1.15244,;381.775413,1.20256,;381.775413,1.25266,;381.775413,1.30275,;381.775413,1.35283,;381.775413,1.40291,;381.775413,1.453,;344.524355,1.50309,;344.524355,1.55319,;344.524355,1.60326,;338.484481,1.65338,;338.484481,1.70345,;338.484481,1.75354,;338.484481,1.80366,;316.585717,1.85374,;316.585717,1.90382,;316.585717,1.9539,;316.585717,2.004,;316.585717,2.0541,;316.585717,2.10418,;316.585717,2.15426,;316.585717,2.20433,;316.585717,2.25441,;316.585717,2.30448,;316.585717,2.35457,;277.613581,2.40468,;277.613581,2.45478,;277.613581,2.50488,;277.613581,2.555,;277.613581,2.60509,;277.613581,2.65517,;277.613581,2.70524,;277.613581,2.75536,;277.613581,2.80545,;277.613581,2.85557,;277.613581,2.90563,;275.967160,2.95574,;275.967160,3.00582,;275.967160,3.05593,;275.967160,3.10606,;275.967160,3.15614,;275.967160,3.20626,;275.967160,3.25636,;275.967160,3.30644,;275.967160,3.35653,;275.967160,3.40662,;275.967160,3.45674,;275.967160,3.50685,;275.967160,3.55697,;275.967160,3.60708,;275.967160,3.6572,;275.967160,3.70729,;275.967160,3.75742,;275.967160,3.8075,;275.967160,3.85759,;275.967160,3.90771,;275.967160,3.95779,;275.967160,4.00792,;275.967160,4.05805,;267.224521,4.10816,;267.224521,4.15826,;267.224521,4.20834,;267.224521,4.25844,;267.224521,4.30853,;267.224521,4.35866,;235.440019,4.40878,;235.440019,4.45886,;235.440019,4.50898,;235.440019,4.55907,;235.440019,4.60919,;235.440019,4.65928,;235.440019,4.7094,;235.440019,4.75952,;235.440019,4.80962,;235.440019,4.85974,;235.440019,4.90982,;235.440019,4.95998,;235.440019,5.01006,;235.440019,5.06015,;235.440019,5.11023,;235.440019,5.1603,;235.440019,5.21037,;235.440019,5.26046,;235.440019,5.31059,;235.440019,5.36068,;235.440019,5.41076,;235.440019,5.46088,;235.440019,5.51097,;235.440019,5.56106,;235.440019,5.61114,;235.440019,5.66122,;235.440019,5.7113,;235.440019,5.76137,;229.882016,5.81145,;229.882016,5.86154,;229.882016,5.91167,;229.882016,5.96175,;229.882016,6.01186,;229.882016,6.06194,;229.882016,6.11207,;229.882016,6.16216,;229.882016,6.21228,;229.882016,6.26239,;229.882016,6.31251,;229.882016,6.36263,;229.882016,6.41274,;229.882016,6.46286,;229.882016,6.51294,;229.882016,6.56306,;229.882016,6.61318,;229.882016,6.6633,;229.882016,6.71343,;229.882016,6.76353,;229.882016,6.81366,;229.882016,6.86377,;229.882016,6.91389,;229.882016,6.96397,;229.882016,7.01406,;229.882016,7.06417,;229.882016,7.11427,;229.882016,7.16438,;229.882016,7.21445,;229.882016,7.26456,;229.882016,7.31464,;229.882016,7.36473,;229.882016,7.41485,;229.882016,7.46496,;229.882016,7.51511,;229.882016,7.56522,;229.882016,7.61529,;229.882016,7.66541,;229.882016,7.71549,;229.882016,7.76562,;225.797146,7.81573,;225.797146,7.86584,;225.797146,7.91593,;225.797146,7.96605,;225.797146,8.01616,;225.797146,8.06625,;225.797146,8.11635,;225.797146,8.16647,;225.797146,8.21655,;225.797146,8.26664,;225.797146,8.31677,;225.797146,8.36684,;225.797146,8.41692,;225.797146,8.46701,;225.797146,8.51709,;225.797146,8.56717,;225.797146,8.61725,;225.797146,8.66735,;225.797146,8.71744,;225.797146,8.76753,;225.797146,8.81767,;225.797146,8.8678,;225.797146,8.91788,;225.797146,8.96795,;225.797146,9.01803,;225.797146,9.06812,;225.797146,9.1182,;225.797146,9.16828,;225.797146,9.21836,;225.797146,9.26844,;225.797146,9.31851,;225.797146,9.36859,;225.797146,9.41867,;225.797146,9.46875,;225.797146,9.51882,;225.797146,9.5689,;225.797146,9.61898,;225.797146,9.66906,;225.797146,9.71916,;225.797146,9.76924,;225.797146,9.81932,;225.797146,9.8694,;225.797146,9.91949,;225.797146,9.96962,;225.797146,10.0197,;
inf,0.0500645,;382.474118,0.100154,;376.323866,0.150268,;376.323866,0.200339,;376.323866,0.250422,;376.323866,0.300543,;376.323866,0.350656,;376.323866,0.400766,;376.323866,0.450839,;376.323866,0.500885,;376.323866,0.551004,;376.323866,0.601076,;376.323866,0.65119,;376.323866,0.701272,;376.323866,0.751388,;376.323866,0.801458,;376.323866,0.851548,;376.323866,0.901636,;376.323866,0.951756,;376.323866,1.00184,;376.323866,1.05193,;376.323866,1.10203,;376.323866,1.1521,;376.323866,1.20217,;376.323866,1.25226,;376.323866,1.30242,;376.323866,1.35249,;376.323866,1.40261,;376.323866,1.4527,;376.323866,1.5028,;376.323866,1.55285,;376.323866,1.60295,;376.323866,1.65304,;376.323866,1.70315,;376.323866,1.75324,;376.323866,1.80335,;376.323866,1.85343,;376.323866,1.90354,;376.323866,1.95365,;376.323866,2.00372,;376.323866,2.05381,;322.737591,2.10389,;322.737591,2.15396,;322.737591,2.20407,;322.737591,2.2542,;318.175393,2.30432,;315.185397,2.3544,;315.185397,2.40452,;315.185397,2.45461,;315.185397,2.5047,;315.185397,2.55482,;315.185397,2.6049,;315.185397,2.65497,;315.185397,2.70505,;315.185397,2.75512,;300.050216,2.8052,;299.448853,2.8553,;299.448853,2.90538,;299.448853,2.9555,;299.448853,3.00559,;299.448853,3.05568,;299.448853,3.10578,;299.448853,3.15589,;299.448853,3.20598,;299.448853,3.25612,;299.448853,3.30624,;299.448853,3.35637,;299.448853,3.40646,;299.448853,3.45659,;299.448853,3.50671,;299.448853,3.55679,;299.448853,3.60688,;299.448853,3.65697,;299.448853,3.70706,;299.448853,3.75715,;298.289832,3.80724,;298.289832,3.85733,;298.289832,3.90742,;298.289832,3.95751,;298.289832,4.00761,;298.289832,4.0577,;298.289832,4.1078,;298.289832,4.1579,;298.289832,4.20802,;298.289832,4.25811,;298.289832,4.30823,;298.289832,4.35835,;298.289832,4.40847,;298.289832,4.45859,;298.289832,4.50871,;298.289832,4.55882,;298.289832,4.60889,;298.289832,4.659,;298.289832,4.70908,;298.289832,4.75919,;298.289832,4.80928,;298.289832,4.85937,;298.289832,4.90947,;290.241189,4.95959,;290.241189,5.00969,;290.241189,5.05982,;290.241189,5.10995,;290.241189,5.16006,;290.241189,5.21018,;243.425810,5.26029,;243.425810,5.31037,;243.425810,5.36048,;243.425810,5.4106,;243.425810,5.46069,;243.425810,5.51078,;243.425810,5.56092,;243.425810,5.6111,;243.425810,5.66119,;243.425810,5.71131,;243.425810,5.76139,;243.425810,5.81149,;243.425810,5.86159,;243.425810,5.91172,;243.425810,5.96183,;243.425810,6.01192,;243.425810,6.06201,;243.425810,6.11209,;243.425810,6.1622,;243.425810,6.21228,;243.425810,6.2624,;243.425810,6.31252,;243.425810,6.36264,;243.425810,6.41278,;243.425810,6.4629,;243.425810,6.51299,;243.425810,6.5631,;243.425810,6.61319,;243.425810,6.66331,;243.425810,6.71341,;243.425810,6.7635,;243.425810,6.8136,;243.425810,6.86372,;243.425810,6.91384,;243.425810,6.96396,;243.425810,7.01406,;243.425810,7.06418,;243.425810,7.11427,;243.425810,7.16439,;243.425810,7.21451,;243.425810,7.26463,;243.425810,7.31474,;243.425810,7.36487,;243.425810,7.41495,;243.425810,7.46504,;243.425810,7.51516,;243.425810,7.56526,;243.425810,7.61538,;243.425810,7.66547,;243.425810,7.71559,;243.425810,7.76567,;243.425810,7.81579,;243.425810,7.86589,;243.425810,7.91602,;243.425810,7.96612,;243.425810,8.01624,;243.425810,8.06636,;243.425810,8.11648,;243.425810,8.16658,;243.425810,8.2167,;230.076222,8.26682,;230.076222,8.31694,;230.076222,8.36706,;230.076222,8.41715,;230.076222,8.46727,;230.076222,8.51737,;230.076222,8.56749,;230.076222,8.61761,;230.076222,8.66772,;230.076222,8.71785,;230.076222,8.76797,;230.076222,8.81809,;230.076222,8.86821,;230.076222,8.9183,;230.076222,8.96842,;230.076222,9.01854,;230.076222,9.06866,;230.076222,9.11875,;230.076222,9.16888,;230.076222,9.219,;230.076222,9.26908,;230.076222,9.31921,;230.076222,9.36933,;230.076222,9.41945,;230.076222,9.46957,;230.076222,9.51969,;230.076222,9.56983,;230.076222,9.61996,;230.076222,9.67008,;230.076222,9.72019,;230.076222,9.77029,;230.076222,9.82041,;230.076222,9.87053,;230.076222,9.92062,;230.076222,9.97072,;
inf,0.0500757,;414.760982,0.100192,;414.760982,0.150309,;385.784619,0.200405,;385.784619,0.250523,;385.784619,0.300642,;385.784619,0.350761,;385.784619,0.400892,;385.784619,0.450983,;381.032374,0.501068,;381.032374,0.551177,;381.032374,0.601282,;381.032374,0.6514,;381.032374,0.701506,;381.032374,0.751609,;381.032374,0.801696,;381.032374,0.851772,;381.032374,0.901844,;378.992128,0.951952,;378.992128,1.00202,;378.992128,1.0521,;378.992128,1.10218,;363.697290,1.15225,;363.697290,1.20232,;363.697290,1.25242,;363.697290,1.30254,;363.697290,1.35268,;363.697290,1.40277,;363.697290,1.45288,;363.697290,1.50296,;363.697290,1.55304,;363.697290,1.60317,;363.697290,1.65327,;363.697290,1.70339,;363.697290,1.7535,;363.697290,1.80363,;363.697290,1.85373,;363.697290,1.90385,;363.697290,1.95395,;363.697290,2.00404,;363.697290,2.05417,;344.780415,2.10429,;344.780415,2.15442,;344.780415,2.20454,;344.780415,2.25466,;344.780415,2.30475,;344.780415,2.35487,;344.780415,2.40495,;344.780415,2.45507,;344.780415,2.50516,;344.780415,2.55526,;344.780415,2.60535,;257.908932,2.65545,;257.908932,2.70554,;257.908932,2.75563,;257.908932,2.80573,;257.908932,2.85585,;257.908932,2.90594,;257.908932,2.95607,;257.908932,3.0062,;257.908932,3.05631,;257.908932,3.1064,;252.008979,3.15653,;252.008979,3.20665,;252.008979,3.25677,;252.008979,3.30686,;231.648418,3.35694,;231.648418,3.40702,;231.648418,3.45709,;231.648418,3.50717,;231.648418,3.55724,;231.648418,3.60733,;231.648418,3.65743,;231.648418,3.70752,;231.648418,3.75761,;231.648418,3.80773,;231.648418,3.85783,;231.648418,3.90791,;231.648418,3.95803,;231.648418,4.00816,;231.648418,4.05825,;231.648418,4.1084,;231.648418,4.15849,;231.648418,4.20858,;231.648418,4.25867,;231.648418,4.30874,;231.648418,4.35882,;231.648418,4.40886,;231.648418,4.45895,;231.648418,4.50903,;231.648418,4.55911,;231.648418,4.60919,;231.648418,4.65928,;231.648418,4.70935,;231.648418,4.75944,;231.648418,4.80952,;231.648418,4.85961,;231.648418,4.90969,;227.803080,4.95978,;227.803080,5.00985,;227.803080,5.05994,;227.803080,5.11002,;227.803080,5.16011,;227.803080,5.21019,;227.803080,5.26028,;227.803080,5.31036,;227.803080,5.36045,;227.803080,5.41053,;227.803080,5.46062,;227.803080,5.5107,;227.803080,5.5608,;227.803080,5.61087,;227.803080,5.66097,;227.803080,5.71105,;227.803080,5.76113,;227.803080,5.81122,;227.803080,5.8613,;227.803080,5.91139,;227.803080,5.96148,;227.803080,6.01156,;227.803080,6.06165,;227.803080,6.11173,;227.803080,6.16182,;227.803080,6.2119,;227.803080,6.262,;227.803080,6.31209,;227.803080,6.36218,;227.803080,6.41226,;227.803080,6.46236,;227.803080,6.51244,;227.803080,6.56253,;227.803080,6.61261,;227.803080,6.6627,;227.803080,6.71278,;227.803080,6.76287,;227.803080,6.81296,;227.803080,6.86305,;227.803080,6.91313,;227.803080,6.96322,;227.803080,7.01331,;227.803080,7.0634,;227.803080,7.11348,;227.803080,7.16358,;227.803080,7.21367,;227.803080,7.26377,;227.803080,7.31387,;227.803080,7.36395,;227.803080,7.41403,;227.803080,7.46412,;227.803080,7.5142,;227.803080,7.56429,;227.803080,7.61437,;227.803080,7.66446,;227.803080,7.71454,;227.803080,7.76463,;227.803080,7.81472,;227.803080,7.8648,;227.803080,7.91488,;227.803080,7.96497,;227.803080,8.01506,;227.803080,8.06514,;227.803080,8.11524,;227.803080,8.16532,;227.803080,8.21541,;227.803080,8.2655,;227.803080,8.31559,;227.803080,8.36568,;227.803080,8.41576,;227.803080,8.46585,;227.803080,8.51594,;227.803080,8.56603,;227.803080,8.61613,;227.803080,8.66621,;227.803080,8.7163,;227.803080,8.76639,;227.803080,8.81647,;227.803080,8.86655,;227.803080,8.91664,;227.803080,8.96672,;227.803080,9.01681,;227.803080,9.0669,;227.803080,9.11699,;227.803080,9.16709,;227.803080,9.21718,;227.803080,9.26727,;227.803080,9.31736,;227.803080,9.36744,;227.803080,9.41755,;227.803080,9.46767,;227.803080,9.51776,;227.803080,9.56788,;227.803080,9.61797,;227.803080,9.66809,;227.803080,9.7182,;227.803080,9.76831,;227.803080,9.81843,;227.803080,9.86855,;227.803080,9.91867,;227.803080,9.96878,;227.803080,10.0189,;
inf,0.0500759,;814.919387,0.100186,;795.293805,0.150259,;777.565340,0.200371,;404.479438,0.250458,;404.479438,0.30055,;404.479438,0.350645,;404.479438,0.400722,;404.479438,0.450841,;404.479438,0.500938,;404.479438,0.551051,;390.676041,0.601121,;339.637548,0.651229,;339.637548,0.701314,;339.637548,0.751396,;339.637548,0.801475,;339.637548,0.851572,;339.637548,0.901664,;339.637548,0.951782,;339.637548,1.00189,;339.637548,1.05202,;339.637548,1.10211,;338.196051,1.15224,;258.662229,1.20235,;258.662229,1.25246,;258.662229,1.30258,;258.662229,1.35269,;258.662229,1.40281,;258.662229,1.45292,;258.662229,1.50305,;258.662229,1.55313,;258.662229,1.6032,;258.662229,1.65328,;258.662229,1.70336,;258.662229,1.75348,;258.662229,1.8036,;258.662229,1.85372,;258.662229,1.90384,;258.662229,1.95396,;258.662229,2.00407,;258.662229,2.05415,;258.662229,2.10428,;258.662229,2.15437,;258.662229,2.20445,;258.662229,2.25453,;258.662229,2.30464,;258.662229,2.35476,;258.662229,2.40488,;258.662229,2.45499,;258.662229,2.50506,;258.662229,2.55517,;258.662229,2.60525,;258.662229,2.65535,;258.662229,2.70545,;258.662229,2.75557,;258.662229,2.80566,;258.662229,2.85579,;258.662229,2.90588,;258.662229,2.956,;258.662229,3.0061,;258.662229,3.05618,;258.662229,3.10631,;258.662229,3.1564,;258.662229,3.20649,;258.662229,3.2566,;258.662229,3.30669,;258.662229,3.3568,;258.662229,3.40689,;258.662229,3.45701,;258.662229,3.50714,;258.662229,3.55721,;256.708924,3.60733,;256.708924,3.65742,;256.708924,3.70753,;247.574587,3.75762,;247.574587,3.80773,;247.574587,3.85782,;247.574587,3.90795,;247.574587,3.95808,;247.574587,4.00817,;247.574587,4.05827,;247.574587,4.10836,;247.574587,4.15852,;236.492622,4.20863,;236.492622,4.2587,;236.492622,4.30883,;236.492622,4.35895,;236.492622,4.40906,;236.492622,4.45914,;236.492622,4.50922,;236.492622,4.55938,;236.492622,4.60947,;236.492622,4.65955,;236.492622,4.70963,;236.492622,4.75975,;236.492622,4.80983,;236.492622,4.85993,;236.492622,4.91001,;236.492622,4.96011,;236.492622,5.01023,;236.492622,5.06036,;236.492622,5.11047,;236.492622,5.16059,;236.492622,5.21068,;236.492622,5.2608,;233.362239,5.3109,;233.362239,5.36102,;233.362239,5.4111,;233.362239,5.46118,;233.362239,5.51127,;233.362239,5.56136,;233.362239,5.61145,;233.362239,5.66154,;233.362239,5.71166,;233.362239,5.76175,;233.362239,5.81186,;233.362239,5.86195,;233.362239,5.91204,;233.362239,5.96213,;233.362239,6.01222,;233.362239,6.0623,;233.362239,6.11241,;233.362239,6.16252,;233.362239,6.21264,;233.362239,6.26273,;233.362239,6.31282,;233.362239,6.36294,;233.362239,6.41305,;233.362239,6.46313,;233.362239,6.51322,;233.362239,6.56334,;233.362239,6.61343,;233.362239,6.66355,;233.362239,6.71364,;233.362239,6.76373,;233.362239,6.81383,;233.362239,6.86393,;233.362239,6.91405,;233.362239,6.96417,;233.362239,7.01429,;233.362239,7.0644,;233.362239,7.11451,;233.362239,7.16462,;233.362239,7.21473,;233.362239,7.26483,;233.362239,7.31495,;233.362239,7.36505,;233.362239,7.41517,;233.362239,7.46525,;233.362239,7.51536,;233.362239,7.56545,;233.362239,7.61558,;233.362239,7.66567,;233.362239,7.71579,;233.362239,7.76589,;233.362239,7.81601,;233.362239,7.86613,;233.362239,7.91624,;233.362239,7.96636,;233.362239,8.01645,;233.362239,8.06656,;233.362239,8.11665,;233.362239,8.16675,;233.362239,8.21687,;233.362239,8.26698,;233.362239,8.31706,;233.362239,8.36718,;233.362239,8.41726,;233.362239,8.46737,;233.362239,8.51746,;233.362239,8.56758,;233.362239,8.61768,;233.362239,8.66779,;233.362239,8.71791,;233.362239,8.76802,;233.362239,8.81811,;233.362239,8.86822,;233.362239,8.91835,;233.362239,8.96847,;233.362239,9.01855,;233.362239,9.06867,;233.362239,9.11872,;233.362239,9.16886,;233.362239,9.21894,;233.362239,9.26903,;233.362239,9.31911,;228.967908,9.36918,;228.967908,9.41927,;228.967908,9.46936,;228.967908,9.51945,;228.967908,9.56956,;228.967908,9.61965,;228.967908,9.66976,;228.967908,9.71985,;228.967908,9.76997,;228.967908,9.82007,;228.967908,9.87017,;228.967908,9.92025,;228.967908,9.97033,;228.967908,10.0204,;228.967908,10.0705,;
inf,0.0500638,;359.879767,0.10018,;359.879767,0.150264,;359.879767,0.200386,;359.879767,0.250469,;359.879767,0.300585,;359.879767,0.350671,;346.571747,0.400781,;346.571747,0.450873,;346.571747,0.500949,;346.571747,0.551024,;346.571747,0.601097,;346.571747,0.651166,;346.571747,0.701272,;346.571747,0.75136,;346.571747,0.80147,;320.965770,0.851559,;276.477259,0.90168,;276.477259,0.951781,;276.477259,1.00189,;276.477259,1.05199,;276.477259,1.10207,;276.477259,1.15216,;276.477259,1.20228,;276.477259,1.2524,;276.477259,1.30249,;276.477259,1.35261,;276.477259,1.40269,;276.477259,1.45281,;276.477259,1.50292,;276.477259,1.55303,;276.477259,1.6031,;276.477259,1.65321,;276.477259,1.7033,;276.477259,1.75341,;270.867940,1.80352,;270.867940,1.85361,;267.714934,1.9037,;267.714934,1.95381,;267.714934,2.00392,;267.714934,2.05403,;267.714934,2.10412,;267.714934,2.15423,;267.714934,2.20434,;267.714934,2.25445,;267.714934,2.30457,;267.714934,2.35468,;267.714934,2.4048,;267.714934,2.45492,;267.714934,2.50502,;267.714934,2.55511,;267.714934,2.60518,;267.714934,2.65526,;267.714934,2.70533,;267.714934,2.7554,;263.963571,2.80549,;263.963571,2.85557,;263.963571,2.90567,;263.963571,2.95576,;263.963571,3.00585,;263.963571,3.05593,;263.963571,3.10601,;263.963571,3.1561,;260.075275,3.20621,;260.075275,3.2563,;260.075275,3.30638,;260.075275,3.35651,;260.075275,3.40662,;260.075275,3.45673,;260.075275,3.50686,;260.075275,3.55697,;260.075275,3.60708,;260.075275,3.6572,;260.075275,3.70729,;260.075275,3.75738,;260.075275,3.80747,;260.075275,3.85755,;260.075275,3.90764,;260.075275,3.95773,;260.075275,4.00782,;260.075275,4.05792,;245.073524,4.10802,;245.073524,4.1581,;245.073524,4.20818,;245.073524,4.25827,;245.073524,4.30836,;245.073524,4.35848,;245.073524,4.40861,;245.073524,4.45869,;245.073524,4.50878,;245.073524,4.55889,;245.073524,4.60901,;245.073524,4.65908,;245.073524,4.70916,;245.073524,4.75926,;245.073524,4.80934,;245.073524,4.85943,;245.073524,4.90951,;245.073524,4.95959,;245.073524,5.0097,;245.073524,5.0598,;245.073524,5.10992,;245.073524,5.16001,;245.073524,5.21009,;245.073524,5.26017,;245.073524,5.31029,;245.073524,5.36038,;245.073524,5.41046,;245.073524,5.46058,;245.073524,5.5107,;245.073524,5.56079,;245.073524,5.61091,;245.073524,5.66103,;245.073524,5.71111,;245.073524,5.7612,;245.073524,5.8113,;245.073524,5.8614,;245.073524,5.91149,;245.073524,5.96159,;245.073524,6.01167,;245.073524,6.06176,;245.073524,6.11186,;245.073524,6.16199,;245.073524,6.21207,;245.073524,6.2622,;229.426203,6.31232,;229.426203,6.36241,;229.426203,6.41249,;229.426203,6.46262,;229.426203,6.51274,;229.426203,6.56282,;229.426203,6.61294,;229.426203,6.66302,;229.426203,6.71313,;229.426203,6.7632,;229.426203,6.81329,;229.426203,6.86338,;229.426203,6.91348,;229.426203,6.96357,;229.426203,7.01366,;229.426203,7.06375,;229.426203,7.11383,;229.426203,7.16392,;229.426203,7.21405,;229.426203,7.26413,;229.426203,7.31422,;229.426203,7.36431,;229.426203,7.4144,;229.426203,7.46454,;229.426203,7.51466,;229.426203,7.56477,;229.426203,7.6149,;229.426203,7.66502,;229.426203,7.7151,;229.426203,7.76519,;229.426203,7.81528,;229.426203,7.8654,;229.426203,7.91549,;229.426203,7.96561,;229.426203,8.01571,;229.426203,8.06583,;229.426203,8.11591,;229.426203,8.166,;229.426203,8.21609,;229.426203,8.26619,;229.426203,8.31627,;229.426203,8.36635,;229.426203,8.41643,;229.426203,8.46655,;229.426203,8.51663,;229.426203,8.56672,;229.426203,8.61684,;229.426203,8.66692,;229.426203,8.717,;229.426203,8.76708,;229.426203,8.81717,;229.426203,8.86727,;229.426203,8.91736,;226.999258,8.96746,;226.999258,9.01755,;226.999258,9.06764,;226.999258,9.11774,;226.999258,9.16784,;226.999258,9.21794,;226.999258,9.26805,;226.999258,9.31816,;226.999258,9.36828,;226.999258,9.41837,;226.999258,9.46847,;226.999258,9.51857,;226.999258,9.56865,;226.999258,9.61873,;226.999258,9.66882,;226.999258,9.7189,;226.999258,9.76903,;226.999258,9.81912,;226.999258,9.86925,;226.999258,9.91934,;226.999258,9.96944,;226.999258,10.0196,;
inf,0.050066,;588.331595,0.10016,;588.331595,0.15024,;588.331595,0.200328,;579.233347,0.250425,;579.233347,0.300521,;579.233347,0.350587,;577.812929,0.400674,;577.812929,0.450752,;577.812929,0.500835,;540.418072,0.550924,;540.418072,0.601008,;540.418072,0.651098,;540.418072,0.70118,;493.820984,0.751269,;493.820984,0.801346,;493.820984,0.851425,;493.820984,0.901502,;493.820984,0.951582,;493.820984,1.00166,;493.820984,1.05174,;493.820984,1.10182,;493.820984,1.1519,;493.820984,1.20198,;493.820984,1.25206,;493.820984,1.30215,;493.820984,1.35223,;493.820984,1.40231,;493.820984,1.45239,;493.820984,1.50247,;493.820984,1.55256,;493.820984,1.60264,;493.820984,1.65272,;493.820984,1.7028,;490.497906,1.75289,;490.497906,1.80297,;490.497906,1.85305,;490.497906,1.90313,;490.497906,1.95322,;490.497906,2.0033,;305.068558,2.05338,;305.068558,2.10346,;305.068558,2.15355,;305.068558,2.20363,;305.068558,2.25371,;305.068558,2.3038,;305.068558,2.35389,;305.068558,2.40397,;305.068558,2.45405,;305.068558,2.50413,;305.068558,2.55421,;305.068558,2.6043,;305.068558,2.65438,;271.365270,2.70449,;271.365270,2.75457,;271.365270,2.80466,;271.365270,2.85474,;271.365270,2.90482,;271.365270,2.95491,;271.365270,3.00499,;271.365270,3.05507,;271.365270,3.10516,;271.365270,3.15524,;271.365270,3.20532,;271.365270,3.2554,;271.365270,3.30548,;271.365270,3.35556,;264.050649,3.40565,;264.050649,3.45573,;264.050649,3.50585,;264.050649,3.55596,;264.050649,3.60606,;264.050649,3.65617,;264.050649,3.70625,;264.050649,3.75638,;264.050649,3.80646,;264.050649,3.85655,;259.994205,3.90668,;259.994205,3.95679,;259.994205,4.00688,;259.994205,4.057,;259.994205,4.10711,;259.994205,4.15722,;259.994205,4.20731,;259.994205,4.25739,;259.994205,4.3075,;259.994205,4.35761,;259.994205,4.40769,;259.994205,4.45781,;259.994205,4.50789,;259.994205,4.55801,;259.994205,4.60809,;259.994205,4.65819,;259.994205,4.70827,;259.994205,4.75835,;259.994205,4.80844,;259.994205,4.85852,;259.994205,4.90864,;259.994205,4.95872,;259.994205,5.00881,;259.994205,5.05893,;259.994205,5.10904,;259.994205,5.15915,;259.994205,5.20927,;259.994205,5.25938,;259.994205,5.30945,;259.994205,5.35956,;259.994205,5.40967,;259.994205,5.45976,;259.994205,5.50984,;258.368424,5.55994,;258.368424,5.61003,;258.368424,5.66012,;258.368424,5.7102,;258.368424,5.76028,;258.368424,5.81037,;258.368424,5.86047,;258.368424,5.9106,;258.368424,5.96068,;258.368424,6.01077,;258.368424,6.06086,;258.368424,6.11098,;250.694422,6.16106,;250.694422,6.21115,;250.694422,6.26124,;250.694422,6.31131,;250.694422,6.36138,;250.694422,6.41146,;250.694422,6.46155,;250.694422,6.51167,;250.694422,6.56178,;249.737416,6.61186,;249.737416,6.66195,;249.737416,6.71203,;249.737416,6.7621,;249.737416,6.81219,;249.737416,6.86227,;249.737416,6.91236,;249.737416,6.96244,;249.737416,7.01252,;249.737416,7.0626,;249.737416,7.11266,;249.737416,7.16275,;249.737416,7.21283,;249.737416,7.26291,;249.737416,7.31299,;249.737416,7.36308,;249.737416,7.41316,;249.737416,7.46325,;249.737416,7.51333,;249.737416,7.56342,;249.737416,7.61351,;249.737416,7.6636,;249.737416,7.71369,;249.737416,7.76378,;249.737416,7.81386,;249.737416,7.86395,;249.737416,7.91404,;249.737416,7.96412,;249.737416,8.01421,;249.737416,8.06429,;249.737416,8.11438,;249.737416,8.16446,;249.737416,8.21455,;249.737416,8.26464,;249.737416,8.31472,;249.737416,8.36484,;249.737416,8.41492,;249.737416,8.46504,;249.737416,8.51516,;249.737416,8.56529,;249.737416,8.61537,;249.737416,8.66549,;249.737416,8.71561,;249.737416,8.76568,;249.737416,8.81576,;249.737416,8.86584,;249.737416,8.91594,;249.737416,8.96603,;249.737416,9.01612,;249.737416,9.06621,;249.737416,9.1163,;249.737416,9.16639,;249.737416,9.21648,;249.737416,9.26657,;249.737416,9.31666,;249.737416,9.36675,;249.737416,9.41684,;249.737416,9.46692,;249.737416,9.51701,;249.737416,9.56709,;249.737416,9.61718,;249.737416,9.66727,;249.737416,9.71737,;249.737416,9.76746,;249.737416,9.81754,;249.737416,9.86763,;249.737416,9.91772,;249.737416,9.96781,;249.737416,10.0179,;
inf,0.0500949,;566.283422,0.100208,;538.543433,0.150296,;538.543433,0.200394,;538.543433,0.250541,;498.991237,0.300621,;498.991237,0.350742,;498.991237,0.400825,;468.976887,0.450938,;468.976887,0.501061,;468.976887,0.551169,;468.976887,0.601256,;468.976887,0.651344,;468.976887,0.701452,;468.976887,0.751527,;456.964108,0.801602,;456.964108,0.851689,;456.964108,0.901793,;456.964108,0.951891,;456.964108,1.00202,;456.964108,1.0521,;456.964108,1.10218,;456.964108,1.15226,;456.964108,1.20235,;456.964108,1.25246,;456.964108,1.30258,;456.964108,1.35265,;456.964108,1.40276,;456.964108,1.45285,;456.964108,1.50293,;456.964108,1.55302,;456.964108,1.60314,;456.964108,1.65323,;456.964108,1.70331,;456.964108,1.7534,;456.964108,1.80353,;456.964108,1.85361,;456.964108,1.9037,;456.964108,1.95379,;456.964108,2.00391,;442.632531,2.054,;442.632531,2.10408,;442.632531,2.1542,;442.632531,2.20429,;442.632531,2.25437,;433.655316,2.30444,;433.655316,2.35456,;433.655316,2.40464,;433.655316,2.45474,;433.655316,2.50483,;433.655316,2.55492,;426.212886,2.60501,;426.212886,2.6551,;426.212886,2.7052,;426.212886,2.75529,;426.212886,2.80538,;426.212886,2.85548,;426.212886,2.90557,;426.212886,2.95567,;426.212886,3.00579,;228.709312,3.05591,;228.709312,3.10599,;228.709312,3.1561,;228.709312,3.20619,;228.709312,3.25631,;228.709312,3.30642,;228.709312,3.3565,;228.709312,3.40658,;228.709312,3.45667,;228.709312,3.50676,;228.709312,3.55684,;228.709312,3.60694,;228.709312,3.65703,;228.709312,3.70715,;228.709312,3.75721,;228.709312,3.80731,;228.709312,3.85741,;228.709312,3.90752,;228.709312,3.95764,;228.709312,4.00775,;228.709312,4.05786,;228.709312,4.10798,;228.709312,4.15805,;228.709312,4.20813,;228.709312,4.25825,;228.709312,4.30834,;228.709312,4.35843,;228.709312,4.40851,;228.709312,4.45859,;228.709312,4.50866,;228.709312,4.55875,;228.709312,4.60883,;228.709312,4.65891,;228.709312,4.70899,;228.709312,4.75908,;228.709312,4.80918,;228.709312,4.85929,;228.709312,4.90937,;228.709312,4.95946,;228.709312,5.00954,;228.709312,5.05966,;228.709312,5.10974,;228.709312,5.15988,;228.709312,5.20996,;228.709312,5.26006,;228.709312,5.31018,;228.709312,5.3603,;228.709312,5.41042,;228.709312,5.46049,;228.709312,5.5106,;228.709312,5.56068,;228.709312,5.61079,;228.709312,5.66087,;228.709312,5.711,;228.709312,5.76108,;228.709312,5.81121,;228.709312,5.8613,;228.709312,5.91141,;228.709312,5.96153,;228.709312,6.01163,;228.709312,6.06176,;228.709312,6.11187,;228.709312,6.16195,;228.709312,6.21202,;228.709312,6.26214,;228.709312,6.31227,;228.709312,6.36238,;228.709312,6.41246,;228.709312,6.46257,;228.709312,6.51265,;228.709312,6.56272,;228.709312,6.61282,;228.709312,6.66293,;228.709312,6.71301,;228.709312,6.76309,;228.709312,6.81318,;228.709312,6.8633,;228.709312,6.91338,;228.709312,6.96349,;228.709312,7.01358,;228.709312,7.06369,;228.709312,7.11381,;228.709312,7.16392,;228.709312,7.21401,;228.709312,7.26413,;228.709312,7.31422,;228.709312,7.36434,;228.709312,7.41443,;228.709312,7.4645,;228.709312,7.51459,;228.709312,7.56467,;228.709312,7.61479,;228.709312,7.66491,;228.709312,7.71503,;228.709312,7.76513,;228.709312,7.81525,;228.709312,7.86538,;228.709312,7.9155,;228.709312,7.96559,;228.709312,8.01571,;228.709312,8.0658,;228.709312,8.11591,;228.709312,8.16602,;228.709312,8.21614,;228.709312,8.26622,;228.709312,8.31634,;228.709312,8.36646,;228.709312,8.41658,;228.709312,8.46669,;228.709312,8.51682,;228.709312,8.56694,;228.709312,8.61705,;228.709312,8.66717,;228.709312,8.71725,;228.709312,8.76737,;228.709312,8.81745,;228.709312,8.86757,;228.709312,8.91767,;228.709312,8.96775,;228.709312,9.01787,;228.709312,9.06798,;228.709312,9.1181,;228.709312,9.16822,;228.709312,9.21833,;228.709312,9.26841,;228.709312,9.31853,;228.709312,9.3686,;228.709312,9.41871,;228.709312,9.46881,;228.709312,9.51889,;228.709312,9.56899,;228.709312,9.61912,;228.709312,9.66921,;228.709312,9.71932,;228.709312,9.76944,;228.709312,9.81955,;228.709312,9.86962,;228.709312,9.9197,;228.709312,9.96978,;228.709312,10.0199,;
718.126203,0.0500589,;718.126203,0.100135,;718.126203,0.150288,;718.126203,0.200403,;699.311679,0.250517,;699.311679,0.300643,;699.311679,0.350766,;699.311679,0.400861,;699.311679,0.450986,;542.638909,0.50107,;542.638909,0.551162,;542.638909,0.601277,;542.638909,0.651358,;542.638909,0.701485,;542.638909,0.75156,;337.692684,0.801632,;337.692684,0.851724,;337.692684,0.901838,;337.692684,0.951913,;337.692684,1.002,;337.692684,1.05209,;337.692684,1.10218,;337.692684,1.15226,;337.692684,1.20235,;337.692684,1.25244,;337.692684,1.30253,;337.692684,1.35261,;337.692684,1.40272,;337.692684,1.45279,;337.692684,1.50291,;330.779973,1.55299,;330.779973,1.60309,;330.779973,1.65317,;330.779973,1.7033,;330.779973,1.75342,;330.779973,1.8035,;330.779973,1.85361,;330.779973,1.90368,;330.779973,1.9538,;330.779973,2.0039,;330.779973,2.05402,;330.779973,2.10413,;330.779973,2.15425,;330.779973,2.20435,;249.889272,2.25447,;249.889272,2.30459,;249.889272,2.3547,;249.889272,2.40482,;249.889272,2.45491,;249.889272,2.50503,;249.889272,2.55515,;249.889272,2.60527,;249.889272,2.65535,;249.889272,2.70546,;249.889272,2.75554,;249.889272,2.80566,;249.889272,2.85575,;249.889272,2.90586,;249.889272,2.95595,;249.889272,3.00609,;249.889272,3.05617,;249.889272,3.10626,;249.889272,3.15636,;249.889272,3.20647,;249.889272,3.25656,;249.889272,3.30668,;249.889272,3.35679,;249.889272,3.4069,;249.889272,3.45698,;249.889272,3.5071,;249.889272,3.55719,;249.889272,3.60732,;249.889272,3.65743,;249.889272,3.70751,;249.889272,3.75762,;249.889272,3.80771,;249.889272,3.85784,;249.889272,3.90793,;249.889272,3.95805,;249.889272,4.00815,;249.889272,4.05825,;249.889272,4.10834,;249.889272,4.15842,;249.889272,4.20852,;249.889272,4.25863,;249.889272,4.30874,;249.889272,4.35882,;249.889272,4.40891,;249.889272,4.459,;241.266767,4.50911,;241.266767,4.55919,;241.266767,4.60932,;241.266767,4.65939,;241.266767,4.70948,;241.266767,4.75958,;241.266767,4.80969,;241.266767,4.85978,;241.266767,4.90989,;241.266767,4.95998,;241.266767,5.01011,;241.266767,5.06019,;241.266767,5.11032,;241.266767,5.16041,;241.266767,5.21049,;241.266767,5.26062,;241.266767,5.31073,;241.266767,5.36084,;241.266767,5.41095,;241.266767,5.46103,;241.266767,5.51114,;241.266767,5.56122,;241.266767,5.61131,;241.266767,5.66139,;241.266767,5.71148,;241.266767,5.7616,;241.266767,5.81169,;241.266767,5.8618,;241.266767,5.91188,;241.266767,5.96197,;241.266767,6.01206,;241.266767,6.06218,;241.266767,6.11233,;241.266767,6.16241,;241.266767,6.21252,;241.266767,6.26263,;241.266767,6.31274,;241.266767,6.36285,;241.266767,6.41297,;241.266767,6.46308,;241.266767,6.51317,;241.266767,6.56329,;241.266767,6.61339,;241.266767,6.66347,;241.266767,6.71355,;241.266767,6.76366,;241.266767,6.81377,;241.266767,6.86386,;241.266767,6.91397,;241.266767,6.96407,;241.266767,7.01417,;241.266767,7.06426,;241.266767,7.11438,;241.266767,7.16447,;241.266767,7.21455,;241.266767,7.2647,;241.266767,7.31481,;241.266767,7.36493,;241.266767,7.41502,;241.266767,7.46514,;241.266767,7.51525,;241.266767,7.56537,;241.266767,7.61545,;241.266767,7.66557,;241.266767,7.71566,;241.266767,7.76578,;241.266767,7.81588,;241.266767,7.86602,;241.266767,7.91611,;241.266767,7.96623,;241.266767,8.01634,;241.266767,8.06646,;241.266767,8.11655,;241.266767,8.16665,;236.211944,8.21673,;236.211944,8.26683,;236.211944,8.31694,;236.211944,8.36703,;236.211944,8.41712,;236.211944,8.46722,;236.211944,8.51734,;236.211944,8.56742,;236.211944,8.61751,;236.211944,8.66761,;236.211944,8.71772,;236.211944,8.76782,;236.211944,8.8179,;236.211944,8.868,;236.211944,8.91808,;236.211944,8.96818,;236.211944,9.01827,;236.211944,9.06835,;236.211944,9.11844,;236.211944,9.16853,;236.211944,9.21861,;236.211944,9.2687,;236.211944,9.31881,;236.211944,9.36889,;236.211944,9.41897,;236.211944,9.46906,;236.211944,9.51914,;236.211944,9.56923,;236.211944,9.61931,;236.211944,9.6694,;236.211944,9.71949,;236.211944,9.76958,;236.211944,9.81968,;236.211944,9.86976,;236.211944,9.91989,;236.211944,9.96996,;236.211944,10.0201,;236.211944,10.0701,;
504.980211,0.0500687,;504.980211,0.100168,;504.980211,0.150258,;504.980211,0.200357,;487.020360,0.250444,;487.020360,0.300575,;487.020360,0.350675,;487.020360,0.400761,;487.020360,0.450887,;487.020360,0.500967,;487.020360,0.551079,;487.020360,0.601169,;487.020360,0.651295,;487.020360,0.701385,;487.020360,0.751508,;487.020360,0.801584,;487.020360,0.851679,;487.020360,0.901772,;487.020360,0.951904,;487.020360,1.00199,;487.020360,1.05212,;487.020360,1.1022,;483.375262,1.1523,;469.607098,1.20239,;469.607098,1.25249,;469.607098,1.30262,;469.607098,1.35273,;469.607098,1.40277,;469.607098,1.45285,;461.753788,1.50294,;461.753788,1.55304,;461.753788,1.60313,;461.753788,1.65323,;268.605770,1.70332,;268.605770,1.75341,;268.605770,1.80351,;268.605770,1.8536,;268.605770,1.90373,;268.605770,1.95383,;268.605770,2.00393,;268.605770,2.05402,;249.489231,2.10411,;249.489231,2.15421,;249.489231,2.20433,;249.489231,2.25441,;249.489231,2.3045,;249.489231,2.35459,;249.489231,2.40466,;249.489231,2.45477,;249.489231,2.50485,;249.489231,2.55493,;249.489231,2.605,;249.489231,2.65512,;249.489231,2.70521,;249.489231,2.75533,;249.489231,2.80543,;249.489231,2.85555,;249.489231,2.90563,;249.489231,2.95573,;249.489231,3.00583,;249.489231,3.05596,;249.489231,3.10605,;249.489231,3.15615,;249.489231,3.20623,;249.489231,3.25631,;249.489231,3.3064,;249.489231,3.35649,;249.489231,3.40656,;249.489231,3.45665,;249.489231,3.50674,;249.489231,3.55682,;249.489231,3.60691,;249.489231,3.65705,;249.489231,3.70714,;249.489231,3.75726,;249.489231,3.80738,;249.489231,3.85748,;249.489231,3.90757,;249.489231,3.95767,;249.489231,4.00776,;249.484299,4.05786,;242.542534,4.10796,;242.542534,4.15804,;242.542534,4.20812,;242.542534,4.25824,;242.542534,4.30832,;242.542534,4.35841,;242.542534,4.40853,;242.542534,4.45865,;233.427687,4.50876,;233.427687,4.55885,;233.427687,4.60893,;233.427687,4.65905,;233.427687,4.70914,;233.427687,4.75924,;233.427687,4.80934,;233.427687,4.85947,;233.427687,4.90955,;233.427687,4.95963,;233.427687,5.00971,;233.427687,5.05981,;233.427687,5.10991,;233.427687,5.16002,;233.427687,5.21012,;226.974374,5.26021,;226.974374,5.3103,;226.974374,5.36043,;226.974374,5.41054,;226.974374,5.46065,;226.974374,5.51073,;226.974374,5.56081,;226.974374,5.61089,;226.974374,5.66097,;226.974374,5.71104,;226.974374,5.76112,;226.974374,5.81121,;226.974374,5.8613,;226.974374,5.91139,;226.974374,5.96148,;226.974374,6.01156,;226.974374,6.06165,;226.974374,6.11174,;226.974374,6.1618,;226.974374,6.21188,;226.974374,6.26197,;226.974374,6.31206,;226.974374,6.36219,;226.974374,6.4123,;226.974374,6.46238,;226.974374,6.51247,;226.974374,6.56257,;226.974374,6.61266,;226.974374,6.66274,;226.974374,6.71283,;226.974374,6.7629,;226.974374,6.81298,;226.974374,6.86308,;226.974374,6.91318,;226.974374,6.96327,;226.974374,7.01335,;226.974374,7.06344,;226.974374,7.11352,;226.974374,7.1636,;224.423174,7.2137,;224.423174,7.26382,;224.423174,7.31393,;224.423174,7.36405,;224.423174,7.41414,;224.423174,7.46424,;224.423174,7.51435,;224.423174,7.56443,;224.423174,7.61451,;224.423174,7.6646,;224.423174,7.71468,;224.423174,7.76475,;224.423174,7.81485,;224.423174,7.86493,;224.423174,7.91502,;224.423174,7.96511,;224.423174,8.0152,;224.423174,8.0653,;224.423174,8.1154,;224.423174,8.1655,;224.423174,8.21559,;224.423174,8.26568,;224.423174,8.31577,;224.423174,8.36587,;224.423174,8.41596,;224.423174,8.46605,;224.423174,8.51614,;224.423174,8.56624,;224.423174,8.61632,;224.423174,8.6664,;224.423174,8.71651,;224.423174,8.76664,;224.423174,8.81678,;224.423174,8.8669,;224.423174,8.91699,;224.423174,8.96712,;224.423174,9.01721,;224.423174,9.0673,;224.423174,9.11739,;224.423174,9.16749,;224.423174,9.21758,;224.423174,9.2677,;224.423174,9.31779,;224.423174,9.36791,;224.423174,9.418,;224.423174,9.46813,;224.423174,9.51822,;224.423174,9.56834,;224.423174,9.61843,;224.423174,9.66858,;224.423174,9.7187,;224.423174,9.76875,;224.423174,9.8189,;224.423174,9.86898,;224.423174,9.91908,;224.423174,9.96918,;
inf,0.0500979,;779.908650,0.100218,;779.908650,0.150313,;779.908650,0.200415,;779.908650,0.250538,;732.917506,0.300659,;732.917506,0.350779,;732.917506,0.400872,;732.917506,0.450965,;688.774504,0.501057,;688.774504,0.551149,;688.774504,0.601235,;688.774504,0.651311,;688.774504,0.70142,;688.774504,0.751503,;663.729394,0.801628,;663.729394,0.851717,;663.729394,0.901836,;663.729394,0.95191,;663.729394,1.00203,;663.729394,1.0521,;663.729394,1.10221,;663.729394,1.1523,;663.729394,1.20242,;663.729394,1.2525,;663.729394,1.30263,;663.729394,1.35272,;663.729394,1.40284,;663.729394,1.45294,;663.729394,1.503,;663.729394,1.5531,;366.168579,1.60318,;366.168579,1.65329,;366.168579,1.70337,;366.168579,1.75346,;366.168579,1.80355,;366.168579,1.85364,;366.168579,1.90373,;366.168579,1.95382,;366.168579,2.0039,;366.168579,2.05399,;366.168579,2.10409,;366.168579,2.15418,;366.168579,2.20427,;366.168579,2.25436,;360.335472,2.30445,;360.335472,2.35453,;360.335472,2.40462,;360.335472,2.45471,;360.335472,2.50478,;360.335472,2.55487,;360.335472,2.60495,;345.338541,2.65504,;345.338541,2.70518,;345.338541,2.75525,;345.338541,2.80536,;345.338541,2.85544,;345.338541,2.90557,;345.338541,2.95564,;345.338541,3.00574,;345.338541,3.05583,;345.338541,3.10592,;345.338541,3.15599,;345.338541,3.20611,;345.338541,3.25618,;345.338541,3.30629,;295.331191,3.35638,;295.331191,3.40647,;295.331191,3.45659,;295.331191,3.50667,;295.331191,3.55676,;295.331191,3.60684,;295.331191,3.65696,;295.331191,3.70707,;295.331191,3.75719,;295.331191,3.80727,;295.331191,3.85734,;295.331191,3.90742,;295.331191,3.95752,;295.331191,4.00761,;295.331191,4.0577,;295.331191,4.1078,;295.331191,4.15788,;295.331191,4.20798,;246.447007,4.25807,;246.447007,4.30815,;246.447007,4.35822,;246.447007,4.40831,;246.447007,4.45839,;246.447007,4.50846,;246.447007,4.55853,;246.447007,4.60861,;246.447007,4.6587,;246.447007,4.70878,;246.447007,4.75886,;246.447007,4.80895,;246.447007,4.85904,;246.447007,4.90917,;246.447007,4.95924,;246.447007,5.00933,;246.447007,5.05941,;246.447007,5.10949,;246.447007,5.15961,;246.447007,5.2097,;246.447007,5.25979,;246.447007,5.30988,;246.447007,5.35996,;246.447007,5.41016,;243.350487,5.46025,;243.350487,5.51034,;243.350487,5.56043,;243.350487,5.61052,;243.350487,5.66064,;243.350487,5.71072,;239.675670,5.76081,;239.675670,5.8109,;239.675670,5.86098,;239.675670,5.91105,;237.774408,5.96114,;237.774408,6.01122,;237.774408,6.06131,;237.774408,6.1114,;237.774408,6.1615,;237.774408,6.21159,;237.774408,6.26171,;237.774408,6.31179,;237.774408,6.36192,;237.774408,6.41201,;237.774408,6.46211,;237.774408,6.5122,;237.774408,6.56229,;237.774408,6.61237,;237.774408,6.66245,;237.774408,6.71257,;237.774408,6.76264,;237.774408,6.81273,;237.774408,6.86282,;237.774408,6.91291,;237.774408,6.96299,;237.774408,7.01308,;237.774408,7.06318,;237.774408,7.11326,;237.774408,7.16334,;237.774408,7.21342,;237.774408,7.26351,;237.774408,7.3136,;237.774408,7.36369,;237.774408,7.41378,;237.774408,7.46387,;237.774408,7.51396,;237.774408,7.56405,;237.774408,7.61416,;237.774408,7.66424,;237.774408,7.71436,;237.774408,7.76445,;237.774408,7.81454,;237.774408,7.86463,;237.774408,7.91474,;237.774408,7.96483,;237.774408,8.01495,;237.774408,8.06507,;237.774408,8.11516,;237.774408,8.16524,;237.774408,8.21532,;237.774408,8.26541,;237.774408,8.31551,;237.774408,8.36563,;237.774408,8.41572,;237.774408,8.46583,;237.774408,8.51592,;237.774408,8.56604,;237.774408,8.61612,;237.774408,8.66623,;237.774408,8.71631,;237.774408,8.7664,;237.774408,8.81648,;237.774408,8.86658,;237.774408,8.91667,;237.774408,8.96679,;237.774408,9.0169,;237.774408,9.06702,;237.774408,9.1171,;237.774408,9.16718,;237.774408,9.21727,;237.774408,9.26735,;237.409331,9.31743,;237.409331,9.36751,;237.409331,9.4176,;237.409331,9.46769,;237.409331,9.51777,;237.409331,9.56786,;237.409331,9.61794,;237.409331,9.66803,;237.409331,9.71813,;236.223638,9.76821,;236.223638,9.81829,;236.223638,9.86836,;236.223638,9.91846,;236.223638,9.96854,;236.223638,10.0186,;236.223638,10.0687,;
inf,0.050057,;397.584446,0.100146,;374.651679,0.150227,;374.651679,0.200317,;374.651679,0.250418,;374.651679,0.300505,;374.651679,0.350594,;374.651679,0.400694,;374.651679,0.450785,;374.651679,0.500877,;374.651679,0.55095,;374.651679,0.601032,;374.651679,0.651115,;374.651679,0.701232,;374.651679,0.751349,;374.651679,0.801434,;374.651679,0.851522,;374.651679,0.901608,;374.651679,0.951697,;374.651679,1.00178,;374.651679,1.05186,;374.651679,1.102,;374.651679,1.15211,;374.651679,1.20221,;374.651679,1.25229,;374.651679,1.30237,;374.651679,1.35246,;374.651679,1.40256,;374.651679,1.45266,;374.651679,1.50275,;374.651679,1.55286,;374.651679,1.60297,;374.651679,1.65307,;336.863936,1.70315,;336.863936,1.75324,;336.863936,1.80333,;336.863936,1.85342,;336.863936,1.90351,;336.863936,1.95359,;336.863936,2.00367,;336.863936,2.05382,;336.863936,2.10391,;336.863936,2.15403,;336.863936,2.20415,;336.863936,2.25422,;336.863936,2.3043,;336.863936,2.35437,;336.863936,2.4045,;334.540913,2.45459,;334.540913,2.50468,;334.540913,2.55481,;334.540913,2.60492,;334.540913,2.655,;334.540913,2.70508,;323.695237,2.75516,;323.695237,2.80524,;323.695237,2.85533,;323.695237,2.90541,;323.695237,2.9555,;323.695237,3.00559,;323.695237,3.05568,;289.509642,3.10577,;289.509642,3.15586,;289.509642,3.20596,;289.509642,3.25607,;289.509642,3.30616,;289.509642,3.35625,;289.509642,3.40635,;289.509642,3.45643,;289.509642,3.50655,;289.509642,3.55664,;289.509642,3.60673,;272.086417,3.65681,;272.086417,3.70691,;272.086417,3.75704,;272.086417,3.80713,;272.086417,3.85723,;272.086417,3.90733,;272.086417,3.95739,;272.086417,4.00748,;272.086417,4.05757,;272.086417,4.10766,;272.086417,4.15778,;272.086417,4.2079,;230.900916,4.25799,;230.900916,4.30807,;230.900916,4.35816,;230.900916,4.40828,;230.900916,4.45837,;230.900916,4.50845,;230.900916,4.55858,;230.900916,4.60866,;230.900916,4.65874,;230.900916,4.70883,;230.900916,4.75893,;230.900916,4.80905,;230.900916,4.85914,;230.900916,4.90923,;230.900916,4.95933,;230.900916,5.00946,;230.900916,5.05955,;230.900916,5.10965,;230.900916,5.15974,;230.900916,5.20986,;230.900916,5.25996,;230.900916,5.31008,;230.900916,5.36017,;230.900916,5.4103,;230.900916,5.4604,;230.900916,5.51053,;230.900916,5.56063,;230.900916,5.61072,;230.900916,5.66081,;230.900916,5.7109,;230.900916,5.761,;230.900916,5.81109,;230.900916,5.86119,;230.900916,5.91129,;230.900916,5.96138,;230.900916,6.01148,;230.900916,6.06157,;230.900916,6.11165,;230.900916,6.16175,;230.900916,6.21184,;230.900916,6.26193,;230.900916,6.31202,;230.900916,6.36213,;230.900916,6.41222,;230.900916,6.46232,;230.900916,6.51241,;230.900916,6.5625,;230.900916,6.61259,;230.900916,6.66267,;230.900916,6.71275,;230.900916,6.76285,;230.900916,6.81297,;230.900916,6.86306,;230.900916,6.91319,;230.900916,6.96327,;230.900916,7.01339,;230.900916,7.06347,;230.900916,7.11353,;230.900916,7.16365,;230.900916,7.21373,;230.900916,7.26382,;230.900916,7.31391,;230.900916,7.36401,;230.900916,7.4141,;230.900916,7.46419,;230.900916,7.51428,;230.900916,7.56438,;230.900916,7.61451,;230.900916,7.66459,;230.900916,7.71468,;230.900916,7.76477,;230.900916,7.81485,;230.900916,7.86494,;230.900916,7.91502,;230.900916,7.9651,;226.303915,8.01519,;226.303915,8.06527,;226.303915,8.11537,;226.303915,8.16546,;226.303915,8.21556,;226.303915,8.26565,;226.303915,8.31574,;226.303915,8.36584,;226.303915,8.41592,;226.303915,8.46601,;226.303915,8.5161,;226.303915,8.56623,;226.303915,8.61632,;226.303915,8.66641,;226.303915,8.71651,;226.303915,8.76661,;226.303915,8.81674,;226.303915,8.86682,;226.303915,8.91689,;226.303915,8.96697,;226.303915,9.01705,;226.303915,9.06711,;226.303915,9.11722,;226.303915,9.16731,;226.303915,9.21741,;226.303915,9.2675,;226.303915,9.31759,;226.303915,9.36769,;226.303915,9.41779,;226.303915,9.46789,;226.303915,9.51802,;226.303915,9.56812,;226.303915,9.61821,;226.303915,9.6683,;226.303915,9.7184,;226.303915,9.76849,;226.303915,9.81861,;226.303915,9.86871,;226.303915,9.91879,;226.303915,9.96888,;226.303915,10.019,;226.303915,10.0691,;
inf,0.0500686,;inf,0.100166,;inf,0.150253,;934.125337,0.200347,;934.125337,0.250441,;525.024943,0.30054,;525.024943,0.350655,;525.024943,0.400772,;506.033446,0.450865,;506.033446,0.500946,;506.033446,0.551062,;506.033446,0.601149,;506.033446,0.651237,;506.033446,0.701322,;506.033446,0.751404,;488.514858,0.801497,;488.514858,0.851578,;488.514858,0.901652,;488.514858,0.951728,;488.514858,1.00181,;488.514858,1.05192,;488.514858,1.10203,;488.514858,1.15212,;488.514858,1.20223,;482.462652,1.25234,;482.462652,1.30244,;474.262491,1.35253,;474.262491,1.40262,;474.262491,1.45272,;474.262491,1.50284,;474.262491,1.55297,;474.262491,1.60308,;474.262491,1.6532,;474.262491,1.70331,;474.262491,1.75343,;474.262491,1.80355,;474.262491,1.85363,;474.262491,1.90375,;474.262491,1.95384,;474.262491,2.00393,;474.262491,2.05401,;252.224668,2.10412,;252.224668,2.15425,;252.224668,2.20437,;252.224668,2.25448,;252.224668,2.3046,;252.224668,2.35471,;252.224668,2.40479,;252.224668,2.4549,;252.224668,2.50501,;252.224668,2.55512,;252.224668,2.60524,;252.224668,2.65534,;252.224668,2.70544,;252.224668,2.75552,;252.224668,2.80564,;252.224668,2.85572,;246.543052,2.90584,;246.543052,2.95593,;246.543052,3.00606,;246.543052,3.05614,;246.543052,3.10626,;246.543052,3.15634,;246.543052,3.20643,;246.543052,3.25652,;246.543052,3.30666,;246.543052,3.35675,;246.543052,3.40684,;246.543052,3.45692,;246.543052,3.50704,;246.543052,3.55714,;246.543052,3.60724,;246.543052,3.65733,;246.543052,3.70739,;246.543052,3.75748,;246.543052,3.80757,;246.543052,3.85766,;246.543052,3.90775,;246.543052,3.95785,;246.543052,4.00793,;246.543052,4.05803,;246.543052,4.10812,;246.543052,4.15821,;246.543052,4.20833,;246.543052,4.2584,;246.543052,4.30848,;246.543052,4.35856,;246.543052,4.40865,;246.543052,4.45874,;246.543052,4.50887,;246.543052,4.55895,;246.543052,4.60909,;246.543052,4.6592,;246.543052,4.7093,;246.543052,4.7594,;246.543052,4.80945,;246.543052,4.85954,;246.543052,4.90963,;246.543052,4.95972,;246.543052,5.0098,;246.543052,5.05989,;246.543052,5.11002,;246.543052,5.16011,;246.543052,5.21019,;246.543052,5.26028,;246.543052,5.3104,;246.543052,5.3605,;246.543052,5.41061,;246.543052,5.46073,;246.543052,5.51083,;246.543052,5.56095,;246.543052,5.61107,;246.543052,5.66118,;246.543052,5.7113,;246.543052,5.76143,;246.543052,5.81155,;246.543052,5.86167,;246.543052,5.91176,;246.543052,5.96184,;246.543052,6.01191,;246.543052,6.062,;246.543052,6.11209,;246.543052,6.16217,;246.543052,6.21227,;246.543052,6.26237,;246.543052,6.31247,;230.805398,6.3626,;230.805398,6.4127,;230.805398,6.46279,;230.805398,6.51288,;230.805398,6.56297,;230.805398,6.61305,;230.805398,6.66316,;230.805398,6.71323,;230.805398,6.76332,;230.805398,6.81343,;230.805398,6.86351,;230.805398,6.91363,;230.805398,6.96373,;230.805398,7.01382,;230.805398,7.06392,;230.805398,7.11402,;230.805398,7.16411,;230.805398,7.21422,;230.805398,7.26432,;230.805398,7.31445,;230.805398,7.36453,;230.805398,7.41462,;230.805398,7.46472,;230.805398,7.51483,;230.805398,7.56491,;230.805398,7.615,;230.805398,7.66511,;230.805398,7.71521,;230.805398,7.7653,;230.805398,7.81534,;230.805398,7.86544,;230.805398,7.91553,;230.805398,7.96561,;230.805398,8.01571,;230.805398,8.06579,;230.805398,8.11589,;230.805398,8.16598,;230.805398,8.21608,;230.805398,8.2662,;230.805398,8.31629,;230.805398,8.36639,;230.805398,8.41649,;230.805398,8.46661,;230.805398,8.5167,;230.805398,8.56679,;230.805398,8.61687,;230.805398,8.667,;230.805398,8.71709,;230.805398,8.76719,;230.805398,8.81729,;230.805398,8.86737,;230.805398,8.91745,;230.805398,8.96881,;230.805398,9.01893,;230.805398,9.06903,;230.805398,9.11913,;230.805398,9.16934,;230.805398,9.21944,;230.805398,9.26954,;230.805398,9.31964,;230.805398,9.36974,;230.805398,9.41983,;230.805398,9.46993,;230.805398,9.52003,;230.805398,9.57015,;230.805398,9.62024,;227.320645,9.6704,;227.320645,9.72049,;227.320645,9.77059,;227.320645,9.8207,;227.320645,9.87081,;227.320645,9.92091,;227.320645,9.97101,;227.320645,10.0211,;
325.417327,0.0500657,;305.493602,0.100156,;305.493602,0.15026,;305.493602,0.200343,;305.493602,0.250424,;305.493602,0.300508,;305.493602,0.350595,;305.493602,0.400679,;305.493602,0.450799,;305.493602,0.500885,;305.493602,0.550974,;305.493602,0.601069,;305.493602,0.651153,;305.493602,0.701253,;305.493602,0.751362,;305.493602,0.801452,;305.493602,0.85156,;305.493602,0.901633,;305.493602,0.951754,;305.493602,1.00184,;305.493602,1.05194,;305.493602,1.10203,;305.493602,1.15215,;305.493602,1.20225,;305.493602,1.25234,;305.493602,1.30244,;305.493602,1.35251,;305.493602,1.4026,;305.493602,1.45268,;305.493602,1.50277,;305.493602,1.55285,;305.493602,1.60293,;305.493602,1.65301,;305.493602,1.70311,;302.325154,1.7532,;302.325154,1.80328,;302.325154,1.85338,;302.325154,1.90347,;302.325154,1.95357,;302.325154,2.00365,;302.325154,2.05374,;302.325154,2.10384,;291.572327,2.15393,;291.572327,2.20406,;291.572327,2.25413,;291.572327,2.30427,;291.572327,2.35436,;291.572327,2.40449,;291.572327,2.45458,;291.572327,2.50466,;291.572327,2.55474,;291.572327,2.60482,;291.572327,2.65491,;291.572327,2.70499,;291.572327,2.75508,;291.572327,2.80519,;291.572327,2.85527,;291.572327,2.90535,;291.572327,2.95544,;278.630167,3.00552,;278.630167,3.05562,;278.630167,3.10572,;278.630167,3.15582,;278.630167,3.20591,;248.186703,3.25601,;248.186703,3.30611,;248.186703,3.3562,;248.186703,3.40628,;248.186703,3.45637,;248.186703,3.50646,;248.186703,3.55655,;248.186703,3.60665,;248.186703,3.65673,;248.186703,3.70681,;248.186703,3.75691,;248.186703,3.807,;248.186703,3.85708,;248.186703,3.90717,;248.186703,3.95726,;248.186703,4.00735,;248.186703,4.05748,;245.380387,4.10756,;245.380387,4.15766,;245.380387,4.20776,;242.093856,4.25785,;242.093856,4.30794,;242.093856,4.35804,;242.093856,4.40812,;242.093856,4.45821,;242.093856,4.5083,;242.093856,4.55839,;242.093856,4.60849,;242.093856,4.65858,;241.359350,4.70867,;241.359350,4.75875,;241.359350,4.80885,;241.359350,4.85894,;241.359350,4.90904,;241.359350,4.95917,;241.359350,5.00925,;241.359350,5.05933,;241.359350,5.10943,;241.359350,5.15951,;241.359350,5.20961,;241.359350,5.2597,;241.359350,5.30979,;241.359350,5.35988,;241.359350,5.40998,;241.359350,5.46007,;241.359350,5.51016,;241.359350,5.56025,;241.359350,5.61034,;241.359350,5.66043,;241.359350,5.71057,;241.359350,5.76065,;241.359350,5.81077,;241.359350,5.86088,;241.359350,5.91101,;241.359350,5.96113,;241.359350,6.01125,;241.359350,6.06135,;241.359350,6.11144,;241.359350,6.16157,;241.359350,6.21165,;241.359350,6.26178,;241.359350,6.31187,;241.359350,6.36196,;241.359350,6.41204,;241.359350,6.46212,;241.359350,6.51221,;241.359350,6.56231,;241.359350,6.61241,;241.359350,6.66253,;241.359350,6.71261,;241.359350,6.76272,;241.359350,6.8128,;241.359350,6.86292,;241.359350,6.91302,;241.359350,6.96314,;241.359350,7.01324,;241.359350,7.06333,;241.359350,7.11344,;241.359350,7.16354,;241.359350,7.21362,;241.359350,7.26371,;241.359350,7.31382,;241.359350,7.3639,;241.359350,7.41402,;241.359350,7.46411,;241.359350,7.51421,;232.995763,7.5643,;232.995763,7.61438,;232.995763,7.66449,;232.995763,7.71462,;232.995763,7.76471,;232.995763,7.81482,;232.995763,7.86491,;232.995763,7.915,;232.995763,7.96509,;232.995763,8.01517,;232.995763,8.06526,;232.995763,8.11533,;232.995763,8.16542,;232.995763,8.21553,;232.995763,8.26563,;232.995763,8.31571,;232.995763,8.3658,;232.995763,8.41587,;232.995763,8.466,;232.995763,8.51613,;232.995763,8.56625,;232.995763,8.61635,;232.995763,8.66647,;232.995763,8.71655,;232.995763,8.76665,;232.995763,8.81673,;232.995763,8.86681,;232.995763,8.9169,;232.995763,8.96699,;232.995763,9.01708,;232.995763,9.0672,;232.995763,9.1173,;232.995763,9.16738,;232.995763,9.21747,;232.995763,9.26757,;232.995763,9.31767,;232.995763,9.36776,;232.995763,9.41789,;232.995763,9.46798,;232.995763,9.51806,;232.995763,9.56814,;232.995763,9.61824,;232.995763,9.66833,;232.995763,9.71841,;232.995763,9.7685,;232.995763,9.8186,;232.995763,9.86868,;232.995763,9.9188,;232.995763,9.96888,;232.995763,10.019,;232.995763,10.0691,;
389.199229,0.0500673,;389.199229,0.100164,;389.199229,0.150302,;389.199229,0.200383,;389.199229,0.250467,;389.199229,0.300562,;389.199229,0.350658,;389.199229,0.400777,;389.199229,0.45089,;388.069488,0.500993,;388.069488,0.551086,;384.156993,0.60118,;384.156993,0.651261,;384.156993,0.70135,;384.156993,0.751431,;384.156993,0.801524,;384.156993,0.851624,;384.156993,0.901708,;384.156993,0.9518,;384.156993,1.00189,;384.156993,1.05198,;384.156993,1.10208,;383.962439,1.15217,;383.962439,1.20226,;383.962439,1.25236,;383.962439,1.30246,;383.962439,1.35255,;383.962439,1.40265,;383.962439,1.45276,;383.962439,1.50284,;301.808812,1.55293,;301.808812,1.60301,;301.808812,1.6531,;301.808812,1.70317,;301.808812,1.75326,;301.808812,1.8033,;301.808812,1.8534,;301.808812,1.90348,;301.808812,1.95357,;301.808812,2.00365,;301.808812,2.05374,;301.808812,2.10384,;301.808812,2.15393,;301.808812,2.20403,;301.808812,2.25413,;301.808812,2.30422,;258.519363,2.35432,;258.519363,2.40441,;258.519363,2.45449,;258.519363,2.50459,;258.519363,2.55467,;258.519363,2.60476,;258.519363,2.65485,;258.519363,2.70494,;258.519363,2.75503,;258.519363,2.80512,;258.519363,2.85521,;258.519363,2.9053,;258.519363,2.9554,;258.519363,3.00548,;258.519363,3.05557,;254.486135,3.10566,;254.486135,3.15575,;254.486135,3.20587,;254.486135,3.25599,;254.486135,3.30611,;254.486135,3.35621,;254.486135,3.4063,;254.486135,3.45639,;254.486135,3.50648,;254.486135,3.55657,;254.486135,3.60665,;254.486135,3.65673,;254.486135,3.70681,;254.486135,3.75689,;254.486135,3.80698,;254.486135,3.85707,;254.486135,3.90716,;254.486135,3.95726,;254.486135,4.00735,;254.486135,4.05744,;254.486135,4.10753,;254.486135,4.15764,;254.486135,4.20772,;254.486135,4.25781,;253.735517,4.30789,;253.735517,4.35797,;253.735517,4.40806,;253.735517,4.45815,;253.735517,4.50823,;253.735517,4.55832,;253.735517,4.60847,;253.735517,4.65858,;253.735517,4.70867,;253.735517,4.75881,;253.735517,4.80889,;253.735517,4.85897,;253.735517,4.90906,;253.735517,4.95917,;245.069843,5.00926,;245.069843,5.05935,;245.069843,5.10944,;245.069843,5.15953,;245.069843,5.20962,;245.069843,5.2597,;245.069843,5.30979,;245.069843,5.35987,;245.069843,5.40996,;241.124531,5.46005,;241.124531,5.51015,;241.124531,5.56025,;241.124531,5.61034,;241.124531,5.66042,;241.124531,5.71052,;241.124531,5.76063,;241.124531,5.81072,;241.124531,5.86082,;241.124531,5.91091,;241.124531,5.961,;241.124531,6.01103,;241.124531,6.06115,;241.124531,6.11123,;241.124531,6.16132,;241.124531,6.21142,;241.124531,6.26152,;241.124531,6.31161,;241.124531,6.3617,;241.124531,6.41179,;241.124531,6.46188,;241.124531,6.51197,;241.124531,6.56205,;241.124531,6.61213,;241.124531,6.66221,;241.124531,6.71229,;241.124531,6.76238,;241.124531,6.81249,;241.124531,6.86258,;241.124531,6.9127,;241.124531,6.96283,;241.124531,7.01291,;241.124531,7.06301,;241.124531,7.11309,;241.124531,7.16317,;241.124531,7.21329,;241.124531,7.26338,;241.124531,7.31347,;241.124531,7.36356,;241.124531,7.41366,;241.124531,7.46374,;241.124531,7.51386,;241.124531,7.56396,;241.124531,7.61404,;241.124531,7.66412,;241.124531,7.71421,;241.124531,7.7643,;241.124531,7.8144,;241.124531,7.8645,;241.124531,7.91458,;241.124531,7.96466,;241.124531,8.01476,;241.124531,8.06486,;241.124531,8.11495,;241.124531,8.16504,;241.124531,8.21512,;241.124531,8.26522,;241.124531,8.31535,;241.124531,8.36547,;241.124531,8.41556,;241.124531,8.46565,;241.124531,8.51574,;241.124531,8.56584,;241.124531,8.61594,;240.888275,8.66604,;240.888275,8.71613,;240.888275,8.76622,;240.888275,8.81632,;240.888275,8.86641,;240.888275,8.9165,;240.888275,8.96663,;240.888275,9.01671,;240.888275,9.06684,;240.888275,9.11693,;240.888275,9.16703,;240.888275,9.21712,;240.888275,9.26721,;240.888275,9.31735,;240.888275,9.36743,;240.888275,9.41751,;240.888275,9.4676,;240.888275,9.5177,;240.888275,9.56778,;240.888275,9.61787,;240.888275,9.66796,;240.888275,9.71805,;240.888275,9.76813,;240.888275,9.81822,;240.888275,9.86832,;240.888275,9.91841,;240.888275,9.96851,;240.888275,10.0186,;240.888275,10.0687,;
361.683992,0.0500583,;349.514759,0.100147,;349.514759,0.150239,;349.514759,0.200328,;349.514759,0.250417,;349.514759,0.300503,;349.514759,0.350585,;349.514759,0.400682,;349.514759,0.450766,;349.514759,0.500896,;349.514759,0.550969,;349.514759,0.601054,;349.514759,0.651139,;349.514759,0.701257,;349.514759,0.751336,;349.514759,0.801453,;349.514759,0.851533,;349.514759,0.901648,;349.514759,0.951729,;349.514759,1.00181,;349.514759,1.05191,;349.514759,1.10199,;349.514759,1.15203,;349.514759,1.20212,;349.514759,1.2522,;349.514759,1.30232,;349.514759,1.3524,;349.514759,1.40249,;349.514759,1.45259,;349.514759,1.50268,;349.514759,1.55277,;340.669146,1.60289,;340.669146,1.65298,;340.669146,1.7031,;340.669146,1.75318,;340.669146,1.80327,;340.669146,1.85336,;340.669146,1.90349,;340.669146,1.95357,;340.669146,2.00366,;340.669146,2.05378,;340.669146,2.10391,;340.669146,2.15402,;340.669146,2.20412,;340.669146,2.25425,;340.669146,2.30435,;340.669146,2.35447,;340.669146,2.4046,;340.669146,2.45471,;340.669146,2.50483,;340.669146,2.55494,;340.669146,2.60507,;340.101884,2.65519,;340.101884,2.70527,;340.101884,2.7554,;340.101884,2.8055,;340.101884,2.85554,;340.101884,2.90563,;340.101884,2.95574,;340.101884,3.00584,;340.101884,3.05595,;340.101884,3.10605,;340.101884,3.15617,;340.101884,3.2063,;340.101884,3.25639,;340.101884,3.30652,;340.101884,3.35662,;340.101884,3.40674,;340.101884,3.45686,;340.101884,3.50698,;340.101884,3.55709,;340.101884,3.60718,;340.101884,3.65727,;340.101884,3.70734,;340.101884,3.75743,;340.101884,3.8075,;340.101884,3.85759,;340.101884,3.90767,;340.101884,3.95779,;340.101884,4.00788,;340.101884,4.05797,;340.101884,4.10806,;340.101884,4.15819,;340.101884,4.20829,;340.101884,4.25841,;340.101884,4.30853,;340.101884,4.35865,;340.101884,4.40875,;340.101884,4.45887,;340.101884,4.50899,;340.101884,4.55911,;340.101884,4.60919,;269.752577,4.65927,;269.752577,4.7094,;269.752577,4.75953,;269.752577,4.80966,;269.752577,4.85974,;269.752577,4.90982,;269.752577,4.95992,;269.752577,5.01,;269.752577,5.0601,;269.752577,5.11021,;269.752577,5.16029,;263.484067,5.2104,;263.484067,5.26056,;263.484067,5.31064,;263.484067,5.36073,;263.484067,5.41085,;263.484067,5.46093,;263.484067,5.51101,;263.484067,5.56115,;263.484067,5.61123,;263.484067,5.66133,;263.484067,5.71142,;263.484067,5.76155,;263.484067,5.81163,;263.484067,5.86171,;263.484067,5.9118,;263.484067,5.96189,;263.484067,6.01198,;263.484067,6.0621,;263.484067,6.11219,;263.484067,6.16228,;263.484067,6.21239,;263.484067,6.26248,;263.484067,6.31258,;263.484067,6.36267,;263.484067,6.41275,;263.484067,6.46284,;263.484067,6.51293,;263.484067,6.56302,;263.484067,6.61311,;263.484067,6.6632,;263.484067,6.71332,;263.484067,6.76341,;263.484067,6.81353,;263.484067,6.86361,;245.772903,6.91369,;245.772903,6.96379,;245.772903,7.01392,;245.772903,7.064,;245.772903,7.11409,;245.772903,7.16419,;245.772903,7.21428,;245.772903,7.2644,;245.772903,7.31454,;245.772903,7.36465,;245.772903,7.41475,;245.772903,7.46487,;241.679857,7.51495,;241.679857,7.56504,;241.679857,7.61513,;241.679857,7.66523,;241.679857,7.71532,;241.679857,7.76545,;241.679857,7.81548,;241.679857,7.86557,;241.679857,7.91566,;241.679857,7.96574,;241.679857,8.01582,;241.679857,8.0659,;241.679857,8.11599,;241.679857,8.16609,;241.679857,8.21617,;241.679857,8.26626,;241.679857,8.31636,;241.679857,8.36646,;241.679857,8.41655,;241.679857,8.46665,;241.679857,8.51673,;241.679857,8.56681,;241.679857,8.61693,;241.679857,8.66702,;241.679857,8.71714,;241.679857,8.76727,;241.679857,8.81735,;241.679857,8.86745,;241.679857,8.91755,;241.679857,8.96764,;241.679857,9.01777,;241.679857,9.06786,;241.679857,9.11794,;241.679857,9.16804,;241.679857,9.21813,;241.679857,9.26823,;241.679857,9.31832,;241.679857,9.36843,;241.679857,9.41853,;241.679857,9.46862,;241.679857,9.51872,;241.679857,9.56881,;241.679857,9.61891,;241.679857,9.66901,;241.679857,9.71909,;241.679857,9.76918,;241.679857,9.81928,;241.679857,9.86937,;241.679857,9.91946,;241.679857,9.96956,;241.679857,10.0196,;
inf,0.0500711,;812.122970,0.100153,;812.122970,0.15024,;812.122970,0.200346,;590.293745,0.250431,;447.891873,0.300529,;447.891873,0.350615,;447.891873,0.400698,;447.891873,0.450782,;447.891873,0.500873,;447.891873,0.550976,;447.891873,0.601072,;447.891873,0.651189,;447.891873,0.701274,;447.891873,0.75135,;447.891873,0.801434,;447.891873,0.851512,;447.891873,0.9016,;447.891873,0.951734,;447.891873,1.00183,;447.891873,1.05191,;447.891873,1.102,;447.891873,1.15208,;439.119346,1.20218,;439.119346,1.25226,;439.119346,1.30238,;439.119346,1.35247,;439.119346,1.4026,;439.119346,1.45268,;439.119346,1.50276,;439.119346,1.55284,;439.119346,1.60297,;439.119346,1.65304,;439.119346,1.70314,;439.119346,1.75322,;439.119346,1.80336,;439.119346,1.85351,;439.119346,1.90358,;439.119346,1.95368,;439.119346,2.00379,;439.119346,2.05391,;439.119346,2.10402,;439.119346,2.1541,;269.469958,2.20419,;269.469958,2.25427,;269.469958,2.30435,;269.469958,2.35443,;265.303696,2.40453,;265.303696,2.45466,;265.303696,2.50473,;265.303696,2.55481,;265.303696,2.6049,;265.303696,2.655,;265.303696,2.70508,;265.303696,2.75517,;265.303696,2.80526,;265.303696,2.85535,;265.303696,2.90545,;265.303696,2.95554,;265.303696,3.00581,;265.303696,3.0559,;265.303696,3.10598,;265.303696,3.15605,;265.303696,3.20613,;265.303696,3.25621,;265.303696,3.3063,;265.303696,3.3564,;244.770186,3.40649,;244.770186,3.45658,;244.770186,3.50669,;244.770186,3.55677,;244.770186,3.60687,;244.770186,3.65696,;244.770186,3.70706,;244.770186,3.75716,;244.770186,3.80725,;244.770186,3.85734,;244.770186,3.90743,;244.770186,3.95752,;244.770186,4.00762,;244.770186,4.05772,;244.770186,4.10782,;244.770186,4.1579,;244.770186,4.20802,;244.770186,4.25815,;244.770186,4.30822,;244.770186,4.35832,;244.770186,4.40841,;244.770186,4.45851,;244.770186,4.50859,;244.770186,4.55869,;244.770186,4.60878,;244.770186,4.65891,;244.770186,4.70903,;244.770186,4.75915,;244.770186,4.80925,;244.770186,4.85934,;244.770186,4.90944,;244.770186,4.95953,;244.770186,5.00962,;244.770186,5.0597,;244.770186,5.10981,;244.770186,5.15989,;244.770186,5.21001,;244.770186,5.26009,;244.770186,5.3102,;244.770186,5.36029,;244.770186,5.41037,;237.409423,5.46047,;237.409423,5.51055,;237.409423,5.56064,;237.409423,5.61078,;237.409423,5.66087,;237.409423,5.71099,;237.409423,5.76111,;237.409423,5.81122,;237.409423,5.86131,;237.409423,5.91141,;237.409423,5.96153,;237.409423,6.01164,;237.409423,6.06176,;237.409423,6.11189,;237.409423,6.16198,;237.409423,6.21206,;237.409423,6.26214,;237.409423,6.31223,;237.409423,6.36234,;237.409423,6.41244,;237.409423,6.46256,;237.409423,6.51264,;237.409423,6.56273,;237.409423,6.61282,;237.409423,6.66295,;237.409423,6.71304,;236.221237,6.76315,;236.221237,6.81325,;236.221237,6.86334,;236.221237,6.91343,;236.221237,6.96353,;236.221237,7.01365,;236.221237,7.06374,;236.221237,7.11386,;236.221237,7.16397,;236.221237,7.21407,;236.221237,7.26415,;236.221237,7.31427,;236.221237,7.36435,;236.221237,7.41444,;236.221237,7.46452,;236.221237,7.51461,;236.221237,7.5647,;236.221237,7.61479,;236.221237,7.66488,;236.221237,7.71497,;236.221237,7.76506,;236.221237,7.81515,;236.221237,7.86525,;236.221237,7.91535,;236.221237,7.96545,;236.221237,8.01554,;236.221237,8.06567,;236.221237,8.11576,;236.221237,8.16585,;236.221237,8.21595,;236.221237,8.26604,;236.221237,8.31612,;236.221237,8.36623,;236.221237,8.41634,;230.091136,8.46647,;230.091136,8.51656,;230.091136,8.56668,;230.091136,8.61676,;230.091136,8.66685,;230.091136,8.71692,;230.091136,8.76702,;230.091136,8.81711,;230.091136,8.8672,;230.091136,8.9173,;230.091136,8.96738,;230.091136,9.01748,;230.091136,9.06758,;230.091136,9.11769,;230.091136,9.1678,;230.091136,9.21789,;230.091136,9.26797,;230.091136,9.31807,;230.091136,9.36816,;230.091136,9.41824,;230.091136,9.46835,;230.091136,9.51845,;230.091136,9.56854,;230.091136,9.61863,;230.091136,9.66873,;230.091136,9.71885,;230.091136,9.76893,;230.091136,9.81902,;230.091136,9.86911,;230.091136,9.91925,;230.091136,9.96933,;
inf,0.0500948,;376.983882,0.100171,;329.554569,0.150311,;329.554569,0.200438,;303.340617,0.250526,;303.340617,0.300611,;303.340617,0.350719,;303.340617,0.400816,;303.340617,0.450915,;303.340617,0.501001,;303.340617,0.55109,;303.340617,0.601175,;303.340617,0.651263,;303.340617,0.701352,;303.340617,0.751415,;303.340617,0.801495,;303.340617,0.851573,;303.340617,0.901648,;303.340617,0.951736,;303.340617,1.00185,;303.340617,1.05193,;303.340617,1.10201,;303.340617,1.15209,;303.340617,1.20218,;303.340617,1.25227,;303.340617,1.30236,;303.340617,1.35245,;303.340617,1.40252,;303.340617,1.4526,;303.340617,1.50269,;303.340617,1.55275,;303.340617,1.60287,;303.340617,1.65295,;281.709843,1.70306,;281.709843,1.75312,;281.709843,1.80323,;281.709843,1.85332,;281.709843,1.90342,;281.709843,1.9535,;281.709843,2.00358,;281.709843,2.05366,;281.709843,2.1038,;281.709843,2.15388,;281.709843,2.20397,;281.709843,2.25405,;281.709843,2.30413,;281.709843,2.35417,;281.709843,2.40425,;281.709843,2.45434,;281.709843,2.50442,;281.709843,2.55446,;276.636708,2.60454,;276.636708,2.65462,;276.636708,2.70469,;276.636708,2.75477,;276.636708,2.80485,;276.636708,2.85493,;276.636708,2.90502,;276.636708,2.95509,;276.636708,3.00518,;276.636708,3.05526,;276.636708,3.10534,;253.243475,3.15542,;253.243475,3.20549,;253.243475,3.25556,;253.243475,3.30564,;253.243475,3.35572,;253.243475,3.4058,;253.243475,3.45588,;253.243475,3.50599,;253.243475,3.55606,;253.243475,3.60619,;253.243475,3.6563,;253.243475,3.70641,;253.243475,3.75648,;253.243475,3.80656,;253.243475,3.85663,;253.243475,3.90671,;253.243475,3.95682,;241.583129,4.0069,;241.583129,4.05698,;241.583129,4.10707,;241.583129,4.1572,;241.583129,4.20732,;241.583129,4.25741,;241.583129,4.30749,;241.583129,4.35762,;241.583129,4.40769,;241.583129,4.45778,;237.386564,4.50787,;237.386564,4.55799,;237.386564,4.60807,;237.386564,4.65816,;237.386564,4.70828,;237.386564,4.75836,;237.386564,4.80846,;237.386564,4.85855,;237.386564,4.90864,;237.386564,4.95876,;237.386564,5.00888,;237.386564,5.05896,;237.386564,5.10904,;237.386564,5.15912,;237.386564,5.2092,;237.386564,5.25932,;237.386564,5.30944,;237.386564,5.35947,;237.386564,5.40959,;237.386564,5.45966,;237.386564,5.50978,;237.386564,5.55987,;237.386564,5.60999,;237.386564,5.66008,;237.386564,5.71019,;237.386564,5.76027,;237.386564,5.81036,;237.386564,5.86047,;237.386564,5.9106,;237.386564,5.96069,;237.386564,6.01077,;237.386564,6.06089,;237.386564,6.11096,;237.386564,6.16105,;237.386564,6.21114,;237.386564,6.26123,;237.386564,6.31139,;237.386564,6.36152,;237.386564,6.4116,;237.386564,6.46169,;237.386564,6.51178,;237.386564,6.5619,;237.386564,6.61199,;237.386564,6.6621,;237.386564,6.71217,;237.386564,6.76226,;237.386564,6.81236,;237.386564,6.86248,;237.386564,6.91257,;237.386564,6.96269,;237.386564,7.01279,;237.386564,7.06285,;237.386564,7.11293,;237.386564,7.16301,;237.386564,7.21312,;237.386564,7.26319,;237.386564,7.31329,;237.386564,7.36338,;237.386564,7.41347,;237.386564,7.46355,;237.386564,7.51362,;237.386564,7.56369,;237.386564,7.6138,;237.386564,7.66389,;237.386564,7.71401,;237.386564,7.76409,;237.386564,7.8142,;237.386564,7.86428,;237.386564,7.91438,;237.386564,7.96449,;237.386564,8.01461,;237.386564,8.0647,;237.386564,8.11481,;237.386564,8.16492,;237.386564,8.21504,;237.386564,8.26516,;237.386564,8.31525,;237.386564,8.36535,;237.386564,8.41541,;237.386564,8.46549,;237.386564,8.51557,;237.386564,8.56565,;237.386564,8.61573,;237.386564,8.66582,;237.386564,8.71592,;237.386564,8.766,;237.386564,8.8161,;237.386564,8.8662,;237.386564,8.9163,;237.386564,8.96639,;237.386564,9.01648,;237.386564,9.06657,;237.386564,9.11669,;237.386564,9.16677,;237.386564,9.21689,;237.386564,9.26701,;237.386564,9.31713,;237.386564,9.36722,;237.386564,9.4173,;237.386564,9.4674,;237.386564,9.5175,;237.386564,9.56758,;237.386564,9.61771,;237.386564,9.66779,;237.386564,9.71791,;237.386564,9.76799,;237.386564,9.81815,;237.386564,9.86823,;237.386564,9.91831,;237.386564,9.96839,;
630.158278,0.0500669,;630.158278,0.100188,;630.158278,0.150311,;630.158278,0.200389,;630.158278,0.25047,;630.158278,0.300554,;630.158278,0.350657,;630.158278,0.400753,;630.158278,0.450871,;630.158278,0.500947,;630.158278,0.551061,;630.158278,0.601132,;630.158278,0.651243,;630.158278,0.701315,;630.158278,0.751403,;624.689704,0.801476,;624.689704,0.851589,;624.689704,0.901683,;624.689704,0.951797,;624.689704,1.00188,;624.689704,1.05201,;624.689704,1.10208,;624.689704,1.15215,;624.689704,1.20223,;624.689704,1.25231,;624.689704,1.3024,;624.689704,1.35249,;624.689704,1.40258,;624.689704,1.4527,;624.689704,1.50278,;624.689704,1.55286,;624.689704,1.60297,;624.689704,1.65308,;624.689704,1.70321,;624.689704,1.75328,;624.689704,1.80341,;250.414670,1.85348,;250.414670,1.90355,;250.414670,1.95364,;250.414670,2.00375,;250.414670,2.05385,;250.414670,2.10392,;250.414670,2.15402,;250.414670,2.2041,;250.414670,2.25419,;250.414670,2.30427,;250.414670,2.35435,;250.414670,2.40444,;250.414670,2.45453,;250.414670,2.50462,;250.414670,2.55471,;250.414670,2.6048,;250.414670,2.65491,;250.414670,2.70503,;250.414670,2.75517,;250.414670,2.80528,;250.414670,2.8554,;250.414670,2.90548,;250.414670,2.95557,;250.414670,3.00567,;250.414670,3.0558,;250.414670,3.10589,;250.414670,3.15597,;250.414670,3.20605,;250.414670,3.25617,;249.901443,3.30628,;249.901443,3.35638,;249.901443,3.40649,;249.901443,3.45658,;249.901443,3.50665,;249.901443,3.55676,;249.901443,3.60689,;249.901443,3.65701,;249.901443,3.70714,;249.901443,3.75725,;249.901443,3.80734,;249.901443,3.85742,;249.901443,3.90753,;249.901443,3.95763,;249.901443,4.00773,;249.901443,4.05783,;249.901443,4.10793,;249.901443,4.15803,;249.901443,4.20813,;249.901443,4.25824,;249.901443,4.30836,;249.901443,4.35852,;249.901443,4.40863,;249.901443,4.45874,;249.901443,4.50883,;249.901443,4.55893,;249.901443,4.60906,;249.901443,4.65916,;249.901443,4.70928,;249.901443,4.75939,;249.901443,4.80948,;249.901443,4.85957,;249.901443,4.90964,;249.901443,4.95973,;249.901443,5.00982,;249.901443,5.0599,;249.901443,5.10997,;249.901443,5.16009,;249.901443,5.21019,;249.901443,5.26028,;249.901443,5.31035,;249.901443,5.36043,;249.901443,5.41052,;249.901443,5.4606,;249.901443,5.51069,;249.901443,5.56077,;249.901443,5.61085,;249.901443,5.66094,;249.901443,5.711,;249.901443,5.76113,;249.901443,5.81121,;249.901443,5.86127,;249.901443,5.91135,;249.901443,5.96144,;249.901443,6.01153,;249.901443,6.06162,;249.901443,6.11172,;249.901443,6.16181,;249.901443,6.2119,;249.901443,6.26203,;249.901443,6.31212,;249.901443,6.36221,;249.901443,6.41229,;249.901443,6.46242,;249.901443,6.5125,;249.901443,6.56258,;249.901443,6.61267,;249.901443,6.66274,;249.901443,6.71285,;249.901443,6.76293,;249.901443,6.813,;249.901443,6.86313,;249.901443,6.91324,;249.901443,6.96333,;249.901443,7.01342,;249.901443,7.06352,;249.901443,7.11363,;249.901443,7.16373,;249.901443,7.21382,;249.901443,7.2639,;249.901443,7.31399,;249.901443,7.36407,;249.901443,7.41417,;249.901443,7.46427,;249.901443,7.51436,;249.901443,7.56444,;249.901443,7.61452,;249.901443,7.6646,;249.901443,7.71468,;249.901443,7.76476,;249.901443,7.81484,;249.901443,7.86494,;249.901443,7.91503,;249.901443,7.96512,;249.901443,8.01521,;247.600149,8.0653,;247.600149,8.11538,;247.600149,8.16548,;235.508283,8.21558,;235.508283,8.26567,;235.508283,8.31578,;235.508283,8.36586,;231.464183,8.41595,;231.464183,8.46604,;231.464183,8.51613,;231.464183,8.56623,;231.464183,8.61636,;231.464183,8.66645,;231.464183,8.71653,;231.464183,8.76662,;231.464183,8.81672,;231.464183,8.86681,;231.464183,8.91691,;231.464183,8.96701,;231.464183,9.01706,;231.464183,9.06714,;231.464183,9.11722,;231.464183,9.1673,;231.464183,9.21739,;229.619637,9.26747,;229.619637,9.31755,;229.619637,9.36764,;229.619637,9.41773,;229.619637,9.46781,;229.619637,9.51791,;229.619637,9.56803,;229.619637,9.61812,;229.619637,9.6682,;229.619637,9.71828,;229.619637,9.7684,;229.619637,9.8185,;229.619637,9.86861,;229.619637,9.91873,;229.619637,9.96882,;
inf,0.0500683,;inf,0.10016,;810.713467,0.150264,;354.600181,0.200343,;353.270965,0.250434,;353.270965,0.300532,;353.270965,0.350619,;348.794028,0.400749,;348.794028,0.450842,;334.299667,0.500973,;334.299667,0.551061,;334.299667,0.60117,;334.299667,0.651247,;321.701273,0.701367,;321.701273,0.751444,;320.933618,0.801556,;320.933618,0.851671,;320.933618,0.901745,;320.933618,0.951854,;320.933618,1.00193,;274.106439,1.05204,;274.106439,1.10217,;274.106439,1.15229,;274.106439,1.20241,;269.964706,1.25249,;269.964706,1.30258,;269.964706,1.35266,;269.964706,1.40277,;269.964706,1.45288,;253.771061,1.50297,;253.771061,1.55308,;253.771061,1.6032,;253.771061,1.65331,;253.771061,1.70342,;253.771061,1.75351,;253.771061,1.8036,;244.737078,1.85368,;244.737078,1.90376,;244.737078,1.95384,;244.737078,2.00391,;244.737078,2.05398,;244.737078,2.10407,;244.737078,2.15412,;244.737078,2.20421,;244.737078,2.2543,;244.737078,2.30438,;244.737078,2.35446,;244.737078,2.40459,;244.737078,2.45468,;244.737078,2.50478,;244.737078,2.5549,;244.737078,2.60501,;244.737078,2.65509,;244.737078,2.70522,;244.737078,2.75534,;244.737078,2.80548,;244.737078,2.85559,;244.737078,2.90565,;244.737078,2.95573,;244.737078,3.00581,;244.737078,3.05588,;244.737078,3.10598,;244.737078,3.1561,;244.737078,3.20621,;244.737078,3.25634,;244.737078,3.30642,;244.737078,3.35652,;244.737078,3.40661,;244.737078,3.45675,;244.737078,3.50684,;244.737078,3.55694,;244.737078,3.60702,;244.737078,3.6571,;244.737078,3.70719,;244.737078,3.75728,;244.737078,3.80737,;244.737078,3.85746,;244.737078,3.90755,;244.737078,3.95762,;244.737078,4.0077,;244.737078,4.05778,;244.737078,4.10785,;244.737078,4.15793,;244.737078,4.20805,;244.737078,4.25812,;244.737078,4.30823,;244.737078,4.35831,;244.737078,4.40839,;244.737078,4.45848,;244.737078,4.50857,;244.737078,4.55864,;244.737078,4.60877,;244.737078,4.65888,;244.737078,4.70896,;244.737078,4.75905,;244.737078,4.80916,;231.337241,4.85925,;231.337241,4.90933,;231.337241,4.95943,;231.337241,5.00951,;231.337241,5.05962,;231.337241,5.1097,;231.337241,5.15977,;231.337241,5.20984,;231.337241,5.25992,;231.337241,5.31001,;231.337241,5.36012,;231.337241,5.4102,;231.337241,5.46029,;231.337241,5.51037,;231.337241,5.56046,;231.337241,5.61058,;231.337241,5.66069,;231.337241,5.71077,;231.337241,5.76086,;231.337241,5.81093,;231.337241,5.86102,;231.337241,5.91112,;231.337241,5.9612,;231.337241,6.01131,;231.337241,6.06146,;231.337241,6.11155,;231.337241,6.16165,;231.337241,6.21172,;231.337241,6.2618,;231.337241,6.31188,;231.337241,6.36197,;231.337241,6.41208,;231.337241,6.46216,;231.337241,6.51225,;231.337241,6.56233,;231.337241,6.61242,;231.337241,6.66251,;231.337241,6.71259,;231.337241,6.76267,;231.337241,6.81275,;231.337241,6.86283,;231.337241,6.91291,;224.938750,6.96299,;224.938750,7.01308,;224.938750,7.06316,;224.938750,7.11326,;224.938750,7.16335,;224.938750,7.21344,;224.938750,7.26352,;224.938750,7.31366,;224.938750,7.36377,;224.938750,7.41385,;224.938750,7.46392,;224.938750,7.51401,;224.938750,7.56409,;224.938750,7.61417,;224.938750,7.66425,;224.938750,7.71433,;224.938750,7.76442,;224.938750,7.81452,;224.938750,7.86463,;224.938750,7.91472,;224.938750,7.96484,;224.938750,8.01492,;224.938750,8.06502,;224.938750,8.11511,;224.938750,8.16521,;224.938750,8.21533,;224.938750,8.26541,;224.938750,8.31551,;224.938750,8.36561,;224.938750,8.41568,;224.938750,8.46576,;224.938750,8.51587,;224.938750,8.56597,;224.938750,8.61608,;224.938750,8.66616,;224.938750,8.71624,;224.938750,8.76632,;224.938750,8.81639,;224.938750,8.86647,;224.938750,8.91656,;224.938750,8.96665,;224.938750,9.01674,;224.938750,9.06684,;224.938750,9.11695,;224.938750,9.16702,;224.938750,9.21714,;224.938750,9.26723,;224.938750,9.31733,;224.938750,9.36742,;224.938750,9.41751,;224.938750,9.46759,;224.938750,9.51767,;224.938750,9.56778,;224.938750,9.61785,;224.938750,9.66793,;224.938750,9.718,;224.938750,9.76808,;224.938750,9.81816,;224.938750,9.86823,;224.938750,9.9183,;224.938750,9.96839,;
inf,0.0500646,;830.463722,0.100152,;830.463722,0.150231,;830.463722,0.200325,;830.463722,0.250448,;830.463722,0.300538,;420.480279,0.350663,;420.480279,0.400786,;420.480279,0.450873,;419.653805,0.500955,;415.267324,0.551037,;415.267324,0.601114,;415.267324,0.651197,;415.267324,0.701316,;415.267324,0.751409,;415.267324,0.80154,;415.267324,0.851624,;415.267324,0.901712,;415.267324,0.951798,;415.267324,1.00189,;415.267324,1.05199,;415.267324,1.10208,;415.267324,1.15218,;415.267324,1.20227,;415.267324,1.25237,;405.999511,1.30246,;405.999511,1.35255,;399.741181,1.40265,;399.741181,1.45272,;399.741181,1.5028,;399.741181,1.5529,;399.741181,1.60299,;399.741181,1.65307,;399.741181,1.70316,;399.741181,1.75329,;399.741181,1.80338,;398.489836,1.85346,;398.489836,1.90353,;398.489836,1.95365,;398.489836,2.00374,;398.489836,2.05383,;363.273930,2.10393,;363.273930,2.15401,;363.273930,2.2041,;277.634888,2.25419,;277.634888,2.30428,;277.634888,2.35441,;277.634888,2.40452,;277.634888,2.45465,;277.634888,2.50475,;277.634888,2.55483,;277.634888,2.60492,;277.634888,2.65501,;277.634888,2.70512,;277.634888,2.7552,;277.634888,2.80533,;277.634888,2.85542,;277.634888,2.90554,;277.634888,2.95564,;277.634888,3.00572,;277.634888,3.05581,;277.634888,3.10591,;277.634888,3.15601,;277.634888,3.20611,;277.634888,3.2562,;277.634888,3.30629,;277.634888,3.35641,;277.634888,3.4065,;277.634888,3.45659,;277.634888,3.50664,;277.634888,3.55674,;277.634888,3.60683,;277.634888,3.65692,;277.634888,3.70701,;272.560188,3.7571,;272.560188,3.8072,;272.560188,3.85729,;272.560188,3.90738,;272.560188,3.9575,;272.560188,4.0076,;272.560188,4.0577,;272.560188,4.1078,;272.560188,4.15789,;272.560188,4.20798,;272.560188,4.25807,;272.560188,4.30819,;272.560188,4.35828,;272.560188,4.40837,;272.560188,4.45845,;272.560188,4.50854,;272.560188,4.55865,;272.560188,4.60877,;272.560188,4.65884,;272.560188,4.70894,;272.560188,4.75904,;268.335742,4.80915,;268.335742,4.85923,;268.335742,4.90936,;268.335742,4.95943,;268.335742,5.00952,;268.335742,5.05965,;268.335742,5.10973,;268.335742,5.15983,;268.335742,5.20992,;268.335742,5.26006,;268.335742,5.31018,;268.335742,5.36026,;268.335742,5.41038,;268.335742,5.46051,;240.855434,5.51061,;240.855434,5.56075,;240.855434,5.61084,;240.855434,5.66094,;240.855434,5.71104,;240.855434,5.76117,;240.855434,5.81124,;240.855434,5.86136,;240.855434,5.91149,;240.855434,5.96158,;240.855434,6.01167,;240.855434,6.06177,;240.855434,6.11185,;240.855434,6.16194,;240.855434,6.21203,;240.855434,6.26214,;240.855434,6.31222,;240.855434,6.36231,;240.855434,6.41239,;240.855434,6.46248,;240.855434,6.5126,;240.855434,6.56269,;240.855434,6.61278,;240.855434,6.66286,;240.855434,6.71295,;240.855434,6.76304,;240.855434,6.81313,;233.812660,6.86322,;233.812660,6.91332,;233.812660,6.96342,;233.812660,7.01351,;233.812660,7.06359,;233.812660,7.11368,;233.812660,7.16376,;233.812660,7.21386,;233.812660,7.26395,;233.812660,7.31404,;233.812660,7.36412,;233.812660,7.41421,;233.812660,7.4643,;229.759989,7.5144,;229.759989,7.56449,;229.759989,7.61459,;229.759989,7.66471,;229.759989,7.71479,;229.759989,7.76488,;229.759989,7.81497,;229.759989,7.86506,;229.759989,7.91518,;229.759989,7.9653,;229.759989,8.01539,;229.759989,8.06547,;229.759989,8.11556,;229.759989,8.16566,;229.759989,8.21577,;229.759989,8.26585,;229.759989,8.31595,;229.759989,8.36607,;229.759989,8.41616,;229.759989,8.46625,;229.759989,8.51633,;229.759989,8.56642,;229.759989,8.61651,;229.759989,8.6666,;229.759989,8.71673,;229.759989,8.76681,;229.759989,8.8169,;229.759989,8.86699,;229.759989,8.91712,;229.759989,8.96721,;229.759989,9.01731,;229.759989,9.06741,;229.759989,9.11751,;229.759989,9.1676,;229.759989,9.21769,;229.759989,9.26778,;229.759989,9.31787,;229.759989,9.36797,;229.759989,9.41806,;229.759989,9.46814,;229.759989,9.51823,;229.759989,9.56833,;229.759989,9.61842,;229.759989,9.66851,;229.759989,9.7186,;229.759989,9.76871,;229.759989,9.81879,;229.759989,9.86889,;229.759989,9.91899,;229.759989,9.96911,;
inf,0.0500781,;inf,0.100169,;430.054136,0.15026,;430.054136,0.200342,;430.054136,0.250429,;430.054136,0.300516,;430.054136,0.351282,;430.054136,0.401372,;430.054136,0.451464,;430.054136,0.501559,;430.054136,0.551685,;338.692912,0.601766,;338.692912,0.651864,;338.692912,0.701979,;295.758253,0.752091,;295.758253,0.802203,;295.758253,0.852287,;295.758253,0.902373,;295.758253,0.952482,;295.758253,1.00256,;295.758253,1.05264,;295.758253,1.10273,;295.758253,1.15282,;295.758253,1.20292,;295.758253,1.25302,;295.758253,1.30311,;295.758253,1.3532,;295.758253,1.40331,;295.758253,1.45341,;295.758253,1.50351,;295.758253,1.5536,;295.758253,1.60372,;295.758253,1.65382,;295.758253,1.7039,;295.758253,1.75402,;295.758253,1.80411,;295.758253,1.85419,;295.758253,1.90432,;295.758253,1.95443,;295.758253,2.00449,;295.758253,2.05457,;295.758253,2.10465,;295.758253,2.15476,;295.758253,2.20485,;295.758253,2.25494,;295.758253,2.30504,;295.758253,2.35514,;295.758253,2.40523,;295.758253,2.45531,;295.758253,2.50538,;295.758253,2.55546,;295.758253,2.60554,;295.758253,2.65562,;295.758253,2.70571,;295.758253,2.75579,;295.758253,2.80587,;293.631021,2.85595,;293.631021,2.90604,;293.631021,2.95611,;293.631021,3.00619,;286.253587,3.05628,;286.253587,3.1064,;286.253587,3.15648,;286.253587,3.2066,;286.253587,3.25667,;286.253587,3.30675,;286.253587,3.35684,;286.253587,3.40694,;286.253587,3.45703,;286.253587,3.50715,;286.253587,3.55725,;286.253587,3.60734,;286.253587,3.65742,;286.253587,3.70752,;286.253587,3.75764,;286.253587,3.80772,;286.253587,3.85781,;286.253587,3.90794,;286.253587,3.95806,;286.253587,4.00818,;286.253587,4.05831,;286.253587,4.1084,;270.145502,4.1585,;270.145502,4.20858,;270.145502,4.25866,;270.145502,4.30875,;270.145502,4.35887,;270.145502,4.40895,;270.145502,4.45904,;270.145502,4.50913,;270.145502,4.55921,;270.145502,4.60931,;270.145502,4.65942,;270.145502,4.70951,;270.145502,4.75964,;270.145502,4.80973,;270.145502,4.85982,;270.145502,4.90992,;270.145502,4.96004,;270.145502,5.01013,;270.145502,5.06022,;270.145502,5.11032,;270.145502,5.16044,;270.145502,5.21054,;270.145502,5.26062,;270.145502,5.31072,;270.145502,5.36081,;270.145502,5.4109,;270.145502,5.46098,;270.145502,5.51112,;270.145502,5.56122,;270.145502,5.61132,;270.145502,5.6614,;270.145502,5.7115,;270.145502,5.76159,;270.145502,5.81169,;270.145502,5.86177,;270.145502,5.91186,;270.145502,5.96198,;270.145502,6.01207,;270.145502,6.0622,;270.145502,6.11228,;266.523529,6.16237,;266.523529,6.21247,;266.523529,6.26256,;266.523529,6.31265,;266.523529,6.36277,;266.523529,6.41287,;266.523529,6.46297,;263.514944,6.51305,;263.514944,6.56314,;263.514944,6.61323,;263.514944,6.66332,;258.783653,6.71341,;258.783653,6.76349,;258.783653,6.81358,;258.783653,6.86367,;258.783653,6.91377,;258.783653,6.96387,;258.783653,7.01396,;258.783653,7.06405,;258.783653,7.11414,;258.783653,7.16422,;258.783653,7.21432,;258.783653,7.2644,;258.783653,7.3145,;258.783653,7.36459,;258.783653,7.41468,;258.783653,7.46477,;258.783653,7.51485,;258.783653,7.56495,;258.783653,7.61504,;258.783653,7.66514,;258.783653,7.71527,;258.783653,7.76536,;258.783653,7.81548,;258.783653,7.86557,;258.783653,7.91567,;258.783653,7.96575,;258.783653,8.01586,;258.783653,8.06594,;258.783653,8.11603,;258.783653,8.16613,;258.783653,8.21625,;258.783653,8.26637,;258.783653,8.3165,;258.783653,8.36662,;258.783653,8.41669,;258.783653,8.46681,;258.783653,8.51689,;258.783653,8.56699,;258.783653,8.61707,;258.783653,8.66719,;258.783653,8.71727,;256.660551,8.76735,;256.660551,8.81745,;256.660551,8.86758,;256.660551,8.91768,;256.660551,8.9678,;256.660551,9.01792,;256.660551,9.06803,;256.660551,9.11812,;256.660551,9.16822,;256.660551,9.21832,;256.660551,9.2684,;256.660551,9.31846,;256.660551,9.36855,;256.660551,9.41864,;256.660551,9.46874,;256.660551,9.51882,;256.660551,9.56891,;256.660551,9.619,;256.660551,9.66909,;256.660551,9.71919,;256.660551,9.76928,;256.660551,9.81941,;256.660551,9.8695,;256.660551,9.91962,;256.660551,9.96971,;256.660551,10.0198,;256.660551,10.07,;
inf,0.0500973,;682.927875,0.100208,;682.927875,0.150316,;682.927875,0.200432,;682.927875,0.250509,;682.927875,0.300639,;682.927875,0.350764,;678.676493,0.400874,;678.676493,0.450987,;678.676493,0.501102,;678.676493,0.551214,;567.928646,0.601335,;551.544197,0.651451,;549.051047,0.701534,;549.051047,0.751628,;549.051047,0.801705,;549.051047,0.85178,;549.051047,0.901857,;549.051047,0.951986,;549.051047,1.0021,;549.051047,1.05219,;549.051047,1.10227,;538.737395,1.15236,;538.737395,1.20244,;538.737395,1.25253,;538.737395,1.30262,;538.737395,1.35272,;538.737395,1.4028,;538.737395,1.45285,;538.737395,1.50293,;538.737395,1.55301,;538.737395,1.60308,;538.737395,1.65318,;538.737395,1.70332,;538.737395,1.7534,;538.737395,1.80349,;538.737395,1.85358,;538.737395,1.90367,;538.737395,1.95376,;538.737395,2.00384,;538.737395,2.05393,;538.737395,2.10403,;538.737395,2.15412,;538.737395,2.20424,;538.737395,2.25433,;538.737395,2.30441,;524.899241,2.35451,;524.899241,2.40461,;524.899241,2.45475,;524.899241,2.50483,;524.899241,2.55495,;524.899241,2.60504,;524.899241,2.65516,;524.899241,2.70524,;524.899241,2.7554,;520.003514,2.8055,;520.003514,2.85558,;520.003514,2.90566,;520.003514,2.95574,;520.003514,3.00579,;518.593142,3.0559,;518.593142,3.106,;319.017165,3.15608,;319.017165,3.20617,;319.017165,3.25627,;319.017165,3.30637,;319.017165,3.35647,;319.017165,3.40656,;319.017165,3.45668,;319.017165,3.5068,;319.017165,3.55687,;319.017165,3.60695,;319.017165,3.65704,;319.017165,3.70713,;303.371893,3.75722,;303.371893,3.80731,;303.371893,3.8574,;303.371893,3.90753,;303.371893,3.95761,;303.371893,4.00771,;303.371893,4.05779,;303.371893,4.10788,;303.371893,4.15799,;303.371893,4.20808,;303.371893,4.25821,;303.371893,4.30833,;291.915254,4.35842,;291.915254,4.40854,;291.915254,4.45862,;291.915254,4.50872,;291.915254,4.55879,;280.021980,4.60887,;280.021980,4.65899,;280.021980,4.70908,;264.463937,4.75916,;264.463937,4.80924,;264.463937,4.85933,;264.463937,4.90943,;264.463937,4.95951,;264.463937,5.00963,;264.463937,5.05975,;264.463937,5.10983,;264.463937,5.15992,;264.463937,5.21002,;264.463937,5.26014,;264.463937,5.31022,;264.463937,5.36031,;264.463937,5.41039,;264.463937,5.46052,;264.463937,5.51064,;264.463937,5.56073,;263.899605,5.61082,;263.899605,5.6609,;263.899605,5.711,;263.899605,5.76109,;263.899605,5.8112,;263.899605,5.86129,;263.899605,5.91141,;263.899605,5.9615,;263.899605,6.01162,;263.899605,6.0617,;263.899605,6.11178,;263.899605,6.16186,;263.899605,6.21198,;263.899605,6.26207,;263.899605,6.31217,;263.899605,6.36223,;263.899605,6.41235,;263.899605,6.46247,;263.899605,6.51259,;263.899605,6.56267,;250.548930,6.61279,;250.548930,6.66288,;250.548930,6.71297,;250.548930,6.76305,;250.548930,6.81315,;250.548930,6.86323,;250.548930,6.91335,;250.548930,6.96344,;250.548930,7.01352,;250.548930,7.0636,;250.548930,7.11367,;250.548930,7.16378,;250.548930,7.2139,;250.548930,7.26397,;250.548930,7.31408,;247.918836,7.36417,;247.918836,7.41426,;247.918836,7.46435,;247.918836,7.51448,;247.918836,7.56459,;247.918836,7.61467,;247.918836,7.66476,;247.918836,7.71484,;247.918836,7.76492,;247.918836,7.81499,;247.918836,7.86507,;247.918836,7.91516,;247.918836,7.96525,;247.918836,8.01534,;247.918836,8.06542,;247.918836,8.11553,;247.918836,8.16565,;247.918836,8.21573,;247.918836,8.26582,;247.918836,8.3159,;247.918836,8.36602,;247.918836,8.4161,;247.918836,8.46621,;247.918836,8.51633,;247.918836,8.56642,;238.019703,8.61649,;238.019703,8.66661,;238.019703,8.71672,;238.019703,8.76683,;238.019703,8.81692,;238.019703,8.86703,;238.019703,8.91712,;238.019703,8.96726,;238.019703,9.01736,;238.019703,9.06751,;238.019703,9.1176,;238.019703,9.16769,;238.019703,9.21778,;238.019703,9.26789,;238.019703,9.31799,;238.019703,9.3681,;238.019703,9.41821,;238.019703,9.4683,;238.019703,9.51842,;238.019703,9.56854,;238.019703,9.61865,;238.019703,9.66873,;238.019703,9.71881,;238.019703,9.7689,;238.019703,9.81899,;238.019703,9.86907,;238.019703,9.91916,;238.019703,9.96923,;238.019703,10.0193,;
inf,0.0500683,;668.024716,0.100165,;668.024716,0.150288,;668.024716,0.200341,;668.024716,0.250464,;668.024716,0.300579,;668.024716,0.350704,;668.024716,0.400795,;668.024716,0.45091,;668.024716,0.501027,;668.024716,0.55114,;668.024716,0.601229,;668.024716,0.651315,;668.024716,0.701397,;356.589763,0.751477,;356.589763,0.801554,;356.589763,0.851638,;356.589763,0.901715,;356.589763,0.951805,;356.589763,1.00191,;356.589763,1.052,;356.589763,1.10209,;356.589763,1.15219,;356.589763,1.20228,;356.589763,1.25237,;356.589763,1.30247,;299.837018,1.35256,;299.837018,1.40266,;299.837018,1.45278,;299.837018,1.50287,;299.837018,1.55297,;299.837018,1.60307,;299.837018,1.65316,;299.837018,1.70328,;299.837018,1.75337,;299.837018,1.80348,;299.837018,1.85356,;299.837018,1.90364,;299.837018,1.95372,;299.837018,2.00381,;299.837018,2.05394,;299.837018,2.10403,;299.837018,2.15412,;299.837018,2.20421,;299.837018,2.2543,;299.837018,2.30443,;299.837018,2.35467,;292.440897,2.40475,;292.440897,2.45483,;292.440897,2.50492,;292.440897,2.555,;292.440897,2.60509,;292.440897,2.65522,;292.440897,2.70534,;292.440897,2.75544,;292.440897,2.80555,;292.440897,2.85565,;292.440897,2.90573,;292.440897,2.95581,;292.440897,3.00589,;292.440897,3.05597,;292.440897,3.10604,;280.497922,3.15611,;280.497922,3.2062,;280.497922,3.2563,;280.497922,3.30642,;280.497922,3.35651,;280.497922,3.40658,;280.497922,3.45666,;280.497922,3.50675,;280.497922,3.55682,;263.343962,3.6069,;263.343962,3.65701,;242.737355,3.7071,;242.737355,3.75719,;242.737355,3.80728,;242.737355,3.85738,;242.737355,3.90746,;242.737355,3.95754,;242.737355,4.00762,;242.737355,4.0577,;242.737355,4.10779,;242.737355,4.15788,;242.737355,4.20798,;242.737355,4.25809,;242.737355,4.30816,;242.737355,4.35828,;242.737355,4.40836,;242.737355,4.45848,;242.737355,4.5086,;242.737355,4.55871,;242.737355,4.60882,;242.737355,4.6589,;242.737355,4.70903,;242.737355,4.75914,;242.737355,4.80925,;242.737355,4.85933,;242.737355,4.90945,;242.737355,4.95956,;242.737355,5.00963,;242.737355,5.0597,;242.737355,5.10977,;242.737355,5.15984,;242.737355,5.20991,;242.737355,5.25998,;242.737355,5.31005,;242.737355,5.36013,;242.737355,5.4102,;242.737355,5.46027,;242.737355,5.51034,;242.737355,5.56041,;242.737355,5.61051,;242.737355,5.66063,;242.737355,5.71071,;242.737355,5.76083,;242.737355,5.81093,;242.737355,5.86105,;242.737355,5.91114,;242.737355,5.96123,;242.737355,6.01132,;242.737355,6.06139,;242.737355,6.11146,;242.737355,6.16155,;242.737355,6.21163,;242.737355,6.2617,;242.737355,6.31177,;242.737355,6.36185,;242.737355,6.41194,;242.737355,6.46203,;242.737355,6.51212,;242.737355,6.56221,;242.737355,6.6123,;242.737355,6.66238,;242.737355,6.71248,;242.737355,6.76259,;242.737355,6.81266,;242.737355,6.86273,;242.737355,6.91281,;242.737355,6.9629,;242.737355,7.01299,;242.737355,7.06308,;242.737355,7.11317,;242.737355,7.16325,;242.737355,7.21333,;242.737355,7.2634,;242.737355,7.31349,;242.737355,7.36357,;242.737355,7.41365,;242.737355,7.46373,;242.737355,7.51382,;242.737355,7.56391,;242.737355,7.61399,;242.737355,7.66408,;242.737355,7.71417,;242.737355,7.76426,;242.737355,7.81435,;242.101623,7.86443,;242.101623,7.91452,;242.101623,7.9646,;233.728492,8.01469,;233.728492,8.06477,;233.728492,8.11485,;233.728492,8.16493,;233.728492,8.21501,;233.728492,8.26509,;233.728492,8.31516,;233.728492,8.36524,;233.728492,8.41532,;233.728492,8.4654,;233.728492,8.51548,;233.728492,8.56556,;233.728492,8.61564,;233.728492,8.66571,;233.728492,8.71579,;233.728492,8.76587,;233.728492,8.81595,;233.728492,8.86603,;233.728492,8.91611,;233.728492,8.96619,;233.728492,9.0163,;233.728492,9.06638,;233.728492,9.11647,;233.728492,9.16656,;233.728492,9.21665,;231.664020,9.26673,;231.664020,9.31681,;231.664020,9.36689,;231.664020,9.41697,;231.664020,9.46706,;231.664020,9.51714,;231.664020,9.56722,;231.664020,9.6173,;231.664020,9.66738,;231.664020,9.71746,;231.664020,9.76754,;231.664020,9.81763,;231.664020,9.86772,;231.664020,9.91781,;231.664020,9.96791,;
.
control_mod_RRT
10 common properties
goal_bias = 0.05
intermediate_states = 0
longest_valid_segment_fraction = 0.01
max_control_duration = 20
min_control_duration = 1
projection.cellsize.0 = 5
projection.cellsize.1 = 5
projection.cellsize_factor = 0
propagation_step_size = 0.1
valid_segment_count_factor = 1
14 properties for each run
approximate solution BOOLEAN
correct solution BOOLEAN
graph motions INTEGER
graph states INTEGER
memory REAL
solution clearance REAL
solution difference REAL
solution length REAL
solution path length REAL
solution segments INTEGER
solved BOOLEAN
status ENUM
time REAL
valid segment fraction REAL
100 runs
0; 1; 8356; 8357; 143.102; 0; 0; 32; 267.07; 320; 1; 6; 0.223877; 0; 
0; 1; 3525; 3526; 143.102; 0; 0; 30; 271.018; 300; 1; 6; 0.0892486; 0; 
0; 1; 2983; 2984; 143.102; 0; 0; 14.9; 129.664; 149; 1; 6; 0.0693813; 0; 
0; 1; 2763; 2764; 143.102; 0; 0; 13.8; 121.004; 138; 1; 6; 0.0658167; 0; 
0; 1; 9567; 9568; 143.102; 0; 0; 17.6; 135.629; 176; 1; 6; 0.290463; 0; 
0; 1; 6266; 6267; 143.102; 0; 0; 44.1; 338.774; 441; 1; 6; 0.19327; 0; 
0; 1; 2857; 2858; 143.102; 0; 0; 18.5; 125.676; 185; 1; 6; 0.073429; 0; 
0; 1; 8923; 8924; 143.102; 0; 0; 21.3; 175.986; 213; 1; 6; 0.263148; 0; 
0; 1; 7124; 7125; 143.102; 0; 0; 39; 270.219; 390; 1; 6; 0.222727; 0; 
0; 1; 3509; 3510; 143.102; 0; 0; 33.6; 260.697; 336; 1; 6; 0.0808895; 0; 
0; 1; 3012; 3013; 143.102; 0; 0; 19.4; 118.497; 194; 1; 6; 0.0709902; 0; 
0; 1; 7581; 7582; 143.102; 0; 0; 32.5; 254.592; 325; 1; 6; 0.197021; 0; 
0; 1; 3119; 3120; 143.102; 0; 0; 20.5; 139.85; 205; 1; 6; 0.0741885; 0; 
0; 1; 4187; 4188; 143.102; 0; 0; 34; 275.271; 340; 1; 6; 0.105472; 0; 
0; 1; 4803; 4804; 143.102; 0; 0; 34.9; 299.497; 349; 1; 6; 0.136836; 0; 
0; 1; 3026; 3027; 143.102; 0; 0; 31.4; 258.019; 314; 1; 6; 0.0660831; 0; 
0; 1; 8623; 8624; 143.102; 0; 0; 39.5; 302.476; 395; 1; 6; 0.25072; 0; 
0; 1; 7689; 7690; 143.102; 0; 0; 34.9; 275.325; 349; 1; 6; 0.217975; 0; 
0; 1; 2268; 2269; 143.102; 0; 0; 19.3; 135.215; 193; 1; 6; 0.0475216; 0; 
0; 1; 6948; 6949; 143.102; 0; 0; 20.3; 154.677; 203; 1; 6; 0.190269; 0; 
0; 1; 6335; 6336; 143.102; 0; 0; 21.6; 175.763; 216; 1; 6; 0.155675; 0; 
0; 1; 11714; 11715; 143.102; 0; 0; 29.9; 216.986; 299; 1; 6; 0.341314; 0; 
0; 1; 6210; 6211; 143.102; 0; 0; 20.7; 132.412; 207; 1; 6; 0.177212; 0; 
0; 1; 4985; 4986; 143.102; 0; 0; 24.1; 207.332; 241; 1; 6; 0.145807; 0; 
0; 1; 4350; 4351; 143.102; 0; 0; 22.1; 147.54; 221; 1; 6; 0.0946092; 0; 
0; 1; 3629; 3630; 143.102; 0; 0; 18; 149.353; 180; 1; 6; 0.0879154; 0; 
0; 1; 4846; 4847; 143.102; 0; 0; 18.9; 141.106; 189; 1; 6; 0.122479; 0; 
0; 1; 4484; 4485; 143.102; 0; 0; 25.6; 195.805; 256; 1; 6; 0.114758; 0; 
0; 1; 7123; 7124; 143.102; 0; 0; 19.6; 148.198; 196; 1; 6; 0.207734; 0; 
0; 1; 2851; 2852; 143.102; 0; 0; 14.3; 128.719; 143; 1; 6; 0.0714897; 0; 
0; 1; 5944; 5945; 143.102; 0; 0; 35.1; 264.612; 351; 1; 6; 0.183117; 0; 
0; 1; 4631; 4632; 143.102; 0; 0; 20.1; 154.511; 201; 1; 6; 0.120996; 0; 
0; 1; 5496; 5497; 143.102; 0; 0; 35.4; 308.619; 354; 1; 6; 0.142117; 0; 
0; 1; 3687; 3688; 143.102; 0; 0; 17.4; 139.537; 174; 1; 6; 0.0911729; 0; 
0; 1; 4771; 4772; 143.102; 0; 0; 19.8; 116.8; 198; 1; 6; 0.129464; 0; 
0; 1; 4681; 4682; 143.102; 0; 0; 38.3; 304.057; 383; 1; 6; 0.131857; 0; 
0; 1; 2817; 2818; 143.102; 0; 0; 19.7; 151.336; 197; 1; 6; 0.0797306; 0; 
0; 1; 5530; 5531; 143.102; 0; 0; 19.2; 140.998; 192; 1; 6; 0.136156; 0; 
0; 1; 4692; 4693; 143.102; 0; 0; 38.2; 279.168; 382; 1; 6; 0.117467; 0; 
0; 1; 5321; 5322; 143.102; 0; 0; 37.2; 268.257; 372; 1; 6; 0.139217; 0; 
0; 1; 6289; 6290; 143.102; 0; 0; 19.3; 161.974; 193; 1; 6; 0.182177; 0; 
0; 1; 9794; 9795; 143.102; 0; 0; 17.7; 140.861; 164; 1; 6; 0.274502; 0; 
0; 1; 5835; 5836; 143.102; 0; 0; 27.7; 204.545; 275; 1; 6; 0.164568; 0; 
0; 1; 5125; 5126; 143.102; 0; 0; 28.8; 258.457; 288; 1; 6; 0.138475; 0; 
0; 1; 6218; 6219; 143.102; 0; 0; 39.5; 294.333; 395; 1; 6; 0.154634; 0; 
0; 1; 1677; 1678; 143.102; 0; 0; 20.1; 142.936; 201; 1; 6; 0.0351235; 0; 
0; 1; 5717; 5718; 143.102; 0; 0; 31; 260.392; 310; 1; 6; 0.149231; 0; 
0; 1; 4884; 4885; 143.102; 0; 0; 21.4; 177.098; 214; 1; 6; 0.125402; 0; 
0; 1; 7333; 7334; 143.102; 0; 0; 17.3; 136.774; 173; 1; 6; 0.194552; 0; 
0; 1; 4129; 4130; 143.102; 0; 0; 22.7; 164.991; 227; 1; 6; 0.106873; 0; 
0; 1; 6731; 6732; 143.102; 0; 0; 21.7; 152.462; 217; 1; 6; 0.178774; 0; 
0; 1; 6882; 6883; 143.102; 0; 0; 34.7; 261.89; 347; 1; 6; 0.187273; 0; 
0; 1; 9737; 9738; 143.102; 0; 0; 42.6; 336.114; 426; 1; 6; 0.279644; 0; 
0; 1; 1783; 1784; 143.102; 0; 0; 14.8; 111.97; 148; 1; 6; 0.03933; 0; 
0; 1; 5732; 5733; 143.102; 0; 0; 36.4; 297.002; 364; 1; 6; 0.159; 0; 
0; 1; 5598; 5599; 143.102; 0; 0; 24; 157.495; 240; 1; 6; 0.143229; 0; 
0; 1; 3519; 3520; 143.102; 0; 0; 15.6; 138.856; 156; 1; 6; 0.0774711; 0; 
0; 1; 9711; 9712; 143.102; 0; 0; 19.9; 134.522; 199; 1; 6; 0.255623; 0; 
0; 1; 5744; 5745; 143.102; 0; 0; 16.4; 125.692; 164; 1; 6; 0.164561; 0; 
0; 1; 9066; 9067; 143.102; 0; 0; 28.7; 193.839; 287; 1; 6; 0.261534; 0; 
0; 1; 3309; 3310; 143.102; 0; 0; 40; 282.751; 400; 1; 6; 0.0793977; 0; 
0; 1; 5130; 5131; 143.102; 0; 0; 57.7; 419.316; 574; 1; 6; 0.134685; 0; 
0; 1; 7986; 7987; 143.102; 0; 0; 36; 289.542; 360; 1; 6; 0.203903; 0; 
0; 1; 6867; 6868; 143.102; 0; 0; 48; 360.97; 468; 1; 6; 0.183934; 0; 
0; 1; 3547; 3548; 143.102; 0; 0; 20.7; 149.832; 207; 1; 6; 0.0860594; 0; 
0; 1; 6133; 6134; 143.102; 0; 0; 37.9; 300.139; 370; 1; 6; 0.146484; 0; 
0; 1; 2130; 2131; 143.102; 0; 0; 13.5; 119.839; 135; 1; 6; 0.0473554; 0; 
0; 1; 5367; 5368; 143.102; 0; 0; 23.8; 191.02; 229; 1; 6; 0.157009; 0; 
0; 1; 7284; 7285; 143.102; 0; 0; 28.6; 203.622; 286; 1; 6; 0.177536; 0; 
0; 1; 3295; 3296; 143.102; 0; 0; 22.9; 195.445; 224; 1; 6; 0.0811264; 0; 
0; 1; 4118; 4119; 143.102; 0; 0; 19.3; 158.2; 193; 1; 6; 0.109812; 0; 
0; 1; 5600; 5601; 143.102; 0; 0; 20.8; 170.193; 208; 1; 6; 0.140516; 0; 
0; 1; 5499; 5500; 143.102; 0; 0; 19.7; 145.803; 197; 1; 6; 0.153506; 0; 
0; 1; 3671; 3672; 143.102; 0; 0; 16.6; 134.46; 166; 1; 6; 0.0921634; 0; 
0; 1; 2207; 2208; 143.102; 0; 0; 17; 120.129; 170; 1; 6; 0.0491283; 0; 
0; 1; 12002; 12003; 143.102; 0; 0; 37.5; 299.778; 358; 1; 6; 0.344191; 0; 
0; 1; 5000; 5001; 143.102; 0; 0; 37.5; 313.543; 375; 1; 6; 0.125562; 0; 
0; 1; 5276; 5277; 143.102; 0; 0; 26.5; 203.982; 265; 1; 6; 0.138736; 0; 
0; 1; 2471; 2472; 143.102; 0; 0; 13.3; 122.492; 133; 1; 6; 0.0578922; 0; 
0; 1; 4650; 4651; 143.102; 0; 0; 37.2; 301.312; 372; 1; 6; 0.124037; 0; 
0; 1; 4381; 4382; 143.102; 0; 0; 23.4; 160.143; 234; 1; 6; 0.118342; 0; 
0; 1; 10090; 10091; 143.102; 0; 0; 41.2; 318.224; 412; 1; 6; 0.278826; 0; 
0; 1; 6392; 6393; 143.102; 0; 0; 47.5; 342.582; 475; 1; 6; 0.171433; 0; 
0; 1; 4662; 4663; 143.102; 0; 0; 22.4; 133.148; 224; 1; 6; 0.118531; 0; 
0; 1; 4354; 4355; 143.102; 0; 0; 31.4; 271.962; 314; 1; 6; 0.100919; 0; 
0; 1; 5333; 5334; 143.102; 0; 0; 33.3; 285.952; 333; 1; 6; 0.133037; 0; 
0; 1; 10228; 10229; 143.102; 0; 0; 42.1; 329.402; 421; 1; 6; 0.320394; 0; 
0; 1; 4079; 4080; 143.102; 0; 0; 26; 179.847; 260; 1; 6; 0.107218; 0; 
0; 1; 5576; 5577; 143.102; 0; 0; 35.2; 295.742; 352; 1; 6; 0.148366; 0; 
0; 1; 7401; 7402; 143.102; 0; 0; 37.6; 299.247; 357; 1; 6; 0.226735; 0; 
0; 1; 8198; 8199; 143.102; 0; 0; 36.8; 301.686; 368; 1; 6; 0.232589; 0; 
0; 1; 9892; 9893; 143.102; 0; 0; 18.2; 134.328; 182; 1; 6; 0.281769; 0; 
0; 1; 2145; 2146; 143.102; 0; 0; 19.1; 135.783; 191; 1; 6; 0.0393028; 0; 
0; 1; 10000; 10001; 143.102; 0; 0; 15.7; 115.098; 157; 1; 6; 0.309457; 0; 
0; 1; 5872; 5873; 143.102; 0; 0; 39.6; 304.423; 396; 1; 6; 0.15909; 0; 
0; 1; 5684; 5685; 143.102; 0; 0; 24.2; 158.882; 229; 1; 6; 0.15651; 0; 
0; 1; 2938; 2939; 143.102; 0; 0; 22; 160.056; 220; 1; 6; 0.0708128; 0; 
0; 1; 6640; 6641; 143.102; 0; 0; 21.4; 174.955; 214; 1; 6; 0.185743; 0; 
0; 1; 4344; 4345; 143.102; 0; 0; 21.6; 135.639; 216; 1; 6; 0.121392; 0; 
0; 1; 2388; 2389; 143.102; 0; 0; 26; 184.208; 260; 1; 6; 0.0499555; 0; 
.
