OMPL version 
Experiment wasserstein
5 experiment properties
Q_value double = 0.200000
R double = 0.100000
R_bad_value double = 5.000000
bias_value double = 0.200000
first_solution bool = 0
Running on Vivaldi
Starting at 2024-07-06 19:08:34
<<<|
Properties of the state space 'R2_BELIEFRealVectorSpace0'
  - signature: 2 1 2 
  - dimension: 2
  - extent: 141.421
  - sanity checks for state space passed
  - probability of valid states: 1
  - average length of a valid motion: 48.9695
  - average number of samples drawn per second: sampleUniform()=2.37716e+07 sampleUniformNear()=2.50338e+07 sampleGaussian()=1.12032e+07
Settings for the state space 'R2_BELIEFRealVectorSpace0'
  - state validity check resolution: 1%
  - valid segment count factor: 1
  - state space:
Real vector state space 'R2_BELIEFRealVectorSpace0' of dimension 2 with bounds: 
  - min: 0 0 
  - max: 100 100 

Declared parameters:
longest_valid_segment_fraction = 0.01
max_control_duration = 20
min_control_duration = 1
projection.cellsize.0 = 5
projection.cellsize.1 = 5
projection.cellsize_factor = 0
propagation_step_size = 0.1
valid_segment_count_factor = 1
Valid state sampler named uniform with parameters:
nr_attempts = 100
  - control space:
Real vector control space 'RealVectorControl[R2_BELIEFRealVectorSpace0]' with bounds: 
  - min: -10 -10 
  - max: 10 10 
  - can propagate backward: no
  - propagation step size: 0.1
  - propagation duration: [1, 20]
Planner KPIECE1 specs:
Multithreaded:                 No
Reports approximate solutions: Yes
Can optimize solutions:        No
Aware of the following parameters: bad_score_factor border_fraction goal_bias good_score_factor max_close_samples
Declared parameters for planner KPIECE1:
bad_score_factor = 0.45
border_fraction = 0.8
goal_bias = 0.05
good_score_factor = 0.9
max_close_samples = 30
Start states:
RealVectorState [1 1]
Goal region, threshold = 10, memory address = 0x1ab2940
Optimization Objective: Path Length @0x1ab2040
Optimization Threshold: 0
Average state cost: 0
There are 1 solutions

Properties of benchmarked planners:
Planner SSBT specs:
Multithreaded:                 No
Reports approximate solutions: Yes
Can optimize solutions:        No
Aware of the following parameters: goal_bias pruning_radius selection_radius
Planner mod_RRT specs:
Multithreaded:                 No
Reports approximate solutions: Yes
Can optimize solutions:        No
Aware of the following parameters: goal_bias intermediate_states
|>>>
<<<|
Architecture:                       x86_64
CPU op-mode(s):                     32-bit, 64-bit
Byte Order:                         Little Endian
Address sizes:                      39 bits physical, 48 bits virtual
CPU(s):                             16
On-line CPU(s) list:                0-15
Thread(s) per core:                 2
Core(s) per socket:                 8
Socket(s):                          1
NUMA node(s):                       1
Vendor ID:                          GenuineIntel
CPU family:                         6
Model:                              167
Model name:                         11th Gen Intel(R) Core(TM) i7-11700K @ 3.60GHz
Stepping:                           1
CPU MHz:                            3600.000
CPU max MHz:                        5000.0000
CPU min MHz:                        800.0000
BogoMIPS:                           7200.00
Virtualization:                     VT-x
L1d cache:                          384 KiB
L1i cache:                          256 KiB
L2 cache:                           4 MiB
L3 cache:                           16 MiB
NUMA node0 CPU(s):                  0-15
Vulnerability Gather data sampling: Mitigation; Microcode
Vulnerability Itlb multihit:        Not affected
Vulnerability L1tf:                 Not affected
Vulnerability Mds:                  Not affected
Vulnerability Meltdown:             Not affected
Vulnerability Mmio stale data:      Mitigation; Clear CPU buffers; SMT vulnerable
Vulnerability Retbleed:             Mitigation; Enhanced IBRS
Vulnerability Spec rstack overflow: Not affected
Vulnerability Spec store bypass:    Mitigation; Speculative Store Bypass disabled via prctl and seccomp
Vulnerability Spectre v1:           Mitigation; usercopy/swapgs barriers and __user pointer sanitization
Vulnerability Spectre v2:           Mitigation; Enhanced IBRS, IBPB conditional, RSB filling, PBRSB-eIBRS SW sequence
Vulnerability Srbds:                Not affected
Vulnerability Tsx async abort:      Not affected
Flags:                              fpu vme de pse tsc msr pae mce cx8 apic sep mtrr pge mca cmov pat pse36 clflush dts acpi mmx fxsr sse sse2 ss ht tm pbe syscall nx pdpe1gb rdtscp lm constant_tsc art arch_perfmon pebs bts rep_good nopl xtopology nonstop_tsc cpuid aperfmperf tsc_known_freq pni pclmulqdq dtes64 monitor ds_cpl vmx smx est tm2 ssse3 sdbg fma cx16 xtpr pdcm pcid sse4_1 sse4_2 x2apic movbe popcnt tsc_deadline_timer aes xsave avx f16c rdrand lahf_lm abm 3dnowprefetch cpuid_fault epb invpcid_single ssbd ibrs ibpb stibp ibrs_enhanced tpr_shadow vnmi flexpriority ept vpid ept_ad fsgsbase tsc_adjust bmi1 avx2 smep bmi2 erms invpcid mpx avx512f avx512dq rdseed adx smap avx512ifma clflushopt intel_pt avx512cd sha_ni avx512bw avx512vl xsaveopt xsavec xgetbv1 xsaves dtherm ida arat pln pts hwp hwp_notify hwp_act_window hwp_epp hwp_pkg_req avx512vbmi umip pku ospke avx512_vbmi2 gfni vaes vpclmulqdq avx512_vnni avx512_bitalg avx512_vpopcntdq rdpid fsrm md_clear flush_l1d arch_capabilities
|>>>
10943686535322369 is the random seed
10 seconds per run
1000 MB per run
100 runs per planner
1016.28 seconds spent to collect the data
1 enum type
status|Unknown status|Invalid start|Invalid goal|Unrecognized goal type|Timeout|Approximate solution|Exact solution|Crash|Unknown status
2 planners
control_SSBT
11 common properties
goal_bias = 0.05
longest_valid_segment_fraction = 0.01
max_control_duration = 20
min_control_duration = 1
projection.cellsize.0 = 5
projection.cellsize.1 = 5
projection.cellsize_factor = 0
propagation_step_size = 0.1
pruning_radius = 5
selection_radius = 5
valid_segment_count_factor = 1
15 properties for each run
approximate solution BOOLEAN
best cost REAL
correct solution BOOLEAN
graph motions INTEGER
graph states INTEGER
memory REAL
solution clearance REAL
solution difference REAL
solution length REAL
solution path length REAL
solution segments INTEGER
solved BOOLEAN
status ENUM
time REAL
valid segment fraction REAL
100 runs
0; 256.118306; 1; 3143; 3145; 18.9258; 0; 0; 10.5; 125.631; 10; 1; 6; 10.0371; 0; 
0; 259.646925; 1; 3271; 3273; 18.9727; 0; 0; 10.7; 125.762; 10; 1; 6; 10.1042; 0; 
0; 261.467865; 1; 3275; 3277; 18.9727; 0; 0; 10.8; 126.091; 7; 1; 6; 10.1032; 0; 
0; 256.385430; 1; 3577; 3579; 18.9727; 0; 0; 10.5; 126.393; 7; 1; 6; 10.0164; 0; 
0; 245.105757; 1; 3184; 3186; 18.9727; 0; 0; 9.9; 124.699; 7; 1; 6; 10.1081; 0; 
0; 270.429253; 1; 3100; 3102; 18.9727; 0; 0; 11.2; 128.66; 11; 1; 6; 10.0202; 0; 
0; 258.943023; 1; 3451; 3453; 18.9727; 0; 0; 10.6; 128.391; 8; 1; 6; 10.0192; 0; 
0; 259.570958; 1; 3522; 3524; 18.9727; 0; 0; 10.7; 124.415; 8; 1; 6; 10.0736; 0; 
0; 255.762062; 1; 3367; 3369; 18.9727; 0; 0; 10.5; 125.447; 8; 1; 6; 10.0253; 0; 
0; 261.004168; 1; 2836; 2838; 18.9727; 0; 0; 10.8; 123.664; 8; 1; 6; 10.0322; 0; 
0; 256.605263; 1; 3514; 3516; 18.9727; 0; 0; 10.5; 126.664; 8; 1; 6; 10.0053; 0; 
0; 256.991649; 1; 3173; 3175; 18.9727; 0; 0; 10.5; 127.188; 7; 1; 6; 10.0866; 0; 
0; 250.674433; 1; 2878; 2880; 18.9727; 0; 0; 10.2; 125.279; 8; 1; 6; 10.0352; 0; 
0; 260.166332; 1; 3660; 3662; 18.9727; 0; 0; 10.7; 126.797; 7; 1; 6; 10.0382; 0; 
0; 260.183917; 1; 3684; 3686; 18.9727; 0; 0; 10.7; 125.348; 9; 1; 6; 10.051; 0; 
0; 246.940651; 1; 3318; 3320; 18.9727; 0; 0; 10; 125.183; 8; 1; 6; 10.0204; 0; 
0; 266.821581; 1; 3430; 3432; 18.9727; 0; 0; 11; 129.782; 9; 1; 6; 10.0282; 0; 
0; 250.845302; 1; 3376; 3378; 18.9727; 0; 0; 10.2; 126.045; 8; 1; 6; 10.0097; 0; 
0; 254.336045; 1; 3240; 3242; 18.9727; 0; 0; 10.4; 125.371; 10; 1; 6; 10.0327; 0; 
0; 253.815775; 1; 3424; 3426; 18.9727; 0; 0; 10.4; 124.712; 10; 1; 6; 10.0993; 0; 
0; 263.169546; 1; 3087; 3089; 18.9727; 0; 0; 10.9; 125.948; 9; 1; 6; 10.0218; 0; 
0; 258.106915; 1; 2752; 2754; 18.9727; 0; 0; 10.6; 125.498; 8; 1; 6; 10.1075; 0; 
0; 264.395960; 1; 3083; 3085; 18.9727; 0; 0; 10.9; 128.315; 9; 1; 6; 10.0256; 0; 
0; 250.527338; 1; 3111; 3113; 18.9727; 0; 0; 10.2; 124.665; 9; 1; 6; 10.0594; 0; 
0; 249.559136; 1; 3194; 3196; 18.9727; 0; 0; 10.2; 123.348; 8; 1; 6; 10.0104; 0; 
0; 250.079049; 1; 3592; 3594; 18.9727; 0; 0; 10.2; 124.813; 9; 1; 6; 10.0371; 0; 
0; 257.143475; 1; 3218; 3220; 18.9727; 0; 0; 10.5; 127.375; 9; 1; 6; 10.063; 0; 
0; 250.567349; 1; 3422; 3424; 18.9727; 0; 0; 10.2; 125.567; 8; 1; 6; 10.1014; 0; 
0; 253.189542; 1; 3611; 3613; 18.9727; 0; 0; 10.4; 123.576; 9; 1; 6; 10.0535; 0; 
0; 257.652779; 1; 3272; 3274; 19.2031; 0; 0; 10.6; 125.475; 7; 1; 6; 10.1033; 0; 
0; 265.485802; 1; 3254; 3256; 19.4609; 0; 0; 11; 126.866; 10; 1; 6; 10.0155; 0; 
0; 253.578336; 1; 3494; 3496; 19.4609; 0; 0; 10.3; 127.774; 10; 1; 6; 10.0111; 0; 
0; 250.164474; 1; 3106; 3108; 19.4609; 0; 0; 10.2; 123.959; 8; 1; 6; 10.0083; 0; 
0; 266.195237; 1; 3217; 3219; 19.7188; 0; 0; 11; 128.473; 9; 1; 6; 10.0755; 0; 
0; 253.112734; 1; 3298; 3300; 19.7188; 0; 0; 10.3; 126.567; 8; 1; 6; 10.0914; 0; 
0; 238.729060; 1; 3468; 3470; 19.7188; 0; 0; 9.6; 122.879; 6; 1; 6; 10.0415; 0; 
0; 253.747186; 1; 3545; 3547; 19.9766; 0; 0; 10.3; 127.755; 8; 1; 6; 10.0444; 0; 
0; 255.322876; 1; 3169; 3171; 19.9766; 0; 0; 10.5; 124.506; 9; 1; 6; 10.0691; 0; 
0; 265.019783; 1; 3597; 3599; 20.2344; 0; 0; 10.9; 127.702; 7; 1; 6; 10.013; 0; 
0; 246.882511; 1; 3567; 3569; 20.2344; 0; 0; 10; 125.09; 7; 1; 6; 10.0862; 0; 
0; 252.852776; 1; 3493; 3495; 20.4922; 0; 0; 10.3; 125.849; 8; 1; 6; 10.0174; 0; 
0; 265.898427; 1; 3396; 3398; 20.75; 0; 0; 11; 127.88; 10; 1; 6; 10.0943; 0; 
0; 248.727106; 1; 3058; 3060; 20.75; 0; 0; 10.1; 124.641; 8; 1; 6; 10.0699; 0; 
0; 270.422156; 1; 3114; 3116; 20.75; 0; 0; 11.2; 129.314; 9; 1; 6; 10.0361; 0; 
0; 266.085666; 1; 3533; 3535; 20.75; 0; 0; 11; 127.843; 10; 1; 6; 10.0901; 0; 
0; 249.942238; 1; 3219; 3221; 21.0078; 0; 0; 10.2; 124.331; 7; 1; 6; 10.0989; 0; 
0; 248.723753; 1; 3564; 3566; 21.2656; 0; 0; 10.1; 125.12; 7; 1; 6; 10.0356; 0; 
0; 265.572136; 1; 3489; 3491; 21.2656; 0; 0; 11; 126.472; 9; 1; 6; 10.0528; 0; 
0; 251.593632; 1; 3170; 3172; 21.5234; 0; 0; 10.3; 123.619; 8; 1; 6; 10.0922; 0; 
0; 253.614306; 1; 3195; 3197; 21.5234; 0; 0; 10.4; 124.561; 9; 1; 6; 10.0845; 0; 
0; 247.384667; 1; 2561; 2563; 21.5234; 0; 0; 10; 125.005; 10; 1; 6; 10.081; 0; 
0; 254.438934; 1; 3453; 3455; 21.5234; 0; 0; 10.4; 125.97; 8; 1; 6; 10.052; 0; 
0; 270.949654; 1; 3533; 3535; 21.7812; 0; 0; 11.2; 130.129; 8; 1; 6; 10.0845; 0; 
0; 269.863591; 1; 3206; 3208; 22.0391; 0; 0; 11.2; 127.703; 9; 1; 6; 10.062; 0; 
0; 258.123633; 1; 3510; 3512; 22.2969; 0; 0; 10.6; 126.195; 10; 1; 6; 10.0229; 0; 
0; 262.048000; 1; 3520; 3522; 22.2969; 0; 0; 10.8; 126.061; 8; 1; 6; 10.0488; 0; 
0; 269.072416; 1; 3163; 3165; 22.2969; 0; 0; 11.1; 130.047; 9; 1; 6; 10.045; 0; 
0; 257.906096; 1; 3452; 3454; 22.5547; 0; 0; 10.6; 125.988; 9; 1; 6; 10.0988; 0; 
0; 267.406807; 1; 3131; 3133; 22.5547; 0; 0; 11.1; 126.326; 9; 1; 6; 10.0972; 0; 
0; 254.271589; 1; 3526; 3528; 22.5547; 0; 0; 10.4; 125.691; 9; 1; 6; 10.0507; 0; 
0; 256.921211; 1; 3234; 3236; 22.5547; 0; 0; 10.6; 123.377; 9; 1; 6; 10.0843; 0; 
0; 251.570885; 1; 3336; 3338; 22.8125; 0; 0; 10.2; 127.527; 9; 1; 6; 10.0769; 0; 
0; 266.507751; 1; 3127; 3129; 22.8125; 0; 0; 11.1; 124.847; 9; 1; 6; 10.0546; 0; 
0; 265.817841; 1; 3141; 3143; 23.0703; 0; 0; 11; 127.355; 9; 1; 6; 10.0617; 0; 
0; 248.635885; 1; 3243; 3245; 23.0703; 0; 0; 10.1; 125.001; 7; 1; 6; 10.0329; 0; 
0; 253.187052; 1; 3301; 3303; 23.0703; 0; 0; 10.4; 123.633; 9; 1; 6; 10.0399; 0; 
0; 258.392299; 1; 3780; 3782; 23.3281; 0; 0; 10.6; 125.078; 10; 1; 6; 10.0325; 0; 
0; 258.309183; 1; 3423; 3425; 23.5859; 0; 0; 10.6; 126.667; 8; 1; 6; 10.0898; 0; 
0; 259.386467; 1; 3465; 3467; 23.8438; 0; 0; 10.6; 128.628; 9; 1; 6; 10.0809; 0; 
0; 258.019378; 1; 3183; 3185; 23.8438; 0; 0; 10.6; 125.902; 9; 1; 6; 10.082; 0; 
0; 271.850558; 1; 3616; 3618; 23.8438; 0; 0; 11.3; 128.246; 9; 1; 6; 10.0423; 0; 
0; 256.777225; 1; 3175; 3177; 24.1016; 0; 0; 10.5; 126.823; 9; 1; 6; 10.0178; 0; 
0; 254.951328; 1; 3696; 3698; 24.3594; 0; 0; 10.4; 126.509; 8; 1; 6; 10.0967; 0; 
0; 262.555897; 1; 3433; 3435; 24.3594; 0; 0; 10.8; 127.792; 8; 1; 6; 10.0794; 0; 
0; 259.882601; 1; 3373; 3375; 24.6172; 0; 0; 10.7; 125.139; 8; 1; 6; 10.0594; 0; 
0; 252.414042; 1; 3521; 3523; 24.6172; 0; 0; 10.3; 125.513; 7; 1; 6; 10.0954; 0; 
0; 250.296611; 1; 3190; 3192; 24.6172; 0; 0; 10.2; 124.013; 10; 1; 6; 10.0644; 0; 
0; 254.751797; 1; 3219; 3221; 24.875; 0; 0; 10.5; 123.247; 8; 1; 6; 10.0854; 0; 
0; 272.644112; 1; 4028; 4030; 24.875; 0; 0; 11.3; 129.939; 9; 1; 6; 10.0063; 0; 
0; 258.172297; 1; 3405; 3407; 25.1328; 0; 0; 10.6; 126.31; 8; 1; 6; 10.0915; 0; 
0; 271.748785; 1; 3611; 3613; 25.3906; 0; 0; 11.3; 128.321; 10; 1; 6; 10.0024; 0; 
0; 245.050791; 1; 3822; 3824; 25.3906; 0; 0; 9.9; 124.919; 8; 1; 6; 10.0093; 0; 
0; 253.465869; 1; 3754; 3756; 25.3906; 0; 0; 10.3; 126.972; 8; 1; 6; 10.0189; 0; 
0; 244.418866; 1; 3100; 3102; 25.6484; 0; 0; 9.9; 123.474; 8; 1; 6; 10.0207; 0; 
0; 273.184451; 1; 3366; 3368; 25.6484; 0; 0; 11.4; 128.046; 9; 1; 6; 10.0565; 0; 
0; 265.587029; 1; 3208; 3210; 25.6484; 0; 0; 11; 126.656; 8; 1; 6; 10.0529; 0; 
0; 264.885708; 1; 3473; 3475; 25.6484; 0; 0; 10.9; 129.119; 10; 1; 6; 10.0742; 0; 
0; 267.952745; 1; 3551; 3553; 25.9062; 0; 0; 11.1; 127.513; 9; 1; 6; 10.0628; 0; 
0; 240.959051; 1; 3635; 3637; 26.1641; 0; 0; 9.7; 123.644; 7; 1; 6; 10.079; 0; 
0; 247.182963; 1; 3144; 3146; 26.1641; 0; 0; 10; 125.095; 7; 1; 6; 10.061; 0; 
0; 253.914239; 1; 3232; 3234; 26.1641; 0; 0; 10.4; 124.912; 6; 1; 6; 10.0897; 0; 
0; 258.767354; 1; 3785; 3787; 26.1641; 0; 0; 10.6; 127.958; 7; 1; 6; 10.108; 0; 
0; 262.037788; 1; 3363; 3365; 26.4219; 0; 0; 10.8; 126.627; 9; 1; 6; 10.0422; 0; 
0; 251.220075; 1; 3742; 3744; 26.6797; 0; 0; 10.2; 126.862; 7; 1; 6; 10.0694; 0; 
0; 258.638631; 1; 3335; 3337; 26.6797; 0; 0; 10.6; 126.753; 11; 1; 6; 10.0296; 0; 
0; 251.596070; 1; 3365; 3367; 26.9375; 0; 0; 10.3; 124.126; 9; 1; 6; 10.0754; 0; 
0; 278.992794; 1; 3698; 3700; 26.9375; 0; 0; 11.6; 132.751; 10; 1; 6; 10.0847; 0; 
0; 255.652498; 1; 2995; 2997; 27.1953; 0; 0; 10.5; 124.147; 11; 1; 6; 10.0835; 0; 
0; 254.678762; 1; 2974; 2976; 27.1953; 0; 0; 10.4; 125.104; 12; 1; 6; 10.081; 0; 
0; 269.897906; 1; 3270; 3272; 27.1953; 0; 0; 11.1; 131.82; 9; 1; 6; 10.0786; 0; 
2 progress properties for each run
best cost REAL
time REAL
100 runs
400.491021,0.0500646,;400.491021,0.100146,;400.491021,0.150263,;400.491021,0.200337,;400.491021,0.250419,;400.491021,0.3005,;400.491021,0.350589,;400.491021,0.400668,;400.491021,0.450774,;384.338857,0.500876,;384.338857,0.551005,;382.783497,0.601131,;382.783497,0.651247,;382.783497,0.701333,;382.783497,0.751446,;382.783497,0.801566,;382.783497,0.851679,;369.434893,0.901797,;369.434893,0.951916,;369.434893,1.00203,;369.434893,1.05215,;369.434893,1.10226,;305.086546,1.15234,;305.086546,1.20244,;305.086546,1.25252,;305.086546,1.30263,;305.086546,1.35271,;305.086546,1.40279,;305.086546,1.45287,;305.086546,1.503,;305.086546,1.55308,;305.086546,1.60316,;305.086546,1.65324,;305.086546,1.70333,;305.086546,1.75341,;305.086546,1.80353,;305.086546,1.85365,;284.203875,1.90374,;279.025356,1.95382,;279.025356,2.00395,;279.025356,2.05406,;279.025356,2.10417,;279.025356,2.15429,;279.025356,2.2044,;279.025356,2.25452,;279.025356,2.3046,;279.025356,2.35469,;279.025356,2.40478,;279.025356,2.45489,;279.025356,2.50497,;279.025356,2.55509,;279.025356,2.60517,;279.025356,2.65527,;279.025356,2.70539,;279.025356,2.75549,;279.025356,2.80557,;279.025356,2.85566,;279.025356,2.90575,;279.025356,2.95587,;279.025356,3.00598,;279.025356,3.05606,;279.025356,3.10617,;279.025356,3.15625,;279.025356,3.20633,;279.025356,3.25647,;279.025356,3.30656,;279.025356,3.35664,;279.025356,3.40676,;279.025356,3.45684,;279.025356,3.50694,;279.025356,3.55702,;279.025356,3.60711,;279.025356,3.65718,;279.025356,3.70727,;279.025356,3.75735,;279.025356,3.80745,;279.025356,3.85754,;279.025356,3.90764,;279.025356,3.95772,;279.025356,4.00781,;279.025356,4.05789,;279.025356,4.10797,;279.025356,4.15808,;279.025356,4.20815,;274.891222,4.25825,;274.891222,4.30833,;274.891222,4.35843,;274.891222,4.40852,;274.891222,4.45863,;274.891222,4.50872,;274.891222,4.55884,;274.891222,4.60893,;274.891222,4.65904,;274.891222,4.70912,;274.891222,4.7592,;274.891222,4.80928,;274.891222,4.85939,;274.891222,4.90948,;274.891222,4.95959,;274.891222,5.00968,;274.891222,5.05979,;274.891222,5.10991,;274.891222,5.16001,;274.891222,5.21009,;264.640279,5.2602,;264.640279,5.31028,;264.640279,5.36036,;264.640279,5.41043,;264.640279,5.46051,;264.640279,5.51064,;264.640279,5.56072,;264.640279,5.61085,;264.640279,5.66094,;264.640279,5.71104,;264.640279,5.76112,;264.640279,5.81124,;264.640279,5.86132,;264.640279,5.91143,;264.640279,5.96152,;264.640279,6.0116,;264.640279,6.06172,;264.640279,6.11183,;264.640279,6.16193,;264.640279,6.21202,;264.640279,6.26214,;264.640279,6.31225,;264.640279,6.36234,;264.640279,6.41242,;264.640279,6.46253,;264.640279,6.51262,;264.640279,6.56274,;264.640279,6.61282,;264.640279,6.66293,;264.640279,6.71301,;264.640279,6.76313,;264.640279,6.81323,;264.640279,6.86334,;264.640279,6.91342,;264.640279,6.9636,;263.753766,7.01372,;263.753766,7.06379,;263.753766,7.11387,;263.557401,7.16395,;263.557401,7.21403,;263.557401,7.26411,;263.557401,7.3142,;263.557401,7.36428,;263.557401,7.41436,;263.557401,7.46444,;263.557401,7.51453,;263.557401,7.56462,;263.557401,7.6147,;263.557401,7.66478,;263.557401,7.71487,;263.557401,7.76496,;263.557401,7.81505,;263.557401,7.86513,;263.557401,7.91525,;263.557401,7.96537,;263.557401,8.01549,;263.557401,8.0656,;263.557401,8.11571,;263.557401,8.16582,;263.557401,8.21594,;263.557401,8.26604,;263.557401,8.31615,;263.557401,8.36626,;263.557401,8.41633,;263.557401,8.46645,;263.557401,8.51655,;263.557401,8.56665,;263.557401,8.61674,;263.557401,8.66686,;263.557401,8.71696,;263.557401,8.76707,;263.557401,8.81718,;263.557401,8.8673,;263.557401,8.91738,;263.557401,8.96748,;256.118306,9.01758,;256.118306,9.06769,;256.118306,9.11781,;256.118306,9.16788,;256.118306,9.21796,;256.118306,9.26805,;256.118306,9.31815,;256.118306,9.36825,;256.118306,9.41834,;256.118306,9.46842,;256.118306,9.5185,;256.118306,9.5686,;256.118306,9.61873,;256.118306,9.66881,;256.118306,9.71889,;256.118306,9.76896,;256.118306,9.81905,;256.118306,9.86918,;256.118306,9.9193,;256.118306,9.96942,;256.118306,10.0195,;
526.576262,0.0500559,;526.576262,0.100177,;471.706288,0.150256,;471.706288,0.200382,;471.706288,0.250512,;471.706288,0.300583,;471.706288,0.350675,;471.706288,0.400796,;471.706288,0.450886,;441.342833,0.500977,;441.342833,0.551073,;441.342833,0.601166,;441.342833,0.651252,;441.342833,0.701332,;441.342833,0.751416,;441.342833,0.801502,;441.342833,0.85164,;441.342833,0.901736,;441.342833,0.951822,;337.312525,1.0019,;316.933430,1.05198,;316.933430,1.10206,;316.933430,1.15213,;315.347056,1.2022,;315.347056,1.25231,;315.347056,1.3024,;315.347056,1.35249,;315.347056,1.40258,;315.347056,1.45268,;315.347056,1.50277,;315.347056,1.55286,;315.347056,1.60293,;315.347056,1.65301,;315.347056,1.70311,;315.347056,1.7532,;315.347056,1.8033,;315.347056,1.8534,;315.347056,1.90352,;315.347056,1.95361,;315.347056,2.00369,;315.347056,2.05382,;315.347056,2.1039,;315.347056,2.15397,;315.347056,2.20408,;315.347056,2.25416,;298.492411,2.30427,;298.492411,2.35435,;298.492411,2.40444,;297.325401,2.45453,;297.325401,2.50462,;297.325401,2.5547,;297.325401,2.60477,;297.325401,2.65488,;297.325401,2.70496,;297.325401,2.75503,;297.325401,2.8051,;297.325401,2.85518,;297.325401,2.90528,;297.325401,2.95537,;297.325401,3.00546,;296.370129,3.05555,;296.370129,3.10566,;296.370129,3.15578,;296.370129,3.20587,;296.370129,3.25596,;296.370129,3.30606,;296.370129,3.35618,;296.370129,3.40625,;296.370129,3.45635,;296.370129,3.50644,;296.370129,3.55652,;296.370129,3.6066,;291.957186,3.65671,;291.957186,3.70679,;291.957186,3.75687,;291.957186,3.80695,;291.957186,3.85707,;290.231842,3.90716,;290.231842,3.95724,;290.231842,4.00733,;290.231842,4.05745,;290.231842,4.10756,;290.231842,4.15766,;290.231842,4.20777,;290.231842,4.25788,;264.938917,4.30796,;264.938917,4.35802,;264.938917,4.40813,;264.938917,4.45821,;264.938917,4.50832,;264.938917,4.55842,;264.938917,4.60852,;264.938917,4.65861,;264.938917,4.70873,;264.938917,4.75882,;264.938917,4.80893,;264.938917,4.85904,;264.938917,4.90914,;264.938917,4.95924,;264.938917,5.00937,;264.938917,5.05948,;264.938917,5.10955,;264.938917,5.15966,;264.938917,5.20977,;264.938917,5.25984,;264.938917,5.30995,;264.938917,5.36005,;264.938917,5.41012,;264.938917,5.46024,;264.938917,5.51032,;264.938917,5.56041,;264.938917,5.61049,;264.938917,5.66061,;264.938917,5.7107,;264.938917,5.76082,;264.938917,5.8109,;264.938917,5.86102,;264.938917,5.91109,;264.938917,5.96117,;264.938917,6.01127,;264.938917,6.06136,;264.938917,6.11147,;264.938917,6.16154,;264.938917,6.21166,;264.938917,6.26177,;264.938917,6.31184,;264.938917,6.36192,;264.938917,6.41201,;264.938917,6.46209,;264.938917,6.51221,;264.938917,6.56227,;264.938917,6.61235,;264.938917,6.66244,;264.938917,6.71253,;264.938917,6.76261,;264.938917,6.81269,;264.938917,6.86281,;264.938917,6.91291,;264.938917,6.963,;264.938917,7.01311,;264.938917,7.06322,;264.938917,7.11333,;264.938917,7.1634,;264.938917,7.21349,;264.938917,7.26357,;264.938917,7.31365,;264.938917,7.36376,;264.938917,7.41386,;264.938917,7.46397,;264.938917,7.51405,;264.938917,7.56412,;264.938917,7.61419,;264.938917,7.6643,;264.938917,7.7144,;264.938917,7.76451,;264.938917,7.81458,;264.938917,7.86465,;264.938917,7.91473,;264.938917,7.96483,;264.938917,8.01495,;264.938917,8.06506,;264.938917,8.11513,;264.938917,8.1652,;264.938917,8.2153,;264.938917,8.26541,;264.938917,8.31549,;264.938917,8.36561,;264.938917,8.41571,;264.938917,8.4658,;264.938917,8.51588,;264.938917,8.566,;264.938917,8.61611,;264.938917,8.66618,;264.938917,8.71627,;264.938917,8.76634,;264.938917,8.81645,;264.938917,8.86654,;264.938917,8.91665,;264.938917,8.96684,;264.938917,9.01693,;264.938917,9.06701,;264.938917,9.1171,;264.938917,9.16718,;259.646925,9.21728,;259.646925,9.26736,;259.646925,9.31744,;259.646925,9.36753,;259.646925,9.41762,;259.646925,9.46771,;259.646925,9.51783,;259.646925,9.56792,;259.646925,9.61803,;259.646925,9.66813,;259.646925,9.7182,;259.646925,9.76831,;259.646925,9.81839,;259.646925,9.86846,;259.646925,9.91855,;259.646925,9.96863,;259.646925,10.0187,;259.646925,10.0689,;
393.807449,0.0500587,;393.807449,0.100148,;393.807449,0.150248,;393.807449,0.20037,;393.807449,0.250488,;393.807449,0.300607,;393.807449,0.350725,;393.807449,0.400838,;393.807449,0.450948,;393.807449,0.501063,;393.807449,0.551146,;393.807449,0.601232,;393.807449,0.651351,;393.807449,0.701469,;329.159014,0.751552,;329.159014,0.801632,;329.159014,0.851706,;329.159014,0.901785,;329.159014,0.951873,;329.159014,1.00195,;329.159014,1.05203,;329.159014,1.10212,;310.227491,1.1522,;310.227491,1.20228,;310.227491,1.25237,;310.227491,1.30246,;310.227491,1.35258,;310.227491,1.40269,;310.227491,1.45277,;310.227491,1.50286,;310.227491,1.55295,;310.227491,1.60307,;310.227491,1.65318,;310.227491,1.70329,;310.227491,1.75338,;310.227491,1.8035,;310.227491,1.85359,;310.227491,1.90369,;310.227491,1.95378,;310.227491,2.0039,;310.227491,2.05398,;310.227491,2.10405,;310.227491,2.15413,;310.227491,2.20421,;310.227491,2.2543,;310.227491,2.30442,;310.227491,2.35454,;310.227491,2.40457,;310.227491,2.45466,;310.227491,2.50477,;310.227491,2.55485,;310.227491,2.60494,;310.227491,2.65503,;310.227491,2.70512,;310.227491,2.75522,;310.227491,2.80532,;310.227491,2.85544,;276.927295,2.90553,;276.927295,2.95562,;276.927295,3.00571,;276.927295,3.05581,;276.927295,3.1059,;276.927295,3.15598,;276.927295,3.20606,;276.927295,3.25615,;276.927295,3.30624,;276.927295,3.35633,;276.927295,3.40641,;276.927295,3.45649,;276.927295,3.5066,;276.927295,3.55671,;276.927295,3.60682,;276.927295,3.6569,;276.927295,3.70698,;272.134636,3.75707,;272.134636,3.80716,;272.134636,3.85724,;272.134636,3.90733,;272.134636,3.95741,;272.134636,4.0075,;272.134636,4.05759,;272.134636,4.10769,;272.134636,4.15778,;272.134636,4.20787,;272.134636,4.25796,;272.134636,4.30805,;272.134636,4.35815,;272.134636,4.40825,;272.134636,4.45833,;272.134636,4.50842,;272.134636,4.55851,;272.134636,4.60859,;272.134636,4.65867,;272.134636,4.70875,;272.134636,4.75882,;272.134636,4.8089,;272.134636,4.859,;272.134636,4.90908,;272.134636,4.95916,;272.134636,5.00927,;272.134636,5.0594,;272.134636,5.10948,;272.134636,5.15955,;272.134636,5.20963,;272.134636,5.25972,;272.134636,5.30982,;272.134636,5.3599,;272.134636,5.40999,;272.134636,5.46007,;272.134636,5.5102,;272.134636,5.56029,;272.134636,5.61038,;272.134636,5.66047,;272.134636,5.71055,;272.134636,5.76062,;272.134636,5.8107,;272.134636,5.86078,;272.134636,5.91086,;272.134636,5.96094,;272.134636,6.01105,;272.134636,6.06114,;272.134636,6.11126,;272.134636,6.16135,;272.134636,6.21144,;271.662008,6.26153,;271.662008,6.31161,;271.662008,6.36171,;271.662008,6.41178,;271.662008,6.46191,;271.662008,6.51201,;261.467865,6.5621,;261.467865,6.6122,;261.467865,6.66229,;261.467865,6.71239,;261.467865,6.76248,;261.467865,6.81258,;261.467865,6.86269,;261.467865,6.91278,;261.467865,6.96287,;261.467865,7.01295,;261.467865,7.06304,;261.467865,7.11313,;261.467865,7.16323,;261.467865,7.2133,;261.467865,7.2634,;261.467865,7.31349,;261.467865,7.3636,;261.467865,7.41369,;261.467865,7.46378,;261.467865,7.51386,;261.467865,7.56394,;261.467865,7.61404,;261.467865,7.66416,;261.467865,7.71428,;261.467865,7.76438,;261.467865,7.81451,;261.467865,7.86459,;261.467865,7.91469,;261.467865,7.96477,;261.467865,8.01485,;261.467865,8.06494,;261.467865,8.11503,;261.467865,8.16512,;261.467865,8.2152,;261.467865,8.26527,;261.467865,8.31537,;261.467865,8.36545,;261.467865,8.41553,;261.467865,8.46565,;261.467865,8.51576,;261.467865,8.56587,;261.467865,8.61598,;261.467865,8.66607,;261.467865,8.71615,;261.467865,8.76624,;261.467865,8.81634,;261.467865,8.86643,;261.467865,8.91651,;261.467865,8.96659,;261.467865,9.01666,;261.467865,9.06678,;261.467865,9.11687,;261.467865,9.16696,;261.467865,9.21704,;261.467865,9.26715,;261.467865,9.31724,;261.467865,9.36732,;261.467865,9.41741,;261.467865,9.4675,;261.467865,9.51761,;261.467865,9.56773,;261.467865,9.6178,;261.467865,9.66789,;261.467865,9.71798,;261.467865,9.76807,;261.467865,9.81816,;261.467865,9.86827,;261.467865,9.91835,;261.467865,9.96844,;261.467865,10.0186,;261.467865,10.0687,;
476.354676,0.0500713,;476.354676,0.100158,;459.349849,0.150249,;459.349849,0.200347,;459.349849,0.250462,;459.349849,0.300547,;426.632523,0.350637,;412.043967,0.400732,;412.043967,0.450857,;412.043967,0.500939,;412.043967,0.551057,;412.043967,0.601144,;412.043967,0.651227,;412.043967,0.701297,;407.603574,0.751371,;407.603574,0.801453,;407.603574,0.851531,;407.603574,0.901619,;407.603574,0.951704,;407.603574,1.00179,;407.603574,1.05186,;407.603574,1.10197,;407.603574,1.15205,;407.603574,1.20213,;407.603574,1.25221,;407.603574,1.3023,;407.603574,1.35239,;407.603574,1.40247,;407.603574,1.45259,;407.603574,1.50268,;407.603574,1.55278,;407.603574,1.60287,;407.603574,1.65296,;318.481846,1.70306,;318.481846,1.75316,;318.481846,1.8033,;318.481846,1.85338,;318.481846,1.90346,;318.481846,1.95355,;318.481846,2.00363,;318.481846,2.05373,;318.481846,2.10382,;318.481846,2.15395,;318.481846,2.20405,;318.481846,2.25414,;318.481846,2.30422,;318.481846,2.35432,;318.481846,2.40441,;318.481846,2.45449,;318.481846,2.50458,;318.481846,2.55468,;318.481846,2.60478,;318.481846,2.65489,;318.481846,2.705,;318.481846,2.75509,;318.481846,2.80517,;318.481846,2.85525,;318.481846,2.90532,;318.481846,2.95539,;318.481846,3.00547,;318.481846,3.05556,;318.481846,3.10566,;318.481846,3.15573,;318.481846,3.20582,;318.481846,3.25589,;318.481846,3.30596,;318.481846,3.35604,;318.481846,3.40613,;276.627616,3.45622,;276.627616,3.50633,;276.627616,3.5564,;276.627616,3.60656,;276.627616,3.65668,;276.627616,3.70678,;276.627616,3.75688,;276.627616,3.807,;276.627616,3.85711,;276.627616,3.90719,;276.627616,3.95732,;276.627616,4.00743,;276.627616,4.05751,;276.627616,4.10759,;276.627616,4.15767,;276.627616,4.20774,;276.627616,4.25784,;276.627616,4.30791,;276.627616,4.35803,;276.627616,4.40811,;276.627616,4.45819,;276.627616,4.50831,;276.627616,4.55842,;276.627616,4.60851,;276.627616,4.65859,;276.627616,4.70867,;276.627616,4.75874,;276.627616,4.80882,;276.627616,4.85891,;276.627616,4.909,;276.627616,4.95912,;276.627616,5.00919,;276.627616,5.05928,;276.627616,5.10941,;276.627616,5.15949,;256.385430,5.20956,;256.385430,5.25965,;256.385430,5.30975,;256.385430,5.35983,;256.385430,5.40992,;256.385430,5.46001,;256.385430,5.51009,;256.385430,5.56019,;256.385430,5.6103,;256.385430,5.66038,;256.385430,5.71047,;256.385430,5.76055,;256.385430,5.81064,;256.385430,5.86072,;256.385430,5.91082,;256.385430,5.96091,;256.385430,6.01103,;256.385430,6.06112,;256.385430,6.11123,;256.385430,6.16132,;256.385430,6.2114,;256.385430,6.26149,;256.385430,6.31158,;256.385430,6.36168,;256.385430,6.4118,;256.385430,6.4619,;256.385430,6.512,;256.385430,6.56208,;256.385430,6.61214,;256.385430,6.66224,;256.385430,6.71231,;256.385430,6.76243,;256.385430,6.8125,;256.385430,6.86261,;256.385430,6.91272,;256.385430,6.96283,;256.385430,7.01294,;256.385430,7.06305,;256.385430,7.11314,;256.385430,7.16322,;256.385430,7.21331,;256.385430,7.26339,;256.385430,7.31351,;256.385430,7.36362,;256.385430,7.41373,;256.385430,7.4638,;256.385430,7.51391,;256.385430,7.56399,;256.385430,7.61408,;256.385430,7.66416,;256.385430,7.71424,;256.385430,7.76432,;256.385430,7.8144,;256.385430,7.8645,;256.385430,7.91458,;256.385430,7.96466,;256.385430,8.01478,;256.385430,8.06489,;256.385430,8.115,;256.385430,8.1651,;256.385430,8.21519,;256.385430,8.2653,;256.385430,8.31542,;256.385430,8.36553,;256.385430,8.4156,;256.385430,8.46572,;256.385430,8.51579,;256.385430,8.56591,;256.385430,8.61599,;256.385430,8.66606,;256.385430,8.71615,;256.385430,8.76626,;256.385430,8.81635,;256.385430,8.86647,;256.385430,8.91657,;256.385430,8.96668,;256.385430,9.01677,;256.385430,9.06689,;256.385430,9.117,;256.385430,9.16711,;256.385430,9.21722,;256.385430,9.2673,;256.385430,9.31742,;256.385430,9.36753,;256.385430,9.41764,;256.385430,9.46767,;256.385430,9.51777,;256.385430,9.56784,;256.385430,9.61794,;256.385430,9.66802,;256.385430,9.71814,;256.385430,9.76823,;256.385430,9.81835,;256.385430,9.86843,;256.385430,9.91852,;256.385430,9.96864,;
inf,0.050068,;inf,0.100149,;inf,0.150234,;566.085635,0.200323,;501.122939,0.250417,;414.273088,0.300543,;404.898071,0.350621,;404.898071,0.400703,;389.178338,0.450793,;389.178338,0.500878,;389.178338,0.550961,;389.178338,0.601054,;389.178338,0.651144,;389.178338,0.701225,;389.178338,0.751306,;389.178338,0.801394,;389.178338,0.851475,;389.178338,0.901558,;389.178338,0.95164,;389.178338,1.00172,;389.178338,1.05181,;389.178338,1.10189,;389.178338,1.15196,;389.178338,1.20206,;389.178338,1.25214,;389.178338,1.30223,;389.178338,1.35237,;389.178338,1.40244,;389.178338,1.45256,;389.178338,1.50266,;389.178338,1.55273,;389.178338,1.60284,;389.178338,1.65292,;389.178338,1.70304,;389.178338,1.75311,;389.178338,1.80323,;315.400865,1.8533,;315.400865,1.90339,;315.400865,1.95348,;304.753088,2.0036,;304.753088,2.05369,;304.753088,2.10382,;304.753088,2.15391,;304.753088,2.204,;304.753088,2.25409,;304.753088,2.30419,;304.753088,2.35428,;285.369192,2.40438,;285.369192,2.4545,;285.369192,2.50461,;285.369192,2.55472,;285.369192,2.60484,;285.369192,2.65493,;285.369192,2.70502,;285.369192,2.75515,;285.369192,2.80523,;285.369192,2.85534,;285.369192,2.90543,;285.369192,2.95555,;285.369192,3.00564,;285.369192,3.05575,;280.714320,3.10584,;280.714320,3.15592,;280.714320,3.20604,;280.714320,3.25613,;278.997733,3.30622,;278.997733,3.35632,;278.997733,3.40644,;278.997733,3.45652,;265.506416,3.50665,;265.506416,3.55675,;265.506416,3.60687,;265.506416,3.65698,;265.506416,3.7071,;265.506416,3.75717,;265.506416,3.80728,;265.506416,3.85737,;265.506416,3.90745,;265.506416,3.95754,;265.506416,4.00765,;265.506416,4.05774,;265.506416,4.10782,;265.506416,4.15791,;265.506416,4.208,;265.506416,4.25808,;265.506416,4.30817,;265.506416,4.35827,;265.506416,4.40835,;265.506416,4.45843,;265.506416,4.50851,;265.506416,4.55862,;265.506416,4.60869,;265.506416,4.6588,;265.506416,4.70892,;265.506416,4.759,;265.506416,4.80905,;265.506416,4.85913,;265.506416,4.90921,;265.506416,4.95931,;265.506416,5.00939,;265.506416,5.05949,;265.506416,5.10957,;265.506416,5.15965,;265.506416,5.20974,;265.506416,5.25982,;265.506416,5.30991,;265.506416,5.36,;263.796850,5.41009,;263.796850,5.46018,;263.796850,5.51027,;263.796850,5.56035,;263.796850,5.61043,;263.796850,5.66051,;263.796850,5.7106,;263.796850,5.76069,;263.796850,5.81079,;263.796850,5.86087,;263.796850,5.91096,;263.796850,5.96108,;263.796850,6.01115,;263.796850,6.06123,;263.796850,6.11131,;263.796850,6.1614,;263.796850,6.21149,;263.796850,6.26157,;263.796850,6.31167,;263.796850,6.36175,;263.796850,6.41184,;263.796850,6.46194,;263.796850,6.51206,;263.796850,6.56213,;263.796850,6.61223,;263.796850,6.66233,;263.796850,6.71242,;263.796850,6.76251,;263.796850,6.81259,;262.699638,6.86267,;262.699638,6.91277,;262.699638,6.96286,;262.699638,7.01298,;262.699638,7.06307,;262.699638,7.11311,;262.699638,7.1632,;262.699638,7.2133,;262.699638,7.26342,;262.699638,7.31352,;262.699638,7.36363,;262.699638,7.41372,;262.699638,7.46382,;262.699638,7.51391,;262.699638,7.56402,;262.699638,7.6141,;262.699638,7.66421,;262.699638,7.71429,;262.699638,7.76439,;262.699638,7.81447,;245.105757,7.86455,;245.105757,7.91463,;245.105757,7.96471,;245.105757,8.0148,;245.105757,8.06488,;245.105757,8.11496,;245.105757,8.16506,;245.105757,8.21514,;245.105757,8.26522,;245.105757,8.31531,;245.105757,8.3654,;245.105757,8.41549,;245.105757,8.46558,;245.105757,8.51568,;245.105757,8.56577,;245.105757,8.61585,;245.105757,8.66594,;245.105757,8.71607,;245.105757,8.76615,;245.105757,8.81627,;245.105757,8.86635,;245.105757,8.91646,;245.105757,8.96654,;245.105757,9.01666,;245.105757,9.06677,;245.105757,9.11686,;245.105757,9.16693,;245.105757,9.21705,;245.105757,9.26716,;245.105757,9.31723,;245.105757,9.36734,;245.105757,9.41743,;245.105757,9.4675,;245.105757,9.51758,;245.105757,9.56768,;245.105757,9.61777,;245.105757,9.66785,;245.105757,9.71795,;245.105757,9.76805,;245.105757,9.81815,;245.105757,9.86822,;245.105757,9.9183,;245.105757,9.96842,;245.105757,10.0185,;245.105757,10.0686,;
inf,0.0500939,;inf,0.100171,;inf,0.150287,;inf,0.200373,;inf,0.250459,;inf,0.300551,;405.120648,0.350658,;405.120648,0.400897,;405.120648,0.45097,;395.696826,0.50104,;372.393063,0.551116,;372.393063,0.601205,;372.393063,0.651336,;372.393063,0.701422,;372.393063,0.751503,;372.393063,0.801613,;346.911267,0.851724,;346.911267,0.901835,;346.911267,0.95196,;346.911267,1.00209,;346.911267,1.05217,;346.911267,1.10228,;346.911267,1.15236,;346.584446,1.20243,;346.584446,1.25252,;346.584446,1.30264,;346.584446,1.35273,;346.584446,1.40282,;346.584446,1.45294,;346.584446,1.50305,;346.584446,1.55314,;346.584446,1.60326,;346.584446,1.65337,;346.584446,1.70347,;346.584446,1.75359,;346.584446,1.80368,;346.584446,1.8538,;346.584446,1.90391,;346.584446,1.95402,;346.584446,2.0041,;346.584446,2.05421,;346.584446,2.10433,;346.584446,2.15445,;346.584446,2.20453,;346.584446,2.25466,;346.584446,2.30475,;346.584446,2.35486,;346.584446,2.40496,;346.584446,2.45507,;346.584446,2.50516,;295.169957,2.55528,;295.169957,2.60537,;295.169957,2.6555,;295.169957,2.70561,;295.169957,2.75573,;290.228679,2.80584,;290.228679,2.85593,;290.228679,2.90603,;290.228679,2.9561,;290.228679,3.00621,;290.228679,3.05629,;290.228679,3.1064,;290.228679,3.15649,;290.228679,3.2066,;290.228679,3.25668,;288.160816,3.3068,;288.160816,3.35691,;288.160816,3.40698,;288.160816,3.45709,;288.160816,3.50721,;288.160816,3.5573,;288.160816,3.60742,;288.160816,3.65755,;288.160816,3.70763,;288.160816,3.75774,;288.160816,3.80785,;288.160816,3.85794,;288.160816,3.90798,;288.160816,3.95809,;288.160816,4.00816,;281.399148,4.05824,;281.399148,4.10832,;281.399148,4.15841,;281.399148,4.20849,;281.399148,4.25861,;281.399148,4.30869,;281.399148,4.35878,;281.399148,4.40891,;274.755186,4.45903,;274.755186,4.50911,;274.755186,4.55922,;274.755186,4.60934,;274.755186,4.65942,;274.755186,4.70954,;274.755186,4.75964,;274.755186,4.80972,;274.755186,4.8598,;274.755186,4.90991,;274.755186,4.96003,;274.755186,5.01011,;274.755186,5.06019,;274.755186,5.11031,;274.755186,5.16039,;274.755186,5.2105,;274.755186,5.26059,;274.755186,5.31068,;274.755186,5.36077,;274.755186,5.41084,;274.755186,5.46095,;274.755186,5.51102,;274.755186,5.56111,;274.755186,5.61123,;274.755186,5.66131,;274.755186,5.71142,;274.755186,5.76154,;274.755186,5.81165,;274.755186,5.86172,;274.755186,5.91184,;274.755186,5.96192,;274.755186,6.01198,;274.755186,6.06207,;274.755186,6.11215,;274.755186,6.16224,;274.755186,6.21233,;274.755186,6.26241,;274.755186,6.3125,;270.429253,6.3626,;270.429253,6.41268,;270.429253,6.46278,;270.429253,6.51289,;270.429253,6.56297,;270.429253,6.61307,;270.429253,6.66315,;270.429253,6.71328,;270.429253,6.76339,;270.429253,6.81348,;270.429253,6.86357,;270.429253,6.91364,;270.429253,6.96376,;270.429253,7.01386,;270.429253,7.06395,;270.429253,7.11404,;270.429253,7.16411,;270.429253,7.21418,;270.429253,7.26426,;270.429253,7.31437,;270.429253,7.36446,;270.429253,7.41455,;270.429253,7.46465,;270.429253,7.51473,;270.429253,7.56483,;270.429253,7.61494,;270.429253,7.66504,;270.429253,7.71513,;270.429253,7.76522,;270.429253,7.81531,;270.429253,7.86539,;270.429253,7.91552,;270.429253,7.96561,;270.429253,8.0157,;270.429253,8.06578,;270.429253,8.11586,;270.429253,8.166,;270.429253,8.21615,;270.429253,8.26626,;270.429253,8.31636,;270.429253,8.36648,;270.429253,8.41656,;270.429253,8.46664,;270.429253,8.51672,;270.429253,8.56681,;270.429253,8.61691,;270.429253,8.66703,;270.429253,8.71711,;270.429253,8.76723,;270.429253,8.81732,;270.429253,8.86741,;270.429253,8.91751,;270.429253,8.9676,;270.429253,9.01771,;270.429253,9.06779,;270.429253,9.1179,;270.429253,9.168,;270.429253,9.21808,;270.429253,9.26816,;270.429253,9.31828,;270.429253,9.36836,;270.429253,9.41844,;270.429253,9.46852,;270.429253,9.5186,;270.429253,9.56868,;270.429253,9.61878,;270.429253,9.66887,;270.429253,9.719,;270.429253,9.76909,;270.429253,9.81919,;270.429253,9.86928,;270.429253,9.91936,;270.429253,9.96945,;270.429253,10.0196,;
555.350304,0.0500767,;510.143643,0.100165,;501.997145,0.150265,;501.997145,0.200384,;501.997145,0.250498,;501.997145,0.300615,;501.997145,0.350727,;501.997145,0.400813,;501.997145,0.450894,;501.997145,0.501006,;447.231694,0.551083,;435.368469,0.601177,;435.368469,0.651263,;421.364049,0.701354,;421.364049,0.751445,;421.364049,0.801535,;421.364049,0.851625,;421.364049,0.901742,;421.364049,0.951821,;421.364049,1.00191,;337.867368,1.05199,;337.867368,1.10207,;337.867368,1.15215,;337.867368,1.20223,;337.867368,1.25231,;337.867368,1.30243,;337.867368,1.35251,;337.867368,1.40259,;337.867368,1.45271,;337.867368,1.50279,;337.867368,1.55293,;337.867368,1.603,;337.867368,1.65308,;337.867368,1.70316,;300.672872,1.75324,;300.672872,1.80333,;300.672872,1.85342,;300.672872,1.90351,;279.849828,1.95363,;279.849828,2.00371,;279.849828,2.05382,;279.849828,2.10393,;279.849828,2.15402,;279.849828,2.20411,;279.849828,2.2542,;279.849828,2.3043,;279.849828,2.35441,;279.849828,2.40452,;279.849828,2.4546,;279.849828,2.5047,;279.849828,2.55478,;279.849828,2.60487,;279.849828,2.65492,;279.849828,2.70501,;279.849828,2.75506,;279.849828,2.80517,;279.849828,2.85526,;279.849828,2.90534,;266.528703,2.95545,;266.528703,3.00556,;266.528703,3.05564,;266.528703,3.10576,;266.528703,3.15585,;266.528703,3.20595,;266.528703,3.25604,;266.528703,3.30613,;266.528703,3.35622,;266.528703,3.40634,;266.528703,3.45644,;266.528703,3.50655,;266.528703,3.55667,;266.528703,3.60676,;262.376360,3.65687,;262.376360,3.70692,;262.376360,3.75703,;262.376360,3.8071,;262.376360,3.85721,;262.376360,3.90731,;262.376360,3.9574,;262.376360,4.00752,;262.376360,4.05761,;262.376360,4.10768,;262.376360,4.15775,;259.188166,4.20782,;259.188166,4.2579,;259.188166,4.30799,;259.188166,4.35808,;259.188166,4.40816,;259.188166,4.45825,;259.188166,4.50834,;259.188166,4.55843,;259.188166,4.60852,;259.188166,4.65861,;259.188166,4.70872,;259.188166,4.75883,;259.188166,4.80891,;259.188166,4.85899,;259.188166,4.90906,;259.188166,4.95914,;259.188166,5.00925,;259.188166,5.05935,;259.188166,5.10947,;259.188166,5.15954,;259.188166,5.20963,;259.188166,5.25973,;259.188166,5.30983,;259.188166,5.35993,;259.188166,5.41005,;259.188166,5.46014,;259.188166,5.51025,;259.188166,5.56036,;259.188166,5.61045,;259.188166,5.66057,;259.188166,5.71068,;259.188166,5.76079,;259.188166,5.81087,;259.188166,5.86096,;259.188166,5.91105,;259.188166,5.96117,;259.188166,6.01126,;259.188166,6.06139,;259.188166,6.11148,;259.188166,6.1616,;259.188166,6.21169,;259.188166,6.2618,;259.188166,6.31191,;259.188166,6.36199,;259.188166,6.4121,;259.188166,6.4622,;259.188166,6.51229,;259.188166,6.56242,;259.188166,6.61253,;259.188166,6.66265,;259.188166,6.71276,;259.188166,6.76287,;259.188166,6.81296,;259.188166,6.86304,;259.188166,6.91315,;259.188166,6.96322,;259.188166,7.0133,;259.188166,7.06338,;259.188166,7.11352,;259.188166,7.16361,;259.188166,7.21369,;259.188166,7.26378,;259.188166,7.31389,;259.188166,7.364,;259.188166,7.4141,;259.188166,7.46419,;259.188166,7.51426,;259.188166,7.56434,;259.188166,7.61446,;259.188166,7.66455,;259.188166,7.71466,;259.188166,7.76474,;259.188166,7.81486,;259.188166,7.86497,;259.188166,7.91509,;259.188166,7.96518,;259.188166,8.01527,;259.188166,8.06541,;259.188166,8.11551,;259.188166,8.16562,;259.188166,8.21571,;259.188166,8.2658,;259.188166,8.31589,;259.188166,8.36597,;259.188166,8.41609,;258.943023,8.46618,;258.943023,8.51628,;258.943023,8.56637,;258.943023,8.61646,;258.943023,8.66656,;258.943023,8.71665,;258.943023,8.76676,;258.943023,8.81687,;258.943023,8.86692,;258.943023,8.917,;258.943023,8.96708,;258.943023,9.01719,;258.943023,9.06729,;258.943023,9.11738,;258.943023,9.16748,;258.943023,9.21758,;258.943023,9.26767,;258.943023,9.31776,;258.943023,9.36785,;258.943023,9.41794,;258.943023,9.46801,;258.943023,9.51812,;258.943023,9.56824,;258.943023,9.61835,;258.943023,9.66842,;258.943023,9.71849,;258.943023,9.76861,;258.943023,9.81872,;258.943023,9.8688,;258.943023,9.91889,;258.943023,9.96899,;
685.011695,0.0500666,;622.632976,0.100145,;622.632976,0.15017,;582.722738,0.200249,;474.421568,0.250329,;474.421568,0.300412,;474.421568,0.350496,;474.421568,0.400613,;474.421568,0.450703,;474.421568,0.50082,;474.421568,0.55091,;474.421568,0.601042,;474.421568,0.651135,;439.597903,0.701217,;439.597903,0.751323,;439.597903,0.801445,;439.597903,0.851543,;439.597903,0.901627,;439.597903,0.951723,;332.589489,1.00181,;332.589489,1.05192,;332.589489,1.10204,;332.589489,1.15216,;332.589489,1.20224,;332.589489,1.25233,;332.589489,1.30242,;332.589489,1.35255,;332.589489,1.40264,;332.589489,1.45274,;326.926513,1.50283,;326.926513,1.55292,;326.926513,1.60301,;326.926513,1.6531,;326.926513,1.70322,;326.926513,1.7533,;313.321320,1.8034,;313.321320,1.8535,;313.321320,1.90359,;313.321320,1.95368,;313.321320,2.00376,;313.321320,2.05385,;313.321320,2.10393,;313.321320,2.15402,;290.090320,2.2041,;290.090320,2.2542,;290.090320,2.30427,;290.090320,2.35435,;290.090320,2.40443,;290.090320,2.45451,;290.090320,2.50459,;290.090320,2.55468,;290.090320,2.60477,;290.090320,2.65486,;290.090320,2.70495,;290.090320,2.75504,;290.090320,2.80513,;290.090320,2.85521,;290.090320,2.90531,;290.090320,2.95539,;290.090320,3.00547,;290.090320,3.05556,;290.090320,3.10567,;290.090320,3.15579,;290.090320,3.2059,;290.090320,3.25597,;290.090320,3.30607,;290.090320,3.35616,;290.090320,3.40624,;290.090320,3.45633,;272.942784,3.50641,;272.942784,3.5565,;272.942784,3.60659,;272.942784,3.65669,;272.942784,3.70678,;272.942784,3.75687,;272.942784,3.80696,;272.942784,3.85705,;272.942784,3.90716,;272.942784,3.95725,;272.942784,4.00736,;272.942784,4.05747,;272.942784,4.10757,;272.942784,4.15768,;272.942784,4.20777,;272.942784,4.25784,;272.942784,4.30792,;272.942784,4.358,;272.942784,4.40809,;272.942784,4.45818,;272.942784,4.50828,;272.942784,4.55835,;272.942784,4.60843,;272.942784,4.65852,;272.942784,4.7086,;272.942784,4.75868,;272.942784,4.80877,;272.942784,4.85886,;272.942784,4.90895,;272.942784,4.95903,;272.942784,5.00911,;272.942784,5.0592,;272.942784,5.10929,;272.942784,5.15938,;259.570958,5.20947,;259.570958,5.25956,;259.570958,5.30965,;259.570958,5.35974,;259.570958,5.40986,;259.570958,5.45999,;259.570958,5.51011,;259.570958,5.5602,;259.570958,5.61028,;259.570958,5.66037,;259.570958,5.71045,;259.570958,5.76053,;259.570958,5.81062,;259.570958,5.86072,;259.570958,5.91081,;259.570958,5.9609,;259.570958,6.011,;259.570958,6.0611,;259.570958,6.11118,;259.570958,6.16129,;259.570958,6.21137,;259.570958,6.26147,;259.570958,6.31156,;259.570958,6.36165,;259.570958,6.41173,;259.570958,6.46183,;259.570958,6.51192,;259.570958,6.56201,;259.570958,6.61209,;259.570958,6.66217,;259.570958,6.71225,;259.570958,6.76232,;259.570958,6.81239,;259.570958,6.86247,;259.570958,6.91256,;259.570958,6.96264,;259.570958,7.01276,;259.570958,7.06284,;259.570958,7.11296,;259.570958,7.16304,;259.570958,7.21317,;259.570958,7.26325,;259.570958,7.31335,;259.570958,7.36344,;259.570958,7.41356,;259.570958,7.46367,;259.570958,7.51375,;259.570958,7.56383,;259.570958,7.61395,;259.570958,7.66403,;259.570958,7.71417,;259.570958,7.76424,;259.570958,7.81431,;259.570958,7.86438,;259.570958,7.91447,;259.570958,7.96455,;259.570958,8.01463,;259.570958,8.06474,;259.570958,8.11487,;259.570958,8.16496,;259.570958,8.21505,;259.570958,8.26516,;259.570958,8.31525,;259.570958,8.36536,;259.570958,8.41547,;259.570958,8.46556,;259.570958,8.51565,;259.570958,8.56574,;259.570958,8.61584,;259.570958,8.66593,;259.570958,8.71603,;259.570958,8.76613,;259.570958,8.81621,;259.570958,8.86631,;259.570958,8.9164,;259.570958,8.96649,;259.570958,9.01658,;259.570958,9.06666,;259.570958,9.11674,;259.570958,9.16682,;259.570958,9.21693,;259.570958,9.26701,;259.570958,9.31713,;259.570958,9.36724,;259.570958,9.41732,;259.570958,9.46741,;259.570958,9.51751,;259.570958,9.56761,;259.570958,9.6177,;259.570958,9.6678,;259.570958,9.71789,;259.570958,9.76797,;259.570958,9.81805,;259.570958,9.86815,;259.570958,9.91823,;259.570958,9.96834,;259.570958,10.0184,;259.570958,10.0685,;
521.376620,0.0500961,;521.376620,0.100188,;521.376620,0.150271,;521.376620,0.200372,;521.376620,0.250436,;402.911790,0.300532,;402.911790,0.350616,;402.911790,0.400699,;394.199522,0.450765,;394.199522,0.50084,;394.199522,0.550915,;394.199522,0.601026,;394.199522,0.651115,;394.199522,0.701209,;355.551262,0.751313,;321.514993,0.801398,;321.514993,0.851497,;321.514993,0.901587,;321.514993,0.951673,;321.514993,1.00179,;321.514993,1.05188,;321.514993,1.102,;321.514993,1.15208,;321.514993,1.2022,;321.514993,1.25229,;321.514993,1.30241,;321.514993,1.35255,;321.514993,1.40263,;321.514993,1.45273,;321.514993,1.50281,;312.471509,1.55289,;312.471509,1.60295,;312.471509,1.65307,;312.471509,1.70315,;312.471509,1.75324,;312.471509,1.80331,;312.471509,1.85341,;312.471509,1.9035,;312.471509,1.95358,;312.471509,2.00368,;312.471509,2.05374,;312.471509,2.10381,;312.471509,2.15389,;312.471509,2.20397,;312.471509,2.25401,;312.471509,2.30413,;312.471509,2.3542,;312.471509,2.40428,;312.471509,2.45436,;312.471509,2.50447,;312.471509,2.55456,;289.585614,2.60468,;289.585614,2.65477,;289.585614,2.7049,;289.585614,2.75497,;289.585614,2.80508,;289.585614,2.85515,;289.585614,2.90523,;289.585614,2.95531,;289.585614,3.0054,;289.585614,3.05548,;289.585614,3.10558,;289.585614,3.15566,;289.585614,3.20576,;289.585614,3.25584,;289.585614,3.30599,;289.585614,3.3561,;289.585614,3.40619,;289.585614,3.45627,;289.585614,3.50636,;289.585614,3.55645,;289.585614,3.60653,;289.585614,3.65662,;289.585614,3.70671,;289.585614,3.7568,;289.585614,3.80688,;289.585614,3.85697,;289.585614,3.90705,;289.585614,3.95715,;289.585614,4.00724,;288.117163,4.05734,;288.117163,4.10741,;288.117163,4.15749,;288.117163,4.20758,;288.117163,4.2577,;288.117163,4.30778,;288.117163,4.35789,;288.117163,4.40798,;288.117163,4.45807,;288.117163,4.50816,;273.912361,4.55829,;273.912361,4.60837,;273.912361,4.65846,;271.387990,4.70854,;271.387990,4.75864,;271.387990,4.80873,;271.387990,4.85881,;271.387990,4.90889,;271.387990,4.95897,;271.387990,5.00909,;271.387990,5.05918,;271.387990,5.10928,;271.387990,5.15938,;271.387990,5.2095,;271.387990,5.25958,;271.387990,5.30967,;271.387990,5.35976,;271.387990,5.40984,;271.387990,5.45994,;271.387990,5.51005,;271.387990,5.56014,;271.387990,5.61025,;271.387990,5.66033,;271.387990,5.71044,;271.387990,5.76052,;271.232290,5.8106,;271.232290,5.8607,;271.232290,5.91076,;271.232290,5.96086,;271.232290,6.01095,;271.232290,6.06104,;271.232290,6.11113,;271.232290,6.16122,;271.232290,6.21132,;271.232290,6.26141,;271.232290,6.31151,;271.232290,6.36163,;271.232290,6.41173,;271.232290,6.46185,;271.232290,6.51194,;271.232290,6.56205,;271.232290,6.61216,;271.232290,6.66223,;271.232290,6.71235,;271.232290,6.76244,;271.232290,6.81256,;271.232290,6.86268,;271.232290,6.91275,;271.232290,6.96279,;271.232290,7.01289,;271.232290,7.06298,;271.232290,7.1131,;271.232290,7.16319,;271.232290,7.21328,;271.232290,7.26338,;271.232290,7.31348,;271.232290,7.36356,;271.232290,7.41364,;271.232290,7.46371,;271.232290,7.51382,;271.232290,7.56394,;271.232290,7.61405,;271.232290,7.66418,;271.232290,7.71427,;271.232290,7.76435,;271.232290,7.81446,;263.867770,7.86457,;263.867770,7.91464,;263.867770,7.96476,;263.867770,8.01485,;263.074631,8.06497,;263.074631,8.11505,;263.074631,8.16513,;263.074631,8.21524,;263.074631,8.26535,;263.074631,8.31544,;263.074631,8.36555,;263.074631,8.41565,;263.074631,8.46576,;263.074631,8.51586,;263.074631,8.56599,;263.074631,8.6161,;262.763100,8.66621,;262.763100,8.71633,;262.763100,8.76644,;255.762062,8.81652,;255.762062,8.86663,;255.762062,8.91674,;255.762062,8.96687,;255.762062,9.01698,;255.762062,9.06704,;255.762062,9.11714,;255.762062,9.16721,;255.762062,9.21732,;255.762062,9.26741,;255.762062,9.31752,;255.762062,9.36763,;255.762062,9.41771,;255.762062,9.46781,;255.762062,9.51792,;255.762062,9.568,;255.762062,9.61809,;255.762062,9.66821,;255.762062,9.71829,;255.762062,9.76839,;255.762062,9.8185,;255.762062,9.86863,;255.762062,9.91872,;255.762062,9.96881,;255.762062,10.0189,;
inf,0.0501011,;inf,0.100182,;468.519857,0.150278,;468.519857,0.200374,;468.519857,0.250484,;468.519857,0.300594,;468.519857,0.350712,;373.870361,0.400828,;373.870361,0.450944,;373.870361,0.501021,;331.189810,0.551134,;322.728776,0.601224,;322.728776,0.651341,;322.728776,0.701453,;322.728776,0.751566,;322.728776,0.801678,;322.728776,0.851792,;322.728776,0.901885,;322.728776,0.952006,;322.728776,1.00213,;322.728776,1.05225,;322.728776,1.10238,;322.728776,1.1525,;322.728776,1.20261,;322.728776,1.25271,;322.728776,1.30282,;322.728776,1.35291,;322.728776,1.40303,;322.728776,1.45312,;322.728776,1.50321,;322.728776,1.55334,;322.728776,1.60346,;322.728776,1.65355,;322.728776,1.70367,;322.728776,1.75376,;322.728776,1.80388,;322.728776,1.85396,;322.728776,1.90404,;322.728776,1.95413,;322.728776,2.00422,;322.728776,2.05435,;322.728776,2.10444,;322.728776,2.15456,;322.728776,2.20468,;322.728776,2.25475,;322.728776,2.30487,;322.728776,2.35498,;322.728776,2.40507,;322.728776,2.45519,;322.728776,2.50528,;322.728776,2.55538,;322.728776,2.60548,;322.728776,2.65556,;322.728776,2.70564,;322.728776,2.75573,;322.728776,2.80584,;322.728776,2.85593,;322.728776,2.90602,;322.728776,2.9561,;322.728776,3.00619,;322.728776,3.05627,;322.728776,3.10635,;322.728776,3.15644,;322.728776,3.20653,;322.728776,3.25662,;322.728776,3.30671,;322.728776,3.3568,;322.728776,3.40689,;322.728776,3.45697,;322.728776,3.50707,;264.974598,3.55715,;264.974598,3.60724,;264.974598,3.65734,;264.974598,3.70743,;264.974598,3.75751,;264.974598,3.8076,;264.974598,3.85768,;264.974598,3.90776,;264.974598,3.95785,;264.974598,4.00795,;264.974598,4.05803,;264.974598,4.10812,;264.974598,4.15821,;264.974598,4.20831,;264.974598,4.2584,;264.974598,4.3085,;264.974598,4.3586,;264.974598,4.40869,;264.974598,4.45881,;264.974598,4.50891,;264.974598,4.55898,;261.004168,4.60907,;261.004168,4.65919,;261.004168,4.70931,;261.004168,4.75942,;261.004168,4.80953,;261.004168,4.85967,;261.004168,4.90981,;261.004168,4.9599,;261.004168,5.01002,;261.004168,5.0601,;261.004168,5.11017,;261.004168,5.1603,;261.004168,5.21041,;261.004168,5.2605,;261.004168,5.31058,;261.004168,5.3607,;261.004168,5.41083,;261.004168,5.46091,;261.004168,5.511,;261.004168,5.56109,;261.004168,5.61116,;261.004168,5.66124,;261.004168,5.71133,;261.004168,5.76144,;261.004168,5.81155,;261.004168,5.86166,;261.004168,5.91178,;261.004168,5.9619,;261.004168,6.01201,;261.004168,6.06209,;261.004168,6.11218,;261.004168,6.16227,;261.004168,6.21237,;261.004168,6.26246,;261.004168,6.31256,;261.004168,6.36268,;261.004168,6.41276,;261.004168,6.46287,;261.004168,6.51295,;261.004168,6.56304,;261.004168,6.61313,;261.004168,6.66324,;261.004168,6.71332,;261.004168,6.7634,;261.004168,6.81353,;261.004168,6.86361,;261.004168,6.91369,;261.004168,6.96377,;261.004168,7.01386,;261.004168,7.06395,;261.004168,7.11407,;261.004168,7.16415,;261.004168,7.21427,;261.004168,7.26437,;261.004168,7.31446,;261.004168,7.36454,;261.004168,7.41463,;261.004168,7.46473,;261.004168,7.51481,;261.004168,7.56489,;261.004168,7.61497,;261.004168,7.66505,;261.004168,7.71514,;261.004168,7.76523,;261.004168,7.81531,;261.004168,7.86541,;261.004168,7.9155,;261.004168,7.96559,;261.004168,8.01572,;261.004168,8.0658,;261.004168,8.11591,;261.004168,8.16603,;261.004168,8.2161,;261.004168,8.26619,;261.004168,8.31627,;261.004168,8.36635,;261.004168,8.41644,;261.004168,8.46654,;261.004168,8.51662,;261.004168,8.56671,;261.004168,8.61681,;261.004168,8.66693,;261.004168,8.71703,;261.004168,8.76712,;261.004168,8.81721,;261.004168,8.86731,;261.004168,8.9174,;261.004168,8.96749,;261.004168,9.01758,;261.004168,9.06767,;261.004168,9.11779,;261.004168,9.16792,;261.004168,9.21804,;261.004168,9.26812,;261.004168,9.31824,;261.004168,9.36834,;261.004168,9.41847,;261.004168,9.46856,;261.004168,9.51868,;261.004168,9.56877,;261.004168,9.61888,;261.004168,9.66898,;261.004168,9.71906,;261.004168,9.76916,;261.004168,9.81924,;261.004168,9.86933,;261.004168,9.91945,;261.004168,9.96954,;261.004168,10.0197,;
614.386552,0.0500576,;614.386552,0.100152,;614.386552,0.15025,;614.386552,0.200327,;614.386552,0.250416,;514.028006,0.300502,;514.028006,0.350582,;497.757340,0.400702,;497.757340,0.450786,;497.757340,0.500875,;497.757340,0.550952,;497.757340,0.601033,;497.757340,0.651126,;497.757340,0.701217,;497.757340,0.751331,;497.757340,0.801425,;497.757340,0.851505,;497.757340,0.901663,;497.757340,0.951753,;328.904982,1.00184,;328.904982,1.05191,;328.904982,1.10206,;328.904982,1.15215,;328.904982,1.20226,;328.904982,1.25235,;328.904982,1.30244,;328.904982,1.35252,;328.904982,1.40261,;328.904982,1.4527,;328.904982,1.50279,;328.904982,1.55288,;328.904982,1.60296,;328.904982,1.65305,;328.904982,1.70314,;328.904982,1.75323,;321.682629,1.8033,;321.682629,1.85338,;321.682629,1.90346,;321.682629,1.95355,;321.682629,2.00362,;321.682629,2.0537,;321.682629,2.1038,;321.682629,2.15389,;321.682629,2.20399,;321.682629,2.25408,;321.682629,2.30417,;321.682629,2.35425,;321.682629,2.40435,;321.682629,2.45443,;321.682629,2.5045,;321.682629,2.55459,;321.682629,2.60467,;321.682629,2.65475,;321.682629,2.70484,;321.682629,2.75492,;321.682629,2.805,;321.682629,2.85508,;321.682629,2.90516,;321.682629,2.95525,;321.682629,3.00535,;321.682629,3.05544,;295.824121,3.10553,;295.824121,3.15562,;295.824121,3.20572,;295.824121,3.25581,;283.337331,3.30592,;283.337331,3.35601,;283.337331,3.40609,;283.337331,3.45618,;283.337331,3.50626,;283.337331,3.55635,;283.337331,3.60646,;283.337331,3.65653,;283.337331,3.70664,;283.337331,3.75676,;283.337331,3.80686,;283.337331,3.85693,;283.337331,3.90702,;283.337331,3.9571,;283.337331,4.00721,;283.337331,4.0573,;283.337331,4.10742,;283.337331,4.15752,;283.337331,4.20762,;283.337331,4.25771,;277.080749,4.3078,;277.080749,4.35788,;277.080749,4.40797,;277.080749,4.45805,;277.080749,4.50813,;277.080749,4.55825,;277.080749,4.60837,;277.080749,4.65845,;277.080749,4.70853,;277.080749,4.7586,;277.080749,4.80868,;277.080749,4.85877,;277.080749,4.90888,;277.080749,4.95896,;277.080749,5.00904,;277.080749,5.05917,;277.080749,5.10929,;277.080749,5.15935,;277.080749,5.20946,;277.080749,5.25954,;277.080749,5.30963,;277.080749,5.35974,;277.080749,5.40986,;277.080749,5.45993,;277.080749,5.51004,;277.080749,5.56012,;277.080749,5.61021,;277.080749,5.66032,;277.080749,5.71043,;277.080749,5.76053,;277.080749,5.8106,;277.080749,5.86071,;277.080749,5.91082,;277.080749,5.96094,;277.080749,6.01103,;277.080749,6.06111,;277.080749,6.11126,;277.080749,6.16134,;277.080749,6.21143,;277.080749,6.26154,;277.080749,6.31162,;277.080749,6.36175,;277.080749,6.41182,;277.080749,6.46194,;277.080749,6.51206,;277.080749,6.56218,;277.080749,6.61227,;277.080749,6.66237,;277.080749,6.71246,;277.080749,6.76254,;277.080749,6.81266,;277.080749,6.86274,;277.080749,6.91282,;277.080749,6.96294,;277.080749,7.01305,;277.080749,7.06316,;274.884258,7.11325,;274.884258,7.16332,;274.884258,7.21344,;274.884258,7.26351,;274.884258,7.3136,;274.884258,7.36369,;274.884258,7.41379,;274.884258,7.46388,;274.884258,7.51399,;261.025132,7.5641,;261.025132,7.61417,;261.025132,7.66429,;261.025132,7.7144,;261.025132,7.76449,;261.025132,7.8146,;261.025132,7.86471,;261.025132,7.91479,;261.025132,7.96488,;261.025132,8.01499,;261.025132,8.06511,;261.025132,8.11522,;261.025132,8.16531,;261.025132,8.21539,;261.025132,8.26546,;261.025132,8.31554,;261.025132,8.36565,;261.025132,8.41574,;261.025132,8.46585,;261.025132,8.51593,;261.025132,8.56604,;261.025132,8.61613,;261.025132,8.66622,;261.025132,8.71631,;261.025132,8.76642,;261.025132,8.81651,;261.025132,8.86662,;261.025132,8.9167,;256.605263,8.96681,;256.605263,9.01688,;256.605263,9.06697,;256.605263,9.11708,;256.605263,9.16715,;256.605263,9.21727,;256.605263,9.26738,;256.605263,9.31748,;256.605263,9.36759,;256.605263,9.41768,;256.605263,9.46777,;256.605263,9.51789,;256.605263,9.56799,;256.605263,9.61811,;256.605263,9.66822,;256.605263,9.71833,;256.605263,9.76841,;256.605263,9.81847,;256.605263,9.86858,;256.605263,9.91866,;256.605263,9.96878,;
inf,0.0500653,;inf,0.100098,;inf,0.150167,;inf,0.200244,;384.697158,0.250315,;384.697158,0.300371,;384.697158,0.350451,;384.697158,0.400523,;384.697158,0.450602,;384.697158,0.500688,;384.697158,0.550804,;384.697158,0.600887,;384.697158,0.650968,;384.697158,0.701058,;384.697158,0.75115,;384.697158,0.801242,;384.697158,0.851317,;384.697158,0.901428,;350.559341,0.951538,;350.559341,1.00165,;350.559341,1.05172,;350.559341,1.10181,;334.918216,1.15193,;334.918216,1.20203,;334.918216,1.25214,;334.918216,1.30223,;334.918216,1.35232,;334.918216,1.40239,;334.918216,1.45246,;334.918216,1.50253,;334.918216,1.5526,;334.918216,1.60271,;334.918216,1.65279,;334.918216,1.70288,;308.046842,1.75301,;300.536824,1.80313,;300.536824,1.85325,;300.536824,1.90335,;271.988239,1.95347,;271.988239,2.00358,;271.988239,2.05366,;271.988239,2.10378,;271.988239,2.15387,;271.988239,2.20399,;271.988239,2.25408,;271.988239,2.3042,;271.988239,2.35431,;271.988239,2.40441,;271.988239,2.45453,;271.988239,2.5046,;271.988239,2.55473,;271.988239,2.60481,;271.988239,2.65489,;271.988239,2.70498,;271.988239,2.75506,;271.988239,2.80514,;271.988239,2.85523,;271.988239,2.90531,;271.988239,2.95542,;271.988239,3.00549,;271.988239,3.0556,;271.988239,3.10572,;271.988239,3.15579,;271.988239,3.20588,;271.988239,3.25596,;271.988239,3.30604,;271.988239,3.3562,;271.988239,3.40629,;271.988239,3.45635,;271.988239,3.50643,;271.988239,3.5565,;271.988239,3.60661,;271.988239,3.65669,;271.988239,3.70678,;271.988239,3.75687,;271.988239,3.80696,;271.988239,3.85705,;271.988239,3.90715,;271.988239,3.95724,;271.988239,4.00733,;271.988239,4.05742,;271.988239,4.10753,;271.988239,4.1576,;271.988239,4.20767,;271.988239,4.25775,;271.988239,4.30782,;271.988239,4.35791,;271.988239,4.40802,;271.988239,4.4581,;271.988239,4.50821,;271.988239,4.5583,;271.988239,4.60841,;271.988239,4.65852,;271.988239,4.70859,;271.988239,4.7587,;271.988239,4.80879,;271.988239,4.8589,;271.988239,4.909,;271.988239,4.95908,;271.988239,5.00917,;271.988239,5.05929,;271.988239,5.10939,;271.988239,5.1595,;271.988239,5.20961,;271.988239,5.25972,;271.988239,5.30979,;271.988239,5.3599,;271.988239,5.40998,;271.988239,5.46009,;271.988239,5.5102,;271.988239,5.56031,;271.988239,5.61042,;271.988239,5.66053,;271.988239,5.71064,;271.988239,5.76075,;271.988239,5.81086,;271.988239,5.86097,;271.988239,5.91104,;271.988239,5.96112,;266.059658,6.01121,;266.059658,6.06128,;266.059658,6.11138,;266.059658,6.16146,;266.059658,6.21152,;266.059658,6.26165,;266.059658,6.31176,;266.059658,6.36188,;266.059658,6.412,;266.059658,6.46211,;266.059658,6.51222,;266.059658,6.56233,;266.059658,6.61241,;266.059658,6.66252,;266.059658,6.71259,;266.059658,6.76271,;266.059658,6.81278,;266.059658,6.86291,;266.059658,6.91298,;266.059658,6.96306,;266.059658,7.01314,;266.059658,7.06325,;266.059658,7.11333,;266.059658,7.16344,;266.059658,7.21353,;266.059658,7.26364,;266.059658,7.31377,;266.059658,7.36389,;266.059658,7.414,;266.059658,7.46411,;266.059658,7.51422,;266.059658,7.56433,;266.059658,7.61442,;266.059658,7.6645,;266.059658,7.71458,;266.059658,7.76466,;266.059658,7.81479,;266.059658,7.86488,;266.059658,7.915,;266.059658,7.9651,;266.059658,8.0152,;266.059658,8.0653,;266.059658,8.11539,;266.059658,8.1655,;266.059658,8.21562,;266.059658,8.26573,;266.059658,8.31582,;266.059658,8.3659,;266.059658,8.41601,;266.059658,8.46609,;266.059658,8.51617,;266.059658,8.56625,;260.582246,8.61633,;260.582246,8.66643,;260.582246,8.71651,;260.582246,8.76664,;260.582246,8.81672,;256.991649,8.86685,;256.991649,8.91692,;256.991649,8.967,;256.991649,9.01708,;256.991649,9.06717,;256.991649,9.11727,;256.991649,9.16734,;256.991649,9.21743,;256.991649,9.26754,;256.991649,9.31762,;256.991649,9.36773,;256.991649,9.41782,;256.991649,9.46793,;256.991649,9.51804,;256.991649,9.56815,;256.991649,9.61823,;256.991649,9.66836,;256.991649,9.71847,;256.991649,9.76855,;256.991649,9.81865,;256.991649,9.86874,;256.991649,9.91885,;256.991649,9.96894,;256.991649,10.0191,;256.991649,10.0691,;
433.889650,0.0500981,;388.918852,0.100217,;388.918852,0.150302,;388.918852,0.200414,;388.918852,0.250525,;388.918852,0.300609,;388.918852,0.350723,;388.918852,0.400859,;388.918852,0.450941,;343.490394,0.501063,;343.490394,0.551176,;343.490394,0.60129,;337.732481,0.651398,;337.732481,0.701516,;337.732481,0.751765,;337.732481,0.801844,;337.732481,0.851925,;337.732481,0.902006,;337.732481,0.952108,;337.732481,1.0022,;337.732481,1.05229,;337.732481,1.10238,;337.732481,1.15248,;337.732481,1.20255,;337.732481,1.25263,;337.732481,1.30272,;337.732481,1.3528,;337.732481,1.40288,;337.732481,1.45297,;337.732481,1.50305,;337.732481,1.55314,;337.732481,1.60323,;337.732481,1.65333,;337.732481,1.70342,;284.592632,1.75352,;284.592632,1.80363,;284.592632,1.85372,;284.592632,1.90384,;284.592632,1.95393,;284.592632,2.00404,;284.592632,2.05415,;284.592632,2.10425,;284.592632,2.15436,;284.592632,2.20446,;284.592632,2.25456,;284.592632,2.30464,;284.592632,2.35476,;284.592632,2.40485,;284.592632,2.45495,;284.592632,2.50503,;284.592632,2.55515,;284.592632,2.60524,;284.592632,2.65534,;284.592632,2.70542,;284.592632,2.75554,;284.592632,2.80562,;284.592632,2.85573,;284.592632,2.90582,;274.611655,2.95593,;274.611655,3.00604,;274.611655,3.05613,;268.604231,3.10621,;268.604231,3.15628,;268.604231,3.20636,;268.604231,3.25644,;268.604231,3.30652,;268.604231,3.35657,;268.604231,3.40665,;268.604231,3.45673,;268.604231,3.50684,;268.604231,3.55693,;268.604231,3.60706,;268.604231,3.65715,;268.604231,3.70727,;268.604231,3.75736,;268.604231,3.80748,;268.604231,3.85756,;268.604231,3.90768,;268.604231,3.95776,;268.604231,4.00785,;268.604231,4.05795,;268.604231,4.10806,;268.604231,4.15814,;268.604231,4.20827,;268.604231,4.25839,;268.604231,4.30851,;268.604231,4.35863,;268.604231,4.4087,;268.604231,4.45879,;268.604231,4.50887,;268.604231,4.55899,;268.604231,4.60908,;268.604231,4.65919,;268.604231,4.70928,;268.604231,4.75937,;268.604231,4.80945,;268.604231,4.85955,;268.604231,4.90963,;268.604231,4.95974,;268.604231,5.00983,;268.604231,5.05994,;268.604231,5.11004,;268.604231,5.16015,;268.604231,5.21026,;268.604231,5.26033,;268.604231,5.31042,;268.604231,5.36054,;268.604231,5.41065,;250.674433,5.46072,;250.674433,5.51081,;250.674433,5.5609,;250.674433,5.61099,;250.674433,5.66108,;250.674433,5.71119,;250.674433,5.76133,;250.674433,5.81142,;250.674433,5.86151,;250.674433,5.91159,;250.674433,5.96169,;250.674433,6.01177,;250.674433,6.06186,;250.674433,6.11196,;250.674433,6.16205,;250.674433,6.21215,;250.674433,6.26225,;250.674433,6.31234,;250.674433,6.36243,;250.674433,6.41253,;250.674433,6.46261,;250.674433,6.51268,;250.674433,6.56276,;250.674433,6.61285,;250.674433,6.66294,;250.674433,6.71304,;250.674433,6.76314,;250.674433,6.81324,;250.674433,6.86338,;250.674433,6.91348,;250.674433,6.96356,;250.674433,7.01366,;250.674433,7.06375,;250.674433,7.11385,;250.674433,7.16397,;250.674433,7.21405,;250.674433,7.26417,;250.674433,7.31425,;250.674433,7.36436,;250.674433,7.41443,;250.674433,7.46451,;250.674433,7.5146,;250.674433,7.56468,;250.674433,7.6148,;250.674433,7.66489,;250.674433,7.71497,;250.674433,7.76506,;250.674433,7.81518,;250.674433,7.86526,;250.674433,7.91537,;250.674433,7.96546,;250.674433,8.01553,;250.674433,8.06561,;250.674433,8.11573,;250.674433,8.16582,;250.674433,8.21592,;250.674433,8.26601,;250.674433,8.31613,;250.674433,8.36622,;250.674433,8.41634,;250.674433,8.46644,;250.674433,8.51657,;250.674433,8.56664,;250.674433,8.61672,;250.674433,8.66683,;250.674433,8.71692,;250.674433,8.767,;250.674433,8.81709,;250.674433,8.86721,;250.674433,8.9173,;250.674433,8.96741,;250.674433,9.01752,;250.674433,9.06762,;250.674433,9.11769,;250.674433,9.16782,;250.674433,9.21794,;250.674433,9.26805,;250.674433,9.31816,;250.674433,9.36826,;250.674433,9.41838,;250.674433,9.4685,;250.674433,9.51858,;250.674433,9.56866,;250.674433,9.61877,;250.674433,9.66886,;250.674433,9.71894,;250.674433,9.76903,;250.674433,9.81912,;250.674433,9.86921,;250.674433,9.91932,;250.674433,9.96941,;250.674433,10.0195,;
536.945417,0.0500914,;536.945417,0.100166,;533.031299,0.150284,;521.518374,0.200383,;427.576161,0.250469,;427.576161,0.30059,;427.576161,0.350702,;395.257442,0.400814,;395.257442,0.450929,;395.257442,0.501044,;395.257442,0.55114,;395.257442,0.601218,;395.257442,0.651325,;395.257442,0.701411,;395.257442,0.751495,;395.257442,0.801568,;395.257442,0.851665,;395.257442,0.901777,;348.233255,0.95189,;348.233255,1.00198,;348.233255,1.05206,;348.233255,1.10218,;348.233255,1.15229,;348.233255,1.20239,;337.285771,1.25248,;337.285771,1.30256,;337.285771,1.35265,;337.285771,1.40274,;337.285771,1.45283,;337.285771,1.5029,;332.186970,1.55298,;332.186970,1.60306,;311.059394,1.65313,;302.938249,1.70321,;302.938249,1.7533,;302.098784,1.80338,;302.098784,1.85347,;302.098784,1.90359,;302.098784,1.9537,;302.098784,2.0038,;302.098784,2.05391,;302.098784,2.10401,;302.098784,2.15413,;302.098784,2.20424,;302.098784,2.25436,;302.098784,2.30444,;302.098784,2.35456,;302.098784,2.40466,;302.098784,2.45473,;302.098784,2.50484,;302.098784,2.55491,;302.098784,2.60497,;302.098784,2.65508,;302.098784,2.70516,;302.098784,2.75524,;302.098784,2.80533,;302.098784,2.85542,;302.098784,2.90552,;302.098784,2.95564,;302.098784,3.00573,;302.098784,3.05581,;302.098784,3.10591,;302.098784,3.15601,;302.098784,3.20608,;302.098784,3.25617,;302.098784,3.30626,;302.098784,3.35637,;268.796337,3.40645,;268.796337,3.45657,;268.796337,3.50668,;268.796337,3.55679,;268.796337,3.60687,;268.796337,3.65696,;268.796337,3.70707,;268.796337,3.75715,;268.796337,3.80726,;268.796337,3.85737,;268.796337,3.90748,;268.796337,3.95756,;268.796337,4.00767,;268.796337,4.05775,;268.796337,4.10783,;268.796337,4.1579,;268.796337,4.20799,;268.796337,4.25808,;268.796337,4.3082,;268.796337,4.35828,;268.796337,4.4084,;268.796337,4.45851,;268.796337,4.50862,;268.796337,4.55869,;268.796337,4.60877,;268.796337,4.65886,;268.796337,4.70898,;268.796337,4.75906,;268.796337,4.80914,;268.796337,4.85922,;268.236054,4.90933,;268.236054,4.95944,;268.236054,5.00956,;268.236054,5.05966,;268.236054,5.10974,;268.236054,5.15982,;268.236054,5.2099,;268.236054,5.26001,;268.236054,5.3101,;268.236054,5.36021,;268.236054,5.41029,;268.236054,5.4604,;268.236054,5.51051,;268.236054,5.56061,;268.236054,5.61072,;268.236054,5.66083,;268.236054,5.71094,;268.236054,5.76102,;268.236054,5.81113,;268.236054,5.86124,;268.236054,5.91132,;268.236054,5.96144,;268.236054,6.01155,;268.236054,6.06162,;268.236054,6.1117,;268.236054,6.16178,;268.236054,6.21186,;268.236054,6.26195,;268.236054,6.31203,;268.236054,6.3622,;268.236054,6.41228,;268.236054,6.46236,;268.236054,6.51245,;268.236054,6.56257,;268.236054,6.61266,;268.236054,6.66278,;268.236054,6.71288,;268.236054,6.76295,;268.236054,6.81306,;268.236054,6.86317,;268.236054,6.91325,;268.236054,6.96338,;268.236054,7.01349,;268.236054,7.0636,;268.236054,7.11367,;268.006114,7.16374,;268.006114,7.21381,;268.006114,7.26392,;268.006114,7.31401,;268.006114,7.36409,;268.006114,7.41418,;268.006114,7.46428,;268.006114,7.51439,;268.006114,7.5645,;268.006114,7.61458,;268.006114,7.66469,;268.006114,7.71479,;268.006114,7.76487,;265.001467,7.81495,;265.001467,7.8651,;265.001467,7.9152,;265.001467,7.96529,;265.001467,8.0154,;265.001467,8.06549,;265.001467,8.11561,;265.001467,8.16568,;265.001467,8.21578,;265.001467,8.26591,;265.001467,8.31603,;265.001467,8.36612,;265.001467,8.41622,;265.001467,8.46634,;260.289323,8.51645,;260.289323,8.56653,;260.289323,8.61665,;260.289323,8.66676,;260.289323,8.71684,;260.289323,8.76692,;260.289323,8.81702,;260.289323,8.86713,;260.289323,8.9172,;260.289323,8.96729,;260.289323,9.01737,;260.289323,9.06748,;260.289323,9.11756,;260.289323,9.16764,;260.289323,9.21773,;260.289323,9.26784,;260.289323,9.31795,;260.289323,9.36807,;260.289323,9.41818,;260.289323,9.46829,;260.289323,9.51836,;260.289323,9.56845,;260.289323,9.61853,;260.289323,9.66863,;260.289323,9.71871,;260.289323,9.7688,;260.289323,9.81888,;260.289323,9.86897,;260.289323,9.91908,;260.289323,9.96915,;260.166332,10.0193,;
410.564302,0.0500678,;410.564302,0.100157,;410.564302,0.150238,;410.564302,0.200318,;410.564302,0.250417,;402.891017,0.300539,;402.891017,0.350612,;402.891017,0.400701,;398.946604,0.450815,;398.946604,0.500893,;398.946604,0.550982,;398.946604,0.601058,;398.946604,0.651148,;398.946604,0.701236,;398.946604,0.751312,;398.946604,0.801395,;398.946604,0.851489,;378.759444,0.901575,;378.759444,0.951674,;342.419892,1.00176,;342.419892,1.05185,;342.419892,1.10194,;342.419892,1.15201,;342.419892,1.2021,;342.419892,1.25218,;342.419892,1.30227,;342.419892,1.35239,;320.694854,1.4025,;320.694854,1.45257,;320.694854,1.50264,;320.694854,1.55275,;308.381756,1.60282,;308.381756,1.6529,;308.381756,1.70302,;308.381756,1.75311,;308.381756,1.80319,;308.381756,1.85327,;308.381756,1.90337,;308.381756,1.95344,;308.381756,2.00355,;308.381756,2.05364,;308.381756,2.10378,;308.381756,2.15388,;308.381756,2.20396,;308.381756,2.25405,;308.381756,2.30415,;308.381756,2.35424,;308.381756,2.40433,;308.381756,2.45444,;308.381756,2.50453,;308.060484,2.55461,;298.340678,2.60469,;288.869955,2.65477,;288.578044,2.70482,;288.578044,2.75493,;288.578044,2.805,;288.578044,2.85507,;288.578044,2.90515,;288.578044,2.95524,;288.578044,3.00533,;288.578044,3.05544,;288.578044,3.10551,;288.578044,3.1556,;288.578044,3.20569,;288.578044,3.2558,;288.578044,3.30587,;288.578044,3.35595,;288.578044,3.40603,;288.578044,3.45611,;288.578044,3.50622,;288.578044,3.55629,;288.578044,3.60638,;288.578044,3.65645,;288.578044,3.70656,;288.578044,3.75665,;288.578044,3.80673,;288.578044,3.8568,;288.578044,3.90691,;288.578044,3.95698,;288.578044,4.00709,;288.578044,4.05717,;288.578044,4.10725,;288.578044,4.15733,;288.578044,4.20742,;288.578044,4.25751,;288.578044,4.30763,;288.578044,4.35772,;288.578044,4.4078,;288.578044,4.45789,;288.578044,4.50798,;288.578044,4.55807,;288.578044,4.60815,;288.578044,4.65823,;288.578044,4.70833,;288.578044,4.75841,;288.578044,4.80852,;288.578044,4.8586,;288.578044,4.90868,;288.578044,4.95879,;288.578044,5.00887,;288.578044,5.05898,;288.578044,5.10905,;288.578044,5.15914,;288.578044,5.20922,;288.578044,5.25929,;288.578044,5.30937,;288.578044,5.35946,;288.578044,5.40954,;288.578044,5.45962,;288.578044,5.50969,;288.578044,5.55977,;288.578044,5.60985,;287.959945,5.65993,;287.959945,5.71001,;287.959945,5.76009,;287.959945,5.81017,;287.959945,5.86025,;287.959945,5.91033,;287.959945,5.96045,;287.959945,6.01056,;287.959945,6.06067,;287.959945,6.11075,;287.959945,6.16083,;287.959945,6.21094,;287.959945,6.26101,;287.959945,6.31109,;287.959945,6.36117,;287.959945,6.41129,;284.734857,6.46138,;284.734857,6.5115,;284.734857,6.56159,;277.507972,6.6117,;277.507972,6.66181,;277.507972,6.71193,;277.507972,6.76202,;277.507972,6.81211,;277.507972,6.8622,;277.507972,6.91229,;277.507972,6.96237,;277.507972,7.01248,;277.507972,7.06256,;260.183917,7.11263,;260.183917,7.1627,;260.183917,7.21278,;260.183917,7.2629,;260.183917,7.31297,;260.183917,7.36308,;260.183917,7.41317,;260.183917,7.46329,;260.183917,7.51338,;260.183917,7.56349,;260.183917,7.61357,;260.183917,7.66368,;260.183917,7.71379,;260.183917,7.76391,;260.183917,7.81401,;260.183917,7.8641,;260.183917,7.91421,;260.183917,7.96432,;260.183917,8.01445,;260.183917,8.06454,;260.183917,8.11465,;260.183917,8.16477,;260.183917,8.21489,;260.183917,8.26497,;260.183917,8.31505,;260.183917,8.36514,;260.183917,8.41525,;260.183917,8.46534,;260.183917,8.51543,;260.183917,8.56554,;260.183917,8.61561,;260.183917,8.66572,;260.183917,8.71584,;260.183917,8.76595,;260.183917,8.81606,;260.183917,8.86615,;260.183917,8.91626,;260.183917,8.96636,;260.183917,9.01645,;260.183917,9.06656,;260.183917,9.11663,;260.183917,9.16671,;260.183917,9.21676,;260.183917,9.26685,;260.183917,9.31692,;260.183917,9.36699,;260.183917,9.41706,;260.183917,9.46717,;260.183917,9.51725,;260.183917,9.56737,;260.183917,9.61747,;260.183917,9.66758,;260.183917,9.71766,;260.183917,9.76773,;260.183917,9.81781,;260.183917,9.86791,;260.183917,9.918,;260.183917,9.96812,;260.183917,10.0182,;
inf,0.0500926,;inf,0.100169,;485.669805,0.150302,;485.669805,0.200387,;476.896675,0.250505,;476.896675,0.300604,;476.896675,0.35072,;476.896675,0.400806,;418.780846,0.450921,;418.780846,0.501003,;391.891843,0.551126,;386.353754,0.601213,;386.353754,0.651295,;386.353754,0.701373,;386.353754,0.751461,;386.353754,0.801543,;386.353754,0.851632,;386.353754,0.901728,;328.213022,0.951805,;328.213022,1.00189,;328.213022,1.05197,;328.213022,1.10205,;328.213022,1.15218,;328.213022,1.20226,;295.908954,1.25235,;295.908954,1.30247,;295.908954,1.35254,;291.742093,1.40262,;263.252078,1.45272,;263.252078,1.50281,;263.252078,1.5529,;263.252078,1.60299,;263.252078,1.65307,;263.252078,1.70319,;263.252078,1.75327,;263.252078,1.80339,;263.252078,1.85348,;263.252078,1.90357,;263.252078,1.95368,;263.252078,2.00375,;263.252078,2.05386,;263.252078,2.10394,;263.252078,2.15405,;263.252078,2.20413,;263.252078,2.2542,;263.252078,2.3043,;263.252078,2.35439,;263.252078,2.40448,;263.252078,2.45459,;263.252078,2.50467,;263.252078,2.5548,;263.252078,2.60489,;263.252078,2.655,;263.252078,2.70512,;261.351691,2.75524,;261.351691,2.80535,;261.351691,2.85543,;261.351691,2.90555,;261.351691,2.95566,;261.351691,3.00575,;261.351691,3.05584,;261.351691,3.10593,;261.351691,3.15605,;261.351691,3.20616,;261.351691,3.25624,;261.351691,3.30637,;261.351691,3.35645,;261.351691,3.40657,;261.351691,3.45666,;261.351691,3.50675,;261.351691,3.55686,;261.351691,3.60697,;261.351691,3.6571,;261.351691,3.70721,;261.351691,3.75732,;261.351691,3.80743,;261.351691,3.85755,;261.351691,3.90766,;261.351691,3.95776,;261.351691,4.00785,;261.351691,4.05796,;261.351691,4.10803,;261.351691,4.15815,;261.351691,4.20823,;261.351691,4.25831,;261.351691,4.3084,;261.351691,4.35852,;261.351691,4.40863,;254.803361,4.45871,;254.803361,4.5088,;254.803361,4.55892,;254.803361,4.60901,;254.803361,4.65913,;254.803361,4.70921,;254.803361,4.75933,;254.803361,4.80944,;254.803361,4.85955,;254.803361,4.90967,;254.803361,4.95977,;254.803361,5.00986,;254.803361,5.05998,;254.803361,5.11006,;254.803361,5.16014,;254.803361,5.21029,;254.803361,5.26037,;254.803361,5.31046,;254.803361,5.36055,;254.803361,5.41063,;254.803361,5.46075,;254.803361,5.51084,;254.803361,5.56093,;254.803361,5.61102,;254.803361,5.6611,;254.803361,5.71121,;254.803361,5.7613,;254.803361,5.8114,;254.803361,5.86151,;254.803361,5.9116,;254.803361,5.96172,;246.940651,6.01179,;246.940651,6.06191,;246.940651,6.11198,;246.940651,6.1621,;246.940651,6.21219,;246.940651,6.2623,;246.940651,6.3124,;246.940651,6.36249,;246.940651,6.41258,;246.940651,6.4627,;246.940651,6.51281,;246.940651,6.56292,;246.940651,6.61301,;246.940651,6.66313,;246.940651,6.71324,;246.940651,6.76335,;246.940651,6.81346,;246.940651,6.86357,;246.940651,6.91366,;246.940651,6.96374,;246.940651,7.0138,;246.940651,7.06393,;246.940651,7.11401,;246.940651,7.16409,;246.940651,7.21417,;246.940651,7.26426,;246.940651,7.31436,;246.940651,7.36445,;246.940651,7.41453,;246.940651,7.46461,;246.940651,7.51468,;246.940651,7.56476,;246.940651,7.61488,;246.940651,7.66495,;246.940651,7.71502,;246.940651,7.7651,;246.940651,7.81519,;246.940651,7.8653,;246.940651,7.91541,;246.940651,7.96552,;246.940651,8.01564,;246.940651,8.06575,;246.940651,8.11587,;246.940651,8.16595,;246.940651,8.21602,;246.940651,8.26612,;246.940651,8.3162,;246.940651,8.36629,;246.940651,8.41638,;246.940651,8.46646,;246.940651,8.51655,;246.940651,8.56662,;246.940651,8.61672,;246.940651,8.66679,;246.940651,8.71686,;246.940651,8.76694,;246.940651,8.81703,;246.940651,8.86711,;246.940651,8.91719,;246.940651,8.9673,;246.940651,9.01738,;246.940651,9.06749,;246.940651,9.11758,;246.940651,9.16767,;246.940651,9.21776,;246.940651,9.26786,;246.940651,9.31794,;246.940651,9.36801,;246.940651,9.41809,;246.940651,9.46817,;246.940651,9.51826,;246.940651,9.56834,;246.940651,9.61846,;246.940651,9.66853,;246.940651,9.71864,;246.940651,9.76875,;246.940651,9.81883,;246.940651,9.86893,;246.940651,9.91904,;246.940651,9.96912,;246.940651,10.0192,;
inf,0.0500569,;inf,0.100131,;inf,0.150248,;inf,0.20034,;inf,0.250453,;inf,0.300523,;434.884382,0.350612,;434.884382,0.400735,;434.884382,0.450807,;434.884382,0.500886,;427.447249,0.550998,;427.447249,0.601071,;427.447249,0.651185,;427.447249,0.701293,;427.447249,0.751371,;427.447249,0.801456,;427.447249,0.851594,;427.447249,0.901676,;340.056893,0.951798,;340.056893,1.00188,;340.056893,1.05201,;340.056893,1.10209,;340.056893,1.15221,;340.056893,1.20229,;340.056893,1.25241,;340.056893,1.3025,;340.056893,1.35261,;340.056893,1.40271,;296.644160,1.45282,;296.644160,1.50291,;296.644160,1.55302,;296.644160,1.60313,;296.644160,1.65325,;296.644160,1.70336,;296.644160,1.75348,;296.644160,1.80356,;296.644160,1.85364,;296.644160,1.90375,;296.644160,1.95385,;296.644160,2.00396,;296.644160,2.05404,;296.644160,2.10416,;296.644160,2.15427,;296.644160,2.20436,;296.644160,2.25445,;296.644160,2.30453,;296.644160,2.35462,;296.644160,2.40475,;296.644160,2.45487,;296.644160,2.50498,;296.644160,2.55511,;296.644160,2.60519,;296.644160,2.6553,;296.644160,2.70537,;296.644160,2.75544,;296.644160,2.80552,;296.644160,2.85563,;296.644160,2.90571,;296.644160,2.95582,;296.644160,3.00592,;296.644160,3.056,;296.644160,3.10608,;296.644160,3.15619,;296.644160,3.20626,;296.644160,3.25637,;296.644160,3.30645,;296.644160,3.35653,;296.644160,3.40661,;296.644160,3.45669,;296.644160,3.50678,;296.644160,3.55686,;296.644160,3.60696,;296.644160,3.65709,;296.644160,3.70717,;296.644160,3.75725,;296.644160,3.80735,;296.644160,3.85744,;296.644160,3.90753,;287.645195,3.95764,;287.645195,4.00775,;287.645195,4.05786,;287.645195,4.10797,;287.645195,4.15805,;287.645195,4.20817,;287.645195,4.25826,;287.645195,4.30834,;287.645195,4.35842,;287.645195,4.40851,;287.645195,4.45862,;287.645195,4.50873,;287.645195,4.55883,;287.645195,4.60894,;287.645195,4.65903,;287.645195,4.70914,;287.645195,4.75925,;287.645195,4.80935,;287.645195,4.85946,;287.645195,4.90955,;287.645195,4.95967,;287.645195,5.00975,;287.645195,5.05986,;287.645195,5.10996,;287.645195,5.16004,;287.645195,5.21012,;287.645195,5.26023,;287.645195,5.31032,;287.645195,5.36043,;287.645195,5.41052,;287.645195,5.46063,;287.645195,5.51072,;287.645195,5.5608,;287.645195,5.61087,;287.645195,5.66098,;287.645195,5.71105,;287.645195,5.76116,;287.645195,5.81125,;287.645195,5.86132,;287.645195,5.9114,;287.645195,5.96149,;287.645195,6.01156,;287.645195,6.06163,;287.645195,6.11176,;287.645195,6.16185,;287.645195,6.21197,;287.645195,6.26204,;287.645195,6.31215,;270.645208,6.36223,;270.645208,6.41234,;270.645208,6.46244,;270.645208,6.51256,;270.645208,6.56265,;270.645208,6.61276,;270.645208,6.66287,;270.645208,6.71297,;270.645208,6.76308,;270.645208,6.81319,;270.645208,6.8633,;270.645208,6.91341,;270.645208,6.96352,;270.645208,7.01364,;270.645208,7.06376,;270.645208,7.11387,;270.645208,7.16398,;270.645208,7.21406,;270.645208,7.26417,;270.645208,7.31425,;270.645208,7.36437,;270.645208,7.41445,;270.645208,7.46457,;270.645208,7.51465,;270.645208,7.56477,;270.645208,7.61488,;270.645208,7.66499,;270.645208,7.71508,;270.645208,7.7652,;270.645208,7.81529,;270.645208,7.86537,;270.645208,7.91545,;270.645208,7.96555,;270.645208,8.01564,;270.645208,8.06573,;270.645208,8.1158,;270.645208,8.16589,;270.645208,8.21597,;266.821581,8.26605,;266.821581,8.31616,;266.821581,8.36624,;266.821581,8.41636,;266.821581,8.46646,;266.821581,8.51658,;266.821581,8.56668,;266.821581,8.6168,;266.821581,8.66691,;266.821581,8.71702,;266.821581,8.76713,;266.821581,8.8172,;266.821581,8.86731,;266.821581,8.91742,;266.821581,8.96753,;266.821581,9.01761,;266.821581,9.06769,;266.821581,9.11779,;266.821581,9.16788,;266.821581,9.21796,;266.821581,9.26804,;266.821581,9.31811,;266.821581,9.36824,;266.821581,9.41832,;266.821581,9.46841,;266.821581,9.5185,;266.821581,9.56858,;266.821581,9.61868,;266.821581,9.66877,;266.821581,9.71886,;266.821581,9.76898,;266.821581,9.81906,;266.821581,9.86915,;266.821581,9.91928,;266.821581,9.96936,;266.821581,10.0195,;
567.856232,0.0500672,;567.856232,0.100182,;567.856232,0.150264,;540.716210,0.200353,;510.188881,0.250461,;510.188881,0.300551,;510.188881,0.350636,;510.188881,0.400743,;510.188881,0.450825,;459.762634,0.500908,;459.762634,0.551001,;396.711563,0.601077,;396.711563,0.651195,;396.711563,0.701275,;396.711563,0.7514,;368.328207,0.801516,;368.328207,0.851619,;368.328207,0.901735,;368.328207,0.95186,;368.328207,1.00197,;368.328207,1.0521,;350.124133,1.10222,;350.124133,1.1523,;344.554712,1.20242,;344.554712,1.25252,;344.554712,1.30263,;344.554712,1.35272,;344.554712,1.40283,;344.554712,1.45293,;313.894679,1.50304,;313.894679,1.55315,;313.894679,1.60325,;313.894679,1.65334,;313.894679,1.70342,;313.894679,1.7535,;301.483652,1.80359,;301.483652,1.85368,;293.245395,1.90379,;293.245395,1.95391,;293.245395,2.00402,;293.245395,2.05414,;293.245395,2.10418,;293.245395,2.15426,;293.245395,2.20434,;293.245395,2.25444,;293.245395,2.30453,;293.245395,2.35463,;293.245395,2.40472,;293.245395,2.45482,;293.245395,2.50492,;293.245395,2.55501,;293.245395,2.60509,;293.245395,2.65519,;293.245395,2.7053,;293.245395,2.75539,;293.245395,2.8055,;293.245395,2.85562,;285.416975,2.90573,;285.416975,2.95585,;285.416975,3.00594,;285.416975,3.05602,;285.416975,3.10611,;285.416975,3.15619,;285.416975,3.2063,;285.416975,3.25638,;285.416975,3.30651,;285.416975,3.3566,;285.416975,3.40671,;285.416975,3.4568,;285.416975,3.50691,;285.416975,3.557,;285.416975,3.60712,;285.416975,3.6572,;284.439543,3.70732,;284.439543,3.75742,;284.439543,3.80754,;284.439543,3.85766,;284.439543,3.90773,;284.439543,3.95785,;284.439543,4.00794,;273.037015,4.05806,;273.037015,4.10816,;273.037015,4.15828,;273.037015,4.20839,;273.037015,4.25849,;273.037015,4.30858,;273.037015,4.35867,;273.037015,4.40877,;273.037015,4.45887,;273.037015,4.509,;273.037015,4.55911,;273.037015,4.60921,;273.037015,4.6593,;273.037015,4.70938,;273.037015,4.75946,;273.037015,4.80955,;262.377255,4.85963,;262.377255,4.90971,;262.377255,4.9598,;262.377255,5.00989,;262.377255,5.05997,;262.377255,5.11007,;262.377255,5.16015,;262.377255,5.21027,;262.377255,5.26035,;262.377255,5.31047,;262.377255,5.36055,;262.377255,5.41067,;262.377255,5.46074,;262.377255,5.51082,;262.377255,5.56091,;262.377255,5.611,;262.377255,5.6611,;262.377255,5.71121,;262.377255,5.76131,;262.377255,5.8114,;262.377255,5.86149,;262.377255,5.91158,;262.377255,5.96167,;262.377255,6.01174,;261.708721,6.06184,;261.708721,6.11196,;261.708721,6.16205,;261.708721,6.21219,;261.708721,6.26227,;261.708721,6.31235,;261.708721,6.36246,;261.708721,6.41257,;261.708721,6.46265,;261.708721,6.51277,;261.708721,6.56286,;261.708721,6.61295,;261.708721,6.66304,;255.599553,6.71313,;255.599553,6.76321,;255.599553,6.81329,;255.599553,6.86342,;255.599553,6.91351,;255.599553,6.96363,;255.599553,7.01372,;255.599553,7.0638,;255.599553,7.11389,;255.599553,7.16399,;255.599553,7.21408,;255.599553,7.26414,;255.599553,7.31424,;255.599553,7.36432,;255.599553,7.41444,;255.599553,7.46454,;255.599553,7.51466,;255.599553,7.56474,;255.599553,7.61487,;255.599553,7.66495,;255.599553,7.71507,;255.599553,7.76516,;255.599553,7.81526,;255.599553,7.86537,;255.599553,7.91546,;255.599553,7.96555,;255.599553,8.01564,;255.599553,8.06578,;255.599553,8.11587,;255.599553,8.16594,;255.599553,8.21607,;255.599553,8.26616,;255.599553,8.31625,;255.599553,8.36638,;255.599553,8.41647,;255.599553,8.46655,;255.599553,8.51663,;255.599553,8.56676,;255.599553,8.61686,;255.599553,8.66693,;255.599553,8.717,;255.599553,8.76708,;250.845302,8.81717,;250.845302,8.86725,;250.845302,8.91733,;250.845302,8.96743,;250.845302,9.01756,;250.845302,9.06765,;250.845302,9.11775,;250.845302,9.16788,;250.845302,9.21797,;250.845302,9.2681,;250.845302,9.31823,;250.845302,9.36836,;250.845302,9.41844,;250.845302,9.46854,;250.845302,9.51863,;250.845302,9.56871,;250.845302,9.61879,;250.845302,9.6689,;250.845302,9.71898,;250.845302,9.76906,;250.845302,9.81921,;250.845302,9.86929,;250.845302,9.9194,;250.845302,9.96952,;
inf,0.0500994,;540.617807,0.100187,;540.617807,0.150307,;437.088542,0.200427,;437.088542,0.250522,;437.088542,0.300606,;400.882814,0.350743,;400.882814,0.400858,;400.882814,0.450926,;400.882814,0.501063,;400.882814,0.551155,;400.882814,0.601233,;387.523865,0.651309,;387.523865,0.701431,;387.523865,0.75154,;386.003305,0.801624,;375.236643,0.8517,;375.236643,0.901791,;375.236643,0.951904,;375.236643,1.00201,;348.082534,1.05209,;348.082534,1.10216,;314.965634,1.15228,;314.965634,1.20239,;305.941004,1.25249,;305.941004,1.30258,;297.257526,1.35266,;297.257526,1.40275,;291.993409,1.45283,;291.993409,1.50292,;291.993409,1.55302,;291.993409,1.60312,;291.993409,1.6532,;291.993409,1.70328,;291.993409,1.75337,;291.993409,1.80351,;291.993409,1.85362,;291.993409,1.90372,;291.993409,1.9538,;291.993409,2.00392,;291.993409,2.054,;291.993409,2.10413,;288.270567,2.15421,;288.270567,2.20432,;288.270567,2.2544,;288.270567,2.3045,;288.270567,2.35462,;288.270567,2.40469,;288.270567,2.45477,;288.270567,2.50489,;288.270567,2.55499,;288.270567,2.60507,;288.270567,2.65516,;288.270567,2.70523,;288.270567,2.75531,;288.270567,2.8054,;285.982546,2.85548,;285.982546,2.90557,;285.982546,2.95566,;285.982546,3.00576,;285.982546,3.05586,;285.510494,3.10595,;285.510494,3.15603,;285.510494,3.20613,;285.510494,3.25622,;285.510494,3.30632,;285.510494,3.35642,;285.510494,3.40651,;285.510494,3.45662,;285.510494,3.5067,;285.510494,3.55679,;285.510494,3.60691,;285.510494,3.65699,;285.510494,3.70709,;285.510494,3.75721,;285.510494,3.80732,;285.510494,3.8574,;285.510494,3.90751,;285.510494,3.95759,;285.510494,4.00767,;285.510494,4.05777,;285.510494,4.10789,;285.510494,4.15797,;285.510494,4.20806,;285.510494,4.25815,;285.510494,4.30823,;271.488120,4.3583,;271.488120,4.40839,;271.488120,4.45847,;271.488120,4.50861,;271.488120,4.55873,;271.488120,4.60885,;271.488120,4.65893,;271.488120,4.70904,;271.488120,4.75914,;271.488120,4.80923,;271.488120,4.85931,;271.488120,4.90941,;271.488120,4.95949,;271.488120,5.00957,;271.488120,5.05967,;271.488120,5.10976,;271.488120,5.15984,;271.488120,5.20992,;271.488120,5.26001,;271.488120,5.3101,;271.488120,5.36018,;271.488120,5.41027,;271.488120,5.46036,;271.488120,5.51044,;271.488120,5.56054,;271.488120,5.61064,;271.488120,5.66074,;271.488120,5.71084,;271.488120,5.76095,;271.488120,5.81107,;271.488120,5.86114,;271.488120,5.91126,;271.488120,5.96133,;269.114564,6.01145,;269.114564,6.06154,;269.114564,6.11163,;269.114564,6.16173,;269.114564,6.21181,;254.336045,6.26191,;254.336045,6.31199,;254.336045,6.36207,;254.336045,6.41216,;254.336045,6.46225,;254.336045,6.51234,;254.336045,6.56244,;254.336045,6.61256,;254.336045,6.66265,;254.336045,6.71274,;254.336045,6.76288,;254.336045,6.81299,;254.336045,6.86311,;254.336045,6.91318,;254.336045,6.96329,;254.336045,7.01335,;254.336045,7.06347,;254.336045,7.11356,;254.336045,7.16366,;254.336045,7.21373,;254.336045,7.26384,;254.336045,7.31393,;254.336045,7.36404,;254.336045,7.41412,;254.336045,7.46421,;254.336045,7.51429,;254.336045,7.56439,;254.336045,7.61447,;254.336045,7.66455,;254.336045,7.71467,;254.336045,7.76474,;254.336045,7.81486,;254.336045,7.86497,;254.336045,7.91508,;254.336045,7.96514,;254.336045,8.01523,;254.336045,8.06532,;254.336045,8.11544,;254.336045,8.16553,;254.336045,8.21561,;254.336045,8.26568,;254.336045,8.31576,;254.336045,8.36582,;254.336045,8.41591,;254.336045,8.46601,;254.336045,8.51613,;254.336045,8.56622,;254.336045,8.61634,;254.336045,8.66644,;254.336045,8.71655,;254.336045,8.76665,;254.336045,8.81676,;254.336045,8.86686,;254.336045,8.91696,;254.336045,8.96703,;254.336045,9.01712,;254.336045,9.06723,;254.336045,9.11733,;254.336045,9.16745,;254.336045,9.21755,;254.336045,9.26767,;254.336045,9.31775,;254.336045,9.36787,;254.336045,9.41796,;254.336045,9.46807,;254.336045,9.51817,;254.336045,9.56833,;254.336045,9.61842,;254.336045,9.66853,;254.336045,9.71864,;254.336045,9.76874,;254.336045,9.81883,;254.336045,9.86895,;254.336045,9.91904,;254.336045,9.96912,;254.336045,10.0192,;
inf,0.0500734,;461.480655,0.100167,;461.480655,0.150283,;461.480655,0.200391,;461.480655,0.2505,;461.480655,0.30061,;461.480655,0.35073,;420.713686,0.400838,;420.713686,0.450962,;420.713686,0.501042,;420.713686,0.551131,;420.713686,0.601251,;420.713686,0.65136,;420.713686,0.701465,;420.713686,0.751571,;420.713686,0.80167,;420.713686,0.851779,;319.876529,0.901898,;319.876529,0.95199,;319.876529,1.00211,;319.876529,1.05223,;319.876529,1.10234,;318.362309,1.15245,;318.362309,1.20256,;318.362309,1.25267,;318.362309,1.30278,;318.362309,1.35289,;318.362309,1.40297,;318.362309,1.45307,;318.362309,1.50314,;318.362309,1.55324,;318.362309,1.60333,;318.362309,1.65344,;318.362309,1.70353,;318.362309,1.75363,;318.362309,1.80372,;318.362309,1.85384,;318.362309,1.90394,;318.362309,1.95408,;316.147863,2.00418,;316.147863,2.05427,;316.147863,2.10438,;316.147863,2.1545,;316.147863,2.20462,;316.147863,2.25473,;316.147863,2.30483,;316.147863,2.35495,;316.147863,2.40506,;316.147863,2.45516,;316.147863,2.50527,;316.147863,2.55536,;316.147863,2.60548,;316.147863,2.6556,;316.147863,2.70567,;316.147863,2.75576,;316.147863,2.80586,;316.147863,2.85597,;316.147863,2.90608,;316.147863,2.95617,;316.147863,3.00624,;316.147863,3.05633,;316.147863,3.10644,;316.147863,3.15655,;316.147863,3.20665,;316.147863,3.25676,;316.147863,3.30687,;316.147863,3.35697,;316.147863,3.40704,;316.147863,3.45715,;316.147863,3.50722,;316.147863,3.55733,;275.813694,3.60741,;275.813694,3.65751,;275.813694,3.70762,;275.813694,3.7577,;275.813694,3.80781,;275.813694,3.85791,;275.813694,3.90802,;275.813694,3.95813,;275.813694,4.00821,;275.813694,4.05833,;275.813694,4.10843,;275.813694,4.15854,;275.813694,4.20864,;275.813694,4.25875,;275.813694,4.30885,;275.813694,4.35897,;275.813694,4.40907,;275.813694,4.45914,;275.813694,4.50922,;275.813694,4.55932,;275.813694,4.60944,;275.813694,4.65952,;267.450819,4.70961,;267.450819,4.75969,;267.450819,4.80977,;267.450819,4.85984,;267.450819,4.90995,;267.450819,4.96004,;267.450819,5.01015,;267.450819,5.06026,;267.450819,5.11037,;267.450819,5.16047,;267.450819,5.21056,;267.450819,5.26067,;267.450819,5.31077,;267.450819,5.36088,;267.450819,5.41099,;267.450819,5.46109,;267.450819,5.5112,;267.450819,5.56132,;267.450819,5.61142,;267.450819,5.66153,;267.450819,5.71163,;267.450819,5.76172,;267.450819,5.81182,;267.450819,5.86191,;267.450819,5.91201,;267.450819,5.96212,;267.450819,6.01224,;267.450819,6.06235,;267.450819,6.11244,;267.450819,6.16251,;267.450819,6.21262,;267.450819,6.26269,;267.450819,6.31279,;267.450819,6.36288,;267.450819,6.41298,;267.450819,6.46305,;267.450819,6.51312,;267.450819,6.56321,;267.450819,6.61333,;267.450819,6.66342,;267.450819,6.71353,;267.450819,6.7636,;267.450819,6.81372,;267.450819,6.8638,;267.450819,6.91388,;267.450819,6.96397,;267.450819,7.01407,;267.450819,7.06417,;267.450819,7.1143,;267.450819,7.16442,;267.450819,7.21454,;267.450819,7.26463,;267.450819,7.31474,;267.450819,7.36486,;267.450819,7.41492,;267.450819,7.46503,;267.450819,7.51511,;267.450819,7.56523,;267.450819,7.61532,;267.450819,7.66543,;267.450819,7.71553,;267.450819,7.76563,;267.450819,7.8157,;267.450819,7.86577,;263.312320,7.91587,;263.312320,7.96598,;263.312320,8.01607,;263.312320,8.06619,;263.312320,8.11627,;263.312320,8.16639,;263.312320,8.21646,;263.312320,8.26655,;263.312320,8.31663,;263.312320,8.36671,;263.312320,8.41683,;263.312320,8.46691,;263.312320,8.51699,;263.312320,8.56711,;263.312320,8.61719,;263.312320,8.66728,;263.312320,8.71736,;263.312320,8.76743,;263.312320,8.81745,;263.312320,8.86753,;259.878219,8.91763,;259.878219,8.9677,;259.878219,9.01779,;259.878219,9.06788,;259.878219,9.11797,;259.878219,9.16807,;259.878219,9.21816,;259.878219,9.26826,;259.878219,9.31839,;259.878219,9.36851,;259.878219,9.41861,;259.878219,9.4687,;259.878219,9.5188,;259.878219,9.56892,;256.099681,9.61899,;256.099681,9.66907,;256.099681,9.71914,;256.099681,9.76923,;256.099681,9.81931,;256.099681,9.86938,;256.099681,9.91947,;253.815775,9.96956,;253.815775,10.0196,;253.815775,10.0697,;
inf,0.0500955,;inf,0.100177,;inf,0.150285,;inf,0.200364,;inf,0.250453,;393.597255,0.300542,;393.597255,0.35062,;393.597255,0.400691,;393.597255,0.450774,;393.597255,0.500884,;393.597255,0.550984,;316.850613,0.601075,;316.850613,0.651179,;316.850613,0.701293,;316.850613,0.75139,;303.222500,0.801467,;303.222500,0.85156,;303.222500,0.901648,;303.222500,0.951744,;303.222500,1.00187,;303.222500,1.05198,;303.222500,1.10206,;303.222500,1.15215,;303.222500,1.20223,;303.222500,1.2523,;303.222500,1.30238,;303.222500,1.35247,;303.222500,1.40255,;303.222500,1.45262,;303.222500,1.50269,;303.222500,1.55277,;303.222500,1.60285,;303.222500,1.65293,;303.222500,1.70301,;303.222500,1.75312,;303.222500,1.8032,;303.222500,1.85332,;264.796331,1.9034,;264.796331,1.95349,;264.796331,2.00358,;264.796331,2.05369,;264.796331,2.10376,;264.796331,2.15383,;264.796331,2.2039,;264.796331,2.25397,;264.796331,2.30405,;264.796331,2.35415,;264.796331,2.40423,;264.796331,2.45434,;264.796331,2.50442,;264.796331,2.55455,;264.796331,2.60467,;264.796331,2.65475,;264.796331,2.70488,;264.796331,2.75497,;264.796331,2.80507,;264.796331,2.85518,;264.796331,2.90529,;264.796331,2.95538,;264.796331,3.00551,;264.796331,3.0556,;264.796331,3.10573,;264.796331,3.15584,;264.796331,3.20593,;264.796331,3.25604,;264.796331,3.30615,;264.796331,3.35625,;264.796331,3.40632,;264.796331,3.45645,;264.796331,3.50652,;264.796331,3.55663,;264.796331,3.60671,;264.796331,3.65684,;264.796331,3.70694,;264.796331,3.75706,;264.796331,3.80715,;264.796331,3.85727,;264.796331,3.90736,;264.796331,3.95749,;264.796331,4.0076,;264.796331,4.0577,;264.796331,4.10779,;264.796331,4.15788,;264.796331,4.20798,;264.796331,4.2581,;264.796331,4.30821,;264.796331,4.35828,;264.796331,4.40837,;264.796331,4.45848,;264.796331,4.5086,;264.796331,4.5587,;264.796331,4.60881,;264.796331,4.6589,;264.796331,4.70902,;264.796331,4.75913,;264.796331,4.80924,;264.796331,4.85934,;264.796331,4.90943,;264.796331,4.95953,;264.796331,5.00966,;264.796331,5.05978,;264.796331,5.10987,;264.796331,5.15996,;264.796331,5.21004,;264.796331,5.26016,;264.796331,5.31023,;264.796331,5.36034,;264.796331,5.41043,;264.796331,5.46054,;263.169546,5.51063,;263.169546,5.56075,;263.169546,5.61084,;263.169546,5.66095,;263.169546,5.71107,;263.169546,5.76118,;263.169546,5.81126,;263.169546,5.86138,;263.169546,5.91147,;263.169546,5.96159,;263.169546,6.01169,;263.169546,6.06177,;263.169546,6.11188,;263.169546,6.16201,;263.169546,6.2121,;263.169546,6.26218,;263.169546,6.31227,;263.169546,6.36235,;263.169546,6.41245,;263.169546,6.46254,;263.169546,6.51263,;263.169546,6.56272,;263.169546,6.61284,;263.169546,6.66291,;263.169546,6.713,;263.169546,6.76309,;263.169546,6.81318,;263.169546,6.86326,;263.169546,6.91334,;263.169546,6.96343,;263.169546,7.01351,;263.169546,7.0636,;263.169546,7.11371,;263.169546,7.16379,;263.169546,7.21388,;263.169546,7.26403,;263.169546,7.31414,;263.169546,7.36421,;263.169546,7.4143,;263.169546,7.4644,;263.169546,7.51449,;263.169546,7.56459,;263.169546,7.61468,;263.169546,7.66479,;263.169546,7.71487,;263.169546,7.76495,;263.169546,7.81505,;263.169546,7.86514,;263.169546,7.91522,;263.169546,7.96534,;263.169546,8.01542,;263.169546,8.06552,;263.169546,8.11561,;263.169546,8.16573,;263.169546,8.21585,;263.169546,8.26595,;263.169546,8.31602,;263.169546,8.36614,;263.169546,8.41625,;263.169546,8.46632,;263.169546,8.51644,;263.169546,8.56651,;263.169546,8.61664,;263.169546,8.66674,;263.169546,8.71689,;263.169546,8.76698,;263.169546,8.81705,;263.169546,8.86714,;263.169546,8.91723,;263.169546,8.96733,;263.169546,9.01746,;263.169546,9.06754,;263.169546,9.11763,;263.169546,9.16773,;263.169546,9.21784,;263.169546,9.26795,;263.169546,9.31806,;263.169546,9.36817,;263.169546,9.41825,;263.169546,9.46835,;263.169546,9.51843,;263.169546,9.56851,;263.169546,9.61859,;263.169546,9.66868,;263.169546,9.71878,;263.169546,9.76888,;263.169546,9.81897,;263.169546,9.86907,;263.169546,9.91916,;263.169546,9.96924,;263.169546,10.0193,;
386.812178,0.0500932,;386.812178,0.1002,;386.812178,0.150279,;386.812178,0.200376,;386.812178,0.250462,;386.812178,0.300562,;386.812178,0.350649,;378.727960,0.400739,;378.727960,0.45087,;378.727960,0.500958,;378.727960,0.551063,;378.727960,0.601164,;291.380982,0.651261,;291.380982,0.701355,;291.380982,0.751432,;291.380982,0.801509,;291.380982,0.851585,;291.380982,0.901711,;291.380982,0.951786,;291.380982,1.00186,;291.380982,1.05193,;282.786277,1.10201,;282.786277,1.1521,;282.786277,1.20218,;282.786277,1.25226,;282.786277,1.30239,;282.786277,1.35247,;282.786277,1.40256,;282.786277,1.45265,;282.786277,1.50276,;282.786277,1.55286,;274.844293,1.60295,;274.844293,1.65306,;274.844293,1.70315,;274.844293,1.75326,;274.844293,1.80334,;274.844293,1.85344,;274.844293,1.90353,;274.844293,1.95364,;274.844293,2.00373,;274.844293,2.05384,;274.844293,2.10393,;274.844293,2.15403,;274.844293,2.20413,;274.844293,2.25423,;274.844293,2.30433,;274.844293,2.35445,;274.844293,2.40455,;274.844293,2.45464,;274.844293,2.50473,;274.844293,2.55482,;274.844293,2.6049,;274.844293,2.65502,;274.844293,2.7051,;274.844293,2.75518,;274.844293,2.80527,;274.844293,2.85537,;274.844293,2.90546,;274.844293,2.95555,;274.844293,3.00566,;274.844293,3.05575,;274.844293,3.10583,;274.844293,3.15592,;274.844293,3.20601,;274.844293,3.2561,;274.844293,3.3062,;274.844293,3.35629,;274.844293,3.40638,;274.844293,3.45648,;274.844293,3.50657,;274.844293,3.55669,;274.844293,3.60683,;274.798542,3.65691,;274.798542,3.707,;274.798542,3.7571,;274.798542,3.80722,;274.798542,3.85734,;274.798542,3.90747,;274.798542,3.95759,;274.798542,4.00768,;274.798542,4.05776,;274.798542,4.10785,;274.798542,4.15795,;274.798542,4.20806,;274.798542,4.25817,;274.798542,4.30826,;274.798542,4.35838,;274.798542,4.40847,;274.798542,4.45859,;274.798542,4.50869,;274.798542,4.55877,;274.798542,4.60886,;274.798542,4.65895,;274.798542,4.70904,;274.633966,4.75915,;274.633966,4.80922,;274.633966,4.85931,;274.633966,4.90939,;274.633966,4.95948,;274.633966,5.00956,;274.633966,5.05965,;274.633966,5.10979,;274.633966,5.15987,;274.633966,5.20996,;274.633966,5.26004,;274.633966,5.31015,;274.633966,5.36023,;274.633966,5.41032,;274.633966,5.46041,;274.633966,5.51051,;274.633966,5.56061,;274.633966,5.61069,;274.633966,5.66079,;274.633966,5.71089,;274.633966,5.76097,;274.633966,5.81105,;274.633966,5.86114,;274.633966,5.91124,;274.633966,5.96133,;274.633966,6.01143,;274.633966,6.06153,;274.633966,6.11162,;274.633966,6.16172,;274.633966,6.21178,;274.633966,6.26187,;274.633966,6.31196,;274.633966,6.36205,;274.633966,6.41213,;274.633966,6.46221,;274.633966,6.5123,;274.633966,6.5624,;274.633966,6.61249,;274.633966,6.66259,;274.633966,6.71269,;274.633966,6.76281,;274.633966,6.8129,;274.633966,6.86303,;274.633966,6.91313,;274.633966,6.96322,;274.633966,7.01331,;274.633966,7.06343,;274.633966,7.11352,;274.633966,7.16361,;274.633966,7.21369,;274.633966,7.26377,;274.633966,7.31386,;274.633966,7.36396,;274.633966,7.41404,;274.633966,7.46414,;266.280873,7.51425,;266.280873,7.56433,;266.280873,7.61442,;266.280873,7.66451,;266.280873,7.71459,;266.280873,7.76468,;266.280873,7.81479,;266.280873,7.86487,;266.280873,7.91496,;266.280873,7.96505,;266.280873,8.01514,;266.280873,8.06526,;266.280873,8.11534,;266.280873,8.16544,;266.280873,8.21554,;266.280873,8.26564,;266.280873,8.31571,;266.280873,8.3658,;266.280873,8.41589,;266.280873,8.46602,;266.280873,8.51611,;266.280873,8.5662,;266.280873,8.6163,;266.280873,8.66638,;266.280873,8.71648,;266.280873,8.76657,;266.280873,8.81666,;266.280873,8.86673,;266.280873,8.91682,;266.280873,8.96692,;266.280873,9.01702,;266.280873,9.0671,;266.280873,9.11717,;266.280873,9.16727,;266.280873,9.21738,;266.280873,9.26747,;266.280873,9.31759,;266.280873,9.36764,;266.280873,9.41773,;266.280873,9.46782,;266.280873,9.51794,;266.280873,9.56803,;266.280873,9.61813,;266.280873,9.66823,;258.106915,9.71837,;258.106915,9.76849,;258.106915,9.81859,;258.106915,9.86869,;258.106915,9.91879,;258.106915,9.96888,;258.106915,10.019,;258.106915,10.0691,;
inf,0.050069,;inf,0.100163,;inf,0.150284,;inf,0.200377,;inf,0.250457,;inf,0.300579,;393.911717,0.350693,;393.911717,0.400782,;393.911717,0.450871,;341.343853,0.500969,;340.934496,0.551052,;340.934496,0.601136,;340.934496,0.651216,;340.934496,0.701372,;340.934496,0.751452,;340.934496,0.801568,;340.934496,0.851616,;340.934496,0.901695,;340.934496,0.951774,;340.934496,1.00185,;323.819984,1.05194,;323.819984,1.10203,;323.819984,1.15211,;323.819984,1.20222,;323.819984,1.2523,;323.819984,1.3024,;323.819984,1.3525,;323.819984,1.40261,;308.101900,1.45273,;308.101900,1.50281,;308.101900,1.55294,;308.101900,1.60305,;308.101900,1.65311,;308.101900,1.70323,;308.101900,1.75335,;308.101900,1.80348,;291.338765,1.8536,;291.338765,1.90367,;291.338765,1.95379,;291.338765,2.00387,;291.338765,2.05398,;291.338765,2.10408,;291.338765,2.1542,;291.338765,2.20429,;291.338765,2.25441,;291.338765,2.3045,;291.338765,2.35462,;291.338765,2.40471,;291.338765,2.45483,;291.338765,2.50494,;291.338765,2.55503,;291.338765,2.60515,;291.338765,2.65527,;282.393131,2.70539,;281.040668,2.75551,;281.040668,2.80563,;281.040668,2.85571,;281.040668,2.90584,;281.040668,2.95595,;281.040668,3.00606,;281.040668,3.05616,;281.040668,3.10628,;281.040668,3.15637,;281.040668,3.20646,;281.040668,3.25658,;281.040668,3.3067,;281.040668,3.35683,;281.040668,3.40694,;281.040668,3.45705,;281.040668,3.50713,;277.589327,3.55725,;277.589327,3.60737,;277.589327,3.6575,;277.589327,3.70762,;277.589327,3.75776,;277.589327,3.8079,;277.589327,3.85802,;277.589327,3.9081,;277.589327,3.95822,;277.589327,4.00832,;277.589327,4.05844,;277.589327,4.10853,;277.589327,4.15865,;277.589327,4.20879,;277.589327,4.2589,;277.589327,4.30902,;277.589327,4.35914,;277.589327,4.40923,;277.589327,4.45933,;277.589327,4.50945,;277.589327,4.55957,;277.589327,4.60966,;277.589327,4.65975,;277.589327,4.70987,;277.589327,4.75999,;277.589327,4.81012,;277.589327,4.86024,;277.589327,4.91035,;277.589327,4.96047,;277.589327,5.01059,;277.589327,5.0607,;277.589327,5.11082,;277.589327,5.16093,;277.589327,5.21104,;275.249261,5.26116,;275.249261,5.31127,;275.249261,5.36139,;275.249261,5.41152,;275.249261,5.46165,;275.249261,5.51173,;275.249261,5.56185,;275.249261,5.61194,;275.249261,5.66206,;275.249261,5.71215,;275.249261,5.76224,;275.249261,5.81233,;275.249261,5.86242,;275.249261,5.91251,;275.249261,5.9626,;275.249261,6.0127,;275.249261,6.06277,;271.582866,6.11286,;271.582866,6.16297,;271.582866,6.21307,;271.582866,6.26317,;271.582866,6.31328,;271.582866,6.36341,;271.582866,6.41353,;271.582866,6.46363,;271.582866,6.51371,;271.582866,6.56378,;271.582866,6.61389,;271.582866,6.66396,;271.582866,6.71409,;271.582866,6.76417,;271.582866,6.81428,;271.582866,6.86437,;271.582866,6.91446,;271.582866,6.96454,;271.582866,7.01467,;271.582866,7.06479,;271.582866,7.11489,;271.582866,7.16498,;271.582866,7.21506,;268.392816,7.26518,;266.437456,7.31527,;266.437456,7.36539,;266.437456,7.41547,;266.437456,7.46558,;266.437456,7.51564,;266.437456,7.56571,;266.437456,7.61579,;266.437456,7.66587,;266.437456,7.71595,;266.437456,7.76603,;266.437456,7.81612,;266.437456,7.86623,;266.437456,7.91631,;266.437456,7.9664,;266.437456,8.01649,;266.437456,8.06657,;266.437456,8.11666,;266.437456,8.16674,;266.437456,8.21685,;266.437456,8.26694,;266.437456,8.31703,;266.437456,8.36712,;266.437456,8.41723,;266.437456,8.46733,;266.437456,8.51744,;266.437456,8.56755,;266.437456,8.61764,;266.437456,8.66773,;266.437456,8.71785,;266.437456,8.76792,;264.395960,8.81804,;264.395960,8.86813,;264.395960,8.9182,;264.395960,8.96827,;264.395960,9.01838,;264.395960,9.06846,;264.395960,9.11858,;264.395960,9.16865,;264.395960,9.21876,;264.395960,9.26887,;264.395960,9.31899,;264.395960,9.3691,;264.395960,9.41921,;264.395960,9.46931,;264.395960,9.51942,;264.395960,9.56953,;264.395960,9.6196,;264.395960,9.66971,;264.395960,9.71978,;264.395960,9.76989,;264.395960,9.81998,;264.395960,9.8701,;264.395960,9.92019,;264.395960,9.97033,;264.395960,10.0204,;
471.740351,0.0500693,;471.740351,0.100189,;469.196973,0.15028,;469.196973,0.200402,;342.816234,0.250501,;342.816234,0.300585,;338.697599,0.350679,;338.697599,0.400768,;338.697599,0.450892,;333.083209,0.500978,;333.083209,0.551074,;333.083209,0.601156,;333.083209,0.651232,;333.083209,0.701364,;333.083209,0.751438,;333.083209,0.801516,;333.083209,0.851598,;333.083209,0.901682,;333.083209,0.951759,;333.083209,1.00184,;333.083209,1.05191,;333.083209,1.10201,;333.083209,1.1521,;333.083209,1.20219,;333.083209,1.25228,;326.139406,1.30237,;326.139406,1.35246,;326.139406,1.40253,;326.139406,1.45261,;302.739815,1.5027,;302.739815,1.55279,;302.739815,1.60287,;302.739815,1.65296,;302.739815,1.70305,;302.739815,1.75314,;302.739815,1.80322,;302.739815,1.85331,;302.739815,1.9034,;302.739815,1.95348,;302.739815,2.00357,;302.739815,2.05365,;302.739815,2.10374,;302.739815,2.15382,;302.739815,2.20391,;302.739815,2.25399,;272.695015,2.30408,;272.695015,2.35417,;272.695015,2.40425,;272.695015,2.45434,;272.695015,2.50442,;272.695015,2.55451,;272.695015,2.60463,;272.695015,2.65476,;272.695015,2.70486,;272.695015,2.75498,;272.695015,2.80506,;272.695015,2.85518,;272.695015,2.90527,;272.695015,2.95536,;272.695015,3.00541,;272.695015,3.0555,;272.695015,3.10558,;272.695015,3.15567,;272.695015,3.20571,;272.695015,3.2558,;272.695015,3.30589,;272.695015,3.35597,;272.695015,3.40606,;272.695015,3.45614,;272.695015,3.50621,;272.695015,3.5563,;272.695015,3.60637,;272.695015,3.65646,;272.695015,3.70654,;272.695015,3.75662,;272.695015,3.8067,;272.695015,3.85679,;272.695015,3.90687,;272.695015,3.95696,;272.695015,4.00703,;272.695015,4.05712,;272.695015,4.1072,;272.695015,4.15729,;272.695015,4.20738,;272.695015,4.25747,;272.695015,4.30755,;272.695015,4.35765,;272.695015,4.40773,;272.695015,4.45782,;272.695015,4.50791,;272.695015,4.558,;272.695015,4.60809,;272.695015,4.65818,;272.695015,4.70827,;272.695015,4.75836,;272.695015,4.80844,;272.695015,4.85853,;272.695015,4.90862,;272.695015,4.9587,;272.695015,5.00878,;272.695015,5.05886,;272.695015,5.10894,;272.695015,5.15903,;272.695015,5.20911,;272.695015,5.2592,;272.695015,5.30928,;272.695015,5.35937,;272.695015,5.40945,;272.695015,5.45953,;272.695015,5.50961,;272.695015,5.55969,;272.695015,5.60977,;272.695015,5.65985,;272.695015,5.70993,;272.695015,5.76002,;272.695015,5.8101,;272.695015,5.86019,;272.695015,5.91028,;272.695015,5.96036,;272.695015,6.01044,;272.695015,6.06053,;272.695015,6.1106,;272.695015,6.16069,;272.695015,6.21077,;272.695015,6.26086,;272.695015,6.31094,;272.695015,6.36103,;272.695015,6.41112,;272.695015,6.46121,;272.695015,6.5113,;272.695015,6.56139,;272.695015,6.61148,;272.695015,6.66158,;272.695015,6.71167,;272.695015,6.76177,;272.695015,6.81185,;272.695015,6.86194,;272.695015,6.91203,;272.695015,6.96211,;272.695015,7.0122,;272.695015,7.06229,;272.695015,7.11238,;263.092794,7.16246,;263.092794,7.21255,;263.092794,7.26264,;263.092794,7.31272,;263.092794,7.3628,;263.092794,7.41289,;263.092794,7.46297,;263.092794,7.51307,;263.092794,7.56318,;261.273654,7.61328,;261.273654,7.66337,;261.273654,7.71343,;261.273654,7.76353,;261.273654,7.81362,;261.273654,7.86371,;261.273654,7.9138,;261.273654,7.9639,;261.273654,8.01398,;261.273654,8.06408,;261.273654,8.11416,;261.273654,8.16425,;261.273654,8.21434,;261.273654,8.26443,;261.273654,8.31451,;261.273654,8.3646,;261.273654,8.41468,;261.273654,8.46477,;261.273654,8.51484,;261.273654,8.56492,;261.273654,8.615,;261.273654,8.66509,;250.527338,8.71517,;250.527338,8.76525,;250.527338,8.81534,;250.527338,8.86543,;250.527338,8.91551,;250.527338,8.96559,;250.527338,9.01567,;250.527338,9.06576,;250.527338,9.11585,;250.527338,9.16595,;250.527338,9.21604,;250.527338,9.26613,;250.527338,9.31622,;250.527338,9.36632,;250.527338,9.41642,;250.527338,9.46651,;250.527338,9.51661,;250.527338,9.56671,;250.527338,9.61681,;250.527338,9.6669,;250.527338,9.71699,;250.527338,9.76709,;250.527338,9.81718,;250.527338,9.86726,;250.527338,9.91736,;250.527338,9.96745,;250.527338,10.0175,;
391.237318,0.0500708,;391.237318,0.100173,;391.237318,0.150261,;391.237318,0.200384,;389.073564,0.250471,;389.073564,0.300592,;389.073564,0.350682,;389.073564,0.400768,;389.073564,0.450859,;389.073564,0.50094,;389.073564,0.55101,;389.073564,0.601139,;322.108162,0.651223,;322.108162,0.701361,;322.108162,0.751448,;322.108162,0.80153,;322.108162,0.851634,;322.108162,0.901716,;322.108162,0.951841,;322.108162,1.00193,;322.108162,1.05202,;322.108162,1.10211,;322.108162,1.15219,;322.108162,1.20233,;322.108162,1.2524,;322.108162,1.30248,;322.108162,1.35257,;313.126038,1.40266,;313.126038,1.45274,;313.126038,1.50285,;282.243654,1.55293,;282.243654,1.60301,;282.243654,1.65309,;282.243654,1.70321,;282.243654,1.7533,;282.243654,1.80338,;282.243654,1.85346,;282.243654,1.90357,;282.243654,1.95366,;282.243654,2.00375,;270.943058,2.05384,;270.943058,2.10392,;270.943058,2.15402,;270.943058,2.20414,;270.943058,2.25422,;270.943058,2.30431,;270.943058,2.3544,;270.943058,2.40451,;270.943058,2.45461,;270.943058,2.50471,;270.943058,2.55478,;270.943058,2.60487,;270.943058,2.65496,;270.943058,2.70508,;270.943058,2.75516,;270.943058,2.80528,;270.943058,2.85538,;270.943058,2.90545,;270.943058,2.95554,;270.943058,3.00561,;270.943058,3.05571,;270.943058,3.10579,;270.943058,3.15589,;270.943058,3.20596,;270.943058,3.25603,;270.943058,3.30611,;270.943058,3.35621,;270.943058,3.40631,;270.943058,3.45639,;270.943058,3.50647,;270.943058,3.55659,;270.943058,3.60667,;270.943058,3.6568,;270.943058,3.70687,;270.943058,3.75695,;270.943058,3.80703,;270.943058,3.85712,;270.943058,3.9072,;270.943058,3.95727,;269.293798,4.00733,;269.293798,4.05741,;269.293798,4.10752,;269.293798,4.15759,;269.293798,4.20768,;269.293798,4.25777,;269.293798,4.30786,;269.293798,4.35794,;269.293798,4.40803,;269.293798,4.45811,;269.293798,4.50819,;269.293798,4.55828,;257.985634,4.60836,;257.985634,4.65844,;257.985634,4.70852,;257.985634,4.7586,;257.985634,4.80869,;257.985634,4.85877,;257.985634,4.90884,;257.985634,4.95892,;257.985634,5.00901,;257.985634,5.05909,;257.985634,5.10917,;257.985634,5.15925,;257.985634,5.20931,;257.985634,5.25941,;249.559136,5.30949,;249.559136,5.35958,;249.559136,5.40965,;249.559136,5.45973,;249.559136,5.50982,;249.559136,5.55991,;249.559136,5.61001,;249.559136,5.66011,;249.559136,5.7102,;249.559136,5.76031,;249.559136,5.81041,;249.559136,5.8605,;249.559136,5.91059,;249.559136,5.96071,;249.559136,6.01082,;249.559136,6.06094,;249.559136,6.11103,;249.559136,6.16112,;249.559136,6.21124,;249.559136,6.2613,;249.559136,6.3114,;249.559136,6.36149,;249.559136,6.41161,;249.559136,6.46166,;249.559136,6.51175,;249.559136,6.56184,;249.559136,6.61195,;249.559136,6.66205,;249.559136,6.71215,;249.559136,6.76224,;249.559136,6.81233,;249.559136,6.86242,;249.559136,6.9125,;249.559136,6.96259,;249.559136,7.01268,;249.559136,7.06276,;249.559136,7.11289,;249.559136,7.16297,;249.559136,7.21311,;249.559136,7.26319,;249.559136,7.31328,;249.559136,7.36338,;249.559136,7.41346,;249.559136,7.46359,;249.559136,7.51369,;249.559136,7.56377,;249.559136,7.61386,;249.559136,7.66394,;249.559136,7.71402,;249.559136,7.7641,;249.559136,7.81418,;249.559136,7.86426,;249.559136,7.91435,;249.559136,7.96443,;249.559136,8.01452,;249.559136,8.0646,;249.559136,8.11467,;249.559136,8.16476,;249.559136,8.21484,;249.559136,8.26494,;249.559136,8.31506,;249.559136,8.36517,;249.559136,8.41526,;249.559136,8.46538,;249.559136,8.51547,;249.559136,8.56554,;249.559136,8.61561,;249.559136,8.66568,;249.559136,8.71575,;249.559136,8.76583,;249.559136,8.8159,;249.559136,8.86598,;249.559136,8.91606,;249.559136,8.96615,;249.559136,9.01625,;249.559136,9.06634,;249.559136,9.11642,;249.559136,9.16652,;249.559136,9.21666,;249.559136,9.26674,;249.559136,9.31683,;249.559136,9.36691,;249.559136,9.417,;249.559136,9.46709,;249.559136,9.51719,;249.559136,9.56728,;249.559136,9.61737,;249.559136,9.66746,;249.559136,9.71754,;249.559136,9.76764,;249.559136,9.81773,;249.559136,9.86782,;249.559136,9.91792,;249.559136,9.96801,;
575.957004,0.0500683,;575.957004,0.100161,;575.957004,0.150286,;575.957004,0.200408,;575.957004,0.250504,;575.957004,0.300607,;527.824707,0.350744,;527.824707,0.400839,;527.824707,0.450936,;506.078750,0.501044,;506.078750,0.551138,;506.078750,0.601267,;506.078750,0.651363,;506.078750,0.701451,;506.078750,0.751546,;434.723532,0.801678,;434.723532,0.851806,;434.723532,0.90188,;402.666993,0.951961,;402.666993,1.00206,;402.666993,1.05218,;402.666993,1.10227,;402.666993,1.15237,;402.666993,1.20247,;402.666993,1.25256,;402.666993,1.30265,;354.445537,1.35277,;354.445537,1.40286,;354.445537,1.45295,;354.445537,1.50305,;354.445537,1.55314,;354.445537,1.60326,;354.445537,1.65337,;303.043092,1.70346,;303.043092,1.75358,;303.043092,1.8037,;303.043092,1.85379,;303.043092,1.90387,;303.043092,1.95398,;303.043092,2.00409,;303.043092,2.05418,;303.043092,2.1043,;303.043092,2.15437,;303.043092,2.20446,;303.043092,2.25457,;303.043092,2.30468,;297.886495,2.35477,;297.886495,2.40489,;297.886495,2.45502,;297.886495,2.50513,;297.886495,2.55521,;297.886495,2.60529,;297.886495,2.6554,;297.886495,2.70549,;297.886495,2.75559,;297.886495,2.80568,;297.886495,2.85579,;282.530651,2.90587,;282.530651,2.95597,;282.530651,3.00607,;282.530651,3.05618,;282.530651,3.10627,;282.530651,3.15638,;282.530651,3.20647,;282.530651,3.25658,;282.530651,3.30669,;282.530651,3.3568,;282.530651,3.40688,;258.958233,3.45699,;258.958233,3.50711,;258.958233,3.55722,;258.958233,3.60733,;258.958233,3.65742,;258.958233,3.70755,;258.958233,3.75765,;258.958233,3.80773,;258.958233,3.85781,;258.958233,3.90789,;258.958233,3.958,;258.958233,4.00812,;258.958233,4.05822,;258.958233,4.10833,;258.958233,4.15841,;258.596411,4.20853,;258.596411,4.25862,;258.596411,4.30871,;250.485289,4.35879,;250.485289,4.40889,;250.485289,4.45899,;250.485289,4.5091,;250.485289,4.55922,;250.485289,4.60934,;250.485289,4.65942,;250.485289,4.70951,;250.485289,4.75963,;250.485289,4.80969,;250.485289,4.85982,;250.485289,4.90991,;250.485289,4.96003,;250.485289,5.01012,;250.485289,5.06023,;250.485289,5.11031,;250.485289,5.1604,;250.485289,5.21049,;250.485289,5.26057,;250.485289,5.31067,;250.485289,5.36078,;250.485289,5.41088,;250.485289,5.46099,;250.485289,5.5111,;250.485289,5.5612,;250.485289,5.61131,;250.485289,5.66142,;250.485289,5.71154,;250.485289,5.76166,;250.485289,5.81177,;250.485289,5.86197,;250.485289,5.91204,;250.485289,5.96211,;250.485289,6.01218,;250.485289,6.06225,;250.485289,6.11235,;250.485289,6.16244,;250.485289,6.21252,;250.485289,6.26261,;250.485289,6.31271,;250.485289,6.36281,;250.485289,6.4129,;250.485289,6.46299,;250.485289,6.51308,;250.485289,6.56316,;250.485289,6.61324,;250.485289,6.66333,;250.485289,6.71342,;250.485289,6.76354,;250.485289,6.81366,;250.485289,6.86376,;250.485289,6.91383,;250.485289,6.96393,;250.485289,7.01401,;250.485289,7.06412,;250.485289,7.1142,;250.485289,7.16431,;250.485289,7.21444,;250.485289,7.26454,;250.485289,7.31465,;250.485289,7.36476,;250.485289,7.41484,;250.485289,7.46495,;250.485289,7.51504,;250.485289,7.56512,;250.485289,7.61523,;250.485289,7.66532,;250.485289,7.71543,;250.485289,7.76552,;250.485289,7.81565,;250.485289,7.86574,;250.485289,7.91582,;250.485289,7.96591,;250.485289,8.01599,;250.485289,8.06607,;250.485289,8.11618,;250.485289,8.16626,;250.485289,8.21635,;250.485289,8.26645,;250.485289,8.31656,;250.485289,8.36663,;250.485289,8.4167,;250.079049,8.46678,;250.079049,8.51689,;250.079049,8.56697,;250.079049,8.61704,;250.079049,8.66716,;250.079049,8.71727,;250.079049,8.76735,;250.079049,8.81745,;250.079049,8.86758,;250.079049,8.91768,;250.079049,8.96777,;250.079049,9.01785,;250.079049,9.06792,;250.079049,9.11801,;250.079049,9.16812,;250.079049,9.21823,;250.079049,9.26834,;250.079049,9.31845,;250.079049,9.36853,;250.079049,9.41864,;250.079049,9.46875,;250.079049,9.51882,;250.079049,9.56889,;250.079049,9.61903,;250.079049,9.66914,;250.079049,9.71923,;250.079049,9.76934,;250.079049,9.81941,;250.079049,9.86952,;250.079049,9.91959,;250.079049,9.96968,;250.079049,10.0197,;
568.556529,0.0500979,;568.556529,0.100218,;568.556529,0.150301,;568.556529,0.200397,;459.282774,0.25049,;432.287685,0.300609,;432.287685,0.350703,;432.287685,0.400782,;424.624196,0.450865,;424.624196,0.500974,;424.624196,0.551045,;424.624196,0.601149,;341.585673,0.65124,;341.585673,0.701333,;333.950151,0.751414,;333.950151,0.801528,;325.456513,0.851637,;325.456513,0.901748,;325.456513,0.951835,;325.456513,1.00191,;325.456513,1.05199,;320.538937,1.10207,;320.538937,1.15218,;320.538937,1.20226,;320.538937,1.25237,;320.538937,1.30246,;320.538937,1.35254,;320.538937,1.40262,;320.538937,1.45269,;285.909465,1.50277,;285.909465,1.55288,;285.909465,1.60295,;285.909465,1.65307,;285.909465,1.70316,;285.909465,1.75325,;285.909465,1.80333,;285.909465,1.85342,;285.909465,1.90354,;285.909465,1.95361,;285.909465,2.00368,;285.909465,2.05376,;285.909465,2.10385,;285.909465,2.15392,;285.909465,2.204,;285.909465,2.25407,;285.909465,2.30417,;285.909465,2.35424,;285.909465,2.40434,;285.909465,2.45442,;285.909465,2.50453,;285.909465,2.55461,;285.909465,2.60472,;285.909465,2.65481,;285.909465,2.70492,;285.909465,2.75501,;285.909465,2.8051,;285.909465,2.85519,;285.909465,2.9053,;285.909465,2.95538,;285.909465,3.00549,;285.909465,3.0556,;285.909465,3.1057,;285.909465,3.15579,;285.909465,3.20591,;285.909465,3.25599,;285.909465,3.30607,;285.909465,3.35615,;285.909465,3.40626,;285.909465,3.45637,;285.909465,3.50646,;285.909465,3.55656,;285.909465,3.60667,;285.909465,3.65674,;285.909465,3.70682,;285.909465,3.75694,;285.909465,3.80704,;285.909465,3.85714,;285.909465,3.90721,;285.909465,3.95732,;285.909465,4.00742,;285.909465,4.05752,;285.909465,4.10764,;285.909465,4.15773,;285.909465,4.20784,;285.909465,4.25791,;285.909465,4.30802,;285.909465,4.35811,;285.909465,4.40821,;285.909465,4.45828,;285.909465,4.50839,;285.909465,4.55847,;285.909465,4.60858,;257.143475,4.65867,;257.143475,4.70877,;257.143475,4.75886,;257.143475,4.80898,;257.143475,4.85907,;257.143475,4.90914,;257.143475,4.95923,;257.143475,5.00934,;257.143475,5.05945,;257.143475,5.10956,;257.143475,5.15968,;257.143475,5.20978,;257.143475,5.25986,;257.143475,5.30996,;257.143475,5.36007,;257.143475,5.4101,;257.143475,5.46021,;257.143475,5.51031,;257.143475,5.56041,;257.143475,5.61052,;257.143475,5.66062,;257.143475,5.71074,;257.143475,5.76084,;257.143475,5.81092,;257.143475,5.86103,;257.143475,5.91109,;257.143475,5.96117,;257.143475,6.01128,;257.143475,6.06139,;257.143475,6.11149,;257.143475,6.1616,;257.143475,6.21171,;257.143475,6.26182,;257.143475,6.31194,;257.143475,6.36201,;257.143475,6.41212,;257.143475,6.46219,;257.143475,6.51233,;257.143475,6.56241,;257.143475,6.61253,;257.143475,6.6626,;257.143475,6.71271,;257.143475,6.76281,;257.143475,6.81292,;257.143475,6.863,;257.143475,6.91308,;257.143475,6.96315,;257.143475,7.01322,;257.143475,7.06332,;257.143475,7.11339,;257.143475,7.1635,;257.143475,7.21358,;257.143475,7.26366,;257.143475,7.31374,;257.143475,7.36386,;257.143475,7.41394,;257.143475,7.46405,;257.143475,7.51411,;257.143475,7.56421,;257.143475,7.61428,;257.143475,7.66436,;257.143475,7.71445,;257.143475,7.76456,;257.143475,7.81465,;257.143475,7.86476,;257.143475,7.91484,;257.143475,7.96495,;257.143475,8.01503,;257.143475,8.06513,;257.143475,8.11522,;257.143475,8.16533,;257.143475,8.21543,;257.143475,8.26554,;257.143475,8.31564,;257.143475,8.36576,;257.143475,8.41587,;257.143475,8.46598,;257.143475,8.51609,;257.143475,8.56616,;257.143475,8.61626,;257.143475,8.66634,;257.143475,8.71644,;257.143475,8.76653,;257.143475,8.81664,;257.143475,8.86673,;257.143475,8.91685,;257.143475,8.96696,;257.143475,9.01706,;257.143475,9.06717,;257.143475,9.11727,;257.143475,9.16738,;257.143475,9.21749,;257.143475,9.2676,;257.143475,9.31771,;257.143475,9.36781,;257.143475,9.41791,;257.143475,9.46802,;257.143475,9.51809,;257.143475,9.5682,;257.143475,9.61827,;257.143475,9.66849,;257.143475,9.71856,;257.143475,9.76863,;257.143475,9.81869,;257.143475,9.86878,;257.143475,9.91887,;257.143475,9.96896,;257.143475,10.019,;
555.344065,0.0500596,;555.344065,0.100131,;555.344065,0.150205,;555.344065,0.200285,;414.509423,0.250355,;414.509423,0.300426,;414.509423,0.350496,;414.509423,0.4006,;414.509423,0.450678,;414.509423,0.50079,;414.509423,0.550874,;361.967906,0.600989,;361.967906,0.651063,;361.967906,0.701135,;361.967906,0.751243,;361.967906,0.80133,;361.967906,0.851417,;361.967906,0.901495,;361.967906,0.951643,;361.967906,1.00172,;341.991988,1.05186,;341.240733,1.10195,;339.612082,1.15206,;339.612082,1.20214,;339.612082,1.25224,;308.976743,1.30232,;308.976743,1.35243,;292.437964,1.40252,;292.437964,1.45265,;292.437964,1.50274,;292.437964,1.55282,;292.437964,1.60293,;292.437964,1.65307,;292.437964,1.70315,;292.437964,1.75323,;292.437964,1.80331,;292.437964,1.85342,;292.437964,1.90351,;292.437964,1.95362,;292.437964,2.00372,;292.437964,2.05379,;292.437964,2.1039,;277.474479,2.15396,;270.217925,2.20407,;270.217925,2.25418,;270.217925,2.30429,;270.217925,2.35438,;270.217925,2.40449,;270.217925,2.45457,;270.217925,2.50466,;270.217925,2.55474,;270.217925,2.60482,;270.217925,2.6549,;270.217925,2.70499,;262.058288,2.75509,;262.058288,2.80519,;262.058288,2.85529,;262.058288,2.90541,;262.058288,2.95552,;262.058288,3.0056,;262.058288,3.05569,;262.058288,3.10581,;262.058288,3.15591,;262.058288,3.20595,;262.058288,3.25606,;262.058288,3.30613,;260.386493,3.3562,;260.386493,3.40628,;260.386493,3.45636,;260.386493,3.50645,;260.386493,3.55658,;260.386493,3.60666,;260.386493,3.65678,;260.386493,3.70688,;260.386493,3.75699,;258.982611,3.80707,;258.982611,3.85718,;258.982611,3.90726,;258.982611,3.95736,;258.982611,4.00744,;258.982611,4.05754,;258.982611,4.10763,;256.836710,4.15775,;255.429684,4.20786,;255.429684,4.25792,;255.429684,4.30803,;255.429684,4.35811,;255.429684,4.40823,;255.429684,4.45832,;255.429684,4.50844,;255.429684,4.55853,;255.429684,4.60866,;255.429684,4.65876,;255.429684,4.70884,;255.429684,4.75896,;255.429684,4.80908,;255.429684,4.85917,;255.429684,4.90926,;255.429684,4.95934,;255.429684,5.00942,;255.429684,5.05951,;255.429684,5.10961,;255.429684,5.15972,;255.429684,5.20982,;255.429684,5.2599,;255.429684,5.30996,;255.429684,5.36007,;255.429684,5.41014,;255.429684,5.46022,;255.429684,5.51031,;255.429684,5.56041,;255.429684,5.61051,;255.429684,5.66059,;255.429684,5.71068,;255.429684,5.7608,;255.429684,5.81089,;255.429684,5.861,;255.429684,5.91108,;255.429684,5.96119,;255.429684,6.0113,;255.429684,6.06141,;255.429684,6.11152,;255.429684,6.16163,;255.429684,6.21174,;255.429684,6.26183,;250.567349,6.31194,;250.567349,6.36201,;250.567349,6.41212,;250.567349,6.46223,;250.567349,6.5123,;250.567349,6.56239,;250.567349,6.61251,;250.567349,6.6626,;250.567349,6.71271,;250.567349,6.76286,;250.567349,6.81297,;250.567349,6.86305,;250.567349,6.91314,;250.567349,6.96325,;250.567349,7.01335,;250.567349,7.06343,;250.567349,7.11352,;250.567349,7.1636,;250.567349,7.21369,;250.567349,7.2638,;250.567349,7.3139,;250.567349,7.36399,;250.567349,7.41406,;250.567349,7.46414,;250.567349,7.51422,;250.567349,7.56432,;250.567349,7.61441,;250.567349,7.66452,;250.567349,7.7146,;250.567349,7.7647,;250.567349,7.81478,;250.567349,7.86487,;250.567349,7.91498,;250.567349,7.96509,;250.567349,8.01517,;250.567349,8.06528,;250.567349,8.11539,;250.567349,8.16547,;250.567349,8.21556,;250.567349,8.26565,;250.567349,8.31576,;250.567349,8.36583,;250.567349,8.41593,;250.567349,8.46603,;250.567349,8.5161,;250.567349,8.56618,;250.567349,8.61629,;250.567349,8.66637,;250.567349,8.71651,;250.567349,8.76662,;250.567349,8.8167,;250.567349,8.86679,;250.567349,8.91688,;250.567349,8.96701,;250.567349,9.01713,;250.567349,9.06723,;250.567349,9.11731,;250.567349,9.16741,;250.567349,9.21753,;250.567349,9.26761,;250.567349,9.31774,;250.567349,9.36785,;250.567349,9.41793,;250.567349,9.46804,;250.567349,9.51811,;250.567349,9.56825,;250.567349,9.61833,;250.567349,9.66845,;250.567349,9.71853,;250.567349,9.76861,;250.567349,9.8187,;250.567349,9.86879,;250.567349,9.91888,;250.567349,9.96898,;250.567349,10.0191,;250.567349,10.0692,;
444.365083,0.0500963,;444.365083,0.100235,;444.365083,0.150355,;444.365083,0.200448,;444.365083,0.250535,;444.365083,0.300622,;444.365083,0.35074,;444.365083,0.400848,;444.365083,0.450918,;385.101434,0.501017,;371.279722,0.551093,;371.279722,0.6012,;371.279722,0.651286,;371.279722,0.701367,;371.279722,0.75145,;371.279722,0.801527,;371.279722,0.851625,;371.279722,0.901709,;371.279722,0.951823,;371.279722,1.00192,;371.279722,1.05201,;371.279722,1.10212,;371.279722,1.15223,;371.279722,1.20234,;341.356234,1.25245,;341.356234,1.30256,;341.356234,1.35266,;341.356234,1.40277,;335.466873,1.45287,;335.466873,1.50295,;335.466873,1.55306,;302.938215,1.60315,;302.938215,1.65324,;302.938215,1.70336,;302.938215,1.75347,;302.938215,1.80359,;302.938215,1.85366,;302.938215,1.90374,;302.938215,1.95383,;302.938215,2.00394,;302.938215,2.05405,;302.938215,2.10414,;302.938215,2.15425,;302.938215,2.20436,;302.938215,2.25447,;302.938215,2.30458,;302.938215,2.35468,;302.938215,2.40475,;302.938215,2.45485,;302.938215,2.50494,;302.938215,2.55501,;302.938215,2.60511,;302.938215,2.65517,;302.938215,2.70526,;302.938215,2.75535,;276.636414,2.80543,;276.636414,2.85552,;276.636414,2.9056,;276.636414,2.95569,;276.636414,3.00581,;276.636414,3.05592,;276.636414,3.10603,;276.636414,3.15614,;276.636414,3.20626,;276.636414,3.25636,;276.636414,3.30648,;276.636414,3.35658,;276.636414,3.40666,;276.636414,3.45675,;276.636414,3.50683,;276.636414,3.55691,;276.636414,3.60698,;276.636414,3.65705,;276.636414,3.70713,;276.636414,3.75724,;276.636414,3.80732,;276.636414,3.85743,;276.636414,3.90751,;276.636414,3.95763,;276.636414,4.00771,;276.636414,4.05782,;276.636414,4.10789,;276.636414,4.158,;276.636414,4.20811,;276.636414,4.25819,;276.636414,4.30831,;276.636414,4.35842,;276.636414,4.40854,;276.636414,4.45861,;276.636414,4.50869,;276.636414,4.55878,;264.624188,4.60889,;264.624188,4.65896,;264.624188,4.70907,;264.624188,4.75915,;264.624188,4.80926,;264.624188,4.85935,;264.624188,4.90947,;264.624188,4.95956,;264.624188,5.00967,;264.624188,5.05982,;264.624188,5.10993,;264.624188,5.16002,;264.624188,5.21013,;264.624188,5.26021,;264.624188,5.31029,;264.624188,5.36037,;264.624188,5.41045,;264.624188,5.46055,;264.624188,5.51067,;264.624188,5.56078,;264.624188,5.61083,;264.624188,5.66094,;264.624188,5.71101,;264.624188,5.76111,;264.624188,5.81122,;264.624188,5.8613,;264.624188,5.91141,;264.624188,5.9615,;264.624188,6.01161,;264.624188,6.0617,;264.624188,6.1118,;253.189542,6.16188,;253.189542,6.21198,;253.189542,6.2621,;253.189542,6.31219,;253.189542,6.36228,;253.189542,6.41238,;253.189542,6.46246,;253.189542,6.51254,;253.189542,6.5627,;253.189542,6.61281,;253.189542,6.66287,;253.189542,6.71297,;253.189542,6.76305,;253.189542,6.81316,;253.189542,6.86323,;253.189542,6.91332,;253.189542,6.96341,;253.189542,7.01353,;253.189542,7.06361,;253.189542,7.11372,;253.189542,7.16379,;253.189542,7.21389,;253.189542,7.26396,;253.189542,7.31406,;253.189542,7.36414,;253.189542,7.41423,;253.189542,7.46434,;253.189542,7.51445,;253.189542,7.56454,;253.189542,7.61466,;253.189542,7.66477,;253.189542,7.71484,;253.189542,7.76492,;253.189542,7.81501,;253.189542,7.86512,;253.189542,7.9152,;253.189542,7.96532,;253.189542,8.01541,;253.189542,8.06552,;253.189542,8.1156,;253.189542,8.16569,;253.189542,8.21577,;253.189542,8.26586,;253.189542,8.31594,;253.189542,8.36603,;253.189542,8.41611,;253.189542,8.46623,;253.189542,8.51634,;253.189542,8.56645,;253.189542,8.61656,;253.189542,8.66664,;253.189542,8.71674,;253.189542,8.76683,;253.189542,8.81694,;253.189542,8.86701,;253.189542,8.91713,;253.189542,8.96722,;253.189542,9.01731,;253.189542,9.0674,;253.189542,9.11747,;253.189542,9.16756,;253.189542,9.21766,;253.189542,9.26774,;253.189542,9.31785,;253.189542,9.36792,;253.189542,9.418,;253.189542,9.46809,;253.189542,9.51816,;253.189542,9.56824,;253.189542,9.61832,;253.189542,9.6684,;253.189542,9.71849,;253.189542,9.76862,;253.189542,9.81873,;253.189542,9.86882,;253.189542,9.91887,;253.189542,9.96898,;253.189542,10.0191,;
587.659713,0.0501077,;587.659713,0.100224,;587.659713,0.150339,;432.498261,0.200443,;432.498261,0.250563,;432.498261,0.300684,;432.498261,0.350779,;432.498261,0.40086,;432.498261,0.450972,;357.546044,0.501097,;357.546044,0.551182,;357.546044,0.6013,;357.546044,0.651407,;357.546044,0.701496,;357.546044,0.751588,;357.546044,0.801679,;345.004473,0.851778,;345.004473,0.901866,;345.004473,0.95199,;345.004473,1.00211,;345.004473,1.05221,;344.561419,1.10233,;344.561419,1.15244,;315.934701,1.20256,;315.934701,1.25265,;315.934701,1.30276,;315.934701,1.35286,;315.934701,1.40294,;315.292240,1.45302,;315.292240,1.50314,;315.292240,1.55324,;315.292240,1.60335,;315.292240,1.65347,;315.292240,1.70356,;315.292240,1.75368,;315.292240,1.80376,;315.292240,1.85388,;315.292240,1.90398,;315.292240,1.9541,;315.292240,2.00418,;315.292240,2.0543,;315.292240,2.1044,;315.292240,2.15449,;315.292240,2.20458,;306.781768,2.25469,;306.781768,2.30477,;306.781768,2.35488,;306.781768,2.40499,;306.781768,2.45509,;306.781768,2.50521,;306.781768,2.55532,;306.781768,2.60539,;306.781768,2.65548,;306.781768,2.70557,;306.781768,2.75563,;306.781768,2.80572,;306.781768,2.8558,;306.781768,2.90592,;306.781768,2.95601,;306.781768,3.00612,;297.282275,3.0562,;297.282275,3.10632,;297.282275,3.15642,;297.282275,3.20652,;297.282275,3.2566,;297.282275,3.30671,;297.282275,3.35682,;297.282275,3.40693,;279.040123,3.45704,;279.040123,3.50715,;279.040123,3.55723,;279.040123,3.60734,;279.040123,3.65745,;279.040123,3.70755,;279.040123,3.75765,;279.040123,3.80772,;279.040123,3.85782,;279.040123,3.9079,;279.040123,3.95799,;279.040123,4.00808,;279.040123,4.05817,;279.040123,4.10827,;279.040123,4.15837,;279.040123,4.20847,;279.040123,4.25859,;279.040123,4.30869,;279.040123,4.35879,;279.040123,4.40888,;279.040123,4.45901,;279.040123,4.50913,;279.040123,4.55922,;279.040123,4.60934,;279.040123,4.65944,;279.040123,4.70955,;279.040123,4.75963,;279.040123,4.80975,;279.040123,4.85983,;279.040123,4.90994,;279.040123,4.96002,;279.040123,5.0101,;279.040123,5.06019,;279.040123,5.11028,;272.351573,5.16036,;272.351573,5.21049,;272.351573,5.26059,;272.351573,5.31069,;272.351573,5.36079,;272.351573,5.41091,;272.351573,5.46099,;272.351573,5.51109,;272.351573,5.56121,;272.351573,5.61131,;272.351573,5.66139,;272.351573,5.71147,;272.351573,5.76156,;272.351573,5.81164,;272.351573,5.86176,;272.351573,5.91184,;272.351573,5.96195,;272.351573,6.01204,;272.351573,6.06213,;272.351573,6.11222,;272.351573,6.16235,;272.351573,6.21245,;272.351573,6.26256,;272.351573,6.31264,;272.351573,6.36275,;272.351573,6.41285,;272.351573,6.46298,;272.351573,6.51309,;272.351573,6.56319,;272.351573,6.61329,;272.351573,6.66343,;272.351573,6.71355,;266.980920,6.76362,;266.980920,6.81373,;266.980920,6.86381,;266.980920,6.9139,;266.980920,6.96398,;266.980920,7.01407,;266.980920,7.06416,;266.980920,7.1143,;266.980920,7.1644,;266.980920,7.21449,;266.980920,7.26459,;266.980920,7.31468,;266.980920,7.36479,;266.980920,7.41491,;266.980920,7.46504,;266.980920,7.51516,;266.980920,7.56525,;266.980920,7.61534,;266.980920,7.66548,;266.980920,7.71553,;266.980920,7.76563,;266.980920,7.81574,;266.980920,7.86585,;257.652779,7.91594,;257.652779,7.96606,;257.652779,8.01615,;257.652779,8.06627,;257.652779,8.11635,;257.652779,8.16644,;257.652779,8.21654,;257.652779,8.26663,;257.652779,8.31672,;257.652779,8.36681,;257.652779,8.41691,;257.652779,8.46699,;257.652779,8.51712,;257.652779,8.56725,;257.652779,8.61737,;257.652779,8.66748,;257.652779,8.71757,;257.652779,8.76765,;257.652779,8.81773,;257.652779,8.86782,;257.652779,8.91791,;257.652779,8.96799,;257.652779,9.01808,;257.652779,9.06818,;257.652779,9.11827,;257.652779,9.16836,;257.652779,9.21848,;257.652779,9.26854,;257.652779,9.31862,;257.652779,9.36871,;257.652779,9.41879,;257.652779,9.46888,;257.652779,9.51895,;257.652779,9.56903,;257.652779,9.61912,;257.652779,9.66924,;257.652779,9.71933,;257.652779,9.76942,;257.652779,9.81951,;257.652779,9.86963,;257.652779,9.91971,;257.652779,9.96983,;257.652779,10.0199,;257.652779,10.07,;
492.173692,0.0500738,;492.173692,0.10018,;492.173692,0.150255,;492.173692,0.200345,;492.173692,0.250433,;492.173692,0.300528,;424.484328,0.350614,;424.484328,0.400723,;424.484328,0.450811,;424.484328,0.500905,;360.977212,0.55101,;360.977212,0.601102,;360.977212,0.6512,;360.977212,0.70128,;360.977212,0.751372,;360.977212,0.801465,;360.977212,0.851564,;360.977212,0.901667,;360.977212,0.951755,;360.977212,1.00184,;318.826664,1.05194,;318.826664,1.10203,;318.826664,1.15216,;318.826664,1.20227,;318.826664,1.25234,;318.826664,1.30244,;318.826664,1.35256,;318.826664,1.40265,;318.826664,1.45277,;318.826664,1.50286,;318.826664,1.55299,;318.826664,1.60308,;318.826664,1.65316,;318.826664,1.70327,;318.826664,1.75339,;318.826664,1.80347,;305.525141,1.85356,;305.525141,1.90366,;305.525141,1.95377,;305.525141,2.00384,;305.525141,2.05396,;305.525141,2.10404,;305.525141,2.15416,;305.525141,2.20428,;305.525141,2.2544,;305.525141,2.30453,;305.525141,2.35461,;293.848564,2.40472,;293.848564,2.45481,;293.848564,2.5049,;293.848564,2.555,;293.848564,2.60512,;293.848564,2.65522,;293.848564,2.70534,;293.848564,2.75541,;293.848564,2.80549,;293.848564,2.85557,;293.848564,2.9057,;293.848564,2.95578,;293.848564,3.0059,;293.848564,3.056,;293.848564,3.10611,;293.848564,3.15622,;293.848564,3.20633,;293.848564,3.25644,;293.848564,3.30647,;293.848564,3.35655,;293.848564,3.40663,;293.848564,3.45673,;293.848564,3.50682,;293.848564,3.5569,;293.848564,3.607,;293.848564,3.65709,;293.848564,3.70717,;293.848564,3.75729,;293.848564,3.80738,;293.848564,3.85748,;293.848564,3.90757,;293.848564,3.95768,;293.848564,4.00777,;293.848564,4.05787,;293.848564,4.10798,;293.848564,4.15809,;293.848564,4.20821,;293.848564,4.25832,;293.848564,4.30844,;293.848564,4.35847,;293.848564,4.40854,;293.848564,4.4586,;293.848564,4.50871,;293.848564,4.55878,;293.848564,4.60888,;293.848564,4.65896,;293.848564,4.70904,;293.848564,4.75914,;279.867128,4.80922,;279.867128,4.8593,;279.867128,4.9094,;279.867128,4.95949,;279.867128,5.00958,;279.867128,5.05967,;279.867128,5.10979,;279.867128,5.15989,;279.867128,5.20998,;279.867128,5.26007,;279.867128,5.31019,;279.867128,5.3603,;279.867128,5.41041,;279.867128,5.46049,;279.867128,5.51056,;279.867128,5.56067,;279.867128,5.61075,;279.867128,5.66086,;271.469829,5.71095,;271.469829,5.76106,;271.469829,5.81115,;271.469829,5.86127,;271.469829,5.91137,;271.469829,5.96147,;271.469829,6.01154,;271.469829,6.06164,;271.469829,6.11172,;271.469829,6.16183,;271.469829,6.21194,;271.469829,6.26205,;271.469829,6.31216,;271.469829,6.36226,;271.469829,6.41236,;271.469829,6.46243,;271.469829,6.51254,;271.469829,6.56261,;271.469829,6.61272,;271.469829,6.66279,;271.469829,6.7129,;271.469829,6.76297,;271.469829,6.81309,;271.469829,6.86318,;271.469829,6.9133,;271.469829,6.96341,;271.469829,7.01352,;271.469829,7.0636,;271.469829,7.11371,;271.469829,7.16381,;271.469829,7.21391,;271.469829,7.26401,;271.469829,7.31413,;271.469829,7.36424,;271.469829,7.41434,;271.469829,7.46444,;271.469829,7.51451,;271.469829,7.56458,;270.854752,7.61466,;270.854752,7.66474,;270.854752,7.71483,;270.854752,7.76494,;265.881037,7.81503,;265.881037,7.86514,;265.881037,7.91522,;265.881037,7.96533,;265.881037,8.01543,;265.881037,8.06553,;265.881037,8.11564,;265.881037,8.16571,;265.881037,8.21579,;265.485802,8.2659,;265.485802,8.31601,;265.485802,8.36608,;265.485802,8.41618,;265.485802,8.46628,;265.485802,8.51639,;265.485802,8.56648,;265.485802,8.61659,;265.485802,8.66666,;265.485802,8.71677,;265.485802,8.76684,;265.485802,8.81693,;265.485802,8.86702,;265.485802,8.91715,;265.485802,8.9673,;265.485802,9.01738,;265.485802,9.06748,;265.485802,9.11757,;265.485802,9.16767,;265.485802,9.21779,;265.485802,9.26791,;265.485802,9.31802,;265.485802,9.36812,;265.485802,9.41819,;265.485802,9.4683,;265.485802,9.51838,;265.485802,9.56847,;265.485802,9.61854,;265.485802,9.66865,;265.485802,9.71873,;265.485802,9.76884,;265.485802,9.81893,;265.485802,9.86903,;265.485802,9.91913,;265.485802,9.96922,;
inf,0.0500963,;573.361232,0.100206,;559.079490,0.150328,;532.158929,0.200417,;500.522221,0.250525,;500.522221,0.30064,;500.522221,0.350749,;495.991457,0.400856,;401.125621,0.450964,;401.125621,0.501072,;401.125621,0.551176,;401.125621,0.601255,;401.125621,0.651366,;392.353351,0.701472,;392.353351,0.751587,;392.353351,0.80171,;392.353351,0.851829,;354.901523,0.901899,;354.901523,0.952016,;354.196148,1.00209,;354.196148,1.05221,;354.196148,1.10232,;354.196148,1.15239,;334.193524,1.20249,;334.193524,1.2526,;334.193524,1.3027,;310.785476,1.35281,;310.785476,1.40291,;310.785476,1.45299,;310.785476,1.50311,;310.785476,1.5532,;310.785476,1.60332,;310.785476,1.65344,;310.785476,1.70356,;310.785476,1.75367,;310.785476,1.80375,;310.785476,1.85382,;310.785476,1.90391,;310.785476,1.95398,;310.785476,2.00405,;310.785476,2.05412,;310.785476,2.10427,;286.009965,2.15436,;286.009965,2.20445,;286.009965,2.25454,;286.009965,2.30466,;286.009965,2.35473,;286.009965,2.40481,;286.009965,2.4549,;286.009965,2.50501,;286.009965,2.55509,;286.009965,2.60521,;286.009965,2.65528,;286.009965,2.7054,;286.009965,2.7555,;286.009965,2.80564,;286.009965,2.85575,;286.009965,2.90582,;286.009965,2.9559,;286.009965,3.00598,;286.009965,3.05609,;286.009965,3.10618,;286.009965,3.15629,;286.009965,3.20638,;286.009965,3.25646,;279.312246,3.30655,;279.312246,3.35663,;279.312246,3.40674,;279.312246,3.45681,;273.139548,3.5069,;273.139548,3.55701,;273.139548,3.60709,;273.139548,3.65717,;273.139548,3.70724,;273.139548,3.75733,;273.139548,3.80744,;273.139548,3.85755,;273.139548,3.90763,;273.139548,3.95771,;273.139548,4.00782,;273.139548,4.0579,;273.139548,4.10801,;273.139548,4.15809,;273.139548,4.20821,;273.139548,4.25831,;273.139548,4.30842,;273.139548,4.35852,;273.139548,4.40863,;273.139548,4.45873,;273.139548,4.50884,;273.139548,4.55895,;273.139548,4.60906,;273.139548,4.65917,;273.139548,4.70928,;273.139548,4.7594,;273.139548,4.80948,;273.139548,4.85958,;273.139548,4.90962,;273.139548,4.95971,;273.139548,5.00979,;273.139548,5.05987,;273.139548,5.10995,;273.139548,5.16003,;273.139548,5.21012,;273.139548,5.26022,;273.139548,5.31031,;273.139548,5.36044,;273.139548,5.41053,;273.139548,5.46064,;273.139548,5.51072,;273.139548,5.56083,;273.139548,5.61091,;273.139548,5.66105,;273.139548,5.71113,;273.139548,5.76125,;273.139548,5.81132,;273.139548,5.8614,;273.139548,5.91148,;273.139548,5.96157,;273.139548,6.01168,;273.139548,6.06174,;273.139548,6.11185,;273.139548,6.16192,;273.139548,6.21203,;273.139548,6.2621,;273.139548,6.31215,;273.139548,6.36224,;273.139548,6.41232,;258.720197,6.4624,;258.720197,6.51248,;258.720197,6.56259,;258.720197,6.61268,;258.720197,6.66276,;258.720197,6.71287,;258.720197,6.76294,;258.720197,6.81305,;258.720197,6.86312,;258.720197,6.91321,;258.720197,6.96333,;258.720197,7.01342,;258.720197,7.0635,;258.720197,7.11358,;258.720197,7.16372,;258.720197,7.21379,;258.720197,7.26388,;258.720197,7.31396,;258.720197,7.36404,;258.720197,7.41408,;258.720197,7.46418,;258.720197,7.51427,;258.720197,7.56436,;258.720197,7.61445,;258.720197,7.66453,;258.720197,7.71465,;258.720197,7.76477,;258.720197,7.81484,;253.578336,7.86495,;253.578336,7.91504,;253.578336,7.96513,;253.578336,8.01522,;253.578336,8.06532,;253.578336,8.11541,;253.578336,8.16549,;253.578336,8.2156,;253.578336,8.26568,;253.578336,8.31575,;253.578336,8.36582,;253.578336,8.41593,;253.578336,8.46601,;253.578336,8.5161,;253.578336,8.56619,;253.578336,8.61627,;253.578336,8.66636,;253.578336,8.71646,;253.578336,8.76655,;253.578336,8.81665,;253.578336,8.86673,;253.578336,8.91683,;253.578336,8.96691,;253.578336,9.01703,;253.578336,9.06713,;253.578336,9.11724,;253.578336,9.16733,;253.578336,9.21743,;253.578336,9.26751,;253.578336,9.3176,;253.578336,9.36772,;253.578336,9.4178,;253.578336,9.46788,;253.578336,9.51797,;253.578336,9.56806,;253.578336,9.61815,;253.578336,9.66827,;253.578336,9.71838,;253.578336,9.76849,;253.578336,9.8186,;253.578336,9.86871,;253.578336,9.9188,;253.578336,9.96887,;
inf,0.0500659,;461.497054,0.100145,;461.497054,0.15023,;416.345257,0.200306,;416.345257,0.25039,;416.345257,0.300477,;416.345257,0.350564,;381.296207,0.400645,;381.296207,0.450718,;381.296207,0.50079,;381.296207,0.550864,;381.296207,0.600945,;381.296207,0.651023,;381.296207,0.701103,;381.296207,0.75118,;381.296207,0.801273,;381.296207,0.851355,;381.296207,0.901442,;381.296207,0.951524,;381.296207,1.00161,;381.296207,1.05173,;381.296207,1.10181,;381.296207,1.1519,;381.296207,1.20199,;381.296207,1.25207,;381.296207,1.30214,;381.296207,1.35222,;381.296207,1.4023,;381.296207,1.45238,;381.296207,1.50246,;381.296207,1.55253,;381.296207,1.60261,;381.296207,1.65269,;381.296207,1.70277,;381.296207,1.75286,;303.577107,1.80297,;303.577107,1.85306,;303.577107,1.90317,;303.577107,1.95324,;303.577107,2.00335,;303.577107,2.05341,;303.577107,2.10353,;303.577107,2.15362,;303.577107,2.20373,;288.449007,2.25381,;288.449007,2.30389,;288.449007,2.35394,;288.449007,2.40403,;288.449007,2.45414,;288.449007,2.50421,;288.449007,2.55431,;288.449007,2.60442,;288.449007,2.65453,;288.449007,2.70462,;288.449007,2.75473,;288.449007,2.8048,;288.449007,2.85492,;288.449007,2.905,;288.449007,2.95508,;288.449007,3.00517,;288.449007,3.05526,;288.449007,3.10535,;288.449007,3.15546,;288.449007,3.20555,;288.449007,3.25566,;288.449007,3.30575,;288.449007,3.35586,;288.449007,3.40593,;288.449007,3.45605,;288.449007,3.50615,;288.449007,3.55628,;288.449007,3.60635,;288.449007,3.65647,;288.449007,3.70655,;288.449007,3.75661,;288.449007,3.80669,;288.449007,3.8568,;288.449007,3.90689,;288.449007,3.95696,;288.449007,4.00704,;283.300803,4.05714,;283.300803,4.10722,;283.300803,4.1573,;283.300803,4.20738,;283.300803,4.25747,;275.389906,4.30754,;275.389906,4.35763,;275.389906,4.40771,;275.389906,4.45783,;275.389906,4.50791,;275.389906,4.55802,;275.389906,4.6081,;275.389906,4.65821,;275.389906,4.7083,;275.389906,4.75841,;275.389906,4.80852,;275.389906,4.85862,;275.389906,4.90869,;267.179039,4.95877,;267.179039,5.00885,;267.179039,5.05896,;267.179039,5.10905,;267.179039,5.15915,;267.179039,5.20923,;267.179039,5.25934,;267.179039,5.30943,;267.179039,5.35953,;267.179039,5.40961,;267.179039,5.45972,;267.179039,5.5098,;267.179039,5.55991,;267.179039,5.60998,;267.179039,5.6601,;267.179039,5.71021,;267.179039,5.76031,;267.179039,5.81042,;267.179039,5.86052,;267.179039,5.91063,;267.179039,5.9607,;267.179039,6.0108,;267.179039,6.06087,;267.179039,6.11098,;267.179039,6.16106,;267.179039,6.21116,;267.179039,6.26125,;267.179039,6.31136,;267.179039,6.36145,;267.179039,6.41156,;267.179039,6.46164,;259.788709,6.51175,;259.788709,6.56184,;259.788709,6.61195,;259.788709,6.66206,;259.788709,6.71218,;259.788709,6.76229,;259.788709,6.81237,;259.788709,6.86249,;259.788709,6.91258,;259.788709,6.96267,;259.788709,7.01274,;259.788709,7.06285,;259.788709,7.11294,;259.788709,7.16305,;259.788709,7.21313,;259.788709,7.26324,;259.788709,7.31334,;259.788709,7.36345,;259.788709,7.41354,;259.788709,7.46364,;259.788709,7.51375,;259.788709,7.56383,;259.788709,7.61395,;259.788709,7.66406,;259.788709,7.71416,;259.788709,7.76428,;259.788709,7.81439,;259.788709,7.8645,;259.788709,7.91461,;259.788709,7.96467,;259.788709,8.01478,;250.164474,8.06485,;250.164474,8.11496,;250.164474,8.16505,;250.164474,8.21516,;250.164474,8.26525,;250.164474,8.31536,;250.164474,8.36544,;250.164474,8.41555,;250.164474,8.46565,;250.164474,8.51576,;250.164474,8.56584,;250.164474,8.61595,;250.164474,8.66606,;250.164474,8.71616,;250.164474,8.76627,;250.164474,8.81638,;250.164474,8.8665,;250.164474,8.91661,;250.164474,8.96673,;250.164474,9.01681,;250.164474,9.06693,;250.164474,9.11702,;250.164474,9.16714,;250.164474,9.21723,;250.164474,9.26732,;250.164474,9.31741,;250.164474,9.36751,;250.164474,9.41762,;250.164474,9.46773,;250.164474,9.51783,;250.164474,9.56792,;250.164474,9.61801,;250.164474,9.66809,;250.164474,9.71817,;250.164474,9.76828,;250.164474,9.81838,;250.164474,9.86849,;250.164474,9.91859,;250.164474,9.96866,;
435.529054,0.0500927,;435.529054,0.100166,;435.529054,0.150246,;435.529054,0.200331,;419.398805,0.250453,;419.398805,0.300566,;419.398805,0.350683,;419.398805,0.400794,;419.398805,0.450894,;419.398805,0.500967,;419.398805,0.551059,;419.398805,0.601159,;419.398805,0.651238,;419.398805,0.701343,;365.068771,0.751433,;365.068771,0.801545,;365.068771,0.851655,;365.068771,0.901775,;365.068771,0.951863,;365.068771,1.00198,;365.068771,1.05209,;365.068771,1.10221,;365.068771,1.15231,;365.068771,1.20242,;365.068771,1.2525,;365.068771,1.30261,;365.068771,1.35272,;365.068771,1.40282,;365.068771,1.45293,;365.068771,1.50304,;365.068771,1.55314,;365.068771,1.60322,;365.068771,1.65334,;306.387870,1.70341,;305.368525,1.75354,;305.368525,1.80362,;305.368525,1.85374,;305.368525,1.90382,;305.368525,1.95393,;305.368525,2.00401,;305.368525,2.05411,;305.368525,2.10422,;305.368525,2.15432,;305.368525,2.2044,;305.368525,2.2545,;305.368525,2.30458,;305.368525,2.35469,;305.368525,2.40476,;305.368525,2.45487,;305.368525,2.50495,;285.882324,2.55505,;285.882324,2.60516,;285.882324,2.65528,;285.882324,2.70535,;285.882324,2.75543,;285.882324,2.80554,;285.882324,2.85565,;285.882324,2.90578,;285.882324,2.95586,;285.882324,3.00598,;285.882324,3.05606,;285.882324,3.10616,;285.882324,3.1562,;285.882324,3.20628,;285.882324,3.25636,;285.882324,3.30647,;285.882324,3.35658,;285.882324,3.4067,;285.882324,3.45681,;285.882324,3.50688,;285.882324,3.55696,;285.882324,3.60703,;285.882324,3.6571,;285.882324,3.70713,;285.882324,3.75725,;285.882324,3.80732,;285.882324,3.8574,;285.882324,3.90747,;285.882324,3.95755,;285.882324,4.00764,;285.882324,4.05774,;285.882324,4.10783,;285.882324,4.15794,;285.882324,4.20803,;285.361292,4.25815,;285.361292,4.30825,;285.361292,4.35835,;285.361292,4.40846,;285.361292,4.45856,;285.361292,4.50867,;285.361292,4.55876,;285.361292,4.60887,;285.361292,4.65896,;285.361292,4.70905,;285.361292,4.75914,;285.361292,4.80925,;285.361292,4.85932,;285.361292,4.90944,;285.361292,4.95951,;285.361292,5.00963,;285.361292,5.05974,;285.361292,5.10986,;285.361292,5.15995,;285.361292,5.21002,;285.361292,5.26013,;285.361292,5.31024,;285.361292,5.36034,;285.361292,5.41042,;285.361292,5.4605,;285.361292,5.51058,;285.361292,5.56066,;285.361292,5.61075,;285.361292,5.66083,;285.361292,5.71091,;285.361292,5.76099,;285.361292,5.8111,;285.361292,5.8612,;285.361292,5.91131,;285.361292,5.96141,;285.361292,6.01148,;285.361292,6.06158,;285.361292,6.11169,;285.361292,6.16179,;285.361292,6.2119,;285.361292,6.26202,;285.361292,6.31212,;285.361292,6.36223,;285.361292,6.4123,;266.736922,6.46238,;266.736922,6.51245,;266.736922,6.56253,;266.736922,6.61262,;266.736922,6.6627,;266.736922,6.71277,;266.736922,6.76286,;266.736922,6.81292,;266.736922,6.86299,;266.736922,6.91307,;266.736922,6.96314,;266.736922,7.01325,;266.736922,7.06333,;266.736922,7.11344,;266.736922,7.16353,;266.736922,7.21364,;266.736922,7.26376,;266.736922,7.31387,;266.736922,7.36397,;266.736922,7.41407,;266.736922,7.46415,;266.736922,7.51426,;266.736922,7.56436,;266.736922,7.61444,;266.736922,7.66455,;266.736922,7.71465,;266.736922,7.76476,;266.736922,7.81488,;266.736922,7.86498,;266.736922,7.91509,;266.736922,7.9652,;266.736922,8.01527,;266.736922,8.06539,;266.736922,8.11547,;266.736922,8.16557,;266.736922,8.21566,;266.736922,8.26578,;266.736922,8.31588,;266.736922,8.36599,;266.736922,8.41606,;266.736922,8.46616,;266.736922,8.51626,;266.195237,8.56637,;266.195237,8.61649,;266.195237,8.6666,;266.195237,8.71672,;266.195237,8.76683,;266.195237,8.81693,;266.195237,8.86703,;266.195237,8.91714,;266.195237,8.96724,;266.195237,9.01736,;266.195237,9.06745,;266.195237,9.11757,;266.195237,9.16765,;266.195237,9.21776,;266.195237,9.26785,;266.195237,9.31796,;266.195237,9.36807,;266.195237,9.41817,;266.195237,9.46826,;266.195237,9.51834,;266.195237,9.56844,;266.195237,9.61857,;266.195237,9.66868,;266.195237,9.71875,;266.195237,9.76883,;266.195237,9.81893,;266.195237,9.869,;266.195237,9.91907,;266.195237,9.96915,;266.195237,10.0192,;266.195237,10.0693,;
577.804944,0.0500925,;541.279495,0.100177,;529.876798,0.150261,;529.876798,0.20035,;502.217460,0.250469,;491.902176,0.300551,;491.902176,0.35058,;491.902176,0.400682,;491.902176,0.45075,;398.794423,0.500856,;398.794423,0.550947,;398.794423,0.601021,;398.794423,0.651103,;398.794423,0.701217,;337.070414,0.751319,;337.070414,0.801424,;337.070414,0.851532,;337.070414,0.901637,;337.070414,0.951717,;337.070414,1.00184,;337.070414,1.05192,;337.070414,1.10203,;337.070414,1.15214,;337.070414,1.20225,;321.569431,1.25235,;321.569431,1.30246,;321.569431,1.35257,;282.523600,1.40264,;282.523600,1.45275,;282.523600,1.50282,;279.856030,1.55293,;279.856030,1.60302,;279.856030,1.65314,;279.856030,1.70323,;279.856030,1.75334,;279.856030,1.80342,;279.856030,1.85352,;279.856030,1.90363,;279.856030,1.9537,;279.856030,2.00379,;262.214671,2.05389,;262.214671,2.104,;262.214671,2.15407,;262.214671,2.20416,;262.214671,2.25425,;262.214671,2.30435,;262.214671,2.35446,;262.214671,2.40456,;262.214671,2.45463,;262.214671,2.50474,;261.930897,2.55481,;261.930897,2.60494,;261.930897,2.65502,;261.930897,2.70514,;260.691820,2.7552,;260.691820,2.80531,;260.691820,2.8554,;260.691820,2.9055,;260.691820,2.95558,;260.691820,3.0057,;260.691820,3.05578,;260.691820,3.1059,;260.691820,3.15598,;260.691820,3.20609,;260.691820,3.2562,;260.691820,3.3063,;260.691820,3.35641,;260.691820,3.40651,;260.691820,3.45662,;260.691820,3.50669,;260.691820,3.5568,;260.691820,3.60687,;260.691820,3.65696,;260.691820,3.70707,;260.691820,3.75721,;260.691820,3.80732,;260.691820,3.85742,;260.691820,3.90752,;260.691820,3.95762,;260.691820,4.00773,;260.691820,4.05784,;260.691820,4.10795,;260.691820,4.15803,;260.691820,4.20814,;260.691820,4.25826,;260.691820,4.30833,;260.691820,4.35843,;260.691820,4.40851,;260.691820,4.45858,;260.691820,4.50867,;260.691820,4.55878,;260.691820,4.60887,;253.946336,4.65897,;253.946336,4.70907,;253.946336,4.75919,;253.946336,4.80929,;253.946336,4.8594,;253.946336,4.9095,;253.946336,4.9596,;253.946336,5.00971,;253.946336,5.05983,;253.946336,5.10992,;253.946336,5.16004,;253.946336,5.21015,;253.946336,5.26026,;253.946336,5.31036,;253.946336,5.36047,;253.946336,5.41057,;253.946336,5.46065,;253.946336,5.51076,;253.946336,5.56083,;253.946336,5.61091,;253.946336,5.66104,;253.946336,5.71115,;253.946336,5.76125,;253.946336,5.81132,;253.946336,5.86146,;253.946336,5.91153,;253.946336,5.96162,;253.946336,6.0117,;253.946336,6.06178,;253.946336,6.11187,;253.946336,6.16195,;253.946336,6.21206,;253.946336,6.26216,;253.946336,6.31223,;253.946336,6.3623,;253.946336,6.41241,;253.946336,6.46251,;253.946336,6.5126,;253.946336,6.56267,;253.946336,6.61275,;253.946336,6.66284,;253.946336,6.71293,;253.946336,6.76301,;253.112734,6.8131,;253.112734,6.86318,;253.112734,6.91325,;253.112734,6.96334,;253.112734,7.01342,;253.112734,7.06351,;253.112734,7.11359,;253.112734,7.16369,;253.112734,7.21378,;253.112734,7.26389,;253.112734,7.31397,;253.112734,7.36406,;253.112734,7.41414,;253.112734,7.46422,;253.112734,7.5143,;253.112734,7.56439,;253.112734,7.61448,;253.112734,7.66457,;253.112734,7.71465,;253.112734,7.76476,;253.112734,7.81483,;253.112734,7.86494,;253.112734,7.915,;253.112734,7.96508,;253.112734,8.01516,;253.112734,8.06528,;253.112734,8.11536,;253.112734,8.16548,;253.112734,8.21556,;253.112734,8.26565,;253.112734,8.31575,;253.112734,8.36583,;253.112734,8.41591,;253.112734,8.466,;253.112734,8.51608,;253.112734,8.56617,;253.112734,8.61625,;253.112734,8.66634,;253.112734,8.71643,;253.112734,8.76655,;253.112734,8.81666,;253.112734,8.86673,;253.112734,8.91681,;253.112734,8.96691,;253.112734,9.01698,;253.112734,9.06708,;253.112734,9.11719,;253.112734,9.16727,;253.112734,9.21739,;253.112734,9.26746,;253.112734,9.31755,;253.112734,9.36763,;253.112734,9.4177,;253.112734,9.46781,;253.112734,9.51789,;253.112734,9.56801,;253.112734,9.6181,;253.112734,9.66822,;253.112734,9.71832,;253.112734,9.76842,;253.112734,9.81852,;253.112734,9.86863,;253.112734,9.9187,;253.112734,9.96881,;253.112734,10.0189,;253.112734,10.069,;
514.253273,0.0500513,;509.680307,0.100165,;509.680307,0.150238,;509.680307,0.200351,;509.680307,0.250433,;509.680307,0.300539,;509.680307,0.350626,;412.914574,0.400735,;412.914574,0.450826,;412.914574,0.500932,;412.914574,0.551037,;412.914574,0.601147,;412.914574,0.65123,;396.578379,0.701335,;396.578379,0.751402,;396.578379,0.80148,;396.578379,0.851576,;396.578379,0.901644,;396.578379,0.951714,;396.578379,1.00183,;396.578379,1.05194,;396.578379,1.10205,;396.578379,1.15215,;396.578379,1.20223,;286.277704,1.2523,;286.277704,1.30239,;286.277704,1.35248,;286.277704,1.40257,;286.277704,1.45265,;286.277704,1.50274,;286.277704,1.55286,;286.277704,1.60296,;286.277704,1.65307,;286.277704,1.70315,;286.277704,1.75323,;286.277704,1.80332,;286.277704,1.85339,;286.277704,1.90346,;286.277704,1.95354,;286.277704,2.00366,;286.277704,2.05376,;286.277704,2.10385,;286.277704,2.15398,;282.477702,2.20409,;282.477702,2.25416,;282.477702,2.30424,;282.477702,2.35431,;282.477702,2.40442,;276.030859,2.4545,;276.030859,2.50463,;276.030859,2.55471,;276.030859,2.60482,;276.030859,2.65493,;276.030859,2.70504,;268.438331,2.75511,;268.438331,2.80519,;268.438331,2.85527,;268.438331,2.90538,;268.438331,2.95546,;268.438331,3.00555,;268.438331,3.05563,;268.438331,3.10571,;268.438331,3.1558,;268.438331,3.20587,;268.438331,3.25595,;268.438331,3.30601,;268.438331,3.3561,;268.438331,3.40618,;268.438331,3.4563,;268.438331,3.50638,;268.438331,3.55649,;268.438331,3.60656,;268.438331,3.65666,;268.438331,3.70674,;268.438331,3.75682,;268.438331,3.80689,;268.438331,3.85697,;268.438331,3.90706,;268.438331,3.95717,;268.438331,4.00728,;268.438331,4.05736,;268.438331,4.10744,;268.438331,4.15751,;268.438331,4.20759,;268.438331,4.25767,;268.438331,4.30775,;268.438331,4.35785,;268.438331,4.40794,;268.438331,4.45805,;268.438331,4.50815,;268.438331,4.55823,;268.438331,4.60831,;268.438331,4.65839,;268.438331,4.70846,;266.893436,4.75854,;266.893436,4.80864,;266.893436,4.85872,;266.893436,4.90884,;266.893436,4.95898,;266.893436,5.00906,;258.556953,5.05914,;258.556953,5.10926,;258.556953,5.15933,;258.556953,5.20943,;258.556953,5.25954,;258.556953,5.3096,;258.556953,5.35971,;258.556953,5.40978,;258.556953,5.45988,;258.556953,5.50995,;258.556953,5.56006,;258.556953,5.61014,;258.556953,5.66024,;258.556953,5.71031,;258.556953,5.76042,;258.556953,5.8105,;258.556953,5.86061,;258.556953,5.91069,;258.556953,5.96079,;258.556953,6.01087,;258.556953,6.06099,;258.556953,6.11108,;258.556953,6.16119,;258.556953,6.21127,;258.556953,6.26138,;258.556953,6.31146,;258.556953,6.36157,;258.556953,6.41171,;258.556953,6.46179,;258.556953,6.51193,;258.556953,6.56204,;258.556953,6.61213,;258.556953,6.6622,;258.556953,6.71227,;258.556953,6.76235,;258.556953,6.81246,;258.556953,6.86254,;258.556953,6.91266,;258.556953,6.96274,;258.556953,7.01286,;258.556953,7.06296,;258.556953,7.11307,;258.556953,7.16317,;258.556953,7.21328,;258.556953,7.26335,;258.556953,7.31343,;258.556953,7.3635,;258.556953,7.41357,;258.556953,7.46367,;258.556953,7.51375,;258.556953,7.56385,;258.556953,7.61394,;258.556953,7.66405,;258.556953,7.71412,;258.556953,7.76422,;258.556953,7.81436,;258.556953,7.86446,;258.556953,7.91455,;258.556953,7.96466,;258.556953,8.01477,;258.556953,8.06489,;258.556953,8.11497,;258.556953,8.16507,;258.556953,8.21514,;258.556953,8.26524,;258.556953,8.31532,;258.556953,8.36539,;258.556953,8.41548,;258.556953,8.46557,;258.556953,8.51565,;258.556953,8.56575,;258.556953,8.61584,;258.556953,8.66595,;258.556953,8.71602,;258.347476,8.7661,;258.347476,8.81621,;258.347476,8.86628,;258.347476,8.91639,;258.347476,8.96648,;238.729060,9.01661,;238.729060,9.0667,;238.729060,9.1168,;238.729060,9.16689,;238.729060,9.21698,;238.729060,9.26706,;238.729060,9.31717,;238.729060,9.36727,;238.729060,9.41738,;238.729060,9.46747,;238.729060,9.51758,;238.729060,9.56773,;238.729060,9.61784,;238.729060,9.66794,;238.729060,9.71804,;238.729060,9.76811,;238.729060,9.81823,;238.729060,9.8683,;238.729060,9.91838,;238.729060,9.9685,;238.729060,10.0186,;
452.710937,0.0500965,;452.710937,0.100187,;413.082431,0.150274,;413.082431,0.200383,;413.082431,0.250488,;413.082431,0.300591,;413.082431,0.350695,;413.082431,0.400799,;413.082431,0.450912,;413.082431,0.50098,;413.082431,0.551055,;413.082431,0.60116,;413.082431,0.651246,;413.082431,0.701352,;413.082431,0.751467,;400.368951,0.801569,;317.785795,0.851657,;317.785795,0.901767,;317.785795,0.95185,;317.785795,1.00197,;317.785795,1.05208,;317.785795,1.10219,;317.785795,1.1523,;317.785795,1.2024,;317.785795,1.25254,;317.785795,1.30261,;317.785795,1.35272,;317.785795,1.40282,;317.785795,1.45294,;317.785795,1.50302,;317.785795,1.55312,;314.641096,1.6032,;303.453353,1.65331,;303.453353,1.7034,;303.453353,1.75351,;303.453353,1.80359,;303.453353,1.85369,;303.453353,1.90378,;303.453353,1.95389,;303.453353,2.00397,;303.453353,2.05408,;303.453353,2.10418,;303.453353,2.15428,;303.453353,2.20438,;303.453353,2.25449,;303.453353,2.30459,;286.683158,2.35469,;286.683158,2.40481,;286.683158,2.45488,;286.683158,2.50499,;286.683158,2.55506,;286.683158,2.60518,;286.683158,2.65525,;286.683158,2.70531,;286.683158,2.75538,;286.683158,2.80552,;286.683158,2.85558,;286.683158,2.90565,;286.683158,2.95572,;286.683158,3.00579,;286.683158,3.05586,;286.683158,3.10593,;286.683158,3.156,;286.683158,3.20607,;286.683158,3.25614,;286.683158,3.30621,;286.683158,3.35631,;286.683158,3.4064,;286.683158,3.45649,;286.683158,3.50661,;286.683158,3.55672,;286.683158,3.60683,;286.683158,3.65693,;286.683158,3.70704,;286.683158,3.75714,;286.683158,3.80724,;286.683158,3.85735,;286.683158,3.90743,;286.683158,3.95754,;277.772599,4.00762,;277.772599,4.05774,;277.772599,4.10785,;277.772599,4.15796,;277.772599,4.20804,;277.772599,4.25813,;277.772599,4.30821,;277.772599,4.35832,;277.772599,4.4084,;277.772599,4.45849,;277.772599,4.5086,;277.772599,4.55872,;277.772599,4.6088,;277.772599,4.65887,;277.772599,4.70898,;277.772599,4.75905,;277.772599,4.80913,;277.772599,4.85922,;277.772599,4.9093,;271.384725,4.95938,;271.384725,5.00947,;271.384725,5.05956,;271.384725,5.10964,;271.384725,5.15973,;271.384725,5.20981,;271.384725,5.2599,;271.384725,5.30998,;265.732692,5.36007,;265.732692,5.41016,;265.732692,5.46024,;265.732692,5.51032,;265.732692,5.56041,;265.732692,5.61049,;265.732692,5.66057,;265.732692,5.71064,;265.732692,5.76071,;265.732692,5.81078,;265.732692,5.86085,;265.732692,5.91091,;265.732692,5.96098,;265.732692,6.01105,;265.732692,6.06112,;265.732692,6.11118,;265.732692,6.16129,;265.732692,6.2114,;265.732692,6.2615,;265.732692,6.31158,;265.732692,6.3617,;265.732692,6.4118,;265.732692,6.46191,;265.732692,6.51202,;265.732692,6.56213,;265.732692,6.61222,;265.732692,6.66231,;253.747186,6.71242,;253.747186,6.76253,;253.747186,6.81264,;253.747186,6.86274,;253.747186,6.91284,;253.747186,6.96291,;253.747186,7.01301,;253.747186,7.0631,;253.747186,7.11323,;253.747186,7.1633,;253.747186,7.21342,;253.747186,7.26352,;253.747186,7.31357,;253.747186,7.36364,;253.747186,7.41371,;253.747186,7.46379,;253.747186,7.51386,;253.747186,7.56394,;253.747186,7.61405,;253.747186,7.66419,;253.747186,7.71427,;253.747186,7.76436,;253.747186,7.81448,;253.747186,7.86455,;253.747186,7.91465,;253.747186,7.96477,;253.747186,8.01486,;253.747186,8.06497,;253.747186,8.11509,;253.747186,8.16516,;253.747186,8.21526,;253.747186,8.26537,;253.747186,8.31548,;253.747186,8.36558,;253.747186,8.41567,;253.747186,8.46575,;253.747186,8.51584,;253.747186,8.56594,;253.747186,8.61603,;253.747186,8.66612,;253.747186,8.7162,;253.747186,8.76629,;253.747186,8.81637,;253.747186,8.86645,;253.747186,8.91653,;253.747186,8.96661,;253.747186,9.01669,;253.747186,9.06677,;253.747186,9.11686,;253.747186,9.16693,;253.747186,9.21701,;253.747186,9.26709,;253.747186,9.31716,;253.747186,9.36724,;253.747186,9.41732,;253.747186,9.4674,;253.747186,9.51749,;253.747186,9.56757,;253.747186,9.61765,;253.747186,9.66774,;253.747186,9.71783,;253.747186,9.76792,;253.747186,9.81801,;253.747186,9.86808,;253.747186,9.91815,;253.747186,9.96824,;253.747186,10.0183,;
402.825600,0.0500934,;402.825600,0.100205,;400.769249,0.150308,;400.769249,0.200409,;400.769249,0.250483,;400.769249,0.300591,;400.769249,0.35069,;400.769249,0.400761,;400.769249,0.450869,;364.006219,0.500938,;364.006219,0.551037,;364.006219,0.601119,;364.006219,0.651226,;364.006219,0.701315,;364.006219,0.751432,;364.006219,0.8015,;364.006219,0.851575,;364.006219,0.901654,;364.006219,0.951759,;364.006219,1.00183,;364.006219,1.05197,;364.006219,1.10205,;364.006219,1.15217,;364.006219,1.20225,;364.006219,1.25233,;364.006219,1.30245,;364.006219,1.35252,;364.006219,1.4026,;364.006219,1.45271,;364.006219,1.50282,;364.006219,1.55288,;364.006219,1.60296,;364.006219,1.65304,;364.006219,1.70316,;364.006219,1.75325,;364.006219,1.80336,;364.006219,1.85344,;298.941723,1.90355,;291.863548,1.95364,;276.374563,2.00375,;276.374563,2.05383,;276.374563,2.10394,;276.374563,2.15405,;276.374563,2.20412,;276.374563,2.25423,;276.374563,2.30433,;276.374563,2.3544,;276.374563,2.40451,;276.374563,2.45459,;276.374563,2.50471,;276.374563,2.55481,;276.374563,2.60488,;276.374563,2.655,;276.374563,2.70509,;276.374563,2.75519,;276.374563,2.80528,;276.374563,2.85538,;276.374563,2.90547,;276.374563,2.95558,;276.374563,3.00569,;276.374563,3.05579,;276.374563,3.1059,;270.203134,3.15601,;270.203134,3.20612,;270.203134,3.25622,;270.203134,3.30633,;270.203134,3.35644,;270.203134,3.40655,;270.203134,3.45666,;270.203134,3.50677,;270.203134,3.55687,;270.203134,3.60698,;270.203134,3.65706,;270.203134,3.70717,;270.203134,3.75728,;270.203134,3.80735,;270.203134,3.85746,;270.203134,3.90756,;270.203134,3.95767,;270.203134,4.00778,;270.203134,4.05789,;270.203134,4.10799,;270.203134,4.1581,;270.203134,4.2082,;270.203134,4.25831,;270.203134,4.30841,;270.203134,4.35852,;266.692554,4.40863,;266.692554,4.45874,;266.692554,4.50881,;266.692554,4.55891,;266.692554,4.60902,;266.692554,4.65913,;266.692554,4.70921,;266.692554,4.75931,;266.692554,4.80943,;266.692554,4.8595,;266.692554,4.9096,;266.692554,4.95967,;266.692554,5.00978,;266.692554,5.05985,;266.692554,5.10997,;266.692554,5.16007,;266.692554,5.21018,;266.692554,5.26029,;266.692554,5.3104,;266.692554,5.3605,;266.692554,5.41061,;266.692554,5.4607,;266.692554,5.51081,;266.692554,5.56087,;266.692554,5.61097,;266.692554,5.66108,;266.692554,5.71118,;266.692554,5.76128,;266.692554,5.81139,;266.692554,5.86149,;266.692554,5.91159,;266.692554,5.9617,;266.692554,6.0118,;266.692554,6.0619,;266.692554,6.112,;266.692554,6.16211,;266.692554,6.21221,;266.692554,6.26232,;266.692554,6.31242,;266.692554,6.36252,;266.692554,6.41261,;266.692554,6.4627,;266.692554,6.51274,;266.692554,6.56285,;266.692554,6.61295,;266.692554,6.66306,;266.692554,6.71313,;266.692554,6.76324,;266.692554,6.81333,;266.692554,6.86344,;266.692554,6.91352,;266.692554,6.96363,;266.692554,7.01374,;266.692554,7.06384,;266.692554,7.11395,;266.692554,7.16404,;266.692554,7.21417,;266.692554,7.26424,;266.692554,7.31434,;266.692554,7.36442,;266.692554,7.41453,;266.692554,7.46461,;266.692554,7.51468,;266.692554,7.56477,;266.692554,7.61488,;266.692554,7.66495,;266.692554,7.71505,;266.692554,7.76515,;266.692554,7.8153,;266.692554,7.86538,;266.692554,7.91546,;266.692554,7.96555,;266.692554,8.01566,;266.692554,8.06575,;266.692554,8.11583,;266.692554,8.16591,;266.692554,8.216,;266.692554,8.26611,;266.692554,8.31621,;266.692554,8.36632,;266.692554,8.4164,;266.692554,8.46651,;266.692554,8.51659,;266.692554,8.5667,;266.692554,8.61674,;266.692554,8.66684,;266.692554,8.71692,;266.692554,8.76703,;266.692554,8.81711,;266.692554,8.86723,;266.692554,8.91733,;266.692554,8.96745,;266.692554,9.01753,;266.692554,9.06764,;266.692554,9.11774,;266.692554,9.16786,;266.692554,9.21797,;266.692554,9.26808,;266.692554,9.31819,;266.692554,9.36831,;266.692554,9.41842,;266.692554,9.46851,;266.692554,9.51862,;255.322876,9.56872,;255.322876,9.61882,;255.322876,9.66889,;255.322876,9.719,;255.322876,9.76907,;255.322876,9.81919,;255.322876,9.86925,;255.322876,9.91936,;255.322876,9.96943,;255.322876,10.0195,;
498.670784,0.0500918,;447.465002,0.100192,;386.756037,0.150296,;386.756037,0.200365,;386.756037,0.250473,;386.756037,0.300551,;386.756037,0.350662,;346.582470,0.400773,;346.582470,0.450859,;346.582470,0.500974,;346.582470,0.551057,;346.582470,0.601138,;346.582470,0.651246,;346.582470,0.70133,;346.582470,0.751439,;346.582470,0.801542,;346.582470,0.851653,;346.582470,0.901771,;346.582470,0.951878,;346.582470,1.00198,;344.286683,1.05206,;344.286683,1.10217,;344.286683,1.15228,;344.286683,1.20235,;344.286683,1.25244,;344.286683,1.30251,;344.286683,1.3526,;344.286683,1.40269,;344.286683,1.45278,;344.286683,1.50285,;344.286683,1.55296,;344.286683,1.60305,;344.286683,1.65316,;311.583737,1.70325,;311.583737,1.75339,;311.583737,1.80346,;311.583737,1.85357,;311.583737,1.90364,;311.583737,1.95374,;311.583737,2.00382,;311.583737,2.05392,;311.583737,2.10402,;311.583737,2.15413,;311.583737,2.20421,;311.583737,2.25428,;265.019783,2.30437,;265.019783,2.35444,;265.019783,2.40454,;265.019783,2.45463,;265.019783,2.50474,;265.019783,2.55482,;265.019783,2.60491,;265.019783,2.655,;265.019783,2.70511,;265.019783,2.75521,;265.019783,2.80532,;265.019783,2.85541,;265.019783,2.90553,;265.019783,2.95563,;265.019783,3.00573,;265.019783,3.05583,;265.019783,3.10595,;265.019783,3.15605,;265.019783,3.20617,;265.019783,3.25624,;265.019783,3.30631,;265.019783,3.35638,;265.019783,3.40645,;265.019783,3.45656,;265.019783,3.50665,;265.019783,3.55675,;265.019783,3.60683,;265.019783,3.6569,;265.019783,3.70702,;265.019783,3.75714,;265.019783,3.80724,;265.019783,3.85735,;265.019783,3.90746,;265.019783,3.95757,;265.019783,4.00768,;265.019783,4.05778,;265.019783,4.10788,;265.019783,4.15795,;265.019783,4.20806,;265.019783,4.25817,;265.019783,4.30825,;265.019783,4.35837,;265.019783,4.40849,;265.019783,4.45859,;265.019783,4.5087,;265.019783,4.55878,;265.019783,4.60887,;265.019783,4.65896,;265.019783,4.70904,;265.019783,4.75911,;265.019783,4.80922,;265.019783,4.85933,;265.019783,4.90944,;265.019783,4.95955,;265.019783,5.00962,;265.019783,5.05969,;265.019783,5.10981,;265.019783,5.15989,;265.019783,5.21002,;265.019783,5.26014,;265.019783,5.31022,;265.019783,5.3603,;265.019783,5.4104,;265.019783,5.46048,;265.019783,5.51057,;265.019783,5.56074,;265.019783,5.61082,;265.019783,5.66093,;265.019783,5.71101,;265.019783,5.7611,;265.019783,5.81118,;265.019783,5.8613,;265.019783,5.91137,;265.019783,5.96148,;265.019783,6.01156,;265.019783,6.06167,;265.019783,6.11177,;265.019783,6.16187,;265.019783,6.21195,;265.019783,6.26206,;265.019783,6.31215,;265.019783,6.36224,;265.019783,6.41236,;265.019783,6.46244,;265.019783,6.51254,;265.019783,6.56266,;265.019783,6.61277,;265.019783,6.66285,;265.019783,6.71297,;265.019783,6.76305,;265.019783,6.81317,;265.019783,6.8633,;265.019783,6.91338,;265.019783,6.96347,;265.019783,7.01357,;265.019783,7.06368,;265.019783,7.11381,;265.019783,7.16393,;265.019783,7.21405,;265.019783,7.26416,;265.019783,7.31423,;265.019783,7.36432,;265.019783,7.41439,;265.019783,7.46451,;265.019783,7.51461,;265.019783,7.56469,;265.019783,7.61481,;265.019783,7.66491,;265.019783,7.71502,;265.019783,7.76512,;265.019783,7.81523,;265.019783,7.86532,;265.019783,7.91541,;265.019783,7.96552,;265.019783,8.01563,;265.019783,8.06574,;265.019783,8.11584,;265.019783,8.16595,;265.019783,8.21605,;265.019783,8.26615,;265.019783,8.31626,;265.019783,8.36633,;265.019783,8.41643,;265.019783,8.46654,;265.019783,8.51662,;265.019783,8.5667,;265.019783,8.61678,;265.019783,8.6669,;265.019783,8.71701,;265.019783,8.76709,;265.019783,8.8172,;265.019783,8.86731,;265.019783,8.91739,;265.019783,8.96751,;265.019783,9.01761,;265.019783,9.06772,;265.019783,9.11782,;265.019783,9.16791,;265.019783,9.21803,;265.019783,9.26812,;265.019783,9.31821,;265.019783,9.36832,;265.019783,9.41839,;265.019783,9.46849,;265.019783,9.51856,;265.019783,9.56868,;265.019783,9.61877,;265.019783,9.66884,;265.019783,9.71893,;265.019783,9.76903,;265.019783,9.81911,;265.019783,9.86923,;265.019783,9.91932,;265.019783,9.96943,;
498.037627,0.0500926,;498.037627,0.100197,;498.037627,0.150296,;498.037627,0.200375,;498.037627,0.250488,;498.037627,0.300594,;498.037627,0.350699,;498.037627,0.400802,;498.037627,0.450905,;498.037627,0.501014,;419.816873,0.551116,;386.813182,0.601187,;386.813182,0.651295,;386.813182,0.701397,;386.813182,0.751497,;358.741425,0.801602,;358.741425,0.851719,;358.741425,0.901807,;358.741425,0.951912,;358.741425,1.00202,;325.094514,1.05212,;325.094514,1.10222,;312.874048,1.15232,;312.874048,1.20244,;298.072206,1.25253,;283.898971,1.3026,;283.898971,1.35269,;283.898971,1.40279,;283.898971,1.4529,;283.898971,1.50299,;279.371736,1.55306,;279.371736,1.60315,;279.371736,1.65324,;279.371736,1.70334,;279.371736,1.75342,;279.371736,1.80352,;279.371736,1.85362,;279.371736,1.90369,;279.371736,1.9538,;279.371736,2.00389,;279.371736,2.05402,;279.371736,2.10413,;279.371736,2.15423,;279.371736,2.20433,;279.371736,2.25444,;279.371736,2.30455,;279.371736,2.35466,;279.371736,2.40476,;279.371736,2.45488,;279.371736,2.505,;279.371736,2.55511,;279.371736,2.60522,;279.371736,2.65533,;279.371736,2.70544,;279.371736,2.75554,;279.371736,2.80566,;279.371736,2.85576,;279.371736,2.90588,;279.371736,2.95598,;279.371736,3.00608,;279.371736,3.05618,;279.371736,3.10627,;279.371736,3.15638,;279.371736,3.20647,;279.371736,3.2566,;279.371736,3.3067,;279.371736,3.35681,;279.371736,3.40691,;279.371736,3.45701,;279.371736,3.50712,;279.371736,3.55722,;279.371736,3.60733,;279.371736,3.65745,;279.371736,3.70755,;279.371736,3.75765,;279.371736,3.80776,;279.371736,3.85786,;279.371736,3.90797,;279.371736,3.95807,;279.371736,4.00816,;279.371736,4.05826,;279.371736,4.10834,;279.371736,4.15845,;279.371736,4.20856,;279.371736,4.25867,;279.371736,4.30876,;279.371736,4.35889,;279.371736,4.40896,;279.371736,4.45905,;279.371736,4.50912,;279.371736,4.5592,;279.371736,4.60927,;279.371736,4.65935,;279.371736,4.70942,;279.371736,4.7595,;279.371736,4.80957,;279.371736,4.85969,;279.371736,4.9098,;279.371736,4.95986,;279.371736,5.00994,;279.371736,5.06002,;279.371736,5.1101,;262.469108,5.1602,;262.469108,5.21027,;262.469108,5.26036,;262.469108,5.31044,;262.469108,5.36051,;262.469108,5.41066,;262.469108,5.46076,;262.469108,5.51086,;262.469108,5.56098,;262.469108,5.61109,;262.469108,5.66121,;262.469108,5.71132,;262.469108,5.7614,;262.469108,5.81151,;262.469108,5.86161,;262.469108,5.91168,;262.469108,5.96179,;262.469108,6.01186,;262.469108,6.06197,;262.469108,6.11208,;262.469108,6.16218,;262.469108,6.21225,;259.899857,6.26237,;259.899857,6.31249,;259.899857,6.36257,;259.899857,6.41264,;259.899857,6.46271,;259.899857,6.51278,;259.899857,6.56286,;259.899857,6.61295,;259.899857,6.66303,;259.899857,6.71311,;259.899857,6.76319,;259.899857,6.81328,;259.899857,6.86337,;259.899857,6.91345,;259.899857,6.96354,;259.899857,7.01365,;259.899857,7.06368,;259.899857,7.11374,;259.899857,7.16381,;259.899857,7.2139,;259.899857,7.26399,;259.899857,7.3141,;259.899857,7.36419,;259.899857,7.41427,;259.899857,7.46437,;259.899857,7.51446,;259.899857,7.56454,;259.899857,7.61466,;259.899857,7.66475,;258.029008,7.71485,;258.029008,7.76497,;258.029008,7.81507,;258.029008,7.86515,;258.029008,7.91526,;258.029008,7.96536,;258.029008,8.01547,;258.029008,8.06557,;258.029008,8.11568,;258.029008,8.16579,;258.029008,8.21585,;258.029008,8.26596,;258.029008,8.31604,;258.029008,8.36615,;258.029008,8.41623,;258.029008,8.46634,;258.029008,8.51642,;258.029008,8.56653,;258.029008,8.61664,;258.029008,8.66675,;258.029008,8.71686,;258.029008,8.76698,;258.029008,8.81709,;258.029008,8.86719,;258.029008,8.91728,;258.029008,8.96739,;258.029008,9.0175,;258.029008,9.0676,;258.029008,9.1177,;258.029008,9.16777,;258.029008,9.21789,;258.029008,9.26798,;258.029008,9.3181,;258.029008,9.36819,;258.029008,9.4183,;258.029008,9.46836,;258.029008,9.51846,;258.029008,9.56857,;258.029008,9.61868,;258.029008,9.6688,;258.029008,9.71887,;258.029008,9.76899,;258.029008,9.81907,;258.029008,9.86916,;258.029008,9.91927,;258.029008,9.96937,;258.029008,10.0195,;246.882511,10.0696,;
657.895932,0.0500639,;657.895932,0.100141,;657.895932,0.150209,;657.895932,0.200326,;657.895932,0.250436,;657.895932,0.300524,;657.895932,0.350607,;657.895932,0.400691,;657.895932,0.450797,;657.895932,0.5009,;385.246786,0.550988,;385.246786,0.601078,;385.246786,0.651188,;385.246786,0.701255,;385.246786,0.75136,;385.246786,0.80147,;385.246786,0.851572,;385.246786,0.901673,;385.246786,0.951779,;385.246786,1.00188,;385.246786,1.05193,;385.246786,1.10203,;385.246786,1.15211,;385.246786,1.20222,;385.246786,1.25231,;385.246786,1.30239,;385.246786,1.35248,;385.246786,1.40257,;385.246786,1.45266,;385.246786,1.50274,;385.246786,1.55282,;385.246786,1.60293,;385.246786,1.65301,;385.246786,1.70309,;385.246786,1.7532,;385.246786,1.80331,;385.246786,1.85338,;385.246786,1.90349,;385.246786,1.95359,;385.246786,2.0037,;385.246786,2.0538,;385.246786,2.10387,;385.246786,2.15397,;385.246786,2.20404,;385.246786,2.25413,;385.246786,2.30421,;385.246786,2.35431,;385.246786,2.40438,;385.246786,2.45446,;385.246786,2.50454,;385.246786,2.55466,;385.246786,2.60475,;295.776806,2.65486,;295.776806,2.70496,;295.776806,2.75507,;281.433281,2.80515,;281.433281,2.85527,;281.433281,2.90534,;281.433281,2.95543,;281.433281,3.00551,;281.433281,3.05562,;281.433281,3.10572,;281.433281,3.15582,;281.433281,3.20594,;281.433281,3.25602,;281.433281,3.30613,;281.433281,3.35623,;281.433281,3.40634,;281.433281,3.45641,;281.433281,3.50651,;281.433281,3.5566,;281.433281,3.60671,;281.433281,3.65678,;281.433281,3.70689,;281.433281,3.75698,;281.433281,3.8071,;281.433281,3.8572,;281.433281,3.90731,;281.433281,3.95738,;281.433281,4.00748,;281.433281,4.05758,;281.433281,4.10768,;281.433281,4.15779,;281.433281,4.2079,;281.433281,4.25801,;281.433281,4.30812,;281.433281,4.35822,;281.433281,4.4083,;281.433281,4.45841,;281.433281,4.50849,;281.433281,4.5586,;281.433281,4.60868,;281.433281,4.65879,;281.433281,4.70887,;281.433281,4.75898,;281.433281,4.80909,;281.433281,4.85921,;276.614551,4.90931,;276.614551,4.95941,;276.614551,5.00951,;275.414382,5.05961,;275.414382,5.10972,;275.414382,5.15985,;275.414382,5.20993,;275.414382,5.26002,;275.414382,5.31013,;275.414382,5.36021,;275.414382,5.41033,;275.414382,5.46043,;275.414382,5.51053,;275.414382,5.56061,;274.281653,5.61072,;274.281653,5.6608,;274.281653,5.71091,;274.281653,5.76099,;274.281653,5.81111,;274.281653,5.86118,;274.281653,5.91128,;274.281653,5.96138,;267.876289,6.01148,;267.876289,6.06156,;267.876289,6.11167,;267.876289,6.16177,;267.010781,6.21184,;267.010781,6.26196,;267.010781,6.31206,;267.010781,6.36219,;267.010781,6.41228,;267.010781,6.46238,;267.010781,6.51251,;267.010781,6.5626,;267.010781,6.6127,;267.010781,6.66281,;267.010781,6.71291,;267.010781,6.76299,;267.010781,6.81307,;267.010781,6.86315,;267.010781,6.91325,;267.010781,6.96332,;267.010781,7.0134,;267.010781,7.06347,;267.010781,7.11359,;267.010781,7.16365,;267.010781,7.21372,;267.010781,7.26379,;267.010781,7.31386,;267.010781,7.36389,;267.010781,7.41396,;267.010781,7.46403,;267.010781,7.51411,;267.010781,7.56421,;267.010781,7.61432,;267.010781,7.6644,;267.010781,7.71449,;253.602119,7.76456,;253.602119,7.81464,;253.602119,7.86472,;253.602119,7.91482,;253.602119,7.96493,;253.602119,8.01501,;253.602119,8.06508,;253.602119,8.11518,;253.602119,8.16525,;253.602119,8.21532,;253.602119,8.26539,;253.602119,8.31546,;253.602119,8.36553,;253.602119,8.41559,;253.602119,8.46566,;253.602119,8.51573,;253.602119,8.56581,;253.602119,8.61588,;253.602119,8.66595,;253.602119,8.71601,;253.602119,8.76608,;253.602119,8.81615,;253.602119,8.86622,;253.602119,8.91628,;253.602119,8.96635,;253.602119,9.01641,;253.602119,9.06648,;253.602119,9.11654,;253.602119,9.16661,;253.602119,9.2167,;253.602119,9.26681,;253.602119,9.31693,;253.602119,9.36703,;253.602119,9.41713,;253.602119,9.46725,;253.602119,9.51735,;253.602119,9.56746,;253.602119,9.61753,;253.602119,9.66763,;252.852776,9.71774,;252.852776,9.76782,;252.852776,9.81791,;252.852776,9.86798,;252.852776,9.91806,;252.852776,9.96813,;
498.900632,0.0500951,;469.839067,0.100204,;427.816728,0.150309,;427.816728,0.200416,;427.816728,0.250517,;427.816728,0.300621,;385.825327,0.350722,;385.825327,0.400812,;385.825327,0.450916,;385.825327,0.500985,;385.825327,0.551075,;385.825327,0.601181,;385.825327,0.651288,;385.825327,0.701388,;385.825327,0.751493,;380.103789,0.801574,;380.103789,0.851687,;380.103789,0.901774,;380.103789,0.95185,;380.103789,1.00193,;380.103789,1.05202,;380.103789,1.10216,;380.103789,1.15228,;380.103789,1.2024,;380.103789,1.25248,;336.634177,1.30259,;336.634177,1.3527,;336.634177,1.40279,;289.276425,1.45286,;289.276425,1.50294,;289.276425,1.55302,;289.276425,1.60308,;289.276425,1.65317,;289.276425,1.70327,;289.276425,1.75334,;289.276425,1.80342,;281.980356,1.85354,;281.980356,1.90365,;281.980356,1.95374,;281.980356,2.00382,;281.980356,2.05393,;281.980356,2.104,;281.980356,2.15408,;281.980356,2.20417,;281.980356,2.25426,;281.980356,2.30436,;281.980356,2.35447,;281.980356,2.40455,;281.980356,2.45463,;281.980356,2.50474,;281.980356,2.55482,;281.980356,2.60489,;281.980356,2.655,;281.980356,2.70507,;281.980356,2.75518,;281.980356,2.80527,;281.980356,2.85537,;281.980356,2.90546,;281.980356,2.95557,;281.980356,3.00567,;281.980356,3.05573,;281.980356,3.10582,;281.980356,3.1559,;281.980356,3.206,;281.980356,3.25611,;281.980356,3.30622,;281.980356,3.35633,;281.980356,3.40643,;281.980356,3.45654,;281.980356,3.50661,;281.980356,3.55669,;281.980356,3.60676,;281.980356,3.6568,;281.980356,3.7069,;281.980356,3.75697,;281.980356,3.80705,;281.980356,3.85712,;281.980356,3.90721,;281.980356,3.95729,;281.980356,4.00738,;281.980356,4.05746,;281.980356,4.10758,;281.980356,4.15766,;281.980356,4.20775,;281.980356,4.25783,;281.980356,4.30794,;281.980356,4.35802,;281.980356,4.40811,;281.980356,4.45819,;281.980356,4.5083,;281.980356,4.55841,;281.980356,4.60851,;281.980356,4.65861,;281.980356,4.70868,;281.980356,4.75879,;281.980356,4.80882,;281.980356,4.85893,;281.980356,4.90899,;281.980356,4.9591,;281.980356,5.00919,;281.980356,5.0593,;281.980356,5.10938,;271.289711,5.15949,;271.289711,5.20957,;271.289711,5.25969,;271.289711,5.30981,;271.289711,5.35992,;271.289711,5.41001,;271.289711,5.46008,;265.898427,5.51016,;265.898427,5.56028,;265.898427,5.61036,;265.898427,5.66048,;265.898427,5.71059,;265.898427,5.76068,;265.898427,5.81079,;265.898427,5.86087,;265.898427,5.91096,;265.898427,5.96103,;265.898427,6.01114,;265.898427,6.06123,;265.898427,6.11132,;265.898427,6.1614,;265.898427,6.21149,;265.898427,6.26158,;265.898427,6.3117,;265.898427,6.36181,;265.898427,6.41192,;265.898427,6.46201,;265.898427,6.51212,;265.898427,6.56223,;265.898427,6.6123,;265.898427,6.66242,;265.898427,6.71252,;265.898427,6.76264,;265.898427,6.81271,;265.898427,6.86282,;265.898427,6.9129,;265.898427,6.96302,;265.898427,7.01312,;265.898427,7.06326,;265.898427,7.11335,;265.898427,7.16347,;265.898427,7.21357,;265.898427,7.2637,;265.898427,7.31378,;265.898427,7.36389,;265.898427,7.41397,;265.898427,7.46408,;265.898427,7.51416,;265.898427,7.56424,;265.898427,7.61432,;265.898427,7.66443,;265.898427,7.71451,;265.898427,7.76462,;265.898427,7.81473,;265.898427,7.86481,;265.898427,7.91492,;265.898427,7.96499,;265.898427,8.01509,;265.898427,8.06517,;265.898427,8.11527,;265.898427,8.16535,;265.898427,8.21546,;265.898427,8.26554,;265.898427,8.31565,;265.898427,8.36575,;265.898427,8.41586,;265.898427,8.46597,;265.898427,8.51607,;265.898427,8.56618,;265.898427,8.61628,;265.898427,8.66638,;265.898427,8.71648,;265.898427,8.76659,;265.898427,8.8167,;265.898427,8.86681,;265.898427,8.91688,;265.898427,8.96699,;265.898427,9.01706,;265.898427,9.06718,;265.898427,9.11727,;265.898427,9.16738,;265.898427,9.21746,;265.898427,9.26759,;265.898427,9.31767,;265.898427,9.3678,;265.898427,9.4179,;265.898427,9.46801,;265.898427,9.51811,;265.898427,9.56821,;265.898427,9.61832,;265.898427,9.66842,;265.898427,9.7185,;265.898427,9.76862,;265.898427,9.81872,;265.898427,9.86881,;265.898427,9.91891,;265.898427,9.96898,;265.898427,10.0191,;265.898427,10.0692,;
427.962932,0.0500725,;427.962932,0.100181,;427.962932,0.150266,;427.962932,0.200386,;427.962932,0.250489,;427.962932,0.300626,;427.962932,0.350707,;427.962932,0.400816,;418.125677,0.450933,;418.125677,0.501034,;414.736751,0.551109,;317.226895,0.601207,;317.226895,0.651315,;317.226895,0.701395,;317.226895,0.751503,;317.226895,0.801589,;317.226895,0.851695,;317.226895,0.90178,;317.226895,0.951884,;317.226895,1.00196,;317.226895,1.05207,;317.226895,1.10217,;317.226895,1.15225,;317.226895,1.20235,;317.226895,1.25244,;317.226895,1.30254,;317.226895,1.35264,;314.880393,1.40275,;285.067053,1.45286,;285.067053,1.50293,;285.067053,1.55299,;285.067053,1.60306,;285.067053,1.65315,;285.067053,1.70326,;285.067053,1.75333,;285.067053,1.8034,;282.799381,1.85348,;282.799381,1.90356,;282.799381,1.95364,;282.799381,2.00372,;282.799381,2.05381,;282.799381,2.10392,;282.799381,2.154,;282.799381,2.20409,;282.799381,2.25417,;282.799381,2.30424,;282.799381,2.35431,;282.799381,2.40441,;282.799381,2.4545,;282.799381,2.50457,;282.799381,2.55464,;282.799381,2.60475,;282.799381,2.65487,;282.799381,2.70499,;282.799381,2.7551,;282.799381,2.80522,;282.799381,2.85532,;282.799381,2.90539,;282.799381,2.95549,;282.799381,3.00557,;282.799381,3.05565,;282.799381,3.10573,;282.799381,3.15581,;282.799381,3.2059,;282.799381,3.25598,;280.438889,3.30608,;280.438889,3.35619,;280.438889,3.40627,;280.438889,3.45638,;280.438889,3.50648,;280.438889,3.55658,;274.203884,3.60665,;274.203884,3.65673,;274.203884,3.70684,;274.203884,3.75694,;274.203884,3.80704,;274.203884,3.85711,;274.203884,3.90721,;274.203884,3.95727,;274.203884,4.00735,;250.248305,4.05743,;250.248305,4.1075,;250.248305,4.15756,;250.248305,4.20767,;250.248305,4.25776,;250.248305,4.30787,;250.248305,4.35798,;250.248305,4.40809,;250.248305,4.4582,;250.248305,4.5083,;250.248305,4.5584,;250.248305,4.60848,;250.248305,4.65855,;250.248305,4.70863,;250.248305,4.75873,;250.248305,4.80881,;250.248305,4.85892,;250.248305,4.909,;250.248305,4.95908,;250.248305,5.00918,;250.248305,5.05929,;250.248305,5.10936,;250.248305,5.15944,;250.248305,5.20953,;248.727106,5.25965,;248.727106,5.30973,;248.727106,5.35985,;248.727106,5.40993,;248.727106,5.46005,;248.727106,5.51014,;248.727106,5.56022,;248.727106,5.61029,;248.727106,5.66037,;248.727106,5.71047,;248.727106,5.76059,;248.727106,5.81067,;248.727106,5.86078,;248.727106,5.91088,;248.727106,5.96097,;248.727106,6.01107,;248.727106,6.06116,;248.727106,6.11125,;248.727106,6.16132,;248.727106,6.21142,;248.727106,6.26151,;248.727106,6.31163,;248.727106,6.36171,;248.727106,6.41179,;248.727106,6.46187,;248.727106,6.51195,;248.727106,6.56202,;248.727106,6.61212,;248.727106,6.6622,;248.727106,6.71228,;248.727106,6.76237,;248.727106,6.81248,;248.727106,6.86258,;248.727106,6.91268,;248.727106,6.96275,;248.727106,7.01285,;248.727106,7.06292,;248.727106,7.113,;248.727106,7.16307,;248.727106,7.21318,;248.727106,7.26327,;248.727106,7.31334,;248.727106,7.36345,;248.727106,7.41354,;248.727106,7.46365,;248.727106,7.51374,;248.727106,7.56385,;248.727106,7.61392,;248.727106,7.66403,;248.727106,7.71412,;248.727106,7.76423,;248.727106,7.81433,;248.727106,7.86444,;248.727106,7.91455,;248.727106,7.96466,;248.727106,8.01476,;248.727106,8.06487,;248.727106,8.11495,;248.727106,8.16506,;248.727106,8.21516,;248.727106,8.26522,;248.727106,8.3153,;248.727106,8.36537,;248.727106,8.41544,;248.727106,8.46552,;248.727106,8.5156,;248.727106,8.56567,;248.727106,8.61578,;248.727106,8.66587,;248.727106,8.71598,;248.727106,8.76608,;248.727106,8.81619,;248.727106,8.86627,;248.727106,8.91638,;248.727106,8.96644,;248.727106,9.01655,;248.727106,9.06661,;248.727106,9.1167,;248.727106,9.16681,;248.727106,9.2169,;248.727106,9.26698,;248.727106,9.31705,;248.727106,9.36716,;248.727106,9.41723,;248.727106,9.46735,;248.727106,9.51741,;248.727106,9.56749,;248.727106,9.61758,;248.727106,9.66766,;248.727106,9.71775,;248.727106,9.76786,;248.727106,9.81794,;248.727106,9.86805,;248.727106,9.91815,;248.727106,9.96825,;248.727106,10.0183,;248.727106,10.0684,;
394.186743,0.0500928,;394.186743,0.100197,;394.186743,0.150301,;394.186743,0.200404,;394.186743,0.250523,;314.055647,0.30063,;314.055647,0.350748,;314.055647,0.40086,;314.055647,0.450962,;314.055647,0.501063,;314.055647,0.551166,;314.055647,0.601274,;314.055647,0.651353,;314.055647,0.701466,;314.055647,0.75157,;314.055647,0.801675,;314.055647,0.851777,;314.055647,0.90188,;314.055647,0.951983,;314.055647,1.00209,;314.055647,1.05216,;314.055647,1.10227,;314.055647,1.15235,;314.055647,1.20246,;314.055647,1.25254,;314.055647,1.30266,;314.055647,1.35277,;314.055647,1.40289,;307.828404,1.45299,;307.828404,1.50308,;307.828404,1.55318,;307.828404,1.60327,;307.828404,1.65335,;307.828404,1.70344,;307.828404,1.75356,;307.828404,1.80363,;307.828404,1.85373,;307.828404,1.90383,;307.828404,1.95395,;307.828404,2.00406,;307.828404,2.05416,;307.828404,2.10427,;307.828404,2.15437,;307.828404,2.20448,;307.828404,2.25458,;307.828404,2.30468,;307.828404,2.3548,;295.982560,2.40495,;295.982560,2.45503,;295.982560,2.50511,;295.982560,2.55518,;295.982560,2.60526,;295.982560,2.65531,;295.982560,2.70539,;295.982560,2.75546,;295.982560,2.80553,;295.982560,2.85564,;295.982560,2.90572,;295.982560,2.95581,;295.982560,3.00589,;295.982560,3.05597,;295.982560,3.10603,;295.982560,3.15611,;295.982560,3.2062,;295.982560,3.25634,;295.982560,3.30643,;295.982560,3.35654,;295.982560,3.40664,;295.982560,3.45671,;295.982560,3.50678,;295.982560,3.55685,;295.982560,3.60692,;295.982560,3.65705,;295.982560,3.70712,;295.982560,3.7572,;295.982560,3.80728,;295.982560,3.85737,;295.982560,3.90748,;295.982560,3.95758,;295.982560,4.00766,;295.982560,4.05773,;295.982560,4.10781,;295.982560,4.15792,;295.982560,4.20799,;295.982560,4.25807,;295.982560,4.30815,;295.982560,4.35822,;295.982560,4.40832,;295.982560,4.45843,;295.982560,4.5085,;295.982560,4.55858,;295.982560,4.60866,;295.982560,4.65874,;295.982560,4.70882,;295.982560,4.7589,;295.982560,4.80899,;295.982560,4.85908,;295.982560,4.90915,;295.982560,4.95925,;295.982560,5.00932,;295.982560,5.05939,;295.982560,5.10948,;295.982560,5.15959,;295.982560,5.2097,;295.982560,5.25978,;295.982560,5.30989,;295.982560,5.36001,;295.982560,5.41008,;295.982560,5.46016,;295.982560,5.51023,;295.982560,5.56032,;295.982560,5.61043,;295.982560,5.66053,;295.982560,5.71061,;295.982560,5.76071,;295.982560,5.81078,;295.982560,5.86084,;295.982560,5.91092,;295.982560,5.961,;295.982560,6.01108,;295.982560,6.06116,;295.982560,6.11123,;295.982560,6.16129,;295.982560,6.21138,;295.982560,6.26149,;295.982560,6.31158,;295.982560,6.3617,;278.408240,6.41179,;278.408240,6.46187,;278.408240,6.51195,;278.408240,6.56203,;278.408240,6.61211,;278.408240,6.66221,;278.408240,6.71228,;278.408240,6.76236,;278.408240,6.81243,;278.408240,6.86252,;278.408240,6.91263,;278.408240,6.96265,;278.408240,7.01276,;278.408240,7.06287,;278.408240,7.11295,;278.408240,7.16303,;278.408240,7.21312,;278.408240,7.26322,;278.408240,7.31333,;278.408240,7.36344,;278.408240,7.41353,;278.408240,7.46363,;278.408240,7.51374,;278.408240,7.56382,;278.408240,7.6139,;278.408240,7.66402,;278.408240,7.71413,;278.408240,7.76424,;278.408240,7.81434,;278.408240,7.86444,;278.408240,7.91454,;278.408240,7.96465,;278.408240,8.01471,;278.408240,8.06482,;278.408240,8.11489,;278.408240,8.16499,;278.408240,8.21508,;278.408240,8.26516,;278.408240,8.31526,;270.422156,8.36537,;270.422156,8.41546,;270.422156,8.46556,;270.422156,8.51567,;270.422156,8.56577,;270.422156,8.61589,;270.422156,8.66599,;270.422156,8.7161,;270.422156,8.76621,;270.422156,8.81631,;270.422156,8.86641,;270.422156,8.91651,;270.422156,8.96662,;270.422156,9.01673,;270.422156,9.0668,;270.422156,9.11687,;270.422156,9.16698,;270.422156,9.21703,;270.422156,9.26715,;270.422156,9.31726,;270.422156,9.36736,;270.422156,9.41744,;270.422156,9.46755,;270.422156,9.51764,;270.422156,9.56772,;270.422156,9.61783,;270.422156,9.6679,;270.422156,9.71797,;270.422156,9.76808,;270.422156,9.81818,;270.422156,9.86825,;270.422156,9.91837,;270.422156,9.96848,;270.422156,10.0186,;
534.767547,0.0500686,;534.767547,0.10018,;534.767547,0.150266,;501.282701,0.200373,;501.282701,0.250476,;501.282701,0.300583,;501.282701,0.350693,;501.282701,0.400758,;501.282701,0.450862,;463.938284,0.500934,;463.938284,0.551019,;320.450443,0.601094,;320.450443,0.651182,;320.450443,0.701287,;320.450443,0.75139,;320.450443,0.801458,;320.450443,0.85156,;320.450443,0.90165,;320.450443,0.951756,;320.450443,1.00183,;320.450443,1.05193,;320.450443,1.10202,;320.450443,1.15209,;320.450443,1.20216,;320.450443,1.25227,;320.450443,1.30235,;320.450443,1.35247,;320.450443,1.40255,;320.450443,1.45262,;320.450443,1.5027,;320.450443,1.5528,;320.450443,1.60291,;320.450443,1.65302,;320.450443,1.70312,;320.450443,1.75323,;320.450443,1.80333,;320.450443,1.85341,;320.450443,1.90352,;320.450443,1.9536,;320.450443,2.00367,;320.450443,2.05374,;320.450443,2.10381,;320.450443,2.15389,;320.450443,2.20395,;320.450443,2.25403,;320.450443,2.30412,;320.450443,2.3542,;320.450443,2.40428,;320.450443,2.45435,;320.450443,2.50443,;320.450443,2.55452,;320.450443,2.60463,;302.320903,2.65472,;302.049997,2.70482,;302.049997,2.75489,;302.049997,2.805,;302.049997,2.85509,;301.806453,2.90519,;301.806453,2.95527,;301.806453,3.00537,;301.806453,3.05546,;294.904165,3.10556,;294.904165,3.15567,;294.904165,3.20573,;294.904165,3.25585,;292.023865,3.30593,;289.206403,3.35606,;289.206403,3.40615,;289.206403,3.45626,;289.206403,3.50634,;289.206403,3.55645,;289.206403,3.60653,;289.206403,3.65664,;289.206403,3.70672,;289.206403,3.75683,;289.206403,3.80692,;289.206403,3.85702,;289.206403,3.90713,;289.206403,3.95721,;289.206403,4.00732,;280.013809,4.05742,;280.013809,4.10749,;280.013809,4.1576,;280.013809,4.20771,;280.013809,4.25778,;280.013809,4.30786,;280.013809,4.35797,;280.013809,4.40805,;278.187928,4.45813,;278.187928,4.50821,;278.187928,4.55833,;278.187928,4.60842,;278.187928,4.65853,;278.187928,4.70863,;278.187928,4.75872,;278.187928,4.80879,;278.187928,4.85889,;278.187928,4.90897,;278.187928,4.95904,;278.187928,5.00914,;278.187928,5.05925,;278.187928,5.10936,;278.187928,5.15947,;278.187928,5.20958,;278.187928,5.25968,;278.187928,5.30975,;278.187928,5.35986,;278.187928,5.40997,;278.187928,5.46004,;278.187928,5.51015,;278.187928,5.56027,;278.187928,5.61037,;272.083877,5.66046,;272.083877,5.71057,;272.083877,5.76067,;272.083877,5.81077,;272.083877,5.86087,;272.083877,5.91099,;272.083877,5.96109,;272.083877,6.0112,;272.083877,6.0613,;272.083877,6.11141,;272.083877,6.16152,;272.083877,6.2116,;272.083877,6.26172,;272.083877,6.31178,;272.083877,6.36186,;272.083877,6.41196,;272.083877,6.46204,;272.083877,6.51215,;272.083877,6.56224,;272.083877,6.61234,;272.083877,6.66243,;272.083877,6.71255,;272.083877,6.76264,;272.083877,6.81275,;272.083877,6.86283,;272.083877,6.91294,;272.083877,6.96302,;272.083877,7.01313,;272.083877,7.06324,;272.083877,7.11336,;272.083877,7.16347,;272.083877,7.21358,;272.083877,7.26366,;272.083877,7.31375,;272.083877,7.36386,;272.083877,7.41397,;272.083877,7.46408,;272.083877,7.51418,;272.083877,7.5643,;272.083877,7.6144,;272.083877,7.66451,;272.083877,7.71461,;272.083877,7.76472,;272.083877,7.8148,;272.083877,7.86491,;272.083877,7.91497,;272.083877,7.96507,;272.083877,8.01514,;272.083877,8.06525,;272.083877,8.11535,;272.083877,8.16545,;272.083877,8.21555,;272.083877,8.26564,;272.083877,8.31575,;272.083877,8.36582,;272.083877,8.41592,;272.083877,8.466,;272.083877,8.51607,;272.083877,8.56615,;272.083877,8.61624,;272.083877,8.66633,;272.083877,8.71641,;272.083877,8.76652,;272.083877,8.8166,;272.083877,8.86671,;272.083877,8.91679,;272.083877,8.96688,;272.083877,9.01695,;272.083877,9.06703,;272.083877,9.11712,;272.083877,9.16723,;272.083877,9.21733,;272.083877,9.2674,;272.083877,9.31752,;266.085666,9.36761,;266.085666,9.41768,;266.085666,9.46779,;266.085666,9.51785,;266.085666,9.56797,;266.085666,9.61806,;266.085666,9.66816,;266.085666,9.71824,;266.085666,9.76835,;266.085666,9.81843,;266.085666,9.86854,;266.085666,9.91864,;266.085666,9.96874,;266.085666,10.0188,;266.085666,10.0689,;
567.802437,0.0500579,;567.802437,0.100166,;567.802437,0.15027,;448.711468,0.200335,;400.554685,0.25043,;400.554685,0.300535,;400.554685,0.350615,;400.554685,0.400727,;400.554685,0.450817,;400.554685,0.50093,;400.554685,0.551013,;326.369203,0.601122,;326.369203,0.651223,;326.369203,0.701332,;326.369203,0.751408,;326.369203,0.80149,;326.369203,0.851574,;324.467613,0.901662,;324.467613,0.95174,;324.467613,1.00179,;324.467613,1.05187,;324.467613,1.10194,;324.467613,1.152,;324.467613,1.20209,;319.948319,1.25219,;319.948319,1.30228,;319.948319,1.35239,;319.948319,1.40247,;319.948319,1.45258,;312.666029,1.50267,;312.666029,1.55282,;312.666029,1.60294,;312.666029,1.65305,;312.666029,1.70313,;312.666029,1.7532,;305.066311,1.80327,;305.066311,1.85333,;305.066311,1.90341,;305.066311,1.95349,;305.066311,2.00357,;305.066311,2.05365,;305.066311,2.10375,;305.066311,2.15381,;305.066311,2.20388,;305.066311,2.25396,;305.066311,2.30407,;305.066311,2.35415,;305.066311,2.40425,;278.684714,2.45435,;278.684714,2.50446,;278.684714,2.55454,;278.684714,2.60464,;278.684714,2.65471,;275.940549,2.70478,;275.940549,2.75486,;275.940549,2.80496,;275.940549,2.85504,;275.940549,2.90511,;275.940549,2.95518,;275.940549,3.00529,;275.940549,3.05539,;275.940549,3.1055,;275.940549,3.15561,;275.940549,3.20568,;275.940549,3.25578,;275.940549,3.30586,;275.940549,3.35599,;275.940549,3.40606,;275.940549,3.45615,;275.940549,3.50624,;275.940549,3.55636,;275.940549,3.60644,;255.565477,3.65656,;255.565477,3.70664,;255.565477,3.75672,;255.565477,3.80679,;255.565477,3.85687,;255.565477,3.90696,;255.565477,3.95705,;255.565477,4.00714,;255.565477,4.05724,;255.565477,4.10734,;255.565477,4.15743,;255.565477,4.20753,;255.565477,4.25762,;255.565477,4.30773,;255.565477,4.35781,;255.565477,4.40791,;255.565477,4.45798,;255.565477,4.50808,;255.565477,4.55816,;255.565477,4.60827,;255.565477,4.65835,;255.565477,4.70845,;255.565477,4.75853,;255.565477,4.80864,;255.565477,4.85874,;255.565477,4.90885,;255.565477,4.95893,;255.565477,5.00905,;255.565477,5.05915,;255.565477,5.10925,;255.565477,5.15933,;255.565477,5.20944,;255.565477,5.25955,;255.565477,5.30967,;255.565477,5.35979,;255.565477,5.40987,;255.565477,5.45997,;249.942238,5.51004,;249.942238,5.56015,;249.942238,5.61023,;249.942238,5.66034,;249.942238,5.71042,;249.942238,5.76053,;249.942238,5.81061,;249.942238,5.86072,;249.942238,5.9108,;249.942238,5.96089,;249.942238,6.01099,;249.942238,6.06109,;249.942238,6.11119,;249.942238,6.1613,;249.942238,6.21141,;249.942238,6.26151,;249.942238,6.31158,;249.942238,6.36168,;249.942238,6.41178,;249.942238,6.46184,;249.942238,6.51194,;249.942238,6.562,;249.942238,6.61209,;249.942238,6.66217,;249.942238,6.71228,;249.942238,6.76236,;249.942238,6.81247,;249.942238,6.86257,;249.942238,6.91267,;249.942238,6.96275,;249.942238,7.01287,;249.942238,7.06295,;249.942238,7.11306,;249.942238,7.16316,;249.942238,7.21324,;249.942238,7.26333,;249.942238,7.31344,;249.942238,7.36352,;249.942238,7.41364,;249.942238,7.46375,;249.942238,7.51381,;249.942238,7.56391,;249.942238,7.61398,;249.942238,7.66408,;249.942238,7.71416,;249.942238,7.76427,;249.942238,7.81436,;249.942238,7.86446,;249.942238,7.91454,;249.942238,7.96462,;249.942238,8.0147,;249.942238,8.06481,;249.942238,8.11489,;249.942238,8.165,;249.942238,8.2151,;249.942238,8.26521,;249.942238,8.31531,;249.942238,8.36541,;249.942238,8.41549,;249.942238,8.46558,;249.942238,8.51568,;249.942238,8.56579,;249.942238,8.61587,;249.942238,8.66594,;249.942238,8.71604,;249.942238,8.76611,;249.942238,8.81623,;249.942238,8.86631,;249.942238,8.91642,;249.942238,8.96654,;249.942238,9.01661,;249.942238,9.06672,;249.942238,9.11679,;249.942238,9.16689,;249.942238,9.21696,;249.942238,9.26708,;249.942238,9.3172,;249.942238,9.36729,;249.942238,9.41741,;249.942238,9.46752,;249.942238,9.51762,;249.942238,9.56773,;249.942238,9.61785,;249.942238,9.66795,;249.942238,9.71811,;249.942238,9.76821,;249.942238,9.81831,;249.942238,9.86839,;249.942238,9.91846,;249.942238,9.96857,;249.942238,10.0186,;249.942238,10.0688,;
inf,0.0500559,;536.878774,0.100162,;536.878774,0.150241,;469.268663,0.20035,;469.268663,0.250435,;469.268663,0.300545,;421.130660,0.350643,;421.130660,0.400759,;421.130660,0.450845,;421.130660,0.500962,;420.980200,0.551048,;420.980200,0.601159,;420.980200,0.651259,;420.980200,0.701362,;345.261929,0.751472,;345.261929,0.801581,;345.261929,0.851688,;345.261929,0.901835,;345.261929,0.951949,;311.601635,1.00202,;311.601635,1.0521,;311.601635,1.10218,;311.601635,1.15229,;311.601635,1.20238,;311.601635,1.25249,;311.601635,1.30258,;311.601635,1.3527,;311.601635,1.40278,;311.601635,1.4529,;311.601635,1.50299,;311.601635,1.55308,;311.601635,1.60318,;311.601635,1.6533,;311.601635,1.70337,;311.601635,1.75348,;311.601635,1.80358,;311.601635,1.8537,;311.601635,1.90381,;311.601635,1.95391,;311.601635,2.00403,;286.554332,2.0541,;286.554332,2.10421,;286.554332,2.1543,;286.554332,2.20442,;286.554332,2.2545,;286.554332,2.30461,;286.554332,2.35471,;286.554332,2.40481,;286.554332,2.4549,;286.554332,2.505,;286.554332,2.55511,;286.554332,2.60522,;286.554332,2.65532,;286.554332,2.70542,;286.554332,2.75552,;286.554332,2.80563,;286.554332,2.85571,;286.554332,2.90582,;277.251184,2.95593,;277.251184,3.00597,;277.251184,3.05608,;277.251184,3.10614,;277.251184,3.15625,;277.251184,3.20633,;277.251184,3.25645,;277.251184,3.30653,;277.251184,3.35663,;277.251184,3.4067,;277.251184,3.45681,;277.251184,3.50691,;277.251184,3.55702,;277.251184,3.60713,;270.964257,3.65721,;270.964257,3.7073,;270.964257,3.75741,;270.964257,3.80751,;270.964257,3.85761,;270.964257,3.90771,;270.964257,3.95782,;270.964257,4.00789,;270.964257,4.05799,;270.964257,4.10809,;270.964257,4.15816,;270.964257,4.20827,;270.964257,4.25834,;270.964257,4.30845,;270.964257,4.35857,;270.964257,4.40867,;270.964257,4.45878,;270.964257,4.50888,;270.964257,4.55895,;270.964257,4.60906,;270.964257,4.65913,;270.964257,4.70923,;270.964257,4.75929,;270.964257,4.80938,;259.120683,4.85947,;254.567635,4.90957,;254.567635,4.95966,;254.567635,5.00974,;254.567635,5.05986,;254.567635,5.10998,;254.567635,5.16009,;254.567635,5.21016,;254.567635,5.26029,;254.567635,5.31037,;254.567635,5.3605,;254.567635,5.41061,;254.567635,5.46071,;254.567635,5.51082,;254.567635,5.56093,;254.567635,5.61104,;254.567635,5.66114,;254.567635,5.71124,;254.567635,5.76135,;254.567635,5.81142,;254.567635,5.86154,;254.567635,5.91164,;254.567635,5.96175,;254.567635,6.01185,;254.567635,6.06195,;254.567635,6.11202,;254.567635,6.1621,;254.567635,6.21221,;254.567635,6.26229,;254.567635,6.3124,;254.567635,6.36249,;254.567635,6.41261,;254.567635,6.46273,;254.567635,6.51284,;254.567635,6.56294,;254.567635,6.61304,;254.567635,6.66315,;254.567635,6.71322,;254.567635,6.76334,;254.567635,6.81342,;254.567635,6.86352,;254.567635,6.91363,;254.567635,6.96373,;254.567635,7.01384,;254.567635,7.06395,;254.567635,7.11406,;254.567635,7.16417,;254.567635,7.21428,;254.567635,7.26436,;254.567635,7.31448,;254.567635,7.36459,;254.567635,7.41471,;254.567635,7.46481,;254.567635,7.51493,;254.567635,7.56503,;254.567635,7.61513,;254.567635,7.66525,;254.567635,7.71535,;254.567635,7.76546,;254.567635,7.81554,;254.567635,7.86565,;254.567635,7.91577,;254.567635,7.96591,;254.567635,8.01602,;254.567635,8.06612,;254.567635,8.1162,;254.567635,8.16631,;254.567635,8.21638,;248.723753,8.26647,;248.723753,8.31658,;248.723753,8.36668,;248.723753,8.41678,;248.723753,8.46686,;248.723753,8.51697,;248.723753,8.56706,;248.723753,8.61717,;248.723753,8.66727,;248.723753,8.71739,;248.723753,8.76749,;248.723753,8.81759,;248.723753,8.86767,;248.723753,8.91777,;248.723753,8.96785,;248.723753,9.01798,;248.723753,9.06806,;248.723753,9.11814,;248.723753,9.16826,;248.723753,9.21834,;248.723753,9.26845,;248.723753,9.31855,;248.723753,9.36866,;248.723753,9.41875,;248.723753,9.46886,;248.723753,9.51897,;248.723753,9.56907,;248.723753,9.61917,;248.723753,9.66929,;248.723753,9.71939,;248.723753,9.7695,;248.723753,9.8196,;248.723753,9.86968,;248.723753,9.91976,;248.723753,9.96986,;248.723753,10.02,;
477.382456,0.0500716,;477.382456,0.100195,;477.382456,0.150309,;477.382456,0.200417,;477.382456,0.250521,;477.382456,0.300638,;477.382456,0.350752,;477.382456,0.400863,;477.382456,0.450963,;451.276041,0.501031,;451.276041,0.551136,;444.100744,0.601202,;437.781415,0.651306,;437.781415,0.701384,;437.781415,0.7515,;432.145515,0.801584,;432.145515,0.851693,;432.145515,0.901775,;432.145515,0.951885,;432.145515,1.00199,;432.145515,1.05211,;432.145515,1.10223,;432.145515,1.15233,;331.909862,1.20241,;327.123122,1.25252,;327.123122,1.30263,;327.123122,1.35274,;327.123122,1.40285,;327.123122,1.45296,;327.123122,1.50306,;327.123122,1.55313,;308.922437,1.60324,;308.922437,1.65332,;308.922437,1.70344,;308.922437,1.75354,;308.922437,1.80365,;308.922437,1.85375,;308.922437,1.90387,;308.922437,1.95397,;308.922437,2.00409,;308.922437,2.05419,;308.922437,2.10433,;308.922437,2.15444,;308.922437,2.20452,;308.922437,2.2546,;308.922437,2.30472,;308.922437,2.35479,;302.507185,2.4049,;302.507185,2.45497,;302.507185,2.50511,;302.507185,2.55521,;302.507185,2.60529,;302.507185,2.65537,;302.507185,2.70545,;302.507185,2.75556,;302.507185,2.80564,;302.507185,2.8557,;302.507185,2.90582,;302.507185,2.95592,;302.507185,3.00602,;302.507185,3.05613,;302.507185,3.10625,;302.507185,3.15633,;302.507185,3.20642,;302.507185,3.2565,;302.507185,3.30659,;302.507185,3.35667,;302.507185,3.40676,;302.507185,3.45683,;302.507185,3.5069,;302.507185,3.55697,;302.507185,3.60707,;302.507185,3.65713,;302.507185,3.70724,;302.507185,3.75733,;302.507185,3.80743,;302.507185,3.85751,;302.507185,3.90762,;302.507185,3.9577,;302.507185,4.00781,;302.507185,4.05787,;302.507185,4.10799,;302.507185,4.15807,;302.507185,4.20814,;302.507185,4.25822,;302.507185,4.30831,;302.507185,4.35837,;302.507185,4.40848,;302.507185,4.45856,;302.507185,4.50865,;302.507185,4.55873,;302.507185,4.6088,;302.507185,4.65887,;302.507185,4.70895,;279.990789,4.75903,;279.990789,4.80911,;272.336827,4.85921,;272.336827,4.90929,;272.336827,4.9594,;272.336827,5.00947,;272.336827,5.05959,;272.336827,5.10968,;272.336827,5.1598,;272.336827,5.20992,;272.336827,5.25999,;272.336827,5.31011,;272.336827,5.36022,;272.336827,5.41034,;269.643178,5.46045,;269.643178,5.51057,;269.643178,5.56064,;269.643178,5.61075,;269.071780,5.66086,;269.071780,5.71096,;269.071780,5.76099,;269.071780,5.81109,;269.071780,5.86116,;269.071780,5.91126,;269.071780,5.96136,;269.071780,6.01147,;269.071780,6.06156,;269.071780,6.11167,;269.071780,6.16176,;269.071780,6.21187,;269.071780,6.26196,;269.071780,6.31207,;269.071780,6.36215,;269.071780,6.41227,;269.071780,6.46239,;269.071780,6.5125,;269.071780,6.56262,;269.071780,6.61274,;269.071780,6.66284,;269.071780,6.71294,;269.071780,6.76306,;269.071780,6.81314,;269.071780,6.86326,;269.071780,6.91336,;269.071780,6.96347,;269.071780,7.01356,;269.071780,7.06366,;269.071780,7.11374,;269.071780,7.16385,;269.071780,7.21395,;269.071780,7.26407,;269.071780,7.31418,;269.071780,7.36429,;269.071780,7.41437,;269.071780,7.46448,;269.071780,7.51459,;269.071780,7.56469,;269.071780,7.61479,;269.071780,7.6649,;269.071780,7.71498,;265.572136,7.76505,;265.572136,7.81516,;265.572136,7.86522,;265.572136,7.91533,;265.572136,7.96542,;265.572136,8.01552,;265.572136,8.06561,;265.572136,8.11572,;265.572136,8.16582,;265.572136,8.21593,;265.572136,8.26601,;265.572136,8.31613,;265.572136,8.36624,;265.572136,8.41635,;265.572136,8.46647,;265.572136,8.51657,;265.572136,8.56663,;265.572136,8.61673,;265.572136,8.66682,;265.572136,8.71693,;265.572136,8.76703,;265.572136,8.81711,;265.572136,8.86719,;265.572136,8.91728,;265.572136,8.96738,;265.572136,9.01747,;265.572136,9.06758,;265.572136,9.11767,;265.572136,9.16775,;265.572136,9.21782,;265.572136,9.26792,;265.572136,9.318,;265.572136,9.36812,;265.572136,9.41823,;265.572136,9.46834,;265.572136,9.51845,;265.572136,9.56855,;265.572136,9.61863,;265.572136,9.66875,;265.572136,9.71885,;265.572136,9.76895,;265.572136,9.81905,;265.572136,9.86912,;265.572136,9.91923,;265.572136,9.96933,;265.572136,10.0194,;
558.752135,0.0500581,;496.838570,0.100204,;496.838570,0.150276,;496.838570,0.200383,;496.838570,0.25048,;475.142515,0.300563,;427.320092,0.35064,;427.320092,0.400722,;427.320092,0.45081,;427.320092,0.500896,;333.931524,0.550982,;333.931524,0.601094,;333.931524,0.651178,;333.931524,0.701286,;333.931524,0.751368,;333.931524,0.801479,;333.931524,0.851565,;333.931524,0.90167,;333.931524,0.951775,;333.931524,1.00188,;333.931524,1.05199,;333.931524,1.10208,;333.931524,1.15219,;333.931524,1.20229,;333.931524,1.25237,;333.931524,1.30252,;333.931524,1.35259,;333.931524,1.40268,;333.931524,1.45279,;333.931524,1.50287,;333.931524,1.55298,;319.910729,1.60306,;319.910729,1.65317,;319.910729,1.70325,;312.551791,1.75336,;312.551791,1.80347,;312.551791,1.85357,;309.825831,1.90365,;309.825831,1.95376,;309.825831,2.00387,;309.825831,2.05398,;309.825831,2.10408,;283.171448,2.15417,;283.171448,2.20424,;283.171448,2.25435,;283.171448,2.30446,;283.171448,2.35451,;283.171448,2.40462,;283.171448,2.45469,;283.171448,2.50479,;283.171448,2.55488,;283.171448,2.60499,;283.171448,2.65508,;283.171448,2.70519,;283.171448,2.75527,;283.171448,2.80539,;283.171448,2.85547,;283.171448,2.90558,;283.171448,2.95568,;283.171448,3.00579,;283.171448,3.05587,;283.171448,3.10597,;283.171448,3.15609,;283.171448,3.2062,;283.171448,3.25631,;283.171448,3.30644,;283.171448,3.35653,;283.171448,3.40666,;283.171448,3.45677,;283.171448,3.50688,;283.171448,3.55698,;283.171448,3.60707,;283.171448,3.65717,;283.171448,3.70726,;283.171448,3.75734,;283.171448,3.80743,;283.171448,3.85754,;283.171448,3.90762,;282.458664,3.95774,;282.458664,4.00785,;282.458664,4.05796,;282.458664,4.10806,;282.458664,4.15817,;282.458664,4.20827,;282.458664,4.25839,;282.458664,4.30849,;282.458664,4.35856,;282.458664,4.40866,;282.458664,4.45877,;282.458664,4.50887,;282.458664,4.55897,;282.458664,4.60909,;282.458664,4.6592,;282.458664,4.70931,;282.458664,4.75941,;282.458664,4.80948,;282.458664,4.85959,;282.458664,4.90969,;282.458664,4.9598,;282.458664,5.0099,;282.458664,5.06001,;282.458664,5.11012,;282.458664,5.16023,;282.458664,5.21034,;282.458664,5.26044,;282.458664,5.31053,;282.458664,5.36065,;282.458664,5.41072,;282.458664,5.46084,;282.458664,5.51095,;282.458664,5.56106,;282.458664,5.61113,;282.458664,5.66121,;282.458664,5.71128,;282.458664,5.76139,;282.458664,5.81149,;282.458664,5.86156,;282.458664,5.91163,;282.458664,5.9617,;282.458664,6.0118,;282.458664,6.06191,;282.458664,6.11203,;282.458664,6.16213,;282.458664,6.21224,;282.458664,6.26232,;282.458664,6.31246,;282.458664,6.36253,;282.458664,6.41264,;282.458664,6.46274,;282.458664,6.51285,;277.866505,6.56294,;277.866505,6.61305,;277.866505,6.66312,;277.866505,6.7132,;277.866505,6.76328,;277.866505,6.81335,;277.866505,6.86346,;277.866505,6.91353,;277.866505,6.9636,;277.866505,7.01371,;277.866505,7.06379,;277.866505,7.11394,;277.866505,7.16405,;277.866505,7.21416,;277.866505,7.26426,;277.866505,7.31435,;277.866505,7.36443,;266.862524,7.41449,;266.862524,7.46461,;266.862524,7.51466,;266.862524,7.56472,;266.862524,7.61483,;266.862524,7.66494,;266.862524,7.71502,;266.862524,7.76516,;266.862524,7.81524,;266.862524,7.86535,;266.862524,7.91545,;266.862524,7.96556,;266.862524,8.01567,;266.862524,8.06578,;266.862524,8.11589,;266.862524,8.16599,;266.862524,8.21609,;266.862524,8.26621,;266.862524,8.31631,;266.862524,8.36638,;266.862524,8.41649,;266.862524,8.46652,;266.862524,8.51662,;266.862524,8.56669,;266.862524,8.6168,;266.862524,8.66688,;266.862524,8.71699,;266.862524,8.76708,;266.862524,8.81719,;266.862524,8.86728,;266.862524,8.91738,;266.862524,8.96749,;266.862524,9.0176,;266.862524,9.06771,;266.862524,9.11781,;266.862524,9.16792,;266.862524,9.21803,;266.862524,9.26813,;266.862524,9.31824,;266.862524,9.36832,;266.862524,9.41841,;266.862524,9.46854,;266.862524,9.51861,;266.862524,9.56872,;251.593632,9.6188,;251.593632,9.66891,;251.593632,9.719,;251.593632,9.76908,;251.593632,9.81917,;251.593632,9.86928,;251.593632,9.91936,;251.593632,9.96947,;251.593632,10.0196,;251.593632,10.0697,;
inf,0.0500703,;447.741047,0.100143,;447.741047,0.150253,;447.741047,0.200364,;327.554478,0.250433,;327.554478,0.300532,;327.554478,0.35064,;327.554478,0.400742,;327.554478,0.450823,;327.554478,0.500935,;327.554478,0.551045,;327.554478,0.601128,;327.554478,0.651198,;327.554478,0.701291,;327.554478,0.751369,;327.554478,0.801442,;327.554478,0.851511,;316.620650,0.901581,;316.620650,0.951707,;316.620650,1.0018,;316.620650,1.0519,;316.620650,1.10199,;316.620650,1.15209,;316.620650,1.20218,;316.620650,1.25225,;304.054965,1.30235,;304.054965,1.35246,;304.054965,1.40258,;304.054965,1.45268,;304.054965,1.50279,;304.054965,1.5529,;304.054965,1.603,;304.054965,1.6531,;304.054965,1.70322,;304.054965,1.75334,;304.054965,1.80342,;290.415803,1.8535,;290.415803,1.90358,;290.415803,1.95367,;290.415803,2.00375,;290.415803,2.05384,;290.415803,2.10394,;290.415803,2.15403,;290.415803,2.20415,;290.415803,2.25422,;273.687019,2.30428,;273.687019,2.35436,;273.687019,2.40447,;273.687019,2.45455,;273.687019,2.50463,;273.687019,2.55474,;271.008375,2.60484,;271.008375,2.65498,;271.008375,2.70507,;271.008375,2.75518,;271.008375,2.80529,;271.008375,2.85539,;263.261751,2.90546,;263.261751,2.95553,;263.261751,3.0056,;263.261751,3.0557,;263.261751,3.1058,;263.261751,3.15588,;263.261751,3.20596,;262.059639,3.25603,;262.059639,3.30612,;262.059639,3.35619,;262.059639,3.40628,;262.059639,3.45637,;262.059639,3.50645,;262.059639,3.55654,;262.059639,3.60662,;262.059639,3.65673,;262.059639,3.70681,;262.059639,3.75691,;262.059639,3.80698,;262.059639,3.85705,;262.059639,3.90712,;262.059639,3.9572,;262.059639,4.00728,;262.059639,4.05736,;262.059639,4.10744,;262.059639,4.15752,;253.614306,4.20761,;253.614306,4.2577,;253.614306,4.30778,;253.614306,4.35787,;253.614306,4.40795,;253.614306,4.45807,;253.614306,4.50817,;253.614306,4.55825,;253.614306,4.60836,;253.614306,4.65846,;253.614306,4.70853,;253.614306,4.75865,;253.614306,4.80877,;253.614306,4.85885,;253.614306,4.90894,;253.614306,4.95902,;253.614306,5.00913,;253.614306,5.0592,;253.614306,5.1093,;253.614306,5.1594,;253.614306,5.20947,;253.614306,5.25958,;253.614306,5.30966,;253.614306,5.35977,;253.614306,5.40985,;253.614306,5.45994,;253.614306,5.51003,;253.614306,5.56015,;253.614306,5.61023,;253.614306,5.66033,;253.614306,5.71041,;253.614306,5.76051,;253.614306,5.8106,;253.614306,5.86069,;253.614306,5.91079,;253.614306,5.96087,;253.614306,6.01098,;253.614306,6.06109,;253.614306,6.11116,;253.614306,6.16127,;253.614306,6.21138,;253.614306,6.26148,;253.614306,6.31159,;253.614306,6.36169,;253.614306,6.41179,;253.614306,6.46188,;253.614306,6.51198,;253.614306,6.56206,;253.614306,6.61217,;253.614306,6.66227,;253.614306,6.71237,;253.614306,6.76248,;253.614306,6.81256,;253.614306,6.86268,;253.614306,6.91278,;253.614306,6.96289,;253.614306,7.013,;253.614306,7.0631,;253.614306,7.11322,;253.614306,7.16333,;253.614306,7.21341,;253.614306,7.26351,;253.614306,7.31359,;253.614306,7.36372,;253.614306,7.41381,;253.614306,7.46391,;253.614306,7.514,;253.614306,7.56411,;253.614306,7.61419,;253.614306,7.66427,;253.614306,7.71438,;253.614306,7.7645,;253.614306,7.81458,;253.614306,7.86467,;253.614306,7.91484,;253.614306,7.96495,;253.614306,8.01505,;253.614306,8.06516,;253.614306,8.11527,;253.614306,8.16534,;253.614306,8.21544,;253.614306,8.26551,;253.614306,8.31561,;253.614306,8.36569,;253.614306,8.4158,;253.614306,8.46587,;253.614306,8.51597,;253.614306,8.56605,;253.614306,8.61615,;253.614306,8.66626,;253.614306,8.71636,;253.614306,8.76646,;253.614306,8.81656,;253.614306,8.86665,;253.614306,8.91675,;253.614306,8.96686,;253.614306,9.01696,;253.614306,9.06706,;253.614306,9.11718,;253.614306,9.16728,;253.614306,9.21739,;253.614306,9.26747,;253.614306,9.31755,;253.614306,9.36767,;253.614306,9.41776,;253.614306,9.46789,;253.614306,9.51797,;253.614306,9.56805,;253.614306,9.61814,;253.614306,9.66825,;253.614306,9.71835,;253.614306,9.76846,;253.614306,9.81858,;253.614306,9.86868,;253.614306,9.91876,;253.614306,9.96887,;253.614306,10.019,;253.614306,10.0691,;
inf,0.0500561,;inf,0.100128,;510.612757,0.150207,;442.230504,0.200303,;290.461726,0.250412,;290.461726,0.300489,;290.461726,0.350564,;288.308961,0.400639,;288.308961,0.450722,;283.634363,0.500833,;283.634363,0.550903,;283.634363,0.600986,;283.634363,0.651065,;283.634363,0.701139,;283.634363,0.751243,;283.634363,0.801331,;283.634363,0.851446,;283.634363,0.901534,;283.634363,0.951649,;283.634363,1.00175,;283.634363,1.05186,;283.634363,1.10196,;283.634363,1.15203,;283.634363,1.20213,;283.634363,1.25221,;283.634363,1.30233,;277.840437,1.35242,;275.099292,1.40251,;275.099292,1.4526,;275.099292,1.50271,;275.099292,1.55278,;275.099292,1.60289,;275.099292,1.65298,;275.099292,1.70309,;275.099292,1.75317,;275.099292,1.80328,;273.582934,1.85337,;273.582934,1.90348,;273.582934,1.95359,;273.582934,2.00365,;266.063092,2.05376,;266.063092,2.10388,;266.063092,2.15399,;266.063092,2.20407,;266.063092,2.25418,;266.063092,2.30426,;266.063092,2.35435,;266.063092,2.40444,;266.063092,2.45452,;266.063092,2.5046,;266.063092,2.55468,;266.063092,2.60477,;266.063092,2.65489,;266.063092,2.70498,;266.063092,2.75508,;266.063092,2.80517,;266.063092,2.85528,;266.063092,2.90539,;266.063092,2.95551,;266.063092,3.00559,;266.063092,3.05571,;266.063092,3.10582,;266.063092,3.15594,;266.063092,3.20604,;263.193582,3.25616,;263.193582,3.30628,;263.193582,3.3564,;263.193582,3.40652,;263.193582,3.45661,;263.193582,3.50671,;263.193582,3.55682,;263.193582,3.60692,;263.193582,3.65703,;263.193582,3.70713,;263.193582,3.75724,;263.193582,3.80734,;263.193582,3.85746,;263.193582,3.90757,;263.193582,3.95767,;263.193582,4.00776,;263.193582,4.05789,;263.193582,4.10796,;263.193582,4.15807,;263.193582,4.20818,;263.193582,4.25829,;263.193582,4.30837,;263.193582,4.35852,;263.193582,4.4086,;263.193582,4.45867,;263.193582,4.50882,;263.193582,4.5589,;262.885319,4.60901,;262.885319,4.65912,;262.885319,4.70924,;262.885319,4.75932,;262.885319,4.8094,;262.885319,4.85952,;262.885319,4.90962,;262.885319,4.95973,;262.885319,5.0098,;262.885319,5.05987,;262.885319,5.10998,;262.885319,5.16005,;262.885319,5.21016,;262.885319,5.26024,;262.885319,5.31035,;262.885319,5.36045,;262.885319,5.41056,;262.885319,5.46065,;262.885319,5.51076,;262.885319,5.56087,;262.885319,5.61098,;262.885319,5.66105,;262.885319,5.71115,;262.885319,5.76125,;262.885319,5.81136,;262.885319,5.86144,;262.885319,5.91155,;262.885319,5.96162,;262.885319,6.01171,;262.885319,6.06181,;262.885319,6.11188,;262.885319,6.16198,;262.885319,6.21205,;262.885319,6.26213,;262.885319,6.31223,;262.885319,6.36234,;262.885319,6.41244,;262.885319,6.46254,;262.885319,6.51266,;262.885319,6.56277,;262.885319,6.61287,;262.885319,6.66298,;262.885319,6.71308,;262.885319,6.76319,;262.885319,6.81327,;262.885319,6.86335,;262.885319,6.91344,;262.885319,6.96354,;262.885319,7.01361,;262.885319,7.06368,;262.885319,7.11379,;262.885319,7.1639,;262.885319,7.21401,;262.885319,7.26408,;251.536236,7.3142,;251.536236,7.36429,;251.536236,7.41438,;251.536236,7.46447,;251.536236,7.51459,;251.536236,7.56467,;251.536236,7.61479,;251.536236,7.66488,;251.536236,7.71499,;251.536236,7.76506,;251.536236,7.81519,;251.536236,7.8653,;251.536236,7.9154,;251.536236,7.96551,;251.536236,8.01561,;251.536236,8.06573,;251.536236,8.11583,;249.222524,8.16593,;249.222524,8.216,;249.222524,8.2661,;249.222524,8.31617,;249.222524,8.36627,;249.222524,8.41635,;249.222524,8.46645,;249.222524,8.51653,;249.222524,8.56664,;249.222524,8.61672,;249.222524,8.66683,;249.222524,8.71692,;249.222524,8.76702,;249.222524,8.8171,;249.222524,8.86724,;249.222524,8.91736,;249.222524,8.96752,;249.222524,9.01764,;249.222524,9.06773,;249.222524,9.11783,;249.222524,9.16792,;249.222524,9.218,;249.222524,9.2681,;249.222524,9.31817,;249.222524,9.36826,;249.222524,9.41836,;249.222524,9.46846,;249.222524,9.51856,;249.222524,9.56865,;249.222524,9.61875,;249.222524,9.66884,;249.222524,9.71892,;249.222524,9.769,;249.222524,9.81909,;249.222524,9.86917,;247.384667,9.91924,;247.384667,9.96932,;247.384667,10.0194,;247.384667,10.0695,;
533.453479,0.0500932,;533.453479,0.10018,;533.453479,0.150285,;533.453479,0.200372,;533.453479,0.250484,;533.453479,0.300589,;533.453479,0.350693,;460.885663,0.400797,;457.338351,0.450901,;457.338351,0.501004,;457.338351,0.551118,;457.338351,0.601224,;457.338351,0.651293,;391.489690,0.701375,;391.489690,0.751469,;391.489690,0.801581,;391.489690,0.851666,;372.001396,0.901757,;372.001396,0.951848,;372.001396,1.00193,;372.001396,1.05205,;372.001396,1.10215,;372.001396,1.15223,;372.001396,1.20235,;372.001396,1.25243,;372.001396,1.30255,;372.001396,1.35263,;372.001396,1.40275,;288.039098,1.45282,;288.039098,1.50293,;288.039098,1.55303,;288.039098,1.60311,;286.510458,1.65321,;286.510458,1.70328,;286.510458,1.7534,;286.510458,1.80349,;286.510458,1.85359,;286.510458,1.90368,;286.510458,1.95379,;286.510458,2.00387,;286.510458,2.05399,;286.510458,2.10409,;286.510458,2.1542,;286.510458,2.2043,;286.510458,2.25441,;286.510458,2.30452,;286.510458,2.35462,;286.510458,2.40473,;272.915959,2.45483,;272.915959,2.50493,;272.915959,2.55501,;272.915959,2.60513,;272.915959,2.6552,;272.915959,2.70531,;272.915959,2.7554,;272.915959,2.80548,;272.915959,2.85557,;272.915959,2.90567,;272.915959,2.95576,;272.915959,3.00589,;272.915959,3.05599,;272.915959,3.10609,;272.915959,3.15617,;272.915959,3.20627,;272.915959,3.25635,;272.915959,3.30643,;272.915959,3.35651,;265.912936,3.40663,;265.912936,3.45675,;265.912936,3.50686,;265.912936,3.55697,;265.912936,3.60707,;265.912936,3.65718,;265.912936,3.70725,;265.912936,3.75737,;265.912936,3.80748,;265.912936,3.85759,;265.912936,3.90767,;265.912936,3.95778,;265.912936,4.00786,;265.912936,4.05797,;265.912936,4.10808,;265.912936,4.15818,;265.912936,4.20826,;265.912936,4.25837,;265.912936,4.30847,;265.912936,4.35858,;265.912936,4.40868,;265.912936,4.45878,;265.912936,4.50889,;265.912936,4.55899,;265.912936,4.6091,;265.912936,4.6592,;265.912936,4.7093,;265.912936,4.75939,;265.912936,4.80947,;265.912936,4.85955,;265.912936,4.90962,;265.912936,4.9597,;265.912936,5.00981,;265.912936,5.05988,;265.912936,5.10997,;265.912936,5.16008,;265.912936,5.21018,;265.912936,5.26026,;265.912936,5.31037,;265.912936,5.36048,;265.912936,5.41058,;265.912936,5.4607,;265.912936,5.5108,;265.912936,5.5609,;265.912936,5.61101,;265.912936,5.66111,;265.912936,5.71118,;265.912936,5.76128,;265.912936,5.81136,;265.912936,5.86143,;265.912936,5.9115,;265.912936,5.96161,;265.912936,6.0117,;265.912936,6.06183,;265.912936,6.11191,;265.912936,6.16202,;265.912936,6.2121,;265.912936,6.2622,;265.912936,6.31228,;265.912936,6.36239,;265.912936,6.41247,;265.912936,6.46255,;265.912936,6.51262,;265.912936,6.56272,;265.912936,6.6128,;265.912936,6.66292,;265.912936,6.71301,;265.912936,6.76312,;265.912936,6.8132,;265.912936,6.86328,;265.912936,6.91336,;265.912936,6.96344,;265.912936,7.01352,;265.912936,7.06361,;265.912936,7.11372,;265.912936,7.1638,;265.542784,7.21391,;265.542784,7.26401,;265.542784,7.31409,;265.542784,7.36419,;265.542784,7.4143,;265.542784,7.46441,;265.542784,7.51448,;265.542784,7.56456,;265.542784,7.61467,;265.542784,7.66475,;265.542784,7.71484,;265.542784,7.76496,;265.542784,7.81507,;265.542784,7.86516,;265.542784,7.91523,;265.542784,7.96534,;262.756198,8.01543,;262.756198,8.06551,;262.756198,8.11564,;262.756198,8.16574,;262.756198,8.21583,;262.756198,8.26593,;262.756198,8.31603,;262.756198,8.36614,;262.756198,8.41622,;262.756198,8.46633,;262.756198,8.51643,;262.756198,8.56654,;262.756198,8.61664,;262.756198,8.66675,;262.756198,8.71685,;262.756198,8.76696,;262.756198,8.81708,;262.756198,8.86712,;262.756198,8.91722,;262.756198,8.96733,;262.756198,9.0174,;262.756198,9.06749,;254.438934,9.1176,;254.438934,9.16768,;254.438934,9.2178,;254.438934,9.26789,;254.438934,9.318,;254.438934,9.36809,;254.438934,9.41818,;254.438934,9.46828,;254.438934,9.51837,;254.438934,9.56845,;254.438934,9.61856,;254.438934,9.66866,;254.438934,9.71873,;254.438934,9.76884,;254.438934,9.81895,;254.438934,9.86902,;254.438934,9.91911,;254.438934,9.96921,;254.438934,10.0193,;
638.825782,0.0500743,;630.414846,0.10018,;628.223953,0.150261,;628.223953,0.20037,;622.828813,0.250475,;520.097252,0.300553,;520.097252,0.350664,;520.097252,0.400767,;520.097252,0.450872,;520.097252,0.500979,;358.712205,0.551084,;358.712205,0.601188,;358.712205,0.65127,;358.712205,0.701383,;358.712205,0.751456,;358.712205,0.801536,;358.712205,0.851614,;358.712205,0.901687,;358.712205,0.951753,;358.712205,1.00182,;358.712205,1.05193,;358.712205,1.10201,;358.712205,1.15212,;358.712205,1.2022,;358.712205,1.25227,;358.712205,1.30234,;358.712205,1.35244,;358.712205,1.40255,;358.712205,1.45266,;358.712205,1.50273,;358.712205,1.55284,;329.699468,1.60292,;276.337634,1.65303,;276.337634,1.70311,;276.337634,1.75322,;276.337634,1.8033,;276.337634,1.8534,;276.337634,1.90351,;276.337634,1.95361,;276.337634,2.00371,;276.337634,2.05378,;276.337634,2.10385,;276.337634,2.15392,;276.337634,2.20401,;276.337634,2.2541,;276.337634,2.30421,;276.337634,2.3543,;276.337634,2.40437,;276.337634,2.45444,;276.337634,2.5045,;276.337634,2.55458,;276.337634,2.60471,;276.337634,2.6548,;276.337634,2.70491,;276.337634,2.75503,;276.337634,2.80513,;276.337634,2.85522,;276.337634,2.90533,;276.337634,2.95539,;276.337634,3.00549,;276.337634,3.05559,;276.337634,3.10566,;276.337634,3.15573,;276.337634,3.20581,;276.337634,3.25588,;276.337634,3.30596,;272.437648,3.35608,;272.437648,3.40617,;272.437648,3.45629,;272.437648,3.50637,;272.437648,3.55649,;272.437648,3.60659,;272.437648,3.6567,;272.437648,3.70679,;272.437648,3.75689,;272.437648,3.807,;272.437648,3.8571,;272.437648,3.90718,;272.437648,3.95729,;272.437648,4.0074,;272.437648,4.05751,;272.437648,4.10762,;272.437648,4.15768,;272.437648,4.20779,;272.437648,4.25786,;272.437648,4.30797,;272.437648,4.35803,;272.437648,4.40813,;272.437648,4.45821,;272.437648,4.50832,;272.437648,4.5584,;272.437648,4.60851,;272.437648,4.65861,;272.437648,4.70872,;272.437648,4.7588,;272.437648,4.8089,;272.437648,4.85897,;272.437648,4.90908,;272.437648,4.95918,;272.437648,5.00925,;272.437648,5.05935,;272.437648,5.10945,;272.437648,5.15956,;272.437648,5.20959,;272.437648,5.25969,;272.437648,5.30976,;272.437648,5.35986,;272.437648,5.40996,;272.437648,5.46009,;272.437648,5.51018,;272.437648,5.56029,;272.437648,5.61037,;272.437648,5.66048,;272.437648,5.71059,;272.437648,5.7607,;272.437648,5.8108,;272.437648,5.86091,;272.437648,5.91102,;272.437648,5.96109,;272.437648,6.01116,;272.437648,6.06127,;272.437648,6.11137,;272.437648,6.16144,;272.437648,6.21153,;272.437648,6.26162,;272.437648,6.31169,;272.437648,6.36176,;272.437648,6.41183,;272.437648,6.46191,;272.437648,6.512,;272.437648,6.56207,;272.437648,6.61217,;272.437648,6.66225,;272.437648,6.71237,;272.437648,6.76248,;272.437648,6.81258,;272.437648,6.86266,;272.437648,6.91277,;272.437648,6.96286,;272.437648,7.01294,;272.437648,7.06302,;271.665980,7.11309,;271.665980,7.1632,;271.665980,7.2133,;271.665980,7.26341,;271.665980,7.31352,;271.665980,7.36362,;271.665980,7.41369,;271.665980,7.46381,;271.665980,7.51388,;271.665980,7.56399,;271.665980,7.61409,;271.665980,7.66416,;271.665980,7.71424,;271.665980,7.76435,;271.665980,7.81447,;271.665980,7.86457,;271.665980,7.91469,;271.665980,7.96481,;271.665980,8.01488,;271.665980,8.065,;271.665980,8.1151,;271.665980,8.16521,;271.665980,8.21531,;271.665980,8.26542,;271.665980,8.31552,;271.665980,8.36564,;271.665980,8.41574,;271.665980,8.46581,;271.665980,8.51592,;271.665980,8.566,;271.665980,8.61611,;271.665980,8.66618,;271.665980,8.71629,;271.665980,8.76638,;271.665980,8.81649,;271.665980,8.86659,;271.665980,8.9167,;271.665980,8.9668,;271.665980,9.01692,;271.665980,9.06702,;271.665980,9.11712,;271.665980,9.16723,;271.665980,9.21734,;271.665980,9.26744,;271.665980,9.31754,;271.665980,9.36765,;271.665980,9.41772,;271.665980,9.46783,;271.048871,9.51794,;271.048871,9.56805,;271.048871,9.61816,;270.949654,9.66826,;270.949654,9.71835,;270.949654,9.76847,;270.949654,9.81858,;270.949654,9.86868,;270.949654,9.91877,;270.949654,9.96889,;270.949654,10.019,;270.949654,10.0691,;
547.442111,0.0500933,;547.442111,0.10018,;514.362492,0.150267,;514.362492,0.200389,;514.362492,0.250495,;514.362492,0.300599,;466.270978,0.350669,;466.270978,0.400745,;383.512157,0.450858,;383.512157,0.500961,;383.512157,0.551029,;383.512157,0.601107,;383.512157,0.651214,;383.512157,0.701322,;383.512157,0.751391,;383.512157,0.801496,;383.512157,0.851586,;383.512157,0.901695,;383.512157,0.951783,;383.512157,1.00189,;383.512157,1.05197,;383.512157,1.10208,;318.528717,1.15219,;318.528717,1.20226,;318.528717,1.25234,;318.528717,1.30245,;318.528717,1.35257,;318.528717,1.40268,;318.528717,1.45279,;318.528717,1.5029,;318.528717,1.55297,;300.148444,1.60307,;295.430517,1.65319,;295.430517,1.70326,;295.430517,1.75336,;295.430517,1.80343,;295.430517,1.85355,;295.430517,1.90363,;295.430517,1.95374,;295.430517,2.00383,;295.430517,2.05394,;290.920270,2.10402,;290.920270,2.15409,;286.612497,2.20416,;286.612497,2.25424,;286.612497,2.30432,;286.612497,2.3544,;286.612497,2.4045,;286.612497,2.45458,;286.612497,2.50465,;286.612497,2.55472,;286.612497,2.60482,;286.612497,2.65489,;286.612497,2.70499,;286.612497,2.75509,;286.612497,2.80519,;286.612497,2.85525,;286.612497,2.90536,;286.612497,2.95543,;286.612497,3.00553,;286.612497,3.05561,;286.612497,3.10571,;286.612497,3.1558,;286.612497,3.20591,;286.612497,3.25599,;286.612497,3.30608,;286.612497,3.35618,;286.612497,3.40629,;286.612497,3.45639,;286.612497,3.5065,;286.612497,3.55658,;286.612497,3.60667,;284.934039,3.65678,;284.934039,3.70688,;284.934039,3.75697,;284.934039,3.80705,;284.934039,3.85713,;284.934039,3.90724,;284.934039,3.95735,;284.934039,4.00741,;284.934039,4.05751,;284.934039,4.1076,;284.934039,4.1577,;284.934039,4.20778,;284.934039,4.25786,;284.934039,4.30795,;284.934039,4.35806,;274.897297,4.40814,;274.897297,4.45825,;269.863591,4.50833,;269.863591,4.55844,;269.863591,4.60853,;269.863591,4.65864,;269.863591,4.70875,;269.863591,4.75885,;269.863591,4.80897,;269.863591,4.85904,;269.863591,4.90917,;269.863591,4.95925,;269.863591,5.00936,;269.863591,5.05943,;269.863591,5.10956,;269.863591,5.15967,;269.863591,5.20974,;269.863591,5.25981,;269.863591,5.30988,;269.863591,5.35996,;269.863591,5.41003,;269.863591,5.4601,;269.863591,5.51017,;269.863591,5.56028,;269.863591,5.61035,;269.863591,5.66046,;269.863591,5.71054,;269.863591,5.76062,;269.863591,5.81072,;269.863591,5.86083,;269.863591,5.91089,;269.863591,5.96101,;269.863591,6.01108,;269.863591,6.06118,;269.863591,6.11122,;269.863591,6.16129,;269.863591,6.21138,;269.863591,6.26148,;269.863591,6.31158,;269.863591,6.36171,;269.863591,6.41179,;269.863591,6.46191,;269.863591,6.512,;269.863591,6.56212,;269.863591,6.61221,;269.863591,6.66233,;269.863591,6.71243,;269.863591,6.76254,;269.863591,6.81265,;269.863591,6.86276,;269.863591,6.91288,;269.863591,6.96295,;269.863591,7.01306,;269.863591,7.06316,;269.863591,7.11327,;269.863591,7.16334,;269.863591,7.21341,;269.863591,7.26348,;269.863591,7.31359,;269.863591,7.36367,;269.863591,7.41379,;269.863591,7.46388,;269.863591,7.514,;269.863591,7.56411,;269.863591,7.61422,;269.863591,7.6643,;269.863591,7.71439,;269.863591,7.76451,;269.863591,7.8146,;269.863591,7.86472,;269.863591,7.91483,;269.863591,7.96492,;269.863591,8.01503,;269.863591,8.06511,;269.863591,8.11518,;269.863591,8.16528,;269.863591,8.21535,;269.863591,8.26543,;269.863591,8.31552,;269.863591,8.3656,;269.863591,8.41568,;269.863591,8.46577,;269.863591,8.51585,;269.863591,8.56593,;269.863591,8.61601,;269.863591,8.6661,;269.863591,8.71618,;269.863591,8.76626,;269.863591,8.81636,;269.863591,8.86645,;269.863591,8.91653,;269.863591,8.96663,;269.863591,9.01672,;269.863591,9.06682,;269.863591,9.1169,;269.863591,9.167,;269.863591,9.21714,;269.863591,9.26723,;269.863591,9.31731,;269.863591,9.3674,;269.863591,9.41749,;269.863591,9.46758,;269.863591,9.51767,;269.863591,9.56777,;269.863591,9.61789,;269.863591,9.66797,;269.863591,9.71808,;269.863591,9.76817,;269.863591,9.81828,;269.863591,9.86836,;269.863591,9.91845,;269.863591,9.96853,;269.863591,10.0186,;
392.945011,0.050095,;392.945011,0.100188,;392.945011,0.15031,;392.945011,0.200409,;392.945011,0.250506,;392.945011,0.300595,;392.945011,0.350679,;377.954729,0.400754,;375.842239,0.450843,;375.842239,0.500934,;375.842239,0.551022,;375.842239,0.601123,;375.842239,0.651239,;375.842239,0.701323,;375.842239,0.75142,;375.842239,0.801515,;369.414707,0.851611,;369.414707,0.901747,;369.414707,0.951824,;369.414707,1.0019,;369.414707,1.05199,;369.414707,1.10208,;355.920004,1.15216,;355.920004,1.20225,;355.920004,1.25235,;341.013253,1.30248,;341.013253,1.35259,;328.463882,1.40271,;328.463882,1.4528,;328.463882,1.5029,;328.463882,1.55299,;328.463882,1.60308,;328.463882,1.65317,;316.796667,1.7033,;316.796667,1.75338,;316.796667,1.80347,;316.796667,1.85355,;316.796667,1.90367,;316.796667,1.95378,;316.796667,2.00386,;316.796667,2.05397,;316.796667,2.10405,;312.341614,2.15415,;312.341614,2.20424,;312.341614,2.25437,;312.341614,2.30447,;312.341614,2.35456,;312.341614,2.40466,;312.341614,2.45476,;312.341614,2.50491,;293.767223,2.555,;293.767223,2.60511,;293.767223,2.65524,;293.767223,2.70536,;293.767223,2.75544,;293.767223,2.80553,;293.767223,2.85564,;293.767223,2.90573,;293.767223,2.95581,;293.767223,3.00588,;293.767223,3.05596,;293.767223,3.10604,;293.767223,3.15612,;293.767223,3.20621,;293.767223,3.2563,;293.767223,3.30639,;293.767223,3.35649,;293.767223,3.40657,;293.767223,3.45666,;293.767223,3.50674,;293.767223,3.55681,;293.767223,3.60691,;292.199934,3.657,;292.199934,3.70708,;292.199934,3.75716,;292.199934,3.80725,;292.199934,3.85733,;292.199934,3.90741,;292.199934,3.95749,;292.199934,4.00757,;292.199934,4.05765,;292.199934,4.10774,;292.199934,4.15782,;292.199934,4.20791,;292.199934,4.258,;292.199934,4.3081,;292.199934,4.35819,;292.199934,4.40829,;292.199934,4.45841,;292.199934,4.5085,;292.199934,4.55859,;292.199934,4.60868,;292.199934,4.65878,;292.199934,4.70887,;283.117233,4.75896,;283.117233,4.80906,;283.117233,4.85918,;281.398422,4.90925,;281.398422,4.95933,;281.398422,5.00944,;281.398422,5.05955,;281.398422,5.10967,;281.398422,5.15972,;281.398422,5.20979,;281.398422,5.25987,;281.398422,5.30994,;281.398422,5.36004,;281.398422,5.41017,;281.398422,5.46025,;281.398422,5.51033,;280.813309,5.56043,;280.813309,5.61055,;280.813309,5.66061,;280.813309,5.71069,;280.813309,5.76078,;280.813309,5.81089,;280.813309,5.86103,;280.813309,5.91113,;280.813309,5.96124,;280.813309,6.01131,;280.813309,6.06142,;280.813309,6.11153,;280.813309,6.16163,;280.813309,6.21171,;280.813309,6.26184,;280.813309,6.31191,;280.813309,6.36203,;280.813309,6.41211,;280.813309,6.46221,;280.813309,6.51231,;280.813309,6.56242,;280.813309,6.6125,;280.813309,6.66258,;280.813309,6.71271,;280.813309,6.76282,;280.813309,6.81291,;280.813309,6.86302,;280.813309,6.91313,;280.813309,6.96321,;280.813309,7.01334,;280.813309,7.06344,;280.813309,7.11356,;280.621846,7.16368,;280.621846,7.21379,;280.621846,7.26387,;280.621846,7.31398,;280.621846,7.36407,;280.621846,7.41419,;280.621846,7.4643,;280.621846,7.51438,;280.621846,7.56449,;280.621846,7.61464,;280.621846,7.66473,;280.621846,7.71483,;280.621846,7.76495,;280.621846,7.81507,;280.621846,7.86519,;280.621846,7.91531,;280.621846,7.9654,;280.621846,8.01549,;280.621846,8.06561,;280.621846,8.11573,;280.621846,8.16584,;280.621846,8.21592,;280.621846,8.266,;280.621846,8.31608,;280.621846,8.36618,;280.621846,8.41628,;280.621846,8.46637,;271.569604,8.51645,;271.569604,8.56657,;258.123633,8.61666,;258.123633,8.66674,;258.123633,8.71682,;258.123633,8.76693,;258.123633,8.81703,;258.123633,8.86715,;258.123633,8.91726,;258.123633,8.96737,;258.123633,9.01745,;258.123633,9.06757,;258.123633,9.11768,;258.123633,9.16779,;258.123633,9.21789,;258.123633,9.26797,;258.123633,9.31807,;258.123633,9.36815,;258.123633,9.41827,;258.123633,9.46835,;258.123633,9.51848,;258.123633,9.56858,;258.123633,9.6187,;258.123633,9.66879,;258.123633,9.71891,;258.123633,9.76903,;258.123633,9.81913,;258.123633,9.86924,;258.123633,9.91936,;258.123633,9.96944,;258.123633,10.0196,;
inf,0.050066,;inf,0.100155,;inf,0.150235,;inf,0.200314,;463.460058,0.250405,;443.401062,0.300493,;443.401062,0.350581,;443.401062,0.400679,;443.401062,0.450771,;443.401062,0.500855,;443.401062,0.550941,;443.401062,0.601027,;443.401062,0.651112,;358.540575,0.701194,;358.540575,0.75129,;358.540575,0.801376,;358.540575,0.851463,;358.540575,0.901548,;321.037842,0.951627,;321.037842,1.00171,;321.037842,1.05179,;321.037842,1.1019,;321.037842,1.15199,;321.037842,1.2021,;321.037842,1.25222,;321.037842,1.3023,;321.037842,1.35238,;321.037842,1.40247,;321.037842,1.45257,;321.037842,1.50269,;310.675953,1.5528,;310.675953,1.60291,;310.675953,1.65302,;310.675953,1.70313,;296.534852,1.75325,;296.534852,1.80337,;296.534852,1.85348,;296.534852,1.90359,;296.534852,1.9537,;296.534852,2.00379,;296.534852,2.05391,;296.534852,2.10402,;296.534852,2.15413,;296.534852,2.20424,;287.737061,2.25436,;287.737061,2.30447,;287.737061,2.35458,;287.737061,2.40469,;287.737061,2.45479,;287.737061,2.50489,;287.737061,2.555,;287.737061,2.60508,;287.737061,2.65521,;287.737061,2.70529,;287.737061,2.75539,;287.737061,2.80547,;280.968281,2.85555,;280.968281,2.90566,;280.968281,2.95577,;280.968281,3.00587,;280.968281,3.05596,;280.968281,3.10607,;280.968281,3.15617,;280.968281,3.20626,;280.968281,3.25634,;275.740807,3.30642,;275.740807,3.35653,;275.740807,3.40664,;275.740807,3.45675,;275.740807,3.50686,;275.740807,3.55698,;275.145369,3.60709,;275.145369,3.6572,;275.145369,3.7073,;275.145369,3.75743,;275.145369,3.8075,;275.145369,3.85761,;275.145369,3.90772,;275.145369,3.95782,;275.145369,4.00791,;275.145369,4.05798,;275.145369,4.10811,;275.145369,4.15818,;275.145369,4.20829,;275.145369,4.25841,;275.145369,4.30849,;275.145369,4.3586,;275.145369,4.40869,;275.145369,4.45876,;275.145369,4.50887,;275.145369,4.55897,;275.145369,4.60905,;275.145369,4.65916,;275.145369,4.70923,;275.145369,4.75935,;275.145369,4.80946,;275.145369,4.85953,;275.145369,4.90963,;275.145369,4.9597,;275.145369,5.0098,;275.145369,5.0599,;275.145369,5.10998,;275.145369,5.16006,;275.145369,5.21016,;275.145369,5.26024,;274.242219,5.31035,;274.242219,5.36043,;274.242219,5.41052,;274.242219,5.46064,;274.242219,5.51072,;274.242219,5.56083,;274.242219,5.61095,;274.242219,5.66104,;274.242219,5.71113,;274.242219,5.76125,;274.242219,5.81138,;274.242219,5.86148,;274.242219,5.91155,;274.242219,5.96161,;274.242219,6.01169,;274.242219,6.0618,;274.242219,6.11189,;274.242219,6.16198,;274.242219,6.21205,;267.548131,6.26215,;267.548131,6.31222,;267.548131,6.36231,;267.548131,6.41239,;267.548131,6.46251,;267.548131,6.51261,;267.548131,6.5627,;267.548131,6.6128,;267.548131,6.66289,;267.548131,6.71301,;267.548131,6.76314,;267.548131,6.81322,;267.548131,6.8633,;267.548131,6.9134,;267.548131,6.96349,;267.548131,7.01356,;267.548131,7.06364,;267.548131,7.11373,;267.548131,7.16384,;267.548131,7.21392,;267.548131,7.26403,;267.548131,7.31411,;267.548131,7.3642,;267.548131,7.41432,;267.548131,7.46442,;267.548131,7.5145,;267.548131,7.56458,;267.548131,7.61468,;267.548131,7.6648,;267.548131,7.71491,;267.548131,7.765,;267.548131,7.81509,;267.548131,7.86516,;267.548131,7.91527,;267.548131,7.96536,;267.548131,8.01546,;267.548131,8.06557,;267.548131,8.11567,;267.548131,8.16578,;267.548131,8.21589,;267.548131,8.26601,;267.548131,8.31609,;267.548131,8.36622,;267.548131,8.41631,;267.548131,8.46642,;267.548131,8.51651,;267.548131,8.56663,;267.548131,8.61672,;267.548131,8.66684,;267.548131,8.71696,;267.548131,8.76709,;267.548131,8.81722,;267.548131,8.86734,;267.548131,8.91746,;267.548131,8.96755,;267.548131,9.01763,;267.548131,9.06773,;267.548131,9.11785,;267.548131,9.16795,;267.548131,9.21807,;267.548131,9.26817,;267.548131,9.31827,;267.548131,9.36839,;267.548131,9.41851,;267.548131,9.46861,;267.548131,9.51869,;267.548131,9.56879,;267.548131,9.61887,;267.548131,9.66898,;267.548131,9.71909,;267.548131,9.76921,;267.548131,9.81933,;267.548131,9.8694,;267.548131,9.91947,;262.048000,9.96957,;262.048000,10.0196,;
inf,0.0500638,;485.895934,0.100151,;485.895934,0.150246,;424.293837,0.200327,;424.293837,0.250414,;424.293837,0.3005,;404.498781,0.350615,;369.209168,0.400707,;369.209168,0.450788,;369.209168,0.500896,;369.209168,0.550999,;367.756257,0.601103,;367.756257,0.651235,;367.756257,0.701311,;334.944222,0.751425,;334.944222,0.801511,;331.149007,0.851619,;331.149007,0.901723,;331.149007,0.951831,;331.149007,1.00193,;331.149007,1.05204,;331.149007,1.10212,;331.149007,1.15223,;331.149007,1.20234,;331.149007,1.25245,;331.149007,1.30253,;331.149007,1.35264,;331.149007,1.40274,;331.149007,1.45285,;326.615674,1.50294,;317.021472,1.55305,;317.021472,1.60316,;317.021472,1.65327,;317.021472,1.70338,;317.021472,1.75346,;317.021472,1.80357,;317.021472,1.85365,;317.021472,1.90375,;317.021472,1.95384,;317.021472,2.00395,;317.021472,2.05403,;317.021472,2.10414,;317.021472,2.15422,;317.021472,2.20433,;317.021472,2.25441,;317.021472,2.30453,;281.571064,2.35463,;281.571064,2.40473,;281.571064,2.45482,;281.571064,2.50493,;281.571064,2.55504,;281.571064,2.60515,;281.571064,2.65526,;281.571064,2.70537,;281.571064,2.7555,;281.571064,2.80561,;281.571064,2.85572,;281.571064,2.90582,;281.571064,2.9559,;281.571064,3.00597,;281.571064,3.05608,;281.571064,3.10616,;281.571064,3.15627,;281.571064,3.20643,;281.571064,3.25653,;280.383622,3.30662,;280.383622,3.35673,;280.383622,3.4068,;280.383622,3.45688,;280.383622,3.507,;280.383622,3.5571,;280.383622,3.60717,;280.383622,3.65724,;280.383622,3.70731,;280.383622,3.75743,;280.383622,3.80753,;280.383622,3.85763,;280.383622,3.90774,;280.383622,3.95781,;280.383622,4.00792,;280.383622,4.05803,;280.383622,4.1081,;280.383622,4.15818,;280.383622,4.2083,;280.383622,4.25837,;280.383622,4.30849,;280.383622,4.35857,;280.383622,4.40867,;280.383622,4.45881,;280.383622,4.50888,;280.383622,4.55899,;280.383622,4.60906,;280.383622,4.65913,;280.383622,4.70921,;280.383622,4.75931,;280.383622,4.80939,;280.383622,4.8595,;279.821604,4.90958,;279.821604,4.9597,;279.821604,5.00978,;279.821604,5.05991,;279.821604,5.10999,;279.821604,5.1601,;279.821604,5.21018,;279.821604,5.2603,;279.821604,5.31039,;279.821604,5.36046,;279.821604,5.41056,;279.821604,5.46067,;279.821604,5.51083,;279.821604,5.5609,;279.821604,5.61099,;278.974621,5.66107,;278.974621,5.71116,;278.974621,5.76123,;278.974621,5.81131,;278.030142,5.86141,;278.030142,5.91152,;278.030142,5.9616,;278.030142,6.01171,;278.030142,6.06181,;278.030142,6.11192,;278.030142,6.16199,;278.030142,6.2121,;278.030142,6.26218,;278.030142,6.31229,;278.030142,6.36238,;278.030142,6.4125,;278.030142,6.4626,;278.030142,6.5127,;277.726081,6.56278,;277.726081,6.61289,;277.726081,6.66301,;277.726081,6.71313,;277.726081,6.76321,;277.726081,6.81329,;277.726081,6.8634,;277.726081,6.91348,;277.726081,6.96359,;277.726081,7.01367,;277.726081,7.06378,;277.726081,7.11386,;276.497614,7.16398,;276.497614,7.21409,;276.497614,7.26416,;276.497614,7.31424,;276.497614,7.36438,;276.497614,7.41448,;276.497614,7.46455,;276.497614,7.51467,;276.497614,7.56474,;276.497614,7.61487,;276.497614,7.66494,;276.497614,7.71506,;276.497614,7.76509,;276.497614,7.81518,;276.497614,7.86525,;276.497614,7.91532,;276.497614,7.9654,;276.497614,8.01552,;276.497614,8.06559,;276.497614,8.1157,;276.497614,8.16578,;276.497614,8.2159,;276.497614,8.26598,;276.497614,8.31605,;276.497614,8.36615,;276.497614,8.41624,;276.497614,8.46632,;269.072416,8.51643,;269.072416,8.56651,;269.072416,8.61663,;269.072416,8.66674,;269.072416,8.71682,;269.072416,8.76694,;269.072416,8.81708,;269.072416,8.86719,;269.072416,8.91726,;269.072416,8.96736,;269.072416,9.01745,;269.072416,9.06753,;269.072416,9.11766,;269.072416,9.16775,;269.072416,9.21784,;269.072416,9.26793,;269.072416,9.31801,;269.072416,9.36808,;269.072416,9.41816,;269.072416,9.46826,;269.072416,9.51834,;269.072416,9.56847,;269.072416,9.61858,;269.072416,9.66865,;269.072416,9.71874,;269.072416,9.76884,;269.072416,9.81895,;269.072416,9.86903,;269.072416,9.91914,;269.072416,9.9692,;269.072416,10.0193,;
501.096308,0.0500972,;479.530982,0.100189,;475.913076,0.150308,;475.913076,0.200394,;475.913076,0.250488,;451.099716,0.300569,;451.099716,0.350681,;388.554787,0.400783,;388.554787,0.450856,;388.554787,0.50097,;388.554787,0.551081,;372.836855,0.601185,;372.836855,0.651257,;371.002929,0.701371,;371.002929,0.751438,;371.002929,0.801545,;371.002929,0.851652,;371.002929,0.901768,;324.566405,0.951838,;324.566405,1.00192,;324.566405,1.05202,;324.566405,1.1021,;324.566405,1.15221,;324.566405,1.20229,;324.566405,1.25238,;324.566405,1.30247,;324.566405,1.35257,;324.566405,1.40265,;324.566405,1.45274,;324.566405,1.50284,;324.566405,1.55295,;324.566405,1.60307,;324.566405,1.65318,;324.566405,1.70325,;324.566405,1.75335,;324.566405,1.80343,;324.566405,1.85352,;324.566405,1.90361,;324.566405,1.95371,;324.566405,2.00379,;324.566405,2.0539,;324.566405,2.10397,;324.566405,2.15407,;324.566405,2.20415,;324.566405,2.25426,;324.566405,2.30433,;324.566405,2.35442,;324.566405,2.40452,;324.566405,2.45462,;324.566405,2.50473,;324.566405,2.55483,;324.566405,2.60495,;324.566405,2.65506,;324.566405,2.70518,;324.566405,2.75525,;324.566405,2.80536,;324.566405,2.85544,;324.566405,2.90555,;324.566405,2.95563,;324.566405,3.00574,;324.566405,3.05582,;324.566405,3.10593,;324.566405,3.15601,;324.566405,3.20614,;324.566405,3.25624,;285.983763,3.30636,;285.983763,3.35647,;285.983763,3.40658,;285.983763,3.45669,;285.983763,3.50681,;285.983763,3.55692,;285.983763,3.60704,;285.983763,3.65715,;285.983763,3.70722,;285.983763,3.75733,;285.983763,3.80742,;285.983763,3.85751,;285.983763,3.90759,;285.983763,3.9577,;285.983763,4.00779,;285.983763,4.05787,;285.983763,4.10794,;285.983763,4.15806,;285.983763,4.20812,;285.983763,4.25823,;285.983763,4.3083,;276.675192,4.35837,;276.675192,4.40845,;276.675192,4.45852,;276.675192,4.50861,;276.675192,4.55869,;276.675192,4.6088,;276.675192,4.6589,;276.675192,4.70899,;276.675192,4.7591,;276.675192,4.8092,;276.675192,4.85927,;276.675192,4.90937,;276.675192,4.95947,;276.675192,5.00954,;276.675192,5.05962,;276.675192,5.10973,;276.675192,5.1598,;276.675192,5.20991,;276.675192,5.26,;276.675192,5.3101,;276.675192,5.36017,;276.675192,5.41027,;276.675192,5.46034,;276.675192,5.51046,;276.675192,5.56054,;276.675192,5.61062,;276.675192,5.66074,;276.675192,5.71083,;276.675192,5.76092,;276.675192,5.811,;274.924695,5.86107,;274.924695,5.91114,;274.924695,5.96123,;274.924695,6.01133,;274.924695,6.0614,;274.924695,6.11148,;274.924695,6.1616,;274.924695,6.21168,;274.924695,6.26179,;274.924695,6.31189,;274.924695,6.36197,;274.924695,6.41206,;274.924695,6.46217,;274.924695,6.51225,;274.924695,6.56237,;269.646590,6.61245,;269.646590,6.66256,;269.646590,6.71267,;269.646590,6.76275,;269.646590,6.81286,;269.646590,6.86296,;269.646590,6.91307,;269.646590,6.96313,;269.646590,7.01323,;269.646590,7.0633,;269.646590,7.1134,;269.646590,7.16349,;269.646590,7.21361,;269.646590,7.2637,;269.646590,7.3138,;269.646590,7.36387,;269.646590,7.41397,;269.646590,7.46408,;269.646590,7.51416,;269.646590,7.56427,;269.646590,7.61435,;269.646590,7.66449,;269.646590,7.71461,;269.646590,7.76472,;269.646590,7.81483,;268.327478,7.86491,;268.327478,7.91503,;268.327478,7.96513,;268.327478,8.0152,;268.327478,8.0653,;268.327478,8.11537,;268.327478,8.16548,;257.906096,8.21556,;257.906096,8.26567,;257.906096,8.31576,;257.906096,8.36587,;257.906096,8.41597,;257.906096,8.46604,;257.906096,8.51614,;257.906096,8.56624,;257.906096,8.61635,;257.906096,8.66642,;257.906096,8.71651,;257.906096,8.76659,;257.906096,8.8167,;257.906096,8.86677,;257.906096,8.91685,;257.906096,8.96696,;257.906096,9.01703,;257.906096,9.06715,;257.906096,9.11722,;257.906096,9.1673,;257.906096,9.21738,;257.906096,9.26747,;257.906096,9.31756,;257.906096,9.36767,;257.906096,9.4178,;257.906096,9.46789,;257.906096,9.518,;257.906096,9.56808,;257.906096,9.6182,;257.906096,9.66831,;257.906096,9.71843,;257.906096,9.76854,;257.906096,9.81862,;257.906096,9.86871,;257.906096,9.91883,;257.906096,9.96893,;257.906096,10.019,;257.906096,10.0691,;
inf,0.0500948,;380.930091,0.100206,;380.930091,0.150316,;380.930091,0.200421,;380.930091,0.250524,;380.930091,0.300634,;380.930091,0.350748,;380.930091,0.40087,;380.930091,0.45098,;380.930091,0.501087,;364.443968,0.551208,;364.443968,0.60132,;364.443968,0.651412,;364.443968,0.701514,;324.264129,0.7516,;316.154221,0.801702,;316.154221,0.851788,;316.154221,0.90191,;316.154221,0.95202,;304.934243,1.0021,;304.934243,1.0522,;304.934243,1.10231,;304.934243,1.15241,;304.934243,1.20252,;304.934243,1.25262,;304.934243,1.30273,;304.934243,1.35283,;304.934243,1.4029,;304.934243,1.45301,;304.934243,1.5031,;304.934243,1.55321,;304.934243,1.6033,;304.934243,1.65342,;304.934243,1.70352,;304.934243,1.75362,;304.934243,1.80373,;304.934243,1.85384,;304.148188,1.90394,;304.148188,1.95406,;304.148188,2.00417,;297.279828,2.05428,;297.279828,2.10439,;297.279828,2.15449,;286.635898,2.2046,;286.635898,2.25471,;286.635898,2.30482,;286.635898,2.35492,;286.635898,2.40503,;286.635898,2.45513,;286.635898,2.50524,;286.635898,2.55536,;286.635898,2.60547,;286.635898,2.65557,;286.635898,2.70568,;286.635898,2.75578,;286.635898,2.80589,;286.635898,2.85597,;286.635898,2.90605,;286.635898,2.95613,;286.635898,3.00623,;286.635898,3.05631,;286.635898,3.10641,;286.635898,3.1565,;286.635898,3.20659,;286.635898,3.25669,;286.635898,3.3068,;286.635898,3.35691,;286.635898,3.40702,;286.635898,3.45714,;286.635898,3.50723,;286.635898,3.55734,;286.635898,3.60745,;286.635898,3.65756,;286.635898,3.70763,;286.635898,3.75774,;286.635898,3.80782,;286.635898,3.85793,;286.635898,3.90804,;286.635898,3.95812,;286.635898,4.00823,;286.635898,4.05835,;286.635898,4.10843,;286.635898,4.15854,;286.635898,4.20865,;286.635898,4.25875,;286.635898,4.30886,;286.635898,4.35898,;286.635898,4.4091,;286.635898,4.45919,;286.635898,4.50931,;286.635898,4.55939,;286.635898,4.60951,;286.635898,4.65962,;286.635898,4.70972,;286.635898,4.75982,;286.635898,4.80989,;286.635898,4.85999,;286.635898,4.9101,;286.635898,4.9602,;286.635898,5.01031,;286.635898,5.06039,;286.635898,5.11051,;286.635898,5.16061,;267.406807,5.21068,;267.406807,5.26079,;267.406807,5.31086,;267.406807,5.36096,;267.406807,5.41107,;267.406807,5.46118,;267.406807,5.5113,;267.406807,5.56138,;267.406807,5.61151,;267.406807,5.66159,;267.406807,5.71169,;267.406807,5.7618,;267.406807,5.81191,;267.406807,5.86202,;267.406807,5.91214,;267.406807,5.96224,;267.406807,6.01234,;267.406807,6.06245,;267.406807,6.11252,;267.406807,6.1626,;267.406807,6.21272,;267.406807,6.26278,;267.406807,6.31284,;267.406807,6.36291,;267.406807,6.41303,;267.406807,6.46312,;267.406807,6.5132,;267.406807,6.56329,;267.406807,6.61341,;267.406807,6.66349,;267.406807,6.7136,;267.406807,6.7637,;267.406807,6.81382,;267.406807,6.86391,;267.406807,6.91398,;267.406807,6.96407,;267.406807,7.01417,;267.406807,7.06429,;267.406807,7.1144,;267.406807,7.16451,;267.406807,7.21462,;267.406807,7.26472,;267.406807,7.31478,;267.406807,7.36489,;267.406807,7.41499,;267.406807,7.46507,;267.406807,7.51516,;267.406807,7.56527,;267.406807,7.61536,;267.406807,7.66548,;267.406807,7.71556,;267.406807,7.76564,;267.406807,7.81573,;267.406807,7.86583,;267.406807,7.9159,;267.406807,7.96601,;267.406807,8.01609,;267.406807,8.0662,;267.406807,8.1163,;267.406807,8.16637,;267.406807,8.21648,;267.406807,8.2666,;267.406807,8.3167,;267.406807,8.36681,;267.406807,8.41691,;267.406807,8.46698,;267.406807,8.51709,;267.406807,8.56717,;267.406807,8.6173,;267.406807,8.66738,;267.406807,8.71749,;267.406807,8.76757,;267.406807,8.81769,;267.406807,8.86779,;267.406807,8.9179,;267.406807,8.96797,;267.406807,9.01804,;267.406807,9.06813,;267.406807,9.11822,;267.406807,9.16833,;267.406807,9.21843,;267.406807,9.26854,;267.406807,9.31864,;267.406807,9.36871,;267.406807,9.41883,;267.406807,9.4689,;267.406807,9.51899,;267.406807,9.56911,;267.406807,9.6192,;267.406807,9.66931,;267.406807,9.71939,;267.406807,9.7695,;267.406807,9.81958,;267.406807,9.86969,;267.406807,9.91979,;267.406807,9.96991,;267.406807,10.02,;267.406807,10.0701,;
552.696172,0.0500725,;452.618314,0.100188,;452.618314,0.150299,;452.618314,0.200407,;452.618314,0.250506,;414.400635,0.300608,;414.400635,0.350709,;414.400635,0.400819,;414.400635,0.450894,;414.400635,0.50097,;404.953549,0.551084,;404.953549,0.601168,;404.953549,0.651274,;404.953549,0.701358,;404.953549,0.751466,;404.953549,0.80155,;404.953549,0.851657,;404.953549,0.901764,;389.834844,0.951851,;389.834844,1.00196,;389.834844,1.05207,;389.834844,1.10218,;389.834844,1.15228,;389.834844,1.20239,;389.834844,1.25249,;389.834844,1.3026,;389.834844,1.3527,;389.834844,1.40281,;389.834844,1.45287,;389.834844,1.50298,;389.834844,1.55306,;389.834844,1.60314,;389.834844,1.65323,;389.834844,1.70337,;330.304697,1.75348,;318.064216,1.80359,;318.064216,1.8537,;318.064216,1.90381,;318.064216,1.95392,;318.064216,2.00403,;318.064216,2.05414,;318.064216,2.10424,;318.064216,2.15435,;318.064216,2.20445,;318.064216,2.25455,;318.064216,2.30466,;318.064216,2.35477,;318.064216,2.40484,;318.064216,2.45494,;318.064216,2.50506,;318.064216,2.55514,;318.064216,2.60522,;318.064216,2.65529,;318.064216,2.70536,;313.345856,2.75545,;313.345856,2.80554,;313.345856,2.85564,;313.345856,2.90573,;313.345856,2.95584,;311.419731,3.00592,;292.424414,3.05603,;291.777474,3.10613,;291.777474,3.15621,;291.777474,3.20632,;291.777474,3.25642,;291.777474,3.30653,;291.777474,3.35664,;291.777474,3.40672,;291.777474,3.45685,;291.777474,3.50696,;291.777474,3.55707,;291.777474,3.60718,;291.777474,3.65725,;285.395958,3.70736,;285.395958,3.75743,;285.395958,3.80753,;285.395958,3.85763,;285.395958,3.90773,;285.395958,3.95782,;285.395958,4.00794,;285.395958,4.05804,;285.395958,4.10812,;285.395958,4.15823,;285.395958,4.20833,;285.395958,4.25843,;285.395958,4.30854,;285.395958,4.35864,;285.395958,4.40871,;285.395958,4.45882,;285.395958,4.5089,;285.395958,4.559,;285.395958,4.60907,;285.395958,4.65917,;285.395958,4.70924,;285.395958,4.75935,;285.395958,4.80943,;285.395958,4.85954,;279.904641,4.90963,;277.348920,4.95974,;273.758423,5.00985,;273.758423,5.05996,;273.758423,5.11007,;273.758423,5.16017,;273.758423,5.21027,;273.758423,5.26037,;273.758423,5.31045,;273.758423,5.36057,;273.758423,5.41064,;273.758423,5.46073,;273.758423,5.51083,;273.758423,5.5609,;273.758423,5.61097,;273.758423,5.66103,;273.758423,5.7111,;273.758423,5.76119,;273.758423,5.81127,;271.609155,5.86138,;271.609155,5.91149,;257.705917,5.96157,;257.705917,6.01165,;257.705917,6.06172,;257.705917,6.11181,;257.705917,6.16196,;257.705917,6.21208,;257.705917,6.2622,;257.705917,6.31229,;257.705917,6.36236,;257.705917,6.41244,;257.705917,6.46253,;257.705917,6.51261,;257.705917,6.56272,;257.705917,6.61284,;257.705917,6.66295,;257.705917,6.71302,;257.705917,6.76312,;257.705917,6.8132,;257.705917,6.86332,;257.705917,6.9134,;257.705917,6.96351,;257.705917,7.0136,;257.705917,7.06371,;257.705917,7.11382,;257.705917,7.16393,;257.705917,7.21403,;257.705917,7.26487,;257.705917,7.31494,;257.705917,7.36502,;257.705917,7.41513,;257.705917,7.46522,;257.705917,7.51533,;257.705917,7.56542,;257.705917,7.61553,;257.705917,7.66561,;257.705917,7.71573,;257.705917,7.76579,;257.705917,7.81586,;257.705917,7.86593,;257.705917,7.91602,;257.705917,7.9661,;257.705917,8.01618,;257.705917,8.06625,;257.705917,8.11633,;257.705917,8.16642,;254.271589,8.2165,;254.271589,8.26658,;254.271589,8.31667,;254.271589,8.36675,;254.271589,8.41681,;254.271589,8.4669,;254.271589,8.51698,;254.271589,8.56705,;254.271589,8.61713,;254.271589,8.66721,;254.271589,8.71728,;254.271589,8.76737,;254.271589,8.81745,;254.271589,8.86757,;254.271589,8.91766,;254.271589,8.96774,;254.271589,9.01785,;254.271589,9.06793,;254.271589,9.11802,;254.271589,9.16814,;254.271589,9.21824,;254.271589,9.26831,;254.271589,9.31839,;254.271589,9.36849,;254.271589,9.41857,;254.271589,9.46866,;254.271589,9.51874,;254.271589,9.56879,;254.271589,9.61891,;254.271589,9.66898,;254.271589,9.71906,;254.271589,9.76914,;254.271589,9.81923,;254.271589,9.86931,;254.271589,9.91941,;254.271589,9.96949,;254.271589,10.0196,;
378.149144,0.0500938,;378.149144,0.100203,;378.149144,0.150306,;378.149144,0.200369,;378.149144,0.250466,;378.149144,0.300535,;378.149144,0.35065,;378.149144,0.400721,;378.149144,0.450838,;378.149144,0.500927,;378.149144,0.55103,;378.149144,0.601095,;351.867277,0.651165,;341.356780,0.701252,;341.356780,0.751357,;341.356780,0.801423,;341.356780,0.851529,;341.356780,0.901618,;341.356780,0.951724,;341.356780,1.00185,;341.356780,1.05195,;341.356780,1.10206,;341.356780,1.15216,;341.356780,1.20222,;316.873339,1.25235,;316.873339,1.30244,;316.873339,1.35252,;316.873339,1.40263,;316.873339,1.45275,;316.873339,1.50286,;316.873339,1.55294,;316.873339,1.60301,;316.873339,1.65308,;316.873339,1.70319,;316.873339,1.75326,;316.873339,1.80337,;316.873339,1.85346,;287.670901,1.90357,;287.670901,1.95366,;287.670901,2.00377,;287.670901,2.05383,;287.670901,2.10393,;287.670901,2.15404,;287.670901,2.20411,;287.670901,2.25417,;287.670901,2.30425,;287.670901,2.35433,;287.670901,2.40437,;287.670901,2.45445,;287.670901,2.50451,;287.670901,2.5546,;287.670901,2.60468,;287.670901,2.65479,;287.670901,2.70488,;287.670901,2.75499,;287.670901,2.80506,;287.670901,2.85515,;287.670901,2.90527,;287.670901,2.95535,;287.670901,3.00544,;287.670901,3.05552,;287.670901,3.1056,;279.984614,3.15569,;279.984614,3.2058,;279.984614,3.2559,;279.984614,3.30601,;279.984614,3.3561,;279.984614,3.4062,;279.984614,3.45631,;279.984614,3.50643,;279.984614,3.55652,;279.984614,3.60662,;279.984614,3.65672,;279.984614,3.70682,;279.984614,3.7569,;279.984614,3.80702,;279.984614,3.85712,;279.984614,3.90724,;279.984614,3.95733,;279.984614,4.00744,;279.984614,4.05752,;279.984614,4.1076,;279.984614,4.15771,;279.984614,4.20781,;279.984614,4.25793,;279.984614,4.30805,;271.132621,4.35817,;271.132621,4.40828,;271.132621,4.45836,;271.132621,4.50846,;271.132621,4.55854,;271.132621,4.60862,;271.132621,4.65873,;270.814752,4.70882,;270.814752,4.75894,;270.814752,4.80901,;266.900598,4.85913,;266.900598,4.90922,;266.900598,4.95932,;266.900598,5.00941,;266.900598,5.05952,;266.900598,5.1096,;266.900598,5.15968,;265.713603,5.20977,;265.713603,5.25988,;265.713603,5.30996,;265.713603,5.36008,;265.713603,5.4102,;265.713603,5.46029,;265.713603,5.51041,;265.713603,5.5605,;265.713603,5.61059,;265.713603,5.66067,;265.713603,5.71078,;265.713603,5.76085,;265.713603,5.81096,;265.713603,5.86108,;260.649726,5.91118,;260.649726,5.96129,;260.649726,6.01139,;260.649726,6.0615,;260.649726,6.11161,;260.649726,6.16171,;260.649726,6.21182,;260.649726,6.26193,;260.649726,6.312,;260.649726,6.36212,;260.649726,6.41223,;260.649726,6.46234,;260.649726,6.51244,;260.649726,6.56255,;260.649726,6.61262,;260.649726,6.66273,;260.649726,6.71282,;260.649726,6.76292,;260.649726,6.813,;260.649726,6.86312,;256.921211,6.91321,;256.921211,6.96332,;256.921211,7.01341,;256.921211,7.06354,;256.921211,7.11366,;256.921211,7.16378,;256.921211,7.2139,;256.921211,7.26402,;256.921211,7.3141,;256.921211,7.36422,;256.921211,7.41433,;256.921211,7.46443,;256.921211,7.51452,;256.921211,7.5646,;256.921211,7.61471,;256.921211,7.6648,;256.921211,7.71491,;256.921211,7.76503,;256.921211,7.8151,;256.921211,7.8652,;256.921211,7.91531,;256.921211,7.96539,;256.921211,8.01547,;256.921211,8.06555,;256.921211,8.11565,;256.921211,8.16573,;256.921211,8.21582,;256.921211,8.2659,;256.921211,8.31599,;256.921211,8.36612,;256.921211,8.4162,;256.921211,8.46629,;256.921211,8.51637,;256.921211,8.56648,;256.921211,8.61654,;256.921211,8.66662,;256.921211,8.71671,;256.921211,8.76678,;256.921211,8.81686,;256.921211,8.86695,;256.921211,8.91703,;256.921211,8.9671,;256.921211,9.01719,;256.921211,9.06727,;256.921211,9.11734,;256.921211,9.16743,;256.921211,9.2175,;256.921211,9.26761,;256.921211,9.31768,;256.921211,9.36777,;256.921211,9.41789,;256.921211,9.468,;256.921211,9.51809,;256.921211,9.56818,;256.921211,9.61825,;256.921211,9.66834,;256.921211,9.71842,;256.921211,9.7685,;256.921211,9.81861,;256.921211,9.86871,;256.921211,9.91881,;256.921211,9.9689,;256.921211,10.019,;256.921211,10.0691,;
549.050687,0.0500941,;549.050687,0.100201,;549.050687,0.150283,;474.215597,0.200369,;474.215597,0.250485,;426.849275,0.300594,;426.849275,0.350698,;426.849275,0.400807,;426.849275,0.450919,;426.849275,0.501021,;426.849275,0.551129,;426.849275,0.601196,;426.849275,0.651307,;303.113840,0.701388,;303.113840,0.751466,;303.113840,0.801574,;303.113840,0.851679,;303.113840,0.901785,;303.113840,0.951888,;303.113840,1.00199,;303.113840,1.05208,;303.113840,1.10219,;303.113840,1.15229,;303.113840,1.2024,;303.113840,1.25252,;303.113840,1.30266,;303.113840,1.35275,;303.113840,1.40284,;303.113840,1.45293,;303.113840,1.50302,;303.113840,1.5531,;294.968512,1.60318,;294.968512,1.65329,;294.968512,1.70337,;294.968512,1.75346,;294.968512,1.80354,;294.968512,1.85366,;282.191615,1.90374,;282.191615,1.95382,;282.191615,2.00389,;282.191615,2.05397,;282.191615,2.10404,;282.191615,2.15412,;278.872658,2.20423,;278.872658,2.25435,;278.872658,2.30442,;278.872658,2.35452,;278.872658,2.40463,;278.872658,2.45473,;278.872658,2.50484,;278.872658,2.55492,;278.872658,2.60503,;278.872658,2.65506,;278.872658,2.70514,;278.872658,2.75521,;278.872658,2.80532,;278.872658,2.85539,;261.752390,2.90546,;261.752390,2.95553,;261.752390,3.00564,;261.752390,3.05575,;261.752390,3.10581,;261.752390,3.15589,;261.752390,3.206,;261.752390,3.25612,;261.752390,3.30624,;261.752390,3.35633,;261.752390,3.40643,;261.752390,3.45654,;261.752390,3.50665,;261.752390,3.55674,;261.752390,3.60686,;261.752390,3.65694,;261.752390,3.70702,;261.752390,3.75712,;261.752390,3.80719,;261.752390,3.85726,;261.752390,3.90734,;261.752390,3.95743,;261.752390,4.00753,;261.752390,4.05765,;261.752390,4.10771,;261.752390,4.15782,;261.752390,4.20788,;261.752390,4.25799,;261.752390,4.30807,;261.752390,4.35819,;261.752390,4.40827,;261.752390,4.45838,;261.752390,4.50846,;261.752390,4.55857,;261.752390,4.60865,;261.752390,4.65877,;261.752390,4.70885,;261.752390,4.75896,;261.752390,4.80905,;261.752390,4.85912,;261.752390,4.9092,;261.752390,4.95933,;261.752390,5.00941,;261.752390,5.05948,;261.752390,5.10959,;261.752390,5.1597,;261.752390,5.20976,;261.752390,5.25985,;261.752390,5.30994,;261.752390,5.36001,;261.752390,5.41009,;261.752390,5.46021,;261.752390,5.5103,;261.752390,5.56038,;261.752390,5.61046,;261.752390,5.66054,;261.752390,5.71062,;261.752390,5.7607,;261.752390,5.81078,;261.752390,5.86087,;261.752390,5.91096,;261.752390,5.96104,;261.752390,6.01111,;261.752390,6.06119,;261.752390,6.11127,;261.752390,6.16138,;261.752390,6.21146,;261.752390,6.26155,;261.752390,6.31164,;261.752390,6.36175,;261.752390,6.41183,;261.752390,6.46192,;261.752390,6.51203,;261.752390,6.5621,;261.752390,6.61217,;261.752390,6.66228,;261.752390,6.71237,;251.570885,6.76248,;251.570885,6.81261,;251.570885,6.86271,;251.570885,6.91282,;251.570885,6.96289,;251.570885,7.01299,;251.570885,7.06312,;251.570885,7.11323,;251.570885,7.16329,;251.570885,7.21339,;251.570885,7.26347,;251.570885,7.31359,;251.570885,7.36368,;251.570885,7.4138,;251.570885,7.46388,;251.570885,7.51401,;251.570885,7.56413,;251.570885,7.6142,;251.570885,7.66429,;251.570885,7.71435,;251.570885,7.76443,;251.570885,7.81451,;251.570885,7.86459,;251.570885,7.91466,;251.570885,7.96475,;251.570885,8.01483,;251.570885,8.06494,;251.570885,8.11502,;251.570885,8.16513,;251.570885,8.2152,;251.570885,8.26527,;251.570885,8.31534,;251.570885,8.36542,;251.570885,8.4155,;251.570885,8.46561,;251.570885,8.51569,;251.570885,8.5658,;251.570885,8.61588,;251.570885,8.66595,;251.570885,8.71603,;251.570885,8.76614,;251.570885,8.81625,;251.570885,8.86632,;251.570885,8.91639,;251.570885,8.96651,;251.570885,9.01657,;251.570885,9.06669,;251.570885,9.11677,;251.570885,9.16685,;251.570885,9.21694,;251.570885,9.26705,;251.570885,9.31718,;251.570885,9.36726,;251.570885,9.41737,;251.570885,9.46745,;251.570885,9.51753,;251.570885,9.56763,;251.570885,9.6177,;251.570885,9.66778,;251.570885,9.71786,;251.570885,9.76798,;251.570885,9.81807,;251.570885,9.86816,;251.570885,9.91826,;251.570885,9.96833,;251.570885,10.0184,;251.570885,10.0685,;
423.515995,0.0500735,;423.515995,0.100185,;423.515995,0.150271,;423.515995,0.200385,;423.515995,0.250488,;423.515995,0.300605,;423.515995,0.350673,;423.515995,0.400785,;423.515995,0.45086,;367.207557,0.500936,;367.207557,0.551003,;367.207557,0.601069,;367.207557,0.651191,;367.207557,0.701284,;367.207557,0.751391,;367.207557,0.801476,;318.573109,0.851548,;318.573109,0.901639,;318.573109,0.951744,;318.573109,1.00185,;301.762128,1.05196,;301.762128,1.10204,;301.762128,1.15212,;301.762128,1.20224,;301.762128,1.25236,;301.762128,1.30246,;301.762128,1.35256,;301.762128,1.40263,;301.762128,1.4527,;301.762128,1.50282,;301.762128,1.55291,;301.762128,1.60303,;301.762128,1.6531,;301.762128,1.70322,;301.762128,1.7533,;301.762128,1.80341,;301.762128,1.85351,;301.762128,1.90359,;301.762128,1.9537,;301.762128,2.0038,;296.012155,2.05391,;296.012155,2.10401,;296.012155,2.15408,;296.012155,2.20416,;296.012155,2.25427,;296.012155,2.30438,;296.012155,2.35446,;296.012155,2.40457,;296.012155,2.45467,;296.012155,2.50478,;296.012155,2.55485,;296.012155,2.60491,;296.012155,2.65503,;296.012155,2.70515,;296.012155,2.75526,;296.012155,2.80534,;296.012155,2.85543,;296.012155,2.90551,;296.012155,2.9556,;296.012155,3.00568,;296.012155,3.05579,;296.012155,3.10589,;296.012155,3.15598,;296.012155,3.20608,;296.012155,3.25618,;296.012155,3.30627,;296.012155,3.35638,;296.012155,3.40648,;296.012155,3.45655,;296.012155,3.50666,;296.012155,3.55676,;296.012155,3.60685,;296.012155,3.65691,;279.298757,3.70703,;279.298757,3.7571,;279.298757,3.80718,;279.298757,3.85728,;279.298757,3.90736,;279.298757,3.95745,;279.298757,4.00753,;279.298757,4.05762,;279.298757,4.10772,;279.298757,4.15781,;279.298757,4.20793,;279.298757,4.25802,;279.298757,4.30812,;279.298757,4.3582,;279.298757,4.40828,;279.298757,4.45836,;279.298757,4.50844,;279.298757,4.55853,;279.298757,4.60861,;279.298757,4.65868,;279.298757,4.70878,;279.298757,4.75888,;279.298757,4.80895,;279.298757,4.85902,;279.298757,4.90909,;279.298757,4.95915,;279.298757,5.00922,;279.298757,5.0593,;279.298757,5.10938,;279.298757,5.15945,;279.298757,5.20954,;279.298757,5.25963,;279.298757,5.30971,;279.298757,5.3598,;279.298757,5.40988,;279.298757,5.45995,;279.298757,5.51006,;279.298757,5.56016,;279.298757,5.61027,;279.298757,5.66035,;279.298757,5.71045,;279.298757,5.76053,;279.298757,5.81062,;266.507751,5.86074,;266.507751,5.91081,;266.507751,5.9609,;266.507751,6.01098,;266.507751,6.06106,;266.507751,6.11112,;266.507751,6.16121,;266.507751,6.21129,;266.507751,6.26137,;266.507751,6.31146,;266.507751,6.36156,;266.507751,6.41167,;266.507751,6.46175,;266.507751,6.51185,;266.507751,6.56194,;266.507751,6.61203,;266.507751,6.66212,;266.507751,6.71224,;266.507751,6.76233,;266.507751,6.81245,;266.507751,6.86254,;266.507751,6.91265,;266.507751,6.96275,;266.507751,7.01285,;266.507751,7.06297,;266.507751,7.11306,;266.507751,7.16316,;266.507751,7.21326,;266.507751,7.26334,;266.507751,7.31343,;266.507751,7.36352,;266.507751,7.41361,;266.507751,7.46371,;266.507751,7.5138,;266.507751,7.56389,;266.507751,7.614,;266.507751,7.66408,;266.507751,7.71418,;266.507751,7.76426,;266.507751,7.81437,;266.507751,7.86445,;266.507751,7.91454,;266.507751,7.96462,;266.507751,8.01471,;266.507751,8.06479,;266.507751,8.11489,;266.507751,8.16497,;266.507751,8.21509,;266.507751,8.26517,;266.507751,8.31525,;266.507751,8.36533,;266.507751,8.41542,;266.507751,8.46552,;266.507751,8.51563,;266.507751,8.56572,;266.507751,8.6158,;266.507751,8.6659,;266.507751,8.71598,;266.507751,8.76606,;266.507751,8.81614,;266.507751,8.86622,;266.507751,8.91631,;266.507751,8.96641,;266.507751,9.01651,;266.507751,9.06661,;266.507751,9.11672,;266.507751,9.1668,;266.507751,9.2169,;266.507751,9.26704,;266.507751,9.31712,;266.507751,9.36723,;266.507751,9.4173,;266.507751,9.46738,;266.507751,9.51747,;266.507751,9.56759,;266.507751,9.61768,;266.507751,9.66778,;266.507751,9.71791,;266.507751,9.76798,;266.507751,9.81806,;266.507751,9.86817,;266.507751,9.91826,;266.507751,9.96837,;266.507751,10.0185,;
537.377960,0.0500748,;537.377960,0.100183,;537.377960,0.150271,;476.330468,0.200384,;476.330468,0.250471,;476.330468,0.300558,;476.330468,0.350655,;444.272540,0.400762,;444.272540,0.450865,;444.272540,0.50097,;444.272540,0.551073,;444.272540,0.601152,;444.272540,0.651276,;444.272540,0.701397,;444.272540,0.751491,;384.515018,0.801573,;374.542812,0.851696,;331.023976,0.901835,;331.023976,0.951954,;331.023976,1.00208,;331.023976,1.0522,;331.023976,1.10229,;331.023976,1.15241,;331.023976,1.2025,;331.023976,1.25259,;331.023976,1.30267,;331.023976,1.35276,;331.023976,1.40286,;331.023976,1.45297,;331.023976,1.50306,;331.023976,1.55318,;331.023976,1.6033,;331.023976,1.6534,;331.023976,1.70348,;331.023976,1.75355,;331.023976,1.80363,;331.023976,1.8537,;331.023976,1.90378,;331.023976,1.95389,;331.023976,2.00399,;331.023976,2.0541,;331.023976,2.1042,;331.023976,2.15431,;331.023976,2.20443,;323.754248,2.25453,;323.754248,2.30464,;323.754248,2.35474,;323.754248,2.40483,;295.119580,2.45495,;295.119580,2.50507,;295.119580,2.55518,;295.119580,2.6053,;295.119580,2.65541,;295.119580,2.70546,;295.119580,2.75559,;295.119580,2.80567,;295.119580,2.85578,;295.119580,2.90586,;295.119580,2.95597,;282.686719,3.00605,;282.686719,3.05616,;282.686719,3.10624,;282.686719,3.15636,;282.686719,3.20643,;282.686719,3.25654,;282.686719,3.3066,;282.686719,3.35671,;282.686719,3.40681,;280.519153,3.45691,;280.519153,3.507,;280.519153,3.55712,;280.519153,3.60723,;280.519153,3.65734,;280.519153,3.70745,;280.519153,3.75752,;280.519153,3.80763,;280.519153,3.85773,;280.519153,3.9078,;280.519153,3.95788,;280.519153,4.00799,;280.519153,4.0581,;280.519153,4.10821,;280.519153,4.15831,;280.519153,4.20842,;280.519153,4.2585,;280.519153,4.30861,;280.519153,4.35869,;280.519153,4.40876,;280.519153,4.45884,;265.817841,4.50892,;265.817841,4.55899,;265.817841,4.60907,;265.817841,4.65917,;265.817841,4.70924,;265.817841,4.75935,;265.817841,4.80942,;265.817841,4.85953,;265.817841,4.90959,;265.817841,4.9597,;265.817841,5.00979,;265.817841,5.05989,;265.817841,5.10996,;265.817841,5.16004,;265.817841,5.21013,;265.817841,5.26024,;265.817841,5.3103,;265.817841,5.36038,;265.817841,5.41047,;265.817841,5.46054,;265.817841,5.51061,;265.817841,5.56072,;265.817841,5.61081,;265.817841,5.6609,;265.817841,5.71099,;265.817841,5.76113,;265.817841,5.81122,;265.817841,5.86131,;265.817841,5.91142,;265.817841,5.96147,;265.817841,6.01158,;265.817841,6.06169,;265.817841,6.11179,;265.817841,6.1619,;265.817841,6.21201,;265.817841,6.26209,;265.817841,6.31219,;265.817841,6.36229,;265.817841,6.41239,;265.817841,6.46247,;265.817841,6.51259,;265.817841,6.56268,;265.817841,6.61278,;265.817841,6.66289,;265.817841,6.713,;265.817841,6.7631,;265.817841,6.8132,;265.817841,6.86329,;265.817841,6.91339,;265.817841,6.96347,;265.817841,7.01355,;265.817841,7.06363,;265.817841,7.11374,;265.817841,7.16385,;265.817841,7.21394,;265.817841,7.26403,;265.817841,7.3141,;265.817841,7.36417,;265.817841,7.41426,;265.817841,7.46435,;265.817841,7.51447,;265.817841,7.56459,;265.817841,7.61471,;265.817841,7.66482,;265.817841,7.71493,;265.817841,7.765,;265.817841,7.8151,;265.817841,7.86519,;265.817841,7.91529,;265.817841,7.96536,;265.817841,8.01544,;265.817841,8.06551,;265.817841,8.1156,;265.817841,8.16568,;265.817841,8.21579,;265.817841,8.26587,;265.817841,8.31595,;265.817841,8.36604,;265.817841,8.41614,;265.817841,8.46621,;265.817841,8.5163,;265.817841,8.56639,;265.817841,8.61647,;265.817841,8.66655,;265.817841,8.71662,;265.817841,8.76669,;265.817841,8.8168,;265.817841,8.86687,;265.817841,8.91696,;265.817841,8.96703,;265.817841,9.01713,;265.817841,9.06724,;265.817841,9.11733,;265.817841,9.16744,;265.817841,9.21751,;265.817841,9.26762,;265.817841,9.31769,;265.817841,9.36779,;265.817841,9.41788,;265.817841,9.46796,;265.817841,9.51805,;265.817841,9.56814,;265.817841,9.61825,;265.817841,9.66836,;265.817841,9.71843,;265.817841,9.76854,;265.817841,9.81863,;265.817841,9.86874,;265.817841,9.91884,;265.817841,9.96896,;265.817841,10.0191,;
520.704793,0.0500958,;520.704793,0.100184,;520.704793,0.1503,;426.135601,0.200384,;403.525112,0.250469,;403.525112,0.300591,;357.585546,0.350698,;357.585546,0.400802,;357.585546,0.450841,;357.585546,0.500944,;357.585546,0.551013,;357.585546,0.601118,;357.585546,0.651204,;336.702860,0.701273,;336.702860,0.751357,;336.702860,0.801466,;336.702860,0.851552,;336.702860,0.901666,;336.702860,0.951773,;336.702860,1.00188,;336.702860,1.05196,;336.702860,1.10208,;336.702860,1.15218,;336.702860,1.20229,;336.702860,1.25239,;326.414794,1.3025,;318.753100,1.35261,;318.753100,1.40268,;318.753100,1.45278,;318.753100,1.50285,;318.753100,1.55297,;318.753100,1.60304,;318.753100,1.65316,;318.753100,1.70324,;318.753100,1.75335,;318.753100,1.80341,;318.753100,1.8535,;308.504731,1.90361,;282.608695,1.95372,;282.608695,2.00383,;282.608695,2.05393,;282.608695,2.10403,;282.608695,2.15414,;282.608695,2.20423,;275.121163,2.25434,;275.121163,2.30444,;275.121163,2.35455,;275.121163,2.40466,;275.121163,2.45476,;275.121163,2.50487,;275.121163,2.55494,;275.121163,2.60505,;275.121163,2.65516,;275.121163,2.70526,;275.121163,2.75537,;275.121163,2.80547,;275.121163,2.85556,;275.121163,2.90567,;275.121163,2.95578,;275.121163,3.00589,;275.121163,3.05598,;275.121163,3.10609,;275.121163,3.15621,;275.121163,3.20632,;275.121163,3.25642,;275.121163,3.30652,;275.121163,3.35662,;275.121163,3.40673,;275.121163,3.45681,;275.121163,3.50689,;275.121163,3.55701,;275.121163,3.60708,;275.121163,3.6572,;275.121163,3.70728,;264.006010,3.75736,;264.006010,3.80744,;264.006010,3.85751,;264.006010,3.90759,;264.006010,3.95769,;264.006010,4.00778,;264.006010,4.05789,;264.006010,4.10799,;264.006010,4.1581,;264.006010,4.20819,;264.006010,4.2583,;264.006010,4.3084,;264.006010,4.3585,;264.006010,4.4086,;264.006010,4.45871,;264.006010,4.50881,;264.006010,4.55888,;264.006010,4.60896,;264.006010,4.65903,;255.920692,4.7091,;255.920692,4.75919,;255.920692,4.80927,;255.920692,4.85934,;255.920692,4.90943,;255.920692,4.95951,;255.920692,5.0096,;255.920692,5.05972,;255.920692,5.10983,;255.920692,5.15994,;255.920692,5.21004,;255.920692,5.26012,;255.920692,5.31022,;255.920692,5.36033,;255.920692,5.41043,;255.920692,5.46053,;255.920692,5.5106,;255.920692,5.5607,;255.920692,5.61082,;255.920692,5.66091,;255.920692,5.711,;255.920692,5.76108,;255.920692,5.81117,;255.920692,5.86126,;255.920692,5.91135,;255.920692,5.96148,;255.920692,6.01156,;255.920692,6.06168,;255.920692,6.11176,;255.920692,6.16186,;255.920692,6.21195,;255.920692,6.26204,;255.920692,6.31211,;255.920692,6.36222,;255.920692,6.4123,;255.920692,6.46238,;255.920692,6.51249,;255.920692,6.56258,;255.920692,6.61268,;255.920692,6.66281,;255.920692,6.7129,;255.920692,6.763,;255.920692,6.8131,;255.920692,6.8632,;255.920692,6.9133,;255.920692,6.9634,;255.920692,7.01353,;255.920692,7.06362,;255.920692,7.1137,;255.920692,7.16379,;251.356494,7.21391,;251.356494,7.26399,;251.356494,7.31408,;251.356494,7.36418,;251.356494,7.4143,;251.356494,7.46438,;251.356494,7.51448,;251.356494,7.56456,;251.356494,7.61467,;251.356494,7.66479,;251.356494,7.71484,;251.356494,7.76497,;251.356494,7.81506,;251.356494,7.86514,;251.356494,7.91527,;251.356494,7.96539,;251.356494,8.0155,;251.356494,8.06562,;251.356494,8.1157,;251.356494,8.1658,;251.356494,8.2159,;251.356494,8.26602,;251.356494,8.3161,;251.356494,8.36622,;251.356494,8.41634,;251.356494,8.46645,;251.356494,8.51657,;251.356494,8.56669,;251.356494,8.61679,;251.356494,8.66687,;251.356494,8.71696,;251.356494,8.76705,;251.356494,8.81719,;251.356494,8.86729,;251.356494,8.91741,;251.356494,8.9675,;251.356494,9.01758,;251.356494,9.06766,;251.356494,9.11775,;251.356494,9.16784,;251.356494,9.21792,;251.356494,9.26802,;251.356494,9.31812,;251.356494,9.36821,;251.356494,9.41829,;251.356494,9.46841,;251.356494,9.5185,;248.635885,9.56859,;248.635885,9.61867,;248.635885,9.66875,;248.635885,9.71884,;248.635885,9.76892,;248.635885,9.819,;248.635885,9.86908,;248.635885,9.91916,;248.635885,9.96925,;248.635885,10.0193,;
inf,0.0500602,;446.428655,0.100144,;446.428655,0.150235,;446.428655,0.200322,;446.428655,0.250415,;446.428655,0.300518,;446.428655,0.350606,;446.428655,0.400702,;446.428655,0.450774,;364.271736,0.500863,;364.271736,0.550964,;364.271736,0.601067,;364.271736,0.651156,;364.271736,0.70127,;359.332354,0.751348,;359.332354,0.80147,;359.332354,0.851617,;359.332354,0.90173,;359.332354,0.951846,;359.332354,1.00197,;359.332354,1.05205,;359.332354,1.10213,;359.332354,1.15222,;359.332354,1.20233,;359.332354,1.25244,;359.332354,1.30254,;359.332354,1.35265,;359.332354,1.40277,;359.332354,1.45286,;359.332354,1.50297,;359.332354,1.55305,;345.243900,1.60312,;345.243900,1.6532,;345.243900,1.70329,;301.903659,1.75337,;301.903659,1.80345,;301.903659,1.85353,;301.903659,1.90363,;301.903659,1.95374,;301.903659,2.00383,;301.903659,2.05392,;301.903659,2.10399,;301.903659,2.15409,;301.903659,2.20417,;301.903659,2.25429,;301.903659,2.30437,;301.903659,2.35446,;287.343688,2.40455,;287.343688,2.45467,;287.343688,2.50475,;287.343688,2.55488,;287.343688,2.60498,;287.343688,2.65507,;283.460106,2.70518,;283.460106,2.75527,;283.460106,2.80539,;283.460106,2.85549,;283.460106,2.90561,;272.422906,2.95568,;272.422906,3.00577,;272.422906,3.0559,;272.422906,3.10601,;272.422906,3.15608,;272.422906,3.20618,;272.422906,3.25627,;272.422906,3.30635,;272.422906,3.35643,;272.422906,3.40651,;272.422906,3.45659,;272.422906,3.50671,;272.422906,3.5568,;272.422906,3.60691,;272.422906,3.65702,;272.422906,3.70711,;272.422906,3.75721,;272.422906,3.80729,;272.422906,3.85739,;272.422906,3.90749,;272.422906,3.95759,;272.422906,4.00771,;272.422906,4.0578,;272.422906,4.1079,;272.422906,4.15802,;272.422906,4.2081,;272.422906,4.25818,;272.422906,4.30827,;272.422906,4.35836,;272.422906,4.40846,;272.422906,4.45857,;272.422906,4.50866,;272.422906,4.55875,;272.422906,4.60885,;272.422906,4.65893,;272.422906,4.70902,;272.422906,4.75912,;272.422906,4.8092,;272.422906,4.85928,;272.422906,4.90939,;272.422906,4.95952,;272.422906,5.00964,;272.422906,5.05972,;272.422906,5.10981,;272.422906,5.15984,;272.422906,5.20995,;272.422906,5.26001,;272.422906,5.31012,;272.422906,5.36022,;272.422906,5.41033,;272.422906,5.46041,;272.422906,5.51051,;272.422906,5.5606,;272.422906,5.61073,;272.422906,5.66082,;272.422906,5.71091,;272.422906,5.76101,;272.422906,5.81111,;272.422906,5.86123,;272.422906,5.91134,;272.422906,5.96145,;272.422906,6.01156,;272.422906,6.06165,;272.422906,6.11178,;272.422906,6.16187,;272.422906,6.21196,;272.422906,6.26208,;272.422906,6.31217,;272.422906,6.36226,;272.422906,6.41236,;272.422906,6.46248,;272.422906,6.51258,;272.422906,6.56268,;272.422906,6.61277,;272.422906,6.66288,;272.422906,6.71297,;272.422906,6.76309,;272.422906,6.81317,;272.422906,6.86327,;272.422906,6.91336,;272.422906,6.96348,;272.422906,7.0136,;272.422906,7.06371,;272.422906,7.11378,;272.422906,7.1639,;272.422906,7.214,;272.422906,7.26407,;272.422906,7.31418,;272.422906,7.36427,;272.422906,7.41436,;272.422906,7.46445,;272.422906,7.51454,;272.422906,7.56467,;272.422906,7.61479,;272.422906,7.66491,;272.422906,7.71502,;272.422906,7.76514,;272.422906,7.81524,;272.422906,7.86534,;272.422906,7.91541,;272.422906,7.96554,;272.422906,8.01563,;272.422906,8.06572,;272.422906,8.11585,;272.422906,8.16596,;272.422906,8.21604,;272.422906,8.26616,;272.422906,8.31625,;272.422906,8.36633,;258.899807,8.41643,;258.899807,8.46652,;258.899807,8.51661,;258.899807,8.56673,;258.899807,8.61684,;258.899807,8.66695,;258.899807,8.71705,;258.899807,8.76716,;258.899807,8.81726,;258.899807,8.86736,;258.899807,8.91745,;258.899807,8.96757,;258.899807,9.01765,;258.899807,9.06775,;258.899807,9.11784,;258.899807,9.1679,;258.899807,9.21801,;253.187052,9.26808,;253.187052,9.31818,;253.187052,9.36829,;253.187052,9.41839,;253.187052,9.46848,;253.187052,9.51858,;253.187052,9.56867,;253.187052,9.61878,;253.187052,9.66889,;253.187052,9.719,;253.187052,9.76912,;253.187052,9.81923,;253.187052,9.86933,;253.187052,9.9194,;253.187052,9.96952,;253.187052,10.0196,;
605.212230,0.0500623,;605.212230,0.100154,;593.494087,0.150235,;585.477502,0.200338,;570.408202,0.250433,;570.408202,0.300505,;404.926156,0.35063,;404.926156,0.400757,;404.926156,0.450838,;404.926156,0.500942,;404.926156,0.551047,;404.926156,0.601141,;404.926156,0.651238,;404.926156,0.70136,;404.926156,0.75144,;361.997751,0.80156,;361.997751,0.851659,;361.997751,0.901736,;361.997751,0.951828,;346.264236,1.00195,;346.264236,1.05204,;346.264236,1.10216,;346.264236,1.15228,;346.264236,1.20237,;346.264236,1.25246,;346.264236,1.30262,;346.264236,1.35272,;346.264236,1.40279,;346.264236,1.4529,;346.264236,1.503,;346.264236,1.55308,;346.264236,1.60317,;346.264236,1.6533,;346.264236,1.70339,;346.264236,1.75351,;346.264236,1.80358,;346.264236,1.8537,;325.684219,1.90379,;317.364953,1.95391,;317.364953,2.00401,;317.364953,2.05413,;317.364953,2.10423,;317.364953,2.15435,;317.364953,2.20446,;317.364953,2.25457,;317.364953,2.30465,;317.364953,2.3547,;317.364953,2.4048,;317.364953,2.45487,;317.364953,2.50496,;300.105050,2.55505,;300.105050,2.60521,;300.105050,2.65529,;300.105050,2.7054,;300.105050,2.75549,;300.105050,2.80561,;300.105050,2.85568,;300.105050,2.90578,;300.105050,2.95586,;300.105050,3.00597,;300.105050,3.05606,;300.105050,3.10618,;300.105050,3.15626,;300.105050,3.20638,;300.105050,3.25646,;296.288792,3.30658,;296.288792,3.35666,;296.288792,3.40674,;296.288792,3.45682,;293.704313,3.5069,;293.704313,3.55699,;286.322878,3.60708,;262.657683,3.6572,;262.657683,3.70727,;262.657683,3.75739,;262.657683,3.80747,;262.657683,3.85758,;262.657683,3.90766,;262.657683,3.95774,;262.657683,4.00786,;262.657683,4.05797,;262.657683,4.10807,;262.657683,4.15818,;262.657683,4.20829,;262.657683,4.25839,;262.657683,4.3085,;262.657683,4.3586,;262.657683,4.40868,;262.657683,4.45876,;262.657683,4.50883,;262.657683,4.55891,;262.657683,4.60898,;262.657683,4.65906,;262.657683,4.70913,;262.657683,4.75922,;262.657683,4.8093,;262.657683,4.85939,;262.657683,4.90948,;262.657683,4.95958,;262.657683,5.00967,;262.657683,5.05975,;262.657683,5.10986,;262.657683,5.15994,;262.657683,5.21004,;262.657683,5.26013,;262.657683,5.31022,;262.657683,5.3603,;262.657683,5.41042,;262.657683,5.4605,;262.657683,5.51062,;262.657683,5.5607,;262.657683,5.61078,;262.657683,5.66086,;262.657683,5.71095,;262.657683,5.76103,;262.657683,5.81111,;262.657683,5.86119,;262.657683,5.91127,;262.657683,5.96138,;262.657683,6.01147,;262.657683,6.06155,;262.657683,6.11166,;262.657683,6.16174,;262.657683,6.21185,;262.657683,6.26193,;262.657683,6.31201,;262.657683,6.3621,;262.657683,6.41219,;262.657683,6.46227,;262.657683,6.51236,;262.657683,6.56246,;262.657683,6.61255,;262.657683,6.66265,;262.657683,6.71274,;262.657683,6.76281,;262.657683,6.81288,;262.657683,6.86297,;262.657683,6.91307,;262.657683,6.96318,;262.657683,7.01329,;262.657683,7.06338,;262.657683,7.11345,;262.657683,7.16352,;262.657683,7.21362,;262.657683,7.26371,;262.657683,7.3138,;262.657683,7.3639,;262.657683,7.41398,;258.392299,7.46406,;258.392299,7.51418,;258.392299,7.56427,;258.392299,7.61436,;258.392299,7.66444,;258.392299,7.71452,;258.392299,7.76461,;258.392299,7.81466,;258.392299,7.86479,;258.392299,7.91487,;258.392299,7.96498,;258.392299,8.01505,;258.392299,8.06516,;258.392299,8.11526,;258.392299,8.16536,;258.392299,8.21545,;258.392299,8.26556,;258.392299,8.31566,;258.392299,8.36576,;258.392299,8.41585,;258.392299,8.46593,;258.392299,8.51605,;258.392299,8.56616,;258.392299,8.61625,;258.392299,8.66632,;258.392299,8.71642,;258.392299,8.76649,;258.392299,8.8166,;258.392299,8.86666,;258.392299,8.91674,;258.392299,8.96681,;258.392299,9.01691,;258.392299,9.06702,;258.392299,9.11713,;258.392299,9.1672,;258.392299,9.2173,;258.392299,9.2674,;258.392299,9.31747,;258.392299,9.36756,;258.392299,9.41766,;258.392299,9.46774,;258.392299,9.51782,;258.392299,9.56792,;258.392299,9.618,;258.392299,9.66809,;258.392299,9.71821,;258.392299,9.76829,;258.392299,9.81838,;258.392299,9.8685,;258.392299,9.91861,;258.392299,9.96872,;258.392299,10.0188,;
593.936819,0.0501012,;502.079269,0.10019,;502.079269,0.150295,;502.079269,0.200381,;502.079269,0.250497,;502.079269,0.300657,;502.079269,0.350776,;502.079269,0.400894,;450.288821,0.451014,;418.941800,0.50111,;418.941800,0.551235,;418.941800,0.601349,;418.941800,0.651468,;418.941800,0.701586,;418.941800,0.7517,;418.941800,0.801779,;401.263317,0.851833,;401.263317,0.901954,;401.263317,0.952037,;335.538163,1.00215,;335.538163,1.05224,;335.538163,1.10236,;335.538163,1.15244,;335.538163,1.20251,;335.538163,1.25259,;335.538163,1.30269,;335.538163,1.35276,;335.538163,1.40284,;335.538163,1.45293,;335.538163,1.50304,;335.538163,1.55314,;335.538163,1.60322,;335.538163,1.65331,;335.538163,1.70342,;335.538163,1.75354,;330.707015,1.80365,;330.707015,1.85376,;301.276166,1.90383,;301.276166,1.95394,;301.276166,2.00402,;301.276166,2.05412,;301.276166,2.10421,;301.276166,2.15428,;301.276166,2.20438,;301.276166,2.25448,;301.276166,2.30457,;301.276166,2.35468,;301.276166,2.40476,;301.276166,2.45488,;301.276166,2.50499,;301.276166,2.55509,;301.276166,2.6052,;301.276166,2.65531,;301.276166,2.70539,;301.276166,2.75548,;290.182317,2.80556,;290.182317,2.85563,;290.182317,2.9057,;290.182317,2.95577,;290.182317,3.00588,;290.182317,3.05595,;290.182317,3.10602,;290.182317,3.1561,;290.182317,3.20617,;290.182317,3.25624,;290.182317,3.30632,;282.153266,3.35639,;282.153266,3.40647,;282.153266,3.45656,;282.153266,3.50664,;282.153266,3.55675,;282.153266,3.60686,;282.153266,3.65696,;282.153266,3.70707,;282.153266,3.75713,;280.627531,3.80722,;280.627531,3.8573,;280.627531,3.90741,;280.627531,3.95752,;280.627531,4.00763,;280.627531,4.05771,;280.627531,4.10779,;280.627531,4.1579,;280.627531,4.20796,;280.627531,4.25806,;280.627531,4.30813,;260.592459,4.35826,;260.592459,4.40833,;260.592459,4.45841,;260.592459,4.50849,;260.592459,4.55857,;260.592459,4.60865,;260.592459,4.65876,;260.592459,4.70883,;260.592459,4.75894,;260.592459,4.80904,;260.592459,4.85914,;260.592459,4.90922,;260.592459,4.95934,;260.592459,5.00943,;260.592459,5.05953,;260.592459,5.10963,;260.592459,5.15974,;260.592459,5.20984,;260.592459,5.25991,;260.592459,5.31001,;260.592459,5.36008,;260.592459,5.41018,;260.592459,5.46027,;260.592459,5.51038,;260.592459,5.56046,;260.592459,5.61057,;260.592459,5.66065,;260.592459,5.71077,;260.592459,5.76088,;260.592459,5.81096,;260.592459,5.86104,;260.592459,5.91112,;260.592459,5.96123,;260.592459,6.01134,;260.592459,6.06144,;260.592459,6.11152,;260.592459,6.16161,;260.592459,6.21167,;260.592459,6.26177,;260.592459,6.31186,;260.592459,6.36197,;260.592459,6.41203,;260.592459,6.46211,;260.592459,6.51219,;260.592459,6.5623,;260.592459,6.61237,;260.592459,6.66248,;260.592459,6.71256,;260.592459,6.76267,;260.592459,6.81275,;260.592459,6.86283,;260.592459,6.91291,;260.592459,6.96302,;260.592459,7.0131,;260.592459,7.06321,;260.592459,7.1133,;260.592459,7.16341,;260.592459,7.21352,;260.592459,7.26363,;260.592459,7.31373,;260.592459,7.36382,;260.592459,7.4139,;260.592459,7.46398,;260.592459,7.51408,;260.592459,7.56416,;260.592459,7.61427,;260.592459,7.66436,;260.592459,7.71448,;260.592459,7.76457,;260.592459,7.81465,;258.309183,7.86474,;258.309183,7.91482,;258.309183,7.96491,;258.309183,8.01502,;258.309183,8.06513,;258.309183,8.11527,;258.309183,8.16537,;258.309183,8.21548,;258.309183,8.26558,;258.309183,8.31569,;258.309183,8.3658,;258.309183,8.41587,;258.309183,8.46595,;258.309183,8.51607,;258.309183,8.56617,;258.309183,8.61627,;258.309183,8.66638,;258.309183,8.71645,;258.309183,8.76656,;258.309183,8.81664,;258.309183,8.86673,;258.309183,8.91681,;258.309183,8.96689,;258.309183,9.01697,;258.309183,9.06706,;258.309183,9.11719,;258.309183,9.16727,;258.309183,9.21738,;258.309183,9.26746,;258.309183,9.31759,;258.309183,9.36767,;258.309183,9.41775,;258.309183,9.46786,;258.309183,9.51793,;258.309183,9.56802,;258.309183,9.61809,;258.309183,9.66817,;258.309183,9.71825,;258.309183,9.76834,;258.309183,9.81841,;258.309183,9.8685,;258.309183,9.91857,;258.309183,9.96865,;258.309183,10.0187,;258.309183,10.0688,;
551.406966,0.0500924,;551.406966,0.100163,;551.406966,0.150272,;551.406966,0.200378,;551.406966,0.250483,;551.406966,0.300562,;524.122734,0.350679,;524.122734,0.400751,;524.122734,0.450861,;524.122734,0.500965,;497.440623,0.551032,;442.292327,0.601123,;390.864168,0.651232,;390.864168,0.701344,;390.864168,0.75145,;390.864168,0.80152,;390.864168,0.851636,;390.864168,0.901743,;390.864168,0.951856,;390.864168,1.00197,;390.864168,1.05208,;390.864168,1.10219,;314.977294,1.1523,;310.226073,1.2024,;310.226073,1.25251,;310.226073,1.30261,;310.226073,1.35273,;310.226073,1.40283,;310.226073,1.45294,;310.226073,1.50301,;310.226073,1.55311,;310.226073,1.6032,;310.226073,1.65328,;310.226073,1.7034,;310.226073,1.75349,;310.226073,1.80361,;310.226073,1.85373,;310.226073,1.90384,;310.226073,1.95392,;310.226073,2.00402,;284.342514,2.05413,;284.342514,2.10424,;284.342514,2.15434,;284.342514,2.20445,;284.342514,2.25456,;284.342514,2.30463,;284.342514,2.35475,;284.342514,2.40484,;284.342514,2.45495,;284.342514,2.50507,;284.342514,2.55517,;284.342514,2.60528,;284.342514,2.65538,;284.342514,2.70549,;284.342514,2.75559,;284.342514,2.80567,;284.342514,2.85579,;284.342514,2.9059,;284.342514,2.956,;284.342514,3.00611,;284.342514,3.05621,;284.342514,3.10631,;284.342514,3.15642,;284.342514,3.20653,;284.342514,3.25663,;284.342514,3.3067,;284.342514,3.35683,;284.207230,3.40697,;284.207230,3.45704,;284.207230,3.50712,;284.207230,3.55721,;284.207230,3.60728,;284.207230,3.65741,;284.207230,3.70752,;284.207230,3.75761,;284.207230,3.8077,;284.207230,3.85781,;284.207230,3.90792,;284.207230,3.95803,;284.207230,4.00814,;284.207230,4.05822,;284.207230,4.10833,;284.207230,4.15843,;284.207230,4.20849,;284.207230,4.25857,;284.207230,4.30867,;284.207230,4.35874,;284.207230,4.40882,;284.207230,4.45894,;284.207230,4.50902,;284.207230,4.55913,;284.207230,4.60922,;284.207230,4.65933,;284.207230,4.70941,;284.207230,4.75952,;284.207230,4.80961,;284.207230,4.85972,;284.207230,4.90982,;284.207230,4.95993,;284.207230,5.01004,;276.436374,5.06014,;276.436374,5.11025,;276.436374,5.16037,;276.436374,5.21048,;276.436374,5.26058,;276.436374,5.31069,;276.436374,5.3608,;276.436374,5.4109,;276.436374,5.46101,;276.436374,5.51112,;276.436374,5.56122,;276.436374,5.61133,;276.436374,5.66143,;276.436374,5.71154,;276.436374,5.76162,;276.436374,5.81173,;276.436374,5.86184,;276.436374,5.91193,;276.436374,5.96202,;276.436374,6.01213,;276.436374,6.06224,;276.436374,6.11232,;276.436374,6.1624,;276.436374,6.21248,;276.436374,6.26258,;276.436374,6.31267,;276.436374,6.36274,;276.436374,6.41283,;276.436374,6.46293,;276.436374,6.513,;276.436374,6.56309,;276.436374,6.61317,;276.436374,6.66328,;276.436374,6.71336,;276.436374,6.76346,;273.976943,6.81355,;273.976943,6.86363,;273.976943,6.91372,;273.976943,6.96383,;273.976943,7.01393,;267.719607,7.06404,;267.719607,7.11414,;267.719607,7.16422,;267.719607,7.21432,;267.719607,7.26442,;267.719607,7.31453,;267.719607,7.36461,;267.719607,7.41472,;267.719607,7.4648,;267.719607,7.5149,;267.719607,7.56497,;267.719607,7.61507,;267.719607,7.66515,;267.719607,7.71527,;267.719607,7.76536,;267.719607,7.81546,;267.719607,7.86555,;267.719607,7.91566,;267.719607,7.96575,;267.719607,8.01586,;267.719607,8.06597,;267.719607,8.11607,;267.719607,8.16617,;267.719607,8.21628,;267.719607,8.26641,;267.719607,8.31649,;267.719607,8.3666,;267.719607,8.41672,;267.719607,8.46684,;267.719607,8.51692,;267.719607,8.56704,;267.719607,8.61715,;267.719607,8.66725,;267.719607,8.71735,;267.719607,8.76745,;267.719607,8.81757,;267.719607,8.86767,;259.386467,8.91778,;259.386467,8.96789,;259.386467,9.018,;259.386467,9.0681,;259.386467,9.11817,;259.386467,9.16824,;259.386467,9.21832,;259.386467,9.26842,;259.386467,9.3185,;259.386467,9.36858,;259.386467,9.41865,;259.386467,9.46874,;259.386467,9.51884,;259.386467,9.56894,;259.386467,9.61905,;259.386467,9.66912,;259.386467,9.71925,;259.386467,9.76933,;259.386467,9.8194,;259.386467,9.86948,;259.386467,9.91959,;259.386467,9.96967,;259.386467,10.0197,;259.386467,10.0698,;
inf,0.0500603,;463.759521,0.100141,;444.715829,0.15021,;444.715829,0.200357,;444.715829,0.25046,;444.715829,0.300572,;444.715829,0.350677,;418.461343,0.40075,;418.461343,0.450863,;418.461343,0.500968,;418.461343,0.551056,;416.018804,0.601124,;416.018804,0.651226,;416.018804,0.701332,;416.018804,0.75144,;388.895722,0.801514,;388.895722,0.851623,;388.895722,0.901728,;388.895722,0.951768,;388.895722,1.00188,;388.895722,1.05198,;322.270421,1.10204,;322.270421,1.15216,;322.270421,1.20226,;322.270421,1.25236,;322.270421,1.30245,;322.270421,1.35256,;322.270421,1.40264,;310.267718,1.45276,;310.267718,1.50283,;310.267718,1.55295,;310.267718,1.60303,;310.267718,1.65317,;310.267718,1.70326,;310.267718,1.75334,;310.267718,1.80342,;310.267718,1.8535,;310.267718,1.90359,;310.267718,1.95369,;310.267718,2.00377,;310.267718,2.05386,;310.267718,2.10392,;310.267718,2.15399,;310.267718,2.20409,;310.267718,2.25416,;310.267718,2.30425,;310.267718,2.35434,;310.267718,2.40445,;310.267718,2.45452,;310.267718,2.5046,;310.267718,2.55468,;310.267718,2.60479,;310.267718,2.6549,;310.267718,2.70497,;310.267718,2.75509,;300.760123,2.80521,;300.760123,2.85532,;300.760123,2.9054,;300.760123,2.95552,;300.760123,3.00562,;300.760123,3.05572,;300.760123,3.10579,;300.760123,3.15589,;300.760123,3.20598,;300.760123,3.25609,;300.760123,3.30616,;300.760123,3.35626,;300.760123,3.40637,;300.760123,3.45649,;294.480601,3.50656,;294.480601,3.55668,;294.480601,3.60677,;294.480601,3.65688,;294.480601,3.70699,;294.480601,3.75708,;294.480601,3.8072,;294.480601,3.85729,;294.480601,3.9074,;294.480601,3.95751,;294.480601,4.00761,;294.480601,4.05773,;294.480601,4.10781,;294.480601,4.15792,;294.480601,4.208,;294.480601,4.25809,;294.480601,4.30821,;294.480601,4.35828,;294.480601,4.40838,;294.480601,4.45847,;294.480601,4.50855,;294.480601,4.55864,;294.480601,4.60872,;294.480601,4.65881,;294.480601,4.70889,;294.480601,4.75901,;294.480601,4.8091,;294.480601,4.85919,;294.480601,4.90927,;294.480601,4.95939,;294.480601,5.0095,;294.480601,5.05961,;294.480601,5.10969,;294.480601,5.15978,;294.480601,5.20986,;294.480601,5.25999,;294.480601,5.31002,;294.480601,5.36014,;294.480601,5.41021,;294.480601,5.46033,;294.480601,5.51043,;294.480601,5.56055,;294.480601,5.61063,;294.480601,5.66074,;294.480601,5.71082,;294.480601,5.76095,;294.480601,5.81104,;294.480601,5.86116,;294.480601,5.91125,;294.480601,5.96132,;294.480601,6.01143,;294.480601,6.06149,;294.480601,6.11159,;294.480601,6.16166,;294.480601,6.21176,;294.480601,6.26189,;294.480601,6.312,;294.480601,6.36207,;294.480601,6.41215,;294.480601,6.46222,;294.480601,6.51233,;294.480601,6.56241,;294.480601,6.61253,;294.480601,6.6626,;294.480601,6.71272,;294.480601,6.76281,;294.480601,6.81289,;294.480601,6.86301,;294.480601,6.91308,;294.480601,6.96323,;294.480601,7.01333,;258.019378,7.06344,;258.019378,7.11352,;258.019378,7.16363,;258.019378,7.21373,;258.019378,7.26384,;258.019378,7.31395,;258.019378,7.36406,;258.019378,7.41413,;258.019378,7.46424,;258.019378,7.51433,;258.019378,7.56443,;258.019378,7.61452,;258.019378,7.66462,;258.019378,7.71471,;258.019378,7.76482,;258.019378,7.81494,;258.019378,7.86505,;258.019378,7.91513,;258.019378,7.96522,;258.019378,8.01533,;258.019378,8.0654,;258.019378,8.1155,;258.019378,8.16561,;258.019378,8.21572,;258.019378,8.26584,;258.019378,8.31595,;258.019378,8.36601,;258.019378,8.41612,;258.019378,8.46619,;258.019378,8.5163,;258.019378,8.56638,;258.019378,8.6165,;258.019378,8.66658,;258.019378,8.71673,;258.019378,8.76683,;258.019378,8.81691,;258.019378,8.86704,;258.019378,8.91713,;258.019378,8.96721,;258.019378,9.01728,;258.019378,9.06736,;258.019378,9.11744,;258.019378,9.16753,;258.019378,9.21761,;258.019378,9.26769,;258.019378,9.31777,;258.019378,9.36787,;258.019378,9.41797,;258.019378,9.46805,;258.019378,9.51813,;258.019378,9.56821,;258.019378,9.61831,;258.019378,9.66841,;258.019378,9.7185,;258.019378,9.76862,;258.019378,9.8187,;258.019378,9.86882,;258.019378,9.91892,;258.019378,9.96904,;258.019378,10.0191,;258.019378,10.0692,;
703.552708,0.0500927,;421.973091,0.100185,;421.973091,0.150273,;421.973091,0.200368,;421.973091,0.250455,;421.973091,0.300536,;421.973091,0.350621,;421.973091,0.400715,;421.973091,0.450808,;374.486932,0.500893,;374.486932,0.55097,;369.673066,0.601051,;369.673066,0.651129,;369.673066,0.701226,;369.673066,0.751314,;369.673066,0.801434,;344.971033,0.851515,;344.971033,0.901611,;344.971033,0.951686,;344.971033,1.00176,;344.971033,1.05183,;344.971033,1.10192,;344.971033,1.15202,;344.971033,1.20211,;344.971033,1.2522,;344.971033,1.30228,;344.971033,1.35237,;344.971033,1.40245,;344.971033,1.45253,;344.971033,1.50261,;344.971033,1.5527,;326.245147,1.60279,;326.245147,1.65287,;326.245147,1.70296,;326.245147,1.753,;326.245147,1.80308,;326.245147,1.85317,;326.245147,1.90325,;326.245147,1.95336,;308.307981,2.00344,;308.307981,2.05352,;308.307981,2.1036,;308.307981,2.15369,;308.307981,2.2038,;294.795350,2.25388,;294.795350,2.30396,;291.481717,2.35406,;290.171887,2.40416,;290.171887,2.45428,;290.171887,2.50436,;290.171887,2.5545,;290.171887,2.60458,;290.171887,2.65467,;290.171887,2.70475,;290.171887,2.75487,;288.482877,2.80495,;288.482877,2.85503,;288.482877,2.90513,;288.482877,2.9552,;288.482877,3.00529,;288.482877,3.05538,;288.482877,3.10545,;288.482877,3.15554,;288.482877,3.20566,;288.482877,3.25574,;288.482877,3.30581,;288.482877,3.35589,;288.482877,3.40597,;288.482877,3.45609,;288.482877,3.50619,;288.482877,3.55628,;275.021291,3.60637,;275.021291,3.65648,;275.021291,3.70658,;275.021291,3.75667,;275.021291,3.80677,;275.021291,3.85685,;275.021291,3.90693,;275.021291,3.95702,;275.021291,4.00714,;275.021291,4.05721,;275.021291,4.10731,;275.021291,4.15743,;275.021291,4.20752,;275.021291,4.25764,;275.021291,4.30773,;275.021291,4.35781,;275.021291,4.40794,;275.021291,4.45804,;275.021291,4.50813,;275.021291,4.55825,;275.021291,4.60834,;275.021291,4.65842,;275.021291,4.7085,;275.021291,4.75863,;275.021291,4.80874,;275.021291,4.85884,;275.021291,4.90896,;275.021291,4.95903,;275.021291,5.00914,;275.021291,5.05922,;275.021291,5.10931,;275.021291,5.15939,;275.021291,5.20948,;275.021291,5.25957,;275.021291,5.30971,;275.021291,5.3598,;275.021291,5.40991,;275.021291,5.46,;275.021291,5.51013,;275.021291,5.56022,;275.021291,5.6103,;275.021291,5.66039,;275.021291,5.71049,;275.021291,5.7606,;275.021291,5.81069,;275.021291,5.86077,;275.021291,5.91086,;275.021291,5.96095,;275.021291,6.01103,;275.021291,6.06113,;275.021291,6.11124,;275.021291,6.16135,;275.021291,6.21143,;275.021291,6.26152,;275.021291,6.31163,;275.021291,6.36173,;275.021291,6.41181,;275.021291,6.46192,;275.021291,6.51203,;275.021291,6.56212,;275.021291,6.61221,;275.021291,6.66233,;275.021291,6.71242,;275.021291,6.76251,;275.021291,6.81261,;275.021291,6.86272,;275.021291,6.91283,;275.021291,6.96291,;275.021291,7.01305,;275.021291,7.06312,;275.021291,7.11323,;275.021291,7.16332,;275.021291,7.21341,;275.021291,7.2635,;275.021291,7.31359,;275.021291,7.36369,;275.021291,7.41381,;275.021291,7.4639,;275.021291,7.51398,;275.021291,7.56406,;275.021291,7.6142,;275.021291,7.66427,;275.021291,7.71438,;275.021291,7.7645,;275.021291,7.81461,;275.021291,7.86468,;275.021291,7.91476,;275.021291,7.96484,;275.021291,8.01496,;275.021291,8.06508,;275.021291,8.11516,;275.021291,8.16528,;275.021291,8.21537,;275.021291,8.26546,;275.021291,8.31557,;275.021291,8.3657,;275.021291,8.41578,;275.021291,8.4659,;275.021291,8.51597,;275.021291,8.56608,;275.021291,8.61616,;275.021291,8.66625,;275.021291,8.71636,;275.021291,8.76648,;271.850558,8.81656,;271.850558,8.86664,;271.850558,8.91675,;271.850558,8.96686,;271.850558,9.01697,;271.850558,9.06704,;271.850558,9.11716,;271.850558,9.16724,;271.850558,9.21733,;271.850558,9.26742,;271.850558,9.3175,;271.850558,9.36759,;271.850558,9.41766,;271.850558,9.46774,;271.850558,9.51783,;271.850558,9.5679,;271.850558,9.61799,;271.850558,9.66807,;271.850558,9.71815,;271.850558,9.76823,;271.850558,9.81832,;271.850558,9.86839,;271.850558,9.91846,;271.850558,9.96853,;271.850558,10.0186,;
467.702268,0.0500985,;467.702268,0.100209,;453.888353,0.150326,;451.623383,0.200435,;451.623383,0.250545,;451.623383,0.30065,;439.576398,0.350779,;439.576398,0.400895,;439.576398,0.451004,;439.576398,0.501088,;439.576398,0.551208,;439.576398,0.601291,;439.576398,0.651411,;439.576398,0.701499,;439.576398,0.751601,;439.576398,0.801691,;439.576398,0.851814,;347.137904,0.901905,;347.137904,0.951994,;347.137904,1.00207,;347.137904,1.05219,;347.137904,1.10227,;347.137904,1.15236,;347.137904,1.20244,;347.137904,1.25252,;347.137904,1.30259,;347.137904,1.35271,;347.137904,1.40277,;347.137904,1.45284,;347.137904,1.50292,;342.920043,1.553,;342.920043,1.60309,;342.920043,1.65322,;342.920043,1.70332,;331.911079,1.75344,;331.911079,1.80352,;307.706549,1.85361,;307.706549,1.90368,;307.706549,1.95379,;307.706549,2.0039,;307.706549,2.05398,;307.706549,2.10409,;307.706549,2.1542,;293.952900,2.20427,;293.952900,2.25439,;293.952900,2.3045,;293.952900,2.3546,;293.952900,2.40471,;293.952900,2.45481,;293.952900,2.50492,;293.952900,2.55503,;293.952900,2.60511,;291.218447,2.65521,;291.218447,2.70528,;284.668784,2.75536,;284.668784,2.80546,;284.668784,2.85555,;284.668784,2.90564,;284.668784,2.95577,;280.618486,3.00588,;280.618486,3.05599,;280.618486,3.10612,;280.618486,3.1562,;280.618486,3.20628,;280.618486,3.25635,;280.618486,3.30643,;280.618486,3.3565,;280.618486,3.40658,;280.618486,3.45666,;280.618486,3.50676,;280.618486,3.55686,;280.618486,3.60693,;280.618486,3.65701,;280.618486,3.70712,;280.618486,3.75724,;280.618486,3.80736,;280.618486,3.85745,;280.618486,3.90752,;280.618486,3.9576,;280.618486,4.00768,;280.618486,4.05776,;280.618486,4.10785,;280.618486,4.158,;280.618486,4.20808,;280.618486,4.25816,;280.618486,4.30828,;280.618486,4.35841,;280.618486,4.40853,;280.618486,4.45865,;280.618486,4.50875,;280.618486,4.55882,;271.417602,4.60892,;271.417602,4.65903,;271.417602,4.70911,;271.417602,4.7592,;271.417602,4.80931,;271.417602,4.85939,;271.417602,4.9095,;271.417602,4.95958,;271.417602,5.00971,;271.417602,5.05978,;271.417602,5.10986,;271.417602,5.15997,;271.417602,5.21007,;271.417602,5.26015,;271.417602,5.31026,;271.417602,5.36037,;271.417602,5.4105,;271.417602,5.46059,;271.417602,5.51073,;271.417602,5.56086,;271.417602,5.61098,;271.417602,5.66111,;271.417602,5.71121,;271.417602,5.76133,;271.417602,5.81141,;271.417602,5.86154,;271.417602,5.91162,;271.417602,5.96174,;271.417602,6.01182,;271.417602,6.06192,;271.417602,6.11203,;271.417602,6.16214,;271.417602,6.21224,;271.417602,6.26234,;271.417602,6.31245,;271.417602,6.36256,;271.417602,6.41267,;271.417602,6.46278,;271.417602,6.51288,;271.417602,6.56298,;271.417602,6.61308,;271.417602,6.66316,;271.417602,6.71328,;271.417602,6.76335,;271.417602,6.81345,;271.417602,6.86358,;271.417602,6.91368,;271.417602,6.96379,;271.417602,7.01389,;271.417602,7.06397,;271.417602,7.11408,;271.417602,7.1642,;271.417602,7.21428,;271.417602,7.26439,;271.417602,7.31448,;271.417602,7.3646,;271.417602,7.4147,;271.417602,7.46481,;271.417602,7.51488,;271.417602,7.56498,;271.417602,7.61504,;271.417602,7.66512,;271.417602,7.71521,;271.417602,7.76533,;271.417602,7.81542,;271.417602,7.86554,;271.417602,7.91563,;271.417602,7.96574,;271.417602,8.01582,;271.417602,8.06592,;271.417602,8.11603,;271.417602,8.16614,;271.417602,8.21622,;271.417602,8.26633,;271.417602,8.31643,;271.417602,8.36651,;271.417602,8.41663,;271.417602,8.46673,;271.417602,8.51683,;271.417602,8.5669,;271.417602,8.61701,;271.417602,8.6671,;271.417602,8.71721,;271.417602,8.76729,;271.417602,8.8174,;271.417602,8.86749,;271.417602,8.9176,;271.417602,8.96771,;271.417602,9.01781,;271.417602,9.06791,;271.417602,9.11802,;271.417602,9.16813,;271.417602,9.21823,;266.969786,9.26831,;266.969786,9.31843,;266.969786,9.36854,;266.969786,9.41865,;256.777225,9.46875,;256.777225,9.51883,;256.777225,9.56893,;256.777225,9.619,;256.777225,9.6691,;256.777225,9.71918,;256.777225,9.76927,;256.777225,9.81936,;256.777225,9.86945,;256.777225,9.91953,;256.777225,9.96963,;
549.816602,0.0500947,;549.816602,0.100174,;548.250165,0.15026,;548.250165,0.200347,;548.250165,0.250434,;548.250165,0.300522,;510.817831,0.350611,;510.817831,0.400708,;510.817831,0.450816,;409.181284,0.500929,;409.181284,0.551007,;409.181284,0.601103,;409.181284,0.65121,;409.181284,0.701318,;409.181284,0.75143,;409.181284,0.801536,;409.181284,0.851653,;409.181284,0.90176,;409.181284,0.951868,;409.181284,1.00197,;409.181284,1.05204,;409.181284,1.10216,;409.181284,1.15224,;379.080631,1.20235,;379.080631,1.25242,;332.033279,1.30253,;332.033279,1.35266,;332.033279,1.40276,;332.033279,1.45289,;332.033279,1.50299,;332.033279,1.5531,;332.033279,1.60321,;332.033279,1.65333,;332.033279,1.70342,;332.033279,1.75355,;332.033279,1.80366,;332.033279,1.85377,;303.751425,1.9039,;303.751425,1.95402,;303.751425,2.00412,;303.751425,2.05422,;303.751425,2.10434,;303.751425,2.15445,;303.751425,2.20452,;303.751425,2.25463,;303.751425,2.30472,;303.751425,2.35484,;303.751425,2.40496,;303.751425,2.45503,;303.751425,2.50513,;303.751425,2.55523,;301.907942,2.60535,;301.907942,2.65546,;301.907942,2.70558,;301.907942,2.75569,;301.907942,2.80578,;301.907942,2.85589,;301.907942,2.90596,;301.907942,2.95603,;275.476948,3.0061,;275.476948,3.05617,;275.476948,3.10626,;275.476948,3.15635,;275.476948,3.20643,;275.476948,3.25652,;275.476948,3.3066,;275.476948,3.3567,;275.476948,3.40678,;275.476948,3.45686,;275.476948,3.50695,;275.476948,3.55705,;275.476948,3.60717,;275.476948,3.65724,;275.476948,3.70733,;275.476948,3.75744,;275.476948,3.80752,;275.476948,3.85764,;275.476948,3.90772,;275.476948,3.95784,;275.476948,4.00794,;275.476948,4.05805,;273.108810,4.10814,;273.108810,4.15823,;273.108810,4.20831,;273.108810,4.25842,;273.108810,4.30851,;273.108810,4.35862,;258.870209,4.40871,;258.870209,4.45879,;258.870209,4.50889,;258.870209,4.55898,;258.870209,4.60907,;258.870209,4.65916,;258.870209,4.70924,;258.870209,4.75931,;258.870209,4.80939,;258.870209,4.8595,;258.870209,4.90957,;258.870209,4.95964,;257.811859,5.00976,;257.811859,5.05987,;257.811859,5.10998,;257.811859,5.1601,;257.811859,5.21017,;257.811859,5.26028,;257.811859,5.31035,;257.811859,5.36044,;257.811859,5.41057,;257.811859,5.46065,;257.811859,5.51076,;257.811859,5.56085,;257.811859,5.61096,;257.811859,5.66104,;257.811859,5.71116,;257.811859,5.76124,;257.811859,5.81133,;257.811859,5.86141,;257.811859,5.9115,;257.811859,5.96165,;257.811859,6.01179,;257.811859,6.06187,;256.948089,6.112,;256.948089,6.1621,;256.948089,6.21217,;256.948089,6.26228,;256.948089,6.31237,;256.948089,6.36248,;256.948089,6.41256,;256.948089,6.46267,;256.948089,6.51275,;256.948089,6.56284,;256.948089,6.61293,;256.948089,6.66305,;256.948089,6.71315,;256.948089,6.76323,;256.948089,6.8133,;256.948089,6.86337,;256.948089,6.91344,;256.948089,6.96352,;256.948089,7.01361,;256.948089,7.0637,;256.948089,7.11381,;256.948089,7.16391,;256.948089,7.21402,;256.948089,7.26409,;256.948089,7.3142,;256.948089,7.36427,;256.948089,7.41438,;256.948089,7.46444,;256.948089,7.51452,;256.948089,7.56461,;256.948089,7.61473,;256.948089,7.66482,;256.948089,7.71493,;256.948089,7.76504,;256.948089,7.81512,;256.948089,7.86522,;256.948089,7.91533,;256.948089,7.96544,;256.948089,8.01551,;256.948089,8.06562,;256.948089,8.11573,;256.948089,8.16584,;256.948089,8.21595,;256.948089,8.26607,;256.948089,8.31615,;256.948089,8.36626,;256.948089,8.41635,;256.948089,8.46647,;256.948089,8.51656,;256.948089,8.56667,;256.948089,8.61676,;256.948089,8.66684,;256.948089,8.71693,;256.948089,8.76705,;256.948089,8.81716,;256.948089,8.86728,;256.948089,8.91738,;256.948089,8.96748,;256.948089,9.01758,;254.951328,9.06772,;254.951328,9.11784,;254.951328,9.16792,;254.951328,9.21799,;254.951328,9.26804,;254.951328,9.31814,;254.951328,9.36821,;254.951328,9.41829,;254.951328,9.46838,;254.951328,9.51849,;254.951328,9.56857,;254.951328,9.61868,;254.951328,9.66877,;254.951328,9.71888,;254.951328,9.76896,;254.951328,9.81907,;254.951328,9.86916,;254.951328,9.91924,;254.951328,9.96933,;254.951328,10.0194,;254.951328,10.0695,;
inf,0.0500947,;inf,0.100206,;480.707544,0.150307,;477.858683,0.200415,;477.858683,0.250526,;477.858683,0.300635,;477.858683,0.350739,;477.858683,0.400851,;477.858683,0.450959,;477.858683,0.501076,;477.858683,0.551183,;477.858683,0.601286,;434.904110,0.651393,;390.433936,0.701501,;390.433936,0.751615,;390.433936,0.801722,;390.433936,0.851802,;390.433936,0.901927,;390.433936,0.952036,;309.824725,1.00213,;309.824725,1.05224,;309.824725,1.10235,;309.824725,1.15247,;309.824725,1.20259,;309.824725,1.25273,;309.824725,1.30285,;309.824725,1.35295,;309.824725,1.40306,;309.824725,1.45317,;309.824725,1.50329,;309.726081,1.55336,;309.726081,1.60345,;309.726081,1.65356,;309.726081,1.70367,;309.726081,1.75377,;309.726081,1.80387,;309.726081,1.85396,;309.726081,1.90409,;309.726081,1.95418,;309.726081,2.0043,;309.726081,2.0544,;309.726081,2.1045,;309.726081,2.15461,;309.726081,2.20471,;309.726081,2.25479,;309.726081,2.30488,;309.726081,2.35495,;309.726081,2.40506,;309.726081,2.45516,;309.726081,2.5053,;308.882702,2.55541,;308.882702,2.60548,;308.882702,2.6556,;308.882702,2.70571,;297.942363,2.75582,;297.942363,2.80593,;297.942363,2.85604,;297.942363,2.9061,;297.942363,2.95622,;297.942363,3.00631,;297.942363,3.05643,;297.942363,3.10651,;297.942363,3.15661,;293.218621,3.2067,;293.218621,3.25678,;293.218621,3.3069,;293.218621,3.357,;286.224878,3.4071,;286.224878,3.45721,;286.224878,3.50733,;286.224878,3.5574,;286.224878,3.60752,;286.224878,3.6576,;286.224878,3.70772,;286.224878,3.75781,;286.224878,3.80793,;286.224878,3.85802,;286.224878,3.90814,;286.224878,3.95821,;286.224878,4.00833,;286.224878,4.05843,;286.224878,4.10854,;286.224878,4.15861,;286.224878,4.20868,;286.224878,4.25875,;286.224878,4.30887,;286.224878,4.35898,;286.224878,4.40907,;286.224878,4.45914,;286.224878,4.50923,;286.224878,4.55935,;276.346835,4.60943,;276.346835,4.65954,;276.346835,4.70963,;276.346835,4.75974,;276.346835,4.80983,;276.346835,4.85995,;276.346835,4.91004,;276.346835,4.96016,;276.346835,5.01024,;276.346835,5.06035,;276.346835,5.11043,;276.346835,5.1605,;276.346835,5.21058,;276.346835,5.26065,;276.346835,5.31072,;276.346835,5.3608,;276.346835,5.41087,;276.346835,5.46094,;276.346835,5.51101,;276.346835,5.56109,;276.346835,5.61117,;276.346835,5.66124,;276.346835,5.71131,;276.346835,5.7614,;276.346835,5.81148,;276.346835,5.86156,;276.346835,5.91164,;276.346835,5.96172,;276.346835,6.01181,;276.346835,6.06189,;276.346835,6.11196,;276.346835,6.16203,;276.346835,6.21211,;276.346835,6.26219,;276.346835,6.31228,;276.346835,6.36235,;276.346835,6.41244,;276.346835,6.46251,;276.346835,6.5126,;276.346835,6.56268,;276.346835,6.61276,;276.346835,6.66284,;276.346835,6.71291,;276.346835,6.76298,;276.346835,6.81305,;276.346835,6.86312,;276.346835,6.91323,;276.346835,6.96334,;276.346835,7.01342,;276.346835,7.06352,;276.346835,7.11361,;276.346835,7.16372,;276.346835,7.2138,;276.346835,7.26391,;276.346835,7.31399,;276.346835,7.36411,;276.346835,7.41421,;276.346835,7.46431,;276.346835,7.51441,;276.346835,7.56448,;276.346835,7.61456,;276.346835,7.66467,;276.346835,7.71478,;276.346835,7.76489,;276.346835,7.815,;275.579094,7.86513,;275.579094,7.91522,;275.579094,7.96535,;275.579094,8.01546,;275.579094,8.06557,;275.579094,8.11567,;262.555897,8.16577,;262.555897,8.21588,;262.555897,8.26598,;262.555897,8.31609,;262.555897,8.3662,;262.555897,8.4163,;262.555897,8.46638,;262.555897,8.51649,;262.555897,8.56658,;262.555897,8.6167,;262.555897,8.6668,;262.555897,8.71692,;262.555897,8.76703,;262.555897,8.81713,;262.555897,8.86723,;262.555897,8.91729,;262.555897,8.96739,;262.555897,9.01747,;262.555897,9.06758,;262.555897,9.11767,;262.555897,9.16774,;262.555897,9.21782,;262.555897,9.26794,;262.555897,9.31804,;262.555897,9.3681,;262.555897,9.41818,;262.555897,9.46825,;262.555897,9.51833,;262.555897,9.5684,;262.555897,9.61848,;262.555897,9.66856,;262.555897,9.71864,;262.555897,9.76874,;262.555897,9.81882,;262.555897,9.86891,;262.555897,9.91902,;262.555897,9.96914,;262.555897,10.0193,;262.555897,10.0693,;
528.306177,0.0501047,;528.306177,0.100212,;528.306177,0.150318,;528.306177,0.200418,;528.306177,0.250528,;528.306177,0.300601,;474.355659,0.350669,;474.355659,0.400754,;438.369717,0.450838,;438.369717,0.500921,;438.369717,0.551029,;438.369717,0.601113,;438.369717,0.651223,;438.369717,0.70131,;438.369717,0.751422,;438.369717,0.801527,;438.369717,0.851628,;438.369717,0.901728,;327.376898,0.951821,;327.376898,1.00189,;327.376898,1.05196,;327.376898,1.10207,;327.376898,1.15216,;327.376898,1.20227,;327.376898,1.25238,;327.376898,1.30248,;327.376898,1.35255,;327.376898,1.40262,;318.352538,1.45269,;318.352538,1.50277,;318.352538,1.55285,;296.935748,1.60296,;296.935748,1.65305,;296.935748,1.70317,;296.935748,1.75326,;296.935748,1.80339,;296.935748,1.85348,;296.935748,1.90359,;296.935748,1.95368,;296.935748,2.00378,;296.935748,2.05386,;296.935748,2.10397,;296.935748,2.15408,;296.935748,2.20415,;296.935748,2.25422,;296.935748,2.30433,;296.935748,2.35443,;277.827105,2.4045,;277.827105,2.45462,;277.827105,2.50472,;277.827105,2.5548,;269.318392,2.60489,;269.318392,2.65496,;269.318392,2.70506,;269.318392,2.75514,;269.318392,2.80522,;269.318392,2.85531,;269.318392,2.9054,;269.318392,2.95549,;269.318392,3.00563,;269.318392,3.05576,;269.318392,3.10588,;269.318392,3.15598,;269.318392,3.2061,;269.318392,3.25619,;269.318392,3.30632,;264.474652,3.35636,;264.474652,3.40644,;264.474652,3.45652,;264.474652,3.5066,;264.474652,3.55668,;264.474652,3.60675,;264.474652,3.65685,;264.474652,3.70695,;264.474652,3.75707,;264.474652,3.80718,;264.474652,3.85726,;264.474652,3.90734,;264.474652,3.95746,;264.474652,4.00755,;264.474652,4.05763,;264.474652,4.10775,;264.474652,4.15783,;264.474652,4.20791,;264.474652,4.258,;264.474652,4.30808,;264.474652,4.35816,;264.474652,4.40826,;264.474652,4.4584,;264.474652,4.50848,;264.474652,4.55857,;264.474652,4.60867,;264.474652,4.65879,;264.474652,4.70889,;264.474652,4.75897,;264.474652,4.80906,;264.474652,4.85914,;264.474652,4.90922,;264.474652,4.95932,;263.353472,5.00944,;263.353472,5.05953,;263.353472,5.10963,;263.353472,5.15976,;263.353472,5.20986,;263.353472,5.25997,;263.353472,5.31006,;263.353472,5.3602,;263.353472,5.41031,;263.353472,5.46042,;263.353472,5.51054,;263.353472,5.56061,;263.353472,5.61073,;263.353472,5.6608,;263.353472,5.7109,;263.353472,5.76102,;263.353472,5.8111,;263.353472,5.86121,;263.353472,5.9113,;263.353472,5.96142,;263.353472,6.01152,;263.353472,6.06162,;263.353472,6.1117,;263.353472,6.1618,;263.353472,6.21189,;263.353472,6.26201,;263.353472,6.31212,;263.353472,6.36224,;263.353472,6.41233,;263.353472,6.46246,;263.353472,6.51253,;263.353472,6.56264,;263.353472,6.61273,;263.353472,6.66285,;263.353472,6.71294,;263.353472,6.76304,;263.353472,6.81313,;263.353472,6.86323,;263.353472,6.91336,;263.353472,6.96346,;263.353472,7.01355,;263.353472,7.06365,;263.353472,7.11373,;263.353472,7.16383,;263.353472,7.2139,;263.353472,7.26401,;263.353472,7.31408,;259.882601,7.36416,;259.882601,7.41428,;259.882601,7.46442,;259.882601,7.51454,;259.882601,7.56461,;259.882601,7.61471,;259.882601,7.6648,;259.882601,7.71491,;259.882601,7.76505,;259.882601,7.81517,;259.882601,7.86527,;259.882601,7.91536,;259.882601,7.96546,;259.882601,8.01556,;259.882601,8.06565,;259.882601,8.11572,;259.882601,8.16581,;259.882601,8.21589,;259.882601,8.26598,;259.882601,8.31607,;259.882601,8.36614,;259.882601,8.41626,;259.882601,8.46635,;259.882601,8.51643,;259.882601,8.56651,;259.882601,8.61659,;259.882601,8.6667,;259.882601,8.71677,;259.882601,8.76687,;259.882601,8.81694,;259.882601,8.86705,;259.882601,8.91715,;259.882601,8.96726,;259.882601,9.01734,;259.882601,9.06744,;259.882601,9.11752,;259.882601,9.1676,;259.882601,9.21771,;259.882601,9.26779,;259.882601,9.31788,;259.882601,9.36799,;259.882601,9.41808,;259.882601,9.46817,;259.882601,9.51829,;259.882601,9.56841,;259.882601,9.61851,;259.882601,9.66858,;259.882601,9.71869,;259.882601,9.76877,;259.882601,9.81891,;259.882601,9.86901,;259.882601,9.91911,;259.882601,9.96921,;259.882601,10.0193,;
376.314677,0.0500719,;376.314677,0.100169,;376.314677,0.150276,;376.314677,0.200389,;376.314677,0.250506,;376.314677,0.300585,;376.314677,0.35068,;376.314677,0.400792,;376.314677,0.450902,;376.314677,0.50098,;376.314677,0.551095,;376.314677,0.601172,;376.314677,0.65129,;376.314677,0.701398,;376.314677,0.751502,;376.314677,0.801584,;376.314677,0.851653,;352.473892,0.90176,;352.473892,0.951834,;352.473892,1.00194,;352.473892,1.05202,;352.473892,1.10213,;352.473892,1.15221,;352.473892,1.20233,;352.473892,1.25242,;352.473892,1.30253,;352.473892,1.35264,;352.473892,1.40276,;352.473892,1.45287,;306.753783,1.50295,;306.753783,1.55304,;306.753783,1.60316,;306.753783,1.65327,;306.753783,1.70335,;306.753783,1.75344,;306.753783,1.80352,;306.753783,1.85365,;306.753783,1.90373,;306.753783,1.95385,;306.753783,2.00396,;306.753783,2.0541,;306.753783,2.10418,;306.753783,2.15429,;306.753783,2.20436,;306.753783,2.25446,;306.753783,2.30456,;306.753783,2.35469,;306.753783,2.4048,;306.753783,2.45487,;306.753783,2.50499,;306.753783,2.55505,;306.753783,2.60513,;306.753783,2.6552,;306.753783,2.70531,;306.753783,2.75542,;306.753783,2.80552,;306.753783,2.85564,;306.753783,2.90572,;306.753783,2.9558,;306.753783,3.0059,;306.753783,3.05596,;306.753783,3.10607,;306.753783,3.15614,;306.753783,3.20622,;306.753783,3.25631,;306.753783,3.30638,;306.753783,3.35649,;306.753783,3.40657,;306.753783,3.45665,;306.753783,3.50672,;306.753783,3.5568,;306.753783,3.60691,;306.753783,3.65701,;306.753783,3.70712,;306.753783,3.75723,;306.753783,3.80734,;306.753783,3.85742,;306.753783,3.9075,;306.753783,3.95761,;306.753783,4.00768,;306.753783,4.05779,;306.753783,4.1079,;306.753783,4.15802,;306.753783,4.20811,;306.753783,4.25821,;306.753783,4.30829,;306.753783,4.35841,;306.753783,4.40852,;306.753783,4.45862,;306.753783,4.50873,;270.751135,4.55889,;270.751135,4.609,;270.751135,4.65908,;270.751135,4.70916,;270.751135,4.75925,;270.751135,4.80936,;270.751135,4.85944,;270.751135,4.90954,;270.751135,4.9596,;270.751135,5.0097,;270.751135,5.05977,;270.751135,5.10987,;270.751135,5.15995,;270.751135,5.21003,;270.751135,5.26014,;270.751135,5.31023,;270.751135,5.36032,;270.751135,5.41043,;270.751135,5.46051,;270.751135,5.51062,;270.751135,5.56073,;270.751135,5.61082,;270.751135,5.66093,;270.751135,5.71104,;270.751135,5.76114,;270.751135,5.81126,;270.751135,5.86135,;270.751135,5.91143,;270.751135,5.9615,;270.751135,6.01162,;270.751135,6.06172,;270.751135,6.11178,;270.751135,6.16192,;270.751135,6.21201,;270.751135,6.26212,;270.751135,6.3122,;270.751135,6.36232,;270.751135,6.4124,;270.751135,6.4625,;270.751135,6.5126,;270.751135,6.56271,;270.751135,6.61279,;270.751135,6.66289,;270.751135,6.71297,;270.751135,6.76309,;270.751135,6.81319,;270.751135,6.86331,;270.751135,6.91341,;270.751135,6.96352,;270.751135,7.01362,;270.751135,7.06365,;270.751135,7.11372,;270.751135,7.16378,;270.751135,7.21385,;270.751135,7.26393,;270.751135,7.31402,;252.414042,7.36409,;252.414042,7.41418,;252.414042,7.46426,;252.414042,7.51435,;252.414042,7.56443,;252.414042,7.61451,;252.414042,7.6646,;252.414042,7.71469,;252.414042,7.7648,;252.414042,7.81489,;252.414042,7.865,;252.414042,7.91508,;252.414042,7.9652,;252.414042,8.0153,;252.414042,8.0654,;252.414042,8.1155,;252.414042,8.16558,;252.414042,8.21566,;252.414042,8.26577,;252.414042,8.31584,;252.414042,8.36597,;252.414042,8.41604,;252.414042,8.46613,;252.414042,8.51621,;252.414042,8.5663,;252.414042,8.61637,;252.414042,8.66645,;252.414042,8.71653,;252.414042,8.76662,;252.414042,8.8167,;252.414042,8.86678,;252.414042,8.91686,;252.414042,8.96698,;252.414042,9.01709,;252.414042,9.06719,;252.414042,9.11729,;252.414042,9.1674,;252.414042,9.21751,;252.414042,9.26762,;252.414042,9.31773,;252.414042,9.3678,;252.414042,9.4179,;252.414042,9.46799,;252.414042,9.5181,;252.414042,9.56818,;252.414042,9.61829,;252.414042,9.66837,;252.414042,9.71848,;252.414042,9.76856,;252.414042,9.81868,;252.414042,9.86877,;252.414042,9.91888,;252.414042,9.96898,;252.414042,10.0191,;252.414042,10.0692,;
inf,0.0500669,;inf,0.100152,;382.078457,0.150262,;382.078457,0.200374,;378.750075,0.250491,;330.846467,0.300591,;317.083384,0.350712,;317.083384,0.400816,;317.083384,0.450894,;317.083384,0.500957,;317.083384,0.55106,;317.083384,0.601127,;317.083384,0.65125,;317.083384,0.701332,;317.083384,0.751429,;317.083384,0.801513,;317.083384,0.851622,;317.083384,0.901701,;317.083384,0.951783,;317.083384,1.00187,;317.083384,1.05196,;317.083384,1.10205,;317.083384,1.15217,;317.083384,1.20227,;317.083384,1.25239,;317.083384,1.30247,;317.083384,1.35259,;317.083384,1.4027,;317.083384,1.45281,;317.083384,1.50289,;317.083384,1.553,;317.083384,1.60309,;296.999302,1.65317,;296.999302,1.70327,;296.999302,1.75339,;296.999302,1.80347,;296.999302,1.85355,;296.999302,1.90364,;296.999302,1.95375,;296.999302,2.00382,;286.602238,2.05394,;286.602238,2.10405,;286.602238,2.15416,;286.602238,2.20427,;286.602238,2.25439,;286.602238,2.30447,;286.602238,2.35455,;286.602238,2.40462,;286.602238,2.45472,;286.602238,2.50485,;286.602238,2.55492,;286.602238,2.60503,;286.602238,2.65512,;286.602238,2.70522,;286.602238,2.75532,;286.602238,2.80539,;286.602238,2.8555,;286.602238,2.90561,;286.602238,2.95568,;286.602238,3.00578,;286.602238,3.05587,;286.602238,3.10598,;286.602238,3.15608,;286.602238,3.20615,;275.940792,3.25627,;275.940792,3.30638,;275.940792,3.35645,;275.940792,3.40655,;275.940792,3.45667,;275.940792,3.5067,;275.940792,3.55684,;275.940792,3.60691,;275.940792,3.65702,;275.940792,3.70709,;275.940792,3.75722,;275.940792,3.8073,;268.101857,3.85741,;268.101857,3.90749,;268.101857,3.95757,;268.101857,4.00765,;268.101857,4.05773,;268.101857,4.1078,;268.101857,4.15791,;268.101857,4.20799,;268.101857,4.25811,;268.101857,4.30822,;268.101857,4.35831,;268.101857,4.40839,;268.101857,4.45848,;268.101857,4.50857,;268.101857,4.55868,;268.101857,4.60879,;268.101857,4.65886,;268.101857,4.70896,;268.101857,4.75905,;268.101857,4.80914,;268.101857,4.85923,;268.101857,4.90931,;268.101857,4.95939,;268.101857,5.00948,;268.101857,5.05957,;268.101857,5.10968,;268.101857,5.15976,;268.101857,5.20987,;268.101857,5.25997,;268.101857,5.31004,;268.101857,5.36013,;268.101857,5.41025,;268.101857,5.46035,;268.101857,5.51045,;268.101857,5.56055,;268.101857,5.61064,;268.101857,5.66075,;268.101857,5.71082,;268.101857,5.76094,;268.101857,5.81103,;268.101857,5.86114,;268.101857,5.91123,;268.101857,5.96134,;268.101857,6.01142,;268.101857,6.06153,;268.101857,6.11161,;268.101857,6.16172,;268.101857,6.21181,;268.101857,6.26188,;268.101857,6.31198,;268.101857,6.36209,;268.101857,6.41219,;268.101857,6.46229,;268.101857,6.5124,;268.101857,6.56251,;268.101857,6.61261,;268.101857,6.66269,;268.101857,6.71278,;268.101857,6.76286,;268.101857,6.81293,;268.101857,6.86299,;268.101857,6.91308,;268.101857,6.96317,;268.101857,7.01328,;268.101857,7.06335,;268.101857,7.11344,;266.878051,7.16352,;266.878051,7.2136,;266.878051,7.2637,;262.934745,7.3138,;262.934745,7.36392,;262.934745,7.414,;262.934745,7.46411,;262.934745,7.51421,;262.934745,7.56429,;262.934745,7.6144,;262.934745,7.66451,;262.934745,7.71459,;262.934745,7.7647,;262.934745,7.81478,;262.934745,7.86489,;262.934745,7.91496,;262.934745,7.96504,;262.934745,8.01512,;257.619908,8.06524,;257.619908,8.11531,;257.619908,8.16542,;257.619908,8.2155,;257.619908,8.26558,;257.619908,8.31569,;257.619908,8.36579,;257.619908,8.41587,;257.619908,8.46598,;257.619908,8.51605,;257.619908,8.56616,;257.619908,8.61626,;257.619908,8.66636,;257.619908,8.71644,;257.619908,8.76653,;257.619908,8.81662,;257.619908,8.86673,;257.619908,8.91683,;257.619908,8.96694,;257.619908,9.01704,;257.619908,9.06712,;257.619908,9.11723,;257.619908,9.16732,;257.619908,9.21743,;257.619908,9.26752,;257.619908,9.31763,;257.619908,9.36773,;250.296611,9.41784,;250.296611,9.46794,;250.296611,9.51802,;250.296611,9.56814,;250.296611,9.61822,;250.296611,9.66834,;250.296611,9.71844,;250.296611,9.76853,;250.296611,9.81864,;250.296611,9.86875,;250.296611,9.91885,;250.296611,9.96897,;250.296611,10.0191,;
566.845894,0.0500773,;566.845894,0.100191,;566.845894,0.150276,;566.845894,0.200386,;566.845894,0.250468,;530.739838,0.30058,;401.403599,0.350669,;401.403599,0.400776,;373.198931,0.45086,;373.198931,0.500967,;373.198931,0.55108,;373.198931,0.60115,;373.111608,0.651255,;373.111608,0.701364,;373.111608,0.751467,;373.111608,0.801572,;373.111608,0.851674,;373.111608,0.901743,;373.111608,0.951853,;373.111608,1.00197,;373.111608,1.05208,;370.400139,1.10217,;370.400139,1.15225,;330.386720,1.20237,;330.386720,1.25248,;330.386720,1.30259,;330.386720,1.3527,;330.386720,1.40281,;290.402443,1.45291,;290.402443,1.50302,;290.402443,1.55309,;290.402443,1.6032,;290.402443,1.65329,;290.402443,1.7034,;290.402443,1.75352,;290.402443,1.80359,;288.710148,1.85366,;284.580002,1.90376,;284.580002,1.95384,;284.580002,2.00396,;284.580002,2.05408,;284.580002,2.1042,;284.580002,2.15432,;284.580002,2.20441,;284.580002,2.2545,;284.580002,2.30458,;284.580002,2.35468,;284.580002,2.40477,;284.580002,2.45485,;284.580002,2.50495,;284.580002,2.55504,;284.580002,2.60513,;284.580002,2.65521,;284.580002,2.70534,;284.580002,2.75546,;284.580002,2.80555,;284.580002,2.85563,;284.580002,2.90571,;284.580002,2.9558,;284.580002,3.00589,;284.580002,3.05599,;284.580002,3.10608,;284.580002,3.15616,;284.580002,3.20625,;284.580002,3.25636,;280.403432,3.30646,;280.403432,3.35654,;280.403432,3.40664,;280.403432,3.45674,;280.403432,3.50686,;280.403432,3.55697,;280.403432,3.60708,;280.403432,3.65719,;280.403432,3.70729,;280.403432,3.75739,;280.403432,3.80747,;280.403432,3.8576,;280.403432,3.90771,;272.276827,3.95779,;272.276827,4.00787,;272.276827,4.05796,;272.276827,4.10804,;272.276827,4.15812,;272.276827,4.20821,;272.276827,4.25829,;272.276827,4.30843,;272.276827,4.35853,;272.276827,4.40864,;272.276827,4.45875,;272.276827,4.50886,;272.276827,4.55897,;272.276827,4.60906,;272.276827,4.65915,;272.276827,4.70925,;269.264022,4.75933,;269.264022,4.80943,;269.264022,4.85952,;269.264022,4.9096,;269.264022,4.95969,;269.264022,5.00982,;269.264022,5.05994,;269.264022,5.11003,;269.264022,5.16014,;269.264022,5.21025,;269.264022,5.26037,;269.264022,5.31047,;269.264022,5.36057,;269.264022,5.41067,;269.264022,5.46075,;269.264022,5.51085,;269.264022,5.56094,;269.264022,5.61102,;269.264022,5.6611,;269.264022,5.7112,;269.264022,5.76134,;269.264022,5.81142,;269.264022,5.8615,;269.264022,5.91158,;259.551864,5.96167,;259.551864,6.01176,;259.551864,6.06185,;259.551864,6.11194,;259.551864,6.16203,;259.551864,6.21212,;259.551864,6.2622,;259.551864,6.31229,;259.551864,6.36238,;259.551864,6.41248,;259.551864,6.46257,;259.551864,6.51266,;259.551864,6.56277,;259.551864,6.61287,;259.551864,6.66295,;259.551864,6.71306,;259.551864,6.76315,;259.551864,6.81328,;259.551864,6.86337,;259.551864,6.91346,;259.551864,6.96354,;259.551864,7.01361,;259.551864,7.0637,;259.551864,7.11379,;259.551864,7.16388,;259.551864,7.21398,;259.551864,7.26408,;259.551864,7.31417,;259.551864,7.36426,;259.551864,7.41439,;259.551864,7.46444,;259.551864,7.51453,;259.551864,7.56462,;259.551864,7.61472,;259.551864,7.66482,;259.551864,7.7149,;259.551864,7.76502,;259.551864,7.81511,;259.551864,7.86521,;259.551864,7.91531,;259.551864,7.96539,;259.551864,8.01553,;259.551864,8.0656,;259.551864,8.11569,;259.551864,8.16578,;259.551864,8.21588,;259.551864,8.26597,;259.551864,8.31606,;259.551864,8.36615,;259.551864,8.41623,;259.551864,8.46631,;259.551864,8.51641,;259.551864,8.56649,;259.551864,8.61662,;259.551864,8.6667,;259.551864,8.7168,;259.298666,8.76692,;259.298666,8.81701,;259.298666,8.86711,;259.126033,8.9172,;259.126033,8.96728,;259.126033,9.01738,;259.126033,9.06746,;259.126033,9.11755,;259.126033,9.16764,;259.126033,9.21772,;259.126033,9.26784,;259.126033,9.31793,;254.751797,9.36803,;254.751797,9.41813,;254.751797,9.46823,;254.751797,9.51833,;254.751797,9.56843,;254.751797,9.61853,;254.751797,9.66864,;254.751797,9.71872,;254.751797,9.76882,;254.751797,9.81892,;254.751797,9.86908,;254.751797,9.91916,;254.751797,9.96926,;254.751797,10.0193,;254.751797,10.0694,;
541.106278,0.0500679,;541.106278,0.100159,;541.106278,0.150242,;541.106278,0.200351,;541.106278,0.250425,;541.106278,0.300519,;541.106278,0.350609,;541.106278,0.400697,;541.106278,0.45077,;541.106278,0.500851,;541.106278,0.550931,;541.106278,0.601055,;541.106278,0.651138,;541.106278,0.701221,;541.106278,0.751313,;411.639215,0.80139,;411.639215,0.851473,;411.639215,0.901586,;411.639215,0.951701,;411.639215,1.00179,;411.639215,1.05187,;411.639215,1.10196,;411.639215,1.15205,;411.639215,1.20212,;411.639215,1.25223,;411.639215,1.30234,;411.639215,1.35245,;411.639215,1.40256,;411.639215,1.45267,;411.639215,1.50272,;411.639215,1.55279,;411.639215,1.60287,;411.639215,1.65298,;307.597251,1.70306,;307.597251,1.75319,;307.597251,1.80327,;306.818892,1.85335,;306.818892,1.90343,;306.818892,1.95352,;306.818892,2.0036,;306.818892,2.05367,;306.818892,2.10376,;306.818892,2.15388,;306.818892,2.20397,;306.818892,2.25406,;306.818892,2.30415,;306.818892,2.35424,;306.818892,2.40433,;306.818892,2.45445,;306.818892,2.50456,;306.818892,2.55464,;306.818892,2.60474,;306.818892,2.65481,;306.818892,2.7049,;306.818892,2.755,;306.818892,2.8051,;306.818892,2.8552,;306.818892,2.90528,;306.818892,2.95536,;306.818892,3.00546,;290.249151,3.05556,;290.249151,3.10569,;290.249151,3.15579,;290.249151,3.20591,;290.249151,3.25604,;290.249151,3.30613,;290.249151,3.35621,;290.249151,3.4063,;290.249151,3.4564,;290.249151,3.5065,;290.249151,3.55658,;290.249151,3.60666,;290.249151,3.65674,;290.249151,3.70682,;290.249151,3.75695,;290.249151,3.80704,;290.249151,3.85714,;290.249151,3.90723,;290.249151,3.95733,;288.595238,4.00743,;288.595238,4.05752,;288.595238,4.10761,;288.595238,4.15772,;288.595238,4.2078,;278.912067,4.25789,;273.886335,4.30798,;273.886335,4.35806,;273.886335,4.40814,;273.886335,4.45823,;273.886335,4.50831,;273.886335,4.55841,;273.886335,4.60852,;273.886335,4.65862,;273.886335,4.7087,;273.886335,4.75878,;273.886335,4.8089,;273.886335,4.85899,;273.886335,4.90907,;273.886335,4.95916,;273.886335,5.00926,;273.886335,5.05935,;273.886335,5.10945,;273.886335,5.15954,;273.886335,5.20965,;273.886335,5.25974,;273.886335,5.30983,;273.886335,5.35993,;273.886335,5.41003,;273.886335,5.46011,;273.886335,5.51021,;273.886335,5.56029,;273.886335,5.61039,;273.886335,5.66049,;273.886335,5.71058,;273.886335,5.76067,;273.886335,5.81071,;273.886335,5.86079,;273.886335,5.9109,;273.886335,5.96099,;273.886335,6.01109,;273.886335,6.06118,;273.886335,6.11129,;273.886335,6.1614,;273.886335,6.21152,;273.886335,6.26163,;273.886335,6.31172,;273.886335,6.36183,;273.886335,6.41194,;273.886335,6.46206,;273.886335,6.51217,;273.886335,6.56225,;273.886335,6.61234,;273.886335,6.66246,;273.886335,6.71254,;273.886335,6.76263,;273.886335,6.81272,;273.886335,6.86279,;273.886335,6.91291,;273.886335,6.96299,;273.886335,7.01311,;273.886335,7.06323,;273.886335,7.11332,;273.886335,7.16343,;273.886335,7.21353,;273.886335,7.26363,;273.886335,7.31376,;273.886335,7.36385,;273.886335,7.41395,;273.886335,7.46405,;273.886335,7.51413,;273.886335,7.56422,;273.886335,7.61432,;273.886335,7.66441,;273.886335,7.71452,;273.886335,7.76464,;273.886335,7.81475,;273.886335,7.86487,;273.886335,7.91495,;273.886335,7.96506,;273.886335,8.01514,;273.886335,8.06522,;273.886335,8.11531,;273.886335,8.16541,;273.886335,8.21551,;273.886335,8.2656,;272.644112,8.3157,;272.644112,8.36583,;272.644112,8.4159,;272.644112,8.46598,;272.644112,8.51609,;272.644112,8.56621,;272.644112,8.6163,;272.644112,8.6664,;272.644112,8.71652,;272.644112,8.7666,;272.644112,8.8167,;272.644112,8.86679,;272.644112,8.91688,;272.644112,8.96696,;272.644112,9.01705,;272.644112,9.06715,;272.644112,9.11721,;272.644112,9.1673,;272.644112,9.21739,;272.644112,9.26749,;272.644112,9.31758,;272.644112,9.3677,;272.644112,9.41777,;272.644112,9.46786,;272.644112,9.51795,;272.644112,9.56803,;272.644112,9.61812,;272.644112,9.66825,;272.644112,9.71836,;272.644112,9.76845,;272.644112,9.81857,;272.644112,9.86866,;272.644112,9.91871,;272.644112,9.9688,;
inf,0.0500599,;inf,0.100151,;inf,0.150241,;inf,0.200363,;354.925316,0.250453,;354.925316,0.300534,;354.925316,0.350611,;354.925316,0.400729,;354.925316,0.450827,;354.925316,0.500918,;354.925316,0.551012,;354.925316,0.601137,;354.925316,0.651216,;354.925316,0.701315,;354.925316,0.751409,;354.925316,0.801504,;354.925316,0.851626,;332.661460,0.9017,;332.661460,0.951818,;332.661460,1.00191,;332.661460,1.052,;332.261506,1.1021,;332.261506,1.15221,;332.261506,1.2023,;332.261506,1.25241,;332.261506,1.30251,;332.261506,1.35258,;332.261506,1.40268,;332.261506,1.45278,;332.261506,1.50286,;332.261506,1.55295,;332.261506,1.60307,;307.590849,1.65319,;307.590849,1.70331,;307.590849,1.75339,;307.590849,1.80352,;307.590849,1.85361,;307.590849,1.9037,;307.590849,1.95379,;278.164785,2.00388,;278.164785,2.05398,;278.164785,2.1041,;278.164785,2.15419,;278.164785,2.20427,;278.164785,2.25435,;278.164785,2.30443,;278.164785,2.3545,;278.164785,2.40458,;278.164785,2.45465,;278.164785,2.50473,;278.164785,2.55481,;278.164785,2.60488,;278.164785,2.65496,;278.164785,2.70504,;278.164785,2.75515,;278.164785,2.80524,;278.164785,2.85536,;278.164785,2.90544,;278.164785,2.95552,;278.164785,3.00561,;278.164785,3.0557,;278.164785,3.10579,;278.164785,3.15591,;278.164785,3.20601,;278.164785,3.2561,;278.164785,3.3062,;278.164785,3.35632,;278.164785,3.40642,;278.164785,3.45653,;278.164785,3.50663,;278.164785,3.55676,;278.164785,3.60685,;278.164785,3.65694,;278.164785,3.70704,;278.164785,3.75713,;278.164785,3.80722,;260.940231,3.85731,;260.940231,3.90741,;260.940231,3.95752,;260.940231,4.00763,;260.940231,4.05771,;260.940231,4.10783,;260.940231,4.15791,;260.940231,4.20801,;260.940231,4.25811,;260.940231,4.30823,;260.940231,4.35833,;260.940231,4.40842,;260.940231,4.45852,;258.172297,4.50864,;258.172297,4.55873,;258.172297,4.60885,;258.172297,4.65896,;258.172297,4.70908,;258.172297,4.75919,;258.172297,4.80928,;258.172297,4.85936,;258.172297,4.90945,;258.172297,4.95953,;258.172297,5.0096,;258.172297,5.05968,;258.172297,5.10976,;258.172297,5.15986,;258.172297,5.20997,;258.172297,5.26005,;258.172297,5.31014,;258.172297,5.36027,;258.172297,5.41036,;258.172297,5.46045,;258.172297,5.51054,;258.172297,5.56063,;258.172297,5.61073,;258.172297,5.66081,;258.172297,5.71095,;258.172297,5.76107,;258.172297,5.81116,;258.172297,5.86124,;258.172297,5.91133,;258.172297,5.96141,;258.172297,6.01153,;258.172297,6.06161,;258.172297,6.11173,;258.172297,6.16181,;258.172297,6.21192,;258.172297,6.262,;258.172297,6.31211,;258.172297,6.3622,;258.172297,6.4123,;258.172297,6.46239,;258.172297,6.51249,;258.172297,6.56258,;258.172297,6.61266,;258.172297,6.66276,;258.172297,6.71288,;258.172297,6.76296,;258.172297,6.81306,;258.172297,6.86315,;258.172297,6.91323,;258.172297,6.96333,;258.172297,7.01342,;258.172297,7.06352,;258.172297,7.1136,;258.172297,7.16369,;258.172297,7.21378,;258.172297,7.26386,;258.172297,7.31396,;258.172297,7.36405,;258.172297,7.41414,;258.172297,7.46424,;258.172297,7.51433,;258.172297,7.56443,;258.172297,7.61452,;258.172297,7.66465,;258.172297,7.71474,;258.172297,7.76484,;258.172297,7.81492,;258.172297,7.86504,;258.172297,7.91513,;258.172297,7.96525,;258.172297,8.01534,;258.172297,8.06546,;258.172297,8.11555,;258.172297,8.16565,;258.172297,8.21574,;258.172297,8.26583,;258.172297,8.31593,;258.172297,8.36602,;258.172297,8.41616,;258.172297,8.46625,;258.172297,8.51635,;258.172297,8.56643,;258.172297,8.61651,;258.172297,8.66661,;258.172297,8.71673,;258.172297,8.76682,;258.172297,8.81694,;258.172297,8.86702,;258.172297,8.91714,;258.172297,8.96724,;258.172297,9.01732,;258.172297,9.06742,;258.172297,9.1175,;258.172297,9.16762,;258.172297,9.2177,;258.172297,9.26782,;258.172297,9.31791,;258.172297,9.368,;258.172297,9.41809,;258.172297,9.46817,;258.172297,9.51825,;258.172297,9.56834,;258.172297,9.61844,;258.172297,9.66856,;258.172297,9.71865,;258.172297,9.76876,;258.172297,9.81888,;258.172297,9.869,;258.172297,9.91911,;258.172297,9.96923,;258.172297,10.0194,;258.172297,10.0695,;
618.829465,0.0500749,;618.829465,0.100197,;618.829465,0.150288,;618.829465,0.200392,;618.829465,0.25048,;586.071669,0.300579,;586.071669,0.35068,;586.071669,0.400759,;557.450673,0.450853,;557.450673,0.500937,;557.450673,0.551081,;442.424360,0.601174,;442.424360,0.651273,;423.489942,0.701367,;423.489942,0.751491,;423.489942,0.801583,;423.489942,0.851676,;407.091103,0.901782,;407.091103,0.951902,;407.091103,1.002,;407.091103,1.05209,;407.091103,1.10219,;407.091103,1.15231,;407.091103,1.20242,;368.855965,1.25254,;368.855965,1.30264,;339.796007,1.35273,;329.185882,1.40281,;329.185882,1.4529,;329.185882,1.50302,;329.185882,1.5531,;329.185882,1.60318,;329.185882,1.65326,;329.185882,1.70335,;329.185882,1.75345,;329.185882,1.80357,;329.185882,1.85366,;329.185882,1.90376,;329.185882,1.95385,;329.185882,2.00397,;329.185882,2.05406,;329.185882,2.1042,;329.185882,2.15428,;329.185882,2.20437,;328.864899,2.25449,;314.976277,2.30458,;314.976277,2.35466,;314.976277,2.40474,;314.976277,2.45485,;314.976277,2.50497,;314.976277,2.55507,;314.976277,2.60514,;314.976277,2.65526,;294.240454,2.70533,;294.240454,2.75542,;294.240454,2.80551,;294.240454,2.8556,;294.240454,2.90569,;294.240454,2.95578,;294.240454,3.00587,;294.240454,3.05597,;294.240454,3.10606,;294.240454,3.15619,;294.240454,3.20628,;294.240454,3.25635,;294.240454,3.30644,;294.240454,3.35657,;294.240454,3.40667,;294.240454,3.45675,;294.240454,3.50686,;294.240454,3.55695,;294.240454,3.60706,;294.240454,3.65716,;294.240454,3.70727,;294.240454,3.75738,;294.240454,3.80747,;294.240454,3.85756,;294.240454,3.90767,;289.968780,3.95776,;289.968780,4.00787,;289.968780,4.05796,;289.968780,4.10808,;289.968780,4.15816,;289.968780,4.20823,;289.968780,4.25835,;289.968780,4.30844,;289.968780,4.35852,;289.968780,4.40862,;289.968780,4.45873,;289.968780,4.50881,;289.968780,4.55892,;289.968780,4.60901,;289.968780,4.65912,;289.968780,4.7092,;289.968780,4.75933,;289.968780,4.80942,;289.968780,4.85952,;289.968780,4.90961,;289.968780,4.95969,;271.748785,5.00978,;271.748785,5.05989,;271.748785,5.11,;271.748785,5.16008,;271.748785,5.21016,;271.748785,5.26023,;271.748785,5.31031,;271.748785,5.3604,;271.748785,5.41052,;271.748785,5.46064,;271.748785,5.51072,;271.748785,5.56081,;271.748785,5.61092,;271.748785,5.661,;271.748785,5.71109,;271.748785,5.76119,;271.748785,5.81128,;271.748785,5.86138,;271.748785,5.91145,;271.748785,5.96155,;271.748785,6.01164,;271.748785,6.06173,;271.748785,6.11182,;271.748785,6.16191,;271.748785,6.21201,;271.748785,6.26209,;271.748785,6.31217,;271.748785,6.36225,;271.748785,6.41237,;271.748785,6.46244,;271.748785,6.51252,;271.748785,6.5626,;271.748785,6.61267,;271.748785,6.66275,;271.748785,6.71282,;271.748785,6.76291,;271.748785,6.81299,;271.748785,6.86307,;271.748785,6.91315,;271.748785,6.96323,;271.748785,7.01333,;271.748785,7.06345,;271.748785,7.11358,;271.748785,7.16367,;271.748785,7.21376,;271.748785,7.26383,;271.748785,7.31392,;271.748785,7.36401,;271.748785,7.41411,;271.748785,7.46421,;271.748785,7.51432,;271.748785,7.5644,;271.748785,7.61452,;271.748785,7.66465,;271.748785,7.71476,;271.748785,7.76484,;271.748785,7.81493,;271.748785,7.86503,;271.748785,7.91515,;271.748785,7.96525,;271.748785,8.01535,;271.748785,8.06545,;271.748785,8.11553,;271.748785,8.1656,;271.748785,8.21572,;271.748785,8.26581,;271.748785,8.3159,;271.748785,8.366,;271.748785,8.41609,;271.748785,8.46618,;271.748785,8.51626,;271.748785,8.56635,;271.748785,8.61644,;271.748785,8.66652,;271.748785,8.71662,;271.748785,8.76669,;271.748785,8.81677,;271.748785,8.86685,;271.748785,8.91695,;271.748785,8.96703,;271.748785,9.01712,;271.748785,9.0672,;271.748785,9.11729,;271.748785,9.16741,;271.748785,9.2175,;271.748785,9.26758,;271.748785,9.31767,;271.748785,9.36777,;271.748785,9.41785,;271.748785,9.46793,;271.748785,9.51803,;271.748785,9.56812,;271.748785,9.6182,;271.748785,9.66832,;271.748785,9.71841,;271.748785,9.76851,;271.748785,9.81859,;271.748785,9.86867,;271.748785,9.91877,;271.748785,9.96886,;
inf,0.0500891,;inf,0.100171,;553.474912,0.150256,;553.474912,0.200365,;553.474912,0.250461,;553.474912,0.300543,;553.474912,0.350622,;374.205853,0.400701,;374.205853,0.450791,;374.205853,0.500889,;374.205853,0.550984,;374.205853,0.601077,;374.205853,0.651162,;374.205853,0.701248,;374.205853,0.751331,;374.205853,0.801419,;374.205853,0.85151,;374.205853,0.901592,;374.205853,0.951722,;337.057594,1.00182,;337.057594,1.05191,;337.057594,1.10201,;337.057594,1.15209,;337.057594,1.20218,;337.057594,1.25227,;337.057594,1.30236,;337.057594,1.35245,;337.057594,1.40258,;337.057594,1.45267,;337.057594,1.50279,;327.138354,1.55287,;327.138354,1.60299,;327.138354,1.65306,;327.138354,1.70314,;307.544625,1.75323,;307.544625,1.80332,;307.544625,1.85341,;307.544625,1.9035,;307.544625,1.95358,;307.544625,2.00367,;307.544625,2.05375,;307.544625,2.10383,;307.544625,2.15392,;307.544625,2.20399,;307.544625,2.25411,;307.544625,2.30423,;307.544625,2.35432,;307.544625,2.40441,;307.544625,2.4545,;307.544625,2.5046,;307.544625,2.55473,;307.544625,2.60482,;307.544625,2.6549,;307.544625,2.705,;307.544625,2.75509,;296.188669,2.80519,;296.188669,2.85531,;296.188669,2.90542,;292.633505,2.95552,;292.633505,3.00564,;292.633505,3.05576,;292.633505,3.10588,;292.633505,3.15599,;292.633505,3.20611,;292.633505,3.25619,;292.633505,3.30628,;292.633505,3.35641,;274.841787,3.40649,;274.841787,3.45658,;274.841787,3.50669,;274.841787,3.55679,;274.841787,3.60689,;274.841787,3.65697,;274.841787,3.70705,;274.841787,3.75717,;274.841787,3.80725,;274.841787,3.85736,;274.841787,3.90748,;263.153873,3.95756,;263.153873,4.00769,;263.153873,4.05778,;263.153873,4.10789,;263.153873,4.15798,;263.153873,4.20807,;263.153873,4.25816,;263.153873,4.30825,;263.153873,4.35834,;263.153873,4.40844,;263.153873,4.45852,;263.153873,4.50861,;263.153873,4.5587,;263.153873,4.6088,;263.153873,4.65892,;263.153873,4.70901,;263.153873,4.7591,;263.153873,4.80919,;263.153873,4.85927,;263.153873,4.90936,;263.153873,4.95944,;263.153873,5.00953,;263.153873,5.05963,;263.153873,5.10971,;263.153873,5.1598,;263.153873,5.2099,;263.153873,5.26001,;263.153873,5.3101,;263.153873,5.36019,;263.153873,5.41027,;263.153873,5.46037,;263.153873,5.5105,;263.153873,5.56059,;263.153873,5.61069,;263.153873,5.66079,;263.153873,5.71089,;263.153873,5.76099,;263.153873,5.8111,;263.153873,5.86123,;263.153873,5.91131,;263.153873,5.96141,;263.153873,6.0115,;263.153873,6.06159,;263.153873,6.11168,;263.153873,6.16182,;263.153873,6.21193,;263.153873,6.26202,;263.153873,6.3121,;263.153873,6.36222,;263.153873,6.4123,;263.153873,6.46238,;263.153873,6.51248,;263.153873,6.56261,;263.153873,6.6127,;263.153873,6.66282,;263.153873,6.71292,;245.050791,6.763,;245.050791,6.81309,;245.050791,6.86318,;245.050791,6.91326,;245.050791,6.96334,;245.050791,7.01344,;245.050791,7.06353,;245.050791,7.11361,;245.050791,7.16369,;245.050791,7.21379,;245.050791,7.26388,;245.050791,7.31397,;245.050791,7.36405,;245.050791,7.41417,;245.050791,7.46425,;245.050791,7.51435,;245.050791,7.56445,;245.050791,7.61455,;245.050791,7.66463,;245.050791,7.71472,;245.050791,7.76482,;245.050791,7.81494,;245.050791,7.86506,;245.050791,7.91518,;245.050791,7.9653,;245.050791,8.01539,;245.050791,8.06548,;245.050791,8.11556,;245.050791,8.16567,;245.050791,8.21575,;245.050791,8.26587,;245.050791,8.316,;245.050791,8.36612,;245.050791,8.4162,;245.050791,8.46632,;245.050791,8.51644,;245.050791,8.56654,;245.050791,8.61666,;245.050791,8.66674,;245.050791,8.71686,;245.050791,8.76698,;245.050791,8.81707,;245.050791,8.86716,;245.050791,8.91726,;245.050791,8.96736,;245.050791,9.01745,;245.050791,9.06755,;245.050791,9.11768,;245.050791,9.16781,;245.050791,9.21789,;245.050791,9.26801,;245.050791,9.31813,;245.050791,9.36822,;245.050791,9.4183,;245.050791,9.46839,;245.050791,9.51847,;245.050791,9.56857,;245.050791,9.61867,;245.050791,9.66876,;245.050791,9.71886,;245.050791,9.76895,;245.050791,9.81905,;245.050791,9.86914,;245.050791,9.91923,;245.050791,9.96933,;
612.315153,0.0500682,;594.593592,0.100157,;497.402574,0.150274,;497.402574,0.200363,;497.402574,0.250489,;497.402574,0.300579,;493.078804,0.350704,;493.078804,0.4008,;493.078804,0.450935,;493.078804,0.50103,;493.078804,0.551133,;493.078804,0.601224,;493.078804,0.651332,;493.078804,0.701428,;493.078804,0.751525,;493.078804,0.801613,;493.078804,0.851717,;493.078804,0.901812,;493.078804,0.951894,;493.078804,1.00198,;493.078804,1.05206,;493.078804,1.10215,;493.078804,1.15223,;493.078804,1.20231,;493.078804,1.25239,;493.078804,1.30248,;493.078804,1.35257,;493.078804,1.40267,;493.078804,1.45276,;493.078804,1.50286,;493.078804,1.55295,;493.078804,1.60304,;493.078804,1.65312,;493.078804,1.70323,;493.078804,1.75332,;493.078804,1.80344,;493.078804,1.85353,;345.885920,1.90363,;321.185096,1.95376,;321.185096,2.00384,;321.185096,2.05392,;321.185096,2.10401,;321.185096,2.15415,;321.185096,2.20425,;321.185096,2.25433,;321.185096,2.30442,;321.185096,2.35451,;321.185096,2.40458,;321.185096,2.45468,;321.185096,2.50478,;321.185096,2.55486,;321.185096,2.60495,;321.185096,2.65504,;321.185096,2.70513,;321.185096,2.75522,;321.185096,2.80532,;321.185096,2.85541,;321.185096,2.9055,;321.185096,2.95559,;321.185096,3.00568,;321.185096,3.05576,;321.185096,3.10585,;321.185096,3.15593,;321.185096,3.20606,;298.531595,3.25615,;298.531595,3.30624,;298.531595,3.35634,;284.261376,3.40643,;284.261376,3.45652,;284.261376,3.50662,;284.261376,3.55671,;284.261376,3.6068,;284.261376,3.65689,;284.261376,3.70698,;284.261376,3.75708,;284.261376,3.80716,;284.261376,3.85726,;284.261376,3.90736,;284.261376,3.95746,;284.261376,4.00757,;284.261376,4.0577,;284.261376,4.10778,;284.261376,4.15787,;284.261376,4.20795,;284.261376,4.25808,;284.261376,4.30816,;284.261376,4.35825,;284.261376,4.40835,;284.261376,4.45843,;284.261376,4.50852,;284.261376,4.5586,;284.261376,4.6087,;284.261376,4.65879,;284.261376,4.70889,;284.261376,4.75901,;284.261376,4.8091,;279.982778,4.85922,;279.982778,4.90931,;279.982778,4.95944,;279.982778,5.00957,;279.982778,5.05966,;279.982778,5.10977,;279.982778,5.15986,;279.982778,5.20997,;272.159645,5.26006,;272.159645,5.31015,;272.159645,5.36025,;272.159645,5.41034,;272.159645,5.46043,;272.159645,5.51055,;266.779468,5.56063,;266.779468,5.61072,;266.779468,5.66081,;266.779468,5.71091,;266.779468,5.76101,;266.779468,5.81112,;266.779468,5.86122,;266.779468,5.91134,;266.779468,5.96146,;266.779468,6.01158,;266.779468,6.06167,;266.779468,6.11176,;256.959915,6.16185,;256.959915,6.21194,;256.959915,6.26202,;256.959915,6.31211,;256.959915,6.36224,;256.959915,6.41233,;256.959915,6.46242,;256.959915,6.51251,;256.959915,6.56259,;253.465869,6.61269,;253.465869,6.66279,;253.465869,6.71287,;253.465869,6.76301,;253.465869,6.81308,;253.465869,6.86317,;253.465869,6.91325,;253.465869,6.96337,;253.465869,7.01345,;253.465869,7.06355,;253.465869,7.11363,;253.465869,7.16375,;253.465869,7.21387,;253.465869,7.26395,;253.465869,7.31407,;253.465869,7.36416,;253.465869,7.41428,;253.465869,7.46437,;253.465869,7.51446,;253.465869,7.56454,;253.465869,7.61466,;253.465869,7.66475,;253.465869,7.71487,;253.465869,7.76497,;253.465869,7.81505,;253.465869,7.86516,;253.465869,7.91528,;253.465869,7.96536,;253.465869,8.01551,;253.465869,8.06564,;253.465869,8.11573,;253.465869,8.16585,;253.465869,8.21593,;253.465869,8.26601,;253.465869,8.31609,;253.465869,8.36618,;253.465869,8.41628,;253.465869,8.4664,;253.465869,8.51649,;253.465869,8.56661,;253.465869,8.6167,;253.465869,8.66679,;253.465869,8.71687,;253.465869,8.76696,;253.465869,8.81704,;253.465869,8.86713,;253.465869,8.91722,;253.465869,8.9673,;253.465869,9.01742,;253.465869,9.0675,;253.465869,9.11761,;253.465869,9.16773,;253.465869,9.21782,;253.465869,9.2679,;253.465869,9.31798,;253.465869,9.36808,;253.465869,9.41817,;253.465869,9.46826,;253.465869,9.51836,;253.465869,9.56848,;253.465869,9.61862,;253.465869,9.66871,;253.465869,9.71879,;253.465869,9.76893,;253.465869,9.81902,;253.465869,9.86912,;253.465869,9.91921,;253.465869,9.9693,;
inf,0.0500997,;inf,0.100191,;inf,0.150271,;425.825025,0.200359,;425.825025,0.250445,;425.825025,0.300532,;425.825025,0.350611,;425.825025,0.400692,;346.172194,0.450786,;346.172194,0.500867,;346.172194,0.550942,;346.172194,0.601017,;346.172194,0.651108,;346.172194,0.701181,;346.172194,0.751271,;346.172194,0.801357,;346.172194,0.851446,;346.172194,0.901534,;346.172194,0.951615,;346.172194,1.00169,;346.172194,1.05177,;346.172194,1.10185,;346.172194,1.15192,;346.172194,1.20201,;336.608697,1.2521,;336.608697,1.30219,;326.300674,1.3523,;326.300674,1.40237,;326.300674,1.45246,;326.300674,1.50254,;326.300674,1.55264,;326.300674,1.60271,;326.300674,1.65284,;326.300674,1.70292,;326.300674,1.75303,;326.300674,1.80313,;326.300674,1.8532,;326.300674,1.90329,;326.300674,1.95338,;326.300674,2.00347,;326.300674,2.05356,;326.300674,2.10365,;326.300674,2.15377,;326.300674,2.20385,;326.300674,2.25395,;326.300674,2.30403,;326.300674,2.35415,;326.300674,2.40424,;326.300674,2.45432,;326.300674,2.50444,;326.300674,2.55448,;306.506353,2.60457,;306.506353,2.65466,;306.506353,2.70476,;306.506353,2.75485,;306.506353,2.80494,;306.506353,2.85504,;306.506353,2.90513,;306.506353,2.95522,;306.506353,3.00531,;306.506353,3.0554,;306.506353,3.10549,;306.506353,3.15559,;306.506353,3.20568,;306.506353,3.25576,;306.506353,3.30586,;306.506353,3.35596,;306.506353,3.40606,;306.506353,3.45619,;306.506353,3.50627,;306.506353,3.55636,;292.621510,3.60643,;292.621510,3.65654,;292.621510,3.70662,;284.071650,3.75674,;284.071650,3.80684,;284.071650,3.85695,;284.071650,3.90704,;284.071650,3.95715,;284.071650,4.00724,;284.071650,4.05736,;284.071650,4.10746,;284.071650,4.1576,;282.196959,4.20769,;275.014114,4.25781,;275.014114,4.30793,;275.014114,4.35802,;275.014114,4.40814,;275.014114,4.45826,;275.014114,4.50834,;275.014114,4.55843,;275.014114,4.6085,;275.014114,4.65858,;275.014114,4.70866,;275.014114,4.75877,;275.014114,4.80885,;275.014114,4.85894,;275.014114,4.90908,;275.014114,4.95918,;275.014114,5.00938,;275.014114,5.05948,;275.014114,5.10961,;275.014114,5.15973,;275.014114,5.20982,;275.014114,5.2599,;275.014114,5.30999,;275.014114,5.36008,;275.014114,5.41021,;275.014114,5.4603,;275.014114,5.5104,;275.014114,5.56053,;275.014114,5.61061,;275.014114,5.66072,;275.014114,5.71082,;275.014114,5.76095,;275.014114,5.81105,;275.014114,5.86117,;275.014114,5.91126,;275.014114,5.96138,;275.014114,6.01148,;275.014114,6.0616,;258.930259,6.11172,;258.930259,6.16184,;258.930259,6.21193,;258.930259,6.26207,;258.930259,6.31215,;258.930259,6.36227,;244.418866,6.41238,;244.418866,6.46247,;244.418866,6.51255,;244.418866,6.56263,;244.418866,6.61271,;244.418866,6.6628,;244.418866,6.7129,;244.418866,6.763,;244.418866,6.81309,;244.418866,6.86318,;244.418866,6.91327,;244.418866,6.96336,;244.418866,7.01346,;244.418866,7.06354,;244.418866,7.11362,;244.418866,7.16372,;244.418866,7.2138,;244.418866,7.26388,;244.418866,7.31395,;244.418866,7.36409,;244.418866,7.41416,;244.418866,7.46426,;244.418866,7.51436,;244.418866,7.56445,;244.418866,7.61454,;244.418866,7.66462,;244.418866,7.7147,;244.418866,7.7648,;244.418866,7.8149,;244.418866,7.86502,;244.418866,7.9151,;244.418866,7.9652,;244.418866,8.01529,;244.418866,8.0654,;244.418866,8.11549,;244.418866,8.16559,;244.418866,8.21569,;244.418866,8.26577,;244.418866,8.31587,;244.418866,8.36596,;244.418866,8.41606,;244.418866,8.46618,;244.418866,8.51632,;244.418866,8.56641,;244.418866,8.61656,;244.418866,8.66664,;244.418866,8.71676,;244.418866,8.76686,;244.418866,8.81699,;244.418866,8.86711,;244.418866,8.91724,;244.418866,8.96732,;244.418866,9.01741,;244.418866,9.06749,;244.418866,9.11761,;244.418866,9.16769,;244.418866,9.21777,;244.418866,9.26786,;244.418866,9.31796,;244.418866,9.36808,;244.418866,9.41818,;244.418866,9.46826,;244.418866,9.51839,;244.418866,9.56852,;244.418866,9.6186,;244.418866,9.66869,;244.418866,9.71877,;244.418866,9.76885,;244.418866,9.81894,;244.418866,9.86902,;244.418866,9.9191,;244.418866,9.96919,;244.418866,10.0193,;
556.799968,0.0500572,;556.799968,0.100135,;556.799968,0.15022,;494.407364,0.200322,;494.407364,0.250398,;494.407364,0.300473,;477.213242,0.350547,;477.213242,0.400628,;477.213242,0.450713,;477.213242,0.500799,;477.213242,0.550913,;477.213242,0.600993,;477.213242,0.651127,;477.213242,0.701217,;387.616507,0.751303,;387.616507,0.8014,;387.616507,0.851479,;387.616507,0.901548,;344.733008,0.951674,;344.733008,1.00175,;344.733008,1.05187,;344.733008,1.10196,;290.522600,1.15209,;290.522600,1.20216,;290.522600,1.25224,;290.522600,1.30233,;290.522600,1.35243,;290.522600,1.40252,;290.522600,1.45261,;290.522600,1.50268,;290.522600,1.55276,;290.522600,1.60287,;290.522600,1.65295,;290.522600,1.70304,;290.522600,1.75312,;290.522600,1.8032,;290.522600,1.85329,;290.522600,1.90338,;290.522600,1.95346,;290.522600,2.00355,;290.522600,2.05363,;290.522600,2.10375,;290.522600,2.15383,;290.522600,2.20392,;290.522600,2.25404,;290.522600,2.30416,;290.522600,2.35424,;290.522600,2.40433,;290.522600,2.45442,;290.522600,2.5045,;290.522600,2.5546,;290.522600,2.60468,;290.522600,2.65476,;290.522600,2.70484,;290.522600,2.75492,;290.522600,2.805,;290.522600,2.8551,;290.522600,2.90518,;290.522600,2.95527,;290.522600,3.00534,;273.184451,3.05542,;273.184451,3.10551,;273.184451,3.15559,;273.184451,3.20569,;273.184451,3.25576,;273.184451,3.30583,;273.184451,3.35592,;273.184451,3.40603,;273.184451,3.45614,;273.184451,3.50623,;273.184451,3.55631,;273.184451,3.60639,;273.184451,3.65647,;273.184451,3.70655,;273.184451,3.75663,;273.184451,3.80671,;273.184451,3.85678,;273.184451,3.90686,;273.184451,3.95695,;273.184451,4.00704,;273.184451,4.05713,;273.184451,4.10721,;273.184451,4.15728,;273.184451,4.20736,;273.184451,4.25744,;273.184451,4.30752,;273.184451,4.35759,;273.184451,4.40766,;273.184451,4.45774,;273.184451,4.50781,;273.184451,4.55789,;273.184451,4.60801,;273.184451,4.6581,;273.184451,4.70822,;273.184451,4.7583,;273.184451,4.80841,;273.184451,4.85849,;273.184451,4.90861,;273.184451,4.95872,;273.184451,5.00885,;273.184451,5.05896,;273.184451,5.10903,;273.184451,5.15915,;273.184451,5.20925,;273.184451,5.25936,;273.184451,5.30947,;273.184451,5.35954,;273.184451,5.40961,;273.184451,5.45968,;273.184451,5.50975,;273.184451,5.55981,;273.184451,5.60993,;273.184451,5.66004,;273.184451,5.71015,;273.184451,5.76022,;273.184451,5.81033,;273.184451,5.86043,;273.184451,5.91055,;273.184451,5.96058,;273.184451,6.01069,;273.184451,6.06076,;273.184451,6.11085,;273.184451,6.16094,;273.184451,6.21106,;273.184451,6.26115,;273.184451,6.31126,;273.184451,6.36135,;273.184451,6.41143,;273.184451,6.46155,;273.184451,6.51167,;273.184451,6.56177,;273.184451,6.61187,;273.184451,6.66198,;273.184451,6.71209,;273.184451,6.76222,;273.184451,6.81233,;273.184451,6.86245,;273.184451,6.91258,;273.184451,6.96266,;273.184451,7.01273,;273.184451,7.06284,;273.184451,7.11292,;273.184451,7.16303,;273.184451,7.21312,;273.184451,7.26328,;273.184451,7.31336,;273.184451,7.36348,;273.184451,7.41359,;273.184451,7.46371,;273.184451,7.51381,;273.184451,7.56391,;273.184451,7.61401,;273.184451,7.66412,;273.184451,7.71422,;273.184451,7.76431,;273.184451,7.81438,;273.184451,7.86444,;273.184451,7.91452,;273.184451,7.96459,;273.184451,8.01466,;273.184451,8.06474,;273.184451,8.11486,;273.184451,8.16495,;273.184451,8.21505,;273.184451,8.26513,;273.184451,8.31524,;273.184451,8.36532,;273.184451,8.41541,;273.184451,8.4655,;273.184451,8.51558,;273.184451,8.56566,;273.184451,8.61572,;273.184451,8.66581,;273.184451,8.71592,;273.184451,8.76599,;273.184451,8.81606,;273.184451,8.86613,;273.184451,8.91623,;273.184451,8.96631,;273.184451,9.01639,;273.184451,9.06648,;273.184451,9.11658,;273.184451,9.16668,;273.184451,9.21675,;273.184451,9.26682,;273.184451,9.31694,;273.184451,9.36702,;273.184451,9.41712,;273.184451,9.46722,;273.184451,9.51732,;273.184451,9.5674,;273.184451,9.61749,;273.184451,9.66758,;273.184451,9.71766,;273.184451,9.76775,;273.184451,9.81784,;273.184451,9.86792,;273.184451,9.91802,;273.184451,9.96813,;273.184451,10.0182,;
458.910218,0.050068,;458.910218,0.100203,;430.030432,0.150318,;430.030432,0.200435,;430.030432,0.250514,;430.030432,0.300637,;361.172331,0.350753,;361.172331,0.400863,;361.172331,0.450935,;361.172331,0.501048,;361.172331,0.551117,;361.172331,0.601235,;361.172331,0.651322,;361.134007,0.701409,;304.439203,0.751502,;304.439203,0.801616,;303.171585,0.851712,;303.171585,0.9018,;303.171585,0.951904,;303.171585,1.00199,;303.171585,1.05207,;303.171585,1.10215,;303.171585,1.15223,;303.171585,1.20231,;303.171585,1.25239,;303.171585,1.30254,;303.171585,1.35262,;273.044869,1.40274,;273.044869,1.45284,;273.044869,1.50291,;273.044869,1.55299,;273.044869,1.60308,;273.044869,1.6532,;273.044869,1.70327,;273.044869,1.75338,;273.044869,1.80347,;273.044869,1.85358,;273.044869,1.90367,;273.044869,1.95378,;273.044869,2.00388,;273.044869,2.05398,;273.044869,2.10409,;273.044869,2.1542,;273.044869,2.20431,;273.044869,2.25442,;273.044869,2.3045,;273.044869,2.35462,;273.044869,2.40473,;273.044869,2.45483,;273.044869,2.50494,;273.044869,2.55501,;273.044869,2.60508,;273.044869,2.6552,;273.044869,2.70527,;273.044869,2.75534,;273.044869,2.80543,;273.044869,2.85554,;273.044869,2.90565,;273.044869,2.95572,;273.044869,3.00582,;273.044869,3.0559,;273.044869,3.10601,;273.044869,3.15616,;273.044869,3.20626,;273.044869,3.25637,;273.044869,3.30648,;273.044869,3.3566,;273.044869,3.40671,;273.044869,3.4568,;273.044869,3.50687,;273.044869,3.55699,;273.044869,3.60706,;273.044869,3.65715,;273.044869,3.70723,;273.044869,3.75733,;273.044869,3.80742,;273.044869,3.85753,;273.044869,3.90762,;273.044869,3.95772,;273.044869,4.00782,;273.044869,4.05793,;273.044869,4.10803,;273.044869,4.15815,;273.044869,4.20823,;273.044869,4.25836,;273.044869,4.30847,;273.044869,4.35859,;273.044869,4.4087,;273.044869,4.45881,;273.044869,4.50892,;273.044869,4.55902,;273.044869,4.60912,;273.044869,4.65921,;273.044869,4.7093,;273.044869,4.75939,;273.044869,4.80949,;273.044869,4.85958,;273.044869,4.90969,;273.044869,4.95977,;273.044869,5.00987,;273.044869,5.05995,;273.044869,5.11006,;273.044869,5.16018,;273.044869,5.21028,;271.662732,5.26038,;271.662732,5.31049,;271.662732,5.36061,;269.264638,5.41069,;269.264638,5.46078,;269.264638,5.51088,;269.264638,5.56098,;269.264638,5.61105,;269.264638,5.66116,;269.264638,5.71124,;269.264638,5.76132,;269.264638,5.81141,;269.264638,5.86149,;269.264638,5.91158,;269.101203,5.96169,;269.101203,6.01181,;269.101203,6.06188,;269.101203,6.11196,;269.101203,6.16208,;269.101203,6.21215,;269.101203,6.26227,;269.101203,6.31236,;269.101203,6.36245,;269.101203,6.41258,;269.101203,6.4627,;269.101203,6.51283,;269.101203,6.56291,;269.101203,6.61298,;269.101203,6.66306,;268.958305,6.71318,;268.958305,6.76326,;268.958305,6.81338,;268.958305,6.86347,;268.958305,6.91356,;268.958305,6.96365,;268.958305,7.01376,;268.958305,7.06384,;268.958305,7.11393,;268.958305,7.16404,;268.958305,7.21411,;268.958305,7.26422,;268.958305,7.31431,;268.958305,7.3644,;268.958305,7.41452,;268.958305,7.46459,;268.958305,7.51467,;268.958305,7.56477,;268.958305,7.61487,;268.958305,7.66498,;268.958305,7.71505,;268.958305,7.76516,;267.482220,7.81524,;267.482220,7.86536,;267.482220,7.91544,;267.482220,7.96551,;267.482220,8.01559,;267.482220,8.0657,;267.482220,8.11579,;267.482220,8.16587,;267.482220,8.21595,;267.482220,8.26603,;267.482220,8.31615,;267.482220,8.36624,;267.482220,8.41635,;267.482220,8.46646,;267.482220,8.51653,;267.482220,8.56661,;267.482220,8.61672,;267.482220,8.6668,;267.482220,8.71689,;267.482220,8.76698,;267.482220,8.81709,;267.482220,8.86718,;267.482220,8.91729,;267.482220,8.96737,;267.482220,9.01748,;267.482220,9.06755,;267.482220,9.11766,;267.482220,9.16773,;267.482220,9.21785,;267.482220,9.26792,;267.482220,9.318,;265.587029,9.36808,;265.587029,9.41819,;265.587029,9.46827,;265.587029,9.51835,;265.587029,9.56843,;265.587029,9.6185,;265.587029,9.66859,;265.587029,9.71867,;265.587029,9.76879,;265.587029,9.81884,;265.587029,9.86896,;265.587029,9.91909,;265.587029,9.96916,;265.587029,10.0192,;
432.465819,0.0500952,;432.465819,0.100206,;432.465819,0.150322,;432.465819,0.2004,;403.956199,0.250525,;403.956199,0.300646,;403.956199,0.350732,;384.830104,0.400839,;384.830104,0.450943,;384.830104,0.501055,;384.830104,0.551161,;384.830104,0.601233,;384.830104,0.651351,;371.687897,0.701438,;371.687897,0.751584,;351.478138,0.801682,;351.478138,0.851805,;351.478138,0.901914,;351.478138,0.952047,;351.478138,1.00214,;351.478138,1.05223,;351.478138,1.10236,;351.478138,1.15247,;351.478138,1.20258,;351.478138,1.25269,;351.478138,1.30282,;339.587439,1.35293,;339.587439,1.40303,;339.587439,1.45315,;339.587439,1.50325,;306.203814,1.55333,;306.203814,1.60344,;306.203814,1.65351,;306.203814,1.70363,;306.203814,1.75371,;306.203814,1.80383,;306.203814,1.85391,;297.568807,1.904,;297.568807,1.95409,;297.568807,2.00421,;297.568807,2.0543,;297.568807,2.1044,;297.568807,2.1545,;297.568807,2.20462,;297.568807,2.25474,;297.568807,2.30482,;297.568807,2.35494,;297.568807,2.40502,;297.568807,2.4551,;297.568807,2.50512,;297.568807,2.5552,;297.568807,2.60528,;297.568807,2.65535,;297.568807,2.70544,;297.568807,2.75553,;297.568807,2.80563,;297.568807,2.8557,;297.568807,2.9058,;297.568807,2.95591,;297.568807,3.006,;297.568807,3.05607,;297.568807,3.10619,;297.568807,3.15627,;297.568807,3.20635,;297.568807,3.25647,;297.568807,3.30656,;297.568807,3.35665,;297.568807,3.40672,;297.568807,3.45679,;297.568807,3.50688,;297.568807,3.55696,;297.568807,3.60704,;297.568807,3.65708,;297.568807,3.70716,;297.568807,3.75724,;297.568807,3.80732,;297.568807,3.8574,;297.568807,3.9075,;290.551542,3.95758,;290.551542,4.00767,;290.551542,4.05775,;290.551542,4.10784,;290.551542,4.15797,;290.551542,4.20807,;290.551542,4.25817,;290.551542,4.30829,;287.529546,4.35836,;287.529546,4.40849,;287.529546,4.45857,;287.529546,4.50868,;287.529546,4.55878,;287.529546,4.60889,;287.529546,4.659,;287.529546,4.70911,;281.279597,4.75922,;281.279597,4.80933,;281.279597,4.85944,;281.279597,4.90952,;281.279597,4.95963,;281.279597,5.00971,;281.279597,5.05982,;281.279597,5.10996,;281.279597,5.16006,;281.279597,5.21015,;281.279597,5.26024,;281.279597,5.31031,;281.279597,5.36042,;281.279597,5.4105,;281.279597,5.46061,;281.279597,5.51072,;281.279597,5.56079,;281.279597,5.6109,;281.279597,5.66099,;281.279597,5.71107,;281.279597,5.76119,;281.279597,5.8113,;281.279597,5.86138,;281.279597,5.9115,;281.279597,5.96161,;281.279597,6.01168,;281.279597,6.06178,;281.279597,6.11189,;281.279597,6.16196,;281.279597,6.21208,;281.279597,6.26215,;281.279597,6.31231,;281.279597,6.3624,;281.279597,6.41251,;281.279597,6.46262,;270.192315,6.51273,;270.192315,6.56283,;270.192315,6.61294,;270.192315,6.66305,;270.192315,6.71316,;270.192315,6.76327,;270.192315,6.81339,;270.192315,6.86346,;270.192315,6.91355,;270.192315,6.96363,;270.192315,7.01372,;270.192315,7.06383,;270.192315,7.11394,;270.192315,7.16406,;270.192315,7.21416,;270.192315,7.26427,;270.192315,7.31435,;270.192315,7.36446,;270.192315,7.41453,;265.348656,7.46461,;265.348656,7.51473,;265.348656,7.56484,;265.348656,7.61494,;265.348656,7.66501,;265.348656,7.71514,;265.348656,7.76521,;265.348656,7.81531,;265.348656,7.86539,;265.348656,7.91551,;265.348656,7.9656,;265.348656,8.0157,;265.348656,8.0658,;265.348656,8.11587,;265.348656,8.16595,;265.348656,8.21607,;265.348656,8.26618,;265.348656,8.3163,;265.348656,8.36639,;265.348656,8.4165,;265.348656,8.46659,;265.348656,8.51669,;265.348656,8.56681,;265.348656,8.61691,;265.348656,8.66703,;264.885708,8.71708,;264.885708,8.7672,;264.885708,8.81729,;264.885708,8.86736,;264.885708,8.91745,;264.885708,8.96756,;264.885708,9.01764,;264.885708,9.06774,;264.885708,9.11782,;264.885708,9.16793,;264.885708,9.21803,;264.885708,9.26813,;264.885708,9.31821,;264.885708,9.36831,;264.885708,9.41843,;264.885708,9.46851,;264.885708,9.51858,;264.885708,9.56867,;264.885708,9.61878,;264.885708,9.66886,;264.885708,9.71897,;264.885708,9.76906,;264.885708,9.81914,;264.885708,9.86921,;264.885708,9.91929,;264.885708,9.96941,;264.885708,10.0195,;264.885708,10.0696,;
512.067327,0.0500656,;433.916516,0.100181,;433.916516,0.150267,;433.916516,0.200349,;433.916516,0.250443,;433.916516,0.300535,;433.916516,0.350655,;433.916516,0.400755,;433.916516,0.450833,;433.916516,0.50091,;431.196625,0.551015,;392.405501,0.601094,;392.405501,0.651211,;392.405501,0.701321,;392.405501,0.751442,;392.405501,0.801511,;392.405501,0.851622,;392.405501,0.901646,;392.405501,0.951756,;329.835064,1.00183,;329.835064,1.05193,;329.835064,1.10201,;329.835064,1.15211,;329.835064,1.2022,;329.835064,1.2523,;305.271201,1.30238,;305.271201,1.35249,;305.271201,1.40257,;305.271201,1.45267,;305.271201,1.50274,;305.271201,1.55281,;305.271201,1.60289,;305.271201,1.65297,;305.271201,1.70305,;305.271201,1.75317,;305.271201,1.80326,;305.271201,1.85337,;305.271201,1.90348,;305.271201,1.95356,;305.271201,2.00367,;305.271201,2.05378,;305.271201,2.10386,;305.271201,2.15395,;305.271201,2.20404,;305.271201,2.25414,;305.271201,2.30426,;305.271201,2.35438,;305.271201,2.4045,;305.271201,2.45456,;305.271201,2.50467,;305.271201,2.55476,;305.271201,2.60484,;305.271201,2.65492,;305.271201,2.70504,;305.271201,2.75515,;305.271201,2.80526,;305.271201,2.85536,;305.271201,2.90547,;305.271201,2.95557,;305.271201,3.00564,;305.271201,3.05573,;305.271201,3.1058,;302.005359,3.15588,;302.005359,3.20598,;302.005359,3.25608,;302.005359,3.30617,;302.005359,3.35628,;302.005359,3.40636,;302.005359,3.45643,;302.005359,3.5065,;302.005359,3.55659,;302.005359,3.60667,;302.005359,3.65675,;302.005359,3.70683,;302.005359,3.75694,;289.116179,3.80702,;289.116179,3.85713,;289.116179,3.90721,;289.116179,3.95732,;289.116179,4.00739,;289.116179,4.05746,;289.116179,4.10754,;289.116179,4.15761,;289.116179,4.20774,;289.116179,4.25781,;289.116179,4.30792,;289.116179,4.358,;289.116179,4.40808,;289.116179,4.45815,;289.116179,4.50823,;282.746108,4.55832,;282.746108,4.60841,;282.746108,4.65849,;282.746108,4.70861,;282.746108,4.75871,;269.274978,4.80882,;269.274978,4.85889,;269.274978,4.90897,;269.274978,4.95905,;269.274978,5.00916,;269.274978,5.05926,;269.274978,5.10937,;269.274978,5.15945,;269.274978,5.20956,;269.274978,5.25966,;269.274978,5.30973,;269.274978,5.35983,;269.274978,5.40992,;269.274978,5.46002,;269.274978,5.5101,;269.274978,5.56019,;269.274978,5.61029,;269.274978,5.6604,;269.274978,5.71049,;269.274978,5.7606,;269.274978,5.81069,;269.274978,5.86085,;269.274978,5.91093,;269.274978,5.96106,;269.274978,6.01117,;269.274978,6.06127,;269.274978,6.11135,;269.274978,6.16144,;269.274978,6.21154,;269.274978,6.26161,;269.274978,6.31171,;269.274978,6.36178,;269.274978,6.41187,;269.274978,6.46196,;269.274978,6.51207,;269.274978,6.56214,;269.274978,6.61223,;269.274978,6.66234,;269.274978,6.71245,;269.274978,6.76256,;269.274978,6.81267,;269.274978,6.86275,;269.274978,6.91286,;269.274978,6.96293,;269.274978,7.01301,;269.274978,7.06308,;269.274978,7.11319,;269.274978,7.16329,;269.274978,7.21337,;269.274978,7.26345,;269.274978,7.31355,;269.274978,7.36365,;269.274978,7.41372,;269.274978,7.46378,;269.274978,7.51388,;269.274978,7.56399,;269.274978,7.61405,;269.274978,7.66417,;269.274978,7.71426,;269.274978,7.76433,;269.274978,7.81442,;269.274978,7.86453,;269.274978,7.91461,;269.274978,7.96472,;267.952745,8.01482,;267.952745,8.06493,;267.952745,8.115,;267.952745,8.16512,;267.952745,8.21524,;267.952745,8.26531,;267.952745,8.31543,;267.952745,8.36551,;267.952745,8.4156,;267.952745,8.46568,;267.952745,8.51578,;267.952745,8.56586,;267.952745,8.61596,;267.952745,8.66607,;267.952745,8.71618,;267.952745,8.76627,;267.952745,8.81638,;267.952745,8.86649,;267.952745,8.9166,;267.952745,8.96668,;267.952745,9.01679,;267.952745,9.06689,;267.952745,9.11699,;267.952745,9.16706,;267.952745,9.21718,;267.952745,9.26727,;267.952745,9.31735,;267.952745,9.36746,;267.952745,9.41757,;267.952745,9.46768,;267.952745,9.51778,;267.952745,9.56789,;267.952745,9.61797,;267.952745,9.66804,;267.952745,9.71814,;267.952745,9.76826,;267.952745,9.81837,;267.952745,9.86844,;267.952745,9.91854,;267.952745,9.96862,;267.952745,10.0187,;
inf,0.05009,;inf,0.100171,;704.843745,0.150273,;613.588832,0.200352,;613.588832,0.250428,;613.588832,0.300536,;414.479136,0.350634,;414.479136,0.400743,;414.479136,0.450811,;414.479136,0.500916,;414.479136,0.551019,;414.479136,0.601132,;414.479136,0.651241,;414.479136,0.701312,;414.479136,0.751424,;414.479136,0.801505,;406.956669,0.851613,;300.474730,0.901699,;300.474730,0.951768,;300.474730,1.00185,;300.474730,1.05192,;300.474730,1.10202,;300.474730,1.15214,;300.474730,1.20223,;300.474730,1.25233,;300.474730,1.30244,;300.474730,1.35254,;300.474730,1.40264,;300.474730,1.45271,;300.474730,1.50281,;300.474730,1.55291,;300.474730,1.60298,;300.474730,1.65308,;300.474730,1.70315,;300.474730,1.75326,;300.474730,1.80337,;300.474730,1.85346,;300.474730,1.90356,;300.474730,1.95365,;300.474730,2.00379,;300.474730,2.05387,;300.474730,2.10398,;300.474730,2.15409,;300.474730,2.20418,;300.474730,2.25428,;300.474730,2.30439,;300.474730,2.35447,;300.474730,2.40458,;300.474730,2.45469,;300.474730,2.50479,;300.474730,2.5549,;300.474730,2.60498,;300.474730,2.65508,;300.474730,2.70511,;300.474730,2.75521,;300.474730,2.80528,;300.474730,2.85538,;300.474730,2.90548,;300.474730,2.95556,;300.474730,3.00565,;286.721352,3.05575,;283.163691,3.10586,;283.163691,3.15597,;283.163691,3.20608,;283.163691,3.25618,;283.163691,3.30626,;283.163691,3.35637,;283.163691,3.40646,;283.163691,3.45656,;283.163691,3.50667,;275.509609,3.55675,;275.509609,3.60684,;275.509609,3.65696,;275.509609,3.70706,;275.509609,3.75713,;275.509609,3.80724,;275.509609,3.85731,;275.509609,3.90738,;275.509609,3.95747,;275.509609,4.00758,;258.852858,4.05766,;258.852858,4.10777,;258.852858,4.15786,;253.712565,4.20798,;253.712565,4.25806,;253.712565,4.30819,;253.712565,4.35827,;253.712565,4.40836,;253.712565,4.45846,;253.712565,4.50854,;253.712565,4.55862,;253.712565,4.60877,;253.712565,4.65889,;253.712565,4.70897,;253.712565,4.75909,;253.712565,4.8092,;253.712565,4.8593,;253.712565,4.90937,;253.712565,4.95946,;253.712565,5.00957,;253.712565,5.05968,;253.712565,5.10977,;253.712565,5.15985,;253.712565,5.20995,;253.712565,5.26006,;253.712565,5.31016,;253.712565,5.36026,;253.712565,5.41034,;253.712565,5.46046,;253.712565,5.51056,;253.712565,5.56064,;253.712565,5.61076,;253.712565,5.66087,;253.712565,5.71097,;253.712565,5.76114,;253.712565,5.81126,;253.712565,5.86133,;253.712565,5.91143,;253.712565,5.96154,;253.712565,6.01164,;253.712565,6.06173,;253.712565,6.11184,;253.712565,6.16192,;253.712565,6.21204,;253.712565,6.26215,;253.712565,6.31227,;253.712565,6.36234,;253.712565,6.41246,;253.712565,6.46258,;253.712565,6.51269,;253.712565,6.56279,;253.712565,6.6129,;253.712565,6.66301,;253.712565,6.71308,;253.712565,6.76319,;253.712565,6.8133,;253.712565,6.86341,;253.712565,6.91351,;253.712565,6.96363,;253.712565,7.01371,;253.712565,7.06382,;253.712565,7.11393,;253.712565,7.16404,;253.712565,7.21415,;253.712565,7.26425,;253.712565,7.31436,;253.712565,7.36446,;253.712565,7.41457,;253.712565,7.46468,;253.712565,7.51478,;253.712565,7.56489,;253.712565,7.615,;253.712565,7.66509,;253.712565,7.71518,;253.712565,7.76527,;253.712565,7.81539,;253.712565,7.8655,;253.712565,7.91562,;253.712565,7.96573,;253.712565,8.01583,;253.712565,8.06594,;253.712565,8.11604,;253.712565,8.16614,;253.712565,8.21626,;253.712565,8.26637,;253.712565,8.31647,;253.712565,8.36659,;253.712565,8.4167,;253.712565,8.46679,;253.712565,8.51689,;253.712565,8.56701,;253.712565,8.61712,;240.959051,8.66724,;240.959051,8.71731,;240.959051,8.76742,;240.959051,8.81751,;240.959051,8.86762,;240.959051,8.9177,;240.959051,8.96777,;240.959051,9.01786,;240.959051,9.06796,;240.959051,9.11807,;240.959051,9.16818,;240.959051,9.21826,;240.959051,9.26833,;240.959051,9.31841,;240.959051,9.36849,;240.959051,9.41856,;240.959051,9.46864,;240.959051,9.51871,;240.959051,9.56879,;240.959051,9.61886,;240.959051,9.66894,;240.959051,9.71902,;240.959051,9.76906,;240.959051,9.81914,;240.959051,9.86921,;240.959051,9.91931,;240.959051,9.9694,;240.959051,10.0195,;240.959051,10.0696,;
inf,0.0500579,;408.838401,0.100142,;408.838401,0.150262,;408.838401,0.200368,;408.838401,0.250441,;408.838401,0.300527,;408.838401,0.350647,;398.212907,0.400764,;398.212907,0.450874,;398.212907,0.500964,;391.576832,0.551084,;391.576832,0.601189,;391.576832,0.651298,;369.909162,0.701403,;369.909162,0.751508,;369.909162,0.801612,;356.567289,0.851719,;356.567289,0.901824,;321.133967,0.951935,;321.133967,1.00201,;321.133967,1.05214,;321.133967,1.10225,;321.133967,1.15235,;321.133967,1.20246,;321.133967,1.25256,;321.133967,1.30268,;321.133967,1.35278,;321.133967,1.40289,;321.133967,1.45296,;321.133967,1.50306,;321.133967,1.55317,;321.133967,1.60325,;321.133967,1.65334,;321.133967,1.70345,;298.982962,1.75354,;298.982962,1.80363,;298.982962,1.8537,;298.982962,1.90381,;298.982962,1.95391,;298.982962,2.00399,;298.982962,2.0541,;298.982962,2.10418,;298.982962,2.15427,;298.982962,2.20435,;298.982962,2.25441,;298.982962,2.30449,;298.982962,2.3546,;298.982962,2.40469,;298.982962,2.45477,;298.982962,2.50487,;298.982962,2.555,;298.982962,2.60509,;298.982962,2.6552,;298.982962,2.70528,;298.982962,2.75539,;298.982962,2.8055,;298.982962,2.85559,;298.982962,2.90572,;298.982962,2.95577,;298.982962,3.00585,;298.982962,3.05593,;298.982962,3.10602,;298.982962,3.15614,;298.982962,3.20622,;298.982962,3.25633,;298.982962,3.30641,;298.982962,3.35652,;298.982962,3.40663,;298.982962,3.4567,;298.982962,3.5068,;298.982962,3.55688,;298.982962,3.60695,;298.982962,3.65705,;298.982962,3.70714,;298.982962,3.75724,;298.982962,3.80734,;298.982962,3.85742,;298.982962,3.90751,;287.523752,3.95762,;287.523752,4.00772,;287.523752,4.05783,;287.523752,4.10789,;287.523752,4.158,;287.523752,4.20808,;275.981022,4.25816,;275.981022,4.30825,;275.981022,4.35834,;275.981022,4.40845,;275.981022,4.45853,;275.981022,4.50863,;275.981022,4.55874,;275.981022,4.60882,;275.981022,4.65893,;275.981022,4.70901,;275.981022,4.75913,;275.981022,4.80921,;275.981022,4.85933,;275.981022,4.90943,;275.981022,4.95956,;275.981022,5.00965,;275.981022,5.05976,;275.981022,5.1099,;275.981022,5.15999,;275.981022,5.21009,;275.981022,5.26019,;275.981022,5.31026,;275.981022,5.36036,;275.981022,5.41046,;275.981022,5.46053,;275.981022,5.51064,;275.981022,5.56071,;275.981022,5.61081,;275.981022,5.66089,;275.981022,5.71098,;275.981022,5.76107,;275.981022,5.81115,;275.981022,5.86125,;275.981022,5.91135,;273.408486,5.96144,;273.408486,6.01154,;273.408486,6.06164,;273.408486,6.11175,;273.408486,6.16186,;273.408486,6.21193,;273.408486,6.26201,;273.408486,6.31208,;273.408486,6.36219,;273.408486,6.41228,;273.408486,6.46239,;247.182963,6.51248,;247.182963,6.56259,;247.182963,6.61266,;247.182963,6.66274,;247.182963,6.71281,;247.182963,6.76287,;247.182963,6.81294,;247.182963,6.86301,;247.182963,6.91308,;247.182963,6.96315,;247.182963,7.01323,;247.182963,7.06333,;247.182963,7.11344,;247.182963,7.16354,;247.182963,7.21365,;247.182963,7.26376,;247.182963,7.31387,;247.182963,7.36394,;247.182963,7.41405,;247.182963,7.46413,;247.182963,7.51425,;247.182963,7.56433,;247.182963,7.61445,;247.182963,7.66452,;247.182963,7.71462,;247.182963,7.76469,;247.182963,7.8148,;247.182963,7.86488,;247.182963,7.915,;247.182963,7.96507,;247.182963,8.01517,;247.182963,8.06525,;247.182963,8.11536,;247.182963,8.16544,;247.182963,8.21556,;247.182963,8.26565,;247.182963,8.31577,;247.182963,8.36585,;247.182963,8.41593,;247.182963,8.46602,;247.182963,8.51611,;247.182963,8.5662,;247.182963,8.61628,;247.182963,8.66635,;247.182963,8.71644,;247.182963,8.76653,;247.182963,8.81662,;247.182963,8.8667,;247.182963,8.91679,;247.182963,8.9669,;247.182963,9.01699,;247.182963,9.06707,;247.182963,9.11715,;247.182963,9.16723,;247.182963,9.21731,;247.182963,9.26741,;247.182963,9.31751,;247.182963,9.36763,;247.182963,9.41773,;247.182963,9.46782,;247.182963,9.51794,;247.182963,9.56801,;247.182963,9.61809,;247.182963,9.66818,;247.182963,9.71827,;247.182963,9.76836,;247.182963,9.81846,;247.182963,9.86853,;247.182963,9.91863,;247.182963,9.96871,;247.182963,10.0188,;
454.820214,0.0500589,;454.820214,0.100152,;454.820214,0.150259,;448.342789,0.200339,;426.574437,0.250419,;426.574437,0.3005,;426.574437,0.350569,;426.574437,0.400659,;398.324656,0.450778,;398.324656,0.500847,;398.324656,0.55095,;367.433688,0.601053,;367.433688,0.651134,;367.433688,0.701217,;364.112950,0.751307,;364.112950,0.801392,;324.038236,0.85151,;283.211144,0.901591,;277.313401,0.951699,;277.313401,1.00184,;277.134197,1.05193,;277.134197,1.10205,;277.134197,1.15215,;277.134197,1.20224,;277.134197,1.25235,;277.134197,1.30243,;277.134197,1.35254,;277.134197,1.40262,;277.134197,1.45273,;277.134197,1.50284,;277.134197,1.55294,;277.134197,1.60301,;277.134197,1.65311,;277.134197,1.70322,;277.134197,1.75333,;277.134197,1.80344,;277.134197,1.85354,;277.134197,1.90365,;277.134197,1.95375,;277.134197,2.00385,;277.134197,2.05392,;277.134197,2.10402,;277.134197,2.15409,;277.134197,2.2042,;277.134197,2.25428,;277.134197,2.3044,;277.134197,2.35448,;277.134197,2.40459,;277.134197,2.4547,;277.134197,2.50481,;277.134197,2.55492,;277.134197,2.60503,;277.134197,2.65513,;277.134197,2.70523,;277.134197,2.75534,;277.134197,2.80544,;277.134197,2.85552,;277.134197,2.90562,;277.134197,2.95573,;277.134197,3.00584,;277.134197,3.05595,;277.134197,3.10602,;277.134197,3.15612,;277.134197,3.20621,;277.134197,3.25632,;277.134197,3.30641,;277.134197,3.35647,;277.134197,3.40656,;277.134197,3.45666,;277.134197,3.50675,;277.134197,3.55686,;277.134197,3.60695,;277.134197,3.65705,;277.134197,3.70715,;277.134197,3.75725,;277.134197,3.80732,;277.134197,3.85743,;277.134197,3.90753,;277.134197,3.95763,;277.134197,4.0077,;277.134197,4.05777,;277.134197,4.10787,;277.134197,4.15794,;277.134197,4.20803,;277.134197,4.2581,;277.134197,4.30821,;277.134197,4.35829,;277.134197,4.4084,;277.134197,4.45849,;277.134197,4.50858,;277.134197,4.55865,;277.134197,4.60874,;277.134197,4.65883,;277.134197,4.70892,;277.134197,4.75901,;277.134197,4.80912,;274.674465,4.8592,;274.674465,4.90931,;274.674465,4.95938,;274.674465,5.00949,;274.674465,5.05957,;274.674465,5.10968,;274.674465,5.15976,;274.674465,5.20986,;274.674465,5.25996,;274.674465,5.31003,;274.674465,5.36013,;274.674465,5.41021,;274.674465,5.46032,;274.674465,5.51041,;274.674465,5.56055,;274.674465,5.61064,;274.674465,5.6607,;274.674465,5.71081,;274.674465,5.76091,;274.674465,5.811,;274.674465,5.86108,;274.674465,5.91116,;274.674465,5.96128,;274.674465,6.01138,;274.674465,6.06145,;274.674465,6.11152,;274.674465,6.16158,;274.674465,6.2117,;274.674465,6.26181,;274.674465,6.31192,;274.674465,6.36199,;274.674465,6.4121,;274.674465,6.46217,;274.674465,6.51229,;274.674465,6.56237,;274.674465,6.61248,;274.674465,6.66257,;274.674465,6.71268,;274.674465,6.76275,;274.674465,6.81286,;274.674465,6.86298,;274.674465,6.91308,;274.674465,6.96319,;274.674465,7.01329,;274.674465,7.06339,;274.674465,7.11349,;274.674465,7.1636,;274.674465,7.2137,;274.674465,7.26382,;274.674465,7.31387,;274.674465,7.36398,;274.674465,7.41405,;274.674465,7.46415,;274.674465,7.51423,;267.047927,7.5643,;267.047927,7.61437,;267.047927,7.66445,;253.914239,7.71458,;253.914239,7.76468,;253.914239,7.81476,;253.914239,7.86488,;253.914239,7.91498,;253.914239,7.96505,;253.914239,8.01511,;253.914239,8.06522,;253.914239,8.11532,;253.914239,8.16543,;253.914239,8.21551,;253.914239,8.26566,;253.914239,8.31574,;253.914239,8.36583,;253.914239,8.41594,;253.914239,8.46602,;253.914239,8.5161,;253.914239,8.56619,;253.914239,8.61627,;253.914239,8.66636,;253.914239,8.71648,;253.914239,8.76656,;253.914239,8.81665,;253.914239,8.86672,;253.914239,8.91682,;253.914239,8.96692,;253.914239,9.01702,;253.914239,9.06709,;253.914239,9.1172,;253.914239,9.16727,;253.914239,9.21734,;253.914239,9.26743,;253.914239,9.31751,;253.914239,9.3676,;253.914239,9.41768,;253.914239,9.46779,;253.914239,9.51788,;253.914239,9.56796,;253.914239,9.61804,;253.914239,9.66812,;253.914239,9.71824,;253.914239,9.76835,;253.914239,9.81844,;253.914239,9.86855,;253.914239,9.91862,;253.914239,9.96873,;253.914239,10.0188,;253.914239,10.0689,;
inf,0.050067,;634.378414,0.100193,;634.378414,0.150316,;634.378414,0.200424,;634.378414,0.250528,;634.378414,0.30061,;507.764547,0.350713,;507.764547,0.40083,;507.764547,0.450941,;427.321797,0.501063,;427.321797,0.551171,;427.321797,0.60128,;400.164327,0.651383,;400.164327,0.701483,;400.164327,0.75157,;400.164327,0.801681,;400.164327,0.851756,;400.164327,0.901871,;364.387092,0.951982,;364.387092,1.00209,;361.330518,1.05219,;361.330518,1.1023,;361.330518,1.15241,;361.330518,1.20252,;361.330518,1.25262,;361.330518,1.30273,;361.330518,1.35283,;361.330518,1.40294,;361.330518,1.45305,;361.330518,1.50316,;361.330518,1.55327,;361.330518,1.60337,;361.330518,1.65348,;361.330518,1.70356,;361.330518,1.75367,;361.330518,1.80376,;361.330518,1.85388,;361.330518,1.90398,;361.330518,1.95409,;361.330518,2.00418,;361.330518,2.05429,;361.330518,2.10438,;361.330518,2.15447,;361.330518,2.20459,;361.330518,2.25467,;361.330518,2.30476,;361.330518,2.35484,;361.330518,2.40492,;361.330518,2.45505,;361.330518,2.50516,;361.330518,2.55523,;361.330518,2.60533,;361.330518,2.65541,;361.330518,2.70552,;361.330518,2.75561,;361.330518,2.80571,;361.330518,2.85578,;361.330518,2.9059,;361.330518,2.95598,;361.330518,3.00608,;361.330518,3.05619,;305.143670,3.10626,;305.143670,3.15637,;305.143670,3.20644,;305.143670,3.25653,;301.263672,3.30661,;301.263672,3.35669,;301.263672,3.4068,;301.263672,3.45691,;301.263672,3.50699,;301.263672,3.55706,;301.263672,3.60713,;301.263672,3.65724,;292.905552,3.70732,;292.905552,3.75744,;292.905552,3.80751,;292.905552,3.85759,;292.905552,3.90767,;292.905552,3.95778,;292.905552,4.00786,;292.905552,4.05795,;292.905552,4.10805,;292.905552,4.15815,;292.905552,4.20823,;292.905552,4.25837,;292.905552,4.30848,;292.905552,4.35856,;292.905552,4.40867,;292.905552,4.45878,;292.905552,4.50886,;292.905552,4.55897,;292.905552,4.60908,;292.905552,4.65918,;279.640145,4.70929,;279.640145,4.75937,;279.640145,4.80948,;279.640145,4.85956,;279.640145,4.90967,;279.640145,4.95976,;279.640145,5.00986,;279.640145,5.05994,;279.640145,5.11005,;279.640145,5.16013,;279.640145,5.21024,;279.640145,5.26032,;279.640145,5.31039,;279.640145,5.3605,;279.640145,5.41061,;279.640145,5.46071,;279.640145,5.51082,;279.640145,5.56092,;279.640145,5.61103,;279.640145,5.66114,;259.786347,5.71121,;259.786347,5.76131,;259.786347,5.8114,;259.786347,5.86148,;259.786347,5.91156,;259.786347,5.96165,;259.786347,6.01176,;259.786347,6.06187,;259.786347,6.11197,;259.786347,6.16205,;259.786347,6.21214,;259.786347,6.26223,;259.786347,6.31234,;259.786347,6.36241,;259.786347,6.41255,;259.786347,6.46267,;259.786347,6.51278,;259.786347,6.56285,;259.786347,6.61291,;259.786347,6.66299,;259.786347,6.71307,;259.786347,6.76315,;259.786347,6.81325,;259.786347,6.86332,;259.786347,6.91342,;259.786347,6.96351,;259.786347,7.01363,;259.786347,7.06371,;259.786347,7.11382,;259.786347,7.16389,;259.786347,7.21401,;259.786347,7.26409,;259.786347,7.31418,;259.786347,7.36426,;259.786347,7.41435,;259.786347,7.46446,;259.786347,7.51454,;259.786347,7.56465,;259.786347,7.61473,;259.786347,7.66485,;259.786347,7.71496,;259.786347,7.76506,;259.786347,7.81513,;259.786347,7.86523,;259.786347,7.9153,;259.786347,7.9654,;259.786347,8.01549,;259.786347,8.0656,;259.786347,8.11574,;259.786347,8.1658,;259.786347,8.2159,;259.786347,8.26601,;259.786347,8.3161,;259.786347,8.36622,;259.786347,8.41631,;259.786347,8.46642,;259.786347,8.51653,;259.786347,8.56664,;259.786347,8.61672,;259.786347,8.66681,;259.786347,8.71688,;259.786347,8.76696,;259.786347,8.81703,;259.786347,8.86713,;259.786347,8.91722,;259.786347,8.96729,;259.786347,9.01737,;259.786347,9.06746,;259.786347,9.11754,;259.786347,9.16765,;259.786347,9.21773,;259.786347,9.26785,;259.786347,9.31793,;259.786347,9.36805,;259.786347,9.41813,;259.786347,9.46822,;258.767354,9.51834,;258.767354,9.56844,;258.767354,9.61855,;258.767354,9.66865,;258.767354,9.71873,;258.767354,9.76884,;258.767354,9.81895,;258.767354,9.86906,;258.767354,9.91912,;258.767354,9.96923,;258.767354,10.0193,;258.767354,10.0694,;
678.939726,0.0500676,;678.939726,0.100178,;678.939726,0.150288,;568.530988,0.200398,;568.530988,0.25048,;568.530988,0.300573,;568.530988,0.350688,;553.250406,0.400814,;518.090341,0.450919,;518.090341,0.500989,;518.090341,0.551089,;428.939263,0.601162,;428.939263,0.651321,;428.939263,0.701406,;362.488979,0.751518,;362.488979,0.8016,;362.488979,0.851722,;362.488979,0.901825,;362.488979,0.951941,;310.275827,1.00205,;310.275827,1.05212,;310.275827,1.1022,;310.275827,1.15228,;310.275827,1.20236,;310.275827,1.25246,;310.275827,1.30258,;310.275827,1.35268,;310.275827,1.40279,;310.275827,1.45281,;310.275827,1.50293,;310.275827,1.553,;310.275827,1.6031,;310.275827,1.65316,;310.275827,1.70327,;310.275827,1.75335,;310.275827,1.80346,;310.275827,1.85354,;310.275827,1.90362,;310.275827,1.95373,;310.275827,2.00382,;310.275827,2.05391,;310.275827,2.10398,;310.275827,2.15406,;310.275827,2.20416,;310.275827,2.25423,;310.275827,2.30431,;310.275827,2.35441,;310.275827,2.40451,;310.275827,2.45459,;294.549015,2.50469,;294.549015,2.55477,;294.549015,2.60484,;294.549015,2.65491,;294.549015,2.70498,;294.549015,2.75505,;294.549015,2.80512,;294.549015,2.85521,;294.549015,2.90527,;294.549015,2.95538,;265.202222,3.00545,;265.202222,3.05556,;265.202222,3.10562,;265.202222,3.1557,;265.202222,3.20579,;265.202222,3.2559,;265.202222,3.30598,;265.202222,3.3561,;265.202222,3.40618,;265.202222,3.4563,;265.202222,3.50638,;265.202222,3.55649,;265.202222,3.60658,;265.202222,3.65669,;265.202222,3.7068,;265.202222,3.75686,;265.202222,3.80695,;265.202222,3.85703,;265.202222,3.90713,;265.202222,3.95723,;265.202222,4.0073,;265.202222,4.05737,;263.193006,4.10746,;263.193006,4.15756,;263.193006,4.20763,;263.193006,4.25772,;263.193006,4.30781,;263.193006,4.3579,;263.193006,4.40802,;263.193006,4.4581,;262.347051,4.50817,;262.347051,4.55827,;262.347051,4.60835,;262.347051,4.65842,;262.347051,4.70849,;262.347051,4.75857,;262.347051,4.8087,;262.347051,4.85882,;262.347051,4.9089,;262.347051,4.95905,;262.347051,5.00913,;262.347051,5.05921,;262.347051,5.10929,;262.347051,5.15939,;262.347051,5.20947,;262.347051,5.25956,;262.347051,5.30963,;262.347051,5.35968,;262.347051,5.40977,;262.347051,5.45986,;262.347051,5.50993,;262.347051,5.56,;262.347051,5.61006,;262.347051,5.66013,;262.347051,5.7102,;262.347051,5.76027,;262.347051,5.81034,;262.347051,5.86043,;262.347051,5.91052,;262.347051,5.9606,;262.347051,6.01069,;262.347051,6.06078,;262.347051,6.11089,;262.347051,6.16096,;262.347051,6.21107,;262.347051,6.26118,;262.347051,6.3113,;262.347051,6.36142,;262.347051,6.41152,;262.347051,6.4616,;262.347051,6.5117,;262.347051,6.56178,;262.347051,6.61194,;262.347051,6.66204,;262.347051,6.71214,;262.347051,6.76223,;262.347051,6.81233,;262.347051,6.86244,;262.347051,6.91255,;262.347051,6.96265,;262.347051,7.01278,;262.037788,7.06289,;262.037788,7.11295,;262.037788,7.16306,;262.037788,7.21315,;262.037788,7.26326,;262.037788,7.31333,;262.037788,7.36344,;262.037788,7.4135,;262.037788,7.46361,;262.037788,7.51368,;262.037788,7.56378,;262.037788,7.61389,;262.037788,7.66399,;262.037788,7.7141,;262.037788,7.7642,;262.037788,7.81431,;262.037788,7.86441,;262.037788,7.91452,;262.037788,7.96462,;262.037788,8.01474,;262.037788,8.06481,;262.037788,8.11492,;262.037788,8.16499,;262.037788,8.2151,;262.037788,8.26518,;262.037788,8.31527,;262.037788,8.36537,;262.037788,8.41547,;262.037788,8.46556,;262.037788,8.51567,;262.037788,8.56579,;262.037788,8.61589,;262.037788,8.66598,;262.037788,8.71609,;262.037788,8.76617,;262.037788,8.81628,;262.037788,8.86636,;262.037788,8.91646,;262.037788,8.96657,;262.037788,9.01667,;262.037788,9.06678,;262.037788,9.11689,;262.037788,9.167,;262.037788,9.21707,;262.037788,9.26717,;262.037788,9.31726,;262.037788,9.36737,;262.037788,9.41744,;262.037788,9.46752,;262.037788,9.5176,;262.037788,9.56768,;262.037788,9.61779,;262.037788,9.66789,;262.037788,9.71798,;262.037788,9.76805,;262.037788,9.81814,;262.037788,9.86825,;262.037788,9.91832,;262.037788,9.96839,;262.037788,10.0185,;
inf,0.0500756,;702.103925,0.100189,;702.103925,0.150274,;693.835138,0.200387,;693.835138,0.250494,;693.835138,0.300608,;693.835138,0.350696,;693.835138,0.400806,;693.835138,0.450913,;693.835138,0.500961,;693.835138,0.551066,;693.835138,0.601135,;693.835138,0.651236,;549.712942,0.701312,;549.712942,0.751425,;549.712942,0.801509,;532.645851,0.851613,;395.761161,0.901697,;395.761161,0.951804,;395.761161,1.00195,;395.761161,1.05205,;395.761161,1.10213,;388.756534,1.15224,;311.221826,1.20235,;294.045269,1.25245,;294.045269,1.30256,;294.045269,1.35266,;294.045269,1.40276,;294.045269,1.45287,;294.045269,1.50297,;294.045269,1.55308,;294.045269,1.60319,;294.045269,1.65327,;294.045269,1.70338,;294.045269,1.75346,;294.045269,1.80356,;294.045269,1.85365,;294.045269,1.90375,;294.045269,1.95383,;294.045269,2.00394,;294.045269,2.05402,;294.045269,2.10414,;294.045269,2.15424,;291.199198,2.20435,;291.199198,2.25446,;291.199198,2.30456,;291.199198,2.35467,;291.199198,2.40477,;291.199198,2.45489,;291.199198,2.50495,;291.199198,2.55506,;291.199198,2.60513,;291.199198,2.65523,;291.199198,2.70533,;291.199198,2.75544,;291.199198,2.80551,;291.199198,2.85561,;291.199198,2.90569,;291.199198,2.9558,;291.199198,3.0059,;291.199198,3.05601,;291.199198,3.10611,;291.199198,3.15621,;291.199198,3.20632,;291.199198,3.25644,;291.199198,3.30652,;291.199198,3.35663,;291.199198,3.40673,;291.199198,3.45684,;291.199198,3.50695,;291.199198,3.55705,;291.199198,3.60716,;291.199198,3.65726,;291.199198,3.70736,;291.199198,3.75744,;291.199198,3.80755,;291.199198,3.85763,;291.199198,3.90774,;291.199198,3.95784,;291.199198,4.00795,;291.199198,4.05806,;291.199198,4.10817,;291.199198,4.15825,;291.199198,4.20837,;255.656436,4.25848,;255.656436,4.30859,;255.656436,4.35866,;255.656436,4.40881,;255.656436,4.45894,;255.656436,4.50901,;255.656436,4.55908,;255.138388,4.60915,;255.138388,4.65922,;255.138388,4.7093,;255.138388,4.75941,;255.138388,4.80953,;255.138388,4.85963,;255.138388,4.90971,;255.138388,4.95983,;255.138388,5.00993,;255.138388,5.06003,;255.138388,5.11013,;255.138388,5.1602,;255.138388,5.21029,;255.138388,5.26037,;255.138388,5.31051,;255.138388,5.36061,;255.138388,5.41071,;255.138388,5.4608,;255.138388,5.51089,;255.138388,5.561,;255.138388,5.61113,;255.138388,5.66121,;255.138388,5.71132,;255.138388,5.76142,;255.138388,5.81149,;255.138388,5.86157,;255.138388,5.91164,;255.138388,5.96174,;255.138388,6.01181,;255.138388,6.06189,;255.138388,6.11195,;255.138388,6.16204,;251.220075,6.21217,;251.220075,6.26229,;251.220075,6.31236,;251.220075,6.36245,;251.220075,6.41252,;251.220075,6.46261,;251.220075,6.51271,;251.220075,6.56279,;251.220075,6.61288,;251.220075,6.66296,;251.220075,6.71304,;251.220075,6.7631,;251.220075,6.81317,;251.220075,6.86327,;251.220075,6.91336,;251.220075,6.96344,;251.220075,7.01353,;251.220075,7.06364,;251.220075,7.11373,;251.220075,7.16382,;251.220075,7.2139,;251.220075,7.26402,;251.220075,7.31409,;251.220075,7.3642,;251.220075,7.41428,;251.220075,7.46439,;251.220075,7.51449,;251.220075,7.5646,;251.220075,7.61472,;251.220075,7.66482,;251.220075,7.71489,;251.220075,7.76492,;251.220075,7.815,;251.220075,7.86507,;251.220075,7.91517,;251.220075,7.96527,;251.220075,8.01538,;251.220075,8.06546,;251.220075,8.11557,;251.220075,8.16565,;251.220075,8.21574,;251.220075,8.26582,;251.220075,8.31591,;251.220075,8.366,;251.220075,8.41608,;251.220075,8.46615,;251.220075,8.51623,;251.220075,8.5663,;251.220075,8.61639,;251.220075,8.66648,;251.220075,8.71656,;251.220075,8.76667,;251.220075,8.81677,;251.220075,8.86688,;251.220075,8.91693,;251.220075,8.96704,;251.220075,9.01711,;251.220075,9.06722,;251.220075,9.1173,;251.220075,9.16738,;251.220075,9.21745,;251.220075,9.26757,;251.220075,9.31766,;251.220075,9.36776,;251.220075,9.41786,;251.220075,9.46793,;251.220075,9.51802,;251.220075,9.56809,;251.220075,9.61819,;251.220075,9.66826,;251.220075,9.71837,;251.220075,9.76845,;251.220075,9.81856,;251.220075,9.86864,;251.220075,9.91875,;251.220075,9.96885,;251.220075,10.019,;251.220075,10.069,;
inf,0.0500678,;inf,0.100152,;inf,0.150231,;inf,0.200313,;526.356631,0.250425,;526.356631,0.3005,;511.505523,0.350574,;511.505523,0.400644,;511.505523,0.450719,;511.505523,0.500789,;372.594182,0.550861,;372.594182,0.600932,;342.936751,0.651024,;342.936751,0.70111,;295.435655,0.75123,;295.435655,0.801325,;295.435655,0.851416,;295.435655,0.901493,;295.435655,0.951561,;295.435655,1.00164,;295.435655,1.05172,;295.435655,1.10179,;295.435655,1.15189,;295.435655,1.20198,;295.435655,1.25209,;295.435655,1.30219,;295.435655,1.35227,;295.435655,1.40235,;295.435655,1.45243,;295.435655,1.5025,;295.435655,1.55258,;295.435655,1.60267,;295.435655,1.65277,;295.435655,1.70284,;295.435655,1.75291,;295.435655,1.80298,;295.435655,1.85306,;295.435655,1.90314,;295.435655,1.95323,;295.435655,2.00332,;295.435655,2.0534,;295.435655,2.10347,;295.435655,2.15355,;295.435655,2.20364,;295.435655,2.25375,;295.435655,2.30386,;295.435655,2.35395,;295.304863,2.40403,;295.304863,2.45412,;295.304863,2.50422,;295.304863,2.55431,;295.304863,2.60441,;295.304863,2.6545,;295.304863,2.70458,;295.304863,2.75467,;283.129852,2.80475,;283.129852,2.85484,;283.129852,2.90493,;283.129852,2.95503,;283.129852,3.00514,;283.129852,3.05524,;283.129852,3.10535,;283.129852,3.15547,;283.129852,3.20554,;283.129852,3.25564,;283.129852,3.30572,;283.129852,3.3558,;283.129852,3.4059,;283.129852,3.45601,;283.129852,3.50609,;283.129852,3.5562,;283.129852,3.60628,;283.129852,3.65635,;283.129852,3.70643,;283.129852,3.75654,;283.129852,3.80662,;283.129852,3.85673,;283.129852,3.90684,;283.129852,3.95694,;283.129852,4.00706,;283.129852,4.05717,;283.129852,4.10724,;283.129852,4.15734,;282.329105,4.20743,;282.329105,4.2575,;280.236273,4.3076,;276.336207,4.35769,;263.616139,4.40778,;263.616139,4.45788,;263.616139,4.50799,;263.616139,4.55808,;263.616139,4.60819,;263.616139,4.65829,;263.616139,4.70839,;263.616139,4.75848,;263.616139,4.80858,;263.616139,4.8587,;263.616139,4.90878,;263.616139,4.95885,;263.616139,5.00892,;263.616139,5.05902,;263.616139,5.10909,;263.616139,5.15921,;263.616139,5.20929,;263.616139,5.2594,;263.616139,5.30947,;263.616139,5.35957,;263.616139,5.40965,;263.616139,5.45976,;263.616139,5.50983,;263.616139,5.5599,;263.616139,5.60998,;263.616139,5.6601,;263.616139,5.71018,;263.616139,5.76029,;263.616139,5.81037,;263.616139,5.86049,;263.616139,5.91058,;263.616139,5.9607,;263.616139,6.01081,;263.616139,6.06092,;263.616139,6.111,;263.616139,6.16109,;263.616139,6.21119,;263.616139,6.2613,;263.616139,6.31141,;263.616139,6.36149,;263.616139,6.4116,;263.616139,6.4617,;263.616139,6.51181,;263.616139,6.56191,;263.616139,6.61202,;263.616139,6.66213,;263.616139,6.71223,;263.616139,6.76234,;263.616139,6.81244,;263.616139,6.86255,;263.616139,6.91265,;263.616139,6.96276,;263.616139,7.01287,;259.918916,7.06298,;259.918916,7.11308,;259.918916,7.1632,;259.918916,7.21329,;259.918916,7.26336,;259.918916,7.31343,;259.918916,7.3635,;259.918916,7.41356,;259.918916,7.46367,;259.918916,7.5138,;259.918916,7.56391,;259.918916,7.61402,;258.882270,7.66413,;258.882270,7.71419,;258.882270,7.7643,;258.638631,7.81438,;258.638631,7.8645,;258.638631,7.91457,;258.638631,7.96465,;258.638631,8.01473,;258.638631,8.0648,;258.638631,8.11488,;258.638631,8.165,;258.638631,8.21509,;258.638631,8.26517,;258.638631,8.31528,;258.638631,8.36533,;258.638631,8.41542,;258.638631,8.4655,;258.638631,8.51561,;258.638631,8.56572,;258.638631,8.61582,;258.638631,8.66591,;258.638631,8.71598,;258.638631,8.76606,;258.638631,8.81615,;258.638631,8.86624,;258.638631,8.91632,;258.638631,8.96639,;258.638631,9.01648,;258.638631,9.06659,;258.638631,9.1167,;258.638631,9.16679,;258.638631,9.21686,;258.638631,9.26696,;258.638631,9.31704,;258.638631,9.36714,;258.638631,9.41721,;258.638631,9.46731,;258.638631,9.51738,;258.638631,9.56745,;258.638631,9.61753,;258.638631,9.66767,;258.638631,9.71774,;258.638631,9.76785,;258.638631,9.81796,;258.638631,9.86807,;258.638631,9.91819,;258.638631,9.9683,;258.638631,10.0184,;
503.686715,0.0501009,;503.686715,0.100204,;503.686715,0.150314,;503.686715,0.200419,;503.686715,0.250498,;340.099840,0.300575,;340.099840,0.35065,;323.813033,0.400762,;300.716022,0.450852,;300.716022,0.500964,;300.716022,0.551063,;300.716022,0.60117,;300.716022,0.651244,;300.716022,0.701326,;300.716022,0.751407,;300.716022,0.801517,;300.716022,0.851608,;300.716022,0.901681,;300.716022,0.951756,;300.716022,1.00184,;300.716022,1.05193,;300.716022,1.102,;300.716022,1.15208,;300.716022,1.20215,;300.716022,1.25225,;300.716022,1.30233,;300.716022,1.35243,;300.716022,1.40249,;300.716022,1.45258,;300.716022,1.50265,;300.716022,1.55273,;300.716022,1.60282,;300.716022,1.65291,;300.716022,1.70299,;300.716022,1.75308,;300.716022,1.80316,;300.716022,1.85326,;300.716022,1.90337,;300.716022,1.95349,;300.716022,2.00355,;300.716022,2.05365,;300.716022,2.10372,;300.716022,2.15383,;300.716022,2.2039,;300.716022,2.25399,;300.716022,2.30408,;300.716022,2.35417,;292.377730,2.40426,;292.377730,2.45435,;292.377730,2.50447,;292.377730,2.55454,;292.377730,2.60461,;292.289386,2.65469,;292.289386,2.70481,;292.289386,2.75487,;292.289386,2.80494,;292.289386,2.85501,;292.289386,2.90508,;292.289386,2.95514,;292.289386,3.00523,;292.289386,3.0553,;274.899225,3.10537,;274.899225,3.15545,;274.899225,3.20556,;274.899225,3.25565,;274.899225,3.30576,;274.899225,3.35583,;274.899225,3.40591,;274.899225,3.45601,;274.899225,3.5061,;274.899225,3.55619,;274.899225,3.6063,;274.899225,3.6564,;274.899225,3.70645,;274.899225,3.75655,;274.899225,3.80662,;274.899225,3.85672,;274.899225,3.90681,;274.899225,3.95689,;274.899225,4.00702,;274.899225,4.05713,;274.899225,4.10724,;274.899225,4.15735,;274.899225,4.20745,;274.899225,4.25757,;268.268244,4.30765,;268.268244,4.35776,;268.268244,4.40788,;268.268244,4.45799,;268.268244,4.50811,;268.268244,4.55818,;268.268244,4.60828,;268.268244,4.65839,;268.268244,4.70847,;268.268244,4.75854,;268.268244,4.80865,;268.268244,4.85873,;268.268244,4.90882,;268.268244,4.95891,;268.268244,5.009,;268.268244,5.05908,;268.268244,5.10919,;268.268244,5.15928,;268.268244,5.2094,;268.268244,5.25948,;268.268244,5.30959,;268.268244,5.35967,;268.268244,5.40978,;268.268244,5.4599,;268.268244,5.51001,;268.268244,5.56013,;268.268244,5.61024,;268.268244,5.66034,;268.268244,5.71042,;268.268244,5.76053,;268.268244,5.8106,;268.268244,5.8607,;268.268244,5.91078,;268.268244,5.96089,;268.268244,6.01099,;268.268244,6.0611,;268.268244,6.11121,;268.268244,6.16132,;268.268244,6.21141,;268.268244,6.26153,;268.268244,6.31164,;268.268244,6.36173,;268.268244,6.41183,;268.268244,6.4619,;268.268244,6.51199,;268.268244,6.56207,;268.268244,6.61217,;268.268244,6.66227,;268.268244,6.71237,;268.268244,6.76244,;268.268244,6.81255,;268.268244,6.86262,;268.268244,6.91273,;268.268244,6.96281,;268.268244,7.01292,;268.268244,7.063,;268.268244,7.11315,;268.268244,7.16324,;268.268244,7.21335,;268.268244,7.26343,;268.268244,7.31355,;268.268244,7.36363,;268.268244,7.41373,;268.268244,7.4638,;268.268244,7.51391,;268.268244,7.56398,;268.268244,7.61404,;268.268244,7.66411,;268.268244,7.71418,;268.268244,7.76424,;268.268244,7.81431,;268.268244,7.86438,;268.268244,7.91445,;268.268244,7.96452,;268.268244,8.01458,;268.268244,8.06465,;268.268244,8.11471,;268.268244,8.16478,;268.268244,8.21485,;268.268244,8.26491,;268.268244,8.31498,;268.268244,8.36505,;268.268244,8.41511,;268.268244,8.46519,;268.268244,8.51526,;268.268244,8.56533,;251.596070,8.61539,;251.596070,8.66546,;251.596070,8.71553,;251.596070,8.76559,;251.596070,8.81566,;251.596070,8.86573,;251.596070,8.91579,;251.596070,8.96586,;251.596070,9.01594,;251.596070,9.06603,;251.596070,9.11615,;251.596070,9.16624,;251.596070,9.21637,;251.596070,9.26644,;251.596070,9.31655,;251.596070,9.36662,;251.596070,9.41672,;251.596070,9.46681,;251.596070,9.51694,;251.596070,9.56701,;251.596070,9.61712,;251.596070,9.66723,;251.596070,9.71734,;251.596070,9.76742,;251.596070,9.81752,;251.596070,9.8676,;251.596070,9.91768,;251.596070,9.96776,;251.596070,10.0179,;251.596070,10.068,;
492.022721,0.0500947,;492.022721,0.100202,;492.022721,0.150319,;492.022721,0.200442,;492.022721,0.250525,;492.022721,0.300617,;492.022721,0.350704,;424.513964,0.400823,;424.513964,0.450907,;424.513964,0.501024,;398.370069,0.551103,;398.370069,0.601219,;398.370069,0.651328,;360.251071,0.701408,;360.251071,0.751529,;360.251071,0.80164,;360.251071,0.851754,;360.251071,0.901862,;360.251071,0.951943,;360.251071,1.00202,;360.251071,1.05213,;360.251071,1.10221,;360.251071,1.15233,;360.251071,1.20241,;360.251071,1.25253,;360.251071,1.30261,;360.251071,1.35272,;360.251071,1.40281,;360.251071,1.45292,;360.251071,1.50299,;360.251071,1.55308,;360.251071,1.60319,;358.607694,1.65326,;358.607694,1.70334,;358.607694,1.75346,;321.476830,1.80356,;321.476830,1.85367,;321.476830,1.90378,;321.476830,1.95385,;321.476830,2.00392,;321.476830,2.05399,;321.476830,2.1041,;321.476830,2.15419,;321.476830,2.20427,;321.476830,2.25437,;321.476830,2.30448,;312.333206,2.3546,;312.333206,2.40472,;312.333206,2.45481,;312.333206,2.50493,;312.333206,2.55503,;312.333206,2.60514,;312.333206,2.65525,;289.647697,2.70532,;289.647697,2.75543,;289.647697,2.8055,;289.647697,2.85561,;289.647697,2.90571,;289.647697,2.95582,;289.647697,3.00587,;289.647697,3.05598,;289.647697,3.10609,;289.647697,3.1562,;289.647697,3.20628,;289.647697,3.25639,;289.647697,3.30649,;289.647697,3.3566,;278.992794,3.40667,;278.992794,3.45678,;278.992794,3.50689,;278.992794,3.55699,;278.992794,3.60709,;278.992794,3.6572,;278.992794,3.7073,;278.992794,3.75742,;278.992794,3.80753,;278.992794,3.85764,;278.992794,3.90775,;278.992794,3.95785,;278.992794,4.00796,;278.992794,4.05803,;278.992794,4.10813,;278.992794,4.15824,;278.992794,4.20833,;278.992794,4.25843,;278.992794,4.30854,;278.992794,4.35862,;278.992794,4.40873,;278.992794,4.45884,;278.992794,4.50892,;278.992794,4.55901,;278.992794,4.60913,;278.992794,4.65923,;278.992794,4.7093,;278.992794,4.75938,;278.992794,4.80949,;278.992794,4.85959,;278.992794,4.9097,;278.992794,4.95981,;278.992794,5.00988,;278.992794,5.06003,;278.992794,5.1101,;278.992794,5.16021,;278.992794,5.21029,;278.992794,5.2604,;278.992794,5.31048,;278.992794,5.3606,;278.992794,5.4107,;278.992794,5.4608,;278.992794,5.51088,;278.992794,5.56096,;278.992794,5.61106,;278.992794,5.66117,;278.992794,5.71128,;278.992794,5.7614,;278.992794,5.81148,;278.992794,5.8616,;278.992794,5.91167,;278.992794,5.96178,;278.992794,6.0119,;278.992794,6.06197,;278.992794,6.11207,;278.992794,6.16216,;278.992794,6.21227,;278.992794,6.26238,;278.992794,6.31249,;278.992794,6.3626,;278.992794,6.41272,;278.992794,6.46283,;278.992794,6.51293,;278.992794,6.56304,;278.992794,6.61315,;278.992794,6.66325,;278.992794,6.71336,;278.992794,6.76347,;278.992794,6.81357,;278.992794,6.86368,;278.992794,6.91378,;278.992794,6.96388,;278.992794,7.01395,;278.992794,7.06407,;278.992794,7.11416,;278.992794,7.16426,;278.992794,7.21435,;278.992794,7.26446,;278.992794,7.31454,;278.992794,7.36465,;278.992794,7.41472,;278.992794,7.46483,;278.992794,7.51492,;278.992794,7.56503,;278.992794,7.61513,;278.992794,7.66524,;278.992794,7.71534,;278.992794,7.76546,;278.992794,7.81557,;278.992794,7.86568,;278.992794,7.91578,;278.992794,7.96581,;278.992794,8.01588,;278.992794,8.06595,;278.992794,8.11602,;278.992794,8.1661,;278.992794,8.21616,;278.992794,8.26623,;278.992794,8.31629,;278.992794,8.36637,;278.992794,8.41648,;278.992794,8.46656,;278.992794,8.51666,;278.992794,8.56676,;278.992794,8.61687,;278.992794,8.66696,;278.992794,8.71706,;278.992794,8.76715,;278.992794,8.81724,;278.992794,8.86735,;278.992794,8.91743,;278.992794,8.96754,;278.992794,9.01763,;278.992794,9.06774,;278.992794,9.11783,;278.992794,9.16791,;278.992794,9.21798,;278.992794,9.26807,;278.992794,9.31815,;278.992794,9.36826,;278.992794,9.41835,;278.992794,9.46846,;278.992794,9.51853,;278.992794,9.56863,;278.992794,9.61874,;278.992794,9.66882,;278.992794,9.71894,;278.992794,9.76905,;278.992794,9.81916,;278.992794,9.86927,;278.992794,9.91938,;278.992794,9.96948,;278.992794,10.0196,;278.992794,10.0697,;
437.398098,0.050092,;437.398098,0.100178,;437.398098,0.15027,;437.398098,0.200353,;437.398098,0.250461,;437.398098,0.300547,;437.398098,0.350657,;437.398098,0.400764,;395.951448,0.450848,;392.216007,0.500961,;351.814645,0.551064,;351.814645,0.601174,;351.814645,0.651291,;322.551727,0.701372,;322.551727,0.751446,;322.551727,0.801554,;322.551727,0.85166,;322.551727,0.901743,;322.551727,0.95184,;322.551727,1.00196,;322.551727,1.05205,;322.551727,1.10216,;322.551727,1.15226,;322.551727,1.20236,;322.551727,1.25245,;322.551727,1.30255,;322.551727,1.35266,;322.551727,1.40276,;322.551727,1.45287,;322.551727,1.50297,;322.551727,1.55304,;322.551727,1.60312,;321.175023,1.65319,;321.175023,1.70323,;321.175023,1.75331,;304.395332,1.80341,;304.395332,1.85352,;304.395332,1.9036,;304.395332,1.95371,;304.395332,2.00378,;304.395332,2.05389,;304.395332,2.10396,;304.395332,2.15406,;304.395332,2.20413,;304.395332,2.25421,;304.395332,2.30428,;304.395332,2.35439,;304.395332,2.4045,;298.947977,2.45458,;298.947977,2.5047,;298.947977,2.55484,;298.947977,2.60496,;298.947977,2.65511,;298.947977,2.70518,;298.947977,2.75525,;298.947977,2.80533,;285.098201,2.8554,;285.098201,2.90548,;285.098201,2.95559,;285.098201,3.0057,;285.098201,3.05576,;285.098201,3.10583,;285.098201,3.15592,;285.098201,3.20602,;285.098201,3.25613,;285.098201,3.30625,;285.098201,3.35632,;285.098201,3.40643,;285.098201,3.45653,;285.098201,3.50664,;285.098201,3.55674,;285.098201,3.60684,;285.098201,3.65695,;285.098201,3.70706,;285.098201,3.75716,;285.098201,3.80724,;285.098201,3.85734,;285.098201,3.90742,;285.098201,3.95753,;285.098201,4.0076,;285.098201,4.05773,;285.098201,4.1078,;285.098201,4.1579,;285.098201,4.20797,;285.098201,4.25809,;285.098201,4.30817,;285.098201,4.35827,;285.098201,4.40841,;285.098201,4.45851,;285.098201,4.5086,;285.098201,4.55871,;285.098201,4.60879,;285.098201,4.65887,;285.098201,4.70894,;285.098201,4.75904,;285.098201,4.8091,;285.098201,4.85922,;285.098201,4.90929,;285.098201,4.95938,;285.098201,5.00945,;285.098201,5.05954,;285.098201,5.10962,;285.098201,5.15971,;285.098201,5.20979,;285.098201,5.25991,;285.098201,5.31002,;285.098201,5.36011,;285.098201,5.41022,;285.098201,5.4603,;285.098201,5.51037,;285.098201,5.56047,;285.098201,5.61059,;285.098201,5.66071,;285.098201,5.7108,;285.098201,5.76089,;285.098201,5.81098,;285.098201,5.86109,;275.610049,5.91115,;275.610049,5.96124,;275.610049,6.01132,;275.610049,6.06142,;275.610049,6.11149,;275.610049,6.16161,;275.610049,6.2117,;275.610049,6.26181,;275.610049,6.3119,;275.610049,6.36201,;275.610049,6.41209,;275.610049,6.46221,;275.610049,6.51232,;275.610049,6.56242,;275.610049,6.61253,;275.610049,6.66264,;275.610049,6.71274,;275.610049,6.76284,;275.610049,6.81295,;275.610049,6.86306,;275.610049,6.91312,;275.610049,6.96324,;275.610049,7.01331,;268.860770,7.06344,;268.860770,7.11354,;268.860770,7.16364,;268.860770,7.21375,;257.551821,7.26387,;257.551821,7.31398,;257.551821,7.36409,;257.551821,7.4142,;257.551821,7.46431,;255.652498,7.51438,;255.652498,7.56446,;255.652498,7.61459,;255.652498,7.66472,;255.652498,7.71481,;255.652498,7.76493,;255.652498,7.81501,;255.652498,7.86509,;255.652498,7.91517,;255.652498,7.96528,;255.652498,8.01535,;255.652498,8.06545,;255.652498,8.11554,;255.652498,8.16562,;255.652498,8.21571,;255.652498,8.26583,;255.652498,8.3159,;255.652498,8.36598,;255.652498,8.4161,;255.652498,8.46618,;255.652498,8.51625,;255.652498,8.56633,;255.652498,8.6164,;255.652498,8.66648,;255.652498,8.71662,;255.652498,8.76669,;255.652498,8.81677,;255.652498,8.86684,;255.652498,8.91696,;255.652498,8.96704,;255.652498,9.01715,;255.652498,9.06718,;255.652498,9.11726,;255.652498,9.16734,;255.652498,9.21748,;255.652498,9.26756,;255.652498,9.31764,;255.652498,9.36773,;255.652498,9.41783,;255.652498,9.46795,;255.652498,9.51806,;255.652498,9.56814,;255.652498,9.61825,;255.652498,9.66837,;255.652498,9.71847,;255.652498,9.76858,;255.652498,9.81869,;255.652498,9.86879,;255.652498,9.91886,;255.652498,9.96898,;255.652498,10.0191,;255.652498,10.0692,;
467.211226,0.0500939,;463.365439,0.100176,;443.790953,0.150285,;443.790953,0.200444,;394.254150,0.250539,;394.254150,0.300654,;394.254150,0.350757,;394.254150,0.400867,;394.254150,0.450981,;394.254150,0.501103,;394.254150,0.551171,;394.254150,0.601281,;394.254150,0.651364,;394.254150,0.701477,;394.254150,0.751565,;394.254150,0.801649,;394.254150,0.851736,;363.383455,0.901852,;363.383455,0.951961,;363.383455,1.00207,;361.811374,1.05215,;304.902192,1.10226,;289.157906,1.15236,;289.157906,1.20243,;289.157906,1.25253,;289.157906,1.3026,;289.157906,1.3527,;289.157906,1.40277,;289.157906,1.45285,;289.157906,1.50298,;289.157906,1.55309,;289.157906,1.60321,;289.157906,1.65331,;289.157906,1.70341,;289.157906,1.75349,;289.157906,1.80357,;289.157906,1.85365,;289.157906,1.90373,;289.157906,1.95384,;289.157906,2.00393,;289.157906,2.05403,;289.157906,2.10412,;289.157906,2.15424,;277.345315,2.20433,;277.345315,2.25442,;277.345315,2.30451,;277.345315,2.3546,;277.345315,2.40469,;277.345315,2.45479,;277.345315,2.50492,;277.345315,2.55497,;277.345315,2.60508,;277.345315,2.65516,;277.345315,2.70527,;277.345315,2.75535,;277.345315,2.80548,;277.345315,2.85559,;277.345315,2.90566,;277.345315,2.95575,;277.345315,3.00586,;277.345315,3.05596,;277.345315,3.10606,;277.345315,3.15614,;277.345315,3.20625,;277.345315,3.25635,;277.345315,3.30645,;277.345315,3.35656,;277.345315,3.40667,;277.345315,3.45674,;277.345315,3.50685,;277.345315,3.55695,;277.345315,3.60706,;277.345315,3.65716,;277.345315,3.70723,;270.336794,3.75734,;270.336794,3.80743,;270.336794,3.85756,;270.336794,3.90764,;270.336794,3.95775,;270.336794,4.00783,;270.336794,4.05795,;270.336794,4.10807,;270.336794,4.15815,;270.336794,4.20827,;270.336794,4.25839,;270.336794,4.30846,;270.336794,4.35853,;270.336794,4.40865,;270.336794,4.45872,;270.336794,4.5088,;270.336794,4.55892,;270.336794,4.60904,;270.336794,4.65911,;270.336794,4.70918,;270.336794,4.75928,;270.336794,4.80938,;270.336794,4.85948,;270.336794,4.90957,;270.336794,4.95968,;270.336794,5.00979,;270.336794,5.05989,;270.336794,5.10999,;270.336794,5.16009,;270.336794,5.21017,;270.336794,5.26029,;270.336794,5.3104,;270.336794,5.3605,;270.336794,5.41061,;270.336794,5.46067,;270.336794,5.51075,;270.336794,5.56086,;270.336794,5.61091,;270.336794,5.661,;270.336794,5.71107,;270.336794,5.76118,;270.336794,5.81128,;270.336794,5.86139,;269.941122,5.91147,;269.941122,5.96154,;269.941122,6.01163,;269.941122,6.06175,;269.941122,6.11185,;269.941122,6.16192,;269.941122,6.21201,;269.941122,6.26213,;269.941122,6.31225,;269.941122,6.36235,;269.941122,6.41246,;269.941122,6.46258,;269.941122,6.51269,;269.941122,6.56281,;269.941122,6.61292,;269.941122,6.66297,;269.941122,6.71307,;269.941122,6.76314,;269.941122,6.81325,;269.941122,6.86334,;269.941122,6.91345,;269.941122,6.96353,;269.941122,7.01364,;269.941122,7.06372,;269.941122,7.11383,;269.941122,7.1639,;269.941122,7.21402,;269.941122,7.26413,;269.941122,7.31423,;269.941122,7.36434,;269.941122,7.41444,;269.941122,7.46455,;269.941122,7.51462,;269.941122,7.56473,;269.941122,7.61485,;269.941122,7.66496,;269.941122,7.71506,;269.941122,7.76517,;269.941122,7.81524,;269.941122,7.86531,;269.941122,7.91542,;269.941122,7.96549,;269.941122,8.0156,;269.941122,8.0657,;269.941122,8.1158,;269.941122,8.1659,;269.941122,8.21601,;269.941122,8.26612,;269.941122,8.31623,;269.941122,8.36633,;269.941122,8.41642,;269.941122,8.46655,;269.941122,8.51664,;269.941122,8.56677,;269.941122,8.61687,;269.941122,8.66698,;269.941122,8.71708,;255.526463,8.76719,;255.526463,8.81731,;255.526463,8.8674,;255.526463,8.91751,;255.526463,8.9676,;255.526463,9.01771,;255.526463,9.06779,;255.526463,9.1179,;255.526463,9.16798,;255.526463,9.21809,;255.526463,9.2682,;255.526463,9.31831,;255.526463,9.36842,;255.526463,9.41852,;255.526463,9.46863,;255.526463,9.51872,;255.526463,9.56884,;255.526463,9.61894,;255.526463,9.66905,;255.526463,9.71915,;255.526463,9.76922,;254.678762,9.81932,;254.678762,9.86943,;254.678762,9.91952,;254.678762,9.96961,;254.678762,10.0197,;254.678762,10.0698,;
457.271786,0.0500652,;431.927953,0.100142,;431.927953,0.150225,;431.927953,0.200337,;417.338765,0.250414,;417.338765,0.300525,;417.338765,0.350605,;417.338765,0.400723,;417.338765,0.450803,;417.338765,0.500885,;417.338765,0.550988,;349.207075,0.601057,;346.927067,0.65116,;346.927067,0.701263,;346.927067,0.75137,;335.509023,0.801441,;335.509023,0.851546,;335.509023,0.901618,;335.509023,0.951719,;335.509023,1.0018,;335.509023,1.05191,;335.509023,1.10201,;335.509023,1.15208,;335.509023,1.20219,;335.509023,1.25228,;335.509023,1.30239,;335.509023,1.35249,;335.509023,1.40259,;335.509023,1.45269,;335.509023,1.5028,;335.509023,1.55291,;335.509023,1.60301,;335.509023,1.65311,;301.196807,1.70321,;301.196807,1.75332,;301.196807,1.80342,;301.196807,1.85349,;301.196807,1.90357,;294.202378,1.95365,;294.202378,2.00375,;294.202378,2.05383,;294.202378,2.10394,;294.202378,2.15402,;294.202378,2.20413,;294.202378,2.25421,;294.202378,2.30432,;294.202378,2.35443,;294.202378,2.40455,;294.202378,2.45467,;294.202378,2.50478,;294.202378,2.55489,;294.202378,2.605,;294.202378,2.6551,;294.202378,2.70521,;294.202378,2.75532,;290.960077,2.80542,;290.960077,2.85552,;290.960077,2.90559,;290.960077,2.95566,;290.960077,3.00575,;290.960077,3.05583,;290.960077,3.10592,;290.960077,3.15604,;290.960077,3.20615,;290.960077,3.25626,;290.960077,3.30636,;290.960077,3.35642,;290.960077,3.40651,;288.543544,3.45662,;288.543544,3.50673,;288.543544,3.55683,;288.543544,3.6069,;288.543544,3.657,;288.543544,3.7071,;288.543544,3.75718,;288.543544,3.8073,;288.543544,3.85741,;288.543544,3.90752,;288.543544,3.95759,;288.543544,4.00766,;288.543544,4.05776,;288.543544,4.10783,;288.543544,4.15793,;288.543544,4.20806,;288.543544,4.25814,;288.543544,4.30823,;288.543544,4.35832,;288.543544,4.40841,;288.543544,4.45848,;288.543544,4.50857,;288.543544,4.55866,;288.543544,4.60873,;288.543544,4.65881,;288.543544,4.70889,;288.543544,4.759,;288.543544,4.80911,;288.543544,4.85919,;288.543544,4.90926,;288.543544,4.95936,;288.543544,5.00941,;288.543544,5.05951,;288.543544,5.10958,;288.543544,5.15965,;288.543544,5.20973,;288.543544,5.25982,;288.543544,5.3099,;288.543544,5.36002,;288.543544,5.41013,;288.543544,5.4602,;288.543544,5.5103,;288.543544,5.5604,;288.543544,5.61051,;288.543544,5.66057,;288.543544,5.71066,;288.543544,5.76076,;288.543544,5.81083,;288.543544,5.86095,;288.543544,5.91103,;288.543544,5.9611,;288.543544,6.0112,;288.543544,6.06128,;288.543544,6.11138,;288.543544,6.16145,;288.543544,6.21154,;288.543544,6.26163,;288.543544,6.31174,;288.543544,6.36182,;288.543544,6.41193,;288.543544,6.46201,;288.543544,6.51209,;288.543544,6.5622,;288.543544,6.61227,;288.543544,6.66235,;288.543544,6.71244,;288.543544,6.76251,;288.543544,6.81262,;288.543544,6.86271,;288.543544,6.91278,;288.543544,6.96288,;288.543544,7.01297,;288.543544,7.06304,;288.543544,7.11316,;288.543544,7.16327,;288.543544,7.21338,;288.543544,7.26348,;288.543544,7.31355,;288.543544,7.36366,;288.543544,7.41375,;288.543544,7.46387,;288.543544,7.51396,;270.969269,7.56407,;270.969269,7.61416,;270.969269,7.66426,;270.969269,7.71433,;270.969269,7.76444,;270.969269,7.81451,;270.969269,7.86462,;270.969269,7.9147,;270.969269,7.96478,;270.969269,8.01486,;270.969269,8.06495,;270.969269,8.11502,;270.969269,8.16513,;270.969269,8.21523,;270.969269,8.26531,;270.969269,8.31543,;270.969269,8.36549,;269.897906,8.4156,;269.897906,8.46571,;269.897906,8.5158,;269.897906,8.5659,;269.897906,8.61601,;269.897906,8.66613,;269.897906,8.71624,;269.897906,8.76634,;269.897906,8.81642,;269.897906,8.86654,;269.897906,8.91668,;269.897906,8.96678,;269.897906,9.01689,;269.897906,9.067,;269.897906,9.1171,;269.897906,9.16721,;269.897906,9.21732,;269.897906,9.26743,;269.897906,9.31753,;269.897906,9.36764,;269.897906,9.41774,;269.897906,9.46785,;269.897906,9.51796,;269.897906,9.56807,;269.897906,9.61817,;269.897906,9.66828,;269.897906,9.71838,;269.897906,9.76848,;269.897906,9.81857,;269.897906,9.86868,;269.897906,9.91879,;269.897906,9.9689,;269.897906,10.019,;269.897906,10.0691,;
.
control_mod_RRT
10 common properties
goal_bias = 0.05
intermediate_states = 0
longest_valid_segment_fraction = 0.01
max_control_duration = 20
min_control_duration = 1
projection.cellsize.0 = 5
projection.cellsize.1 = 5
projection.cellsize_factor = 0
propagation_step_size = 0.1
valid_segment_count_factor = 1
14 properties for each run
approximate solution BOOLEAN
correct solution BOOLEAN
graph motions INTEGER
graph states INTEGER
memory REAL
solution clearance REAL
solution difference REAL
solution length REAL
solution path length REAL
solution segments INTEGER
solved BOOLEAN
status ENUM
time REAL
valid segment fraction REAL
100 runs
0; 1; 8619; 8620; 28.4844; 0; 0; 22.4; 169.839; 224; 1; 6; 0.209575; 0; 
0; 1; 2520; 2521; 31.5781; 0; 0; 25.4; 208.106; 254; 1; 6; 0.0503098; 0; 
0; 1; 4896; 4897; 31.5781; 0; 0; 24.7; 202.493; 247; 1; 6; 0.115761; 0; 
0; 1; 5221; 5222; 31.5781; 0; 0; 27.6; 196.049; 276; 1; 6; 0.128716; 0; 
0; 1; 3634; 3635; 31.5781; 0; 0; 20.9; 160.637; 209; 1; 6; 0.0833275; 0; 
0; 1; 3156; 3157; 31.5781; 0; 0; 24; 218.591; 228; 1; 6; 0.0731863; 0; 
0; 1; 6836; 6837; 31.5781; 0; 0; 29.2; 240.913; 292; 1; 6; 0.17203; 0; 
0; 1; 1977; 1978; 31.5781; 0; 0; 27.5; 213.875; 265; 1; 6; 0.0434541; 0; 
0; 1; 6077; 6078; 31.5781; 0; 0; 29; 229.42; 290; 1; 6; 0.145488; 0; 
0; 1; 4283; 4284; 31.5781; 0; 0; 22; 186.23; 220; 1; 6; 0.098881; 0; 
0; 1; 1311; 1312; 31.5781; 0; 0; 22.5; 167.98; 225; 1; 6; 0.0258334; 0; 
0; 1; 6707; 6708; 31.5781; 0; 0; 23.1; 213.311; 231; 1; 6; 0.153492; 0; 
0; 1; 2376; 2377; 31.5781; 0; 0; 27.9; 220.242; 279; 1; 6; 0.0549297; 0; 
0; 1; 1743; 1744; 31.5781; 0; 0; 26.1; 204.825; 261; 1; 6; 0.0302927; 0; 
0; 1; 3275; 3276; 31.5781; 0; 0; 27.3; 184.289; 273; 1; 6; 0.0751946; 0; 
0; 1; 5345; 5346; 31.5781; 0; 0; 23.2; 189.775; 232; 1; 6; 0.130513; 0; 
0; 1; 4173; 4174; 31.5781; 0; 0; 24.1; 200.61; 241; 1; 6; 0.0968703; 0; 
0; 1; 3184; 3185; 31.5781; 0; 0; 30; 230.497; 300; 1; 6; 0.0810425; 0; 
0; 1; 3139; 3140; 31.5781; 0; 0; 29.8; 222.893; 298; 1; 6; 0.072661; 0; 
0; 1; 2737; 2738; 31.5781; 0; 0; 31.2; 252.272; 312; 1; 6; 0.065477; 0; 
0; 1; 2687; 2688; 31.5781; 0; 0; 32.3; 241.456; 305; 1; 6; 0.0571586; 0; 
0; 1; 1944; 1945; 31.5781; 0; 0; 25.6; 204.992; 256; 1; 6; 0.0364519; 0; 
0; 1; 2351; 2352; 31.5781; 0; 0; 21.6; 171.372; 216; 1; 6; 0.0452768; 0; 
0; 1; 5458; 5459; 31.5781; 0; 0; 21; 178.392; 210; 1; 6; 0.116511; 0; 
0; 1; 6420; 6421; 31.5781; 0; 0; 26.8; 200.955; 254; 1; 6; 0.155435; 0; 
0; 1; 1649; 1650; 31.5781; 0; 0; 26.3; 158.188; 263; 1; 6; 0.0314922; 0; 
0; 1; 4815; 4816; 31.5781; 0; 0; 24.8; 206.16; 248; 1; 6; 0.12522; 0; 
0; 1; 2920; 2921; 31.5781; 0; 0; 30.7; 211.758; 307; 1; 6; 0.0571465; 0; 
0; 1; 2222; 2223; 31.5781; 0; 0; 24.8; 172.252; 248; 1; 6; 0.0433376; 0; 
0; 1; 2365; 2366; 31.5781; 0; 0; 23; 177.232; 230; 1; 6; 0.0455756; 0; 
0; 1; 6729; 6730; 31.5781; 0; 0; 20.1; 191.723; 201; 1; 6; 0.156024; 0; 
0; 1; 2135; 2136; 31.5781; 0; 0; 27.2; 208.157; 272; 1; 6; 0.0431899; 0; 
0; 1; 1666; 1667; 31.5781; 0; 0; 23.3; 195.795; 233; 1; 6; 0.0304308; 0; 
0; 1; 6184; 6185; 31.5781; 0; 0; 21.3; 189.805; 213; 1; 6; 0.133111; 0; 
0; 1; 3291; 3292; 31.5781; 0; 0; 24.3; 178.811; 243; 1; 6; 0.0678581; 0; 
0; 1; 6704; 6705; 31.5781; 0; 0; 31.2; 238.641; 312; 1; 6; 0.152645; 0; 
0; 1; 7730; 7731; 31.5781; 0; 0; 27.5; 209.822; 275; 1; 6; 0.181285; 0; 
0; 1; 2013; 2014; 31.5781; 0; 0; 20.7; 166.465; 207; 1; 6; 0.0411606; 0; 
0; 1; 2657; 2658; 31.5781; 0; 0; 19.8; 165.016; 198; 1; 6; 0.0591204; 0; 
0; 1; 3159; 3160; 31.5781; 0; 0; 24.3; 194.716; 227; 1; 6; 0.0699852; 0; 
0; 1; 2985; 2986; 31.5781; 0; 0; 22.8; 189.07; 228; 1; 6; 0.0663618; 0; 
0; 1; 3184; 3185; 31.5781; 0; 0; 27.9; 228.325; 263; 1; 6; 0.0640771; 0; 
0; 1; 1785; 1786; 31.5781; 0; 0; 22.8; 198.123; 228; 1; 6; 0.0335719; 0; 
0; 1; 4452; 4453; 31.5781; 0; 0; 20.3; 172.231; 203; 1; 6; 0.108171; 0; 
0; 1; 3266; 3267; 31.5781; 0; 0; 29.8; 245.94; 298; 1; 6; 0.0717769; 0; 
0; 1; 6844; 6845; 31.5781; 0; 0; 28; 232.729; 280; 1; 6; 0.158424; 0; 
0; 1; 3492; 3493; 31.5781; 0; 0; 27.2; 218.553; 272; 1; 6; 0.0812745; 0; 
0; 1; 1662; 1663; 31.5781; 0; 0; 26.4; 207.992; 264; 1; 6; 0.0302532; 0; 
0; 1; 4942; 4943; 31.5781; 0; 0; 26.7; 185.099; 267; 1; 6; 0.123788; 0; 
0; 1; 5132; 5133; 31.5781; 0; 0; 22.6; 169.5; 226; 1; 6; 0.125036; 0; 
0; 1; 5488; 5489; 31.5781; 0; 0; 26.9; 222.465; 250; 1; 6; 0.129255; 0; 
0; 1; 4766; 4767; 31.5781; 0; 0; 31.3; 260.96; 313; 1; 6; 0.120667; 0; 
0; 1; 8175; 8176; 31.5781; 0; 0; 24.7; 200.46; 247; 1; 6; 0.19783; 0; 
0; 1; 4412; 4413; 31.5781; 0; 0; 26; 185.538; 260; 1; 6; 0.0953325; 0; 
0; 1; 2348; 2349; 31.5781; 0; 0; 25; 203.435; 250; 1; 6; 0.048533; 0; 
0; 1; 2417; 2418; 31.5781; 0; 0; 25.7; 193.689; 246; 1; 6; 0.0547927; 0; 
0; 1; 3817; 3818; 31.5781; 0; 0; 27.3; 210.103; 273; 1; 6; 0.0859453; 0; 
0; 1; 2576; 2577; 31.5781; 0; 0; 26.3; 215.423; 263; 1; 6; 0.0550533; 0; 
0; 1; 6650; 6651; 31.5781; 0; 0; 25.5; 191.644; 255; 1; 6; 0.157052; 0; 
0; 1; 1841; 1842; 31.5781; 0; 0; 27.2; 209.008; 272; 1; 6; 0.0332652; 0; 
0; 1; 3267; 3268; 31.5781; 0; 0; 27.7; 212.216; 277; 1; 6; 0.0717846; 0; 
0; 1; 5777; 5778; 31.5781; 0; 0; 25.8; 186.038; 258; 1; 6; 0.142831; 0; 
0; 1; 9901; 9902; 31.5781; 0; 0; 29.8; 204.479; 298; 1; 6; 0.258203; 0; 
0; 1; 1127; 1128; 32.3516; 0; 0; 20.8; 155.461; 208; 1; 6; 0.0175407; 0; 
0; 1; 8815; 8816; 32.3516; 0; 0; 30.8; 234.763; 308; 1; 6; 0.208701; 0; 
0; 1; 2731; 2732; 32.3516; 0; 0; 24.1; 194.306; 241; 1; 6; 0.0527719; 0; 
0; 1; 2247; 2248; 32.3516; 0; 0; 27.5; 209.339; 275; 1; 6; 0.0515187; 0; 
0; 1; 3135; 3136; 32.3516; 0; 0; 26; 218.606; 260; 1; 6; 0.0656829; 0; 
0; 1; 6273; 6274; 32.3516; 0; 0; 23.8; 200.346; 238; 1; 6; 0.151527; 0; 
0; 1; 1251; 1252; 32.3516; 0; 0; 26.8; 196.303; 268; 1; 6; 0.0216575; 0; 
0; 1; 1958; 1959; 32.3516; 0; 0; 24.5; 183.495; 245; 1; 6; 0.0431634; 0; 
0; 1; 2037; 2038; 32.3516; 0; 0; 26.8; 202.993; 268; 1; 6; 0.0441299; 0; 
0; 1; 4193; 4194; 32.3516; 0; 0; 24.1; 194.201; 241; 1; 6; 0.0953731; 0; 
0; 1; 5845; 5846; 32.3516; 0; 0; 25; 190.029; 250; 1; 6; 0.1472; 0; 
0; 1; 2160; 2161; 32.3516; 0; 0; 24.3; 205.645; 243; 1; 6; 0.0417912; 0; 
0; 1; 2255; 2256; 32.3516; 0; 0; 21.4; 196.386; 214; 1; 6; 0.0429814; 0; 
0; 1; 6161; 6162; 32.3516; 0; 0; 22.6; 184.041; 226; 1; 6; 0.147199; 0; 
0; 1; 8160; 8161; 32.3516; 0; 0; 28.5; 223.655; 285; 1; 6; 0.206731; 0; 
0; 1; 5473; 5474; 32.3516; 0; 0; 30.1; 218.202; 301; 1; 6; 0.13451; 0; 
0; 1; 4434; 4435; 32.3516; 0; 0; 24.9; 200.922; 249; 1; 6; 0.101452; 0; 
0; 1; 4008; 4009; 32.3516; 0; 0; 28.2; 210.335; 282; 1; 6; 0.0915986; 0; 
0; 1; 1994; 1995; 32.3516; 0; 0; 24.9; 194.22; 249; 1; 6; 0.0389252; 0; 
0; 1; 8221; 8222; 32.3516; 0; 0; 25.4; 209.915; 254; 1; 6; 0.209408; 0; 
0; 1; 7049; 7050; 32.3516; 0; 0; 36.5; 251.045; 365; 1; 6; 0.185519; 0; 
0; 1; 3451; 3452; 32.3516; 0; 0; 21.2; 181.552; 212; 1; 6; 0.0744289; 0; 
0; 1; 2457; 2458; 32.3516; 0; 0; 26.5; 201.406; 249; 1; 6; 0.0530269; 0; 
0; 1; 5148; 5149; 32.3516; 0; 0; 31.6; 259.994; 316; 1; 6; 0.113459; 0; 
0; 1; 1877; 1878; 32.3516; 0; 0; 23.4; 179.554; 234; 1; 6; 0.0419681; 0; 
0; 1; 2458; 2459; 32.3516; 0; 0; 26.1; 209.373; 252; 1; 6; 0.0561133; 0; 
0; 1; 4754; 4755; 32.3516; 0; 0; 25.9; 191.971; 259; 1; 6; 0.114595; 0; 
0; 1; 1233; 1234; 32.3516; 0; 0; 23.2; 179.872; 232; 1; 6; 0.0196026; 0; 
0; 1; 2523; 2524; 32.3516; 0; 0; 25.9; 200.473; 259; 1; 6; 0.0616542; 0; 
0; 1; 4462; 4463; 32.3516; 0; 0; 22.4; 203.959; 223; 1; 6; 0.101329; 0; 
0; 1; 1879; 1880; 32.3516; 0; 0; 29.5; 254.132; 295; 1; 6; 0.0348448; 0; 
0; 1; 2479; 2480; 32.3516; 0; 0; 20.2; 156.757; 202; 1; 6; 0.0583112; 0; 
0; 1; 2518; 2519; 32.3516; 0; 0; 16.1; 143.936; 161; 1; 6; 0.0537073; 0; 
0; 1; 2740; 2741; 32.3516; 0; 0; 28.9; 216.26; 289; 1; 6; 0.050639; 0; 
0; 1; 19348; 19349; 32.3516; 0; 0; 25.2; 201.693; 252; 1; 6; 0.514798; 0; 
0; 1; 8211; 8212; 37.1328; 0; 0; 27.7; 199.704; 264; 1; 6; 0.22476; 0; 
0; 1; 3203; 3204; 37.1328; 0; 0; 25; 197.514; 250; 1; 6; 0.0745162; 0; 
.
