OMPL version 
Experiment wasserstein
5 experiment properties
Q_value double = 0.200000
R double = 0.100000
R_bad_value double = 5.000000
bias_value double = 0.200000
first_solution bool = 0
Running on Vivaldi
Starting at 2024-07-06 20:19:20
<<<|
Properties of the state space 'R2_BELIEFRealVectorSpace0'
  - signature: 2 1 2 
  - dimension: 2
  - extent: 141.421
  - sanity checks for state space passed
  - probability of valid states: 0.615
  - average length of a valid motion: 26.3926
  - average number of samples drawn per second: sampleUniform()=2.09253e+07 sampleUniformNear()=2.50169e+07 sampleGaussian()=1.19801e+07
Settings for the state space 'R2_BELIEFRealVectorSpace0'
  - state validity check resolution: 1%
  - valid segment count factor: 1
  - state space:
Real vector state space 'R2_BELIEFRealVectorSpace0' of dimension 2 with bounds: 
  - min: 0 0 
  - max: 100 100 

Declared parameters:
longest_valid_segment_fraction = 0.01
max_control_duration = 20
min_control_duration = 1
projection.cellsize.0 = 5
projection.cellsize.1 = 5
projection.cellsize_factor = 0
propagation_step_size = 0.1
valid_segment_count_factor = 1
Valid state sampler named uniform with parameters:
nr_attempts = 100
  - control space:
Real vector control space 'RealVectorControl[R2_BELIEFRealVectorSpace0]' with bounds: 
  - min: -10 -10 0 
  - max: 10 10 1 
  - can propagate backward: no
  - propagation step size: 0.1
  - propagation duration: [1, 20]
Planner KPIECE1 specs:
Multithreaded:                 No
Reports approximate solutions: Yes
Can optimize solutions:        No
Aware of the following parameters: bad_score_factor border_fraction goal_bias good_score_factor max_close_samples
Declared parameters for planner KPIECE1:
bad_score_factor = 0.45
border_fraction = 0.8
goal_bias = 0.05
good_score_factor = 0.9
max_close_samples = 30
Start states:
RealVectorState [1 1]
Goal region, threshold = 10, memory address = 0x10ed980
Optimization Objective: Path Length @0x10ed0b0
Optimization Threshold: 0
Average state cost: 0
There are 1 solutions

Properties of benchmarked planners:
Planner SSBT specs:
Multithreaded:                 No
Reports approximate solutions: Yes
Can optimize solutions:        No
Aware of the following parameters: goal_bias pruning_radius selection_radius
Planner mod_RRT specs:
Multithreaded:                 No
Reports approximate solutions: Yes
Can optimize solutions:        No
Aware of the following parameters: goal_bias intermediate_states
|>>>
<<<|
Architecture:                       x86_64
CPU op-mode(s):                     32-bit, 64-bit
Byte Order:                         Little Endian
Address sizes:                      39 bits physical, 48 bits virtual
CPU(s):                             16
On-line CPU(s) list:                0-15
Thread(s) per core:                 2
Core(s) per socket:                 8
Socket(s):                          1
NUMA node(s):                       1
Vendor ID:                          GenuineIntel
CPU family:                         6
Model:                              167
Model name:                         11th Gen Intel(R) Core(TM) i7-11700K @ 3.60GHz
Stepping:                           1
CPU MHz:                            3600.000
CPU max MHz:                        5000.0000
CPU min MHz:                        800.0000
BogoMIPS:                           7200.00
Virtualization:                     VT-x
L1d cache:                          384 KiB
L1i cache:                          256 KiB
L2 cache:                           4 MiB
L3 cache:                           16 MiB
NUMA node0 CPU(s):                  0-15
Vulnerability Gather data sampling: Mitigation; Microcode
Vulnerability Itlb multihit:        Not affected
Vulnerability L1tf:                 Not affected
Vulnerability Mds:                  Not affected
Vulnerability Meltdown:             Not affected
Vulnerability Mmio stale data:      Mitigation; Clear CPU buffers; SMT vulnerable
Vulnerability Retbleed:             Mitigation; Enhanced IBRS
Vulnerability Spec rstack overflow: Not affected
Vulnerability Spec store bypass:    Mitigation; Speculative Store Bypass disabled via prctl and seccomp
Vulnerability Spectre v1:           Mitigation; usercopy/swapgs barriers and __user pointer sanitization
Vulnerability Spectre v2:           Mitigation; Enhanced IBRS, IBPB conditional, RSB filling, PBRSB-eIBRS SW sequence
Vulnerability Srbds:                Not affected
Vulnerability Tsx async abort:      Not affected
Flags:                              fpu vme de pse tsc msr pae mce cx8 apic sep mtrr pge mca cmov pat pse36 clflush dts acpi mmx fxsr sse sse2 ss ht tm pbe syscall nx pdpe1gb rdtscp lm constant_tsc art arch_perfmon pebs bts rep_good nopl xtopology nonstop_tsc cpuid aperfmperf tsc_known_freq pni pclmulqdq dtes64 monitor ds_cpl vmx smx est tm2 ssse3 sdbg fma cx16 xtpr pdcm pcid sse4_1 sse4_2 x2apic movbe popcnt tsc_deadline_timer aes xsave avx f16c rdrand lahf_lm abm 3dnowprefetch cpuid_fault epb invpcid_single ssbd ibrs ibpb stibp ibrs_enhanced tpr_shadow vnmi flexpriority ept vpid ept_ad fsgsbase tsc_adjust bmi1 avx2 smep bmi2 erms invpcid mpx avx512f avx512dq rdseed adx smap avx512ifma clflushopt intel_pt avx512cd sha_ni avx512bw avx512vl xsaveopt xsavec xgetbv1 xsaves dtherm ida arat pln pts hwp hwp_notify hwp_act_window hwp_epp hwp_pkg_req avx512vbmi umip pku ospke avx512_vbmi2 gfni vaes vpclmulqdq avx512_vnni avx512_bitalg avx512_vpopcntdq rdpid fsrm md_clear flush_l1d arch_capabilities
|>>>
10943690756693360 is the random seed
10 seconds per run
1000 MB per run
100 runs per planner
1035.68 seconds spent to collect the data
1 enum type
status|Unknown status|Invalid start|Invalid goal|Unrecognized goal type|Timeout|Approximate solution|Exact solution|Crash|Unknown status
2 planners
control_SSBT
11 common properties
goal_bias = 0.05
longest_valid_segment_fraction = 0.01
max_control_duration = 20
min_control_duration = 1
projection.cellsize.0 = 5
projection.cellsize.1 = 5
projection.cellsize_factor = 0
propagation_step_size = 0.1
pruning_radius = 1
selection_radius = 5
valid_segment_count_factor = 1
15 properties for each run
approximate solution BOOLEAN
best cost REAL
correct solution BOOLEAN
graph motions INTEGER
graph states INTEGER
memory REAL
solution clearance REAL
solution difference REAL
solution length REAL
solution path length REAL
solution segments INTEGER
solved BOOLEAN
status ENUM
time REAL
valid segment fraction REAL
100 runs
0; 346.296366; 1; 16495; 16497; 39.8203; 0; 0; 14.7; 153.282; 17; 1; 6; 10.0226; 0; 
0; 420.644208; 1; 16794; 16796; 41.6602; 0; 0; 19.1; 171.095; 14; 1; 6; 10.0334; 0; 
0; 396.150110; 1; 17383; 17385; 40.7891; 0; 0; 17.2; 147.37; 13; 1; 6; 10.0452; 0; 
0; 368.026860; 1; 16760; 16762; 40.7852; 0; 0; 15.9; 147.198; 15; 1; 6; 10.0284; 0; 
0; 357.950865; 1; 18359; 18361; 41.3477; 0; 0; 15.3; 144.267; 16; 1; 6; 10.1049; 0; 
0; 389.999219; 1; 16479; 16481; 45.4688; 0; 0; 16.9; 160.259; 16; 1; 6; 10.0505; 0; 
0; 387.963050; 1; 16698; 16700; 47.0156; 0; 0; 16.9; 150.312; 17; 1; 6; 10.0095; 0; 
0; 386.761713; 1; 17352; 17354; 45.2539; 0; 0; 16.8; 156.956; 15; 1; 6; 10.0468; 0; 
0; 340.865586; 1; 16292; 16294; 45.8516; 0; 0; 14.2; 146.426; 14; 1; 6; 10.0066; 0; 
0; 413.862064; 1; 17674; 17676; 48.168; 0; 0; 18; 165.519; 16; 1; 6; 10.0305; 0; 
0; 434.606504; 1; 15747; 15749; 48.0078; 0; 0; 19.2; 162.062; 16; 1; 6; 10.0954; 0; 
0; 384.697010; 1; 16663; 16665; 50.582; 0; 0; 16.4; 156.168; 15; 1; 6; 10.0833; 0; 
0; 372.378482; 1; 16141; 16143; 52.1289; 0; 0; 16; 147.84; 15; 1; 6; 10.1006; 0; 
0; 414.573365; 1; 16521; 16523; 52.3867; 0; 0; 17.7; 162.616; 16; 1; 6; 10.1061; 0; 
0; 381.117452; 1; 14372; 14374; 54.1914; 0; 0; 16.5; 154.302; 15; 1; 6; 10.0942; 0; 
0; 382.705446; 1; 16647; 16649; 54.707; 0; 0; 16.4; 155.101; 14; 1; 6; 10.0068; 0; 
0; 652.597292; 1; 15393; 15395; 56.2539; 0; 0; 28.8; 246.977; 25; 1; 6; 10.0122; 0; 
0; 424.048308; 1; 15655; 15657; 56.2539; 0; 0; 18.6; 165.585; 19; 1; 6; 10.1059; 0; 
0; 381.132934; 1; 16349; 16351; 57.2656; 0; 0; 16.5; 149.468; 17; 1; 6; 10.1016; 0; 
0; 468.498186; 1; 16716; 16718; 59.0703; 0; 0; 20.2; 176.063; 21; 1; 6; 10.0131; 0; 
0; 446.354698; 1; 16408; 16410; 60.3594; 0; 0; 19.5; 151.565; 17; 1; 6; 10.0969; 0; 
0; 373.953726; 1; 16471; 16473; 60.2266; 0; 0; 16.2; 150.951; 15; 1; 6; 10.0739; 0; 
0; 366.662200; 1; 16204; 16206; 61.2344; 0; 0; 15.9; 148.358; 11; 1; 6; 10.088; 0; 
0; 404.865317; 1; 15835; 15837; 63.0312; 0; 0; 17.7; 157.149; 19; 1; 6; 10.1076; 0; 
0; 401.175478; 1; 16511; 16513; 65.0938; 0; 0; 17.6; 152.38; 17; 1; 6; 10.0858; 0; 
0; 405.205140; 1; 15666; 15668; 64.0508; 0; 0; 17.3; 163.286; 22; 1; 6; 10.0948; 0; 
0; 450.207706; 1; 15874; 15876; 66.3672; 0; 0; 19.8; 158.488; 16; 1; 6; 10.003; 0; 
0; 403.444746; 1; 15747; 15749; 66.625; 0; 0; 17.5; 154.773; 16; 1; 6; 10.0069; 0; 
0; 384.517051; 1; 16862; 16864; 68.1719; 0; 0; 16.7; 158.172; 17; 1; 6; 10.0843; 0; 
0; 395.074581; 1; 16031; 16033; 68.6172; 0; 0; 17.1; 150.625; 17; 1; 6; 10.0968; 0; 
0; 358.416161; 1; 16175; 16177; 70.418; 0; 0; 15.3; 152.415; 16; 1; 6; 10.0644; 0; 
0; 374.718892; 1; 16201; 16203; 71.1914; 0; 0; 16.1; 150.523; 18; 1; 6; 10.0134; 0; 
0; 413.566830; 1; 14953; 14955; 72.7383; 0; 0; 17.9; 166.407; 17; 1; 6; 10.0915; 0; 
0; 415.357703; 1; 16064; 16066; 73.2539; 0; 0; 18.1; 156.008; 14; 1; 6; 10.0924; 0; 
0; 402.176513; 1; 15987; 15989; 74.0273; 0; 0; 17.5; 160.373; 17; 1; 6; 10.0194; 0; 
0; 381.202438; 1; 16064; 16066; 75.5742; 0; 0; 16.2; 157.485; 14; 1; 6; 10.0401; 0; 
0; 425.332051; 1; 16485; 16487; 75.832; 0; 0; 18.4; 170.074; 18; 1; 6; 10.0554; 0; 
0; 388.600829; 1; 16330; 16332; 76.8477; 0; 0; 16.9; 151.762; 18; 1; 6; 10.0483; 0; 
0; 494.629216; 1; 15774; 15776; 78.9062; 0; 0; 21.4; 187.562; 21; 1; 6; 10.1031; 0; 
0; 361.302439; 1; 16235; 16237; 79.6797; 0; 0; 15.3; 152.025; 15; 1; 6; 10.0451; 0; 
0; 359.196109; 1; 16701; 16703; 80.4531; 0; 0; 15.2; 149.368; 15; 1; 6; 10.0169; 0; 
0; 338.841020; 1; 16483; 16485; 81.3594; 0; 0; 14.3; 145.928; 14; 1; 6; 10.0615; 0; 
0; 410.551949; 1; 17269; 17271; 82.3008; 0; 0; 17.8; 157.459; 19; 1; 6; 10.1067; 0; 
0; 387.305910; 1; 14592; 14594; 83.293; 0; 0; 16.7; 156.55; 14; 1; 6; 10.0344; 0; 
0; 361.108355; 1; 16879; 16881; 84.8359; 0; 0; 15.3; 151.428; 14; 1; 6; 10.0761; 0; 
0; 366.038232; 1; 16679; 16681; 86.125; 0; 0; 15.9; 142.337; 14; 1; 6; 10.0287; 0; 
0; 398.418166; 1; 16921; 16923; 86.1484; 0; 0; 17.5; 145.003; 14; 1; 6; 10.0981; 0; 
0; 404.262297; 1; 17087; 17089; 86.6992; 0; 0; 17.5; 154.25; 15; 1; 6; 10.02; 0; 
0; 384.179710; 1; 16694; 16696; 87.4922; 0; 0; 16.5; 155.243; 14; 1; 6; 10.0287; 0; 
0; 441.945081; 1; 16455; 16457; 88.4727; 0; 0; 19.2; 160.505; 21; 1; 6; 10.0439; 0; 
0; 438.963012; 1; 15885; 15887; 91.8203; 0; 0; 19.2; 167.855; 17; 1; 6; 10.0308; 0; 
0; 364.681349; 1; 16617; 16619; 92.3359; 0; 0; 15.5; 154.898; 16; 1; 6; 10.0593; 0; 
0; 377.645518; 1; 16227; 16229; 94.1406; 0; 0; 16; 150.59; 17; 1; 6; 10.0674; 0; 
0; 359.354020; 1; 17133; 17135; 94.1406; 0; 0; 15.4; 147.995; 14; 1; 6; 10.0191; 0; 
0; 430.300019; 1; 15914; 15916; 93.9375; 0; 0; 18.8; 161.37; 16; 1; 6; 10.0238; 0; 
0; 548.633652; 1; 15288; 15290; 96.2539; 0; 0; 24.7; 180.081; 26; 1; 6; 10.018; 0; 
0; 366.816767; 1; 16493; 16495; 96.7695; 0; 0; 15.9; 150.399; 15; 1; 6; 10.0288; 0; 
0; 351.458433; 1; 16783; 16785; 97.5469; 0; 0; 15; 146.336; 14; 1; 6; 10.0613; 0; 
0; 411.504467; 1; 16630; 16632; 98.9023; 0; 0; 18.2; 150.475; 14; 1; 6; 10.0453; 0; 
0; 354.189020; 1; 16482; 16484; 99.8906; 0; 0; 15.1; 150.793; 13; 1; 6; 10.0275; 0; 
0; 404.757526; 1; 16760; 16762; 100.84; 0; 0; 17.5; 163.409; 16; 1; 6; 10.0606; 0; 
0; 372.664367; 1; 16395; 16397; 102.898; 0; 0; 16.1; 152.591; 14; 1; 6; 10.0559; 0; 
0; 536.779737; 1; 16319; 16321; 102.859; 0; 0; 23.8; 183.692; 23; 1; 6; 10.0129; 0; 
0; 374.032050; 1; 15930; 15932; 105.176; 0; 0; 16.2; 153.459; 15; 1; 6; 10.0437; 0; 
0; 427.587293; 1; 16636; 16638; 105.176; 0; 0; 18.5; 164.338; 15; 1; 6; 10.0336; 0; 
0; 374.330867; 1; 16802; 16804; 107.496; 0; 0; 16.2; 153.554; 15; 1; 6; 10.0948; 0; 
0; 393.908309; 1; 16028; 16030; 107.402; 0; 0; 17; 157.324; 18; 1; 6; 10.0511; 0; 
0; 390.644904; 1; 16060; 16062; 108.43; 0; 0; 17; 149.576; 20; 1; 6; 10.0458; 0; 
0; 380.268593; 1; 16399; 16401; 108.688; 0; 0; 16.5; 156.986; 14; 1; 6; 10.0209; 0; 
0; 356.922729; 1; 16688; 16690; 111.781; 0; 0; 15.4; 150.001; 14; 1; 6; 10.0667; 0; 
0; 389.450796; 1; 16640; 16642; 111.781; 0; 0; 16.6; 160.81; 14; 1; 6; 10.0069; 0; 
0; 347.106944; 1; 16191; 16193; 113.844; 0; 0; 14.8; 146.377; 15; 1; 6; 10.052; 0; 
0; 415.611230; 1; 16649; 16651; 114.102; 0; 0; 18; 163.92; 17; 1; 6; 10.0199; 0; 
0; 361.515521; 1; 17050; 17052; 113.836; 0; 0; 15.4; 149.523; 17; 1; 6; 10.0646; 0; 
0; 378.538272; 1; 16693; 16695; 114.66; 0; 0; 16.4; 151.313; 17; 1; 6; 10.0462; 0; 
0; 418.181394; 1; 17343; 17345; 115.418; 0; 0; 18; 173.073; 15; 1; 6; 10.0316; 0; 
0; 422.029021; 1; 17435; 17437; 116.816; 0; 0; 18.2; 163.183; 19; 1; 6; 10.0747; 0; 
0; 374.388795; 1; 16535; 16537; 118.086; 0; 0; 16.1; 157.016; 15; 1; 6; 10.0152; 0; 
0; 385.532052; 1; 16585; 16587; 118.59; 0; 0; 16.4; 146.967; 13; 1; 6; 10.0641; 0; 
0; 357.550280; 1; 15822; 15824; 121.934; 0; 0; 15.3; 147.965; 13; 1; 6; 10.0559; 0; 
0; 383.587887; 1; 17089; 17091; 122.191; 0; 0; 16.6; 150.297; 17; 1; 6; 10.018; 0; 
0; 417.632644; 1; 17570; 17572; 122.137; 0; 0; 17.6; 162.608; 17; 1; 6; 10.0748; 0; 
0; 548.686284; 1; 16310; 16312; 125.484; 0; 0; 24.5; 188.168; 25; 1; 6; 10.106; 0; 
0; 353.230260; 1; 16282; 16284; 125.742; 0; 0; 14.9; 160.193; 13; 1; 6; 10.0467; 0; 
0; 342.185761; 1; 16649; 16651; 127.031; 0; 0; 14.5; 149.461; 13; 1; 6; 10.0675; 0; 
0; 404.958996; 1; 16530; 16532; 126.621; 0; 0; 17.4; 155.038; 18; 1; 6; 10.0626; 0; 
0; 389.017244; 1; 16859; 16861; 129.453; 0; 0; 16.7; 157.589; 16; 1; 6; 10.0706; 0; 
0; 413.657650; 1; 16944; 16946; 128.797; 0; 0; 17.7; 166.211; 19; 1; 6; 10.0508; 0; 
0; 357.839431; 1; 16218; 16220; 131.371; 0; 0; 15.3; 152.524; 14; 1; 6; 10.0426; 0; 
0; 511.428495; 1; 16034; 16036; 131.887; 0; 0; 22.1; 181.929; 26; 1; 6; 10.1072; 0; 
0; 372.416410; 1; 16731; 16733; 132.66; 0; 0; 16.1; 149.583; 14; 1; 6; 10.0497; 0; 
0; 393.337267; 1; 15931; 15933; 133.188; 0; 0; 17; 150.67; 17; 1; 6; 10.0152; 0; 
0; 376.250881; 1; 16582; 16584; 134.215; 0; 0; 16.1; 159.713; 19; 1; 6; 10.0484; 0; 
0; 403.894540; 1; 16608; 16610; 136.277; 0; 0; 17.3; 157.893; 14; 1; 6; 10.0592; 0; 
0; 391.740320; 1; 15807; 15809; 136.223; 0; 0; 16.6; 161.602; 16; 1; 6; 10.0317; 0; 
0; 355.725387; 1; 16643; 16645; 137.504; 0; 0; 15.4; 148.489; 15; 1; 6; 10.0791; 0; 
0; 415.726663; 1; 17220; 17222; 138; 0; 0; 17.7; 164.585; 15; 1; 6; 10.0739; 0; 
0; 371.528814; 1; 16426; 16428; 140.574; 0; 0; 15.7; 152.975; 14; 1; 6; 10.0442; 0; 
0; 373.561867; 1; 16810; 16812; 140.25; 0; 0; 16.2; 150.886; 14; 1; 6; 10.0592; 0; 
0; 372.467231; 1; 16568; 16570; 141.391; 0; 0; 16.1; 149.463; 16; 1; 6; 10.0251; 0; 
2 progress properties for each run
best cost REAL
time REAL
100 runs
inf,0.0500937,;596.158108,0.100131,;596.158108,0.150243,;596.158108,0.200335,;596.158108,0.250444,;517.253208,0.300533,;517.253208,0.350624,;517.253208,0.400726,;517.253208,0.450837,;517.253208,0.500932,;517.253208,0.551048,;517.253208,0.601127,;517.253208,0.651202,;517.253208,0.701272,;517.253208,0.75134,;517.253208,0.801409,;517.253208,0.851468,;517.253208,0.901563,;517.253208,0.951642,;517.253208,1.00172,;517.253208,1.05179,;517.253208,1.10187,;516.108032,1.15195,;516.108032,1.20203,;490.331097,1.2521,;490.331097,1.30217,;490.331097,1.35225,;478.565717,1.40234,;478.565717,1.45241,;478.565717,1.50249,;478.565717,1.55257,;478.565717,1.60266,;478.565717,1.65274,;478.565717,1.70285,;478.565717,1.75298,;478.565717,1.80307,;478.565717,1.85323,;478.565717,1.90334,;478.565717,1.95345,;478.565717,2.00352,;478.565717,2.05363,;478.565717,2.10371,;478.565717,2.15382,;478.565717,2.20392,;478.565717,2.25401,;470.208920,2.30409,;470.208920,2.35417,;470.208920,2.40426,;470.208920,2.45435,;470.208920,2.50447,;470.208920,2.55455,;463.177200,2.60463,;459.944573,2.65474,;459.944573,2.70484,;459.944573,2.75492,;459.944573,2.80501,;459.865959,2.85509,;459.865959,2.90518,;459.865959,2.9553,;459.865959,3.00538,;459.865959,3.05549,;459.865959,3.10556,;459.865959,3.15564,;459.865959,3.20575,;459.865959,3.25584,;459.865959,3.30594,;459.865959,3.35601,;459.865959,3.40609,;459.865959,3.45617,;459.865959,3.50628,;459.865959,3.55637,;459.865959,3.6065,;459.865959,3.65659,;459.865959,3.70669,;459.865959,3.75678,;459.865959,3.80687,;459.865959,3.85696,;459.865959,3.90706,;459.042362,3.95717,;459.042362,4.00727,;459.042362,4.05739,;459.042362,4.10747,;459.042362,4.15759,;459.042362,4.20767,;418.176073,4.25779,;418.176073,4.30789,;418.176073,4.358,;418.176073,4.4081,;418.176073,4.45822,;418.176073,4.50832,;418.176073,4.55844,;414.029338,4.60852,;410.445207,4.65861,;410.445207,4.7087,;410.445207,4.75878,;410.445207,4.80887,;410.445207,4.85899,;410.445207,4.9091,;410.445207,4.95922,;387.504036,5.00932,;387.504036,5.0594,;387.504036,5.10948,;387.504036,5.15958,;387.504036,5.2097,;386.614912,5.25979,;386.614912,5.30993,;386.614912,5.36002,;386.614912,5.41012,;371.596423,5.46022,;371.596423,5.51032,;371.596423,5.56047,;371.596423,5.61056,;371.596423,5.66064,;371.596423,5.71074,;371.596423,5.76083,;371.596423,5.81092,;371.596423,5.86104,;371.596423,5.91112,;371.596423,5.9612,;371.596423,6.01129,;371.596423,6.06138,;371.596423,6.11153,;371.596423,6.16162,;371.596423,6.21175,;371.596423,6.26187,;367.109576,6.31197,;367.109576,6.36209,;367.109576,6.41218,;367.109576,6.46228,;367.109576,6.51238,;367.109576,6.56251,;367.109576,6.61263,;367.109576,6.66275,;367.109576,6.71287,;367.109576,6.76299,;367.109576,6.81312,;367.109576,6.86324,;367.109576,6.91336,;361.897858,6.96348,;361.897858,7.01361,;361.897858,7.06369,;361.897858,7.11381,;361.897858,7.1639,;355.611300,7.21402,;355.611300,7.2641,;355.611300,7.31422,;355.611300,7.36431,;355.611300,7.4144,;355.611300,7.46453,;355.611300,7.51461,;355.611300,7.56471,;355.611300,7.61484,;355.611300,7.66496,;355.611300,7.71504,;355.611300,7.76513,;355.611300,7.81523,;355.611300,7.86532,;355.611300,7.91541,;355.611300,7.96551,;355.611300,8.01563,;355.611300,8.06575,;355.611300,8.11587,;355.611300,8.16599,;355.611300,8.21609,;355.611300,8.2662,;355.611300,8.3163,;355.611300,8.36638,;355.611300,8.41647,;355.611300,8.46656,;355.611300,8.51665,;355.611300,8.56678,;355.611300,8.61686,;355.611300,8.66697,;355.611300,8.71706,;355.611300,8.76714,;355.611300,8.81723,;355.611300,8.86735,;355.611300,8.91743,;355.611300,8.96751,;355.611300,9.01759,;355.611300,9.06768,;346.296366,9.11779,;346.296366,9.16788,;346.296366,9.218,;346.296366,9.26809,;346.296366,9.31821,;346.296366,9.36831,;346.296366,9.41843,;346.296366,9.46852,;346.296366,9.51864,;346.296366,9.56876,;346.296366,9.61885,;346.296366,9.66897,;346.296366,9.71906,;346.296366,9.76915,;346.296366,9.81927,;346.296366,9.86935,;346.296366,9.91945,;346.296366,9.96954,;346.296366,10.0196,;
593.685460,0.050101,;593.685460,0.100215,;593.685460,0.150299,;593.685460,0.200391,;593.685460,0.250474,;593.685460,0.300589,;593.685460,0.350677,;593.685460,0.400766,;593.685460,0.450859,;593.685460,0.500979,;593.685460,0.551073,;593.685460,0.601167,;593.685460,0.651247,;593.685460,0.701321,;593.685460,0.751407,;593.685460,0.801525,;564.903370,0.851614,;564.903370,0.901744,;564.903370,0.951868,;564.903370,1.00198,;564.903370,1.0521,;564.903370,1.10221,;564.903370,1.15233,;564.903370,1.20239,;564.903370,1.2525,;564.903370,1.30258,;564.903370,1.3527,;564.903370,1.4028,;564.903370,1.45293,;564.903370,1.50302,;564.903370,1.55314,;564.903370,1.60323,;564.903370,1.65335,;564.903370,1.70345,;564.903370,1.75356,;564.903370,1.80365,;564.903370,1.85377,;564.903370,1.90386,;564.903370,1.95398,;564.903370,2.0041,;564.903370,2.05422,;564.903370,2.1043,;564.903370,2.1544,;564.903370,2.20448,;564.903370,2.25456,;564.903370,2.30465,;564.903370,2.35478,;564.903370,2.40487,;564.903370,2.45497,;564.903370,2.50508,;564.903370,2.5552,;564.903370,2.60532,;564.903370,2.65541,;564.903370,2.70549,;564.903370,2.75557,;564.903370,2.80566,;564.903370,2.85575,;564.903370,2.90588,;564.903370,2.95599,;564.903370,3.00607,;564.903370,3.05616,;564.903370,3.10628,;564.903370,3.15639,;564.903370,3.20647,;564.903370,3.25658,;564.903370,3.30667,;515.088647,3.35675,;515.088647,3.40684,;515.088647,3.45695,;515.088647,3.50704,;501.290703,3.55714,;501.290703,3.60722,;486.123045,3.6573,;486.123045,3.70738,;486.123045,3.75746,;486.123045,3.80755,;486.123045,3.85765,;474.120285,3.90773,;474.120285,3.95785,;474.120285,4.00794,;474.120285,4.05803,;474.120285,4.10811,;474.120285,4.15819,;474.120285,4.20831,;474.120285,4.25839,;474.120285,4.30849,;474.120285,4.35858,;474.120285,4.40867,;474.120285,4.45875,;474.120285,4.50885,;468.959600,4.55894,;468.959600,4.60902,;468.959600,4.6591,;441.296957,4.70921,;441.296957,4.7593,;439.305086,4.80944,;437.475807,4.85953,;423.765497,4.90964,;423.765497,4.95973,;423.765497,5.00982,;423.765497,5.05992,;423.765497,5.11,;423.765497,5.1601,;423.765497,5.2102,;423.765497,5.26029,;423.765497,5.31037,;423.765497,5.36045,;423.765497,5.41053,;423.765497,5.46061,;423.765497,5.5107,;423.765497,5.56078,;423.765497,5.61087,;423.765497,5.66096,;423.765497,5.71106,;423.765497,5.76115,;423.765497,5.81127,;423.765497,5.8614,;423.765497,5.91149,;423.765497,5.96158,;423.494097,6.01165,;423.494097,6.06178,;423.494097,6.11186,;423.494097,6.16196,;423.494097,6.21205,;423.494097,6.26213,;423.494097,6.31224,;423.494097,6.36232,;423.494097,6.41244,;423.494097,6.46252,;423.494097,6.51261,;423.494097,6.56271,;423.494097,6.61282,;423.494097,6.66292,;423.494097,6.71302,;423.494097,6.76311,;423.494097,6.81323,;423.494097,6.86335,;423.494097,6.91347,;423.494097,6.96355,;423.494097,7.01367,;423.494097,7.06379,;423.494097,7.11387,;423.494097,7.16399,;423.494097,7.21411,;423.494097,7.26423,;423.494097,7.31431,;423.494097,7.36439,;423.494097,7.41448,;423.494097,7.46456,;423.494097,7.51465,;423.494097,7.56474,;420.644208,7.61483,;420.644208,7.66492,;420.644208,7.71501,;420.644208,7.76514,;420.644208,7.81523,;420.644208,7.86536,;420.644208,7.91544,;420.644208,7.96556,;420.644208,8.01568,;420.644208,8.06579,;420.644208,8.11587,;420.644208,8.16595,;420.644208,8.21606,;420.644208,8.26615,;420.644208,8.31627,;420.644208,8.3664,;420.644208,8.41652,;420.644208,8.46661,;420.644208,8.51673,;420.644208,8.56686,;420.644208,8.61698,;420.644208,8.66708,;420.644208,8.7172,;420.644208,8.76733,;420.644208,8.81742,;420.644208,8.86752,;420.644208,8.91762,;420.644208,8.9677,;420.644208,9.01782,;420.644208,9.06791,;420.644208,9.11804,;420.644208,9.16816,;420.644208,9.21828,;420.644208,9.2684,;420.644208,9.31848,;420.644208,9.36861,;420.644208,9.4187,;420.644208,9.46883,;420.644208,9.51895,;420.644208,9.56904,;420.644208,9.61913,;420.644208,9.66925,;420.644208,9.71933,;420.644208,9.76945,;420.644208,9.81956,;420.644208,9.86964,;420.644208,9.91973,;420.644208,9.96983,;420.644208,10.0199,;
inf,0.0501056,;665.110578,0.100189,;663.807422,0.150264,;629.185107,0.200341,;629.185107,0.250389,;629.185107,0.300496,;629.185107,0.350571,;629.185107,0.400685,;629.185107,0.450773,;629.185107,0.500883,;629.185107,0.550974,;629.185107,0.601083,;593.594734,0.651172,;593.594734,0.701269,;593.594734,0.751378,;593.594734,0.801488,;593.594734,0.851577,;593.594734,0.90169,;593.594734,0.951779,;593.594734,1.00187,;593.594734,1.05198,;593.594734,1.1021,;593.594734,1.15219,;567.576864,1.20231,;567.576864,1.25243,;567.576864,1.3025,;567.576864,1.35262,;567.576864,1.40269,;567.576864,1.45277,;567.576864,1.50286,;567.576864,1.55297,;567.576864,1.60307,;567.576864,1.65316,;567.576864,1.70325,;567.576864,1.75337,;567.576864,1.80346,;567.576864,1.85358,;567.576864,1.90366,;564.272949,1.95376,;559.725745,2.00384,;559.725745,2.05392,;559.725745,2.10403,;559.725745,2.15414,;559.725745,2.20424,;559.725745,2.25436,;559.725745,2.30445,;559.725745,2.35453,;559.725745,2.40463,;559.725745,2.45472,;559.725745,2.5048,;559.725745,2.55488,;559.725745,2.60497,;559.725745,2.65506,;559.725745,2.70516,;559.725745,2.75525,;559.725745,2.80536,;559.725745,2.85546,;559.725745,2.90555,;559.725745,2.95564,;559.725745,3.00575,;449.378405,3.05584,;449.378405,3.10596,;449.378405,3.15607,;449.378405,3.20619,;449.378405,3.25631,;449.378405,3.30643,;449.378405,3.35653,;449.378405,3.40661,;445.563987,3.45668,;445.563987,3.5068,;445.563987,3.5569,;428.425362,3.607,;428.425362,3.65712,;428.425362,3.70722,;428.425362,3.75733,;428.425362,3.80742,;428.425362,3.85755,;428.425362,3.90764,;428.425362,3.95775,;428.425362,4.00786,;428.425362,4.05798,;428.425362,4.10809,;428.425362,4.15823,;428.425362,4.20831,;428.425362,4.25841,;428.425362,4.30853,;428.425362,4.35861,;428.425362,4.40872,;428.425362,4.45882,;428.425362,4.50893,;428.425362,4.55902,;428.425362,4.60913,;428.425362,4.65922,;424.097391,4.70935,;424.097391,4.75945,;424.097391,4.80957,;424.097391,4.85966,;424.097391,4.90978,;424.097391,4.95989,;424.097391,5.01001,;423.976282,5.06012,;423.976282,5.11023,;423.976282,5.16032,;423.976282,5.21044,;423.976282,5.26056,;423.976282,5.31063,;419.327116,5.36074,;419.327116,5.41083,;419.327116,5.46095,;419.327116,5.51105,;419.327116,5.56116,;419.327116,5.61125,;419.327116,5.66134,;419.327116,5.71145,;419.327116,5.76157,;419.327116,5.81166,;407.643220,5.86177,;407.643220,5.91186,;407.643220,5.96199,;407.643220,6.01208,;407.643220,6.06219,;407.643220,6.11228,;407.643220,6.1624,;407.643220,6.21248,;407.643220,6.26257,;407.643220,6.31264,;407.643220,6.36275,;407.643220,6.41286,;407.643220,6.46296,;407.643220,6.51307,;407.643220,6.56315,;402.913109,6.61324,;402.913109,6.6634,;402.913109,6.71351,;402.913109,6.7636,;402.913109,6.81372,;402.913109,6.86384,;402.913109,6.91394,;402.913109,6.96406,;402.913109,7.01417,;402.913109,7.06431,;402.913109,7.11445,;402.913109,7.16453,;402.913109,7.21461,;402.913109,7.26473,;402.913109,7.31482,;402.913109,7.36493,;402.913109,7.41501,;402.913109,7.46513,;402.913109,7.51522,;402.913109,7.56533,;402.913109,7.6154,;402.913109,7.66552,;402.913109,7.7156,;402.913109,7.76569,;402.913109,7.81578,;402.913109,7.86587,;402.913109,7.91599,;402.913109,7.96608,;402.913109,8.01616,;402.913109,8.06624,;402.913109,8.11633,;402.913109,8.16644,;402.913109,8.21652,;402.913109,8.2666,;402.913109,8.31668,;402.913109,8.36677,;402.913109,8.41689,;402.913109,8.46697,;402.913109,8.5171,;402.913109,8.56719,;402.913109,8.61732,;402.913109,8.66743,;402.913109,8.71754,;402.913109,8.76763,;402.913109,8.81775,;402.913109,8.86784,;402.913109,8.91795,;396.150110,8.96806,;396.150110,9.01817,;396.150110,9.06829,;396.150110,9.1184,;396.150110,9.16851,;396.150110,9.21859,;396.150110,9.26871,;396.150110,9.3188,;396.150110,9.36889,;396.150110,9.41901,;396.150110,9.46912,;396.150110,9.5192,;396.150110,9.56932,;396.150110,9.61943,;396.150110,9.66952,;396.150110,9.71961,;396.150110,9.76973,;396.150110,9.81984,;396.150110,9.86996,;396.150110,9.92004,;396.150110,9.97015,;396.150110,10.0203,;
inf,0.050066,;inf,0.100153,;inf,0.150238,;inf,0.200318,;648.566176,0.250432,;619.576358,0.30051,;608.594256,0.350634,;608.594256,0.400747,;608.594256,0.450866,;592.528836,0.500981,;592.528836,0.551092,;592.528836,0.601171,;592.528836,0.651292,;592.528836,0.701407,;592.528836,0.751518,;592.528836,0.8016,;592.528836,0.851691,;592.528836,0.901777,;592.528836,0.951896,;535.744484,1.00199,;531.288245,1.05211,;523.991586,1.10218,;523.991586,1.1523,;523.991586,1.20238,;523.991586,1.25243,;523.991586,1.30251,;523.991586,1.35258,;523.991586,1.4027,;523.991586,1.45279,;523.991586,1.50291,;523.991586,1.55303,;523.991586,1.60312,;523.991586,1.6532,;523.991586,1.70328,;523.991586,1.75335,;523.991586,1.80342,;517.596357,1.8535,;517.596357,1.90357,;517.596357,1.95364,;517.596357,2.00371,;517.596357,2.05378,;517.596357,2.10385,;517.596357,2.15393,;517.596357,2.204,;517.596357,2.25408,;517.596357,2.30415,;517.596357,2.35422,;517.596357,2.40429,;517.596357,2.45437,;517.596357,2.50445,;517.596357,2.55452,;517.596357,2.6046,;517.596357,2.65468,;517.596357,2.70475,;517.596357,2.75483,;517.596357,2.8049,;516.956716,2.85497,;516.956716,2.90503,;516.956716,2.9551,;516.956716,3.00518,;516.956716,3.05527,;516.956716,3.10534,;516.956716,3.15543,;516.956716,3.20551,;516.956716,3.25559,;516.956716,3.30569,;516.956716,3.35577,;516.956716,3.40586,;516.956716,3.45596,;516.956716,3.50605,;516.956716,3.55614,;516.956716,3.60621,;516.956716,3.65635,;516.956716,3.70644,;516.956716,3.75657,;516.956716,3.80665,;516.956716,3.85677,;516.956716,3.9069,;516.956716,3.95702,;516.956716,4.00714,;516.956716,4.05721,;516.956716,4.10729,;516.956716,4.15739,;516.956716,4.20748,;513.453270,4.25757,;513.453270,4.30766,;513.453270,4.35775,;513.453270,4.40785,;513.453270,4.45793,;513.453270,4.50802,;513.453270,4.55811,;513.453270,4.60819,;513.453270,4.65828,;513.453270,4.70837,;513.453270,4.75845,;513.453270,4.80856,;513.453270,4.85864,;513.453270,4.90871,;513.453270,4.95879,;513.453270,5.00889,;513.453270,5.05896,;422.644996,5.10903,;422.644996,5.15912,;422.644996,5.2092,;422.644996,5.25932,;422.644996,5.30944,;422.644996,5.35955,;422.644996,5.40964,;422.644996,5.45973,;422.644996,5.50982,;422.644996,5.55991,;422.644996,5.61,;422.644996,5.66009,;405.063221,5.71018,;405.063221,5.76028,;405.063221,5.81037,;405.063221,5.86047,;405.063221,5.91059,;405.063221,5.96067,;405.063221,6.01076,;405.063221,6.06086,;405.063221,6.11095,;405.063221,6.16103,;405.063221,6.21112,;405.063221,6.26121,;405.063221,6.31129,;405.063221,6.36137,;405.063221,6.41148,;405.063221,6.46157,;405.063221,6.51167,;405.063221,6.56177,;405.063221,6.61186,;405.063221,6.66195,;405.063221,6.71207,;405.063221,6.76216,;405.063221,6.81227,;405.063221,6.86236,;405.063221,6.91248,;405.063221,6.96256,;405.063221,7.01268,;405.063221,7.06277,;405.063221,7.11288,;398.175609,7.163,;398.175609,7.21308,;398.175609,7.26319,;398.175609,7.31327,;398.175609,7.36338,;398.175609,7.41347,;398.175609,7.46359,;398.175609,7.51369,;398.175609,7.5638,;398.175609,7.61391,;398.175609,7.664,;398.175609,7.71409,;398.175609,7.76422,;398.175609,7.81433,;398.175609,7.86444,;398.175609,7.91456,;398.175609,7.96465,;398.175609,8.01477,;398.175609,8.06488,;398.175609,8.11499,;398.175609,8.16509,;398.175609,8.21522,;389.127410,8.26529,;389.127410,8.31541,;389.127410,8.36548,;389.127410,8.4156,;389.127410,8.46569,;371.401514,8.51578,;371.401514,8.56586,;371.401514,8.61596,;371.401514,8.66607,;371.401514,8.71615,;371.401514,8.76628,;371.401514,8.81636,;371.401514,8.86644,;371.401514,8.91651,;371.401514,8.96659,;371.401514,9.01669,;371.401514,9.06681,;371.401514,9.11692,;371.401514,9.16704,;371.401514,9.21717,;371.401514,9.26728,;371.401514,9.31739,;371.401514,9.36747,;371.401514,9.41758,;371.401514,9.46766,;371.401514,9.51775,;368.026860,9.56787,;368.026860,9.61796,;368.026860,9.66808,;368.026860,9.71817,;368.026860,9.76829,;368.026860,9.8184,;368.026860,9.86851,;368.026860,9.91863,;368.026860,9.96872,;368.026860,10.0188,;
inf,0.05011,;inf,0.100218,;807.320804,0.15033,;789.614769,0.200428,;789.614769,0.250502,;789.614769,0.300579,;789.614769,0.350655,;789.614769,0.400731,;789.614769,0.450856,;789.614769,0.500936,;789.614769,0.551067,;789.614769,0.601151,;789.614769,0.651273,;777.545823,0.70135,;751.299084,0.751429,;751.299084,0.801514,;740.345622,0.851602,;731.181730,0.901683,;731.181730,0.951783,;731.181730,1.00186,;725.226931,1.05193,;725.226931,1.10204,;723.126188,1.15211,;723.126188,1.20221,;723.126188,1.25233,;723.126188,1.30245,;723.126188,1.35254,;719.259953,1.40262,;719.259953,1.45273,;719.259953,1.50281,;716.573336,1.55289,;716.573336,1.60298,;716.573336,1.65307,;716.573336,1.70317,;716.573336,1.75329,;716.573336,1.8034,;716.573336,1.85351,;716.573336,1.90359,;716.573336,1.9537,;716.573336,2.00385,;716.573336,2.05396,;703.402538,2.10406,;703.402538,2.15417,;703.402538,2.20426,;703.402538,2.25439,;703.402538,2.30451,;703.402538,2.35459,;703.402538,2.40467,;703.402538,2.45477,;703.402538,2.50489,;703.402538,2.55497,;703.402538,2.60509,;703.402538,2.65517,;703.402538,2.7053,;703.402538,2.75538,;703.402538,2.8055,;703.402538,2.8556,;703.402538,2.90572,;703.402538,2.95581,;703.402538,3.00589,;703.402538,3.05599,;703.402538,3.10608,;703.402538,3.15617,;703.402538,3.20628,;703.402538,3.25637,;703.402538,3.30645,;703.402538,3.35657,;703.402538,3.40665,;703.402538,3.45676,;681.957814,3.50686,;681.957814,3.55697,;681.957814,3.60707,;681.957814,3.65717,;664.667754,3.70726,;664.667754,3.75738,;664.667754,3.80747,;664.667754,3.85759,;664.667754,3.90769,;664.667754,3.9578,;664.667754,4.00792,;664.667754,4.05803,;664.667754,4.10812,;664.667754,4.15821,;664.667754,4.20831,;664.667754,4.2584,;664.667754,4.30848,;646.437316,4.35856,;646.437316,4.40865,;646.437316,4.45873,;646.437316,4.50881,;646.437316,4.55891,;646.437316,4.609,;646.437316,4.65909,;646.437316,4.70921,;646.437316,4.75931,;646.437316,4.80942,;646.437316,4.8595,;646.437316,4.90962,;646.437316,4.95972,;637.619956,5.00983,;637.619956,5.05994,;637.619956,5.11007,;637.619956,5.1602,;637.619956,5.21031,;637.619956,5.26043,;637.619956,5.31066,;637.619956,5.36075,;637.619956,5.41083,;637.619956,5.46092,;637.619956,5.51101,;637.619956,5.5611,;633.931162,5.61117,;633.931162,5.66124,;633.931162,5.71135,;633.931162,5.76147,;633.931162,5.8116,;633.931162,5.86172,;633.931162,5.91184,;633.931162,5.96196,;633.931162,6.01208,;629.448687,6.0622,;629.448687,6.11229,;629.448687,6.16238,;629.448687,6.21246,;629.448687,6.2625,;629.448687,6.31262,;629.448687,6.3627,;629.448687,6.41279,;629.448687,6.46291,;629.448687,6.51303,;629.448687,6.56314,;629.448687,6.61323,;629.448687,6.66335,;629.448687,6.71347,;629.448687,6.76355,;629.448687,6.81364,;629.448687,6.86376,;629.448687,6.91388,;629.448687,6.96399,;629.448687,7.01408,;629.448687,7.06416,;629.448687,7.11427,;623.484783,7.16436,;619.006711,7.21451,;619.006711,7.26463,;619.006711,7.31472,;619.006711,7.36484,;619.006711,7.41493,;619.006711,7.46505,;375.977765,7.51514,;375.977765,7.56525,;375.977765,7.61534,;375.977765,7.66543,;375.977765,7.71552,;375.977765,7.7656,;375.977765,7.81569,;375.977765,7.86577,;375.977765,7.91586,;375.977765,7.96599,;375.977765,8.01608,;373.483624,8.06617,;373.483624,8.11628,;373.483624,8.16637,;373.483624,8.21647,;373.483624,8.26656,;373.483624,8.31664,;373.483624,8.36673,;373.483624,8.41682,;373.483624,8.46691,;373.483624,8.51699,;373.483624,8.56708,;373.483624,8.61717,;373.483624,8.66725,;373.483624,8.71734,;373.483624,8.76743,;373.483624,8.81752,;373.483624,8.8676,;373.483624,8.9177,;373.483624,8.96779,;373.483624,9.01788,;373.483624,9.06797,;373.483624,9.11805,;373.483624,9.16814,;373.483624,9.21823,;373.483624,9.26832,;373.483624,9.31841,;373.483624,9.36851,;373.483624,9.41859,;373.483624,9.46868,;373.483624,9.51876,;373.483624,9.56885,;373.483624,9.61893,;371.886853,9.66902,;371.886853,9.71911,;371.886853,9.76919,;371.886853,9.81927,;371.886853,9.86936,;357.950865,9.91944,;357.950865,9.96952,;357.950865,10.0196,;357.950865,10.0697,;
inf,0.050076,;648.323732,0.100177,;648.323732,0.150264,;648.323732,0.200384,;648.323732,0.250461,;648.323732,0.30057,;648.323732,0.350685,;648.323732,0.400773,;648.323732,0.450901,;648.323732,0.501004,;631.421051,0.551129,;631.421051,0.601212,;631.421051,0.65131,;631.421051,0.701391,;631.421051,0.751505,;631.421051,0.801588,;631.421051,0.851715,;631.421051,0.901806,;631.421051,0.95192,;631.421051,1.00203,;631.421051,1.05212,;604.486819,1.1022,;604.486819,1.15228,;604.486819,1.2024,;604.486819,1.25248,;604.486819,1.30259,;604.486819,1.35268,;602.426486,1.40283,;602.426486,1.45295,;602.426486,1.50307,;602.426486,1.55315,;602.426486,1.60326,;602.426486,1.65334,;602.426486,1.70344,;602.426486,1.75352,;602.426486,1.80364,;602.426486,1.85373,;602.426486,1.90382,;570.358445,1.95392,;570.358445,2.00403,;570.358445,2.05427,;570.358445,2.10434,;570.358445,2.15442,;570.358445,2.20449,;570.358445,2.25456,;570.358445,2.30465,;570.358445,2.35475,;570.358445,2.40483,;509.693654,2.45493,;509.693654,2.50503,;509.693654,2.55512,;488.935409,2.60519,;488.935409,2.65533,;488.935409,2.70542,;488.935409,2.75553,;488.935409,2.80562,;488.935409,2.85572,;488.935409,2.9058,;488.935409,2.95588,;488.935409,3.00597,;488.935409,3.05607,;488.935409,3.10615,;488.935409,3.15624,;488.935409,3.20634,;488.935409,3.25644,;488.935409,3.30653,;488.935409,3.35662,;488.935409,3.40674,;488.935409,3.45686,;488.935409,3.50698,;488.935409,3.55706,;488.935409,3.60717,;488.935409,3.65726,;488.935409,3.70738,;488.935409,3.75747,;488.935409,3.80756,;488.935409,3.85766,;488.935409,3.90778,;488.935409,3.95787,;488.935409,4.00799,;488.935409,4.05809,;437.020203,4.1082,;437.020203,4.15829,;437.020203,4.20842,;437.020203,4.25853,;437.020203,4.30862,;437.020203,4.35871,;437.020203,4.40883,;437.020203,4.45892,;437.020203,4.50902,;437.020203,4.55914,;437.020203,4.60922,;437.020203,4.65935,;437.020203,4.70944,;437.020203,4.75956,;437.020203,4.80965,;437.020203,4.85973,;437.020203,4.90981,;437.020203,4.95988,;437.020203,5.00998,;437.020203,5.06007,;437.020203,5.11018,;437.020203,5.16026,;436.836911,5.21035,;436.836911,5.26044,;436.836911,5.31056,;436.836911,5.36065,;436.836911,5.41077,;436.836911,5.46086,;436.836911,5.51098,;436.836911,5.56107,;436.836911,5.61116,;436.836911,5.66124,;436.836911,5.71136,;436.836911,5.76144,;436.836911,5.81154,;436.836911,5.86163,;436.836911,5.9117,;436.836911,5.9618,;436.836911,6.01188,;436.836911,6.06197,;436.836911,6.11206,;436.836911,6.16214,;436.836911,6.21227,;436.836911,6.26235,;436.836911,6.31244,;436.836911,6.36254,;436.836911,6.41263,;436.836911,6.46272,;436.836911,6.5128,;436.836911,6.56289,;436.836911,6.61298,;436.836911,6.66309,;436.836911,6.71316,;436.836911,6.76325,;436.836911,6.81333,;436.836911,6.86342,;436.836911,6.91352,;436.836911,6.96364,;436.836911,7.01371,;436.836911,7.0638,;436.836911,7.1139,;436.836911,7.16402,;436.836911,7.21413,;436.836911,7.26422,;436.836911,7.31431,;436.836911,7.36443,;436.836911,7.41455,;436.836911,7.46467,;436.836911,7.51476,;436.836911,7.56484,;436.836911,7.61498,;436.836911,7.6651,;436.836911,7.71522,;436.836911,7.76529,;436.836911,7.81541,;436.836911,7.8655,;436.836911,7.91564,;436.836911,7.96572,;436.836911,8.01583,;436.836911,8.06592,;436.836911,8.11604,;436.836911,8.16614,;436.836911,8.21623,;436.836911,8.26633,;436.836911,8.31647,;436.836911,8.36659,;436.836911,8.41671,;436.836911,8.46682,;436.836911,8.51693,;436.836911,8.56703,;419.896939,8.61715,;419.896939,8.66724,;419.896939,8.71732,;419.896939,8.76742,;419.896939,8.81752,;419.896939,8.8676,;419.896939,8.9177,;419.896939,8.96778,;419.896939,9.01787,;419.896939,9.06799,;389.999219,9.1181,;389.999219,9.16822,;389.999219,9.21834,;389.999219,9.26845,;389.999219,9.31858,;389.999219,9.3687,;389.999219,9.41878,;389.999219,9.46889,;389.999219,9.51901,;389.999219,9.56911,;389.999219,9.61919,;389.999219,9.66927,;389.999219,9.71936,;389.999219,9.76945,;389.999219,9.81954,;389.999219,9.86964,;389.999219,9.91974,;389.999219,9.97044,;389.999219,10.0206,;
inf,0.0500948,;495.981383,0.100189,;495.981383,0.150296,;495.981383,0.200409,;495.981383,0.250551,;495.981383,0.300658,;495.981383,0.350774,;495.981383,0.40089,;495.981383,0.451007,;495.981383,0.501119,;495.981383,0.551228,;495.981383,0.601302,;495.981383,0.651422,;495.981383,0.701514,;495.981383,0.751594,;495.981383,0.801682,;495.981383,0.851773,;495.981383,0.901862,;495.981383,0.951975,;495.981383,1.00206,;495.981383,1.05218,;495.981383,1.10227,;495.981383,1.15235,;495.981383,1.20245,;495.981383,1.25253,;495.981383,1.3026,;495.981383,1.35271,;495.981383,1.40279,;495.981383,1.45288,;495.475678,1.50296,;495.475678,1.55305,;495.475678,1.60314,;495.475678,1.65322,;495.475678,1.70331,;495.475678,1.75338,;495.475678,1.80348,;482.200399,1.85356,;482.200399,1.90368,;482.200399,1.95377,;461.127882,2.00389,;461.127882,2.05397,;461.127882,2.10408,;461.127882,2.15417,;461.127882,2.20429,;461.127882,2.25437,;461.127882,2.30448,;461.127882,2.35458,;461.127882,2.40469,;461.127882,2.45476,;461.127882,2.50485,;461.127882,2.55497,;461.127882,2.60508,;461.127882,2.65516,;461.127882,2.70524,;461.127882,2.75535,;461.127882,2.80543,;461.127882,2.8555,;461.127882,2.90559,;461.127882,2.95571,;461.127882,3.0058,;461.127882,3.05591,;461.127882,3.10599,;461.127882,3.15606,;461.127882,3.20613,;461.127882,3.25622,;461.127882,3.30626,;461.127882,3.35641,;461.127882,3.40653,;461.127882,3.45664,;461.127882,3.50673,;461.127882,3.55681,;461.127882,3.60692,;461.127882,3.657,;461.127882,3.70709,;461.127882,3.75723,;461.127882,3.80734,;461.127882,3.85742,;436.156663,3.90749,;436.156663,3.95758,;436.156663,4.0077,;436.156663,4.05779,;436.156663,4.10787,;436.156663,4.15795,;414.216806,4.20807,;414.216806,4.25817,;414.216806,4.30826,;414.216806,4.35835,;414.216806,4.40844,;414.216806,4.45851,;414.216806,4.50859,;414.216806,4.55871,;409.690495,4.60882,;409.690495,4.65891,;409.690495,4.70899,;409.690495,4.75911,;409.690495,4.80922,;409.690495,4.85931,;409.690495,4.90939,;409.690495,4.95952,;409.690495,5.0096,;409.690495,5.05967,;409.690495,5.10976,;409.690495,5.15989,;409.690495,5.20999,;409.690495,5.26008,;409.690495,5.31016,;409.690495,5.36028,;409.690495,5.41035,;409.690495,5.46044,;409.690495,5.51054,;409.690495,5.56067,;409.690495,5.61075,;409.690495,5.66085,;409.690495,5.71094,;409.690495,5.76106,;409.690495,5.81117,;409.690495,5.86124,;409.690495,5.91133,;409.690495,5.96141,;409.690495,6.01149,;409.690495,6.06158,;409.690495,6.1117,;409.690495,6.16178,;409.690495,6.21189,;409.283155,6.26202,;409.283155,6.3121,;409.283155,6.36218,;409.283155,6.41231,;409.283155,6.46241,;409.283155,6.51254,;401.238278,6.56266,;401.238278,6.61278,;401.238278,6.66287,;401.238278,6.71296,;401.238278,6.76308,;398.664865,6.81322,;398.664865,6.8633,;398.664865,6.91338,;398.664865,6.9635,;398.664865,7.0136,;398.664865,7.06369,;398.664865,7.11379,;398.664865,7.16388,;398.664865,7.21398,;398.664865,7.26407,;398.664865,7.31417,;398.664865,7.36429,;398.664865,7.4144,;398.664865,7.46449,;398.664865,7.51458,;398.664865,7.5647,;398.664865,7.61479,;396.945553,7.66488,;396.945553,7.71495,;396.945553,7.76504,;396.945553,7.81517,;396.945553,7.86522,;396.945553,7.91533,;387.963050,7.96541,;387.963050,8.01554,;387.963050,8.0656,;387.963050,8.1157,;387.963050,8.16579,;387.963050,8.21589,;387.963050,8.266,;387.963050,8.31608,;387.963050,8.36619,;387.963050,8.41631,;387.963050,8.46639,;387.963050,8.5165,;387.963050,8.56662,;387.963050,8.61673,;387.963050,8.66683,;387.963050,8.71694,;387.963050,8.76703,;387.963050,8.81715,;387.963050,8.86724,;387.963050,8.91733,;387.963050,8.96742,;387.963050,9.01751,;387.963050,9.06764,;387.963050,9.11773,;387.963050,9.16782,;387.963050,9.21792,;387.963050,9.26807,;387.963050,9.31818,;387.963050,9.3683,;387.963050,9.41839,;387.963050,9.46848,;387.963050,9.51857,;387.963050,9.56869,;387.963050,9.61881,;387.963050,9.66893,;387.963050,9.71905,;387.963050,9.76913,;387.963050,9.81924,;387.963050,9.86932,;387.963050,9.91941,;387.963050,9.96949,;
inf,0.050057,;inf,0.100136,;844.003140,0.150214,;844.003140,0.2003,;844.003140,0.250389,;844.003140,0.300485,;844.003140,0.350574,;844.003140,0.400664,;844.003140,0.45075,;844.003140,0.500838,;844.003140,0.550923,;844.003140,0.601007,;844.003140,0.651092,;844.003140,0.701179,;844.003140,0.751265,;844.003140,0.801351,;844.003140,0.85144,;741.227275,0.901529,;741.227275,0.951607,;741.227275,1.00169,;741.227275,1.05177,;741.227275,1.10185,;716.342304,1.15193,;716.342304,1.20201,;716.342304,1.25209,;716.342304,1.30217,;656.605055,1.35224,;656.605055,1.40232,;656.605055,1.4524,;656.605055,1.50248,;656.605055,1.55256,;656.605055,1.60265,;656.605055,1.65278,;656.605055,1.70289,;656.605055,1.753,;656.605055,1.80309,;656.605055,1.85318,;656.605055,1.9033,;656.605055,1.95338,;656.605055,2.00345,;656.605055,2.05352,;656.605055,2.1036,;656.605055,2.15367,;656.605055,2.20378,;656.605055,2.25389,;656.605055,2.30398,;656.605055,2.35406,;656.605055,2.40413,;656.605055,2.4542,;656.605055,2.50429,;656.605055,2.55438,;656.605055,2.60446,;656.605055,2.65456,;656.605055,2.70464,;656.605055,2.75473,;656.605055,2.80482,;656.605055,2.85489,;656.605055,2.90498,;656.605055,2.95506,;656.605055,3.00513,;656.605055,3.05521,;656.605055,3.1053,;656.605055,3.15541,;656.605055,3.2055,;656.605055,3.25559,;656.605055,3.30569,;656.605055,3.35578,;656.605055,3.40587,;656.605055,3.45595,;656.605055,3.50603,;656.605055,3.55613,;656.605055,3.60622,;656.605055,3.65633,;656.605055,3.70641,;656.605055,3.7565,;656.605055,3.80659,;656.605055,3.85668,;656.605055,3.90676,;656.605055,3.95685,;656.605055,4.00694,;656.605055,4.05703,;656.605055,4.10711,;656.605055,4.1572,;656.605055,4.20729,;656.605055,4.25738,;656.605055,4.3075,;656.605055,4.35762,;656.605055,4.40773,;656.605055,4.45786,;656.605055,4.50795,;656.605055,4.55803,;656.605055,4.60814,;656.605055,4.65822,;656.605055,4.70833,;656.605055,4.75841,;656.605055,4.80851,;656.605055,4.8586,;656.605055,4.90869,;656.605055,4.95878,;656.605055,5.00887,;656.605055,5.05896,;531.820257,5.10905,;531.820257,5.15913,;531.820257,5.20922,;531.820257,5.2593,;531.820257,5.3094,;531.820257,5.35949,;531.820257,5.40957,;474.182968,5.45966,;474.182968,5.50975,;474.182968,5.55984,;474.182968,5.60993,;474.182968,5.66001,;474.182968,5.71008,;474.182968,5.76016,;474.182968,5.81025,;474.182968,5.86032,;474.182968,5.9104,;474.182968,5.96047,;457.052929,6.01054,;457.052929,6.06061,;457.052929,6.11068,;457.052929,6.16075,;456.751210,6.21082,;456.751210,6.2609,;456.751210,6.31097,;456.751210,6.36105,;456.751210,6.41113,;456.751210,6.46123,;456.751210,6.51133,;456.751210,6.56142,;456.751210,6.61151,;456.751210,6.6616,;456.751210,6.71169,;456.751210,6.76182,;456.751210,6.8119,;456.751210,6.86198,;456.751210,6.91206,;422.157574,6.96214,;422.157574,7.01221,;422.157574,7.0623,;422.157574,7.11241,;422.157574,7.16249,;422.157574,7.21259,;422.157574,7.26269,;422.157574,7.31281,;422.157574,7.3629,;422.157574,7.41302,;422.157574,7.46313,;422.157574,7.51321,;422.157574,7.56332,;422.157574,7.61344,;422.157574,7.66352,;422.157574,7.7136,;422.157574,7.76371,;422.157574,7.81383,;422.157574,7.86395,;422.157574,7.91402,;422.157574,7.96413,;421.570747,8.01422,;421.570747,8.06431,;421.570747,8.11441,;421.570747,8.16451,;421.570747,8.2146,;421.570747,8.26472,;421.570747,8.31481,;421.570747,8.36494,;421.570747,8.41504,;421.570747,8.46515,;421.570747,8.51525,;421.570747,8.56537,;421.570747,8.61545,;421.570747,8.66556,;394.528864,8.71566,;394.528864,8.76578,;394.528864,8.8159,;394.528864,8.86597,;394.528864,8.9161,;394.528864,8.96624,;394.528864,9.01632,;394.528864,9.06643,;394.528864,9.11654,;394.528864,9.16665,;394.528864,9.21674,;394.528864,9.26684,;394.528864,9.31696,;394.528864,9.36708,;390.891643,9.41719,;390.891643,9.46731,;386.761713,9.51743,;386.761713,9.5675,;386.761713,9.61758,;386.761713,9.66766,;386.761713,9.71776,;386.761713,9.76789,;386.761713,9.81794,;386.761713,9.86806,;386.761713,9.91813,;386.761713,9.96822,;386.761713,10.0183,;
inf,0.0500563,;inf,0.100137,;inf,0.150225,;601.566067,0.200317,;601.566067,0.250413,;601.566067,0.300495,;589.318036,0.350611,;589.318036,0.400732,;589.318036,0.450847,;589.318036,0.500971,;589.318036,0.551084,;589.318036,0.601164,;589.318036,0.651296,;589.318036,0.70142,;589.318036,0.751537,;586.784878,0.801655,;577.847115,0.85177,;577.847115,0.901883,;575.073950,0.952002,;575.073950,1.00212,;575.073950,1.05224,;575.073950,1.10236,;575.073950,1.15246,;574.497428,1.20258,;571.773353,1.25271,;571.773353,1.30284,;571.773353,1.35296,;571.773353,1.40308,;563.127129,1.45321,;563.127129,1.50333,;563.127129,1.55345,;563.127129,1.60357,;563.127129,1.65367,;563.127129,1.70379,;563.127129,1.7539,;563.127129,1.80401,;563.127129,1.85408,;558.093383,1.9042,;558.093383,1.95429,;558.093383,2.0044,;558.093383,2.05451,;558.093383,2.10462,;554.465263,2.1547,;554.465263,2.20479,;554.465263,2.25488,;554.465263,2.30498,;554.465263,2.35509,;489.580710,2.40517,;489.580710,2.45525,;489.580710,2.50536,;489.580710,2.55543,;489.580710,2.60556,;489.580710,2.65568,;489.580710,2.70579,;489.580710,2.75586,;489.580710,2.80594,;489.580710,2.85602,;489.580710,2.9061,;489.580710,2.95622,;487.045285,3.0063,;487.045285,3.05641,;487.045285,3.10649,;487.045285,3.1566,;487.045285,3.20672,;487.045285,3.25683,;487.045285,3.30691,;487.045285,3.35698,;487.045285,3.40707,;472.686057,3.45715,;472.686057,3.50727,;472.686057,3.55736,;472.686057,3.60745,;472.686057,3.65755,;472.686057,3.70767,;472.686057,3.75776,;472.686057,3.80789,;472.686057,3.85797,;459.834177,3.90806,;459.834177,3.95816,;459.834177,4.00828,;459.834177,4.05835,;459.834177,4.10843,;459.834177,4.15852,;459.834177,4.20865,;459.834177,4.25877,;459.834177,4.30885,;459.834177,4.35892,;459.834177,4.40898,;459.834177,4.4591,;459.834177,4.50918,;459.834177,4.55926,;459.834177,4.60935,;459.834177,4.65945,;459.834177,4.70954,;459.834177,4.75966,;459.834177,4.80975,;459.834177,4.85987,;459.834177,4.90999,;459.834177,4.96006,;459.834177,5.01013,;453.081912,5.06021,;453.081912,5.11028,;453.081912,5.16037,;453.081912,5.21045,;349.790552,5.26053,;349.790552,5.31066,;349.790552,5.36078,;349.790552,5.4109,;349.790552,5.46098,;349.790552,5.51106,;343.565022,5.56118,;343.565022,5.6113,;343.565022,5.66138,;343.565022,5.71149,;343.565022,5.76158,;343.565022,5.8117,;343.565022,5.86179,;343.565022,5.91188,;343.565022,5.96198,;343.565022,6.0121,;343.565022,6.06221,;343.565022,6.1123,;343.565022,6.16242,;343.565022,6.21254,;343.565022,6.26268,;343.565022,6.3128,;343.565022,6.36288,;343.565022,6.41298,;343.565022,6.46311,;343.565022,6.51319,;343.565022,6.56331,;343.565022,6.6134,;343.565022,6.66349,;343.565022,6.71358,;343.565022,6.76366,;343.565022,6.81374,;343.565022,6.86382,;343.565022,6.91391,;343.565022,6.964,;343.565022,7.01409,;343.565022,7.06417,;343.565022,7.11425,;340.865586,7.16435,;340.865586,7.21444,;340.865586,7.26452,;340.865586,7.31465,;340.865586,7.36474,;340.865586,7.41486,;340.865586,7.46493,;340.865586,7.51505,;340.865586,7.56513,;340.865586,7.61521,;340.865586,7.66529,;340.865586,7.7154,;340.865586,7.76548,;340.865586,7.81562,;340.865586,7.86571,;340.865586,7.91583,;340.865586,7.96593,;340.865586,8.01605,;340.865586,8.06614,;340.865586,8.11623,;340.865586,8.16633,;340.865586,8.21645,;340.865586,8.26657,;340.865586,8.31666,;340.865586,8.36675,;340.865586,8.41687,;340.865586,8.46698,;340.865586,8.51706,;340.865586,8.56715,;340.865586,8.61723,;340.865586,8.66735,;340.865586,8.71744,;340.865586,8.76756,;340.865586,8.81765,;340.865586,8.86773,;340.865586,8.91782,;340.865586,8.96794,;340.865586,9.01803,;340.865586,9.06814,;340.865586,9.11825,;340.865586,9.16833,;340.865586,9.21843,;340.865586,9.26856,;340.865586,9.31867,;340.865586,9.36876,;340.865586,9.41885,;340.865586,9.46895,;340.865586,9.51907,;340.865586,9.56915,;340.865586,9.61922,;340.865586,9.66932,;340.865586,9.71944,;340.865586,9.76954,;340.865586,9.81966,;340.865586,9.86977,;340.865586,9.91989,;340.865586,9.97,;
inf,0.0500734,;582.916837,0.100197,;582.916837,0.150289,;582.916837,0.200378,;582.916837,0.250489,;573.921597,0.300581,;573.921597,0.350667,;573.921597,0.400745,;573.921597,0.450834,;573.921597,0.500966,;573.921597,0.551055,;573.921597,0.601142,;573.921597,0.651265,;573.921597,0.701355,;573.921597,0.75143,;573.921597,0.801518,;573.921597,0.851605,;539.477710,0.901699,;539.477710,0.951789,;539.477710,1.00191,;539.477710,1.052,;539.477710,1.10208,;539.477710,1.15219,;539.477710,1.20229,;539.477710,1.25237,;539.477710,1.3025,;539.477710,1.35259,;539.477710,1.4027,;539.477710,1.45277,;534.707880,1.50288,;534.707880,1.55297,;534.707880,1.60306,;534.707880,1.65314,;523.662334,1.70323,;523.662334,1.75332,;510.844600,1.80341,;510.844600,1.85354,;510.844600,1.90363,;510.844600,1.95371,;510.844600,2.00378,;510.844600,2.05387,;510.844600,2.10395,;510.844600,2.15404,;510.844600,2.20412,;510.844600,2.2542,;510.844600,2.30424,;510.844600,2.35432,;510.844600,2.4044,;510.844600,2.45447,;495.572589,2.50455,;495.032151,2.55464,;495.032151,2.60473,;495.032151,2.65482,;495.032151,2.70492,;495.032151,2.75504,;495.032151,2.80512,;495.032151,2.85521,;495.032151,2.9053,;495.032151,2.95539,;495.032151,3.00548,;495.032151,3.0556,;495.032151,3.10568,;495.032151,3.1558,;495.032151,3.20589,;491.440215,3.25597,;491.440215,3.30606,;491.440215,3.35618,;491.440215,3.40627,;491.440215,3.45634,;485.845531,3.50643,;485.845531,3.55651,;485.845531,3.60659,;485.845531,3.65669,;485.845531,3.70676,;485.845531,3.75684,;485.845531,3.80691,;485.845531,3.857,;485.845531,3.90708,;485.845531,3.95715,;485.845531,4.00723,;485.845531,4.05735,;485.845531,4.10742,;478.251693,4.15749,;478.251693,4.20759,;478.251693,4.25768,;478.251693,4.30777,;478.251693,4.35786,;478.251693,4.40795,;478.251693,4.45803,;478.251693,4.50811,;422.297863,4.55819,;422.297863,4.60824,;422.297863,4.65834,;422.297863,4.70841,;422.297863,4.75853,;422.297863,4.80862,;422.297863,4.85871,;422.297863,4.9088,;422.297863,4.95889,;422.297863,5.00898,;422.297863,5.05909,;422.297863,5.10919,;422.297863,5.15927,;422.297863,5.20935,;422.297863,5.25944,;422.297863,5.30956,;422.297863,5.35967,;422.297863,5.40978,;422.297863,5.45991,;422.297863,5.50999,;422.297863,5.56008,;422.297863,5.61019,;422.297863,5.66026,;422.297863,5.71037,;422.297863,5.76045,;422.297863,5.81053,;422.297863,5.86065,;422.297863,5.91076,;422.297863,5.96087,;422.297863,6.01098,;422.297863,6.06107,;422.297863,6.11119,;422.297863,6.1613,;422.297863,6.21141,;422.297863,6.26151,;422.297863,6.31163,;422.297863,6.36174,;422.297863,6.41186,;422.297863,6.46195,;422.297863,6.51204,;422.297863,6.56212,;422.297863,6.61224,;422.297863,6.66231,;422.297863,6.71239,;422.297863,6.76248,;422.297863,6.81256,;422.297863,6.86264,;422.297863,6.91271,;422.297863,6.96279,;422.297863,7.01289,;422.297863,7.06298,;422.297863,7.11308,;422.297863,7.16316,;422.297863,7.21324,;422.297863,7.26336,;422.297863,7.31343,;422.297863,7.36354,;422.297863,7.41362,;422.297863,7.46373,;422.297863,7.51381,;422.297863,7.5639,;418.120380,7.61402,;418.120380,7.6641,;418.120380,7.71423,;418.120380,7.76434,;415.262622,7.81445,;415.262622,7.86453,;415.262622,7.91462,;415.262622,7.96471,;415.262622,8.01482,;415.262622,8.0649,;415.262622,8.11497,;415.262622,8.16506,;415.262622,8.21515,;415.262622,8.26523,;415.262622,8.31532,;415.262622,8.36541,;415.262622,8.41552,;415.262622,8.46561,;415.262622,8.5157,;415.262622,8.56578,;415.262622,8.61587,;415.262622,8.66595,;415.262622,8.71606,;415.262622,8.76613,;415.262622,8.81624,;415.262622,8.86636,;415.262622,8.91643,;415.262622,8.96651,;413.862064,9.01659,;413.862064,9.06668,;413.862064,9.1168,;413.862064,9.16688,;413.862064,9.21696,;413.862064,9.26705,;413.862064,9.31713,;413.862064,9.36722,;413.862064,9.4173,;413.862064,9.46739,;413.862064,9.51747,;413.862064,9.56755,;413.862064,9.61765,;413.862064,9.66773,;413.862064,9.71781,;413.862064,9.76789,;413.862064,9.81797,;413.862064,9.86805,;413.862064,9.91813,;413.862064,9.96822,;413.862064,10.0183,;
inf,0.0500608,;inf,0.10014,;inf,0.150256,;823.252669,0.200333,;669.472491,0.25042,;669.472491,0.30051,;669.472491,0.350625,;669.472491,0.400713,;669.472491,0.450807,;669.472491,0.500901,;669.472491,0.550986,;669.472491,0.601099,;669.472491,0.651181,;669.472491,0.701268,;669.472491,0.751358,;669.472491,0.801462,;669.472491,0.851556,;669.472491,0.90164,;669.472491,0.951743,;669.472491,1.0018,;628.083974,1.0519,;628.083974,1.102,;628.083974,1.15208,;628.083974,1.20217,;628.083974,1.25229,;628.083974,1.30239,;628.083974,1.35248,;628.083974,1.40258,;628.083974,1.45268,;628.083974,1.50277,;628.083974,1.55287,;628.083974,1.60296,;584.387733,1.65305,;584.387733,1.70314,;584.387733,1.75323,;584.387733,1.80332,;584.387733,1.8534,;584.387733,1.90347,;584.387733,1.95359,;584.387733,2.00367,;584.387733,2.05379,;584.387733,2.10391,;584.387733,2.15402,;584.387733,2.20409,;584.387733,2.25418,;584.387733,2.30427,;584.387733,2.35439,;584.387733,2.40448,;584.387733,2.45459,;584.387733,2.50468,;584.387733,2.5548,;584.387733,2.60487,;584.387733,2.65496,;584.387733,2.70504,;584.387733,2.75514,;579.934100,2.80523,;579.934100,2.85535,;579.934100,2.90542,;579.934100,2.9555,;579.934100,3.00559,;579.934100,3.05569,;579.934100,3.10578,;579.934100,3.1559,;579.934100,3.20599,;579.934100,3.25612,;579.934100,3.30623,;579.934100,3.35631,;579.934100,3.4064,;579.934100,3.45648,;579.934100,3.50656,;579.934100,3.55663,;579.934100,3.60676,;579.934100,3.65684,;579.934100,3.70693,;579.934100,3.75702,;579.934100,3.8071,;579.934100,3.85719,;579.934100,3.90736,;578.353917,3.95746,;578.353917,4.00755,;578.353917,4.05764,;578.353917,4.10774,;578.353917,4.15783,;578.353917,4.20792,;578.353917,4.25802,;578.353917,4.3081,;578.353917,4.35818,;578.353917,4.40827,;578.353917,4.45836,;578.353917,4.50846,;578.353917,4.55855,;578.353917,4.60864,;578.353917,4.65872,;578.353917,4.70882,;578.353917,4.75891,;578.353917,4.80904,;578.353917,4.85913,;578.353917,4.90923,;578.353917,4.95931,;578.353917,5.0094,;543.289648,5.0595,;543.289648,5.10959,;543.289648,5.15969,;543.289648,5.20979,;543.289648,5.25989,;543.289648,5.30997,;543.289648,5.36004,;543.289648,5.41015,;543.289648,5.46023,;543.289648,5.51033,;543.289648,5.56043,;543.289648,5.61053,;543.289648,5.66061,;543.289648,5.71069,;543.289648,5.76076,;543.289648,5.81085,;543.289648,5.86095,;543.289648,5.91107,;543.289648,5.96116,;543.289648,6.01125,;543.289648,6.06135,;543.289648,6.11145,;543.289648,6.16153,;543.289648,6.21162,;543.289648,6.26171,;543.289648,6.3118,;543.289648,6.3619,;543.289648,6.41202,;543.289648,6.4621,;543.289648,6.51218,;543.289648,6.56228,;543.289648,6.61236,;543.289648,6.66246,;543.289648,6.71254,;543.289648,6.76262,;543.289648,6.81272,;543.289648,6.86284,;543.289648,6.91293,;543.289648,6.96302,;543.289648,7.01312,;543.289648,7.06322,;543.289648,7.11331,;543.289648,7.1634,;543.289648,7.2135,;543.289648,7.26362,;543.289648,7.31375,;543.289648,7.36385,;543.289648,7.41397,;543.289648,7.4641,;543.289648,7.51419,;543.289648,7.56428,;543.289648,7.6144,;543.289648,7.66448,;543.289648,7.71457,;543.289648,7.76466,;543.289648,7.81478,;543.289648,7.86488,;543.289648,7.91498,;543.289648,7.96506,;543.289648,8.01514,;543.289648,8.06523,;543.289648,8.11532,;543.289648,8.16541,;543.289648,8.21552,;543.289648,8.26561,;543.289648,8.3157,;543.289648,8.3658,;543.289648,8.41592,;543.289648,8.46601,;543.289648,8.51613,;543.289648,8.56623,;543.289648,8.61632,;543.289648,8.66644,;543.289648,8.71654,;543.289648,8.76663,;543.289648,8.81672,;543.289648,8.86684,;543.289648,8.91692,;543.289648,8.96701,;543.289648,9.01709,;543.289648,9.06721,;543.289648,9.11729,;543.289648,9.16739,;543.289648,9.21748,;543.289648,9.26759,;543.289648,9.31766,;543.289648,9.36778,;543.289648,9.41786,;543.289648,9.46794,;543.289648,9.51803,;543.289648,9.56813,;438.966688,9.61824,;438.966688,9.66831,;438.966688,9.71839,;438.966688,9.76848,;438.966688,9.81857,;438.966688,9.86866,;438.966688,9.91875,;438.162306,9.96884,;438.162306,10.0189,;434.606504,10.069,;
inf,0.0500994,;inf,0.100173,;inf,0.150253,;782.019754,0.200339,;768.892158,0.25042,;768.892158,0.300503,;768.892158,0.350596,;741.975779,0.400696,;741.975779,0.45078,;741.975779,0.500867,;741.975779,0.55096,;741.975779,0.601038,;741.975779,0.651114,;741.975779,0.701195,;735.497207,0.751277,;735.497207,0.801357,;735.497207,0.851438,;735.497207,0.901518,;735.497207,0.951599,;707.913587,1.00168,;707.913587,1.05177,;707.913587,1.10185,;707.913587,1.15193,;707.913587,1.20204,;707.913587,1.25213,;707.913587,1.30223,;707.913587,1.35229,;707.913587,1.4024,;707.913587,1.45248,;707.913587,1.5026,;707.913587,1.55267,;707.913587,1.60277,;707.913587,1.65289,;707.913587,1.70298,;707.913587,1.75312,;707.913587,1.80324,;707.913587,1.85334,;707.913587,1.90342,;707.913587,1.95351,;707.913587,2.00363,;707.913587,2.05373,;707.913587,2.10383,;707.913587,2.15392,;707.913587,2.20401,;707.913587,2.2541,;707.913587,2.30419,;707.913587,2.35428,;707.913587,2.40436,;707.913587,2.45445,;707.913587,2.50453,;707.913587,2.55462,;707.913587,2.60471,;707.913587,2.6548,;707.913587,2.70491,;707.913587,2.75503,;707.913587,2.80511,;707.913587,2.85523,;707.913587,2.90532,;707.913587,2.95542,;707.913587,3.00552,;707.913587,3.05564,;707.913587,3.10573,;707.913587,3.15584,;707.913587,3.20596,;707.913587,3.25603,;707.913587,3.30615,;707.913587,3.35624,;707.913587,3.40636,;707.913587,3.45645,;707.913587,3.50654,;707.913587,3.55664,;707.913587,3.60673,;707.913587,3.65682,;707.913587,3.70691,;707.913587,3.75701,;707.913587,3.80713,;707.913587,3.85725,;707.913587,3.90739,;707.913587,3.95751,;707.913587,4.0076,;707.913587,4.05769,;707.913587,4.1078,;707.913587,4.15788,;707.913587,4.20798,;707.913587,4.25807,;707.913587,4.30817,;707.913587,4.35831,;707.913587,4.40842,;707.913587,4.45851,;707.913587,4.50859,;707.913587,4.55872,;707.913587,4.60888,;707.913587,4.65897,;707.913587,4.70905,;707.913587,4.75913,;707.913587,4.80922,;707.913587,4.85932,;707.913587,4.90945,;707.913587,4.95954,;707.913587,5.00964,;707.913587,5.05972,;707.913587,5.10982,;707.913587,5.1599,;707.913587,5.20999,;707.913587,5.26012,;707.913587,5.3102,;707.913587,5.36028,;707.913587,5.41036,;707.913587,5.46043,;707.913587,5.51052,;707.913587,5.56061,;707.913587,5.6107,;707.913587,5.66079,;707.913587,5.71089,;707.913587,5.76099,;707.913587,5.81108,;707.913587,5.86117,;707.913587,5.91126,;707.913587,5.96136,;707.913587,6.01145,;707.913587,6.06155,;707.913587,6.11163,;707.913587,6.16172,;707.913587,6.21181,;465.474929,6.26189,;465.474929,6.31197,;465.474929,6.36207,;465.474929,6.41215,;465.474929,6.46227,;465.474929,6.51235,;465.474929,6.56247,;465.474929,6.61257,;465.474929,6.66267,;465.474929,6.71277,;465.474929,6.76286,;465.474929,6.81294,;465.474929,6.86304,;465.474929,6.91313,;465.474929,6.96322,;465.474929,7.01331,;465.474929,7.0634,;465.474929,7.11349,;408.504340,7.16361,;408.504340,7.21373,;408.504340,7.2638,;408.504340,7.3139,;408.504340,7.36399,;408.504340,7.41409,;408.504340,7.46418,;408.504340,7.51429,;408.504340,7.5644,;408.504340,7.6145,;408.504340,7.66459,;408.504340,7.71469,;408.504340,7.76481,;408.504340,7.81491,;408.504340,7.865,;408.504340,7.91512,;408.504340,7.96523,;408.504340,8.01533,;408.504340,8.06543,;408.504340,8.11554,;408.504340,8.16564,;408.504340,8.21573,;389.956011,8.26582,;389.956011,8.3159,;389.956011,8.366,;389.956011,8.41609,;389.956011,8.46619,;389.956011,8.51628,;389.956011,8.56638,;389.956011,8.61648,;389.956011,8.66661,;389.956011,8.7167,;389.956011,8.76678,;389.956011,8.81687,;389.956011,8.86697,;384.697010,8.91707,;384.697010,8.96714,;384.697010,9.01724,;384.697010,9.06733,;384.697010,9.11743,;384.697010,9.16752,;384.697010,9.21761,;384.697010,9.2677,;384.697010,9.31781,;384.697010,9.3679,;384.697010,9.41802,;384.697010,9.4681,;384.697010,9.51819,;384.697010,9.56829,;384.697010,9.61837,;384.697010,9.66846,;384.697010,9.71856,;384.697010,9.76865,;384.697010,9.81873,;384.697010,9.86882,;384.697010,9.91889,;384.697010,9.96899,;384.697010,10.0191,;384.697010,10.0692,;
inf,0.0500743,;792.251460,0.100159,;792.251460,0.150246,;792.251460,0.200346,;792.251460,0.250443,;792.251460,0.300541,;792.251460,0.350638,;792.251460,0.400737,;712.543358,0.450821,;712.543358,0.5009,;708.934622,0.551028,;708.934622,0.60112,;708.934622,0.651243,;708.934622,0.70134,;708.934622,0.751466,;708.934622,0.801551,;708.934622,0.851646,;708.934622,0.901727,;708.934622,0.951818,;708.934622,1.00191,;708.934622,1.05201,;583.889142,1.10216,;583.889142,1.15224,;583.889142,1.20232,;583.889142,1.25242,;583.889142,1.3025,;583.889142,1.35259,;560.786124,1.40268,;560.786124,1.45277,;560.786124,1.50288,;560.786124,1.55296,;557.128239,1.60304,;557.128239,1.65312,;557.128239,1.70321,;557.128239,1.75331,;557.128239,1.8034,;557.128239,1.85349,;557.128239,1.90357,;557.128239,1.95365,;557.128239,2.00373,;557.128239,2.05381,;557.128239,2.1039,;557.128239,2.15397,;557.128239,2.20406,;557.128239,2.25416,;555.860857,2.30426,;555.860857,2.35439,;555.860857,2.40452,;555.860857,2.45461,;555.860857,2.50471,;555.860857,2.55481,;555.860857,2.60489,;555.860857,2.65498,;551.108940,2.70508,;551.108940,2.75518,;551.108940,2.80528,;551.108940,2.85536,;551.108940,2.90545,;551.108940,2.95556,;551.108940,3.00564,;551.108940,3.05574,;551.108940,3.10584,;551.108940,3.15596,;551.108940,3.20607,;551.108940,3.25618,;551.108940,3.30629,;551.108940,3.35638,;551.108940,3.40647,;551.108940,3.45655,;551.108940,3.50663,;551.108940,3.55672,;551.108940,3.60685,;551.108940,3.65694,;551.108940,3.70702,;551.108940,3.75712,;551.108940,3.80722,;551.108940,3.85732,;551.108940,3.90744,;551.108940,3.95753,;551.108940,4.00764,;551.108940,4.05774,;551.108940,4.10783,;551.108940,4.15792,;551.108940,4.20801,;551.108940,4.25809,;551.108940,4.30819,;551.108940,4.35828,;551.108940,4.40838,;551.108940,4.45848,;551.108940,4.5086,;551.108940,4.55871,;551.108940,4.60881,;551.108940,4.65892,;551.108940,4.709,;551.108940,4.75912,;551.108940,4.80923,;551.108940,4.85935,;551.108940,4.90945,;551.108940,4.95957,;551.108940,5.00965,;551.108940,5.05974,;551.108940,5.10986,;551.108940,5.15997,;551.108940,5.21006,;551.108940,5.26019,;551.108940,5.31027,;551.108940,5.36037,;551.108940,5.41046,;551.108940,5.46056,;551.108940,5.51066,;551.108940,5.56077,;551.108940,5.61087,;551.108940,5.66095,;551.108940,5.71106,;551.108940,5.76115,;551.108940,5.81124,;551.108940,5.86132,;551.108940,5.91142,;551.108940,5.96151,;551.108940,6.0116,;551.108940,6.0617,;546.015475,6.11178,;546.015475,6.16186,;546.015475,6.21198,;546.015475,6.26207,;546.015475,6.31219,;546.015475,6.36229,;546.015475,6.41239,;546.015475,6.46248,;546.015475,6.51258,;546.015475,6.56268,;546.015475,6.61277,;546.015475,6.66286,;546.015475,6.71294,;546.015475,6.76305,;546.015475,6.81313,;546.015475,6.86323,;546.015475,6.91333,;546.015475,6.96341,;546.015475,7.0135,;546.015475,7.0636,;546.015475,7.1137,;546.015475,7.16382,;546.015475,7.2139,;546.015475,7.26399,;546.015475,7.31409,;546.015475,7.36419,;546.015475,7.41427,;546.015475,7.46439,;546.015475,7.51451,;546.015475,7.56459,;546.015475,7.6147,;546.015475,7.66483,;546.015475,7.71495,;546.015475,7.76506,;546.015475,7.81517,;546.015475,7.86526,;546.015475,7.91539,;546.015475,7.96548,;546.015475,8.01556,;379.893433,8.06565,;379.893433,8.11576,;379.893433,8.16586,;379.893433,8.21598,;379.893433,8.26607,;379.893433,8.31619,;379.893433,8.36628,;379.893433,8.4164,;379.893433,8.46652,;379.893433,8.5166,;379.893433,8.5667,;379.893433,8.61679,;379.893433,8.66689,;379.893433,8.71698,;379.893433,8.76706,;379.893433,8.81715,;379.893433,8.86727,;379.893433,8.91733,;379.893433,8.96743,;379.893433,9.01753,;379.893433,9.06763,;379.893433,9.11774,;379.893433,9.16787,;379.893433,9.21797,;379.893433,9.26809,;379.893433,9.31817,;379.893433,9.36825,;379.893433,9.41835,;379.893433,9.46845,;379.893433,9.51857,;379.893433,9.56865,;379.893433,9.61872,;379.893433,9.66883,;379.893433,9.71892,;372.378482,9.76901,;372.378482,9.81912,;372.378482,9.86921,;372.378482,9.91931,;372.378482,9.96941,;372.378482,10.0195,;372.378482,10.0696,;
inf,0.0500573,;inf,0.100176,;698.389303,0.150259,;635.838204,0.200384,;635.838204,0.250476,;623.285503,0.300598,;623.285503,0.350675,;618.555264,0.400751,;618.555264,0.450826,;618.555264,0.500916,;589.036798,0.550994,;578.548836,0.601069,;578.548836,0.651157,;578.548836,0.701241,;578.548836,0.75132,;578.548836,0.8014,;578.548836,0.851487,;578.548836,0.901577,;578.548836,0.951667,;578.548836,1.00177,;578.548836,1.05188,;578.548836,1.10196,;551.252538,1.15205,;551.252538,1.20214,;551.252538,1.25224,;551.252538,1.30232,;551.252538,1.35242,;551.252538,1.40251,;551.252538,1.4526,;551.252538,1.50269,;551.252538,1.55278,;551.252538,1.60291,;551.252538,1.65303,;551.252538,1.70314,;551.252538,1.75323,;551.252538,1.80331,;551.252538,1.8534,;551.252538,1.9035,;551.252538,1.95362,;551.252538,2.00373,;551.252538,2.05381,;551.252538,2.10389,;551.252538,2.15397,;551.252538,2.20406,;551.252538,2.25416,;551.252538,2.30424,;551.252538,2.35435,;551.252538,2.40445,;551.252538,2.45454,;551.252538,2.50463,;551.252538,2.55473,;551.252538,2.60483,;545.473498,2.65499,;545.473498,2.70508,;545.473498,2.75518,;545.473498,2.80528,;545.473498,2.85537,;545.473498,2.90546,;545.473498,2.95563,;545.473498,3.00572,;545.473498,3.05581,;545.473498,3.1059,;545.473498,3.15603,;545.473498,3.20613,;545.473498,3.25625,;545.473498,3.30633,;545.473498,3.35645,;545.473498,3.40655,;545.473498,3.45666,;545.473498,3.50674,;545.473498,3.55682,;545.473498,3.60692,;545.473498,3.65701,;545.473498,3.70713,;534.442002,3.75725,;534.442002,3.80734,;534.442002,3.85743,;534.442002,3.90753,;534.442002,3.95764,;534.442002,4.00773,;534.442002,4.05782,;534.442002,4.10791,;534.442002,4.158,;534.442002,4.20809,;534.442002,4.25819,;534.442002,4.30827,;534.442002,4.35836,;534.442002,4.40845,;534.442002,4.45855,;534.442002,4.50863,;534.442002,4.55872,;534.442002,4.60881,;534.442002,4.65891,;534.442002,4.70901,;534.442002,4.75911,;534.442002,4.80921,;534.442002,4.85929,;534.442002,4.90937,;534.442002,4.95946,;534.442002,5.00954,;534.442002,5.05962,;534.442002,5.10971,;534.442002,5.15983,;534.442002,5.20991,;534.442002,5.26001,;534.442002,5.3101,;534.442002,5.3602,;534.442002,5.41028,;527.837787,5.4604,;527.837787,5.51049,;527.837787,5.56062,;527.837787,5.61074,;527.837787,5.66086,;527.837787,5.71097,;527.837787,5.76109,;527.837787,5.81118,;527.837787,5.86128,;527.837787,5.91141,;527.837787,5.96149,;527.837787,6.01159,;527.837787,6.06168,;527.837787,6.11178,;527.837787,6.16188,;527.837787,6.21196,;470.468281,6.26205,;470.468281,6.31214,;459.820517,6.36223,;459.820517,6.41232,;459.820517,6.46241,;459.820517,6.5125,;459.820517,6.56263,;459.820517,6.61271,;459.820517,6.6628,;459.820517,6.71293,;459.820517,6.76301,;459.820517,6.81313,;456.574222,6.86324,;456.574222,6.91333,;456.574222,6.96343,;456.574222,7.01352,;456.574222,7.0636,;456.574222,7.11372,;456.574222,7.16383,;456.574222,7.21391,;456.574222,7.26403,;456.574222,7.31412,;456.574222,7.36424,;456.574222,7.41432,;456.574222,7.46441,;456.574222,7.5145,;456.574222,7.56459,;456.574222,7.61468,;437.448867,7.66476,;437.448867,7.71485,;437.448867,7.76493,;437.448867,7.81501,;437.448867,7.86511,;437.448867,7.9152,;437.448867,7.9653,;437.448867,8.01539,;437.448867,8.06548,;437.448867,8.11556,;437.448867,8.16568,;437.448867,8.2158,;437.448867,8.26589,;437.448867,8.31598,;437.448867,8.36606,;437.448867,8.41615,;437.448867,8.46624,;437.448867,8.51636,;437.448867,8.56644,;437.448867,8.61653,;437.448867,8.66661,;437.448867,8.7167,;437.448867,8.76679,;437.448867,8.81688,;437.448867,8.86698,;425.616920,8.91707,;425.616920,8.96716,;418.026454,9.01725,;418.026454,9.06735,;418.026454,9.11744,;418.026454,9.16753,;418.026454,9.21764,;418.026454,9.26773,;417.514819,9.31781,;417.514819,9.36791,;417.514819,9.41799,;417.514819,9.46808,;417.514819,9.51817,;414.573365,9.56826,;414.573365,9.61835,;414.573365,9.66845,;414.573365,9.71853,;414.573365,9.76862,;414.573365,9.81871,;414.573365,9.8688,;414.573365,9.91889,;414.573365,9.96898,;414.573365,10.0191,;414.573365,10.0692,;
inf,0.0500701,;inf,0.100193,;inf,0.150305,;inf,0.200388,;inf,0.250481,;inf,0.300602,;inf,0.350687,;inf,0.40077,;inf,0.450849,;inf,0.500926,;inf,0.551003,;524.252908,0.601081,;524.252908,0.651168,;524.252908,0.701254,;524.252908,0.751394,;524.252908,0.801475,;511.272738,0.851561,;511.272738,0.901635,;511.272738,0.951721,;511.272738,1.00181,;475.695323,1.0519,;475.695323,1.10198,;475.695323,1.15207,;475.695323,1.20217,;467.174478,1.25228,;467.174478,1.30237,;467.174478,1.35246,;467.174478,1.40254,;467.174478,1.45263,;467.174478,1.50272,;467.174478,1.55281,;467.174478,1.60291,;467.174478,1.65299,;467.174478,1.70308,;467.174478,1.75316,;441.881308,1.80325,;441.881308,1.85336,;441.881308,1.90348,;441.881308,1.9536,;441.881308,2.00371,;441.881308,2.0538,;441.881308,2.1039,;441.881308,2.15398,;441.881308,2.20408,;441.881308,2.25416,;441.881308,2.30424,;441.881308,2.35433,;441.881308,2.40441,;441.881308,2.45449,;441.881308,2.50459,;441.881308,2.55468,;441.881308,2.60477,;441.881308,2.65486,;441.881308,2.70491,;441.881308,2.755,;441.881308,2.80513,;441.881308,2.85525,;441.881308,2.90533,;441.881308,2.95542,;441.881308,3.00552,;441.881308,3.05561,;441.881308,3.10569,;441.881308,3.15577,;441.881308,3.20585,;441.881308,3.25594,;441.881308,3.30604,;441.881308,3.35614,;441.881308,3.40622,;441.881308,3.4563,;441.881308,3.50639,;441.881308,3.5565,;441.881308,3.60659,;441.881308,3.65667,;441.881308,3.70679,;441.881308,3.75691,;441.881308,3.80701,;441.881308,3.85714,;441.881308,3.90725,;441.881308,3.95734,;441.881308,4.00742,;441.881308,4.05752,;435.915683,4.10761,;435.915683,4.15773,;435.915683,4.20783,;435.915683,4.25792,;435.915683,4.30803,;435.915683,4.35815,;435.915683,4.40828,;435.915683,4.4584,;435.915683,4.50852,;435.915683,4.55864,;435.915683,4.60871,;435.915683,4.6588,;435.915683,4.70887,;435.915683,4.75897,;435.915683,4.80906,;435.915683,4.85915,;435.915683,4.90923,;435.915683,4.95934,;435.915683,5.00945,;435.915683,5.05955,;435.915683,5.10964,;435.915683,5.15973,;435.915683,5.20981,;435.915683,5.25995,;387.695933,5.31004,;387.695933,5.36014,;387.695933,5.41022,;387.695933,5.46035,;387.695933,5.51047,;387.695933,5.56055,;387.695933,5.61066,;387.695933,5.66075,;387.695933,5.71085,;387.695933,5.76095,;387.695933,5.81104,;387.695933,5.86113,;387.695933,5.91123,;387.695933,5.96132,;387.695933,6.01141,;387.695933,6.0615,;387.695933,6.11159,;387.695933,6.16167,;387.695933,6.21175,;387.695933,6.26183,;387.695933,6.31193,;387.695933,6.36203,;387.695933,6.41213,;387.695933,6.46221,;387.695933,6.51231,;381.117452,6.56241,;381.117452,6.6125,;381.117452,6.6626,;381.117452,6.71268,;381.117452,6.76278,;381.117452,6.81288,;381.117452,6.86297,;381.117452,6.91307,;381.117452,6.96316,;381.117452,7.01326,;381.117452,7.06336,;381.117452,7.11345,;381.117452,7.16351,;381.117452,7.2136,;381.117452,7.26369,;381.117452,7.31378,;381.117452,7.36388,;381.117452,7.41397,;381.117452,7.46409,;381.117452,7.51419,;381.117452,7.56428,;381.117452,7.61437,;381.117452,7.66446,;381.117452,7.71454,;381.117452,7.76467,;381.117452,7.81476,;381.117452,7.86485,;381.117452,7.915,;381.117452,7.96508,;381.117452,8.01517,;381.117452,8.06527,;381.117452,8.11537,;381.117452,8.16545,;381.117452,8.21554,;381.117452,8.26562,;381.117452,8.31572,;381.117452,8.36581,;381.117452,8.4159,;381.117452,8.46601,;381.117452,8.51609,;381.117452,8.56619,;381.117452,8.61628,;381.117452,8.66638,;381.117452,8.71647,;381.117452,8.76655,;381.117452,8.81664,;381.117452,8.86673,;381.117452,8.91683,;381.117452,8.96693,;381.117452,9.01702,;381.117452,9.06711,;381.117452,9.1172,;381.117452,9.16731,;381.117452,9.21741,;381.117452,9.2675,;381.117452,9.31759,;381.117452,9.36768,;381.117452,9.41778,;381.117452,9.46787,;381.117452,9.51795,;381.117452,9.56805,;381.117452,9.61813,;381.117452,9.66822,;381.117452,9.71835,;381.117452,9.76844,;381.117452,9.81854,;381.117452,9.86864,;381.117452,9.91874,;381.117452,9.96882,;381.117452,10.0189,;381.117452,10.069,;
inf,0.0500596,;636.207980,0.100147,;636.207980,0.150235,;624.232903,0.200329,;624.232903,0.250425,;624.232903,0.30052,;624.232903,0.350604,;624.232903,0.40069,;624.232903,0.450784,;596.935185,0.500926,;596.935185,0.551004,;565.690908,0.601093,;565.690908,0.651222,;565.690908,0.701305,;565.690908,0.751423,;565.690908,0.801557,;565.690908,0.851675,;565.690908,0.90179,;565.690908,0.951913,;565.690908,1.002,;565.690908,1.05212,;565.690908,1.10221,;565.690908,1.1523,;565.690908,1.20239,;565.690908,1.25248,;565.690908,1.30256,;565.690908,1.35265,;565.690908,1.40274,;565.690908,1.45284,;565.690908,1.50293,;565.690908,1.55303,;565.690908,1.60313,;565.690908,1.65322,;565.690908,1.70332,;565.690908,1.75341,;565.690908,1.80351,;565.690908,1.85355,;565.690908,1.90364,;565.690908,1.95374,;565.690908,2.00383,;565.690908,2.05391,;565.690908,2.10401,;565.690908,2.1541,;565.690908,2.2042,;556.951087,2.25432,;556.951087,2.3044,;556.951087,2.35452,;556.951087,2.40462,;556.951087,2.45471,;556.951087,2.50481,;556.951087,2.55491,;556.951087,2.60501,;556.951087,2.6551,;556.951087,2.7052,;556.951087,2.7553,;556.951087,2.8054,;556.951087,2.85553,;556.951087,2.90563,;556.758941,2.95575,;556.758941,3.00582,;556.758941,3.0559,;556.758941,3.10599,;556.758941,3.15609,;556.758941,3.20618,;556.758941,3.25626,;556.758941,3.30635,;556.758941,3.35644,;556.758941,3.40653,;556.758941,3.45661,;556.758941,3.5067,;556.758941,3.5568,;556.758941,3.6069,;556.758941,3.657,;556.758941,3.70711,;556.758941,3.75723,;556.758941,3.80733,;556.758941,3.85744,;556.758941,3.90756,;556.758941,3.95765,;556.758941,4.00779,;556.758941,4.0579,;556.758941,4.10803,;556.758941,4.15815,;556.758941,4.20824,;556.758941,4.25833,;556.758941,4.30841,;556.758941,4.3585,;556.758941,4.40859,;556.758941,4.45871,;556.758941,4.5088,;550.707380,4.55892,;550.707380,4.609,;550.707380,4.65915,;550.707380,4.70925,;550.707380,4.7594,;550.707380,4.80949,;550.707380,4.85957,;550.707380,4.90966,;550.707380,4.95975,;550.707380,5.00988,;430.628325,5.05995,;430.628325,5.11006,;430.628325,5.16017,;395.772688,5.21026,;390.673071,5.26035,;390.673071,5.31048,;390.673071,5.36057,;390.673071,5.41067,;390.673071,5.46077,;385.266569,5.51087,;385.266569,5.56096,;385.266569,5.61109,;385.266569,5.66119,;385.266569,5.71131,;385.266569,5.76141,;385.266569,5.81153,;385.266569,5.86165,;385.266569,5.91178,;385.266569,5.96191,;385.266569,6.01203,;385.266569,6.06215,;385.266569,6.11227,;385.266569,6.16238,;385.266569,6.21246,;385.266569,6.26258,;385.266569,6.31268,;383.027888,6.36278,;383.027888,6.41288,;383.027888,6.463,;383.027888,6.51309,;383.027888,6.56324,;383.027888,6.61334,;383.027888,6.66342,;383.027888,6.71354,;383.027888,6.76363,;383.027888,6.81375,;383.027888,6.86384,;383.027888,6.91396,;383.027888,6.96406,;383.027888,7.01421,;383.027888,7.06429,;383.027888,7.11442,;383.027888,7.16451,;383.027888,7.2146,;383.027888,7.26469,;383.027888,7.31482,;383.027888,7.36494,;383.027888,7.41503,;383.027888,7.46516,;382.705446,7.51529,;382.705446,7.56539,;382.705446,7.6155,;382.705446,7.66558,;382.705446,7.71567,;382.705446,7.76576,;382.705446,7.81586,;382.705446,7.86595,;382.705446,7.91604,;382.705446,7.96613,;382.705446,8.01621,;382.705446,8.06637,;382.705446,8.11645,;382.705446,8.16654,;382.705446,8.21666,;382.705446,8.26675,;382.705446,8.31683,;382.705446,8.36692,;382.705446,8.41705,;382.705446,8.46714,;382.705446,8.51722,;382.705446,8.56731,;382.705446,8.61744,;382.705446,8.66756,;382.705446,8.71766,;382.705446,8.76778,;382.705446,8.8179,;382.705446,8.86802,;382.705446,8.91811,;382.705446,8.96821,;382.705446,9.01834,;382.705446,9.06842,;382.705446,9.11851,;382.705446,9.16861,;382.705446,9.2187,;382.705446,9.26879,;382.705446,9.31887,;382.705446,9.36894,;382.705446,9.41903,;382.705446,9.46914,;382.705446,9.51927,;382.705446,9.56936,;382.705446,9.61947,;382.705446,9.66961,;382.705446,9.7197,;382.705446,9.76979,;382.705446,9.81988,;382.705446,9.86998,;382.705446,9.92007,;382.705446,9.9702,;
inf,0.0500666,;inf,0.100156,;767.437597,0.150248,;767.437597,0.200371,;767.437597,0.250461,;767.437597,0.300561,;744.036078,0.35065,;744.036078,0.400737,;744.036078,0.450859,;744.036078,0.500943,;744.036078,0.551031,;744.036078,0.601116,;744.036078,0.65122,;703.767014,0.701306,;703.767014,0.751411,;703.767014,0.801581,;703.767014,0.851691,;703.767014,0.901767,;703.767014,0.951839,;703.767014,1.00193,;703.767014,1.05205,;703.767014,1.10212,;703.767014,1.15223,;703.767014,1.20231,;703.767014,1.25244,;703.767014,1.30254,;703.767014,1.35267,;703.767014,1.40278,;703.767014,1.45288,;693.953076,1.50296,;693.953076,1.55312,;693.953076,1.60324,;693.953076,1.65333,;693.953076,1.70342,;693.953076,1.75354,;693.953076,1.80361,;693.953076,1.85369,;693.953076,1.90378,;692.472521,1.95385,;692.472521,2.00395,;692.472521,2.05404,;692.472521,2.10412,;689.117263,2.15419,;689.117263,2.20426,;689.117263,2.25436,;684.679600,2.30445,;684.679600,2.35454,;684.679600,2.40462,;684.679600,2.45471,;684.679600,2.5048,;684.679600,2.55489,;684.679600,2.60497,;684.679600,2.65505,;684.679600,2.70514,;684.679600,2.75522,;684.679600,2.80535,;684.679600,2.85543,;684.679600,2.90551,;684.679600,2.9556,;684.679600,3.00568,;684.679600,3.05576,;684.679600,3.10583,;684.679600,3.1559,;684.679600,3.20598,;684.679600,3.25606,;684.679600,3.30615,;684.679600,3.35623,;684.679600,3.40631,;684.679600,3.4564,;684.679600,3.50649,;684.679600,3.55658,;684.679600,3.60667,;684.679600,3.65676,;684.679600,3.70685,;684.679600,3.75693,;684.679600,3.80701,;684.679600,3.85712,;684.679600,3.90721,;684.679600,3.95732,;684.679600,4.00744,;684.679600,4.05752,;684.679600,4.10759,;684.679600,4.15769,;684.679600,4.20781,;684.679600,4.25788,;684.679600,4.308,;684.679600,4.35808,;684.679600,4.40816,;684.679600,4.45824,;684.679600,4.50832,;684.679600,4.55842,;684.679600,4.60853,;684.679600,4.65862,;684.679600,4.70871,;684.679600,4.75878,;668.908521,4.80885,;668.908521,4.85894,;668.908521,4.90906,;668.908521,4.95917,;668.908521,5.00927,;668.908521,5.05935,;668.908521,5.10947,;668.908521,5.15958,;668.908521,5.20965,;668.908521,5.25973,;664.206892,5.3098,;664.206892,5.35992,;664.206892,5.41,;664.206892,5.46007,;664.206892,5.51017,;664.206892,5.56027,;664.206892,5.61035,;664.206892,5.66045,;653.483014,5.71054,;653.483014,5.76063,;652.784988,5.81071,;652.784988,5.86079,;652.784988,5.9109,;652.784988,5.96098,;652.784988,6.0111,;652.784988,6.06117,;652.784988,6.11126,;652.784988,6.16137,;652.784988,6.21148,;652.784988,6.26159,;652.784988,6.31166,;652.784988,6.36173,;652.784988,6.41181,;652.784988,6.46189,;652.784988,6.51199,;652.784988,6.56208,;652.784988,6.61217,;652.784988,6.66224,;652.784988,6.71232,;652.784988,6.76241,;652.784988,6.8125,;652.784988,6.86257,;652.784988,6.91265,;652.784988,6.96274,;652.784988,7.01282,;652.784988,7.06292,;652.784988,7.113,;652.784988,7.16312,;652.784988,7.21323,;652.784988,7.26334,;652.784988,7.31345,;652.784988,7.36357,;652.784988,7.41362,;652.784988,7.46375,;652.784988,7.51383,;652.784988,7.5639,;652.784988,7.61398,;652.597292,7.66409,;652.597292,7.71417,;652.597292,7.76427,;652.597292,7.81435,;652.597292,7.86444,;652.597292,7.91452,;652.597292,7.9646,;652.597292,8.01468,;652.597292,8.06478,;652.597292,8.11489,;652.597292,8.16499,;652.597292,8.21507,;652.597292,8.26515,;652.597292,8.31524,;652.597292,8.36532,;652.597292,8.41541,;652.597292,8.4655,;652.597292,8.5156,;652.597292,8.56568,;652.597292,8.61579,;652.597292,8.66587,;652.597292,8.71594,;652.597292,8.76602,;652.597292,8.8161,;652.597292,8.86619,;652.597292,8.91628,;652.597292,8.96637,;652.597292,9.01645,;652.597292,9.06653,;652.597292,9.11666,;652.597292,9.16677,;652.597292,9.21689,;652.597292,9.26697,;652.597292,9.3171,;652.597292,9.36719,;652.597292,9.41726,;652.597292,9.46738,;652.597292,9.51749,;652.597292,9.56759,;652.597292,9.61767,;652.597292,9.66775,;652.597292,9.71784,;652.597292,9.76792,;652.597292,9.818,;652.597292,9.86808,;652.597292,9.91817,;652.597292,9.96825,;
inf,0.0500666,;inf,0.100168,;inf,0.150286,;inf,0.200376,;667.676086,0.250448,;626.950000,0.300518,;626.950000,0.350589,;626.950000,0.400699,;626.950000,0.450812,;626.950000,0.500897,;626.950000,0.550979,;626.950000,0.601065,;626.950000,0.651153,;626.950000,0.701234,;626.950000,0.751305,;609.637397,0.801392,;609.637397,0.851466,;609.637397,0.901547,;609.637397,0.951627,;581.564797,1.00172,;581.564797,1.0518,;579.259411,1.10188,;579.259411,1.15197,;579.259411,1.20207,;579.259411,1.25216,;579.259411,1.30225,;579.259411,1.35232,;579.259411,1.40241,;579.259411,1.4525,;579.259411,1.50259,;579.259411,1.55266,;579.259411,1.60274,;579.259411,1.65281,;579.259411,1.70289,;579.259411,1.753,;579.259411,1.80309,;574.404466,1.85321,;574.404466,1.9033,;574.404466,1.95339,;574.404466,2.00347,;574.404466,2.05358,;574.404466,2.1037,;555.573146,2.15382,;555.573146,2.20393,;555.573146,2.25404,;555.573146,2.30415,;555.573146,2.35426,;550.006402,2.40435,;550.006402,2.45443,;550.006402,2.50455,;550.006402,2.55462,;550.006402,2.6047,;550.006402,2.65484,;550.006402,2.70492,;550.006402,2.75499,;550.006402,2.80506,;550.006402,2.85514,;550.006402,2.90524,;550.006402,2.95531,;550.006402,3.0054,;550.006402,3.05548,;550.006402,3.10556,;550.006402,3.15569,;550.006402,3.20579,;550.006402,3.25587,;550.006402,3.30599,;550.006402,3.35606,;550.006402,3.40614,;550.006402,3.45626,;550.006402,3.50637,;550.006402,3.55648,;550.006402,3.6066,;550.006402,3.65668,;550.006402,3.70679,;550.006402,3.75689,;550.006402,3.807,;550.006402,3.85711,;550.006402,3.90722,;550.006402,3.95734,;550.006402,4.00745,;550.006402,4.05756,;550.006402,4.10765,;550.006402,4.15776,;550.006402,4.20785,;550.006402,4.25797,;550.006402,4.30806,;550.006402,4.35815,;550.006402,4.40824,;550.006402,4.45836,;550.006402,4.50843,;550.006402,4.55855,;550.006402,4.60863,;550.006402,4.65872,;550.006402,4.70881,;550.006402,4.7589,;550.006402,4.80898,;550.006402,4.85906,;550.006402,4.90914,;550.006402,4.95922,;550.006402,5.00934,;550.006402,5.05941,;550.006402,5.10949,;550.006402,5.15957,;550.006402,5.20968,;550.006402,5.25977,;550.006402,5.30988,;550.006402,5.35996,;550.006402,5.41008,;550.006402,5.46019,;550.006402,5.51031,;550.006402,5.56039,;550.006402,5.6105,;550.006402,5.66059,;550.006402,5.71067,;550.006402,5.76075,;550.006402,5.81084,;550.006402,5.86093,;550.006402,5.91102,;550.006402,5.9611,;550.006402,6.01117,;550.006402,6.06125,;550.006402,6.11134,;550.006402,6.16146,;550.006402,6.21154,;550.006402,6.26164,;550.006402,6.31171,;550.006402,6.3618,;550.006402,6.41188,;550.006402,6.462,;550.006402,6.51209,;550.006402,6.56218,;550.006402,6.61227,;550.006402,6.66235,;550.006402,6.71244,;550.006402,6.76253,;550.006402,6.81261,;550.006402,6.8627,;550.006402,6.91279,;550.006402,6.96288,;550.006402,7.01297,;550.006402,7.06308,;550.006402,7.11319,;550.006402,7.16327,;550.006402,7.21337,;550.006402,7.26345,;550.006402,7.31354,;550.006402,7.36362,;550.006402,7.4137,;550.006402,7.46378,;550.006402,7.51389,;550.006402,7.56397,;550.006402,7.61406,;550.006402,7.66415,;550.006402,7.71427,;550.006402,7.76435,;550.006402,7.81444,;550.006402,7.86451,;550.006402,7.9146,;550.006402,7.96467,;550.006402,8.01475,;550.006402,8.06484,;550.006402,8.11494,;550.006402,8.16505,;550.006402,8.21517,;550.006402,8.26529,;550.006402,8.31534,;550.006402,8.36545,;550.006402,8.41553,;550.006402,8.46561,;550.006402,8.51569,;550.006402,8.56579,;550.006402,8.61588,;550.006402,8.66597,;550.006402,8.71606,;550.006402,8.76616,;550.006402,8.81626,;550.006402,8.86634,;550.006402,8.91645,;550.006402,8.96657,;550.006402,9.01668,;550.006402,9.06676,;550.006402,9.11683,;550.006402,9.1669,;550.006402,9.217,;550.006402,9.26713,;550.006402,9.31721,;550.006402,9.3673,;550.006402,9.4174,;550.006402,9.46749,;550.006402,9.51758,;550.006402,9.56767,;550.006402,9.61776,;550.006402,9.66782,;550.006402,9.71792,;550.006402,9.76801,;550.006402,9.81813,;550.006402,9.86823,;550.006402,9.9183,;550.006402,9.96839,;424.048308,10.0185,;424.048308,10.0686,;
709.319711,0.0500646,;709.319711,0.100155,;709.319711,0.150238,;709.319711,0.200325,;709.319711,0.25041,;681.966335,0.300491,;681.966335,0.350584,;674.565008,0.400674,;674.565008,0.450758,;674.565008,0.50087,;661.737541,0.550964,;661.737541,0.601077,;661.737541,0.651156,;661.737541,0.701233,;661.737541,0.75131,;661.737541,0.80138,;661.737541,0.851475,;642.352631,0.901563,;642.352631,0.951651,;642.352631,1.00174,;642.352631,1.05182,;642.352631,1.1019,;642.352631,1.15199,;642.352631,1.20209,;642.352631,1.25218,;642.352631,1.30227,;635.551589,1.35235,;625.925936,1.40245,;625.925936,1.45253,;625.925936,1.50262,;616.597417,1.5527,;591.891699,1.60279,;591.891699,1.6529,;589.709363,1.70298,;589.709363,1.75305,;589.709363,1.80313,;587.617694,1.8532,;587.617694,1.90329,;587.617694,1.95339,;587.617694,2.00348,;587.617694,2.05357,;587.617694,2.10365,;587.617694,2.15374,;587.617694,2.20384,;587.617694,2.25396,;587.617694,2.30405,;587.617694,2.35413,;587.617694,2.40422,;587.617694,2.45431,;583.091170,2.5044,;583.091170,2.55449,;583.091170,2.60458,;583.091170,2.65466,;583.091170,2.70475,;583.091170,2.75483,;583.091170,2.80492,;583.091170,2.85505,;583.091170,2.90516,;583.091170,2.95525,;583.091170,3.00538,;583.091170,3.0555,;583.091170,3.1056,;583.091170,3.1557,;583.091170,3.20579,;583.091170,3.25588,;583.091170,3.30596,;583.091170,3.35606,;583.091170,3.40616,;583.091170,3.45626,;583.091170,3.50636,;583.091170,3.55648,;576.472738,3.60656,;576.472738,3.65665,;576.472738,3.70684,;576.472738,3.75694,;576.472738,3.80703,;576.472738,3.85712,;576.472738,3.90719,;576.472738,3.95728,;576.472738,4.00737,;576.472738,4.05747,;576.472738,4.10756,;576.472738,4.15765,;576.472738,4.20776,;576.472738,4.25785,;576.472738,4.30798,;576.472738,4.35806,;576.472738,4.40814,;576.472738,4.45822,;576.472738,4.50831,;576.472738,4.55839,;576.472738,4.60849,;576.472738,4.6586,;576.472738,4.70869,;576.472738,4.75877,;576.472738,4.80885,;576.472738,4.85894,;576.472738,4.90903,;576.472738,4.95912,;576.472738,5.0092,;576.472738,5.05927,;452.115502,5.10936,;452.115502,5.15949,;452.115502,5.20959,;452.115502,5.25969,;452.115502,5.30977,;452.115502,5.35989,;452.115502,5.40997,;452.115502,5.46006,;452.115502,5.51015,;452.115502,5.56022,;440.223401,5.6103,;440.223401,5.66038,;440.223401,5.71046,;440.223401,5.76055,;440.223401,5.81064,;440.223401,5.86073,;408.352690,5.91082,;408.352690,5.96091,;408.352690,6.011,;408.352690,6.06109,;408.352690,6.11117,;408.352690,6.16126,;408.352690,6.21138,;408.352690,6.26154,;408.352690,6.31165,;408.352690,6.36174,;408.352690,6.41185,;399.539353,6.46194,;399.539353,6.51204,;399.539353,6.56213,;399.539353,6.61226,;399.539353,6.66235,;399.539353,6.71247,;399.539353,6.76255,;399.539353,6.81263,;399.539353,6.86271,;399.539353,6.91284,;382.897928,6.96293,;382.897928,7.01302,;382.897928,7.06311,;382.897928,7.11319,;382.897928,7.16328,;382.897928,7.21342,;382.897928,7.26354,;382.897928,7.31366,;382.897928,7.36379,;382.897928,7.41388,;382.897928,7.464,;382.897928,7.51408,;382.897928,7.56417,;382.897928,7.61426,;382.897928,7.66435,;382.897928,7.71444,;382.897928,7.76452,;382.897928,7.81461,;382.897928,7.86472,;382.897928,7.91482,;382.897928,7.9649,;382.897928,8.015,;382.897928,8.06513,;382.897928,8.11524,;382.897928,8.16535,;382.897928,8.21545,;382.897928,8.26558,;382.897928,8.3157,;382.897928,8.36574,;382.897928,8.41586,;382.897928,8.46594,;382.897928,8.51606,;382.897928,8.56613,;382.897928,8.61625,;382.897928,8.66634,;382.897928,8.71647,;382.897928,8.76655,;382.897928,8.81666,;382.897928,8.86673,;382.897928,8.91684,;382.897928,8.96692,;382.897928,9.017,;382.897928,9.06707,;382.897928,9.1172,;381.132934,9.16732,;381.132934,9.21744,;381.132934,9.26752,;381.132934,9.31763,;381.132934,9.36771,;381.132934,9.41779,;381.132934,9.46788,;381.132934,9.51798,;381.132934,9.56806,;381.132934,9.61814,;381.132934,9.66822,;381.132934,9.71831,;381.132934,9.76841,;381.132934,9.81849,;381.132934,9.86857,;381.132934,9.91866,;381.132934,9.96876,;381.132934,10.0188,;381.132934,10.0689,;
inf,0.050096,;692.321803,0.100189,;692.321803,0.150302,;692.321803,0.200387,;692.321803,0.250502,;691.765524,0.30059,;691.765524,0.350714,;691.765524,0.400806,;691.765524,0.450924,;672.751918,0.501001,;672.751918,0.551091,;672.751918,0.601177,;672.751918,0.651265,;672.751918,0.701349,;672.751918,0.751463,;672.751918,0.801545,;672.751918,0.851667,;652.453938,0.901786,;652.453938,0.951882,;652.453938,1.00198,;652.453938,1.05211,;634.160593,1.10223,;634.160593,1.15234,;634.160593,1.20246,;634.160593,1.25258,;634.160593,1.30267,;634.160593,1.35279,;634.160593,1.4029,;634.160593,1.45302,;634.160593,1.50305,;634.160593,1.55317,;634.160593,1.60328,;634.160593,1.65339,;634.160593,1.70348,;634.160593,1.75356,;634.160593,1.80365,;634.160593,1.85376,;634.160593,1.90385,;634.160593,1.95394,;634.160593,2.00405,;634.160593,2.05419,;634.160593,2.10428,;634.160593,2.15438,;634.160593,2.20446,;634.160593,2.25455,;634.160593,2.30464,;634.160593,2.35473,;634.160593,2.40482,;634.160593,2.45492,;634.160593,2.505,;634.160593,2.55509,;634.160593,2.60517,;634.160593,2.65525,;634.160593,2.70534,;634.160593,2.75542,;634.160593,2.8055,;634.160593,2.85559,;634.160593,2.90568,;634.160593,2.95577,;634.160593,3.00585,;634.160593,3.05593,;634.160593,3.10601,;634.160593,3.1561,;634.160593,3.20621,;634.160593,3.25629,;634.160593,3.30638,;634.160593,3.35646,;634.160593,3.40654,;634.160593,3.45662,;634.160593,3.50669,;634.160593,3.55677,;634.160593,3.60684,;634.160593,3.65693,;634.160593,3.70699,;634.160593,3.75707,;634.160593,3.80715,;634.160593,3.85723,;634.160593,3.90731,;634.160593,3.9574,;634.160593,4.0075,;634.160593,4.05759,;634.160593,4.10768,;634.160593,4.15776,;634.160593,4.20784,;634.160593,4.25796,;634.160593,4.30805,;634.160593,4.35817,;634.160593,4.40828,;634.160593,4.45837,;634.160593,4.50847,;634.160593,4.55855,;634.160593,4.60867,;634.160593,4.65875,;634.160593,4.70882,;634.160593,4.7589,;634.160593,4.809,;634.160593,4.85909,;634.160593,4.90916,;634.160593,4.95924,;634.160593,5.00934,;634.160593,5.05944,;634.160593,5.10954,;634.160593,5.15966,;633.239639,5.20976,;633.239639,5.25986,;633.239639,5.30995,;633.239639,5.36006,;633.239639,5.41015,;633.239639,5.46024,;633.239639,5.51033,;633.239639,5.56043,;633.239639,5.61053,;633.239639,5.66062,;633.239639,5.71072,;633.239639,5.76081,;633.239639,5.8109,;633.239639,5.86098,;633.239639,5.91108,;633.239639,5.96121,;633.239639,6.0113,;633.239639,6.06142,;633.239639,6.11147,;633.239639,6.16156,;633.239639,6.21165,;633.239639,6.26173,;633.239639,6.31182,;633.239639,6.36192,;633.239639,6.41201,;633.239639,6.4621,;633.239639,6.51219,;633.239639,6.56228,;633.239639,6.61237,;633.239639,6.66246,;633.239639,6.71256,;633.239639,6.76264,;633.239639,6.81273,;559.445472,6.86286,;559.445472,6.91294,;559.445472,6.96299,;559.445472,7.01307,;486.841744,7.06315,;486.841744,7.11325,;486.841744,7.16335,;486.841744,7.21347,;486.841744,7.26356,;486.841744,7.31365,;486.841744,7.36374,;486.841744,7.41382,;486.841744,7.46392,;486.841744,7.514,;486.841744,7.56409,;486.841744,7.61419,;486.841744,7.66429,;486.841744,7.7144,;486.841744,7.76448,;486.841744,7.81457,;486.841744,7.86466,;486.841744,7.91476,;486.841744,7.96485,;486.841744,8.01494,;486.841744,8.06503,;486.841744,8.11511,;486.841744,8.16519,;486.841744,8.21528,;486.841744,8.26536,;482.366715,8.31545,;482.366715,8.36555,;482.366715,8.41564,;482.366715,8.46574,;475.303452,8.51583,;475.303452,8.56593,;475.303452,8.61601,;475.303452,8.66611,;475.303452,8.7162,;475.303452,8.76629,;475.303452,8.81638,;475.303452,8.86646,;475.303452,8.91654,;475.303452,8.96663,;475.303452,9.01673,;475.303452,9.06681,;475.303452,9.11689,;475.303452,9.16699,;475.303452,9.21708,;475.303452,9.26717,;475.303452,9.31726,;475.303452,9.36736,;475.303452,9.41745,;475.303452,9.46755,;475.303452,9.51764,;475.303452,9.56773,;475.303452,9.61783,;475.303452,9.66792,;475.303452,9.71801,;475.303452,9.7681,;475.303452,9.8182,;468.498186,9.86829,;468.498186,9.91838,;468.498186,9.96847,;
inf,0.0500579,;inf,0.100147,;inf,0.150235,;654.393530,0.200315,;591.638541,0.250393,;591.638541,0.300475,;591.638541,0.350566,;591.638541,0.400647,;584.728015,0.450736,;584.728015,0.500814,;584.728015,0.550903,;584.728015,0.60099,;584.728015,0.651114,;584.728015,0.701207,;527.919492,0.751289,;526.483770,0.801392,;526.483770,0.851469,;526.483770,0.901573,;526.483770,0.951664,;511.034238,1.00175,;511.034238,1.05186,;511.034238,1.10196,;511.034238,1.15205,;505.658737,1.20215,;505.658737,1.25223,;505.658737,1.30233,;505.658737,1.35241,;505.658737,1.4025,;505.658737,1.45258,;505.658737,1.50268,;505.658737,1.55275,;505.658737,1.60283,;505.658737,1.6529,;505.658737,1.70299,;505.658737,1.75311,;505.658737,1.80323,;505.658737,1.85334,;505.658737,1.90347,;505.658737,1.95358,;502.675819,2.00367,;502.675819,2.05375,;502.675819,2.10383,;502.675819,2.15391,;502.675819,2.20401,;502.675819,2.2541,;492.692278,2.30423,;492.692278,2.35432,;492.692278,2.40441,;492.692278,2.45449,;492.692278,2.50456,;492.692278,2.55464,;492.692278,2.60471,;492.692278,2.65479,;492.692278,2.70487,;492.692278,2.75497,;492.692278,2.80505,;492.692278,2.85514,;492.692278,2.90525,;492.692278,2.95533,;492.692278,3.00541,;492.692278,3.05549,;492.692278,3.10558,;492.692278,3.15567,;492.692278,3.20574,;492.692278,3.25586,;492.692278,3.30594,;492.692278,3.35606,;492.527849,3.40614,;492.527849,3.45623,;486.633051,3.50632,;486.633051,3.5564,;486.633051,3.60648,;486.633051,3.65655,;486.633051,3.70664,;486.633051,3.75671,;486.633051,3.8068,;486.633051,3.85688,;486.633051,3.90696,;471.412519,3.95704,;471.412519,4.00716,;471.412519,4.05724,;471.412519,4.10736,;471.412519,4.15746,;471.412519,4.20757,;471.412519,4.25764,;471.412519,4.30775,;471.412519,4.35783,;466.906326,4.4079,;466.906326,4.458,;466.906326,4.50809,;466.906326,4.55818,;466.906326,4.60826,;466.906326,4.65834,;466.906326,4.70842,;466.906326,4.75851,;466.906326,4.80861,;452.996974,4.85871,;452.996974,4.9088,;452.996974,4.9589,;452.996974,5.00899,;452.996974,5.05908,;452.996974,5.10917,;452.996974,5.15925,;452.996974,5.20934,;452.996974,5.25943,;452.996974,5.30952,;452.996974,5.35962,;452.996974,5.40971,;452.996974,5.45981,;452.996974,5.50993,;452.996974,5.56001,;452.996974,5.6101,;452.996974,5.66019,;452.996974,5.71027,;452.996974,5.76039,;452.996974,5.81047,;452.996974,5.86056,;452.996974,5.91064,;452.996974,5.96073,;452.996974,6.01086,;452.996974,6.06095,;452.996974,6.11107,;452.996974,6.16118,;452.996974,6.21131,;452.996974,6.26139,;452.996974,6.31149,;452.996974,6.36161,;452.996974,6.41168,;452.996974,6.46176,;452.996974,6.51185,;452.996974,6.56195,;452.996974,6.61207,;452.996974,6.66217,;452.996974,6.71226,;452.996974,6.76236,;452.996974,6.81246,;446.354698,6.86254,;446.354698,6.91266,;446.354698,6.96275,;446.354698,7.01284,;446.354698,7.06294,;446.354698,7.11302,;446.354698,7.16311,;446.354698,7.2132,;446.354698,7.26329,;446.354698,7.31337,;446.354698,7.36347,;446.354698,7.41358,;446.354698,7.46368,;446.354698,7.51376,;446.354698,7.56387,;446.354698,7.61394,;446.354698,7.66403,;446.354698,7.71413,;446.354698,7.76422,;446.354698,7.8143,;446.354698,7.86439,;446.354698,7.91448,;446.354698,7.96455,;446.354698,8.01464,;446.354698,8.06473,;446.354698,8.11481,;446.354698,8.1649,;446.354698,8.21499,;446.354698,8.26506,;446.354698,8.31514,;446.354698,8.36523,;446.354698,8.41531,;446.354698,8.46539,;446.354698,8.51547,;446.354698,8.56555,;446.354698,8.61564,;446.354698,8.66572,;446.354698,8.71581,;446.354698,8.76589,;446.354698,8.81597,;446.354698,8.86605,;446.354698,8.91613,;446.354698,8.96622,;446.354698,9.0163,;446.354698,9.06638,;446.354698,9.11646,;446.354698,9.16654,;446.354698,9.21662,;446.354698,9.26671,;446.354698,9.31679,;446.354698,9.36687,;446.354698,9.41696,;446.354698,9.46704,;446.354698,9.51713,;446.354698,9.56721,;446.354698,9.61729,;446.354698,9.66737,;446.354698,9.71747,;446.354698,9.76755,;446.354698,9.81764,;446.354698,9.86772,;446.354698,9.91781,;446.354698,9.96788,;446.354698,10.018,;446.354698,10.0681,;
608.706262,0.0500583,;608.706262,0.100161,;601.407833,0.150249,;601.407833,0.200368,;601.407833,0.25049,;601.407833,0.30057,;601.407833,0.350657,;601.407833,0.400759,;601.407833,0.450843,;601.407833,0.500938,;596.699274,0.551025,;596.699274,0.601153,;596.699274,0.651273,;596.699274,0.70137,;596.699274,0.751486,;596.699274,0.801579,;580.599700,0.851669,;580.599700,0.901752,;580.599700,0.951834,;580.599700,1.00193,;580.599700,1.05202,;580.599700,1.10211,;580.599700,1.15221,;580.599700,1.20229,;571.139391,1.25238,;571.139391,1.30249,;571.139391,1.35261,;571.139391,1.40273,;571.139391,1.4528,;571.139391,1.50292,;571.139391,1.55299,;571.139391,1.6031,;571.139391,1.65318,;571.139391,1.70326,;571.139391,1.75334,;571.139391,1.80341,;571.139391,1.85349,;571.139391,1.90356,;571.139391,1.95366,;539.209284,2.00374,;539.209284,2.05383,;539.209284,2.10392,;539.209284,2.15401,;539.209284,2.20409,;539.209284,2.25419,;533.027575,2.3043,;533.027575,2.35442,;533.027575,2.4045,;533.027575,2.45458,;533.027575,2.50465,;517.056493,2.55477,;517.056493,2.60485,;517.056493,2.65493,;517.056493,2.70502,;517.056493,2.75511,;517.056493,2.8052,;517.056493,2.85529,;517.056493,2.90538,;517.056493,2.95547,;517.056493,3.00556,;517.056493,3.05565,;510.741301,3.10574,;510.741301,3.15582,;510.741301,3.2059,;510.741301,3.25599,;510.741301,3.30609,;510.741301,3.35618,;510.741301,3.40626,;510.741301,3.45635,;510.741301,3.50644,;510.741301,3.55653,;510.741301,3.60662,;510.741301,3.6567,;510.741301,3.70677,;510.741301,3.75686,;510.741301,3.80695,;510.741301,3.85707,;510.741301,3.90716,;510.741301,3.95725,;510.741301,4.00735,;510.741301,4.05743,;510.741301,4.10752,;510.741301,4.15761,;510.741301,4.2077,;510.741301,4.25779,;510.741301,4.30787,;510.741301,4.35797,;510.741301,4.40811,;507.083935,4.45818,;507.083935,4.50827,;507.083935,4.55835,;507.083935,4.60844,;494.641046,4.65853,;494.641046,4.70862,;494.641046,4.75871,;494.641046,4.80881,;494.641046,4.8589,;494.641046,4.90898,;494.641046,4.95905,;494.641046,5.00914,;494.641046,5.05923,;494.641046,5.10933,;494.641046,5.15941,;494.641046,5.20949,;494.641046,5.25957,;494.641046,5.30965,;494.641046,5.35973,;494.641046,5.40981,;494.641046,5.45989,;494.641046,5.50997,;494.641046,5.56005,;494.641046,5.61013,;494.641046,5.66021,;494.641046,5.7103,;494.641046,5.76039,;494.641046,5.81048,;494.641046,5.86058,;494.641046,5.91067,;494.641046,5.9608,;494.641046,6.01089,;494.641046,6.06097,;393.541281,6.11105,;393.541281,6.16113,;393.541281,6.21121,;383.114004,6.2613,;383.114004,6.31138,;383.114004,6.36146,;383.114004,6.41155,;383.114004,6.46164,;383.114004,6.51174,;383.114004,6.56182,;383.114004,6.61192,;383.114004,6.662,;383.114004,6.71209,;383.114004,6.76218,;383.114004,6.81227,;383.114004,6.86236,;383.114004,6.91245,;383.114004,6.96254,;383.114004,7.01262,;383.114004,7.06274,;383.114004,7.11282,;383.114004,7.16292,;377.920205,7.213,;377.920205,7.2631,;377.920205,7.31318,;377.920205,7.36326,;377.920205,7.41336,;377.920205,7.46343,;377.920205,7.51352,;377.920205,7.56362,;377.920205,7.61372,;377.920205,7.66379,;377.920205,7.71386,;377.920205,7.76394,;377.920205,7.81404,;377.920205,7.86412,;377.920205,7.9142,;377.920205,7.96428,;377.920205,8.01436,;377.920205,8.06448,;377.920205,8.11456,;377.920205,8.16464,;377.920205,8.21473,;376.215084,8.26481,;376.215084,8.3149,;376.215084,8.36498,;376.215084,8.41506,;376.215084,8.46514,;376.215084,8.51522,;376.215084,8.56531,;376.215084,8.61543,;376.215084,8.66552,;376.215084,8.71561,;376.215084,8.7657,;376.215084,8.81578,;376.215084,8.86585,;373.953726,8.91593,;373.953726,8.96605,;373.953726,9.01615,;373.953726,9.06625,;373.953726,9.11632,;373.953726,9.16641,;373.953726,9.2165,;373.953726,9.26658,;373.953726,9.31667,;373.953726,9.36675,;373.953726,9.41684,;373.953726,9.46693,;373.953726,9.51698,;373.953726,9.56705,;373.953726,9.61712,;373.953726,9.6672,;373.953726,9.71729,;373.953726,9.7674,;373.953726,9.81749,;373.953726,9.86758,;373.953726,9.91766,;373.953726,9.96775,;373.953726,10.0178,;373.953726,10.068,;
779.534365,0.0500705,;778.212383,0.100168,;778.212383,0.150257,;709.489307,0.200341,;709.489307,0.250435,;709.489307,0.300565,;709.489307,0.350646,;664.202538,0.400727,;664.202538,0.450817,;664.202538,0.500903,;653.220934,0.550993,;653.220934,0.601086,;653.220934,0.65119,;653.220934,0.70129,;653.220934,0.751387,;653.220934,0.801472,;653.220934,0.851557,;653.220934,0.901678,;629.195824,0.951772,;629.195824,1.00184,;629.195824,1.05194,;629.195824,1.10205,;629.195824,1.15214,;629.195824,1.20226,;629.195824,1.25234,;629.195824,1.30245,;629.195824,1.35254,;629.195824,1.40263,;629.195824,1.45276,;629.195824,1.50285,;629.195824,1.55293,;629.195824,1.60303,;629.195824,1.65313,;629.195824,1.70323,;629.195824,1.75331,;629.195824,1.8034,;629.195824,1.85352,;629.195824,1.9036,;619.525156,1.95373,;619.525156,2.00382,;619.525156,2.05394,;619.525156,2.10404,;619.525156,2.15416,;619.525156,2.20425,;619.525156,2.25434,;619.525156,2.30443,;605.004308,2.35451,;605.004308,2.4046,;605.004308,2.45468,;605.004308,2.5048,;605.004308,2.55489,;605.004308,2.60499,;605.004308,2.65509,;605.004308,2.7052,;605.004308,2.7553,;605.004308,2.8054,;605.004308,2.85552,;605.004308,2.90562,;605.004308,2.95573,;605.004308,3.00582,;605.004308,3.05592,;605.004308,3.106,;605.004308,3.15608,;605.004308,3.2062,;605.004308,3.25632,;584.281865,3.3064,;584.281865,3.35649,;584.281865,3.40658,;584.281865,3.4567,;584.281865,3.50678,;584.281865,3.55689,;584.281865,3.60699,;584.281865,3.65711,;584.281865,3.7072,;584.281865,3.75732,;584.281865,3.80744,;584.281865,3.85755,;584.281865,3.90764,;584.281865,3.95773,;584.281865,4.00783,;584.281865,4.05792,;584.281865,4.10801,;584.281865,4.15809,;584.281865,4.20821,;584.281865,4.2583,;583.506866,4.30837,;583.506866,4.35847,;583.506866,4.40859,;583.506866,4.45867,;583.506866,4.50875,;456.622352,4.55887,;456.622352,4.60896,;456.622352,4.65904,;456.622352,4.70915,;452.599193,4.75923,;452.599193,4.80931,;452.599193,4.8594,;452.599193,4.90947,;452.599193,4.95957,;452.599193,5.00966,;452.599193,5.05977,;452.599193,5.10986,;452.599193,5.15995,;452.599193,5.21004,;452.599193,5.26012,;452.599193,5.31021,;452.599193,5.36033,;452.599193,5.41043,;452.599193,5.46052,;452.599193,5.51059,;452.599193,5.56068,;452.599193,5.61077,;452.599193,5.66086,;452.599193,5.71096,;452.599193,5.76105,;452.599193,5.81114,;452.599193,5.86123,;452.599193,5.91132,;452.599193,5.96141,;452.599193,6.01149,;452.599193,6.06158,;418.219891,6.11166,;418.219891,6.16175,;418.219891,6.21183,;418.219891,6.26192,;418.219891,6.31201,;418.219891,6.3621,;418.219891,6.41219,;418.219891,6.46229,;418.219891,6.51243,;418.219891,6.5625,;418.219891,6.61258,;418.219891,6.66267,;418.219891,6.71276,;374.790223,6.76284,;374.790223,6.81294,;374.790223,6.86302,;374.790223,6.91316,;374.790223,6.96324,;374.790223,7.01333,;374.790223,7.06343,;374.790223,7.11352,;374.790223,7.1636,;374.790223,7.21368,;374.790223,7.26377,;374.790223,7.31386,;366.662200,7.36394,;366.662200,7.41403,;366.662200,7.46413,;366.662200,7.51423,;366.662200,7.5643,;366.662200,7.6144,;366.662200,7.66448,;366.662200,7.71458,;366.662200,7.76472,;366.662200,7.8148,;366.662200,7.86488,;366.662200,7.915,;366.662200,7.96508,;366.662200,8.01517,;366.662200,8.06525,;366.662200,8.11535,;366.662200,8.16543,;366.662200,8.21551,;366.662200,8.26565,;366.662200,8.31572,;366.662200,8.36582,;366.662200,8.41592,;366.662200,8.46601,;366.662200,8.5161,;366.662200,8.5662,;366.662200,8.6163,;366.662200,8.66639,;366.662200,8.71647,;366.662200,8.76656,;366.662200,8.81666,;366.662200,8.86674,;366.662200,8.91683,;366.662200,8.96692,;366.662200,9.01701,;366.662200,9.06711,;366.662200,9.1172,;366.662200,9.1673,;366.662200,9.21741,;366.662200,9.26751,;366.662200,9.31762,;366.662200,9.36771,;366.662200,9.41781,;366.662200,9.4679,;366.662200,9.51801,;366.662200,9.56809,;366.662200,9.61818,;366.662200,9.66827,;366.662200,9.71836,;366.662200,9.76845,;366.662200,9.81854,;366.662200,9.86866,;366.662200,9.91874,;366.662200,9.96883,;366.662200,10.0189,;366.662200,10.069,;
inf,0.0501017,;inf,0.100185,;inf,0.150264,;680.490534,0.200352,;680.490534,0.25048,;680.490534,0.300563,;680.490534,0.350681,;679.531171,0.40078,;679.531171,0.450901,;679.531171,0.500981,;679.531171,0.551078,;679.531171,0.601167,;679.531171,0.651265,;679.531171,0.701372,;679.531171,0.751487,;679.531171,0.801565,;679.531171,0.851682,;679.531171,0.901782,;679.531171,0.951873,;643.509956,1.00197,;643.509956,1.0521,;643.509956,1.10218,;625.444378,1.15226,;625.444378,1.20235,;625.444378,1.25247,;625.444378,1.30257,;625.444378,1.35265,;625.444378,1.40274,;625.444378,1.45284,;625.444378,1.50294,;625.444378,1.55303,;625.444378,1.60313,;625.444378,1.65325,;625.444378,1.70333,;625.444378,1.75343,;625.444378,1.80352,;625.444378,1.85361,;625.444378,1.90369,;625.444378,1.95378,;625.444378,2.00388,;625.444378,2.05397,;625.444378,2.10408,;625.444378,2.15416,;625.444378,2.20426,;625.444378,2.25439,;625.444378,2.30447,;625.444378,2.35455,;623.290139,2.40463,;623.290139,2.45472,;623.290139,2.50481,;623.290139,2.5549,;623.290139,2.605,;623.290139,2.65512,;623.290139,2.70525,;623.290139,2.75538,;623.290139,2.80561,;623.290139,2.8557,;623.290139,2.90578,;623.290139,2.95586,;623.290139,3.00594,;623.290139,3.05604,;623.290139,3.10613,;623.290139,3.15622,;604.497469,3.20631,;604.497469,3.2564,;604.497469,3.30651,;604.497469,3.3566,;604.497469,3.40668,;604.497469,3.45675,;604.497469,3.50685,;604.497469,3.55694,;604.497469,3.60704,;604.497469,3.65715,;604.497469,3.70725,;604.497469,3.75734,;604.497469,3.80743,;604.497469,3.85752,;604.497469,3.90763,;604.497469,3.95771,;604.497469,4.00783,;600.827689,4.05791,;600.827689,4.108,;600.827689,4.15809,;600.827689,4.20819,;597.479835,4.25827,;597.479835,4.30835,;597.479835,4.3584,;597.479835,4.40849,;597.479835,4.45857,;597.479835,4.50865,;597.479835,4.55873,;597.479835,4.60882,;597.479835,4.65891,;597.479835,4.70901,;597.479835,4.75911,;597.479835,4.8092,;597.479835,4.85931,;597.479835,4.9094,;597.479835,4.95949,;597.479835,5.00957,;597.479835,5.05965,;597.479835,5.10975,;597.479835,5.15985,;597.479835,5.20995,;597.479835,5.26005,;597.479835,5.31013,;597.479835,5.36023,;597.479835,5.41031,;597.479835,5.4604,;597.479835,5.51055,;597.479835,5.56063,;597.479835,5.61071,;597.479835,5.6608,;597.479835,5.71089,;597.479835,5.76099,;597.479835,5.81108,;597.479835,5.86117,;597.479835,5.91125,;597.479835,5.96134,;597.479835,6.01143,;597.479835,6.06152,;597.479835,6.11162,;597.479835,6.16172,;597.479835,6.21184,;597.479835,6.26193,;597.479835,6.31205,;597.479835,6.36215,;597.479835,6.41226,;597.479835,6.46236,;597.479835,6.51244,;597.479835,6.56253,;597.479835,6.61261,;597.479835,6.66271,;597.479835,6.71282,;597.479835,6.76296,;597.479835,6.81306,;597.479835,6.86316,;586.670927,6.91325,;586.670927,6.96335,;586.670927,7.01345,;586.670927,7.06354,;586.670927,7.11365,;586.670927,7.16374,;586.670927,7.21384,;586.670927,7.26393,;586.670927,7.31405,;586.670927,7.36415,;586.670927,7.41424,;586.670927,7.46436,;586.670927,7.51448,;586.670927,7.56456,;586.670927,7.61465,;586.670927,7.66475,;586.670927,7.71484,;586.670927,7.76495,;586.670927,7.81506,;586.670927,7.86515,;586.670927,7.91525,;586.670927,7.96535,;586.670927,8.01548,;586.670927,8.06556,;586.670927,8.11569,;586.670927,8.16577,;586.670927,8.21586,;586.670927,8.26596,;586.670927,8.31606,;586.670927,8.36615,;586.670927,8.41624,;584.696025,8.46632,;584.696025,8.51645,;584.696025,8.56657,;584.696025,8.61666,;584.696025,8.66674,;584.696025,8.71683,;584.696025,8.76692,;584.696025,8.81701,;584.696025,8.86714,;584.696025,8.91724,;584.696025,8.96735,;584.696025,9.01746,;584.696025,9.06757,;584.696025,9.11767,;584.696025,9.16776,;584.696025,9.21785,;584.696025,9.26796,;584.696025,9.31806,;584.696025,9.36818,;404.865317,9.41829,;404.865317,9.46839,;404.865317,9.51849,;404.865317,9.56857,;404.865317,9.61867,;404.865317,9.66878,;404.865317,9.7189,;404.865317,9.76899,;404.865317,9.81912,;404.865317,9.86922,;404.865317,9.91934,;404.865317,9.96946,;404.865317,10.0195,;404.865317,10.0697,;
inf,0.0500562,;inf,0.100183,;723.374337,0.150277,;723.374337,0.200356,;667.231998,0.250447,;667.231998,0.300539,;667.231998,0.350631,;667.231998,0.40072,;667.231998,0.450801,;667.231998,0.500886,;667.231998,0.550967,;667.231998,0.601047,;667.231998,0.651125,;647.976331,0.701243,;647.976331,0.751338,;647.976331,0.801433,;646.662584,0.851518,;646.662584,0.901599,;627.198452,0.95168,;618.174483,1.00178,;617.448841,1.05186,;617.448841,1.10195,;617.448841,1.15204,;617.448841,1.20213,;617.448841,1.25223,;617.448841,1.30231,;617.448841,1.3524,;617.448841,1.40251,;617.448841,1.45263,;617.448841,1.50271,;617.448841,1.5528,;617.448841,1.60288,;617.448841,1.65296,;617.448841,1.70304,;617.448841,1.75313,;617.448841,1.80323,;617.448841,1.85332,;617.448841,1.90341,;617.448841,1.95351,;617.448841,2.00359,;617.448841,2.05369,;606.363542,2.10378,;602.377292,2.15388,;602.377292,2.20397,;602.377292,2.25407,;602.377292,2.30417,;602.377292,2.35425,;602.377292,2.40433,;602.377292,2.45442,;602.377292,2.50453,;602.377292,2.55463,;602.377292,2.60473,;601.108307,2.65484,;601.108307,2.70493,;600.608272,2.75504,;600.608272,2.80514,;598.797449,2.85522,;598.797449,2.90531,;598.797449,2.95541,;598.797449,3.0055,;598.797449,3.05558,;598.797449,3.10569,;598.797449,3.15577,;598.797449,3.20587,;598.797449,3.25596,;598.797449,3.30606,;598.797449,3.35615,;598.797449,3.40627,;598.797449,3.45636,;598.797449,3.50649,;598.797449,3.55658,;598.797449,3.60667,;598.797449,3.65675,;598.797449,3.70683,;598.797449,3.75695,;598.797449,3.80703,;598.797449,3.85716,;598.797449,3.90725,;598.797449,3.95734,;598.797449,4.00742,;598.797449,4.05751,;598.797449,4.10759,;598.797449,4.15767,;598.797449,4.20775,;598.797449,4.25784,;598.797449,4.30794,;598.797449,4.35803,;598.797449,4.40812,;598.797449,4.45822,;598.797449,4.50831,;598.797449,4.5584,;598.797449,4.60849,;598.797449,4.65858,;598.797449,4.70866,;598.797449,4.75874,;598.797449,4.80882,;598.797449,4.85891,;598.797449,4.909,;598.797449,4.95909,;598.797449,5.00917,;579.070016,5.05925,;579.070016,5.10935,;579.070016,5.15943,;579.070016,5.20953,;579.070016,5.25961,;579.070016,5.30969,;579.070016,5.35978,;579.070016,5.40985,;579.070016,5.45994,;579.070016,5.51003,;579.070016,5.56011,;579.070016,5.61019,;579.070016,5.66027,;579.070016,5.71036,;579.070016,5.76045,;579.070016,5.81054,;486.237895,5.86064,;436.833223,5.91075,;436.833223,5.96087,;436.833223,6.01094,;436.833223,6.06105,;436.833223,6.11116,;436.833223,6.16124,;436.833223,6.21132,;436.833223,6.26141,;436.833223,6.31152,;436.833223,6.36161,;436.833223,6.41169,;436.833223,6.46181,;436.833223,6.5119,;436.833223,6.56199,;436.833223,6.61208,;416.701579,6.66221,;414.085755,6.71229,;414.085755,6.76237,;414.085755,6.81246,;414.085755,6.86258,;414.085755,6.91269,;414.085755,6.9628,;414.085755,7.01289,;414.085755,7.063,;414.085755,7.11311,;414.085755,7.1632,;414.085755,7.2133,;414.085755,7.26342,;414.085755,7.3135,;414.085755,7.36358,;414.085755,7.4137,;414.085755,7.46377,;414.085755,7.51388,;414.085755,7.56398,;414.085755,7.61409,;414.085755,7.66418,;414.085755,7.71431,;414.085755,7.7644,;414.085755,7.8145,;414.085755,7.86459,;414.085755,7.91468,;414.085755,7.96481,;414.085755,8.01494,;414.085755,8.06506,;414.085755,8.11517,;414.085755,8.16525,;414.085755,8.21534,;414.085755,8.26542,;414.085755,8.31547,;414.085755,8.36555,;414.085755,8.41563,;414.085755,8.46571,;414.085755,8.51578,;413.110102,8.56586,;413.110102,8.61595,;413.110102,8.66604,;413.110102,8.71613,;413.110102,8.76621,;413.110102,8.81629,;413.110102,8.86638,;413.110102,8.91646,;413.110102,8.96656,;413.110102,9.01665,;413.110102,9.06678,;413.110102,9.11686,;413.110102,9.16696,;413.110102,9.21706,;413.110102,9.26717,;413.110102,9.3173,;413.110102,9.36742,;413.110102,9.41752,;413.110102,9.46761,;413.110102,9.5177,;413.110102,9.5678,;405.466519,9.61789,;405.466519,9.66799,;405.466519,9.71808,;404.812231,9.76818,;404.812231,9.81827,;404.812231,9.86837,;404.812231,9.91849,;401.175478,9.96857,;401.175478,10.0187,;401.175478,10.0688,;
inf,0.0500569,;inf,0.100151,;inf,0.150243,;inf,0.200339,;inf,0.250457,;778.120519,0.300546,;778.120519,0.350662,;778.120519,0.400775,;778.120519,0.450857,;778.120519,0.500958,;770.810810,0.551048,;770.810810,0.601134,;770.810810,0.651215,;770.810810,0.70129,;770.810810,0.75141,;770.810810,0.801522,;770.810810,0.851602,;770.810810,0.901677,;770.810810,0.951758,;770.810810,1.00184,;695.493536,1.05194,;695.493536,1.10202,;695.493536,1.15213,;695.493536,1.20222,;695.493536,1.25233,;695.493536,1.30241,;695.493536,1.3525,;695.493536,1.40259,;695.493536,1.45269,;695.493536,1.5028,;695.493536,1.55289,;695.493536,1.60301,;695.493536,1.65309,;695.493536,1.70318,;695.493536,1.7533,;695.493536,1.80341,;695.493536,1.85352,;695.493536,1.90359,;695.493536,1.95367,;695.493536,2.00374,;691.809288,2.05385,;691.809288,2.10394,;691.809288,2.15404,;691.809288,2.20413,;691.062963,2.25423,;691.062963,2.30432,;691.062963,2.35444,;691.062963,2.40452,;691.062963,2.45464,;690.574745,2.50473,;690.574745,2.55485,;690.574745,2.60494,;690.574745,2.65502,;690.574745,2.7051,;690.574745,2.75518,;690.574745,2.80527,;690.574745,2.85536,;690.574745,2.90544,;690.574745,2.95551,;690.574745,3.00565,;690.574745,3.05572,;690.574745,3.10579,;690.574745,3.15588,;690.574745,3.20597,;690.574745,3.25606,;682.498598,3.30615,;682.498598,3.35624,;679.893960,3.40632,;679.893960,3.45641,;679.893960,3.5065,;679.263588,3.55658,;679.263588,3.60665,;679.263588,3.65673,;679.263588,3.70682,;679.263588,3.75692,;679.263588,3.80703,;679.263588,3.85715,;679.263588,3.90726,;679.263588,3.95733,;679.263588,4.00741,;679.263588,4.05749,;673.897265,4.10756,;673.897265,4.15767,;673.897265,4.20775,;673.897265,4.25786,;673.897265,4.30795,;673.897265,4.35806,;673.897265,4.40815,;673.897265,4.45826,;673.897265,4.50834,;673.897265,4.55843,;673.897265,4.60851,;670.196558,4.65858,;670.196558,4.70867,;670.196558,4.75874,;670.196558,4.80883,;670.196558,4.85892,;670.196558,4.909,;654.444068,4.95909,;654.444068,5.00919,;654.444068,5.05928,;654.444068,5.10937,;654.444068,5.15946,;654.444068,5.20956,;654.444068,5.25964,;654.444068,5.30976,;654.444068,5.35983,;654.444068,5.40992,;654.444068,5.46001,;654.444068,5.51009,;654.444068,5.5602,;654.444068,5.61029,;654.444068,5.66038,;654.444068,5.71046,;654.444068,5.76055,;654.444068,5.81064,;654.444068,5.86074,;654.444068,5.91082,;654.444068,5.96091,;654.444068,6.01102,;466.280170,6.06111,;466.280170,6.11121,;466.280170,6.1613,;466.280170,6.2114,;466.280170,6.26149,;466.280170,6.31161,;466.280170,6.36174,;466.280170,6.41183,;466.280170,6.46196,;466.280170,6.51204,;466.280170,6.56212,;466.280170,6.6122,;466.280170,6.66228,;466.280170,6.71236,;466.280170,6.76244,;421.411250,6.81252,;421.411250,6.8626,;421.411250,6.91268,;421.411250,6.96276,;421.411250,7.01284,;407.376529,7.06292,;407.376529,7.113,;407.376529,7.16309,;407.376529,7.21317,;407.376529,7.26325,;407.376529,7.3134,;407.376529,7.36351,;407.376529,7.4136,;407.376529,7.46373,;407.376529,7.51382,;407.376529,7.56391,;407.376529,7.61401,;407.376529,7.6641,;407.376529,7.7142,;407.376529,7.76429,;407.376529,7.81438,;407.376529,7.86447,;407.376529,7.91456,;407.376529,7.96465,;407.376529,8.01474,;407.376529,8.06482,;407.376529,8.11492,;407.376529,8.165,;407.376529,8.21509,;407.376529,8.2652,;407.376529,8.31533,;407.376529,8.36543,;407.376529,8.41553,;407.376529,8.46563,;407.376529,8.51572,;407.376529,8.56583,;407.376529,8.61592,;407.376529,8.66601,;407.376529,8.7161,;407.376529,8.76617,;407.376529,8.81626,;406.727071,8.86636,;406.727071,8.91645,;406.727071,8.96655,;406.727071,9.01665,;406.727071,9.06674,;406.727071,9.11683,;406.727071,9.16692,;406.727071,9.21702,;406.727071,9.2671,;406.727071,9.31721,;406.727071,9.36729,;406.727071,9.41739,;406.727071,9.46747,;406.727071,9.51757,;406.727071,9.56766,;406.727071,9.61774,;406.727071,9.66782,;406.727071,9.71791,;405.205140,9.76801,;405.205140,9.81811,;405.205140,9.86821,;405.205140,9.9183,;405.205140,9.96838,;405.205140,10.0185,;405.205140,10.0686,;
inf,0.050076,;inf,0.10016,;inf,0.15025,;inf,0.20034,;inf,0.250442,;inf,0.300537,;794.415247,0.350621,;794.415247,0.400715,;794.415247,0.450809,;794.415247,0.500904,;794.415247,0.550998,;794.415247,0.601097,;794.415247,0.651193,;794.415247,0.701285,;794.415247,0.752064,;794.415247,0.802151,;794.415247,0.852233,;759.501897,0.902354,;759.501897,0.952435,;759.501897,1.00252,;759.501897,1.05261,;759.501897,1.1027,;759.501897,1.15278,;759.501897,1.20287,;718.712093,1.25297,;718.712093,1.30309,;718.712093,1.35318,;718.712093,1.40329,;718.712093,1.45338,;718.712093,1.50347,;718.712093,1.55357,;718.712093,1.60366,;718.712093,1.65375,;718.712093,1.70384,;718.712093,1.75393,;717.987899,1.804,;717.987899,1.85409,;717.987899,1.90417,;717.987899,1.95427,;717.987899,2.00437,;717.987899,2.05446,;699.109233,2.10459,;699.109233,2.15468,;699.109233,2.20476,;699.109233,2.25491,;699.109233,2.30502,;699.109233,2.35514,;699.109233,2.40523,;699.109233,2.45535,;699.109233,2.50547,;699.109233,2.55555,;699.109233,2.60567,;699.109233,2.65579,;699.109233,2.70591,;699.109233,2.75598,;699.109233,2.80611,;699.109233,2.85623,;687.157275,2.90635,;687.157275,2.95645,;687.157275,3.00653,;687.157275,3.05664,;687.157275,3.10671,;687.157275,3.15679,;687.157275,3.20689,;687.157275,3.25699,;687.157275,3.30708,;687.157275,3.35717,;687.157275,3.40726,;687.157275,3.45734,;687.157275,3.50744,;687.157275,3.55753,;687.157275,3.60762,;687.157275,3.65772,;687.157275,3.70783,;687.157275,3.75792,;687.157275,3.80797,;687.157275,3.85807,;687.157275,3.90816,;683.543759,3.95822,;683.543759,4.00831,;510.683673,4.0584,;510.683673,4.10849,;510.683673,4.15858,;510.683673,4.20868,;510.683673,4.2588,;510.683673,4.30887,;510.683673,4.35899,;510.683673,4.40908,;510.683673,4.45922,;510.683673,4.50931,;472.100969,4.55942,;472.100969,4.60952,;472.100969,4.65962,;472.100969,4.70977,;472.100969,4.75989,;472.100969,4.80998,;472.100969,4.86006,;472.100969,4.91014,;472.100969,4.96023,;472.100969,5.01032,;472.100969,5.06041,;472.100969,5.1105,;472.100969,5.16061,;472.100969,5.21073,;472.100969,5.26083,;472.100969,5.31091,;472.100969,5.361,;472.100969,5.41109,;472.100969,5.46117,;472.100969,5.51129,;472.100969,5.56138,;472.100969,5.61147,;472.100969,5.66156,;472.100969,5.71164,;472.100969,5.76173,;472.100969,5.81184,;472.100969,5.86193,;472.100969,5.91197,;472.100969,5.96206,;472.100969,6.01214,;472.100969,6.06223,;472.100969,6.11231,;472.100969,6.16241,;472.100969,6.2125,;472.100969,6.26259,;472.100969,6.31267,;472.100969,6.36277,;472.100969,6.41287,;472.100969,6.46296,;472.100969,6.51306,;472.100969,6.56318,;472.100969,6.61327,;472.100969,6.66341,;472.100969,6.71353,;472.100969,6.76362,;457.964318,6.81371,;457.964318,6.86384,;457.964318,6.91394,;457.964318,6.96402,;457.964318,7.01415,;457.964318,7.06423,;457.964318,7.11435,;457.964318,7.16444,;457.964318,7.21453,;457.964318,7.26461,;457.964318,7.31469,;456.811571,7.36479,;456.811571,7.41487,;450.207706,7.46496,;450.207706,7.51505,;450.207706,7.56516,;450.207706,7.61524,;450.207706,7.66534,;450.207706,7.71545,;450.207706,7.76555,;450.207706,7.81564,;450.207706,7.86573,;450.207706,7.91582,;450.207706,7.96591,;450.207706,8.01601,;450.207706,8.06612,;450.207706,8.1162,;450.207706,8.16632,;450.207706,8.21641,;450.207706,8.26653,;450.207706,8.31663,;450.207706,8.36672,;450.207706,8.41681,;450.207706,8.46691,;450.207706,8.517,;450.207706,8.56709,;450.207706,8.61719,;450.207706,8.6673,;450.207706,8.7174,;450.207706,8.76752,;450.207706,8.81765,;450.207706,8.86777,;450.207706,8.91789,;450.207706,8.96802,;450.207706,9.01815,;450.207706,9.06823,;450.207706,9.11833,;450.207706,9.16842,;450.207706,9.21852,;450.207706,9.2686,;450.207706,9.31869,;450.207706,9.3688,;450.207706,9.41888,;450.207706,9.46898,;450.207706,9.51906,;450.207706,9.56914,;450.207706,9.61923,;450.207706,9.66931,;450.207706,9.71941,;450.207706,9.7695,;450.207706,9.8196,;450.207706,9.86969,;450.207706,9.91977,;450.207706,9.9699,;
inf,0.0500995,;inf,0.100209,;inf,0.150282,;inf,0.200365,;661.748625,0.25045,;661.748625,0.300536,;661.748625,0.350619,;661.748625,0.400692,;661.748625,0.450787,;661.748625,0.5009,;661.748625,0.550988,;655.185735,0.601111,;655.185735,0.6512,;655.185735,0.701277,;648.319802,0.751361,;645.107131,0.801494,;645.107131,0.851576,;645.107131,0.901669,;645.107131,0.951751,;645.107131,1.00184,;645.107131,1.05192,;645.107131,1.102,;645.107131,1.15208,;645.107131,1.20216,;645.107131,1.25227,;645.107131,1.30235,;645.107131,1.35246,;645.107131,1.40255,;645.107131,1.45267,;645.107131,1.50278,;645.107131,1.55287,;645.107131,1.603,;607.008095,1.65311,;607.008095,1.70323,;607.008095,1.75335,;607.008095,1.80344,;607.008095,1.85353,;607.008095,1.90362,;595.927647,1.95371,;595.927647,2.00383,;595.927647,2.05391,;595.927647,2.10399,;595.927647,2.15409,;595.927647,2.20417,;595.927647,2.25425,;595.927647,2.30433,;595.927647,2.35441,;595.927647,2.40451,;595.927647,2.45459,;595.927647,2.50468,;566.310410,2.55477,;566.310410,2.60484,;566.310410,2.65494,;566.310410,2.70504,;566.310410,2.75513,;566.310410,2.80523,;566.310410,2.85533,;566.310410,2.90541,;566.310410,2.95548,;566.310410,3.00558,;566.310410,3.05567,;566.310410,3.10576,;566.310410,3.15585,;566.310410,3.20594,;566.310410,3.25603,;566.310410,3.30607,;566.310410,3.35616,;566.310410,3.40624,;566.310410,3.45632,;566.310410,3.50641,;566.310410,3.5565,;566.310410,3.60658,;566.310410,3.65667,;566.310410,3.70675,;507.502938,3.75686,;507.502938,3.80695,;507.502938,3.85704,;501.477684,3.90714,;501.477684,3.95724,;501.477684,4.00733,;501.477684,4.05742,;501.477684,4.10752,;501.477684,4.1576,;501.477684,4.2077,;501.477684,4.25779,;501.477684,4.30789,;501.477684,4.35797,;501.477684,4.40807,;501.477684,4.45815,;501.477684,4.50825,;501.477684,4.55835,;483.976700,4.60847,;483.976700,4.65855,;483.976700,4.70864,;483.976700,4.75873,;483.976700,4.80882,;483.976700,4.85895,;483.976700,4.90903,;444.578865,4.95915,;444.578865,5.00923,;444.578865,5.05931,;444.578865,5.1094,;444.578865,5.15948,;444.578865,5.20963,;444.578865,5.25974,;444.578865,5.30985,;444.578865,5.35997,;444.578865,5.4101,;444.578865,5.46017,;430.350607,5.51025,;430.350607,5.56035,;430.350607,5.61043,;427.012841,5.66052,;427.012841,5.7106,;427.012841,5.76069,;427.012841,5.81081,;427.012841,5.86089,;427.012841,5.91098,;427.012841,5.96112,;427.012841,6.01119,;427.012841,6.06134,;427.012841,6.11142,;427.012841,6.16151,;427.012841,6.21161,;427.012841,6.26177,;427.012841,6.31188,;412.943462,6.36197,;412.943462,6.41204,;412.943462,6.4621,;412.943462,6.51219,;412.943462,6.56227,;412.943462,6.61236,;412.943462,6.66244,;412.943462,6.71253,;412.943462,6.76262,;412.943462,6.81271,;412.943462,6.8628,;412.943462,6.91292,;412.943462,6.963,;412.943462,7.01309,;412.943462,7.06319,;412.943462,7.11328,;412.943462,7.16336,;412.943462,7.21345,;412.943462,7.26354,;412.943462,7.31364,;412.943462,7.36371,;412.943462,7.4138,;412.943462,7.46389,;412.943462,7.51398,;412.943462,7.56407,;412.943462,7.61414,;412.943462,7.66423,;412.943462,7.71431,;412.943462,7.76438,;412.943462,7.81446,;412.943462,7.86454,;412.943462,7.91463,;412.943462,7.96471,;412.943462,8.0148,;412.943462,8.06488,;412.943462,8.11496,;412.943462,8.16504,;412.943462,8.21512,;412.943462,8.26521,;412.943462,8.31529,;412.943462,8.36537,;412.943462,8.41545,;412.943462,8.46554,;412.943462,8.51563,;412.943462,8.56575,;412.943462,8.61583,;412.943462,8.66592,;412.943462,8.71601,;412.943462,8.7661,;412.943462,8.81622,;412.943462,8.86629,;412.943462,8.91641,;412.943462,8.96649,;412.943462,9.01662,;412.943462,9.06669,;412.943462,9.11678,;412.943462,9.16686,;412.943462,9.21697,;412.943462,9.26705,;412.943462,9.31712,;412.943462,9.36721,;412.943462,9.4173,;412.943462,9.4674,;412.943462,9.51749,;412.943462,9.56757,;412.943462,9.61769,;412.943462,9.6678,;412.943462,9.71788,;412.943462,9.76797,;412.943462,9.81807,;412.943462,9.86815,;412.236533,9.91823,;412.236533,9.96835,;
inf,0.0500571,;inf,0.100166,;inf,0.150246,;677.509439,0.200347,;676.422388,0.250442,;676.422388,0.300533,;676.422388,0.350626,;676.422388,0.400711,;676.422388,0.450802,;676.422388,0.500889,;623.771142,0.550972,;623.771142,0.601053,;623.771142,0.651144,;623.771142,0.701226,;623.771142,0.751309,;623.771142,0.80139,;623.771142,0.851481,;623.771142,0.901575,;623.771142,0.951674,;623.771142,1.00177,;623.771142,1.05186,;623.771142,1.10196,;623.771142,1.15205,;623.771142,1.20214,;623.771142,1.25223,;623.771142,1.30233,;623.771142,1.35246,;623.771142,1.40254,;623.771142,1.45263,;623.771142,1.50273,;623.771142,1.55283,;623.771142,1.60293,;623.771142,1.65302,;623.771142,1.70315,;623.771142,1.75325,;623.771142,1.80339,;623.771142,1.85347,;623.771142,1.90359,;623.771142,1.95369,;623.771142,2.00377,;623.771142,2.05385,;623.771142,2.10395,;623.771142,2.15405,;623.771142,2.20415,;623.771142,2.25424,;623.771142,2.30433,;623.771142,2.35442,;623.771142,2.40453,;623.771142,2.45461,;623.771142,2.50473,;623.771142,2.55481,;623.771142,2.6049,;623.771142,2.655,;623.771142,2.70509,;623.771142,2.75518,;623.771142,2.80527,;623.771142,2.8554,;623.771142,2.90548,;623.771142,2.95557,;608.000345,3.00567,;608.000345,3.05575,;608.000345,3.10585,;608.000345,3.15595,;608.000345,3.20607,;608.000345,3.25619,;577.535271,3.30631,;577.535271,3.35641,;577.535271,3.40651,;577.535271,3.45662,;577.535271,3.50674,;577.535271,3.55685,;577.535271,3.60694,;577.535271,3.65704,;577.535271,3.70714,;577.535271,3.75725,;577.535271,3.80734,;577.535271,3.85744,;577.535271,3.90755,;577.535271,3.95764,;577.535271,4.00774,;577.535271,4.05786,;577.535271,4.10795,;577.535271,4.15804,;577.535271,4.20814,;577.535271,4.25823,;577.535271,4.30832,;577.535271,4.35842,;577.535271,4.4085,;549.074854,4.45859,;549.074854,4.50872,;549.074854,4.55884,;549.074854,4.60892,;549.074854,4.65905,;549.074854,4.70914,;549.074854,4.75923,;549.074854,4.80935,;548.596562,4.85948,;532.775565,4.90956,;532.775565,4.95965,;532.775565,5.00977,;532.775565,5.05987,;532.775565,5.10996,;532.775565,5.16009,;532.775565,5.21017,;532.775565,5.26029,;532.775565,5.31039,;532.775565,5.36047,;532.775565,5.41056,;532.775565,5.46066,;532.775565,5.51074,;532.775565,5.56086,;532.775565,5.61095,;532.775565,5.66104,;532.775565,5.71113,;532.775565,5.76122,;532.775565,5.81132,;532.775565,5.8614,;532.775565,5.91149,;532.775565,5.96158,;531.965901,6.01166,;531.965901,6.06178,;531.965901,6.11186,;531.965901,6.16194,;531.965901,6.21202,;531.965901,6.2621,;531.965901,6.31219,;531.965901,6.36227,;531.965901,6.41234,;531.965901,6.46242,;531.965901,6.51251,;531.965901,6.56259,;531.965901,6.61268,;531.965901,6.66277,;531.965901,6.71285,;490.646581,6.76294,;490.646581,6.81302,;490.646581,6.8631,;490.646581,6.91318,;490.646581,6.96326,;490.646581,7.01334,;490.646581,7.06342,;465.626745,7.1135,;465.626745,7.16359,;465.626745,7.21369,;465.626745,7.26378,;465.626745,7.31387,;428.431875,7.36396,;428.431875,7.41405,;428.431875,7.46413,;428.431875,7.51422,;428.431875,7.56431,;428.431875,7.61441,;428.431875,7.66451,;428.431875,7.7146,;428.431875,7.76468,;428.431875,7.81473,;428.431875,7.86486,;401.212284,7.91497,;401.212284,7.96505,;401.212284,8.01521,;401.212284,8.06534,;401.212284,8.11543,;400.964445,8.16551,;400.964445,8.21559,;400.964445,8.26568,;400.964445,8.31578,;395.212716,8.36587,;395.212716,8.41595,;395.212716,8.46605,;395.212716,8.51618,;395.212716,8.56626,;395.212716,8.61635,;395.212716,8.66645,;395.212716,8.71654,;395.212716,8.76663,;395.212716,8.81676,;395.212716,8.86688,;395.212716,8.91696,;395.212716,8.96705,;395.212716,9.01714,;395.212716,9.06724,;395.212716,9.11733,;395.212716,9.16744,;395.212716,9.21752,;395.212716,9.26762,;395.212716,9.31772,;395.212716,9.36781,;395.212716,9.41791,;395.212716,9.46801,;395.212716,9.51811,;384.517051,9.56823,;384.517051,9.61833,;384.517051,9.66843,;384.517051,9.71852,;384.517051,9.76862,;384.517051,9.81871,;384.517051,9.86883,;384.517051,9.91893,;384.517051,9.96905,;384.517051,10.0192,;384.517051,10.0693,;
inf,0.0500611,;inf,0.100198,;632.386351,0.150316,;632.386351,0.200399,;581.408208,0.250487,;581.408208,0.300584,;581.408208,0.350681,;581.408208,0.400773,;577.120598,0.450879,;577.120598,0.500976,;577.120598,0.551096,;577.120598,0.601215,;577.120598,0.651296,;577.120598,0.701393,;577.120598,0.751481,;577.120598,0.801595,;577.120598,0.851697,;577.120598,0.901794,;577.120598,0.951914,;577.120598,1.00201,;577.120598,1.05211,;577.120598,1.1022,;577.120598,1.15229,;577.120598,1.20238,;577.120598,1.25247,;577.120598,1.30256,;577.120598,1.35265,;577.120598,1.40278,;577.120598,1.45287,;577.120598,1.50299,;577.120598,1.5531,;577.120598,1.60318,;577.120598,1.65326,;577.120598,1.70338,;566.040328,1.7535,;566.040328,1.80359,;566.040328,1.85368,;566.040328,1.90381,;566.040328,1.95393,;566.040328,2.00402,;566.040328,2.05412,;566.040328,2.10422,;566.040328,2.15433,;566.040328,2.20442,;566.040328,2.2545,;566.040328,2.30459,;564.179712,2.35468,;564.179712,2.40477,;564.179712,2.45486,;564.179712,2.50495,;564.179712,2.55504,;564.179712,2.60513,;564.179712,2.65522,;564.179712,2.70532,;563.895094,2.7554,;559.226208,2.80551,;559.226208,2.8556,;559.226208,2.9057,;559.226208,2.9558,;559.226208,3.00589,;559.226208,3.05599,;559.226208,3.10609,;559.226208,3.15618,;559.226208,3.20626,;559.226208,3.25634,;559.226208,3.30642,;559.226208,3.35651,;536.257988,3.40661,;536.257988,3.45669,;536.257988,3.50678,;536.257988,3.55687,;536.257988,3.60696,;536.257988,3.65706,;536.257988,3.70715,;536.257988,3.75723,;536.257988,3.80731,;536.257988,3.85739,;536.257988,3.90747,;536.257988,3.95755,;536.257988,4.00762,;536.257988,4.0577,;536.257988,4.10778,;536.257988,4.15786,;536.257988,4.20793,;536.257988,4.25801,;536.257988,4.30809,;536.257988,4.35817,;536.257988,4.40822,;536.257988,4.4583,;536.257988,4.50838,;536.257988,4.55846,;536.257988,4.60854,;536.257988,4.65862,;536.257988,4.7087,;536.257988,4.75878,;536.257988,4.80886,;536.257988,4.85893,;536.257988,4.90901,;536.257988,4.95908,;536.257988,5.00916,;536.257988,5.05923,;536.257988,5.10933,;536.257988,5.15941,;536.257988,5.20949,;536.257988,5.25958,;536.257988,5.30967,;536.257988,5.35976,;427.189795,5.40985,;410.981810,5.45994,;410.981810,5.51002,;410.981810,5.5601,;410.981810,5.61018,;410.981810,5.66024,;399.581658,5.71033,;399.581658,5.76042,;395.205163,5.81054,;395.205163,5.86063,;395.205163,5.91071,;395.205163,5.9608,;395.205163,6.01089,;395.205163,6.06098,;395.205163,6.11105,;395.205163,6.16114,;395.205163,6.21122,;395.205163,6.26131,;395.205163,6.3114,;395.205163,6.36149,;395.205163,6.41158,;395.205163,6.46167,;395.205163,6.51176,;395.205163,6.56185,;395.205163,6.61195,;395.205163,6.66203,;395.205163,6.71212,;395.205163,6.76221,;395.205163,6.81229,;395.205163,6.86238,;395.205163,6.91246,;395.205163,6.96255,;395.205163,7.01264,;395.205163,7.06273,;395.205163,7.11283,;395.205163,7.16292,;395.205163,7.21301,;395.205163,7.26311,;395.205163,7.31321,;395.205163,7.36331,;395.205163,7.4134,;395.205163,7.46349,;395.205163,7.51358,;395.205163,7.56367,;395.205163,7.61376,;395.205163,7.66386,;395.205163,7.71395,;395.205163,7.76403,;395.205163,7.81408,;395.205163,7.86418,;395.205163,7.91427,;395.205163,7.96435,;395.205163,8.01445,;395.205163,8.06453,;395.205163,8.11462,;395.205163,8.16471,;395.205163,8.21481,;395.205163,8.26491,;395.205163,8.315,;395.205163,8.3651,;395.205163,8.41522,;395.205163,8.46531,;395.205163,8.5154,;395.205163,8.56552,;395.205163,8.6156,;395.205163,8.66569,;395.205163,8.71578,;395.205163,8.76587,;395.205163,8.81597,;395.205163,8.86606,;395.205163,8.91615,;395.205163,8.96626,;395.205163,9.01634,;395.205163,9.06643,;395.205163,9.11652,;395.205163,9.16661,;395.205163,9.21671,;395.205163,9.26679,;395.205163,9.31689,;395.205163,9.36697,;395.205163,9.41706,;395.205163,9.46716,;395.205163,9.51724,;395.205163,9.56733,;395.205163,9.61742,;395.205163,9.66755,;395.205163,9.71764,;395.205163,9.76773,;395.205163,9.81782,;395.205163,9.86792,;395.205163,9.91802,;395.205163,9.96811,;395.205163,10.0182,;395.074581,10.0683,;
inf,0.0500592,;721.328222,0.100147,;721.328222,0.150238,;721.328222,0.200341,;721.328222,0.250437,;721.328222,0.300558,;721.328222,0.350643,;721.328222,0.400735,;721.328222,0.450829,;721.328222,0.500924,;721.328222,0.551023,;721.328222,0.601152,;701.399959,0.651242,;701.399959,0.701327,;701.399959,0.751427,;701.399959,0.801509,;701.399959,0.851599,;701.399959,0.901689,;701.399959,0.951784,;701.399959,1.00189,;701.399959,1.05198,;690.998893,1.10208,;690.998893,1.15217,;690.998893,1.20227,;690.998893,1.25237,;690.998893,1.30246,;690.998893,1.35255,;690.998893,1.40265,;690.998893,1.45275,;690.998893,1.50287,;690.998893,1.55296,;690.998893,1.6031,;690.998893,1.65316,;690.998893,1.70326,;690.998893,1.75333,;690.998893,1.80346,;681.534275,1.85354,;681.534275,1.90363,;661.435094,1.95372,;661.435094,2.00385,;661.435094,2.05394,;661.435094,2.10404,;661.435094,2.15412,;661.435094,2.2042,;661.435094,2.25431,;661.435094,2.30444,;661.435094,2.35455,;661.435094,2.40464,;661.435094,2.45473,;661.435094,2.50484,;661.435094,2.55495,;661.435094,2.60507,;661.435094,2.65518,;661.435094,2.70526,;661.435094,2.75536,;661.435094,2.80544,;661.435094,2.85553,;661.435094,2.90563,;661.435094,2.95575,;646.169865,3.00584,;646.169865,3.05592,;646.169865,3.106,;646.169865,3.15609,;646.169865,3.20619,;646.169865,3.25628,;646.169865,3.30637,;646.169865,3.35648,;646.169865,3.40657,;646.169865,3.45666,;646.169865,3.50673,;646.169865,3.55683,;646.169865,3.60692,;646.169865,3.65701,;646.169865,3.70711,;646.169865,3.7572,;623.816082,3.80729,;623.816082,3.85737,;623.816082,3.90746,;623.816082,3.95756,;465.838382,4.00766,;465.838382,4.05776,;465.838382,4.10786,;465.838382,4.15796,;465.838382,4.20809,;465.838382,4.25817,;465.838382,4.30829,;376.038383,4.35838,;376.038383,4.40851,;376.038383,4.45864,;376.038383,4.50873,;376.038383,4.55882,;376.038383,4.60894,;376.038383,4.65907,;376.038383,4.70915,;376.038383,4.75928,;376.038383,4.8094,;376.038383,4.85949,;376.038383,4.90958,;376.038383,4.95967,;376.038383,5.00976,;376.038383,5.05989,;376.038383,5.10997,;376.038383,5.16005,;376.038383,5.21017,;376.038383,5.26025,;376.038383,5.31033,;376.038383,5.36043,;376.038383,5.41052,;376.038383,5.4606,;376.038383,5.51068,;376.038383,5.5608,;376.038383,5.61088,;376.038383,5.66097,;376.038383,5.71106,;376.038383,5.76115,;376.038383,5.81124,;376.038383,5.86132,;376.038383,5.91144,;376.038383,5.96151,;376.038383,6.01162,;376.038383,6.0617,;376.038383,6.1118,;376.038383,6.1619,;376.038383,6.21203,;376.038383,6.26211,;376.038383,6.31219,;376.038383,6.36227,;376.038383,6.41236,;376.038383,6.46245,;376.038383,6.51254,;376.038383,6.56263,;376.038383,6.61272,;376.038383,6.66281,;376.038383,6.7129,;376.038383,6.76298,;376.038383,6.81307,;376.038383,6.86315,;376.038383,6.91324,;376.038383,6.96334,;376.038383,7.01348,;376.038383,7.06356,;376.038383,7.11365,;376.038383,7.16377,;376.038383,7.21387,;376.038383,7.26398,;376.038383,7.31407,;376.038383,7.36417,;376.038383,7.41426,;376.038383,7.46436,;376.038383,7.51446,;376.038383,7.56455,;376.038383,7.61469,;376.038383,7.66477,;376.038383,7.71486,;376.038383,7.76495,;372.167791,7.81505,;372.167791,7.86517,;372.167791,7.9153,;372.167791,7.96538,;372.167791,8.01548,;372.167791,8.06558,;372.167791,8.11566,;372.167791,8.16575,;366.817214,8.21585,;366.817214,8.26593,;366.817214,8.31601,;366.817214,8.36611,;366.817214,8.41619,;366.817214,8.46627,;366.817214,8.51636,;366.817214,8.56645,;366.817214,8.61653,;366.817214,8.66662,;366.817214,8.71671,;366.817214,8.76677,;366.817214,8.81688,;366.817214,8.86702,;366.817214,8.91712,;366.817214,8.96723,;366.817214,9.01731,;366.817214,9.06744,;364.996722,9.11753,;364.996722,9.16763,;364.996722,9.21773,;364.996722,9.26783,;364.996722,9.31792,;364.996722,9.36806,;364.996722,9.41815,;364.996722,9.46828,;364.996722,9.51837,;364.996722,9.56851,;364.996722,9.6186,;364.996722,9.6687,;364.996722,9.71878,;364.996722,9.76888,;364.996722,9.81897,;358.416161,9.86905,;358.416161,9.91915,;358.416161,9.96924,;358.416161,10.0193,;
inf,0.0500578,;inf,0.100143,;671.105651,0.150232,;671.105651,0.200327,;671.105651,0.250414,;671.105651,0.300495,;671.105651,0.350575,;671.105651,0.400662,;599.698954,0.450762,;599.698954,0.500853,;599.698954,0.550939,;571.730498,0.601019,;571.730498,0.651117,;571.730498,0.701207,;571.730498,0.751278,;571.730498,0.801373,;571.730498,0.851474,;571.730498,0.901562,;564.170960,0.951648,;564.170960,1.00174,;539.475108,1.05183,;539.475108,1.10192,;539.475108,1.152,;539.475108,1.20208,;539.475108,1.25218,;539.475108,1.30228,;539.475108,1.35236,;539.475108,1.40248,;539.475108,1.45255,;539.475108,1.50263,;539.475108,1.55272,;539.475108,1.60282,;526.742332,1.65292,;526.742332,1.70303,;526.742332,1.75311,;526.742332,1.8032,;526.742332,1.85329,;526.742332,1.90337,;524.425007,1.95346,;524.425007,2.00355,;524.425007,2.05364,;524.425007,2.10373,;524.425007,2.15381,;524.425007,2.2039,;524.425007,2.25399,;524.425007,2.30408,;524.425007,2.35416,;524.425007,2.40425,;524.425007,2.45434,;524.425007,2.50442,;524.425007,2.55451,;524.425007,2.60459,;524.425007,2.65469,;524.425007,2.70478,;524.425007,2.75487,;524.425007,2.80497,;524.425007,2.85511,;524.425007,2.90521,;524.425007,2.95533,;524.425007,3.00541,;524.425007,3.05549,;524.425007,3.10558,;524.425007,3.15567,;524.425007,3.2058,;524.425007,3.25588,;524.425007,3.30597,;524.425007,3.35606,;524.425007,3.40616,;524.425007,3.45625,;524.425007,3.50634,;524.425007,3.55642,;513.354325,3.6065,;513.354325,3.65659,;513.354325,3.70668,;513.354325,3.75676,;513.354325,3.80685,;513.354325,3.85693,;512.305670,3.90702,;512.305670,3.95711,;512.305670,4.0072,;512.305670,4.05729,;512.305670,4.10737,;512.305670,4.15746,;512.305670,4.20755,;512.305670,4.25764,;512.305670,4.30772,;512.305670,4.3578,;494.226791,4.40789,;494.226791,4.45798,;494.226791,4.50807,;494.226791,4.55815,;494.226791,4.60824,;494.226791,4.65833,;494.226791,4.70842,;494.226791,4.75851,;494.226791,4.8086,;494.226791,4.85868,;494.226791,4.90877,;494.226791,4.95885,;494.226791,5.00894,;494.226791,5.05904,;494.226791,5.10914,;494.226791,5.15922,;494.226791,5.20931,;494.226791,5.2594,;494.226791,5.30949,;494.226791,5.35959,;494.226791,5.40968,;494.226791,5.45977,;494.226791,5.50985,;494.226791,5.55998,;494.226791,5.61007,;494.226791,5.66016,;494.226791,5.71026,;494.226791,5.76035,;494.226791,5.81048,;494.226791,5.86056,;494.226791,5.91067,;494.226791,5.96075,;494.226791,6.01085,;494.226791,6.06093,;494.226791,6.11101,;494.226791,6.1611,;494.226791,6.21123,;494.226791,6.26132,;494.226791,6.31141,;494.226791,6.36151,;494.226791,6.41163,;494.226791,6.46172,;494.226791,6.51184,;494.226791,6.56193,;494.226791,6.61205,;494.226791,6.66214,;494.226791,6.71224,;494.226791,6.76235,;494.226791,6.8124,;494.226791,6.86252,;494.226791,6.91261,;494.226791,6.96273,;494.226791,7.01282,;494.226791,7.06294,;494.226791,7.11302,;494.226791,7.16306,;494.226791,7.21315,;494.226791,7.26325,;494.226791,7.31336,;494.226791,7.36344,;494.226791,7.41353,;494.226791,7.46363,;494.226791,7.51375,;489.001213,7.56387,;489.001213,7.61396,;489.001213,7.66408,;489.001213,7.71419,;489.001213,7.7643,;489.001213,7.81442,;489.001213,7.86453,;402.170685,7.91465,;402.170685,7.96475,;402.170685,8.01487,;377.001503,8.06497,;377.001503,8.11506,;377.001503,8.16517,;377.001503,8.21526,;377.001503,8.26539,;377.001503,8.3155,;377.001503,8.36559,;377.001503,8.41569,;377.001503,8.46581,;377.001503,8.51589,;377.001503,8.56598,;377.001503,8.6161,;377.001503,8.66619,;377.001503,8.71628,;377.001503,8.76637,;377.001503,8.81646,;377.001503,8.86655,;377.001503,8.91664,;377.001503,8.96673,;377.001503,9.01682,;377.001503,9.06697,;377.001503,9.11706,;377.001503,9.16715,;377.001503,9.21724,;377.001503,9.26733,;377.001503,9.3174,;377.001503,9.3675,;377.001503,9.41757,;377.001503,9.46766,;377.001503,9.51776,;377.001503,9.56786,;377.001503,9.61795,;377.001503,9.66806,;374.718892,9.71815,;374.718892,9.76828,;374.718892,9.81838,;374.718892,9.8685,;374.718892,9.91859,;374.718892,9.96867,;
inf,0.0500956,;511.909827,0.100184,;511.909827,0.150262,;493.309025,0.200387,;491.090373,0.250488,;491.090373,0.300582,;491.090373,0.350663,;490.640219,0.400779,;490.640219,0.450861,;490.640219,0.500974,;490.640219,0.551056,;490.640219,0.601152,;490.640219,0.651236,;490.640219,0.701322,;463.364901,0.751407,;463.364901,0.801482,;463.364901,0.851562,;463.364901,0.901657,;463.364901,0.951732,;463.364901,1.00181,;463.364901,1.05192,;463.364901,1.10203,;463.364901,1.15214,;463.364901,1.20223,;463.364901,1.25235,;463.364901,1.30247,;463.364901,1.35256,;463.364901,1.40263,;463.364901,1.45272,;463.364901,1.5028,;463.364901,1.55289,;463.364901,1.60298,;463.364901,1.6531,;460.709765,1.70318,;460.709765,1.75329,;460.709765,1.80338,;460.709765,1.85351,;460.709765,1.90358,;460.709765,1.95367,;460.709765,2.00376,;460.709765,2.05389,;460.709765,2.10401,;460.709765,2.15409,;460.709765,2.20419,;460.709765,2.25431,;460.709765,2.3044,;460.709765,2.35448,;460.709765,2.40456,;460.709765,2.45468,;460.709765,2.50477,;460.709765,2.55485,;460.709765,2.60493,;460.709765,2.65501,;460.709765,2.7051,;449.249915,2.75519,;449.249915,2.80527,;449.249915,2.85536,;449.249915,2.90549,;449.249915,2.95558,;449.249915,3.00567,;449.249915,3.05576,;449.249915,3.10587,;449.249915,3.156,;449.249915,3.20612,;449.249915,3.25626,;449.249915,3.30639,;449.249915,3.35651,;449.249915,3.40659,;449.249915,3.45671,;449.249915,3.50681,;449.249915,3.55692,;449.249915,3.60701,;449.249915,3.65714,;449.249915,3.70722,;449.249915,3.75731,;449.249915,3.80739,;449.249915,3.85748,;449.249915,3.90758,;449.249915,3.95766,;449.249915,4.00775,;449.249915,4.05785,;449.249915,4.10794,;449.249915,4.15803,;449.249915,4.20812,;449.249915,4.25821,;449.249915,4.30831,;449.249915,4.3584,;449.249915,4.40849,;449.249915,4.45858,;449.249915,4.50866,;449.249915,4.55876,;449.249915,4.60887,;449.249915,4.65896,;449.249915,4.70907,;449.249915,4.75916,;449.249915,4.80924,;449.249915,4.85934,;449.249915,4.90943,;449.249915,4.95953,;449.249915,5.00961,;449.249915,5.05971,;449.249915,5.1098,;449.249915,5.15989,;449.249915,5.20997,;449.249915,5.26007,;449.249915,5.31015,;449.249915,5.36024,;449.249915,5.41034,;449.249915,5.46043,;449.249915,5.51049,;449.249915,5.56058,;449.249915,5.61067,;449.249915,5.66076,;449.249915,5.71085,;449.249915,5.76095,;449.249915,5.81104,;449.249915,5.86114,;449.249915,5.91123,;449.249915,5.96133,;449.249915,6.01142,;449.249915,6.06151,;449.249915,6.1116,;449.249915,6.16169,;449.249915,6.21178,;449.249915,6.26187,;449.249915,6.31195,;449.249915,6.36206,;449.249915,6.41215,;449.249915,6.46225,;449.249915,6.51234,;449.249915,6.56243,;449.249915,6.61252,;449.249915,6.66261,;449.249915,6.7127,;449.249915,6.76279,;449.249915,6.81287,;449.249915,6.86296,;449.249915,6.91307,;449.249915,6.96316,;449.249915,7.01324,;449.249915,7.06334,;444.439889,7.11342,;444.439889,7.16352,;444.439889,7.2136,;444.439889,7.2637,;444.439889,7.31378,;444.439889,7.36387,;444.263080,7.41396,;444.263080,7.46405,;444.263080,7.51413,;444.263080,7.56423,;444.263080,7.61431,;444.263080,7.66442,;444.263080,7.7145,;444.263080,7.7646,;444.263080,7.81468,;444.263080,7.86477,;444.263080,7.91485,;444.263080,7.96495,;444.263080,8.01503,;444.263080,8.06513,;444.263080,8.11522,;444.263080,8.16531,;444.263080,8.21539,;444.263080,8.26549,;444.263080,8.31557,;444.263080,8.36567,;444.263080,8.41575,;444.263080,8.46584,;444.263080,8.51593,;444.263080,8.56602,;444.263080,8.6161,;444.263080,8.66619,;444.263080,8.71627,;444.263080,8.76636,;444.263080,8.81644,;444.263080,8.86653,;444.263080,8.91662,;444.263080,8.96671,;433.665774,9.0168,;433.665774,9.06689,;433.665774,9.11697,;433.665774,9.16705,;433.665774,9.21714,;433.665774,9.26723,;433.665774,9.31732,;433.665774,9.36741,;433.665774,9.41749,;433.665774,9.46754,;433.665774,9.51763,;433.665774,9.56772,;433.665774,9.6178,;433.665774,9.66789,;433.665774,9.71798,;433.665774,9.76808,;433.665774,9.81817,;433.665774,9.86826,;433.665774,9.91834,;433.665774,9.96844,;433.665774,10.0185,;433.665774,10.0686,;
inf,0.0500646,;inf,0.100157,;929.451528,0.150243,;880.067677,0.200334,;880.067677,0.250455,;880.067677,0.300544,;880.067677,0.350662,;880.067677,0.400733,;880.067677,0.450807,;877.039694,0.500881,;877.039694,0.550958,;808.007598,0.60105,;808.007598,0.651142,;798.197112,0.701226,;798.197112,0.7513,;798.197112,0.801374,;798.197112,0.851451,;798.197112,0.901561,;782.482609,0.951635,;782.482609,1.00171,;782.482609,1.05178,;782.482609,1.10187,;782.482609,1.15197,;782.482609,1.20208,;782.482609,1.25216,;782.482609,1.30223,;782.482609,1.35231,;782.482609,1.40239,;782.482609,1.45248,;782.482609,1.50256,;782.482609,1.55264,;782.482609,1.60271,;782.482609,1.65284,;782.482609,1.70292,;782.482609,1.753,;782.482609,1.80308,;782.482609,1.85316,;782.482609,1.90325,;782.482609,1.95334,;782.482609,2.00347,;782.482609,2.05355,;782.482609,2.10363,;782.482609,2.15371,;782.482609,2.20378,;782.482609,2.25386,;782.482609,2.30394,;782.482609,2.35402,;782.482609,2.40409,;777.403025,2.45417,;777.403025,2.50424,;772.629063,2.55432,;772.629063,2.60439,;770.997872,2.65448,;770.997872,2.70457,;770.997872,2.75465,;770.997872,2.80473,;770.997872,2.8548,;770.997872,2.90488,;770.997872,2.95496,;770.997872,3.00504,;770.997872,3.05511,;770.997872,3.10519,;764.409657,3.15527,;764.409657,3.2054,;764.409657,3.25548,;764.409657,3.30556,;764.409657,3.35565,;764.409657,3.40575,;764.409657,3.45583,;764.409657,3.50598,;764.409657,3.55606,;764.409657,3.60615,;764.409657,3.65624,;764.409657,3.70633,;764.409657,3.75641,;764.409657,3.80649,;764.409657,3.85658,;764.409657,3.90668,;764.409657,3.95676,;758.803747,4.00685,;758.803747,4.05693,;758.803747,4.10702,;758.803747,4.15711,;748.710451,4.20721,;748.710451,4.2573,;748.710451,4.3074,;748.710451,4.35753,;748.710451,4.40763,;748.710451,4.45771,;748.710451,4.5078,;748.710451,4.55788,;748.710451,4.60797,;748.710451,4.65806,;748.710451,4.70816,;748.710451,4.75826,;748.710451,4.80835,;748.710451,4.85845,;748.710451,4.90854,;748.710451,4.95863,;748.710451,5.00873,;748.710451,5.05881,;748.710451,5.1089,;748.710451,5.15894,;748.710451,5.20903,;748.710451,5.25913,;748.710451,5.30921,;748.710451,5.3593,;748.710451,5.40939,;742.854026,5.45948,;742.854026,5.50957,;742.854026,5.55965,;433.995391,5.60974,;433.995391,5.65982,;433.995391,5.70991,;433.995391,5.76002,;433.995391,5.81011,;433.995391,5.86021,;433.995391,5.91031,;433.995391,5.9604,;433.995391,6.01052,;433.995391,6.06061,;433.995391,6.11071,;433.995391,6.16081,;433.995391,6.21089,;433.995391,6.26098,;433.995391,6.31108,;433.995391,6.3612,;425.340157,6.41128,;425.340157,6.46137,;425.340157,6.51147,;425.340157,6.56156,;425.340157,6.61169,;425.340157,6.66181,;425.340157,6.7119,;425.340157,6.76198,;425.340157,6.81207,;425.340157,6.8622,;425.340157,6.91228,;425.340157,6.96238,;425.340157,7.01247,;425.340157,7.06259,;425.340157,7.11267,;425.340157,7.16273,;425.340157,7.21284,;425.340157,7.26296,;417.043898,7.31307,;417.043898,7.36316,;417.043898,7.41328,;417.043898,7.46336,;417.043898,7.51345,;417.043898,7.56354,;417.043898,7.61362,;417.043898,7.66371,;417.043898,7.71379,;417.043898,7.76387,;417.043898,7.81396,;417.043898,7.86405,;417.043898,7.91414,;417.043898,7.96426,;417.043898,8.01434,;417.043898,8.06442,;417.043898,8.11452,;417.043898,8.16462,;417.043898,8.2147,;417.043898,8.2648,;417.043898,8.31488,;417.043898,8.365,;417.043898,8.41509,;416.206677,8.46516,;416.206677,8.51524,;416.206677,8.56536,;416.206677,8.61545,;416.206677,8.66553,;416.206677,8.71561,;416.206677,8.76572,;416.206677,8.8158,;416.206677,8.86588,;416.206677,8.91595,;416.206677,8.96602,;416.206677,9.01611,;416.206677,9.06622,;416.206677,9.11631,;416.206677,9.16643,;416.206677,9.21654,;416.206677,9.26665,;416.206677,9.31674,;416.206677,9.36679,;416.206677,9.41691,;416.206677,9.46698,;416.206677,9.51706,;416.206677,9.56715,;416.206677,9.61723,;416.206677,9.66731,;416.206677,9.71739,;416.206677,9.76749,;416.206677,9.81759,;416.206677,9.86768,;416.206677,9.91778,;416.206677,9.96786,;415.357703,10.018,;415.357703,10.068,;
inf,0.0500568,;560.421219,0.100137,;541.294957,0.150235,;541.294957,0.200338,;541.294957,0.250423,;539.340014,0.30053,;539.340014,0.350623,;538.594157,0.400712,;532.318588,0.450804,;532.318588,0.500894,;532.318588,0.550977,;532.318588,0.601059,;522.339151,0.651147,;522.339151,0.701231,;522.339151,0.751321,;522.339151,0.801432,;522.339151,0.851507,;522.339151,0.901595,;522.339151,0.951687,;522.339151,1.00179,;522.339151,1.05188,;522.339151,1.10201,;522.339151,1.1521,;522.339151,1.20219,;522.339151,1.25228,;522.339151,1.30237,;522.339151,1.35246,;522.339151,1.40258,;522.339151,1.45267,;522.339151,1.50275,;522.339151,1.55283,;522.339151,1.60291,;522.339151,1.65302,;522.339151,1.70309,;522.339151,1.75319,;522.339151,1.80336,;522.339151,1.85344,;522.339151,1.90352,;522.339151,1.95362,;522.339151,2.0037,;522.339151,2.05383,;522.339151,2.10391,;522.339151,2.154,;522.339151,2.20409,;522.339151,2.25418,;522.339151,2.30427,;522.339151,2.35435,;522.339151,2.40444,;522.339151,2.45453,;522.339151,2.50461,;522.339151,2.5547,;522.339151,2.60479,;522.339151,2.65488,;522.339151,2.70497,;522.339151,2.75506,;522.339151,2.80515,;522.339151,2.85522,;522.339151,2.90531,;522.339151,2.95539,;522.339151,3.00548,;522.339151,3.05556,;522.339151,3.10565,;522.339151,3.15573,;522.339151,3.20582,;522.339151,3.25594,;522.339151,3.30603,;522.339151,3.35613,;510.427906,3.40622,;510.427906,3.45632,;510.427906,3.50642,;510.427906,3.55652,;510.427906,3.60662,;510.427906,3.65672,;510.427906,3.70684,;510.427906,3.75696,;510.427906,3.80708,;507.909367,3.85716,;507.909367,3.90723,;507.909367,3.95732,;507.909367,4.00741,;507.909367,4.05754,;507.909367,4.10763,;507.909367,4.15772,;507.909367,4.20782,;507.909367,4.25792,;507.909367,4.30801,;489.278426,4.3581,;489.278426,4.40823,;489.278426,4.45834,;489.278426,4.50843,;489.278426,4.55851,;489.278426,4.60863,;489.278426,4.65872,;489.278426,4.7088,;489.278426,4.75892,;489.278426,4.80902,;489.278426,4.85911,;489.278426,4.90921,;489.278426,4.9593,;489.278426,5.00938,;489.278426,5.05947,;489.278426,5.10956,;489.278426,5.15964,;489.278426,5.20973,;489.278426,5.25981,;489.278426,5.30989,;489.278426,5.35997,;489.278426,5.41005,;489.278426,5.46014,;489.278426,5.51023,;489.278426,5.56033,;489.278426,5.6104,;489.278426,5.66049,;489.278426,5.71061,;489.278426,5.76071,;489.278426,5.81082,;489.278426,5.8609,;489.278426,5.911,;489.278426,5.96109,;489.278426,6.01117,;489.278426,6.06126,;489.278426,6.11135,;489.278426,6.16144,;489.278426,6.21153,;489.278426,6.26163,;489.278426,6.31172,;489.278426,6.3618,;489.278426,6.41189,;489.278426,6.46201,;489.278426,6.5121,;484.253090,6.56219,;484.253090,6.61228,;484.253090,6.6624,;484.253090,6.7125,;484.253090,6.7626,;484.253090,6.81269,;484.253090,6.86278,;477.647287,6.91287,;477.647287,6.96296,;477.647287,7.01308,;477.647287,7.06317,;477.647287,7.11329,;477.647287,7.16337,;477.647287,7.21344,;477.647287,7.26352,;477.647287,7.31363,;477.647287,7.36371,;477.647287,7.41379,;477.647287,7.46388,;477.647287,7.51397,;477.647287,7.56407,;477.647287,7.61416,;477.647287,7.66426,;443.412070,7.71438,;443.412070,7.76447,;443.412070,7.81459,;443.412070,7.8647,;443.412070,7.91481,;443.412070,7.96492,;443.412070,8.01503,;443.412070,8.06514,;420.412294,8.11528,;418.845520,8.16543,;409.154030,8.2155,;404.363669,8.26562,;404.363669,8.31569,;404.363669,8.36577,;404.363669,8.41586,;404.363669,8.46594,;404.363669,8.51602,;404.363669,8.56612,;404.363669,8.61622,;404.363669,8.66633,;404.363669,8.71641,;404.363669,8.76651,;404.363669,8.8166,;404.363669,8.86673,;404.363669,8.91681,;404.363669,8.9669,;404.363669,9.01699,;404.363669,9.06708,;404.363669,9.11717,;404.363669,9.16723,;404.363669,9.21732,;404.363669,9.2674,;404.363669,9.31748,;404.363669,9.36757,;404.363669,9.41767,;404.363669,9.46776,;404.363669,9.51785,;404.363669,9.56793,;404.363669,9.61803,;404.363669,9.6681,;404.363669,9.7182,;404.363669,9.76829,;404.363669,9.81837,;404.363669,9.8685,;402.176513,9.91858,;402.176513,9.96867,;402.176513,10.0188,;
inf,0.0500762,;inf,0.100165,;763.789511,0.150252,;763.789511,0.200338,;748.378810,0.250426,;748.378810,0.30054,;748.378810,0.35063,;747.068244,0.400724,;669.146933,0.450867,;654.407575,0.500982,;654.407575,0.551057,;654.407575,0.601133,;654.407575,0.651228,;654.407575,0.701323,;612.747763,0.751423,;612.747763,0.801532,;612.747763,0.851622,;612.747763,0.901704,;612.747763,0.951787,;612.747763,1.00187,;612.747763,1.05198,;612.747763,1.1021,;612.747763,1.15219,;612.747763,1.20229,;612.747763,1.25241,;612.747763,1.30254,;612.747763,1.35266,;612.747763,1.40278,;612.747763,1.45288,;598.844104,1.50297,;598.844104,1.5531,;598.844104,1.60319,;598.844104,1.65326,;598.844104,1.70334,;598.844104,1.75343,;598.844104,1.80352,;598.844104,1.85359,;598.844104,1.90369,;598.844104,1.9538,;598.844104,2.00392,;598.844104,2.05399,;597.234990,2.10411,;597.234990,2.15419,;597.234990,2.2043,;597.234990,2.25437,;597.234990,2.30449,;597.234990,2.35458,;597.234990,2.40469,;597.234990,2.45478,;597.234990,2.50491,;597.234990,2.55498,;597.234990,2.60509,;597.234990,2.6552,;597.234990,2.70531,;597.234990,2.7554,;597.234990,2.80551,;597.234990,2.85563,;597.234990,2.90571,;597.234990,2.95583,;597.234990,3.00596,;504.112630,3.05607,;504.112630,3.10619,;504.112630,3.1563,;504.112630,3.20645,;504.112630,3.25656,;504.112630,3.30665,;424.628417,3.35677,;424.628417,3.40689,;424.628417,3.45697,;424.628417,3.50705,;424.628417,3.55716,;424.628417,3.60724,;424.628417,3.65735,;424.628417,3.70744,;424.628417,3.75755,;424.628417,3.80764,;424.628417,3.85775,;424.628417,3.90783,;424.628417,3.95795,;424.628417,4.00807,;408.832370,4.05818,;408.832370,4.10829,;408.832370,4.15841,;408.832370,4.20852,;408.832370,4.2586,;394.721995,4.30871,;394.721995,4.35882,;394.721995,4.40892,;394.721995,4.45901,;394.721995,4.50912,;394.721995,4.55923,;394.721995,4.60935,;394.721995,4.65946,;394.721995,4.70957,;394.721995,4.75968,;394.721995,4.80977,;394.721995,4.85985,;394.721995,4.90992,;394.721995,4.96,;394.721995,5.01009,;394.721995,5.06017,;394.721995,5.11024,;394.721995,5.16032,;394.721995,5.21048,;394.721995,5.26056,;394.721995,5.31068,;394.721995,5.36079,;394.721995,5.41089,;394.721995,5.46097,;394.721995,5.51106,;394.721995,5.56117,;394.721995,5.6113,;394.721995,5.66143,;388.289375,5.71152,;388.289375,5.76163,;388.289375,5.81172,;388.289375,5.86183,;388.289375,5.91194,;388.289375,5.96202,;388.289375,6.01211,;388.289375,6.06218,;388.289375,6.11226,;388.289375,6.16233,;388.289375,6.21244,;388.289375,6.26255,;388.289375,6.31266,;388.289375,6.36274,;388.289375,6.41286,;388.289375,6.46293,;388.289375,6.51301,;388.289375,6.56309,;388.289375,6.61317,;388.289375,6.66325,;388.289375,6.71333,;388.289375,6.76342,;388.289375,6.81351,;388.289375,6.8636,;388.289375,6.91372,;388.289375,6.96383,;388.289375,7.01391,;388.289375,7.06399,;388.289375,7.11407,;388.289375,7.16414,;388.289375,7.21423,;388.289375,7.26434,;388.289375,7.31441,;388.289375,7.36452,;388.289375,7.41463,;388.289375,7.46474,;388.289375,7.51482,;388.289375,7.5649,;388.289375,7.61498,;388.289375,7.66505,;388.289375,7.71513,;388.289375,7.76521,;388.289375,7.8153,;388.289375,7.86541,;388.289375,7.9155,;388.289375,7.96562,;388.289375,8.0157,;388.289375,8.06578,;388.289375,8.11585,;388.289375,8.16597,;388.289375,8.21606,;388.289375,8.26613,;388.289375,8.31619,;388.289375,8.36629,;388.289375,8.41638,;388.289375,8.46646,;388.289375,8.51653,;388.289375,8.5666,;388.289375,8.61668,;388.289375,8.66678,;388.289375,8.71685,;388.289375,8.76692,;388.289375,8.81704,;388.289375,8.86711,;388.289375,8.91719,;388.289375,8.96728,;388.289375,9.01737,;388.289375,9.06746,;388.289375,9.11758,;387.988600,9.16767,;387.988600,9.21776,;387.988600,9.26788,;387.988600,9.318,;387.988600,9.36808,;387.988600,9.41821,;387.988600,9.46829,;387.988600,9.51842,;387.988600,9.5685,;387.988600,9.61858,;387.988600,9.66866,;387.988600,9.71878,;387.988600,9.76889,;387.988600,9.81896,;381.202438,9.86904,;381.202438,9.91913,;381.202438,9.96924,;381.202438,10.0193,;
inf,0.0500995,;inf,0.100188,;inf,0.150336,;inf,0.200452,;inf,0.25057,;663.704428,0.300688,;657.618594,0.3508,;623.667518,0.400917,;623.667518,0.451036,;623.667518,0.501113,;623.667518,0.551198,;623.667518,0.601324,;623.667518,0.651411,;623.667518,0.701501,;623.667518,0.75157,;623.667518,0.801651,;623.667518,0.851728,;623.667518,0.901838,;595.664415,0.951926,;595.664415,1.00206,;587.457702,1.05215,;568.457109,1.10226,;568.457109,1.15235,;568.457109,1.20246,;568.457109,1.25257,;568.457109,1.30266,;568.457109,1.35275,;563.842382,1.40286,;537.117379,1.45294,;537.117379,1.50303,;537.117379,1.55315,;537.117379,1.60326,;537.117379,1.65337,;537.117379,1.70347,;537.117379,1.75358,;537.117379,1.80366,;537.117379,1.85375,;537.117379,1.90383,;537.117379,1.95393,;537.117379,2.00401,;537.117379,2.0541,;537.117379,2.10419,;537.117379,2.15431,;537.117379,2.20443,;537.117379,2.25454,;537.117379,2.30462,;537.117379,2.35469,;537.117379,2.40478,;537.117379,2.45486,;537.117379,2.50493,;537.117379,2.55506,;537.117379,2.60516,;537.117379,2.65529,;537.117379,2.70536,;537.117379,2.75545,;537.117379,2.80554,;537.117379,2.85562,;537.117379,2.90569,;537.117379,2.95578,;537.117379,3.00588,;537.117379,3.05597,;537.117379,3.10608,;537.117379,3.15617,;537.117379,3.20624,;537.117379,3.25633,;537.117379,3.30644,;537.117379,3.35652,;537.117379,3.40661,;537.117379,3.45669,;537.117379,3.50677,;537.117379,3.55684,;537.117379,3.60693,;537.117379,3.65705,;530.795413,3.70713,;530.795413,3.75724,;530.795413,3.80732,;530.795413,3.85747,;530.795413,3.90758,;508.183280,3.95769,;508.183280,4.00776,;508.183280,4.05787,;508.183280,4.10795,;508.183280,4.15808,;508.183280,4.20817,;508.183280,4.25826,;508.183280,4.30835,;508.183280,4.35843,;508.183280,4.40851,;508.183280,4.45862,;508.183280,4.50873,;508.183280,4.55881,;508.183280,4.6089,;508.183280,4.65903,;508.183280,4.70914,;508.183280,4.75921,;508.183280,4.80929,;508.183280,4.85938,;508.183280,4.90946,;508.183280,4.95958,;508.183280,5.00966,;508.183280,5.05974,;508.183280,5.10984,;508.183280,5.15992,;508.183280,5.21005,;508.183280,5.26013,;508.183280,5.31021,;508.183280,5.36034,;508.183280,5.41046,;508.183280,5.46057,;508.183280,5.51068,;508.183280,5.56078,;508.183280,5.61089,;508.183280,5.661,;508.183280,5.71112,;506.689642,5.76124,;506.689642,5.81135,;506.689642,5.86146,;506.689642,5.91154,;506.689642,5.96165,;506.689642,6.01173,;506.689642,6.06179,;506.689642,6.11188,;506.689642,6.162,;506.689642,6.21211,;506.689642,6.26219,;506.689642,6.31229,;506.689642,6.3624,;506.689642,6.4125,;505.775669,6.46261,;505.775669,6.51269,;505.775669,6.56281,;505.775669,6.6129,;505.775669,6.66302,;505.775669,6.71311,;505.775669,6.76323,;505.775669,6.81333,;505.775669,6.86343,;505.775669,6.91352,;505.775669,6.96357,;505.775669,7.01368,;505.775669,7.0638,;505.775669,7.11388,;505.775669,7.16397,;505.775669,7.21405,;505.775669,7.26412,;505.775669,7.31424,;505.775669,7.36432,;505.775669,7.41444,;505.775669,7.46452,;505.775669,7.51459,;505.775669,7.56467,;448.727986,7.61479,;448.727986,7.66488,;448.727986,7.71501,;448.727986,7.76508,;448.727986,7.81517,;448.727986,7.86525,;448.727986,7.91537,;448.727986,7.96548,;448.727986,8.0156,;448.727986,8.06572,;448.727986,8.11581,;448.727986,8.16593,;448.727986,8.21603,;448.727986,8.26614,;448.727986,8.31624,;446.134052,8.36638,;446.134052,8.41646,;446.134052,8.46655,;446.134052,8.51664,;446.134052,8.56672,;446.134052,8.61683,;446.134052,8.66692,;446.134052,8.71705,;446.134052,8.76713,;446.134052,8.81726,;446.134052,8.86735,;446.134052,8.91743,;446.134052,8.96755,;446.134052,9.01767,;426.848230,9.06775,;426.848230,9.11784,;426.848230,9.16794,;426.848230,9.21805,;426.848230,9.26818,;426.848230,9.31829,;426.848230,9.36838,;426.848230,9.4185,;426.848230,9.46861,;426.848230,9.5187,;426.848230,9.56878,;426.848230,9.61891,;426.848230,9.66902,;426.848230,9.71915,;426.848230,9.76923,;426.848230,9.81931,;426.848230,9.8694,;426.848230,9.9195,;426.848230,9.96959,;426.171447,10.0197,;
inf,0.0500932,;inf,0.100212,;inf,0.150308,;inf,0.200421,;inf,0.250537,;inf,0.30063,;inf,0.35073,;inf,0.40085,;inf,0.450924,;656.992912,0.501047,;651.930010,0.551133,;651.930010,0.601211,;651.930010,0.651307,;651.192629,0.70143,;651.192629,0.751516,;651.192629,0.801599,;649.614928,0.85169,;649.614928,0.901774,;649.614928,0.951863,;649.614928,1.00195,;649.614928,1.05202,;649.614928,1.1021,;649.614928,1.15219,;635.092535,1.20228,;635.092535,1.25236,;635.092535,1.30244,;635.092535,1.35253,;635.092535,1.40267,;635.092535,1.45282,;635.092535,1.50289,;635.092535,1.55301,;635.092535,1.60308,;635.092535,1.65315,;635.092535,1.70323,;618.048055,1.75335,;618.048055,1.80344,;618.048055,1.85356,;618.048055,1.90364,;618.048055,1.95375,;618.048055,2.00389,;618.048055,2.05399,;618.048055,2.1041,;618.048055,2.15421,;618.048055,2.20433,;618.048055,2.25444,;618.048055,2.30455,;618.048055,2.35464,;618.048055,2.40475,;618.048055,2.45488,;618.048055,2.50499,;618.048055,2.55507,;616.954623,2.60515,;616.954623,2.65523,;616.954623,2.70531,;616.954623,2.75539,;616.954623,2.80547,;616.954623,2.85554,;616.954623,2.90562,;616.954623,2.95571,;616.954623,3.00579,;616.954623,3.05588,;616.954623,3.106,;616.954623,3.15611,;616.954623,3.20623,;616.954623,3.25632,;616.954623,3.30644,;616.954623,3.35655,;616.954623,3.40667,;616.954623,3.45679,;616.954623,3.50686,;616.954623,3.55698,;616.954623,3.60709,;612.284408,3.65721,;612.284408,3.70731,;612.284408,3.75743,;612.284408,3.80753,;612.284408,3.85765,;612.284408,3.90774,;612.284408,3.95782,;612.284408,4.00793,;612.284408,4.05804,;612.284408,4.10816,;612.284408,4.15827,;612.284408,4.2084,;612.284408,4.25848,;612.284408,4.3086,;612.284408,4.35872,;612.284408,4.40883,;612.284408,4.45891,;612.284408,4.50899,;612.284408,4.55907,;612.284408,4.60915,;612.284408,4.65924,;612.284408,4.70934,;612.284408,4.75942,;612.284408,4.80954,;612.284408,4.85963,;612.284408,4.90972,;612.284408,4.9598,;612.284408,5.00992,;612.284408,5.06001,;612.284408,5.11013,;612.284408,5.16021,;612.284408,5.21033,;612.284408,5.26041,;612.284408,5.31049,;612.284408,5.36058,;612.284408,5.4107,;612.284408,5.46081,;446.632626,5.51089,;446.632626,5.56097,;446.632626,5.61105,;446.632626,5.66116,;446.632626,5.71125,;446.632626,5.76134,;446.632626,5.81144,;446.632626,5.86156,;446.632626,5.91165,;446.632626,5.96177,;446.632626,6.01186,;446.632626,6.06198,;446.632626,6.1121,;446.632626,6.16221,;427.813259,6.2123,;425.037519,6.26239,;425.037519,6.31251,;425.037519,6.36263,;425.037519,6.41275,;425.037519,6.46287,;425.037519,6.51299,;425.037519,6.56307,;425.037519,6.61319,;425.037519,6.66327,;425.037519,6.71338,;425.037519,6.76347,;425.037519,6.81356,;425.037519,6.86363,;425.037519,6.91375,;425.037519,6.96387,;417.917466,7.01398,;417.917466,7.06411,;417.917466,7.11422,;399.694418,7.16434,;399.694418,7.21446,;399.694418,7.26457,;399.694418,7.31465,;399.694418,7.36477,;399.694418,7.41488,;399.694418,7.46499,;399.694418,7.51507,;399.694418,7.56519,;399.694418,7.61528,;399.694418,7.6654,;399.694418,7.71552,;399.694418,7.76561,;399.694418,7.81571,;399.694418,7.86582,;399.694418,7.91591,;399.694418,7.966,;399.694418,8.01612,;399.694418,8.06624,;399.694418,8.11636,;399.694418,8.16647,;399.694418,8.21658,;399.694418,8.2667,;399.694418,8.31678,;399.694418,8.3669,;399.694418,8.41702,;399.694418,8.4671,;388.600829,8.51722,;388.600829,8.56732,;388.600829,8.61743,;388.600829,8.66755,;388.600829,8.71765,;388.600829,8.76775,;388.600829,8.81787,;388.600829,8.86797,;388.600829,8.91808,;388.600829,8.96818,;388.600829,9.0183,;388.600829,9.0684,;388.600829,9.11852,;388.600829,9.16863,;388.600829,9.21871,;388.600829,9.26881,;388.600829,9.31889,;388.600829,9.36897,;388.600829,9.4191,;388.600829,9.46919,;388.600829,9.51935,;388.600829,9.56946,;388.600829,9.61956,;388.600829,9.66965,;388.600829,9.71974,;388.600829,9.76982,;388.600829,9.81991,;388.600829,9.87004,;388.600829,9.92016,;388.600829,9.97029,;388.600829,10.0204,;
inf,0.0500943,;583.752291,0.100174,;583.752291,0.150287,;583.752291,0.200398,;583.752291,0.25051,;583.752291,0.300625,;582.570037,0.35074,;571.766664,0.400848,;571.766664,0.45096,;571.766664,0.50107,;571.766664,0.551183,;571.766664,0.601265,;571.766664,0.651364,;571.766664,0.7014,;571.766664,0.751479,;571.766664,0.801591,;571.766664,0.851671,;568.028944,0.901784,;568.028944,0.951896,;546.779475,1.00201,;546.779475,1.05213,;546.779475,1.10222,;546.779475,1.15233,;536.212854,1.20244,;536.212854,1.25256,;536.212854,1.30269,;536.212854,1.3528,;536.212854,1.40292,;536.212854,1.45303,;536.212854,1.50314,;536.212854,1.55325,;530.065400,1.60336,;530.065400,1.65346,;530.065400,1.70358,;523.964339,1.75365,;523.964339,1.80377,;523.964339,1.85386,;523.964339,1.90397,;523.964339,1.95406,;523.964339,2.00415,;523.964339,2.05426,;523.964339,2.10435,;523.964339,2.15446,;523.964339,2.20454,;523.964339,2.25463,;523.964339,2.30473,;523.964339,2.35482,;523.964339,2.40492,;523.964339,2.45501,;523.964339,2.50512,;523.964339,2.55519,;523.964339,2.6053,;523.964339,2.65538,;523.964339,2.70545,;523.964339,2.75557,;523.964339,2.80565,;523.964339,2.85572,;523.964339,2.9058,;523.964339,2.95591,;523.964339,3.00603,;523.964339,3.05615,;523.964339,3.10624,;523.964339,3.15636,;523.964339,3.20647,;523.964339,3.25658,;523.964339,3.30669,;523.964339,3.35678,;523.964339,3.40689,;523.964339,3.45701,;514.351683,3.50709,;514.351683,3.55721,;514.351683,3.60731,;514.351683,3.65746,;514.351683,3.70758,;514.351683,3.75766,;514.351683,3.80777,;514.351683,3.85785,;514.351683,3.90793,;514.351683,3.95802,;514.351683,4.0081,;514.351683,4.05819,;514.351683,4.10827,;514.351683,4.15834,;514.351683,4.20843,;514.351683,4.25852,;514.351683,4.30863,;514.351683,4.35871,;514.351683,4.4088,;514.351683,4.45889,;514.351683,4.50897,;510.000208,4.55906,;510.000208,4.60914,;510.000208,4.65922,;510.000208,4.70932,;510.000208,4.75944,;510.000208,4.80951,;510.000208,4.85963,;510.000208,4.90972,;510.000208,4.9598,;510.000208,5.00988,;510.000208,5.06,;510.000208,5.11008,;510.000208,5.16018,;510.000208,5.21028,;510.000208,5.2604,;510.000208,5.31049,;510.000208,5.36057,;510.000208,5.41065,;510.000208,5.46076,;510.000208,5.51085,;510.000208,5.56095,;510.000208,5.61104,;510.000208,5.66114,;510.000208,5.71124,;510.000208,5.76132,;510.000208,5.81144,;510.000208,5.86152,;510.000208,5.9116,;510.000208,5.96168,;510.000208,6.01181,;510.000208,6.06189,;510.000208,6.112,;510.000208,6.16208,;510.000208,6.2122,;510.000208,6.26229,;510.000208,6.31241,;510.000208,6.3625,;510.000208,6.41261,;510.000208,6.4627,;510.000208,6.51282,;510.000208,6.56294,;510.000208,6.61305,;510.000208,6.66314,;507.154394,6.71327,;507.154394,6.76338,;507.154394,6.81345,;507.154394,6.86357,;507.154394,6.91365,;507.154394,6.96378,;507.154394,7.01389,;507.154394,7.06401,;501.775149,7.11413,;501.775149,7.16421,;501.775149,7.21431,;501.775149,7.26443,;501.775149,7.31454,;501.775149,7.36465,;501.775149,7.41477,;501.775149,7.46488,;501.775149,7.51499,;495.467339,7.5651,;495.467339,7.61522,;495.467339,7.66533,;495.467339,7.71547,;495.467339,7.76555,;495.467339,7.81566,;495.467339,7.86578,;495.467339,7.9159,;495.467339,7.96599,;495.467339,8.0161,;495.467339,8.06622,;495.467339,8.11633,;495.467339,8.16644,;495.467339,8.21656,;495.467339,8.26668,;495.467339,8.31679,;495.467339,8.36691,;495.467339,8.41703,;495.467339,8.46714,;495.467339,8.51726,;495.467339,8.56737,;495.467339,8.61741,;495.467339,8.66753,;495.467339,8.71761,;495.467339,8.76773,;495.467339,8.81785,;495.467339,8.86796,;495.467339,8.91805,;494.629216,8.96817,;494.629216,9.01828,;494.629216,9.06836,;494.629216,9.11847,;494.629216,9.16856,;494.629216,9.21868,;494.629216,9.2688,;494.629216,9.31888,;494.629216,9.36899,;494.629216,9.4191,;494.629216,9.46922,;494.629216,9.51932,;494.629216,9.56944,;494.629216,9.61955,;494.629216,9.66963,;494.629216,9.71975,;494.629216,9.76987,;494.629216,9.81995,;494.629216,9.87006,;494.629216,9.92015,;494.629216,9.97027,;494.629216,10.0203,;494.629216,10.0704,;
inf,0.0500953,;inf,0.100205,;611.523157,0.150281,;611.523157,0.20036,;611.523157,0.250473,;611.523157,0.300585,;611.523157,0.350664,;611.523157,0.400742,;611.523157,0.450831,;598.913743,0.500945,;598.913743,0.551041,;598.913743,0.601155,;598.913743,0.651248,;598.913743,0.701359,;598.913743,0.751449,;598.913743,0.801538,;598.913743,0.851637,;598.913743,0.901751,;598.913743,0.951866,;534.931685,1.00198,;527.185276,1.05209,;527.185276,1.1022,;516.038888,1.15232,;516.038888,1.2024,;516.038888,1.25252,;516.038888,1.30256,;516.038888,1.35265,;516.038888,1.40273,;516.038888,1.45285,;516.038888,1.50294,;516.038888,1.55307,;516.038888,1.60316,;516.038888,1.65325,;516.038888,1.70335,;516.038888,1.75347,;516.038888,1.80358,;507.123053,1.85367,;507.123053,1.90376,;507.123053,1.95388,;507.123053,2.00395,;507.123053,2.05403,;507.123053,2.10411,;507.123053,2.1542,;507.123053,2.20433,;507.123053,2.2544,;507.123053,2.30452,;507.123053,2.35459,;507.123053,2.40467,;507.123053,2.45474,;507.123053,2.50485,;507.123053,2.55494,;507.123053,2.60502,;507.123053,2.65511,;507.123053,2.7052,;507.123053,2.75528,;507.123053,2.80536,;507.123053,2.85544,;507.123053,2.90553,;507.123053,2.95566,;507.123053,3.00577,;507.123053,3.05586,;507.123053,3.10595,;507.123053,3.15602,;488.148860,3.20612,;488.148860,3.25622,;488.148860,3.30634,;488.148860,3.35642,;488.148860,3.40651,;488.148860,3.4566,;488.148860,3.50668,;488.148860,3.55681,;488.148860,3.60694,;488.148860,3.65702,;488.148860,3.7071,;488.148860,3.7572,;488.148860,3.80729,;488.148860,3.85741,;488.148860,3.90751,;488.148860,3.9576,;488.148860,4.0077,;488.148860,4.0578,;488.148860,4.1079,;476.374635,4.158,;476.374635,4.20807,;476.374635,4.2582,;476.374635,4.30829,;476.374635,4.35839,;476.374635,4.40849,;476.374635,4.45857,;476.374635,4.50865,;476.374635,4.55873,;476.374635,4.60881,;476.374635,4.6589,;476.374635,4.70898,;476.374635,4.75911,;476.374635,4.80923,;476.374635,4.85932,;476.374635,4.90945,;476.374635,4.95952,;476.374635,5.00961,;476.374635,5.05969,;476.374635,5.10978,;476.374635,5.15988,;476.374635,5.20998,;476.374635,5.26008,;476.374635,5.31016,;476.374635,5.36028,;476.374635,5.41041,;476.374635,5.46049,;476.374635,5.51058,;476.374635,5.56066,;476.374635,5.61076,;476.374635,5.66087,;476.374635,5.71096,;397.829114,5.76105,;397.829114,5.81114,;397.829114,5.86126,;397.829114,5.91134,;397.829114,5.96143,;397.829114,6.01152,;397.829114,6.06161,;397.829114,6.11173,;397.829114,6.16184,;397.829114,6.21196,;397.829114,6.26208,;397.829114,6.31219,;397.829114,6.36227,;367.595397,6.41235,;367.595397,6.46243,;367.595397,6.51251,;367.595397,6.56259,;367.595397,6.6127,;367.595397,6.66277,;367.595397,6.71286,;367.595397,6.76294,;367.595397,6.81306,;367.595397,6.86314,;367.595397,6.91323,;367.595397,6.96332,;367.595397,7.01345,;367.595397,7.06354,;367.595397,7.11366,;367.595397,7.16377,;367.595397,7.21388,;364.980068,7.26397,;364.980068,7.31409,;364.980068,7.3642,;364.980068,7.41431,;364.980068,7.46443,;364.980068,7.51453,;364.980068,7.56464,;364.980068,7.61472,;364.980068,7.66483,;364.980068,7.71492,;364.980068,7.76501,;364.980068,7.81508,;364.980068,7.86519,;364.980068,7.91528,;364.980068,7.96537,;364.980068,8.01545,;364.980068,8.06553,;364.980068,8.11562,;364.980068,8.16571,;364.980068,8.21578,;364.980068,8.26585,;364.980068,8.31594,;364.980068,8.36603,;364.980068,8.41612,;364.980068,8.46621,;364.980068,8.5163,;364.980068,8.56642,;364.980068,8.61654,;364.980068,8.66663,;364.980068,8.71674,;364.980068,8.76683,;364.980068,8.81696,;364.980068,8.86704,;364.980068,8.91713,;364.980068,8.96722,;364.980068,9.01732,;364.980068,9.06742,;364.980068,9.1175,;364.980068,9.16759,;361.302439,9.21767,;361.302439,9.26776,;361.302439,9.31787,;361.302439,9.36795,;361.302439,9.41803,;361.302439,9.46812,;361.302439,9.51821,;361.302439,9.5683,;361.302439,9.61838,;361.302439,9.66847,;361.302439,9.71855,;361.302439,9.76872,;361.302439,9.8188,;361.302439,9.86893,;361.302439,9.91902,;361.302439,9.96914,;361.302439,10.0192,;
inf,0.0500616,;inf,0.10012,;inf,0.150207,;inf,0.200299,;833.865760,0.250404,;721.182134,0.300502,;721.182134,0.350628,;721.182134,0.400732,;721.182134,0.450824,;721.182134,0.500926,;685.113354,0.551034,;685.113354,0.601114,;685.113354,0.651191,;685.113354,0.701274,;685.113354,0.751353,;662.477978,0.801439,;662.477978,0.851526,;662.477978,0.901657,;662.477978,0.951746,;653.339088,1.00187,;653.339088,1.05196,;653.339088,1.10207,;653.339088,1.15215,;653.339088,1.20224,;653.339088,1.25233,;653.339088,1.30245,;653.339088,1.35254,;650.681923,1.40265,;650.681923,1.45274,;609.252719,1.50283,;609.252719,1.55292,;609.252719,1.60301,;609.252719,1.65309,;609.252719,1.70318,;609.252719,1.75326,;609.252719,1.80333,;609.252719,1.85341,;609.252719,1.9035,;609.252719,1.95359,;604.407404,2.00369,;604.407404,2.05377,;604.407404,2.10387,;604.407404,2.15394,;604.407404,2.20399,;601.655278,2.2541,;601.655278,2.30418,;601.655278,2.35425,;601.655278,2.40434,;598.241803,2.45444,;598.241803,2.50453,;598.241803,2.55465,;598.241803,2.60473,;583.512646,2.65485,;583.512646,2.70494,;583.512646,2.75506,;583.512646,2.80515,;583.512646,2.85525,;583.512646,2.90533,;583.512646,2.95544,;583.512646,3.00552,;583.512646,3.05561,;583.512646,3.10569,;583.512646,3.15578,;583.512646,3.20587,;583.512646,3.25594,;583.512646,3.30605,;583.512646,3.35612,;583.512646,3.40619,;583.512646,3.45627,;583.512646,3.50637,;583.512646,3.55646,;583.512646,3.60655,;583.512646,3.65664,;583.512646,3.70673,;581.017829,3.75681,;581.017829,3.80689,;581.017829,3.85698,;581.017829,3.90707,;581.017829,3.95716,;581.017829,4.00721,;581.017829,4.05729,;581.017829,4.10738,;581.017829,4.15746,;581.017829,4.20757,;581.017829,4.25766,;581.017829,4.30777,;581.017829,4.35785,;581.017829,4.40793,;581.017829,4.45805,;581.017829,4.50813,;581.017829,4.55821,;581.017829,4.6083,;581.017829,4.65841,;581.017829,4.7085,;581.017829,4.75861,;581.017829,4.8087,;424.197782,4.85878,;424.197782,4.9089,;424.197782,4.95901,;424.197782,5.00913,;424.197782,5.05924,;424.197782,5.10936,;424.197782,5.15948,;424.197782,5.20959,;401.390523,5.25968,;401.390523,5.30979,;401.390523,5.35988,;401.390523,5.40999,;401.390523,5.46007,;401.390523,5.51019,;401.390523,5.56028,;401.390523,5.6104,;401.390523,5.66049,;401.390523,5.7106,;401.390523,5.7607,;401.390523,5.81081,;401.390523,5.8609,;401.390523,5.91102,;401.390523,5.96111,;401.390523,6.01122,;401.390523,6.06131,;396.618238,6.11143,;396.618238,6.16153,;396.618238,6.21161,;396.618238,6.26172,;396.618238,6.31183,;396.618238,6.36195,;396.618238,6.41199,;396.618238,6.4621,;396.618238,6.51218,;396.618238,6.56229,;396.618238,6.61237,;396.618238,6.66248,;396.618238,6.71257,;396.618238,6.76266,;396.618238,6.81276,;396.618238,6.86285,;396.618238,6.91294,;396.618238,6.96302,;396.618238,7.01311,;396.618238,7.0632,;393.934621,7.11334,;391.471326,7.16342,;391.471326,7.21349,;386.375271,7.26358,;386.375271,7.31367,;386.375271,7.36373,;386.375271,7.4138,;386.375271,7.46389,;386.375271,7.51401,;386.375271,7.56408,;386.375271,7.61415,;386.375271,7.66424,;386.375271,7.71432,;386.375271,7.76441,;386.375271,7.81453,;386.375271,7.8646,;386.375271,7.91467,;386.375271,7.96476,;386.375271,8.01488,;386.375271,8.06496,;386.375271,8.11507,;386.375271,8.16515,;360.726708,8.21523,;360.726708,8.26531,;360.726708,8.3154,;360.726708,8.36549,;360.726708,8.41558,;360.726708,8.46567,;360.726708,8.51574,;360.726708,8.56582,;360.726708,8.61589,;360.726708,8.666,;360.726708,8.71608,;360.726708,8.76618,;360.726708,8.81627,;360.726708,8.86636,;360.726708,8.91646,;360.726708,8.96658,;360.726708,9.01667,;360.726708,9.06678,;360.726708,9.11686,;359.196109,9.16696,;359.196109,9.21704,;359.196109,9.26715,;359.196109,9.31723,;359.196109,9.36735,;359.196109,9.41744,;359.196109,9.46756,;359.196109,9.51768,;359.196109,9.56776,;359.196109,9.61786,;359.196109,9.66798,;359.196109,9.71805,;359.196109,9.76813,;359.196109,9.81824,;359.196109,9.86831,;359.196109,9.91839,;359.196109,9.96846,;
inf,0.0500701,;572.876193,0.10016,;572.876193,0.15029,;566.577250,0.200403,;566.577250,0.250476,;555.156091,0.300587,;555.156091,0.350661,;541.868958,0.400771,;541.868958,0.450858,;541.868958,0.500974,;541.868958,0.551089,;541.868958,0.601199,;541.868958,0.651272,;541.868958,0.701398,;541.868958,0.75151,;541.868958,0.801604,;541.868958,0.851738,;541.868958,0.901856,;541.868958,0.95194,;541.868958,1.00205,;541.868958,1.05216,;541.868958,1.10228,;541.868958,1.15239,;541.868958,1.20249,;541.868958,1.2526,;541.868958,1.30268,;541.868958,1.35279,;541.868958,1.40288,;541.868958,1.45297,;529.762321,1.50306,;529.762321,1.55315,;529.762321,1.60325,;529.762321,1.65333,;529.762321,1.70345,;529.762321,1.75358,;529.762321,1.8037,;529.762321,1.85378,;529.762321,1.9039,;529.762321,1.95398,;502.386100,2.00409,;502.386100,2.05418,;502.386100,2.1043,;502.386100,2.15438,;502.386100,2.2045,;502.386100,2.25457,;502.386100,2.30465,;502.386100,2.35477,;502.386100,2.40489,;502.386100,2.45497,;502.386100,2.50506,;502.386100,2.55515,;502.386100,2.60524,;502.386100,2.65531,;502.386100,2.70539,;502.386100,2.75547,;502.386100,2.80558,;502.386100,2.85567,;502.386100,2.90578,;502.386100,2.95587,;502.386100,3.00596,;502.386100,3.05604,;502.386100,3.10613,;502.386100,3.15621,;502.386100,3.2063,;502.386100,3.25642,;502.386100,3.30647,;502.386100,3.35657,;502.386100,3.40665,;502.386100,3.45673,;502.386100,3.50682,;502.386100,3.55691,;502.386100,3.60701,;502.386100,3.65713,;502.386100,3.70722,;502.386100,3.75729,;502.386100,3.80738,;502.386100,3.85747,;502.386100,3.90757,;502.386100,3.95769,;502.386100,4.00779,;502.386100,4.05789,;502.386100,4.10801,;410.781702,4.15812,;410.781702,4.2082,;410.781702,4.25828,;410.781702,4.3084,;410.781702,4.35848,;410.781702,4.4086,;404.870388,4.45869,;404.870388,4.50882,;379.607166,4.55891,;379.607166,4.60903,;379.607166,4.65912,;379.607166,4.70924,;379.607166,4.75932,;379.607166,4.80944,;379.607166,4.85953,;371.217175,4.90964,;371.217175,4.95973,;371.217175,5.00985,;371.217175,5.05994,;371.217175,5.11007,;371.217175,5.16018,;371.217175,5.2103,;371.217175,5.26041,;371.217175,5.31046,;371.217175,5.36058,;371.217175,5.41066,;371.217175,5.46074,;371.217175,5.51084,;371.217175,5.56092,;371.217175,5.61101,;371.217175,5.66113,;371.217175,5.71122,;371.217175,5.76134,;371.217175,5.81145,;371.217175,5.86155,;371.217175,5.91165,;371.217175,5.96177,;371.217175,6.01192,;371.217175,6.06204,;371.217175,6.11216,;371.217175,6.16227,;371.217175,6.21238,;371.217175,6.26246,;368.769295,6.31253,;368.769295,6.36261,;368.769295,6.41273,;368.769295,6.46286,;368.769295,6.51297,;368.769295,6.56305,;368.769295,6.61317,;368.769295,6.66326,;368.769295,6.71338,;368.769295,6.76346,;368.769295,6.81355,;368.769295,6.86363,;368.769295,6.91371,;368.769295,6.96381,;368.769295,7.01394,;368.769295,7.06403,;368.769295,7.11412,;368.769295,7.16424,;368.769295,7.21433,;368.769295,7.26444,;368.769295,7.31452,;368.769295,7.36461,;368.769295,7.41469,;368.769295,7.46481,;368.769295,7.51491,;368.769295,7.565,;368.769295,7.6151,;368.769295,7.66519,;368.769295,7.71531,;340.103838,7.76542,;340.103838,7.81551,;340.103838,7.8656,;340.103838,7.91568,;340.103838,7.96582,;340.103838,8.0159,;340.103838,8.066,;340.103838,8.11612,;340.103838,8.16623,;340.103838,8.21635,;340.103838,8.26647,;340.103838,8.31655,;340.103838,8.36664,;340.103838,8.41673,;340.103838,8.46682,;340.103838,8.51691,;340.103838,8.567,;340.103838,8.6171,;338.841020,8.66719,;338.841020,8.71728,;338.841020,8.76741,;338.841020,8.81748,;338.841020,8.86758,;338.841020,8.91766,;338.841020,8.96779,;338.841020,9.01788,;338.841020,9.06798,;338.841020,9.11809,;338.841020,9.16818,;338.841020,9.21827,;338.841020,9.26836,;338.841020,9.31843,;338.841020,9.36852,;338.841020,9.41861,;338.841020,9.46872,;338.841020,9.51881,;338.841020,9.56893,;338.841020,9.61901,;338.841020,9.66912,;338.841020,9.71921,;338.841020,9.7693,;338.841020,9.8194,;338.841020,9.86949,;338.841020,9.91957,;338.841020,9.96966,;338.841020,10.0197,;
inf,0.0500665,;691.836307,0.100163,;691.836307,0.150249,;691.836307,0.200339,;691.836307,0.250467,;670.777047,0.300551,;670.777047,0.350673,;670.777047,0.400759,;670.777047,0.450887,;670.777047,0.500971,;670.777047,0.551091,;670.777047,0.601203,;670.777047,0.651315,;670.777047,0.701429,;670.777047,0.751554,;670.777047,0.801643,;670.777047,0.851733,;670.777047,0.901813,;670.777047,0.951904,;643.982815,1.00202,;643.982815,1.05213,;643.982815,1.10224,;643.982815,1.15233,;643.982815,1.20244,;615.128522,1.25255,;615.128522,1.30267,;615.128522,1.35274,;615.128522,1.40285,;615.128522,1.45292,;615.128522,1.50303,;615.128522,1.55314,;615.128522,1.60325,;615.128522,1.65336,;615.128522,1.70347,;599.497699,1.75358,;599.497699,1.80366,;599.497699,1.85376,;599.497699,1.90385,;599.497699,1.95397,;599.497699,2.00406,;599.497699,2.05414,;599.497699,2.10422,;599.497699,2.1543,;599.497699,2.20437,;599.497699,2.25448,;599.497699,2.30455,;599.497699,2.35467,;592.851528,2.40475,;592.851528,2.45486,;592.851528,2.50496,;592.851528,2.55507,;592.851528,2.60519,;592.851528,2.6553,;592.851528,2.70541,;592.851528,2.75552,;592.851528,2.80564,;592.851528,2.85572,;592.851528,2.90583,;592.851528,2.95591,;592.851528,3.00602,;592.851528,3.0561,;592.851528,3.10622,;592.851528,3.15631,;592.851528,3.20642,;592.851528,3.25651,;592.851528,3.30664,;592.851528,3.35672,;592.851528,3.40685,;592.851528,3.45693,;592.851528,3.50701,;592.851528,3.55711,;592.851528,3.6072,;592.851528,3.65729,;592.851528,3.70736,;592.851528,3.75744,;592.851528,3.80756,;592.851528,3.85763,;592.851528,3.9077,;592.851528,3.95778,;592.851528,4.00786,;592.851528,4.05794,;592.851528,4.10803,;592.851528,4.15816,;592.851528,4.20827,;592.851528,4.25834,;592.851528,4.30843,;592.851528,4.35852,;592.851528,4.40863,;592.851528,4.45872,;592.851528,4.50884,;592.851528,4.55895,;592.851528,4.60906,;592.851528,4.65914,;592.851528,4.70926,;592.851528,4.75937,;592.851528,4.80946,;592.851528,4.85955,;592.851528,4.90967,;592.851528,4.95974,;591.170822,5.00985,;591.170822,5.05996,;591.170822,5.11005,;591.170822,5.16015,;591.170822,5.21026,;591.170822,5.26033,;591.170822,5.31041,;591.170822,5.36049,;591.170822,5.41061,;591.170822,5.46068,;591.170822,5.5108,;591.170822,5.56089,;591.170822,5.61097,;591.170822,5.66106,;591.170822,5.71118,;591.170822,5.76127,;591.170822,5.81134,;591.170822,5.86144,;591.170822,5.91152,;591.170822,5.96159,;585.661961,6.01166,;585.661961,6.06175,;585.661961,6.11184,;585.661961,6.16193,;585.661961,6.21202,;585.661961,6.26211,;585.661961,6.3122,;585.661961,6.36228,;585.661961,6.41237,;585.661961,6.46246,;585.661961,6.51256,;585.661961,6.56264,;585.661961,6.61272,;585.661961,6.66281,;585.661961,6.7129,;585.661961,6.76301,;585.661961,6.8131,;585.661961,6.86321,;585.661961,6.91328,;585.661961,6.96339,;585.661961,7.01347,;585.661961,7.06355,;585.661961,7.11365,;585.661961,7.16378,;584.101521,7.2139,;584.101521,7.26402,;584.101521,7.31413,;584.101521,7.36421,;581.597181,7.41429,;581.597181,7.46437,;581.597181,7.51448,;581.597181,7.56457,;581.597181,7.61469,;581.597181,7.6648,;581.597181,7.71491,;581.597181,7.76503,;581.597181,7.81512,;581.597181,7.86524,;581.597181,7.91535,;581.597181,7.96543,;581.597181,8.0155,;581.597181,8.06559,;576.953335,8.11567,;576.953335,8.16579,;576.953335,8.21588,;576.953335,8.26599,;576.953335,8.31609,;576.953335,8.36617,;576.953335,8.41626,;421.833940,8.46638,;421.833940,8.5165,;421.833940,8.56659,;421.833940,8.61667,;421.833940,8.66679,;421.833940,8.71689,;421.833940,8.76696,;421.833940,8.81705,;421.833940,8.86717,;421.833940,8.91726,;421.833940,8.96734,;421.833940,9.01743,;421.833940,9.06752,;421.833940,9.11763,;420.726579,9.16771,;420.726579,9.2178,;420.726579,9.26789,;420.726579,9.318,;420.726579,9.3681,;420.726579,9.41818,;415.124041,9.46827,;415.124041,9.5184,;415.124041,9.56847,;415.124041,9.61858,;415.124041,9.66865,;415.124041,9.71873,;415.124041,9.76882,;415.124041,9.8189,;410.551949,9.869,;410.551949,9.9191,;410.551949,9.96918,;410.551949,10.0193,;410.551949,10.0693,;
inf,0.0500687,;inf,0.100189,;inf,0.150287,;inf,0.200398,;inf,0.250512,;inf,0.300621,;inf,0.350713,;inf,0.400837,;inf,0.450949,;617.184184,0.501025,;617.184184,0.551144,;542.331978,0.601228,;542.331978,0.651358,;481.064367,0.701433,;481.064367,0.751546,;481.064367,0.801629,;465.026848,0.851722,;465.026848,0.901829,;465.026848,0.951945,;465.026848,1.00204,;465.026848,1.05212,;465.026848,1.10224,;465.026848,1.15232,;465.026848,1.20241,;465.026848,1.25257,;465.026848,1.30266,;465.026848,1.35274,;465.026848,1.40283,;465.026848,1.45294,;465.026848,1.50305,;443.927436,1.55312,;443.927436,1.60324,;443.927436,1.65333,;443.927436,1.70345,;443.927436,1.75356,;443.927436,1.80368,;443.927436,1.85377,;443.927436,1.90389,;443.927436,1.95398,;443.927436,2.00409,;443.927436,2.05418,;443.927436,2.10429,;443.927436,2.15442,;443.927436,2.20453,;443.927436,2.25468,;443.927436,2.30476,;443.927436,2.35488,;443.927436,2.40495,;443.927436,2.45503,;443.927436,2.50511,;443.927436,2.55518,;443.927436,2.60527,;443.927436,2.65539,;443.927436,2.70547,;443.927436,2.7556,;443.927436,2.80568,;443.927436,2.85576,;443.927436,2.90585,;443.927436,2.95597,;443.927436,3.00605,;443.927436,3.05614,;443.927436,3.10621,;443.927436,3.1563,;443.927436,3.20639,;443.927436,3.25651,;443.927436,3.30659,;443.927436,3.35667,;443.927436,3.40679,;443.927436,3.4569,;443.927436,3.50702,;443.927436,3.5571,;443.927436,3.60718,;443.927436,3.65727,;443.927436,3.70736,;443.927436,3.75744,;443.927436,3.80757,;443.927436,3.85766,;443.927436,3.90777,;443.927436,3.95789,;441.378188,4.00802,;441.378188,4.05811,;431.274354,4.10819,;431.274354,4.15828,;431.274354,4.20836,;431.274354,4.25844,;431.274354,4.30855,;431.274354,4.35867,;431.274354,4.40878,;431.274354,4.45885,;431.274354,4.50894,;431.274354,4.55903,;431.274354,4.6091,;431.274354,4.65918,;424.253034,4.70926,;424.253034,4.75933,;424.253034,4.80942,;424.253034,4.8595,;424.253034,4.90958,;424.253034,4.95966,;424.253034,5.00975,;424.253034,5.05983,;417.673040,5.1099,;417.673040,5.15998,;417.673040,5.21005,;417.673040,5.26012,;417.673040,5.31021,;417.673040,5.36031,;417.673040,5.41042,;417.673040,5.46052,;417.673040,5.51061,;417.673040,5.56069,;417.673040,5.61078,;417.571468,5.66087,;417.571468,5.71097,;417.571468,5.76105,;417.571468,5.81116,;417.571468,5.86126,;417.571468,5.91135,;417.571468,5.96144,;417.571468,6.01156,;417.571468,6.06164,;417.571468,6.11172,;417.571468,6.16181,;417.571468,6.21189,;417.571468,6.26198,;417.571468,6.31211,;417.571468,6.3622,;417.571468,6.41232,;417.571468,6.46244,;417.571468,6.51255,;417.571468,6.56267,;417.571468,6.61278,;417.571468,6.66289,;405.554519,6.71296,;405.554519,6.76309,;405.554519,6.81318,;405.554519,6.86326,;405.554519,6.91336,;405.554519,6.96348,;405.554519,7.01356,;405.554519,7.06364,;405.554519,7.11373,;405.554519,7.16382,;405.554519,7.2139,;393.721116,7.26402,;393.721116,7.31411,;393.721116,7.36422,;393.721116,7.41434,;393.721116,7.46443,;393.721116,7.51454,;392.758257,7.56466,;392.758257,7.61475,;392.758257,7.66486,;392.758257,7.71496,;392.021858,7.76504,;392.021858,7.81512,;392.021858,7.8652,;392.021858,7.91529,;392.021858,7.9654,;392.021858,8.0155,;392.021858,8.06561,;392.021858,8.1157,;392.021858,8.16579,;392.021858,8.2159,;392.021858,8.266,;392.021858,8.31611,;392.021858,8.36621,;392.021858,8.41632,;392.021858,8.46642,;392.021858,8.51652,;392.021858,8.56663,;392.021858,8.61672,;392.021858,8.66682,;392.021858,8.71693,;392.021858,8.76701,;392.021858,8.81713,;392.021858,8.86722,;392.021858,8.91731,;388.633906,8.96741,;388.633906,9.0175,;388.633906,9.06764,;388.633906,9.11772,;388.633906,9.16781,;388.633906,9.21789,;388.633906,9.26801,;388.633906,9.3181,;387.305910,9.36819,;387.305910,9.41828,;387.305910,9.4684,;387.305910,9.51849,;387.305910,9.5686,;387.305910,9.61872,;387.305910,9.66883,;387.305910,9.71891,;387.305910,9.76898,;387.305910,9.81907,;387.305910,9.86915,;387.305910,9.91927,;387.305910,9.96935,;387.305910,10.0194,;
inf,0.0500717,;inf,0.100164,;569.772124,0.150243,;554.467123,0.200354,;554.467123,0.250469,;554.467123,0.300584,;554.467123,0.350658,;554.467123,0.400711,;554.467123,0.450792,;554.467123,0.500918,;554.467123,0.55103,;554.467123,0.601122,;554.467123,0.651209,;554.467123,0.701298,;554.467123,0.751393,;554.467123,0.801497,;554.467123,0.851613,;554.467123,0.901708,;554.467123,0.9518,;554.467123,1.00189,;554.467123,1.05201,;537.759482,1.1021,;537.759482,1.15223,;537.759482,1.20232,;537.759482,1.25242,;537.759482,1.3025,;537.759482,1.35258,;537.759482,1.40268,;537.759482,1.45272,;528.096801,1.50281,;528.096801,1.55289,;528.096801,1.603,;528.096801,1.65309,;528.096801,1.7032,;528.096801,1.75328,;528.096801,1.80337,;528.096801,1.85346,;528.096801,1.90355,;528.096801,1.95363,;528.096801,2.00371,;528.096801,2.05382,;518.415634,2.10389,;518.415634,2.15397,;518.415634,2.20408,;518.415634,2.25415,;518.415634,2.30426,;518.415634,2.35434,;518.415634,2.40445,;518.415634,2.45458,;514.149131,2.50466,;514.149131,2.55477,;514.149131,2.60484,;514.149131,2.65494,;514.149131,2.70503,;514.149131,2.75511,;514.149131,2.80521,;514.149131,2.85534,;514.149131,2.90542,;514.149131,2.95554,;514.149131,3.00565,;514.149131,3.05576,;514.149131,3.10588,;514.149131,3.15596,;514.149131,3.20607,;514.149131,3.25619,;514.149131,3.30631,;514.149131,3.35642,;514.149131,3.40653,;497.096489,3.45664,;497.096489,3.50673,;497.096489,3.55682,;497.096489,3.60693,;497.096489,3.657,;497.096489,3.70708,;497.096489,3.75717,;497.096489,3.80726,;497.096489,3.85736,;497.096489,3.90745,;497.096489,3.95752,;497.096489,4.00761,;497.096489,4.05772,;497.096489,4.10783,;497.096489,4.1579,;497.096489,4.20802,;497.096489,4.2581,;497.096489,4.30818,;497.096489,4.35829,;497.096489,4.40837,;497.096489,4.45846,;497.096489,4.50858,;497.096489,4.5587,;497.096489,4.60877,;497.096489,4.6589,;465.888398,4.70897,;465.888398,4.75905,;465.888398,4.80918,;465.888398,4.85929,;463.255133,4.90936,;463.255133,4.95944,;463.255133,5.00951,;463.255133,5.05965,;463.255133,5.10972,;463.255133,5.1598,;463.255133,5.20991,;463.255133,5.25998,;463.255133,5.3101,;463.255133,5.36018,;463.255133,5.41028,;463.255133,5.46037,;463.255133,5.51045,;463.255133,5.56056,;463.255133,5.61065,;463.255133,5.66072,;463.255133,5.7108,;463.255133,5.76088,;463.255133,5.81097,;463.255133,5.86106,;463.255133,5.91114,;463.255133,5.96123,;463.255133,6.01132,;463.255133,6.06141,;463.255133,6.11151,;463.255133,6.16159,;463.255133,6.21169,;463.255133,6.26177,;463.255133,6.31185,;463.255133,6.36199,;463.255133,6.4121,;463.255133,6.46221,;449.319242,6.51234,;449.319242,6.56246,;449.319242,6.61257,;449.319242,6.66268,;449.319242,6.71275,;449.319242,6.76286,;449.319242,6.81294,;410.090588,6.86305,;410.090588,6.91315,;410.090588,6.96326,;391.411974,7.01333,;390.721531,7.06346,;390.721531,7.11355,;390.721531,7.16366,;383.754162,7.21373,;383.754162,7.26382,;383.754162,7.31394,;383.754162,7.36405,;383.754162,7.41414,;383.754162,7.4643,;370.831676,7.51437,;370.831676,7.56451,;370.831676,7.61462,;370.831676,7.66475,;370.831676,7.71483,;370.831676,7.76491,;370.831676,7.81503,;370.831676,7.86512,;370.831676,7.91524,;370.831676,7.96533,;370.831676,8.01544,;370.831676,8.06554,;370.831676,8.11565,;370.831676,8.16577,;370.831676,8.21589,;369.431429,8.26598,;369.431429,8.31609,;369.431429,8.36621,;369.431429,8.41632,;369.431429,8.46639,;369.431429,8.51651,;369.431429,8.56662,;369.431429,8.61673,;369.431429,8.66684,;369.431429,8.71692,;369.431429,8.76701,;369.431429,8.8171,;369.431429,8.86719,;369.431429,8.91729,;369.431429,8.9674,;369.431429,9.01749,;369.431429,9.06761,;369.431429,9.11772,;369.431429,9.16783,;361.108355,9.21792,;361.108355,9.26803,;361.108355,9.31812,;361.108355,9.36824,;361.108355,9.41833,;361.108355,9.46845,;361.108355,9.51856,;361.108355,9.56864,;361.108355,9.61872,;361.108355,9.66875,;361.108355,9.71886,;361.108355,9.76894,;361.108355,9.81901,;361.108355,9.86909,;361.108355,9.91918,;361.108355,9.96927,;361.108355,10.0194,;361.108355,10.0695,;
inf,0.0500599,;inf,0.100147,;inf,0.150226,;582.866957,0.20032,;582.866957,0.250411,;582.866957,0.300527,;582.866957,0.350611,;582.866957,0.400732,;582.866957,0.450828,;582.866957,0.50094,;582.866957,0.551033,;582.866957,0.601145,;582.866957,0.651262,;582.866957,0.701334,;582.866957,0.751395,;508.522125,0.801477,;508.522125,0.851553,;508.522125,0.90163,;508.522125,0.951717,;508.522125,1.00181,;508.522125,1.05192,;508.522125,1.102,;508.522125,1.15211,;508.522125,1.2022,;508.522125,1.25232,;508.522125,1.3024,;508.522125,1.35249,;508.522125,1.40257,;508.522125,1.45267,;508.522125,1.50277,;508.522125,1.55288,;483.309893,1.603,;483.309893,1.65312,;483.309893,1.70323,;483.309893,1.75335,;483.309893,1.80342,;483.309893,1.85354,;483.309893,1.90363,;483.309893,1.95375,;483.309893,2.00382,;483.309893,2.05395,;483.309893,2.10406,;483.309893,2.15415,;483.309893,2.20423,;470.412966,2.25432,;470.412966,2.30441,;470.412966,2.3545,;470.412966,2.40465,;470.412966,2.45474,;470.412966,2.50482,;470.412966,2.55495,;470.412966,2.60503,;470.412966,2.65511,;470.412966,2.70524,;470.412966,2.75533,;470.412966,2.80546,;470.412966,2.85557,;470.412966,2.90569,;470.412966,2.9558,;470.412966,3.00592,;470.412966,3.05603,;470.412966,3.10611,;470.412966,3.15622,;470.412966,3.2063,;470.412966,3.25641,;470.412966,3.30649,;470.412966,3.3566,;470.412966,3.40669,;470.412966,3.45682,;470.412966,3.50701,;470.412966,3.55712,;470.412966,3.60724,;470.412966,3.65733,;470.412966,3.70746,;470.412966,3.75758,;470.412966,3.80766,;470.412966,3.85776,;467.855456,3.90785,;465.467579,3.95792,;465.467579,4.008,;465.467579,4.05808,;465.467579,4.10816,;465.467579,4.15824,;465.467579,4.20833,;465.467579,4.25842,;458.462630,4.30849,;458.462630,4.35858,;458.462630,4.40866,;458.462630,4.45875,;417.680405,4.50884,;417.680405,4.55892,;417.680405,4.60901,;400.973058,4.6591,;400.973058,4.70919,;400.973058,4.75928,;400.973058,4.80937,;400.973058,4.85946,;400.973058,4.90954,;400.973058,4.95966,;400.973058,5.00977,;400.973058,5.05988,;393.322796,5.10993,;391.612736,5.16001,;391.612736,5.21008,;391.612736,5.26017,;391.612736,5.31029,;391.612736,5.3604,;391.612736,5.41047,;391.612736,5.46059,;391.612736,5.51067,;391.612736,5.56075,;384.756269,5.61083,;384.756269,5.66095,;384.756269,5.71104,;384.756269,5.76117,;384.756269,5.81125,;384.756269,5.86137,;384.756269,5.91146,;384.756269,5.96158,;384.756269,6.01169,;384.756269,6.0618,;384.756269,6.11191,;384.756269,6.16197,;384.756269,6.21208,;384.756269,6.26215,;384.546602,6.31226,;382.765772,6.36235,;382.765772,6.41246,;382.765772,6.46255,;382.765772,6.51266,;377.286492,6.56275,;377.286492,6.61288,;377.286492,6.66295,;377.286492,6.71302,;377.286492,6.76311,;377.286492,6.81322,;377.286492,6.86334,;377.286492,6.91345,;377.286492,6.96356,;377.286492,7.01367,;377.286492,7.06379,;377.286492,7.1139,;377.286492,7.16398,;377.286492,7.21409,;377.286492,7.2642,;377.286492,7.31431,;377.286492,7.3644,;377.286492,7.41452,;377.286492,7.4646,;377.286492,7.51469,;377.286492,7.5648,;377.286492,7.61488,;377.286492,7.665,;377.286492,7.71508,;377.286492,7.76519,;377.286492,7.8153,;377.286492,7.86542,;366.297084,7.91553,;366.297084,7.9656,;366.297084,8.01573,;366.297084,8.06584,;366.297084,8.11593,;366.297084,8.16596,;366.297084,8.21608,;366.297084,8.26615,;366.297084,8.31627,;366.297084,8.36635,;366.297084,8.41648,;366.297084,8.46656,;366.297084,8.51664,;366.297084,8.56672,;366.297084,8.6168,;366.297084,8.66687,;366.297084,8.71695,;366.297084,8.76702,;366.038232,8.8171,;366.038232,8.86718,;366.038232,8.91725,;366.038232,8.96733,;366.038232,9.0174,;366.038232,9.06747,;366.038232,9.11754,;366.038232,9.16761,;366.038232,9.21769,;366.038232,9.26776,;366.038232,9.31783,;366.038232,9.36791,;366.038232,9.41798,;366.038232,9.46806,;366.038232,9.51817,;366.038232,9.56829,;366.038232,9.61838,;366.038232,9.66847,;366.038232,9.71855,;366.038232,9.76864,;366.038232,9.81872,;366.038232,9.8688,;366.038232,9.91888,;366.038232,9.96897,;366.038232,10.0191,;
inf,0.0500995,;inf,0.100208,;872.351501,0.150322,;872.351501,0.20044,;872.351501,0.250557,;872.351501,0.300665,;872.351501,0.350774,;872.351501,0.400821,;872.351501,0.450932,;872.351501,0.501008,;872.351501,0.551122,;855.499722,0.601212,;855.499722,0.651338,;855.499722,0.701452,;855.499722,0.75153,;855.499722,0.80164,;855.499722,0.851721,;855.499722,0.901846,;855.499722,0.951958,;855.499722,1.00207,;855.499722,1.05218,;855.499722,1.1023,;855.499722,1.15241,;855.499722,1.20256,;845.912417,1.25265,;845.912417,1.30273,;836.777306,1.35282,;836.777306,1.40296,;836.777306,1.45307,;824.219240,1.50318,;824.219240,1.55327,;824.219240,1.60338,;824.219240,1.6535,;824.219240,1.70361,;824.219240,1.75373,;824.219240,1.80384,;824.219240,1.85393,;824.219240,1.90405,;824.219240,1.95416,;824.219240,2.00427,;824.219240,2.05438,;824.219240,2.10449,;824.219240,2.1546,;824.219240,2.20471,;824.219240,2.25482,;824.219240,2.30489,;824.219240,2.35496,;824.219240,2.40507,;824.219240,2.45518,;824.219240,2.50527,;824.219240,2.55538,;824.219240,2.60546,;824.219240,2.65558,;824.219240,2.70566,;824.219240,2.75578,;824.219240,2.80587,;824.219240,2.85596,;816.496809,2.90604,;816.496809,2.95615,;816.496809,3.00624,;816.496809,3.05635,;816.496809,3.10646,;816.496809,3.15656,;816.496809,3.20664,;816.496809,3.25673,;816.496809,3.30682,;816.496809,3.3569,;816.496809,3.40702,;816.496809,3.45709,;816.496809,3.5072,;816.496809,3.55729,;816.496809,3.60741,;816.496809,3.65749,;816.496809,3.70757,;816.496809,3.75765,;816.496809,3.80774,;816.496809,3.85782,;816.496809,3.90795,;816.496809,3.95807,;644.088254,4.00819,;644.088254,4.05828,;644.088254,4.1084,;644.088254,4.15851,;590.795604,4.20862,;572.983760,4.25873,;572.983760,4.30882,;566.762415,4.35893,;566.762415,4.40901,;566.762415,4.45912,;566.762415,4.50922,;566.762415,4.55933,;566.762415,4.60943,;566.762415,4.65951,;566.762415,4.70963,;566.762415,4.75974,;566.762415,4.80986,;566.762415,4.85997,;566.762415,4.91008,;566.762415,4.96017,;566.762415,5.01026,;566.762415,5.06038,;566.762415,5.11049,;566.762415,5.16061,;566.762415,5.21068,;566.762415,5.26077,;566.762415,5.31086,;566.762415,5.36094,;566.762415,5.41103,;566.762415,5.46111,;566.762415,5.51123,;566.762415,5.56131,;564.714183,5.6114,;564.714183,5.66147,;564.714183,5.71162,;564.714183,5.76173,;564.714183,5.81183,;564.714183,5.86191,;564.714183,5.912,;564.714183,5.96208,;564.714183,6.01219,;564.714183,6.06227,;564.714183,6.11236,;564.714183,6.16244,;564.714183,6.21256,;564.714183,6.26267,;564.714183,6.31279,;564.714183,6.36288,;564.714183,6.41296,;564.714183,6.46308,;564.714183,6.51317,;564.714183,6.56329,;564.714183,6.61338,;564.714183,6.66349,;564.714183,6.71359,;552.560135,6.7637,;552.560135,6.81381,;552.560135,6.86392,;552.560135,6.91403,;552.560135,6.96414,;552.560135,7.01422,;552.560135,7.06431,;552.560135,7.1144,;552.560135,7.16451,;552.560135,7.2146,;552.560135,7.26468,;552.560135,7.31477,;552.560135,7.36485,;552.560135,7.41496,;552.560135,7.46505,;552.560135,7.51512,;552.560135,7.5652,;552.560135,7.61529,;552.560135,7.66538,;552.560135,7.71549,;552.560135,7.76556,;552.560135,7.81563,;552.560135,7.86575,;552.560135,7.91583,;552.560135,7.96592,;552.560135,8.01603,;552.560135,8.06611,;552.560135,8.11622,;552.560135,8.16631,;552.560135,8.21638,;552.560135,8.26647,;552.560135,8.31655,;552.560135,8.36662,;552.560135,8.41673,;471.368224,8.46682,;471.368224,8.5169,;471.368224,8.56701,;410.516132,8.61708,;403.720205,8.6672,;403.720205,8.71731,;403.720205,8.76739,;403.720205,8.8175,;403.720205,8.86758,;403.720205,8.91766,;403.720205,8.96775,;403.720205,9.01785,;403.720205,9.06793,;403.720205,9.11802,;403.720205,9.16811,;403.720205,9.2182,;403.720205,9.26829,;403.720205,9.31837,;403.720205,9.36847,;398.418166,9.41856,;398.418166,9.46864,;398.418166,9.51872,;398.418166,9.56878,;398.418166,9.61886,;398.418166,9.66894,;398.418166,9.71902,;398.418166,9.76911,;398.418166,9.8192,;398.418166,9.86931,;398.418166,9.91938,;398.418166,9.96946,;398.418166,10.0195,;398.418166,10.0696,;
inf,0.0500934,;inf,0.100167,;inf,0.150281,;inf,0.200353,;619.803881,0.250467,;617.305249,0.300548,;617.305249,0.350666,;617.305249,0.400752,;617.305249,0.450874,;617.305249,0.500958,;598.728530,0.551079,;598.728530,0.601157,;598.728530,0.651247,;598.728530,0.701346,;598.728530,0.751462,;598.728530,0.801534,;598.728530,0.851643,;598.728530,0.901722,;598.728530,0.951801,;576.297842,1.00188,;576.297842,1.05198,;576.297842,1.10207,;576.297842,1.1522,;576.297842,1.20229,;576.297842,1.25239,;576.297842,1.30251,;576.297842,1.35263,;576.297842,1.40275,;570.075096,1.45288,;570.075096,1.50295,;570.075096,1.55305,;570.075096,1.60321,;567.480176,1.65329,;567.480176,1.70336,;567.480176,1.75344,;567.480176,1.80355,;567.480176,1.85363,;560.854686,1.90374,;558.162039,1.95382,;558.162039,2.0039,;558.162039,2.05399,;558.162039,2.1041,;558.162039,2.15418,;558.162039,2.20428,;555.140562,2.25437,;555.140562,2.30448,;555.140562,2.35456,;555.140562,2.40468,;555.140562,2.45477,;555.140562,2.50486,;555.140562,2.55495,;555.140562,2.60504,;555.140562,2.65513,;555.140562,2.70521,;544.511259,2.75529,;544.511259,2.80537,;544.511259,2.85545,;529.663278,2.90553,;529.663278,2.95561,;529.663278,3.00568,;529.663278,3.05576,;529.663278,3.10584,;529.663278,3.15592,;529.663278,3.206,;529.663278,3.25608,;529.663278,3.30616,;522.918325,3.35624,;522.918325,3.40632,;522.918325,3.4564,;522.918325,3.50649,;522.918325,3.55659,;522.918325,3.60667,;522.918325,3.65675,;522.918325,3.70683,;522.918325,3.75691,;522.918325,3.80699,;522.918325,3.85704,;522.918325,3.90712,;522.918325,3.9572,;522.918325,4.00728,;522.918325,4.05736,;522.918325,4.10743,;522.918325,4.15751,;522.918325,4.2076,;522.918325,4.25768,;522.918325,4.30775,;522.918325,4.35783,;522.918325,4.40791,;522.918325,4.45798,;522.918325,4.50806,;522.918325,4.55815,;522.918325,4.60828,;517.854743,4.65837,;517.854743,4.70849,;517.854743,4.75866,;517.854743,4.80878,;517.854743,4.8589,;517.854743,4.90898,;505.534911,4.95913,;505.534911,5.0092,;505.534911,5.05933,;485.144424,5.10942,;485.144424,5.15951,;485.144424,5.20961,;485.144424,5.2597,;485.144424,5.3098,;485.144424,5.35992,;463.840085,5.41002,;463.840085,5.46013,;463.840085,5.51025,;463.840085,5.56033,;463.840085,5.61041,;463.840085,5.66053,;463.840085,5.71065,;463.840085,5.76077,;463.840085,5.81085,;463.840085,5.86098,;463.840085,5.9111,;463.840085,5.96118,;463.840085,6.01126,;463.840085,6.06135,;463.840085,6.11145,;463.840085,6.16155,;463.840085,6.21167,;463.840085,6.26176,;427.021023,6.31189,;427.021023,6.36201,;427.021023,6.41213,;427.021023,6.46226,;427.021023,6.51238,;416.920650,6.5625,;416.920650,6.61262,;416.920650,6.66271,;416.920650,6.7128,;416.920650,6.76292,;416.920650,6.81305,;416.920650,6.86317,;416.920650,6.91325,;416.920650,6.96337,;416.920650,7.01346,;416.920650,7.06358,;416.920650,7.11367,;416.920650,7.1638,;416.920650,7.21388,;416.920650,7.26399,;416.920650,7.31408,;416.920650,7.36419,;416.920650,7.41427,;416.920650,7.46437,;416.920650,7.51449,;416.920650,7.56461,;416.920650,7.61473,;416.920650,7.66482,;416.920650,7.71495,;414.454414,7.76505,;414.454414,7.81517,;414.454414,7.86525,;414.454414,7.91537,;414.454414,7.96547,;414.454414,8.01557,;414.454414,8.06565,;414.454414,8.11576,;414.454414,8.16584,;414.454414,8.21593,;414.454414,8.26602,;414.454414,8.3161,;414.454414,8.3662,;414.454414,8.41628,;414.454414,8.46637,;414.454414,8.51645,;414.454414,8.56653,;414.454414,8.61663,;414.454414,8.66672,;414.454414,8.71681,;414.454414,8.76689,;414.454414,8.81698,;414.454414,8.86707,;414.454414,8.91715,;414.454414,8.96724,;414.454414,9.01732,;414.454414,9.0674,;414.454414,9.11748,;414.454414,9.16756,;414.454414,9.21764,;407.645248,9.26773,;407.645248,9.31781,;407.645248,9.3679,;404.262297,9.41798,;404.262297,9.46806,;404.262297,9.51815,;404.262297,9.56823,;404.262297,9.61831,;404.262297,9.66839,;404.262297,9.71848,;404.262297,9.76856,;404.262297,9.81865,;404.262297,9.86873,;404.262297,9.91885,;404.262297,9.96892,;404.262297,10.019,;
inf,0.050059,;inf,0.100175,;562.789315,0.150258,;562.789315,0.200349,;562.789315,0.250433,;562.789315,0.300548,;562.789315,0.350635,;562.789315,0.400762,;562.789315,0.450878,;562.789315,0.500961,;562.789315,0.55105,;562.789315,0.601139,;562.789315,0.651225,;562.789315,0.701305,;562.789315,0.751399,;562.789315,0.801477,;562.789315,0.851559,;562.789315,0.901645,;562.789315,0.951734,;562.789315,1.00182,;562.789315,1.05191,;562.789315,1.10199,;562.789315,1.15209,;562.789315,1.20217,;562.789315,1.25226,;562.789315,1.30233,;562.789315,1.35241,;562.789315,1.40248,;562.789315,1.45256,;562.789315,1.50264,;562.789315,1.55271,;562.789315,1.60279,;562.789315,1.65286,;562.789315,1.70294,;562.789315,1.75301,;562.789315,1.80309,;562.789315,1.85316,;533.501116,1.90323,;533.501116,1.95331,;533.501116,2.00338,;533.501116,2.05346,;533.501116,2.10353,;533.501116,2.15362,;533.501116,2.20369,;533.501116,2.25377,;533.501116,2.30384,;533.501116,2.35389,;533.501116,2.40397,;533.501116,2.45405,;533.501116,2.50412,;533.501116,2.5542,;533.501116,2.60428,;533.501116,2.65436,;530.313976,2.70444,;530.313976,2.75451,;530.313976,2.80459,;530.313976,2.85467,;530.313976,2.90474,;530.313976,2.95483,;530.313976,3.0049,;530.313976,3.05498,;530.313976,3.10505,;530.313976,3.15513,;530.313976,3.20521,;530.313976,3.2553,;530.313976,3.30537,;530.313976,3.35545,;530.313976,3.40553,;530.313976,3.45562,;530.313976,3.5057,;513.300586,3.55577,;513.300586,3.60585,;513.300586,3.65593,;513.300586,3.70602,;513.300586,3.7561,;513.300586,3.80618,;513.300586,3.85626,;509.902712,3.90634,;509.902712,3.95642,;509.902712,4.00649,;509.902712,4.05657,;509.902712,4.10665,;509.902712,4.15673,;509.902712,4.20682,;509.902712,4.25689,;509.902712,4.30697,;509.902712,4.35706,;509.902712,4.40714,;509.902712,4.45722,;509.902712,4.5073,;509.902712,4.55737,;509.902712,4.60745,;509.902712,4.65753,;509.902712,4.70762,;509.902712,4.7577,;509.902712,4.80778,;509.902712,4.85785,;509.902712,4.90793,;509.902712,4.95801,;509.902712,5.00809,;509.902712,5.05817,;509.902712,5.10825,;509.902712,5.15833,;509.902712,5.20841,;509.902712,5.25849,;419.056416,5.30857,;419.056416,5.35865,;419.056416,5.40873,;419.056416,5.45881,;419.056416,5.50889,;419.056416,5.55897,;419.056416,5.60905,;419.056416,5.65913,;419.056416,5.70921,;419.056416,5.75928,;419.056416,5.80936,;419.056416,5.85944,;419.056416,5.90952,;419.056416,5.9596,;419.056416,6.00968,;400.764392,6.05976,;400.764392,6.10984,;400.764392,6.15992,;400.764392,6.21,;400.764392,6.26008,;400.764392,6.31016,;400.764392,6.36024,;400.764392,6.41031,;400.764392,6.46039,;400.764392,6.51048,;400.764392,6.56056,;395.598693,6.61064,;395.598693,6.66072,;395.598693,6.7108,;395.598693,6.76088,;395.598693,6.81096,;395.598693,6.86104,;395.598693,6.91112,;395.598693,6.96119,;395.598693,7.01128,;395.598693,7.06135,;395.598693,7.11143,;395.598693,7.16152,;395.598693,7.2116,;395.598693,7.26168,;395.598693,7.31177,;395.598693,7.36184,;395.598693,7.41192,;395.598693,7.46201,;395.598693,7.51209,;395.598693,7.56217,;395.598693,7.61226,;395.598693,7.66234,;388.386202,7.71242,;388.386202,7.7625,;388.386202,7.81259,;388.386202,7.86267,;388.386202,7.91275,;388.386202,7.96291,;388.386202,8.01298,;388.386202,8.06306,;388.386202,8.11314,;388.386202,8.16322,;388.386202,8.2133,;388.386202,8.26338,;388.386202,8.31346,;388.386202,8.36355,;388.386202,8.41363,;388.386202,8.46371,;388.386202,8.51379,;388.386202,8.56387,;388.386202,8.61396,;388.386202,8.66404,;388.386202,8.71413,;388.386202,8.76421,;384.524358,8.81429,;384.524358,8.86441,;384.524358,8.9145,;384.524358,8.96459,;384.524358,9.01467,;384.179710,9.06477,;384.179710,9.11485,;384.179710,9.16493,;384.179710,9.215,;384.179710,9.26509,;384.179710,9.31518,;384.179710,9.36527,;384.179710,9.41537,;384.179710,9.46546,;384.179710,9.51555,;384.179710,9.56564,;384.179710,9.61573,;384.179710,9.66581,;384.179710,9.71589,;384.179710,9.76598,;384.179710,9.81606,;384.179710,9.86615,;384.179710,9.91623,;384.179710,9.96632,;384.179710,10.0164,;
inf,0.0500972,;inf,0.100208,;inf,0.150316,;726.997500,0.200433,;685.472953,0.250511,;685.472953,0.300635,;685.472953,0.350746,;685.472953,0.40082,;685.472953,0.450932,;685.472953,0.50101,;685.472953,0.551088,;683.774924,0.60118,;683.774924,0.651293,;683.774924,0.701368,;683.774924,0.751461,;683.774924,0.801551,;683.774924,0.851643,;683.774924,0.901764,;683.774924,0.951855,;683.774924,1.00193,;683.774924,1.05202,;683.774924,1.10212,;683.774924,1.15221,;683.774924,1.20231,;683.774924,1.25242,;683.774924,1.3025,;683.774924,1.35258,;679.965445,1.40267,;674.870513,1.45275,;674.870513,1.50284,;674.870513,1.55293,;674.870513,1.60301,;674.870513,1.65312,;659.848163,1.70321,;659.848163,1.75333,;659.848163,1.80345,;659.848163,1.85354,;659.848163,1.90367,;659.848163,1.95378,;582.688651,2.00391,;582.688651,2.05402,;582.688651,2.10414,;582.688651,2.15426,;582.688651,2.20438,;582.688651,2.25449,;582.688651,2.30456,;582.688651,2.35468,;582.688651,2.40477,;582.688651,2.45489,;577.082493,2.50497,;560.892107,2.55507,;560.892107,2.60516,;560.892107,2.65529,;560.892107,2.70536,;512.280006,2.75545,;512.280006,2.80559,;512.280006,2.8557,;512.280006,2.90581,;512.280006,2.9559,;512.280006,3.00602,;512.280006,3.05613,;512.280006,3.10624,;512.280006,3.15633,;512.280006,3.20641,;512.280006,3.25649,;512.280006,3.30661,;512.280006,3.35671,;512.280006,3.40679,;512.280006,3.45688,;480.337212,3.50698,;480.337212,3.5571,;480.337212,3.60722,;480.337212,3.6573,;480.337212,3.70741,;480.337212,3.75753,;480.337212,3.8076,;480.337212,3.85772,;480.337212,3.90784,;480.337212,3.95795,;480.337212,4.00806,;480.337212,4.05818,;480.337212,4.10826,;480.337212,4.15838,;469.049775,4.20846,;469.049775,4.25857,;469.049775,4.30865,;469.049775,4.35877,;469.049775,4.40888,;469.049775,4.45899,;469.049775,4.50909,;469.049775,4.55921,;469.049775,4.6093,;469.049775,4.65942,;469.049775,4.70956,;469.049775,4.75968,;469.049775,4.80979,;469.049775,4.8599,;469.049775,4.91002,;469.049775,4.96013,;469.049775,5.01025,;469.049775,5.06035,;469.049775,5.11049,;469.049775,5.16057,;469.049775,5.21068,;469.049775,5.26077,;469.049775,5.3109,;469.049775,5.36102,;469.049775,5.41113,;469.049775,5.46126,;469.049775,5.51135,;469.049775,5.56148,;469.049775,5.61157,;469.049775,5.66165,;469.049775,5.71173,;469.049775,5.76181,;469.049775,5.81192,;469.049775,5.86204,;469.049775,5.91216,;469.049775,5.96225,;469.049775,6.01233,;468.443649,6.06241,;468.443649,6.11249,;468.443649,6.16257,;468.443649,6.21265,;468.443649,6.26276,;468.443649,6.31284,;468.443649,6.36293,;468.443649,6.41302,;468.443649,6.46311,;468.443649,6.5132,;468.443649,6.56332,;468.443649,6.61339,;468.443649,6.66348,;468.443649,6.71357,;468.443649,6.76369,;468.443649,6.81381,;468.443649,6.86389,;468.443649,6.91398,;468.443649,6.96409,;468.443649,7.01422,;468.443649,7.06433,;468.443649,7.11446,;468.443649,7.16454,;468.443649,7.21464,;468.443649,7.26472,;468.443649,7.31484,;468.443649,7.36492,;468.443649,7.41504,;468.443649,7.46513,;468.443649,7.51525,;468.443649,7.56536,;468.443649,7.61548,;468.443649,7.66561,;468.443649,7.7157,;468.443649,7.76579,;468.443649,7.8159,;468.443649,7.86602,;468.443649,7.91612,;468.443649,7.96623,;468.443649,8.01635,;468.443649,8.06645,;468.443649,8.11653,;468.443649,8.16664,;468.443649,8.21674,;468.443649,8.26686,;468.443649,8.31695,;468.443649,8.36708,;468.443649,8.41717,;468.443649,8.46727,;468.443649,8.51737,;468.443649,8.56747,;468.443649,8.61756,;468.443649,8.66768,;468.443649,8.71776,;468.443649,8.76786,;468.443649,8.81799,;468.443649,8.86811,;468.443649,8.91824,;460.494328,8.96838,;460.494328,9.01848,;460.494328,9.06857,;441.945081,9.11866,;441.945081,9.16876,;441.945081,9.21888,;441.945081,9.26899,;441.945081,9.31911,;441.945081,9.36925,;441.945081,9.41937,;441.945081,9.46947,;441.945081,9.51955,;441.945081,9.56967,;441.945081,9.61979,;441.945081,9.6699,;441.945081,9.72002,;441.945081,9.77013,;441.945081,9.82025,;441.945081,9.87037,;441.945081,9.92045,;441.945081,9.97057,;441.945081,10.0206,;
inf,0.0500592,;inf,0.100141,;inf,0.150232,;inf,0.200314,;inf,0.250393,;inf,0.30048,;inf,0.350575,;inf,0.400661,;inf,0.450775,;866.185857,0.500891,;866.185857,0.550969,;866.185857,0.601052,;866.185857,0.651158,;866.185857,0.701279,;817.590219,0.751359,;817.590219,0.801448,;817.590219,0.851531,;817.590219,0.901613,;817.590219,0.951745,;817.590219,1.00182,;712.748514,1.0519,;712.748514,1.10202,;712.748514,1.15211,;712.748514,1.20219,;712.748514,1.25231,;712.748514,1.30239,;712.748514,1.35246,;712.748514,1.40253,;712.748514,1.45265,;712.748514,1.50274,;712.748514,1.55285,;712.748514,1.60294,;712.748514,1.65305,;712.748514,1.70318,;712.748514,1.75329,;712.748514,1.80341,;712.748514,1.85349,;712.748514,1.90361,;712.748514,1.95372,;712.748514,2.00383,;712.748514,2.05391,;712.748514,2.10402,;712.748514,2.1541,;674.571338,2.20419,;674.571338,2.25432,;674.571338,2.30444,;674.571338,2.35462,;674.571338,2.4047,;674.571338,2.45479,;674.571338,2.50487,;674.571338,2.55494,;674.571338,2.60503,;674.571338,2.65515,;674.571338,2.70524,;674.571338,2.75536,;674.571338,2.80545,;674.571338,2.85559,;674.571338,2.90567,;674.571338,2.95579,;665.131075,3.0059,;665.131075,3.05598,;665.131075,3.10606,;665.131075,3.15614,;665.131075,3.20621,;665.131075,3.25633,;665.131075,3.30643,;665.131075,3.35651,;665.131075,3.4066,;665.131075,3.45668,;665.131075,3.5068,;665.131075,3.5569,;660.306549,3.60701,;660.306549,3.65709,;660.306549,3.70719,;660.306549,3.75727,;660.306549,3.80736,;660.306549,3.85744,;660.306549,3.90757,;660.306549,3.95769,;660.306549,4.0078,;660.306549,4.05788,;660.306549,4.108,;660.306549,4.15808,;660.306549,4.20821,;660.306549,4.25829,;660.306549,4.3084,;660.306549,4.35849,;660.306549,4.40858,;660.306549,4.45868,;660.306549,4.50881,;660.306549,4.5589,;660.306549,4.609,;660.306549,4.65912,;660.306549,4.70923,;660.306549,4.75932,;660.306549,4.80944,;660.306549,4.85959,;660.306549,4.90971,;660.306549,4.95983,;660.306549,5.00991,;660.306549,5.06003,;660.306549,5.11011,;660.306549,5.16024,;660.306549,5.21034,;660.306549,5.26045,;660.306549,5.31053,;660.306549,5.36063,;660.306549,5.41072,;660.306549,5.46084,;660.306549,5.51099,;660.306549,5.56107,;660.306549,5.61119,;660.306549,5.66127,;660.306549,5.71135,;660.306549,5.76142,;660.306549,5.81151,;660.306549,5.8616,;660.306549,5.91169,;660.306549,5.96182,;660.306549,6.01189,;660.306549,6.06197,;660.306549,6.11207,;660.306549,6.16215,;660.306549,6.21222,;660.306549,6.26233,;660.306549,6.31244,;660.306549,6.36252,;660.306549,6.41267,;660.306549,6.46279,;660.306549,6.51292,;660.306549,6.56304,;660.306549,6.61316,;660.306549,6.66328,;660.306549,6.7134,;660.306549,6.76352,;660.306549,6.81364,;660.306549,6.86376,;660.306549,6.91386,;660.306549,6.96398,;660.306549,7.01406,;660.306549,7.06415,;438.963012,7.11425,;438.963012,7.16436,;438.963012,7.21445,;438.963012,7.26457,;438.963012,7.31469,;438.963012,7.36479,;438.963012,7.41488,;438.963012,7.46497,;438.963012,7.51506,;438.963012,7.56515,;438.963012,7.61524,;438.963012,7.66532,;438.963012,7.71541,;438.963012,7.7655,;438.963012,7.81559,;438.963012,7.8657,;438.963012,7.91579,;438.963012,7.96587,;438.963012,8.01596,;438.963012,8.06607,;438.963012,8.11615,;438.963012,8.16624,;438.963012,8.21632,;438.963012,8.26641,;438.963012,8.31651,;438.963012,8.36659,;438.963012,8.41668,;438.963012,8.46676,;438.963012,8.51687,;438.963012,8.56696,;438.963012,8.61709,;438.963012,8.66718,;438.963012,8.71727,;438.963012,8.76739,;438.963012,8.81747,;438.963012,8.86756,;438.963012,8.91765,;438.963012,8.96775,;438.963012,9.0178,;438.963012,9.06792,;438.963012,9.118,;438.963012,9.16808,;438.963012,9.21817,;438.963012,9.26825,;438.963012,9.31834,;438.963012,9.36843,;438.963012,9.41854,;438.963012,9.46865,;438.963012,9.51874,;438.963012,9.56887,;438.963012,9.61899,;438.963012,9.66911,;438.963012,9.71919,;438.963012,9.76927,;438.963012,9.81935,;438.963012,9.86947,;438.963012,9.91956,;438.963012,9.96968,;438.963012,10.0198,;
inf,0.0500678,;659.482200,0.100131,;659.482200,0.150255,;659.482200,0.200329,;659.482200,0.250403,;659.482200,0.30051,;659.482200,0.350582,;659.482200,0.400691,;659.482200,0.450764,;659.482200,0.500849,;659.482200,0.550943,;659.482200,0.601034,;658.111866,0.651119,;658.111866,0.701196,;658.111866,0.751268,;658.111866,0.80135,;658.111866,0.851424,;658.111866,0.901492,;613.971300,0.951565,;613.971300,1.00165,;613.971300,1.05175,;613.971300,1.10182,;598.328881,1.1519,;598.328881,1.202,;598.328881,1.25207,;598.328881,1.30219,;598.328881,1.3523,;598.328881,1.40239,;598.328881,1.45247,;594.947382,1.50255,;594.947382,1.55262,;594.947382,1.60269,;594.947382,1.65277,;594.947382,1.7029,;594.947382,1.75301,;587.012776,1.8031,;587.012776,1.85319,;587.012776,1.90328,;587.012776,1.95339,;587.012776,2.0035,;587.012776,2.0536,;587.012776,2.10368,;587.012776,2.15379,;587.012776,2.20391,;587.012776,2.25402,;587.012776,2.30414,;587.012776,2.35425,;587.012776,2.40433,;587.012776,2.45445,;587.012776,2.50456,;587.012776,2.55464,;587.012776,2.60475,;587.012776,2.65483,;587.012776,2.70495,;587.012776,2.75507,;587.012776,2.80518,;587.012776,2.85527,;587.012776,2.90538,;587.012776,2.95549,;587.012776,3.00561,;587.012776,3.05573,;587.012776,3.10584,;587.012776,3.15592,;587.012776,3.20601,;587.012776,3.25612,;587.012776,3.30624,;587.012776,3.35636,;587.012776,3.40646,;587.012776,3.45656,;587.012776,3.50663,;587.012776,3.55674,;587.012776,3.60683,;587.012776,3.65696,;587.012776,3.70706,;587.012776,3.75717,;587.012776,3.80725,;587.012776,3.85732,;587.012776,3.9074,;587.012776,3.95752,;587.012776,4.00765,;587.012776,4.05776,;587.012776,4.10787,;585.885350,4.15798,;585.885350,4.20806,;585.885350,4.25817,;568.755928,4.30825,;568.755928,4.35836,;568.755928,4.40848,;568.755928,4.45859,;568.755928,4.5087,;568.755928,4.55881,;568.755928,4.60892,;566.184910,4.65904,;551.843899,4.70915,;551.843899,4.75924,;551.843899,4.80935,;551.843899,4.85946,;551.843899,4.90957,;551.843899,4.95969,;551.843899,5.0098,;551.843899,5.05992,;551.843899,5.11,;551.843899,5.16012,;551.843899,5.21024,;551.843899,5.26035,;551.843899,5.31043,;551.843899,5.36053,;551.843899,5.41061,;551.843899,5.46072,;551.843899,5.5108,;551.843899,5.56089,;551.843899,5.61097,;551.843899,5.66108,;551.843899,5.71117,;551.843899,5.76125,;548.599138,5.81137,;548.599138,5.86148,;548.599138,5.91157,;548.599138,5.96168,;548.599138,6.01178,;548.599138,6.06189,;548.599138,6.112,;444.764256,6.16211,;444.764256,6.21223,;444.764256,6.26234,;444.764256,6.31243,;444.764256,6.36251,;435.818180,6.41262,;434.968539,6.46273,;434.968539,6.51283,;434.968539,6.56293,;434.968539,6.61303,;434.968539,6.66312,;434.968539,6.71324,;434.968539,6.76333,;434.968539,6.81344,;434.968539,6.86353,;434.968539,6.91364,;434.968539,6.96373,;434.968539,7.01385,;434.968539,7.06396,;434.968539,7.11407,;434.968539,7.16418,;434.968539,7.2143,;434.968539,7.26442,;434.968539,7.31451,;434.968539,7.36462,;434.968539,7.4147,;364.681349,7.46481,;364.681349,7.5149,;364.681349,7.56502,;364.681349,7.61516,;364.681349,7.66526,;364.681349,7.71535,;364.681349,7.76547,;364.681349,7.81555,;364.681349,7.86567,;364.681349,7.91576,;364.681349,7.96588,;364.681349,8.01599,;364.681349,8.0661,;364.681349,8.11617,;364.681349,8.16625,;364.681349,8.21633,;364.681349,8.26645,;364.681349,8.31659,;364.681349,8.36666,;364.681349,8.41678,;364.681349,8.46687,;364.681349,8.51698,;364.681349,8.56709,;364.681349,8.61725,;364.681349,8.66732,;364.681349,8.7174,;364.681349,8.76749,;364.681349,8.8176,;364.681349,8.86771,;364.681349,8.91782,;364.681349,8.9679,;364.681349,9.01802,;364.681349,9.06811,;364.681349,9.11822,;364.681349,9.16835,;364.681349,9.21843,;364.681349,9.26856,;364.681349,9.31863,;364.681349,9.36875,;364.681349,9.41884,;364.681349,9.46894,;364.681349,9.51904,;364.681349,9.56916,;364.681349,9.61925,;364.681349,9.66934,;364.681349,9.71945,;364.681349,9.76956,;364.681349,9.81964,;364.681349,9.86973,;364.681349,9.91985,;364.681349,9.96996,;364.681349,10.0201,;
inf,0.0500684,;inf,0.100186,;601.825367,0.150276,;601.530433,0.200403,;601.530433,0.250483,;596.542248,0.300572,;590.489566,0.350689,;590.489566,0.400816,;590.489566,0.450907,;590.489566,0.501017,;590.489566,0.551131,;590.489566,0.601238,;590.489566,0.651349,;590.489566,0.701463,;552.900103,0.751576,;552.900103,0.801679,;552.900103,0.851797,;541.488106,0.901875,;541.488106,0.951986,;541.488106,1.00208,;541.488106,1.05217,;541.488106,1.10224,;541.488106,1.15235,;541.488106,1.20244,;541.488106,1.25255,;541.488106,1.30263,;541.488106,1.35275,;541.488106,1.40283,;541.488106,1.45294,;541.488106,1.50306,;541.488106,1.55316,;541.488106,1.60327,;541.488106,1.65339,;541.488106,1.70348,;541.488106,1.75355,;541.488106,1.80366,;541.488106,1.8537,;534.072507,1.90381,;534.072507,1.95388,;534.072507,2.00395,;534.072507,2.05404,;534.072507,2.10415,;534.072507,2.15424,;491.070892,2.20435,;476.538710,2.25444,;476.538710,2.30451,;476.538710,2.35462,;476.538710,2.40475,;476.538710,2.45486,;476.538710,2.50498,;476.538710,2.55507,;476.538710,2.60515,;476.538710,2.65527,;476.538710,2.70539,;476.538710,2.75551,;476.538710,2.80562,;476.538710,2.8557,;476.538710,2.90582,;432.220371,2.95593,;432.220371,3.006,;432.220371,3.05608,;422.401783,3.10617,;422.401783,3.15625,;422.401783,3.20633,;422.401783,3.25641,;422.401783,3.30654,;422.401783,3.35664,;422.401783,3.40673,;422.401783,3.45685,;422.401783,3.50696,;422.401783,3.55704,;422.401783,3.60711,;422.401783,3.65722,;422.401783,3.70734,;422.401783,3.75746,;422.401783,3.80757,;422.401783,3.85768,;422.401783,3.90781,;421.815166,3.95792,;421.815166,4.00803,;421.815166,4.05812,;421.815166,4.10823,;393.426980,4.15831,;393.426980,4.20839,;393.426980,4.25848,;393.426980,4.30861,;393.426980,4.35869,;393.426980,4.40881,;393.426980,4.45892,;393.426980,4.50903,;393.426980,4.55915,;393.426980,4.60922,;393.426980,4.65934,;393.426980,4.70942,;393.426980,4.75952,;393.426980,4.80961,;393.426980,4.85968,;393.426980,4.90976,;393.426980,4.95985,;393.426980,5.00992,;393.426980,5.06001,;393.426980,5.11008,;393.426980,5.16016,;393.426980,5.21025,;393.426980,5.26033,;393.426980,5.3104,;393.426980,5.36049,;393.426980,5.41057,;393.426980,5.46065,;393.426980,5.51077,;393.426980,5.56088,;393.426980,5.61096,;393.426980,5.66108,;393.426980,5.71116,;393.426980,5.76128,;393.426980,5.8114,;393.426980,5.86151,;393.426980,5.91163,;393.426980,5.96175,;393.426980,6.01186,;393.426980,6.06197,;393.426980,6.11208,;393.426980,6.16219,;393.426980,6.21227,;393.426980,6.26237,;393.426980,6.31248,;393.426980,6.36257,;393.426980,6.41268,;393.426980,6.46283,;393.426980,6.51294,;393.426980,6.56303,;393.426980,6.61315,;393.426980,6.66324,;393.426980,6.71335,;393.426980,6.76344,;393.426980,6.81353,;393.426980,6.86365,;393.426980,6.91374,;393.426980,6.96386,;393.426980,7.01395,;393.426980,7.06407,;393.426980,7.11416,;393.426980,7.16428,;393.426980,7.21437,;383.274194,7.26446,;383.274194,7.31455,;383.274194,7.36467,;383.274194,7.41476,;383.274194,7.46485,;383.274194,7.51493,;383.274194,7.56502,;383.274194,7.61514,;383.274194,7.66525,;383.274194,7.71537,;383.274194,7.76549,;383.274194,7.8156,;383.274194,7.8657,;383.274194,7.91582,;383.274194,7.96594,;383.274194,8.01602,;383.274194,8.06611,;383.274194,8.1162,;383.274194,8.16631,;383.274194,8.21643,;383.274194,8.26652,;383.274194,8.31664,;383.274194,8.36675,;383.274194,8.41686,;383.274194,8.46697,;377.645518,8.51709,;377.645518,8.56718,;377.645518,8.61727,;377.645518,8.66735,;377.645518,8.71744,;377.645518,8.76753,;377.645518,8.81762,;377.645518,8.86771,;377.645518,8.91779,;377.645518,8.9679,;377.645518,9.01798,;377.645518,9.06811,;377.645518,9.11819,;377.645518,9.16828,;377.645518,9.21836,;377.645518,9.26844,;377.645518,9.31852,;377.645518,9.3686,;377.645518,9.41871,;377.645518,9.46882,;377.645518,9.5189,;377.645518,9.56903,;377.645518,9.61914,;377.645518,9.66927,;377.645518,9.71936,;377.645518,9.76944,;377.645518,9.81952,;377.645518,9.86961,;377.645518,9.91969,;377.645518,9.96977,;377.645518,10.0199,;
inf,0.0500567,;inf,0.100129,;713.597808,0.15024,;713.597808,0.200355,;713.597808,0.250466,;707.098248,0.300577,;707.098248,0.350697,;640.404907,0.400791,;640.404907,0.450906,;640.404907,0.500987,;640.404907,0.551098,;640.404907,0.601206,;640.404907,0.651293,;640.404907,0.701415,;640.404907,0.751535,;640.404907,0.801651,;640.404907,0.851745,;640.404907,0.90184,;640.404907,0.951918,;640.404907,1.00203,;640.404907,1.0521,;640.404907,1.10223,;640.404907,1.15232,;640.404907,1.20243,;625.691478,1.25251,;625.691478,1.30263,;625.691478,1.35271,;625.691478,1.4028,;625.691478,1.4529,;625.691478,1.50302,;625.691478,1.5531,;625.691478,1.60321,;625.691478,1.65333,;625.691478,1.70342,;625.691478,1.75351,;625.691478,1.80363,;625.691478,1.85374,;625.691478,1.90386,;625.691478,1.95397,;625.691478,2.00404,;625.691478,2.05416,;625.691478,2.10425,;625.691478,2.15436,;625.691478,2.20446,;625.691478,2.25457,;625.691478,2.30465,;625.691478,2.35474,;625.691478,2.40483,;625.691478,2.45495,;625.691478,2.50505,;625.691478,2.55514,;625.691478,2.60526,;625.691478,2.65535,;625.691478,2.70544,;625.691478,2.75552,;625.691478,2.80562,;625.691478,2.85571,;625.691478,2.90582,;625.691478,2.95593,;623.988779,3.00605,;623.988779,3.05612,;605.814048,3.1062,;605.814048,3.15629,;605.814048,3.20641,;605.814048,3.25649,;605.814048,3.30659,;605.814048,3.35668,;605.814048,3.40683,;605.814048,3.45691,;605.814048,3.50702,;605.814048,3.55714,;605.814048,3.60726,;605.814048,3.65736,;605.814048,3.70748,;605.814048,3.7576,;605.814048,3.80772,;605.814048,3.85783,;605.814048,3.90796,;605.814048,3.95807,;605.814048,4.00815,;605.814048,4.05826,;605.814048,4.10834,;605.814048,4.15846,;605.814048,4.20855,;605.814048,4.25867,;605.814048,4.30876,;605.814048,4.35886,;605.814048,4.40898,;605.814048,4.45907,;605.814048,4.50915,;605.814048,4.55924,;605.814048,4.60933,;605.814048,4.65942,;605.814048,4.70953,;605.814048,4.75962,;605.814048,4.8097,;605.814048,4.85978,;605.814048,4.90987,;605.814048,4.9599,;605.814048,5.01001,;605.814048,5.06008,;605.814048,5.11017,;383.626283,5.16026,;383.626283,5.21035,;383.626283,5.26043,;383.626283,5.31055,;383.626283,5.36067,;383.626283,5.41079,;383.422487,5.46089,;382.178603,5.51102,;382.178603,5.56113,;382.178603,5.61122,;382.178603,5.66134,;382.178603,5.71147,;382.178603,5.76157,;382.178603,5.81169,;382.178603,5.86178,;382.178603,5.91186,;382.178603,5.96196,;382.178603,6.01204,;382.178603,6.06215,;382.178603,6.11224,;382.178603,6.16234,;382.178603,6.21241,;382.178603,6.2625,;382.178603,6.3126,;382.178603,6.36268,;382.178603,6.41276,;367.593197,6.46289,;367.593197,6.51298,;367.593197,6.56307,;367.593197,6.61316,;367.593197,6.66328,;367.593197,6.71337,;367.593197,6.76347,;367.593197,6.8136,;367.593197,6.86371,;367.593197,6.91383,;367.593197,6.96392,;367.593197,7.01403,;367.593197,7.06411,;367.593197,7.1142,;367.593197,7.16429,;367.593197,7.21441,;367.593197,7.2645,;367.593197,7.31462,;367.593197,7.36472,;367.593197,7.41483,;367.593197,7.46493,;367.593197,7.51505,;367.593197,7.56514,;367.593197,7.61526,;367.593197,7.66535,;367.593197,7.71547,;367.593197,7.76559,;367.593197,7.81571,;367.593197,7.86583,;367.593197,7.91596,;367.593197,7.96608,;367.593197,8.01621,;367.593197,8.06631,;367.593197,8.11641,;367.593197,8.16652,;367.593197,8.21664,;367.593197,8.26672,;367.593197,8.3168,;367.593197,8.36693,;367.593197,8.41704,;367.593197,8.46716,;367.593197,8.51728,;367.593197,8.56736,;367.593197,8.61744,;367.593197,8.66759,;367.593197,8.71767,;367.593197,8.76779,;367.593197,8.8179,;367.593197,8.86795,;367.593197,8.91806,;367.593197,8.96814,;367.593197,9.01825,;359.354020,9.06833,;359.354020,9.11842,;359.354020,9.16852,;359.354020,9.21863,;359.354020,9.26871,;359.354020,9.31883,;359.354020,9.36895,;359.354020,9.41906,;359.354020,9.46918,;359.354020,9.51927,;359.354020,9.56938,;359.354020,9.6195,;359.354020,9.6696,;359.354020,9.71972,;359.354020,9.76981,;359.354020,9.81991,;359.354020,9.87,;359.354020,9.92008,;359.354020,9.97016,;
inf,0.0500959,;inf,0.100188,;inf,0.150308,;inf,0.200419,;787.153599,0.250536,;787.153599,0.300631,;787.153599,0.350742,;762.553226,0.400864,;762.553226,0.450942,;762.553226,0.50103,;762.553226,0.551142,;762.553226,0.601241,;762.553226,0.65133,;762.553226,0.701446,;732.794763,0.751526,;732.794763,0.801637,;732.794763,0.851747,;732.794763,0.901865,;703.955498,0.951979,;703.955498,1.00209,;703.955498,1.05221,;703.955498,1.10233,;703.955498,1.15245,;703.955498,1.20256,;703.955498,1.25264,;699.736416,1.30276,;699.736416,1.35283,;699.736416,1.40291,;699.736416,1.45304,;699.736416,1.50317,;699.736416,1.55329,;699.736416,1.60341,;699.736416,1.65352,;699.736416,1.70364,;684.922229,1.75377,;684.922229,1.80386,;684.922229,1.85394,;673.735301,1.90401,;673.735301,1.95409,;673.735301,2.00416,;673.735301,2.05424,;673.735301,2.10432,;671.449893,2.15445,;671.449893,2.20453,;671.449893,2.25461,;671.449893,2.30472,;671.449893,2.35481,;671.449893,2.40489,;671.449893,2.45498,;671.449893,2.50506,;671.449893,2.55516,;671.449893,2.60529,;671.449893,2.65541,;671.449893,2.70549,;671.449893,2.75557,;671.449893,2.80571,;671.449893,2.85579,;671.449893,2.90587,;671.449893,2.95595,;671.449893,3.00603,;671.449893,3.05611,;671.449893,3.10619,;671.449893,3.15627,;507.918264,3.20634,;507.918264,3.25643,;507.918264,3.30657,;462.921970,3.35665,;462.921970,3.40674,;462.921970,3.45682,;462.921970,3.5069,;462.921970,3.55698,;462.921970,3.60707,;462.921970,3.65715,;462.921970,3.70724,;462.921970,3.7573,;462.921970,3.80739,;462.921970,3.85747,;462.921970,3.90755,;462.921970,3.95763,;462.921970,4.00771,;462.921970,4.05779,;462.921970,4.10788,;462.921970,4.15796,;462.921970,4.20804,;445.802570,4.25813,;445.802570,4.30823,;445.802570,4.35831,;445.802570,4.40839,;445.802570,4.45847,;445.802570,4.50856,;445.802570,4.55865,;445.802570,4.60873,;445.802570,4.65882,;445.802570,4.7089,;445.802570,4.75899,;445.802570,4.80907,;445.802570,4.85915,;445.802570,4.90924,;445.802570,4.95931,;445.802570,5.00939,;445.802570,5.05948,;445.802570,5.10956,;445.802570,5.15964,;445.802570,5.20972,;445.802570,5.2598,;445.802570,5.30989,;445.802570,5.35997,;445.802570,5.41006,;445.802570,5.46015,;445.802570,5.51024,;445.802570,5.56032,;445.802570,5.6104,;445.802570,5.66049,;445.802570,5.71057,;445.802570,5.76066,;445.802570,5.81074,;445.802570,5.86083,;445.802570,5.91091,;445.802570,5.961,;444.155245,6.01109,;444.155245,6.06117,;444.155245,6.11126,;444.155245,6.16134,;444.155245,6.21143,;444.155245,6.26151,;444.155245,6.3116,;444.155245,6.36168,;444.155245,6.41176,;444.155245,6.46185,;444.155245,6.51194,;444.155245,6.56202,;444.155245,6.61211,;444.155245,6.66219,;444.155245,6.71228,;444.155245,6.76236,;444.155245,6.81246,;444.155245,6.86254,;444.155245,6.91263,;444.155245,6.96272,;444.155245,7.01281,;444.155245,7.0629,;444.155245,7.11299,;441.082263,7.16307,;441.082263,7.21316,;441.082263,7.26324,;441.082263,7.31334,;441.082263,7.36342,;436.081918,7.41351,;436.081918,7.46358,;436.081918,7.51366,;436.081918,7.56375,;436.081918,7.61383,;436.081918,7.66392,;436.081918,7.71401,;436.081918,7.76408,;436.081918,7.81417,;436.081918,7.86426,;436.081918,7.91435,;436.081918,7.96443,;436.081918,8.01452,;436.081918,8.0646,;432.970625,8.11468,;432.970625,8.16479,;432.970625,8.21488,;432.970625,8.26497,;432.970625,8.31505,;432.970625,8.36514,;432.970625,8.41523,;432.970625,8.46531,;432.970625,8.5154,;432.970625,8.56548,;432.970625,8.61557,;432.970625,8.66566,;432.970625,8.71574,;432.970625,8.76583,;432.970625,8.81592,;432.970625,8.866,;432.970625,8.91611,;432.970625,8.96623,;432.970625,9.01634,;432.970625,9.06645,;432.970625,9.11654,;432.970625,9.16663,;432.970625,9.21671,;432.970625,9.26683,;432.970625,9.31692,;430.972146,9.36704,;430.972146,9.41717,;430.972146,9.46729,;430.972146,9.51743,;430.972146,9.56751,;430.972146,9.61763,;430.300019,9.6677,;430.300019,9.71782,;430.300019,9.76792,;430.300019,9.81799,;430.300019,9.86807,;430.300019,9.91814,;430.300019,9.96825,;430.300019,10.0183,;
inf,0.0500684,;inf,0.100188,;inf,0.150277,;inf,0.200393,;inf,0.250483,;inf,0.300598,;inf,0.350689,;inf,0.400776,;654.410282,0.450897,;654.410282,0.501007,;654.410282,0.551095,;654.410282,0.601191,;654.410282,0.651326,;654.410282,0.701406,;654.410282,0.751492,;654.410282,0.801573,;620.174020,0.851648,;620.174020,0.901737,;620.174020,0.951822,;620.174020,1.00194,;620.174020,1.05202,;620.174020,1.10211,;620.174020,1.15223,;620.174020,1.20235,;620.174020,1.25244,;613.663717,1.30256,;613.663717,1.35267,;613.663717,1.40278,;613.663717,1.45286,;613.663717,1.503,;613.663717,1.55308,;592.679902,1.60317,;592.679902,1.65326,;592.679902,1.70334,;592.679902,1.75342,;592.679902,1.80351,;592.679902,1.85359,;592.679902,1.9037,;592.679902,1.95379,;592.679902,2.00388,;592.679902,2.05396,;592.679902,2.10406,;592.679902,2.1542,;592.679902,2.20429,;592.679902,2.25438,;592.679902,2.30446,;588.435334,2.35454,;588.435334,2.40462,;588.435334,2.4547,;588.435334,2.50477,;588.435334,2.55485,;562.627280,2.60496,;562.627280,2.65505,;562.627280,2.70514,;562.627280,2.75526,;562.627280,2.80539,;562.627280,2.85551,;562.627280,2.90564,;562.627280,2.95575,;562.627280,3.00583,;562.627280,3.05592,;562.627280,3.10601,;562.627280,3.15617,;562.627280,3.20627,;562.627280,3.25638,;562.627280,3.30647,;562.627280,3.35656,;562.627280,3.40666,;562.627280,3.45678,;562.627280,3.50687,;562.627280,3.55696,;562.627280,3.60705,;562.627280,3.65717,;562.627280,3.70725,;562.627280,3.75731,;562.627280,3.80742,;562.627280,3.8575,;562.627280,3.90762,;562.627280,3.95771,;562.627280,4.00783,;562.627280,4.05792,;562.627280,4.10804,;562.627280,4.15812,;562.627280,4.20823,;562.627280,4.25837,;562.627280,4.30848,;562.627280,4.35858,;562.627280,4.40869,;562.627280,4.4588,;562.627280,4.50892,;561.931985,4.55902,;561.931985,4.60913,;561.931985,4.65921,;561.931985,4.70932,;561.931985,4.75943,;561.931985,4.80951,;561.931985,4.85963,;561.931985,4.90972,;561.931985,4.95981,;561.931985,5.0099,;561.931985,5.06003,;561.931985,5.11012,;561.931985,5.16023,;561.931985,5.21032,;561.931985,5.26044,;561.931985,5.31052,;561.931985,5.36065,;561.931985,5.41076,;561.931985,5.46089,;561.931985,5.51098,;561.931985,5.56106,;561.931985,5.61114,;561.931985,5.66126,;561.931985,5.71138,;561.931985,5.76146,;561.931985,5.81154,;561.931985,5.86163,;561.931985,5.91176,;561.931985,5.96184,;561.931985,6.01194,;561.931985,6.06202,;561.931985,6.11213,;561.931985,6.16222,;561.931985,6.21231,;561.931985,6.2624,;561.931985,6.31252,;561.931985,6.3626,;561.931985,6.41271,;561.931985,6.46283,;561.931985,6.51293,;561.931985,6.56306,;561.931985,6.61317,;561.931985,6.66325,;561.931985,6.71335,;561.931985,6.76342,;561.931985,6.81351,;561.931985,6.86358,;561.931985,6.91366,;561.931985,6.96375,;561.931985,7.01388,;561.931985,7.06395,;561.931985,7.11406,;561.931985,7.16414,;561.931985,7.21424,;561.931985,7.26435,;550.923354,7.31447,;550.923354,7.36458,;550.923354,7.4147,;550.923354,7.46481,;550.923354,7.51493,;550.923354,7.56502,;548.694347,7.61513,;548.694347,7.66525,;548.694347,7.71536,;548.694347,7.76544,;548.694347,7.81555,;548.694347,7.86563,;548.694347,7.91572,;548.694347,7.9658,;548.694347,8.01589,;548.694347,8.06597,;548.694347,8.11606,;548.694347,8.16615,;548.694347,8.21623,;548.694347,8.26631,;548.694347,8.31639,;548.694347,8.36646,;548.694347,8.41659,;548.694347,8.46667,;548.694347,8.51679,;548.694347,8.56687,;548.694347,8.61696,;548.694347,8.66704,;548.694347,8.71712,;548.694347,8.76724,;548.694347,8.81729,;548.694347,8.86738,;548.694347,8.91746,;548.694347,8.96756,;548.694347,9.01765,;548.694347,9.06778,;548.694347,9.11787,;548.694347,9.16799,;548.694347,9.21808,;548.694347,9.2682,;548.694347,9.31831,;548.694347,9.36843,;548.633652,9.41852,;548.633652,9.46863,;548.633652,9.51872,;548.633652,9.5688,;548.633652,9.61891,;548.633652,9.66904,;548.633652,9.71914,;548.633652,9.76926,;548.633652,9.81937,;548.633652,9.86945,;548.633652,9.91956,;548.633652,9.96964,;
inf,0.0500684,;inf,0.100158,;inf,0.150288,;inf,0.200371,;838.580051,0.250504,;838.580051,0.300622,;838.580051,0.350735,;838.580051,0.400819,;838.580051,0.45091,;829.715098,0.501005,;829.715098,0.551127,;783.753917,0.601243,;783.753917,0.651319,;783.753917,0.701433,;783.753917,0.751555,;783.753917,0.801666,;783.753917,0.85178,;783.753917,0.901893,;783.753917,0.951994,;783.753917,1.00211,;716.281607,1.05221,;699.020616,1.10232,;699.020616,1.15241,;699.020616,1.20252,;699.020616,1.25261,;699.020616,1.3027,;699.020616,1.35279,;699.020616,1.40285,;699.020616,1.45293,;699.020616,1.50304,;699.020616,1.55312,;699.020616,1.60324,;699.020616,1.65331,;699.020616,1.70342,;699.020616,1.75351,;699.020616,1.80359,;699.020616,1.85371,;699.020616,1.90379,;699.020616,1.95388,;699.020616,2.00397,;699.020616,2.05409,;699.020616,2.1042,;693.135740,2.15429,;693.135740,2.20441,;693.135740,2.25452,;693.135740,2.30461,;661.869729,2.35472,;661.869729,2.40481,;661.869729,2.45492,;656.137347,2.505,;656.137347,2.55508,;656.137347,2.60516,;656.137347,2.65522,;656.137347,2.70533,;645.561937,2.75541,;645.561937,2.80552,;645.561937,2.85561,;645.561937,2.90573,;645.561937,2.95582,;645.561937,3.00593,;645.561937,3.05603,;645.561937,3.10613,;645.561937,3.15625,;645.561937,3.20636,;645.109645,3.25647,;645.109645,3.30658,;645.109645,3.3567,;645.109645,3.40682,;645.109645,3.45695,;645.109645,3.50707,;645.109645,3.55718,;645.109645,3.60726,;645.109645,3.65737,;645.109645,3.70748,;645.109645,3.7576,;645.109645,3.80768,;645.109645,3.8578,;645.109645,3.90791,;645.109645,3.95802,;645.109645,4.00811,;645.109645,4.05822,;645.109645,4.10831,;645.109645,4.15839,;644.713578,4.20851,;644.713578,4.25859,;644.713578,4.30868,;644.713578,4.35875,;628.467679,4.40886,;628.467679,4.45898,;628.467679,4.50906,;628.467679,4.55916,;628.467679,4.60927,;628.467679,4.65934,;628.467679,4.70945,;628.467679,4.75954,;628.467679,4.80966,;628.467679,4.85974,;628.467679,4.90982,;628.467679,4.95991,;628.467679,5.01003,;628.467679,5.06014,;628.467679,5.11023,;628.467679,5.16032,;628.467679,5.21044,;628.467679,5.26053,;628.467679,5.31064,;628.467679,5.36075,;628.467679,5.41086,;628.467679,5.46098,;628.467679,5.51106,;628.467679,5.56119,;628.467679,5.61126,;378.955040,5.66137,;378.955040,5.71145,;378.955040,5.76153,;378.955040,5.81161,;378.955040,5.8617,;378.955040,5.91181,;378.955040,5.9619,;378.955040,6.01201,;378.955040,6.06209,;378.955040,6.11217,;378.955040,6.16224,;378.955040,6.21237,;378.955040,6.26248,;378.955040,6.31258,;378.955040,6.3627,;378.955040,6.41282,;378.955040,6.46289,;378.955040,6.513,;378.955040,6.56308,;378.955040,6.61315,;378.955040,6.66326,;378.955040,6.71337,;378.955040,6.76345,;378.955040,6.81356,;378.955040,6.86363,;378.955040,6.91371,;378.955040,6.96379,;378.955040,7.01388,;378.955040,7.06397,;378.955040,7.11409,;378.955040,7.16417,;378.955040,7.21429,;378.955040,7.26438,;378.955040,7.31451,;378.955040,7.36459,;378.955040,7.41471,;378.955040,7.46482,;378.955040,7.51491,;378.955040,7.56502,;378.955040,7.61514,;378.955040,7.66522,;378.955040,7.71526,;378.955040,7.76535,;378.955040,7.81543,;378.955040,7.86551,;378.955040,7.9156,;378.955040,7.96571,;378.955040,8.0158,;378.955040,8.06588,;378.955040,8.11597,;376.816416,8.16605,;376.816416,8.21615,;376.816416,8.26623,;376.816416,8.31632,;376.816416,8.3664,;375.374607,8.41649,;375.374607,8.46657,;375.374607,8.51665,;375.374607,8.56674,;375.374607,8.61685,;375.374607,8.66696,;375.374607,8.71709,;375.374607,8.76717,;375.374607,8.81729,;375.374607,8.86737,;375.374607,8.91745,;375.374607,8.96753,;375.374607,9.01764,;375.374607,9.06773,;375.374607,9.11784,;375.374607,9.16793,;375.374607,9.21805,;375.374607,9.26816,;366.816767,9.31824,;366.816767,9.36831,;366.816767,9.41843,;366.816767,9.46852,;366.816767,9.51863,;366.816767,9.56875,;366.816767,9.61887,;366.816767,9.66894,;366.816767,9.71909,;366.816767,9.7692,;366.816767,9.81926,;366.816767,9.86933,;366.816767,9.91941,;366.816767,9.96948,;366.816767,10.0196,;
inf,0.0500957,;inf,0.100208,;1043.981115,0.150283,;1043.981115,0.200389,;1043.981115,0.250499,;1043.981115,0.300559,;1043.981115,0.350701,;955.444391,0.400779,;955.444391,0.450896,;955.444391,0.501018,;955.444391,0.551131,;955.444391,0.601212,;955.444391,0.651358,;955.444391,0.701443,;955.444391,0.751522,;955.444391,0.801649,;955.444391,0.851763,;835.138592,0.901844,;835.138592,0.951921,;835.138592,1.002,;834.824493,1.05212,;834.824493,1.10224,;834.824493,1.15233,;834.824493,1.20245,;834.824493,1.25257,;834.824493,1.30268,;834.824493,1.3528,;834.824493,1.40288,;834.824493,1.45296,;834.824493,1.50309,;805.101992,1.55319,;805.101992,1.60327,;805.101992,1.65334,;805.101992,1.70346,;805.101992,1.75358,;801.935818,1.80365,;801.935818,1.85372,;777.928450,1.9038,;777.928450,1.95387,;777.928450,2.00394,;777.928450,2.05401,;777.928450,2.10409,;777.928450,2.15422,;777.928450,2.2043,;777.928450,2.25439,;777.928450,2.30447,;777.928450,2.35454,;777.928450,2.40462,;777.928450,2.45471,;777.928450,2.5048,;777.928450,2.55489,;777.928450,2.60497,;777.928450,2.65506,;777.928450,2.70514,;777.928450,2.75523,;777.928450,2.80535,;777.928450,2.85543,;777.928450,2.90551,;777.928450,2.95563,;777.928450,3.00572,;777.928450,3.05581,;777.928450,3.10592,;777.928450,3.15602,;777.928450,3.20614,;767.854756,3.25625,;767.854756,3.30637,;767.854756,3.35646,;767.854756,3.40653,;767.854756,3.45661,;767.854756,3.50668,;767.854756,3.55678,;767.854756,3.6069,;767.854756,3.65699,;767.854756,3.70711,;767.854756,3.7572,;767.854756,3.80731,;767.854756,3.85742,;767.854756,3.90755,;767.854756,3.95763,;767.854756,4.00774,;767.854756,4.05786,;767.854756,4.10794,;767.854756,4.15807,;767.854756,4.20815,;767.854756,4.25824,;767.854756,4.30832,;767.854756,4.35841,;767.854756,4.40849,;767.854756,4.45858,;767.854756,4.50867,;767.854756,4.55876,;767.854756,4.60883,;767.854756,4.6589,;767.854756,4.70898,;767.854756,4.75905,;767.854756,4.80914,;767.854756,4.85922,;767.854756,4.90931,;767.854756,4.95941,;767.854756,5.0095,;767.854756,5.05958,;767.854756,5.10967,;767.854756,5.15977,;767.854756,5.20981,;767.854756,5.25991,;767.854756,5.31,;767.854756,5.36009,;767.854756,5.41019,;767.854756,5.46028,;767.854756,5.51037,;767.854756,5.56046,;767.854756,5.61054,;767.854756,5.66062,;767.854756,5.71074,;767.854756,5.76083,;767.854756,5.81095,;767.854756,5.86103,;767.854756,5.91115,;767.854756,5.96128,;767.854756,6.0114,;767.854756,6.06148,;767.854756,6.1116,;767.854756,6.16172,;767.854756,6.21183,;767.854756,6.26194,;767.854756,6.31207,;378.385531,6.36218,;378.385531,6.41234,;378.385531,6.46243,;378.385531,6.51251,;378.385531,6.56263,;378.385531,6.61272,;378.385531,6.66284,;378.385531,6.71294,;378.385531,6.76302,;378.385531,6.81312,;378.385531,6.86324,;378.385531,6.91332,;378.385531,6.96343,;378.385531,7.01352,;378.385531,7.06364,;378.385531,7.11373,;378.385531,7.16385,;378.385531,7.21397,;378.385531,7.26408,;378.385531,7.3142,;378.385531,7.36429,;378.385531,7.41437,;378.385531,7.46445,;378.385531,7.51457,;378.385531,7.56465,;378.385531,7.61478,;378.385531,7.66487,;378.385531,7.71499,;378.385531,7.76508,;378.385531,7.8152,;378.385531,7.86529,;378.385531,7.91541,;378.385531,7.9655,;378.385531,8.01562,;378.385531,8.06573,;378.385531,8.11582,;378.385531,8.16595,;378.385531,8.21606,;378.385531,8.26618,;378.385531,8.3163,;378.385531,8.36641,;378.385531,8.4165,;378.385531,8.46661,;378.385531,8.5167,;378.385531,8.56683,;378.385531,8.61692,;378.385531,8.66705,;378.385531,8.71715,;378.385531,8.76728,;378.385531,8.81737,;378.385531,8.86748,;378.385531,8.9176,;364.248571,8.96772,;364.248571,9.01782,;364.248571,9.06794,;364.248571,9.11806,;363.490162,9.16818,;363.490162,9.21826,;363.490162,9.26837,;363.490162,9.31846,;363.490162,9.36855,;363.490162,9.41866,;363.490162,9.46875,;363.490162,9.51887,;363.490162,9.56897,;363.490162,9.61909,;363.490162,9.66917,;363.490162,9.71927,;363.490162,9.76939,;363.490162,9.81948,;363.490162,9.86956,;363.490162,9.91965,;363.490162,9.96974,;363.490162,10.0199,;
inf,0.050094,;inf,0.100205,;inf,0.150319,;776.100541,0.20041,;776.100541,0.250521,;776.100541,0.300632,;741.308716,0.350757,;741.308716,0.400832,;741.308716,0.450915,;741.308716,0.501002,;741.308716,0.551116,;644.362766,0.601208,;644.362766,0.651322,;644.362766,0.701435,;644.362766,0.751524,;644.362766,0.801607,;636.049274,0.851695,;636.049274,0.901781,;636.049274,0.9519,;636.049274,1.002,;636.049274,1.05212,;636.049274,1.10224,;636.049274,1.15235,;636.049274,1.20243,;636.049274,1.25251,;636.049274,1.30261,;636.049274,1.35274,;636.049274,1.40282,;636.049274,1.4529,;636.049274,1.50298,;636.049274,1.55305,;636.049274,1.60312,;631.734132,1.6532,;631.734132,1.7033,;631.734132,1.75339,;631.734132,1.80347,;631.734132,1.85356,;631.734132,1.90365,;631.734132,1.95374,;631.734132,2.00386,;631.734132,2.05395,;631.734132,2.10404,;631.734132,2.15414,;631.734132,2.20423,;631.734132,2.25434,;631.734132,2.30445,;621.066002,2.35457,;621.066002,2.40467,;621.066002,2.45479,;621.066002,2.50487,;621.066002,2.55498,;621.066002,2.60509,;621.066002,2.6552,;621.066002,2.7053,;621.066002,2.75545,;621.066002,2.80553,;621.066002,2.8556,;621.066002,2.90568,;621.066002,2.95575,;621.066002,3.00583,;621.066002,3.0559,;621.066002,3.10598,;621.066002,3.15606,;621.066002,3.20614,;621.066002,3.25623,;621.066002,3.30631,;621.066002,3.3564,;621.066002,3.40652,;621.066002,3.45661,;621.066002,3.50672,;621.066002,3.5568,;621.066002,3.60696,;621.066002,3.65704,;621.066002,3.70713,;621.066002,3.75721,;621.066002,3.8073,;621.066002,3.8574,;621.066002,3.90753,;621.066002,3.95765,;435.245941,4.00775,;435.245941,4.05785,;435.245941,4.10797,;435.245941,4.15809,;435.245941,4.20819,;435.245941,4.2583,;435.245941,4.30841,;430.843832,4.35853,;414.090377,4.40862,;414.090377,4.45871,;414.090377,4.50877,;414.090377,4.55889,;414.090377,4.60897,;414.090377,4.65908,;414.090377,4.70918,;414.090377,4.75926,;414.090377,4.80934,;414.090377,4.85945,;414.090377,4.90954,;414.090377,4.95966,;414.090377,5.00976,;414.090377,5.05988,;414.090377,5.10996,;414.090377,5.16007,;414.090377,5.21015,;414.090377,5.26023,;414.090377,5.31032,;414.090377,5.3604,;414.090377,5.41049,;414.090377,5.46058,;414.090377,5.51071,;414.090377,5.56079,;414.090377,5.61086,;414.090377,5.66094,;414.090377,5.71104,;414.090377,5.76112,;414.090377,5.81123,;414.090377,5.86133,;414.090377,5.91144,;414.090377,5.96154,;414.090377,6.01165,;414.090377,6.06174,;414.090377,6.11184,;414.090377,6.16194,;414.090377,6.21206,;414.090377,6.26214,;414.090377,6.31223,;414.090377,6.3623,;414.090377,6.41238,;414.090377,6.46245,;414.090377,6.51255,;414.090377,6.56263,;414.090377,6.61271,;414.090377,6.6628,;414.090377,6.71288,;414.090377,6.763,;414.090377,6.81308,;414.090377,6.86317,;414.090377,6.91325,;414.090377,6.96337,;414.090377,7.01344,;414.090377,7.06356,;414.090377,7.11367,;414.090377,7.16379,;414.090377,7.21388,;414.090377,7.26401,;414.090377,7.31412,;414.090377,7.36424,;411.504467,7.41435,;411.504467,7.46444,;411.504467,7.51456,;411.504467,7.56465,;411.504467,7.61475,;411.504467,7.66483,;411.504467,7.71495,;411.504467,7.76503,;411.504467,7.81514,;411.504467,7.86523,;411.504467,7.91535,;411.504467,7.96544,;411.504467,8.01556,;411.504467,8.06568,;411.504467,8.11579,;411.504467,8.16591,;411.504467,8.21602,;411.504467,8.2661,;411.504467,8.31623,;411.504467,8.36631,;411.504467,8.41641,;411.504467,8.46649,;411.504467,8.51661,;411.504467,8.56673,;411.504467,8.61678,;411.504467,8.6669,;411.504467,8.71698,;411.504467,8.76709,;411.504467,8.81718,;411.504467,8.8673,;411.504467,8.91739,;411.504467,8.96748,;411.504467,9.01757,;411.504467,9.06767,;411.504467,9.11777,;411.504467,9.16786,;411.504467,9.21796,;411.504467,9.26808,;411.504467,9.3182,;411.504467,9.36828,;411.504467,9.41843,;411.504467,9.46858,;411.504467,9.51871,;411.504467,9.56878,;411.504467,9.61885,;411.504467,9.66893,;411.504467,9.71908,;411.504467,9.76916,;411.504467,9.81924,;411.504467,9.86932,;411.504467,9.9194,;411.504467,9.96948,;411.504467,10.0196,;
inf,0.0500665,;inf,0.100233,;inf,0.150343,;600.056366,0.200416,;600.056366,0.250528,;600.056366,0.300612,;600.056366,0.350693,;600.056366,0.400769,;591.211372,0.450885,;591.211372,0.500993,;591.211372,0.551105,;591.211372,0.601219,;577.781201,0.651295,;577.781201,0.701407,;577.781201,0.751519,;577.781201,0.801626,;577.781201,0.851744,;577.781201,0.901855,;577.781201,0.951968,;577.781201,1.00209,;577.781201,1.05222,;548.084594,1.10233,;548.084594,1.15243,;548.084594,1.20255,;548.084594,1.25264,;548.084594,1.30271,;548.084594,1.35282,;548.084594,1.40293,;548.084594,1.45304,;548.084594,1.50315,;548.084594,1.55327,;548.084594,1.60334,;548.084594,1.65345,;548.084594,1.70355,;548.084594,1.75366,;548.084594,1.80374,;548.084594,1.85385,;548.084594,1.90397,;548.084594,1.95405,;541.475743,2.00416,;540.857893,2.05424,;540.857893,2.10435,;540.857893,2.15447,;540.857893,2.20459,;540.857893,2.25469,;495.606010,2.30481,;495.606010,2.35492,;495.606010,2.40503,;495.606010,2.45515,;495.606010,2.50527,;495.606010,2.55534,;495.606010,2.60545,;495.606010,2.65556,;495.606010,2.70568,;475.930387,2.75577,;475.930387,2.8059,;475.930387,2.85599,;475.930387,2.9061,;475.930387,2.95622,;475.930387,3.00633,;475.930387,3.05644,;475.930387,3.10651,;475.930387,3.15664,;475.930387,3.20671,;475.930387,3.25678,;475.930387,3.30686,;469.624745,3.35699,;469.624745,3.40709,;465.656893,3.4572,;465.656893,3.50727,;465.656893,3.55735,;465.656893,3.60743,;465.656893,3.6575,;465.656893,3.70757,;465.656893,3.75764,;465.656893,3.80771,;458.688129,3.85779,;458.688129,3.90787,;458.688129,3.95795,;458.688129,4.00803,;458.688129,4.0581,;458.688129,4.10818,;458.688129,4.15826,;458.688129,4.20837,;458.688129,4.25849,;458.688129,4.30857,;458.688129,4.35868,;458.688129,4.40876,;458.688129,4.45887,;458.688129,4.50894,;458.688129,4.55904,;458.688129,4.60912,;458.688129,4.65919,;458.688129,4.70927,;458.688129,4.75936,;458.688129,4.80944,;458.688129,4.85954,;458.688129,4.90962,;458.688129,4.9597,;458.688129,5.00978,;458.688129,5.05987,;458.688129,5.10995,;458.688129,5.16004,;458.688129,5.21012,;458.688129,5.26021,;458.688129,5.3103,;458.688129,5.36044,;458.688129,5.41055,;458.688129,5.46067,;458.688129,5.51076,;458.688129,5.56088,;458.688129,5.611,;458.688129,5.66112,;458.688129,5.71122,;458.688129,5.76133,;458.688129,5.81142,;458.688129,5.86158,;458.688129,5.91167,;457.891815,5.96182,;457.891815,6.0119,;457.891815,6.06199,;457.891815,6.1121,;457.891815,6.16219,;457.891815,6.21232,;457.891815,6.26243,;457.891815,6.31254,;457.891815,6.36265,;457.891815,6.41273,;457.891815,6.46281,;457.891815,6.5129,;457.891815,6.56298,;457.891815,6.61306,;457.891815,6.66318,;457.891815,6.71325,;457.891815,6.76333,;457.891815,6.81344,;457.891815,6.86353,;457.891815,6.91365,;457.891815,6.96374,;457.891815,7.01387,;457.891815,7.06399,;457.891815,7.11411,;457.891815,7.16424,;457.891815,7.21433,;457.891815,7.26448,;457.891815,7.31459,;408.110206,7.36471,;408.110206,7.41478,;408.110206,7.46489,;408.110206,7.51497,;393.998366,7.5651,;393.998366,7.61522,;393.998366,7.66529,;393.998366,7.71538,;393.998366,7.76546,;393.998366,7.81553,;393.998366,7.86562,;393.998366,7.91571,;393.998366,7.9658,;386.115767,8.01589,;386.115767,8.06598,;386.115767,8.11607,;386.115767,8.16617,;386.115767,8.21628,;386.115767,8.26637,;386.115767,8.31646,;386.115767,8.36654,;354.189020,8.41667,;354.189020,8.46675,;354.189020,8.51687,;354.189020,8.56697,;354.189020,8.61708,;354.189020,8.66719,;354.189020,8.71727,;354.189020,8.76734,;354.189020,8.81746,;354.189020,8.86753,;354.189020,8.91763,;354.189020,8.96771,;354.189020,9.01781,;354.189020,9.06789,;354.189020,9.11796,;354.189020,9.16805,;354.189020,9.21817,;354.189020,9.26826,;354.189020,9.31838,;354.189020,9.36846,;354.189020,9.41857,;354.189020,9.46865,;354.189020,9.51875,;354.189020,9.56883,;354.189020,9.61891,;354.189020,9.66899,;354.189020,9.7191,;354.189020,9.76919,;354.189020,9.81927,;354.189020,9.86938,;354.189020,9.91948,;354.189020,9.96956,;354.189020,10.0197,;
inf,0.0500959,;inf,0.100211,;695.065799,0.150293,;681.060977,0.200369,;681.060977,0.250479,;681.060977,0.300563,;681.060977,0.35065,;681.060977,0.400789,;681.060977,0.450904,;681.060977,0.50099,;667.188965,0.551073,;667.188965,0.601184,;667.188965,0.651278,;667.188965,0.701366,;667.188965,0.751448,;667.188965,0.801559,;667.188965,0.851653,;667.188965,0.901762,;667.188965,0.951848,;667.188965,1.00196,;667.188965,1.05203,;667.188965,1.10212,;660.503152,1.1522,;660.503152,1.20228,;660.503152,1.25236,;648.818559,1.30248,;648.818559,1.35257,;648.818559,1.40269,;648.818559,1.4528,;645.904760,1.50287,;645.904760,1.55298,;645.904760,1.60305,;645.904760,1.65314,;624.470069,1.70321,;624.470069,1.75329,;624.470069,1.80339,;624.470069,1.85348,;624.470069,1.90356,;624.470069,1.95364,;624.470069,2.00373,;624.470069,2.05384,;624.470069,2.10394,;624.470069,2.15406,;624.470069,2.20413,;617.161245,2.25425,;617.161245,2.30433,;617.161245,2.35443,;617.161245,2.40454,;617.161245,2.45463,;617.161245,2.50472,;617.161245,2.55482,;617.161245,2.6049,;617.161245,2.65497,;617.161245,2.70505,;617.161245,2.75513,;617.161245,2.80524,;617.161245,2.85532,;617.161245,2.90543,;617.161245,2.9555,;617.161245,3.00561,;617.161245,3.0557,;617.161245,3.10582,;617.161245,3.15589,;617.161245,3.206,;617.161245,3.25608,;617.161245,3.30621,;617.161245,3.35628,;617.161245,3.40637,;617.161245,3.45649,;617.161245,3.50658,;617.161245,3.55667,;617.161245,3.60678,;617.161245,3.65687,;617.161245,3.70695,;617.161245,3.75706,;617.161245,3.80718,;617.161245,3.85729,;617.161245,3.90738,;615.781375,3.9575,;615.781375,4.00758,;615.781375,4.05769,;615.781375,4.10778,;615.781375,4.15788,;605.532614,4.20797,;605.532614,4.25808,;605.532614,4.30819,;605.532614,4.35829,;605.532614,4.40841,;605.532614,4.45851,;605.532614,4.50859,;605.532614,4.55867,;605.532614,4.60879,;605.532614,4.65884,;605.532614,4.70896,;605.532614,4.75904,;605.532614,4.80915,;605.532614,4.85926,;605.532614,4.90938,;605.532614,4.95947,;605.532614,5.00959,;605.532614,5.05968,;605.532614,5.10979,;605.532614,5.15987,;605.532614,5.20998,;605.532614,5.2601,;605.532614,5.31019,;605.532614,5.36027,;605.532614,5.41038,;605.532614,5.46047,;605.532614,5.51057,;605.532614,5.56067,;524.509389,5.61077,;524.509389,5.6609,;524.509389,5.71098,;448.827393,5.76107,;448.827393,5.81116,;448.827393,5.86125,;448.827393,5.91134,;448.827393,5.96142,;448.827393,6.01151,;448.827393,6.06161,;448.827393,6.11169,;438.610398,6.16179,;438.610398,6.21192,;438.610398,6.26201,;438.610398,6.31209,;438.610398,6.36217,;438.610398,6.4123,;438.610398,6.46239,;438.610398,6.51253,;438.610398,6.56264,;438.610398,6.61273,;438.610398,6.66286,;438.610398,6.71298,;438.610398,6.76306,;438.610398,6.81317,;438.610398,6.86327,;438.610398,6.91338,;438.610398,6.96347,;438.610398,7.01356,;438.610398,7.06365,;438.610398,7.11377,;438.610398,7.16386,;438.610398,7.21394,;438.610398,7.26404,;438.610398,7.31416,;438.610398,7.36424,;438.610398,7.41435,;438.610398,7.46444,;438.610398,7.51457,;438.610398,7.56469,;438.610398,7.6148,;438.610398,7.66489,;438.610398,7.71497,;438.610398,7.76509,;438.610398,7.81518,;438.610398,7.86527,;438.610398,7.91536,;438.610398,7.96548,;438.610398,8.01557,;438.610398,8.06569,;438.610398,8.11578,;438.610398,8.1659,;438.610398,8.216,;438.610398,8.26609,;438.610398,8.31621,;438.610398,8.36632,;438.610398,8.41641,;437.693302,8.46649,;435.461930,8.51658,;435.461930,8.56667,;435.461930,8.61677,;404.757526,8.66686,;404.757526,8.71698,;404.757526,8.76706,;404.757526,8.81715,;404.757526,8.86724,;404.757526,8.91737,;404.757526,8.96745,;404.757526,9.01755,;404.757526,9.06764,;404.757526,9.11776,;404.757526,9.16783,;404.757526,9.21796,;404.757526,9.26803,;404.757526,9.31815,;404.757526,9.36824,;404.757526,9.41837,;404.757526,9.46849,;404.757526,9.5186,;404.757526,9.56868,;404.757526,9.61881,;404.757526,9.66893,;404.757526,9.719,;404.757526,9.76907,;404.757526,9.81915,;404.757526,9.86924,;404.757526,9.91932,;404.757526,9.96943,;404.757526,10.0195,;
inf,0.0500604,;572.384981,0.100136,;572.384981,0.150215,;572.384981,0.200331,;572.384981,0.250424,;572.384981,0.300544,;572.384981,0.350631,;572.384981,0.400749,;572.384981,0.450839,;572.384981,0.500919,;572.384981,0.551034,;572.384981,0.601146,;572.384981,0.651244,;572.384981,0.701337,;572.384981,0.751438,;572.384981,0.801515,;572.384981,0.851612,;572.384981,0.901709,;523.357427,0.951818,;523.357427,1.00193,;523.357427,1.05205,;497.819672,1.10212,;497.819672,1.15222,;497.819672,1.20229,;496.672063,1.2524,;482.754840,1.3025,;482.754840,1.35261,;482.754840,1.40273,;482.754840,1.45285,;482.754840,1.50298,;482.754840,1.55308,;482.754840,1.60319,;482.754840,1.65327,;482.754840,1.70338,;482.754840,1.7535,;482.754840,1.80361,;482.754840,1.85371,;482.754840,1.90383,;482.754840,1.95395,;482.754840,2.00407,;482.754840,2.05418,;482.754840,2.1043,;482.754840,2.15441,;475.602540,2.20452,;475.602540,2.25463,;475.602540,2.30474,;475.602540,2.35482,;475.602540,2.40493,;475.602540,2.45502,;475.602540,2.5051,;475.602540,2.55518,;475.602540,2.60529,;475.602540,2.65541,;475.602540,2.70548,;475.602540,2.7556,;475.602540,2.80571,;475.602540,2.85583,;475.602540,2.90594,;475.602540,2.95605,;475.602540,3.00613,;475.602540,3.05624,;475.602540,3.10632,;475.602540,3.1564,;475.602540,3.20648,;475.602540,3.2566,;475.602540,3.30667,;475.602540,3.35675,;471.502750,3.40684,;471.502750,3.45693,;471.502750,3.507,;471.502750,3.55707,;471.502750,3.60715,;471.502750,3.65724,;465.587326,3.70736,;465.587326,3.75747,;465.587326,3.80755,;465.587326,3.85764,;465.587326,3.90775,;465.587326,3.95787,;465.587326,4.00795,;465.587326,4.05803,;465.587326,4.10814,;465.587326,4.15822,;465.587326,4.2083,;465.587326,4.25839,;465.587326,4.30847,;465.587326,4.35856,;465.587326,4.40864,;465.587326,4.45874,;465.587326,4.50885,;460.763600,4.55893,;460.763600,4.60906,;460.763600,4.65915,;460.763600,4.70923,;460.763600,4.75932,;460.763600,4.8094,;460.763600,4.8595,;460.763600,4.90958,;460.763600,4.95966,;460.763600,5.00974,;460.763600,5.05981,;460.763600,5.1099,;460.763600,5.15997,;460.763600,5.21005,;460.763600,5.26013,;460.763600,5.31021,;460.763600,5.36029,;460.763600,5.41039,;460.763600,5.46047,;460.763600,5.51055,;460.763600,5.56063,;460.763600,5.61072,;460.763600,5.6608,;460.763600,5.71088,;460.763600,5.76099,;460.763600,5.81108,;460.763600,5.86116,;460.763600,5.91123,;460.763600,5.96135,;460.763600,6.01142,;460.763600,6.06153,;460.763600,6.11164,;460.763600,6.16177,;460.763600,6.21188,;460.763600,6.26197,;460.763600,6.31205,;460.763600,6.36213,;460.763600,6.41225,;460.763600,6.46236,;460.763600,6.51245,;460.763600,6.56254,;460.763600,6.61266,;458.234160,6.66277,;458.234160,6.71284,;458.234160,6.76297,;458.234160,6.81309,;458.234160,6.86317,;458.234160,6.91329,;458.234160,6.96338,;458.234160,7.01349,;458.234160,7.06362,;458.234160,7.11373,;458.234160,7.16384,;458.234160,7.21398,;458.234160,7.2641,;458.234160,7.31421,;458.234160,7.36429,;458.234160,7.41437,;458.234160,7.46446,;458.234160,7.51454,;458.234160,7.56461,;458.234160,7.61469,;458.234160,7.66478,;458.234160,7.71488,;458.234160,7.76497,;458.234160,7.81504,;458.234160,7.86513,;458.234160,7.91522,;458.234160,7.9653,;458.234160,8.0154,;458.234160,8.06553,;458.234160,8.11561,;458.234160,8.1657,;458.234160,8.21581,;458.234160,8.26588,;458.234160,8.31604,;458.234160,8.36611,;458.234160,8.41619,;458.234160,8.46628,;458.234160,8.51637,;458.234160,8.56644,;458.234160,8.61653,;458.234160,8.66666,;458.234160,8.71673,;458.234160,8.76683,;458.234160,8.81695,;458.234160,8.86707,;458.234160,8.9172,;458.234160,8.96729,;458.234160,9.01741,;377.163918,9.06748,;372.664367,9.11756,;372.664367,9.16765,;372.664367,9.21774,;372.664367,9.26782,;372.664367,9.31791,;372.664367,9.36803,;372.664367,9.4181,;372.664367,9.46821,;372.664367,9.51829,;372.664367,9.56842,;372.664367,9.61851,;372.664367,9.66863,;372.664367,9.71871,;372.664367,9.76883,;372.664367,9.81894,;372.664367,9.86907,;372.664367,9.91918,;372.664367,9.96926,;372.664367,10.0194,;
inf,0.050092,;inf,0.100176,;inf,0.150266,;inf,0.200346,;inf,0.250461,;inf,0.300547,;859.545737,0.350631,;859.545737,0.400707,;859.545737,0.450781,;859.545737,0.500884,;859.545737,0.550971,;807.264396,0.60106,;807.264396,0.651157,;807.264396,0.701258,;807.264396,0.751379,;807.264396,0.8015,;807.264396,0.851586,;807.264396,0.901677,;807.264396,0.951813,;807.264396,1.0019,;807.264396,1.05202,;807.264396,1.10215,;807.264396,1.15223,;807.264396,1.20231,;807.264396,1.25247,;807.264396,1.30256,;807.264396,1.35265,;807.264396,1.40276,;807.264396,1.45283,;807.264396,1.50296,;807.264396,1.55306,;807.264396,1.60316,;807.264396,1.65324,;807.264396,1.70332,;807.264396,1.7534,;807.264396,1.80349,;807.264396,1.85358,;807.264396,1.90366,;807.264396,1.95374,;799.210644,2.00384,;799.210644,2.05393,;799.210644,2.10402,;799.210644,2.15411,;799.210644,2.2042,;799.210644,2.25428,;799.210644,2.30436,;799.210644,2.35443,;799.210644,2.40452,;799.210644,2.45462,;799.210644,2.50471,;799.210644,2.55479,;799.210644,2.60487,;799.210644,2.65495,;799.210644,2.70504,;799.210644,2.75512,;784.079000,2.80521,;784.079000,2.85529,;778.616689,2.90537,;778.616689,2.95546,;778.616689,3.00555,;778.616689,3.05563,;778.616689,3.10572,;778.616689,3.15584,;778.616689,3.20593,;778.616689,3.25605,;778.616689,3.30613,;778.616689,3.35621,;778.616689,3.4063,;778.616689,3.45639,;778.616689,3.50651,;778.616689,3.55661,;778.616689,3.60669,;778.616689,3.65678,;738.599508,3.70685,;738.599508,3.75693,;738.599508,3.80701,;738.599508,3.8571,;738.599508,3.90718,;738.599508,3.95727,;738.599508,4.00737,;738.599508,4.05746,;738.599508,4.10755,;738.599508,4.15767,;738.599508,4.20775,;738.599508,4.25783,;738.599508,4.3079,;738.599508,4.35799,;738.599508,4.40808,;738.599508,4.45818,;738.599508,4.50827,;738.599508,4.5584,;738.599508,4.60849,;738.599508,4.65858,;738.599508,4.70867,;692.737873,4.75876,;692.737873,4.80884,;692.737873,4.85895,;692.737873,4.90905,;692.737873,4.95914,;692.737873,5.00924,;692.737873,5.05936,;692.737873,5.10945,;692.737873,5.15954,;692.737873,5.20964,;692.737873,5.25976,;692.737873,5.30984,;692.737873,5.35995,;692.737873,5.41007,;692.737873,5.46016,;583.646937,5.51024,;583.646937,5.56033,;573.279300,5.61041,;573.279300,5.66051,;573.279300,5.71066,;573.279300,5.76074,;573.279300,5.81086,;546.327418,5.86094,;546.327418,5.91107,;546.327418,5.96116,;545.936508,6.01124,;545.936508,6.06134,;545.936508,6.11142,;545.936508,6.16153,;545.936508,6.21165,;545.936508,6.26173,;545.936508,6.31185,;545.936508,6.36193,;545.936508,6.41204,;545.936508,6.46212,;545.936508,6.51223,;545.936508,6.56231,;545.936508,6.61244,;545.936508,6.66256,;545.936508,6.71267,;545.936508,6.76279,;545.936508,6.8129,;540.957749,6.86302,;540.957749,6.91309,;540.957749,6.9632,;540.957749,7.01329,;540.957749,7.0634,;540.957749,7.1135,;540.957749,7.16357,;540.957749,7.21369,;540.957749,7.2638,;540.957749,7.3139,;540.957749,7.36402,;540.957749,7.4141,;540.957749,7.46421,;540.957749,7.51429,;540.957749,7.56442,;540.957749,7.61453,;540.957749,7.66461,;540.957749,7.71473,;540.957749,7.76485,;540.957749,7.81497,;540.957749,7.86507,;540.957749,7.91519,;540.957749,7.96528,;540.957749,8.0154,;540.957749,8.06549,;540.957749,8.11562,;540.957749,8.16574,;540.957749,8.21586,;540.957749,8.26598,;540.957749,8.31609,;540.957749,8.36619,;540.957749,8.4163,;540.957749,8.46642,;540.957749,8.51654,;540.957749,8.56666,;540.957749,8.61675,;540.957749,8.66687,;540.957749,8.71695,;540.957749,8.76705,;540.957749,8.81713,;540.957749,8.86723,;540.957749,8.91735,;540.957749,8.96744,;540.957749,9.01752,;536.779737,9.06761,;536.779737,9.1177,;536.779737,9.16778,;536.779737,9.2179,;536.779737,9.26798,;536.779737,9.31806,;536.779737,9.36816,;536.779737,9.41825,;536.779737,9.46833,;536.779737,9.51842,;536.779737,9.56852,;536.779737,9.61861,;536.779737,9.6687,;536.779737,9.71878,;536.779737,9.76886,;536.779737,9.81893,;536.779737,9.86905,;536.779737,9.91914,;536.779737,9.96923,;
inf,0.0500945,;501.863130,0.100166,;501.863130,0.150253,;501.863130,0.200364,;494.753074,0.250489,;494.753074,0.300574,;494.753074,0.350666,;494.753074,0.400783,;494.753074,0.450898,;494.753074,0.501015,;494.753074,0.551096,;494.753074,0.601213,;494.753074,0.651289,;494.753074,0.701372,;494.753074,0.751435,;474.592776,0.801549,;474.592776,0.851621,;462.172335,0.901701,;462.172335,0.951791,;462.172335,1.00187,;462.172335,1.05195,;462.172335,1.10207,;462.172335,1.15218,;451.907051,1.20229,;451.907051,1.25241,;451.907051,1.3025,;451.907051,1.35259,;451.907051,1.4027,;451.907051,1.45282,;451.907051,1.50293,;451.907051,1.55303,;451.907051,1.60314,;451.907051,1.65325,;451.907051,1.70336,;451.907051,1.75344,;451.907051,1.80347,;421.846885,1.85354,;421.846885,1.90361,;421.846885,1.95369,;413.405887,2.00376,;413.405887,2.05387,;392.381288,2.10398,;392.381288,2.1541,;392.381288,2.20423,;392.381288,2.25435,;392.381288,2.30445,;392.381288,2.35454,;392.381288,2.40463,;392.381288,2.45475,;392.381288,2.50487,;392.381288,2.55499,;392.381288,2.60508,;392.381288,2.6552,;392.381288,2.70531,;392.381288,2.75544,;392.381288,2.80556,;392.381288,2.85563,;392.381288,2.90575,;392.381288,2.95586,;392.381288,3.00597,;392.381288,3.05605,;392.381288,3.10617,;392.381288,3.15628,;392.381288,3.20635,;392.381288,3.25646,;392.381288,3.30658,;392.381288,3.35671,;392.381288,3.40684,;392.381288,3.45695,;392.381288,3.50706,;392.381288,3.55718,;392.381288,3.6073,;392.381288,3.65738,;392.381288,3.70749,;392.381288,3.7576,;392.381288,3.80767,;392.381288,3.85774,;392.381288,3.90783,;392.381288,3.9579,;392.381288,4.00799,;392.381288,4.0581,;392.381288,4.10819,;392.381288,4.15833,;381.982096,4.20844,;381.982096,4.25852,;381.982096,4.30861,;381.982096,4.35872,;381.982096,4.40881,;381.982096,4.45892,;381.982096,4.50899,;381.982096,4.5591,;381.982096,4.60921,;381.982096,4.65932,;381.982096,4.7094,;381.982096,4.75948,;381.982096,4.80959,;381.982096,4.85967,;381.982096,4.90978,;381.982096,4.95985,;381.982096,5.00996,;381.982096,5.06007,;381.982096,5.11017,;381.982096,5.16028,;381.982096,5.2104,;381.982096,5.26052,;381.982096,5.31063,;381.982096,5.36072,;381.982096,5.4108,;381.982096,5.46091,;381.982096,5.51102,;381.982096,5.56111,;381.982096,5.61123,;381.982096,5.66134,;381.982096,5.71147,;381.982096,5.76158,;381.982096,5.81166,;381.982096,5.86177,;381.982096,5.91184,;381.982096,5.96196,;381.982096,6.01204,;381.982096,6.06213,;381.982096,6.11222,;381.982096,6.16234,;381.982096,6.21241,;381.982096,6.26249,;381.982096,6.31259,;381.982096,6.36268,;381.982096,6.41278,;381.982096,6.46285,;381.982096,6.51293,;381.982096,6.56305,;381.982096,6.61312,;381.982096,6.66321,;381.982096,6.71329,;381.982096,6.76337,;374.032050,6.8135,;374.032050,6.86358,;374.032050,6.91367,;374.032050,6.96376,;374.032050,7.01384,;374.032050,7.06392,;374.032050,7.11401,;374.032050,7.1641,;374.032050,7.21422,;374.032050,7.26432,;374.032050,7.31443,;374.032050,7.3645,;374.032050,7.41458,;374.032050,7.46466,;374.032050,7.51477,;374.032050,7.56486,;374.032050,7.61494,;374.032050,7.66502,;374.032050,7.71511,;374.032050,7.76522,;374.032050,7.81529,;374.032050,7.86541,;374.032050,7.91548,;374.032050,7.96556,;374.032050,8.01565,;374.032050,8.06576,;374.032050,8.1158,;374.032050,8.16592,;374.032050,8.216,;374.032050,8.26608,;374.032050,8.31616,;374.032050,8.36625,;374.032050,8.41633,;374.032050,8.46644,;374.032050,8.51652,;374.032050,8.56661,;374.032050,8.6167,;374.032050,8.6668,;374.032050,8.71689,;374.032050,8.76697,;374.032050,8.81705,;374.032050,8.86716,;374.032050,8.91726,;374.032050,8.96736,;374.032050,9.01747,;374.032050,9.06754,;374.032050,9.11766,;374.032050,9.16773,;374.032050,9.21784,;374.032050,9.26792,;374.032050,9.31799,;374.032050,9.36808,;374.032050,9.41817,;374.032050,9.46826,;374.032050,9.51838,;374.032050,9.56847,;374.032050,9.61856,;374.032050,9.66865,;374.032050,9.71877,;374.032050,9.76886,;374.032050,9.81894,;374.032050,9.86906,;374.032050,9.91917,;374.032050,9.96929,;374.032050,10.0194,;
inf,0.0500563,;inf,0.100108,;inf,0.150242,;inf,0.200315,;inf,0.250396,;inf,0.300477,;inf,0.350584,;563.455598,0.400668,;542.760625,0.450746,;542.760625,0.50083,;542.760625,0.550931,;542.760625,0.601003,;542.760625,0.651079,;542.760625,0.701203,;542.760625,0.751277,;542.760625,0.801352,;542.760625,0.851428,;542.760625,0.901539,;542.760625,0.951613,;542.760625,1.0017,;542.760625,1.05179,;542.760625,1.10187,;542.760625,1.15197,;542.760625,1.20205,;542.760625,1.25213,;542.760625,1.30224,;542.760625,1.35232,;542.760625,1.40241,;542.760625,1.45248,;542.760625,1.50257,;542.760625,1.55266,;542.760625,1.60273,;542.760625,1.65281,;542.760625,1.70293,;542.760625,1.75302,;542.760625,1.80313,;542.760625,1.85321,;542.760625,1.90333,;542.760625,1.95341,;542.760625,2.0035,;542.760625,2.05359,;542.760625,2.1037,;542.760625,2.15381,;538.986552,2.20392,;538.986552,2.25402,;538.986552,2.30413,;538.986552,2.35425,;538.986552,2.40432,;538.986552,2.45443,;538.986552,2.50452,;538.986552,2.55461,;538.986552,2.60469,;538.986552,2.65481,;538.986552,2.70489,;538.986552,2.75497,;538.986552,2.80504,;538.986552,2.85511,;538.986552,2.90522,;538.986552,2.95533,;538.986552,3.00541,;538.986552,3.05548,;538.986552,3.10559,;538.986552,3.15571,;538.986552,3.20578,;538.986552,3.25586,;538.986552,3.30595,;538.986552,3.35604,;538.986552,3.40614,;538.986552,3.45622,;538.986552,3.5063,;538.986552,3.55638,;538.986552,3.6065,;538.986552,3.65659,;538.986552,3.7067,;538.986552,3.75679,;538.986552,3.80691,;538.986552,3.85699,;538.986552,3.9071,;538.986552,3.95717,;538.986552,4.00728,;538.986552,4.05736,;538.986552,4.10748,;538.986552,4.15759,;535.326719,4.20767,;535.326719,4.25776,;535.326719,4.30784,;535.326719,4.35794,;535.326719,4.40803,;522.577674,4.45811,;522.577674,4.50818,;522.577674,4.55825,;522.577674,4.60832,;522.577674,4.6584,;522.577674,4.7085,;522.577674,4.75857,;522.577674,4.80868,;522.577674,4.85877,;522.577674,4.90885,;522.577674,4.95898,;522.577674,5.00905,;522.577674,5.05913,;522.577674,5.10922,;522.577674,5.15935,;522.577674,5.20944,;522.577674,5.25952,;522.577674,5.3096,;522.577674,5.35968,;522.577674,5.40977,;522.577674,5.45986,;522.577674,5.50994,;522.577674,5.56005,;522.577674,5.61013,;522.577674,5.6602,;522.577674,5.71028,;522.577674,5.76036,;522.577674,5.81045,;522.577674,5.86054,;522.577674,5.91062,;522.577674,5.9607,;522.577674,6.01078,;522.577674,6.06087,;522.577674,6.11099,;438.397580,6.16107,;438.397580,6.21118,;438.397580,6.2613,;438.397580,6.31139,;438.397580,6.36151,;438.397580,6.41159,;438.397580,6.46168,;438.397580,6.51177,;438.397580,6.56189,;438.397580,6.61198,;438.397580,6.66208,;438.397580,6.71217,;438.397580,6.76226,;438.397580,6.81234,;438.397580,6.86242,;438.397580,6.9125,;438.397580,6.96258,;438.397580,7.01266,;438.397580,7.06275,;438.397580,7.11284,;438.397580,7.16295,;438.397580,7.21304,;438.397580,7.26312,;438.397580,7.31321,;438.397580,7.36329,;438.397580,7.41338,;438.397580,7.46347,;438.397580,7.51356,;438.397580,7.56364,;438.397580,7.61377,;438.397580,7.66385,;438.397580,7.71396,;438.397580,7.76404,;438.397580,7.81413,;438.397580,7.86421,;438.397580,7.91433,;438.397580,7.96446,;438.397580,8.01454,;430.744697,8.06462,;430.744697,8.11474,;430.744697,8.16485,;430.744697,8.21494,;430.744697,8.26502,;430.744697,8.31514,;430.744697,8.36521,;430.744697,8.4153,;430.744697,8.4654,;430.744697,8.51549,;430.744697,8.56558,;430.744697,8.61569,;430.744697,8.66578,;430.744697,8.71591,;430.744697,8.766,;430.744697,8.81613,;427.587293,8.86624,;427.587293,8.91632,;427.587293,8.96643,;427.587293,9.01653,;427.587293,9.06664,;427.587293,9.11674,;427.587293,9.16685,;427.587293,9.21695,;427.587293,9.26704,;427.587293,9.31713,;427.587293,9.36725,;427.587293,9.41734,;427.587293,9.46744,;427.587293,9.51756,;427.587293,9.56768,;427.587293,9.61779,;427.587293,9.66791,;427.587293,9.71802,;427.587293,9.76813,;427.587293,9.81821,;427.587293,9.86829,;427.587293,9.91841,;427.587293,9.96851,;427.587293,10.0186,;
inf,0.0500655,;781.613810,0.100156,;781.613810,0.150233,;781.613810,0.200314,;742.048342,0.250402,;742.048342,0.300489,;742.048342,0.350582,;742.048342,0.400667,;670.131306,0.450745,;670.131306,0.500838,;603.748002,0.550925,;577.969734,0.601011,;577.969734,0.6511,;577.969734,0.701184,;577.969734,0.751261,;577.969734,0.801341,;577.969734,0.851428,;577.969734,0.901515,;577.969734,0.951594,;577.969734,1.00168,;577.969734,1.05173,;566.597151,1.10181,;566.597151,1.15189,;566.597151,1.20198,;566.597151,1.25205,;566.597151,1.30214,;566.597151,1.35223,;566.597151,1.40232,;566.597151,1.45241,;566.597151,1.5025,;566.597151,1.55259,;566.597151,1.60266,;566.597151,1.65274,;566.597151,1.70283,;566.597151,1.75292,;566.597151,1.80301,;566.597151,1.8531,;566.597151,1.90318,;566.597151,1.95327,;566.597151,2.00336,;566.597151,2.05343,;566.597151,2.10352,;566.597151,2.1536,;566.597151,2.20369,;566.597151,2.2538,;566.597151,2.30388,;566.597151,2.35396,;566.597151,2.40405,;566.597151,2.45414,;566.597151,2.50423,;566.597151,2.55432,;566.597151,2.60441,;566.597151,2.6545,;566.597151,2.70459,;566.597151,2.75468,;566.597151,2.80477,;566.597151,2.85486,;566.597151,2.90495,;566.597151,2.95503,;566.597151,3.00513,;566.597151,3.05522,;566.597151,3.1053,;566.597151,3.15539,;566.597151,3.2055,;566.597151,3.25559,;566.597151,3.30571,;566.597151,3.3558,;566.597151,3.40588,;566.597151,3.45596,;566.597151,3.50604,;566.597151,3.55612,;566.597151,3.6062,;566.597151,3.65628,;566.597151,3.70644,;566.597151,3.75653,;566.597151,3.80662,;566.597151,3.85672,;566.597151,3.90681,;566.597151,3.9569,;566.597151,4.00698,;566.597151,4.05708,;566.597151,4.10717,;566.597151,4.15726,;566.597151,4.20735,;566.597151,4.25744,;566.597151,4.30753,;566.597151,4.35762,;566.597151,4.40771,;566.597151,4.4578,;566.597151,4.50788,;566.597151,4.55796,;566.597151,4.60804,;566.597151,4.65814,;566.597151,4.70823,;566.597151,4.75833,;566.597151,4.8084,;566.597151,4.85849,;566.597151,4.90858,;566.597151,4.95867,;566.597151,5.00875,;566.597151,5.05884,;566.597151,5.10893,;399.135986,5.15902,;399.135986,5.20911,;399.135986,5.25919,;399.135986,5.30928,;399.135986,5.35937,;399.135986,5.40947,;399.135986,5.45956,;399.135986,5.50969,;399.135986,5.55973,;399.135986,5.60984,;399.135986,5.65992,;399.135986,5.71003,;399.135986,5.76013,;399.135986,5.81025,;399.135986,5.86033,;399.135986,5.9104,;399.135986,5.96049,;399.135986,6.01058,;399.135986,6.06067,;399.135986,6.11076,;399.135986,6.16085,;399.135986,6.21096,;399.135986,6.26108,;399.135986,6.31117,;399.135986,6.36133,;399.135986,6.41141,;399.135986,6.4615,;399.135986,6.51159,;399.135986,6.56169,;399.135986,6.61175,;399.135986,6.66184,;399.135986,6.71192,;399.135986,6.76205,;399.135986,6.81214,;399.135986,6.86226,;399.135986,6.91235,;399.135986,6.96247,;399.135986,7.01256,;399.135986,7.06267,;399.135986,7.11279,;399.135986,7.16291,;399.135986,7.21303,;397.997085,7.26314,;395.900715,7.31324,;395.900715,7.36337,;395.900715,7.41345,;395.900715,7.46354,;395.900715,7.51365,;395.900715,7.56375,;395.900715,7.61383,;395.900715,7.66391,;395.900715,7.71402,;395.900715,7.76412,;395.900715,7.81424,;395.900715,7.86434,;395.900715,7.91444,;395.900715,7.96454,;395.900715,8.01463,;395.900715,8.06471,;395.900715,8.11483,;395.900715,8.16492,;394.491852,8.21501,;394.491852,8.2651,;394.491852,8.31522,;394.491852,8.36532,;394.491852,8.41542,;394.491852,8.46551,;394.491852,8.51564,;394.491852,8.56572,;394.491852,8.6158,;394.491852,8.66589,;394.491852,8.71599,;394.491852,8.76607,;394.491852,8.81615,;394.491852,8.86623,;394.491852,8.9163,;394.491852,8.96638,;394.491852,9.01649,;394.491852,9.06658,;382.728657,9.11666,;374.330867,9.16673,;374.330867,9.21681,;374.330867,9.26689,;374.330867,9.31697,;374.330867,9.36705,;374.330867,9.41713,;374.330867,9.46722,;374.330867,9.5173,;374.330867,9.56738,;374.330867,9.61746,;374.330867,9.66754,;374.330867,9.71761,;374.330867,9.76772,;374.330867,9.81782,;374.330867,9.86791,;374.330867,9.91799,;374.330867,9.96807,;374.330867,10.0182,;374.330867,10.0682,;
inf,0.0500963,;inf,0.10021,;inf,0.150318,;inf,0.20039,;584.482668,0.250499,;572.313944,0.300572,;546.445525,0.350686,;546.445525,0.400759,;546.445525,0.450841,;514.949170,0.500943,;514.949170,0.55105,;514.949170,0.601122,;514.949170,0.651231,;510.207173,0.701325,;510.207173,0.751398,;510.207173,0.801506,;510.207173,0.851613,;510.207173,0.901684,;510.207173,0.951768,;510.207173,1.0019,;510.207173,1.05197,;510.207173,1.10208,;495.727677,1.15219,;495.727677,1.20228,;483.781126,1.25235,;483.781126,1.30244,;483.781126,1.35252,;483.781126,1.40259,;479.918971,1.45266,;479.918971,1.50274,;479.918971,1.55282,;479.918971,1.6029,;479.918971,1.65298,;479.918971,1.70306,;479.918971,1.75313,;479.918971,1.80322,;479.918971,1.8533,;479.918971,1.90342,;479.918971,1.95351,;479.918971,2.0036,;479.918971,2.05369,;479.918971,2.10379,;479.918971,2.15389,;479.918971,2.20401,;479.918971,2.25409,;479.918971,2.30421,;479.918971,2.35432,;479.918971,2.40439,;479.918971,2.4545,;479.918971,2.50459,;477.953854,2.5547,;477.953854,2.60479,;477.953854,2.65487,;477.953854,2.70496,;477.953854,2.75503,;477.953854,2.80512,;464.302605,2.8552,;464.302605,2.90529,;464.302605,2.95541,;464.302605,3.00549,;464.302605,3.05561,;464.302605,3.10573,;464.302605,3.15582,;464.302605,3.20594,;464.302605,3.25606,;464.302605,3.30617,;464.302605,3.35626,;464.302605,3.40638,;464.302605,3.45645,;464.302605,3.50657,;464.302605,3.55666,;464.302605,3.60678,;464.302605,3.65687,;464.302605,3.70699,;464.302605,3.75708,;464.302605,3.80719,;464.302605,3.85727,;464.302605,3.90739,;464.302605,3.95749,;464.302605,4.0076,;464.302605,4.05768,;464.302605,4.10779,;464.302605,4.15789,;464.302605,4.20796,;464.302605,4.25807,;464.302605,4.30818,;464.302605,4.35829,;464.302605,4.40836,;464.302605,4.45847,;464.302605,4.50856,;464.302605,4.55867,;464.302605,4.60875,;464.302605,4.65888,;464.302605,4.70897,;464.302605,4.75908,;464.302605,4.80919,;464.302605,4.8593,;464.302605,4.90939,;464.302605,4.95951,;464.302605,5.00962,;464.302605,5.05973,;464.302605,5.10984,;464.302605,5.15995,;464.302605,5.21006,;464.302605,5.26014,;464.302605,5.31026,;464.302605,5.36034,;464.302605,5.41045,;464.302605,5.46053,;464.302605,5.51067,;464.302605,5.56079,;464.302605,5.6109,;464.302605,5.66097,;464.302605,5.71105,;464.302605,5.76113,;464.302605,5.81125,;464.302605,5.86137,;464.302605,5.91145,;464.302605,5.96155,;461.100929,6.01166,;461.100929,6.06173,;461.100929,6.11184,;461.100929,6.16196,;461.100929,6.21203,;461.100929,6.26214,;461.100929,6.31222,;461.100929,6.3623,;461.100929,6.41237,;461.100929,6.46249,;461.100929,6.5126,;461.100929,6.56271,;461.100929,6.61283,;461.100929,6.66292,;461.100929,6.71302,;461.100929,6.76314,;461.100929,6.81321,;461.100929,6.86337,;461.100929,6.91345,;461.100929,6.96353,;461.100929,7.01361,;461.100929,7.0637,;461.100929,7.11378,;461.100929,7.16386,;430.143071,7.21399,;419.283238,7.2641,;419.283238,7.31421,;419.283238,7.36428,;419.283238,7.41439,;419.283238,7.4645,;419.283238,7.51461,;419.283238,7.5647,;393.908309,7.61478,;393.908309,7.66486,;393.908309,7.71496,;393.908309,7.76504,;393.908309,7.81512,;393.908309,7.86521,;393.908309,7.9153,;393.908309,7.96538,;393.908309,8.0155,;393.908309,8.06557,;393.908309,8.11566,;393.908309,8.16578,;393.908309,8.21586,;393.908309,8.26596,;393.908309,8.31607,;393.908309,8.36615,;393.908309,8.41624,;393.908309,8.46632,;393.908309,8.51641,;393.908309,8.56649,;393.908309,8.61658,;393.908309,8.66667,;393.908309,8.71677,;393.908309,8.76688,;393.908309,8.81698,;393.908309,8.8671,;393.908309,8.91721,;393.908309,8.96729,;393.908309,9.01737,;393.908309,9.06749,;393.908309,9.11754,;393.908309,9.16765,;393.908309,9.21773,;393.908309,9.26781,;393.908309,9.3179,;393.908309,9.368,;393.908309,9.41811,;393.908309,9.46819,;393.908309,9.51827,;393.908309,9.56835,;393.908309,9.61842,;393.908309,9.66849,;393.908309,9.71864,;393.908309,9.76872,;393.908309,9.81881,;393.908309,9.86889,;393.908309,9.91897,;393.908309,9.96906,;393.908309,10.0192,;
inf,0.0500634,;inf,0.10015,;inf,0.150267,;inf,0.200354,;569.662952,0.25045,;545.129543,0.300545,;545.129543,0.350656,;545.129543,0.400777,;545.129543,0.450874,;545.129543,0.501,;545.129543,0.551113,;545.129543,0.601191,;545.129543,0.651239,;545.129543,0.701351,;545.129543,0.751428,;545.129543,0.80151,;545.129543,0.851602,;545.129543,0.901722,;545.129543,0.951806,;545.129543,1.0019,;545.129543,1.05199,;545.129543,1.10211,;545.129543,1.15222,;545.129543,1.20231,;545.129543,1.25241,;545.129543,1.30253,;545.129543,1.3526,;545.129543,1.40271,;544.022277,1.45283,;544.022277,1.50293,;535.864530,1.55305,;535.861585,1.60313,;535.861585,1.65322,;535.861585,1.70329,;535.861585,1.75341,;535.861585,1.80348,;535.861585,1.85356,;535.861585,1.90365,;535.861585,1.95377,;535.861585,2.00386,;535.861585,2.05394,;514.971560,2.10404,;514.971560,2.15415,;514.971560,2.20427,;514.971560,2.25434,;514.971560,2.30442,;514.971560,2.3545,;514.271005,2.40458,;514.271005,2.45466,;514.271005,2.50473,;514.271005,2.55482,;514.271005,2.60491,;514.271005,2.65502,;514.271005,2.70513,;503.168335,2.75521,;503.168335,2.80529,;503.168335,2.85537,;503.168335,2.90545,;503.168335,2.95552,;503.168335,3.00564,;503.168335,3.05574,;503.168335,3.10586,;503.168335,3.15596,;503.168335,3.2061,;503.168335,3.25619,;503.168335,3.30631,;503.168335,3.35642,;503.168335,3.40651,;503.168335,3.45661,;503.168335,3.50673,;503.168335,3.55682,;503.168335,3.60691,;503.168335,3.65699,;503.168335,3.70708,;503.168335,3.75717,;503.168335,3.80723,;503.168335,3.85735,;503.168335,3.90743,;503.168335,3.95754,;501.326469,4.00765,;501.326469,4.05777,;501.326469,4.10789,;495.470526,4.15796,;495.470526,4.20804,;495.470526,4.25813,;495.470526,4.30829,;495.470526,4.35841,;495.470526,4.40849,;495.470526,4.45861,;495.470526,4.50868,;495.470526,4.55876,;495.470526,4.60885,;495.470526,4.65895,;495.470526,4.70905,;495.470526,4.75917,;495.470526,4.80926,;495.470526,4.85934,;495.470526,4.90941,;495.470526,4.95949,;495.470526,5.00958,;495.470526,5.05966,;495.470526,5.10975,;495.470526,5.15983,;495.470526,5.20992,;495.470526,5.26002,;495.470526,5.31011,;414.459017,5.36021,;414.459017,5.4103,;414.459017,5.46038,;414.459017,5.51047,;414.459017,5.56056,;414.459017,5.61067,;414.459017,5.66079,;414.459017,5.71091,;414.459017,5.76102,;414.459017,5.8111,;414.459017,5.86123,;414.459017,5.9113,;414.459017,5.96142,;414.459017,6.0115,;414.459017,6.06162,;414.459017,6.11174,;414.459017,6.16186,;414.459017,6.21198,;414.459017,6.26209,;414.459017,6.31221,;414.459017,6.36229,;414.459017,6.41241,;414.459017,6.46252,;414.459017,6.51262,;414.459017,6.56273,;414.459017,6.61281,;414.459017,6.66293,;414.459017,6.71306,;414.459017,6.76317,;414.459017,6.81326,;414.459017,6.86334,;414.459017,6.91346,;414.459017,6.96355,;414.459017,7.01367,;414.459017,7.0638,;414.459017,7.11388,;414.459017,7.16398,;414.459017,7.2141,;412.559250,7.26423,;412.559250,7.31432,;412.559250,7.36441,;412.559250,7.41451,;412.559250,7.46463,;412.559250,7.51471,;412.559250,7.5648,;412.559250,7.61493,;412.559250,7.66503,;412.559250,7.71515,;412.559250,7.76527,;412.559250,7.81535,;390.644904,7.86547,;390.644904,7.91554,;390.644904,7.96566,;390.644904,8.01577,;390.644904,8.06585,;390.644904,8.11594,;390.644904,8.16603,;390.644904,8.21615,;390.644904,8.26626,;390.644904,8.31635,;390.644904,8.36647,;390.644904,8.41659,;390.644904,8.46671,;390.644904,8.51683,;390.644904,8.56697,;390.644904,8.61708,;390.644904,8.66716,;390.644904,8.71728,;390.644904,8.76736,;390.644904,8.81744,;390.644904,8.86752,;390.644904,8.91764,;390.644904,8.96773,;390.644904,9.01785,;390.644904,9.06795,;390.644904,9.11807,;390.644904,9.16816,;390.644904,9.21828,;390.644904,9.26836,;390.644904,9.31847,;390.644904,9.36859,;390.644904,9.41871,;390.644904,9.46883,;390.644904,9.51894,;390.644904,9.56906,;390.644904,9.61914,;390.644904,9.66926,;390.644904,9.71934,;390.644904,9.76943,;390.644904,9.81955,;390.644904,9.86964,;390.644904,9.91975,;390.644904,9.96986,;390.644904,10.02,;
inf,0.0500577,;inf,0.100174,;inf,0.150258,;inf,0.200375,;685.620406,0.250455,;685.620406,0.300531,;685.620406,0.350603,;682.182656,0.400709,;682.182656,0.45079,;682.182656,0.500866,;682.182656,0.55099,;682.182656,0.601081,;682.182656,0.651165,;682.182656,0.701243,;682.182656,0.751317,;682.182656,0.801395,;638.380084,0.851473,;638.380084,0.901556,;638.380084,0.951641,;622.633756,1.00173,;622.633756,1.05182,;622.633756,1.10195,;622.633756,1.15203,;622.633756,1.20211,;622.633756,1.25218,;622.633756,1.3023,;622.633756,1.35238,;622.633756,1.40246,;622.633756,1.45255,;622.633756,1.50266,;622.633756,1.55271,;622.633756,1.60282,;622.633756,1.6529,;622.633756,1.70297,;622.633756,1.75305,;622.633756,1.80313,;622.633756,1.85321,;622.633756,1.90331,;622.633756,1.95338,;622.633756,2.00346,;622.633756,2.05355,;622.633756,2.10363,;622.633756,2.15372,;622.633756,2.2038,;622.633756,2.25392,;622.633756,2.30403,;622.633756,2.35414,;622.633756,2.40425,;622.633756,2.45436,;622.633756,2.50447,;622.633756,2.55455,;622.633756,2.60464,;622.633756,2.65476,;622.633756,2.70484,;622.633756,2.75494,;599.084472,2.80503,;599.084472,2.85515,;599.084472,2.90528,;599.084472,2.95539,;599.084472,3.00548,;599.084472,3.0556,;599.084472,3.10571,;595.816742,3.15582,;595.816742,3.20594,;595.816742,3.25605,;595.816742,3.30618,;595.816742,3.35632,;595.816742,3.40645,;595.816742,3.45656,;595.816742,3.50667,;595.816742,3.5567,;592.840981,3.60681,;592.840981,3.65689,;592.840981,3.707,;592.840981,3.75708,;592.840981,3.8072,;592.840981,3.85729,;592.840981,3.90742,;592.840981,3.95751,;592.840981,4.00762,;592.840981,4.05773,;580.636189,4.10783,;580.636189,4.15794,;580.636189,4.20806,;580.636189,4.25813,;580.636189,4.30825,;580.636189,4.35835,;580.636189,4.40846,;580.636189,4.45857,;580.636189,4.50868,;580.636189,4.55876,;580.636189,4.60885,;580.636189,4.65895,;580.636189,4.70906,;580.636189,4.75918,;580.636189,4.80926,;580.636189,4.85938,;580.636189,4.90949,;580.636189,4.9596,;580.636189,5.00971,;580.636189,5.05983,;580.636189,5.10995,;580.636189,5.16005,;576.161134,5.21016,;571.334218,5.26027,;571.334218,5.31036,;571.334218,5.36047,;571.334218,5.41059,;571.334218,5.46066,;430.267636,5.51077,;430.267636,5.56085,;430.267636,5.61096,;430.267636,5.66105,;430.267636,5.71116,;430.267636,5.76124,;430.267636,5.81132,;430.267636,5.86141,;430.267636,5.9115,;430.267636,5.96162,;430.267636,6.0117,;430.267636,6.06181,;399.847105,6.11193,;399.847105,6.16204,;399.847105,6.21212,;399.847105,6.26225,;399.847105,6.31236,;399.847105,6.36247,;399.847105,6.41256,;399.847105,6.46268,;399.847105,6.51276,;399.847105,6.56287,;398.135110,6.61294,;398.135110,6.66305,;398.135110,6.71317,;398.135110,6.76327,;398.135110,6.81339,;398.135110,6.86351,;398.135110,6.91362,;398.135110,6.96373,;398.135110,7.01386,;398.135110,7.06394,;398.135110,7.11406,;398.135110,7.16417,;398.135110,7.21426,;398.135110,7.26434,;398.135110,7.31445,;398.135110,7.36457,;398.135110,7.41464,;398.135110,7.46471,;398.135110,7.51483,;398.135110,7.56494,;398.135110,7.61506,;398.135110,7.66517,;398.135110,7.71525,;398.135110,7.76533,;398.135110,7.81545,;398.135110,7.86554,;398.135110,7.91562,;398.135110,7.96572,;398.135110,8.01583,;398.135110,8.0659,;398.135110,8.11599,;398.135110,8.16607,;398.135110,8.21622,;398.135110,8.26631,;398.135110,8.31639,;385.629971,8.36648,;385.629971,8.41656,;385.629971,8.46664,;385.629971,8.51672,;385.629971,8.5668,;385.629971,8.61688,;385.629971,8.66696,;385.629971,8.71705,;385.629971,8.76713,;385.629971,8.81723,;385.629971,8.86735,;385.629971,8.91743,;385.629971,8.96754,;385.629971,9.01763,;380.268593,9.06775,;380.268593,9.11784,;380.268593,9.16795,;380.268593,9.21807,;380.268593,9.26818,;380.268593,9.3183,;380.268593,9.36838,;380.268593,9.4185,;380.268593,9.46862,;380.268593,9.51874,;380.268593,9.56881,;380.268593,9.61893,;380.268593,9.66902,;380.268593,9.71914,;380.268593,9.76922,;380.268593,9.81931,;380.268593,9.86943,;380.268593,9.91955,;380.268593,9.96964,;380.268593,10.0198,;
inf,0.0500601,;inf,0.100167,;670.051401,0.150239,;670.051401,0.200324,;670.051401,0.250404,;670.051401,0.300522,;670.051401,0.350603,;626.879947,0.400687,;626.879947,0.450786,;626.879947,0.500902,;626.879947,0.551012,;626.879947,0.601089,;626.879947,0.651201,;626.879947,0.701322,;626.879947,0.751444,;626.879947,0.801515,;626.879947,0.851627,;626.879947,0.901703,;626.879947,0.951817,;626.879947,1.00193,;626.879947,1.05204,;626.495457,1.10214,;626.495457,1.15225,;626.495457,1.20234,;626.495457,1.25245,;626.495457,1.30256,;626.495457,1.35264,;626.495457,1.40276,;626.495457,1.45287,;622.107243,1.50298,;622.107243,1.55309,;622.107243,1.6032,;622.107243,1.65331,;622.107243,1.70342,;622.107243,1.75354,;622.107243,1.80365,;622.107243,1.85373,;622.107243,1.90384,;622.107243,1.95392,;622.107243,2.00405,;622.107243,2.05413,;619.425494,2.10424,;619.425494,2.15432,;619.425494,2.20441,;619.425494,2.2545,;619.425494,2.30461,;615.346786,2.3547,;615.346786,2.40481,;615.346786,2.45491,;615.346786,2.50498,;615.346786,2.55509,;615.346786,2.6052,;615.346786,2.65531,;615.346786,2.70542,;615.346786,2.75553,;615.346786,2.80566,;615.346786,2.85576,;615.346786,2.90583,;615.346786,2.95594,;615.346786,3.00606,;615.346786,3.05617,;615.346786,3.10625,;615.346786,3.15636,;615.346786,3.20648,;615.346786,3.25657,;615.346786,3.30668,;615.346786,3.35679,;615.346786,3.40691,;615.346786,3.45699,;615.346786,3.50711,;615.346786,3.55723,;615.346786,3.60734,;615.346786,3.65741,;615.346786,3.70753,;615.346786,3.75761,;615.346786,3.8077,;611.840786,3.85777,;406.540892,3.90789,;406.540892,3.95798,;406.540892,4.00809,;406.540892,4.05819,;406.540892,4.10827,;406.540892,4.15837,;406.540892,4.20848,;406.540892,4.25859,;406.540892,4.3087,;406.540892,4.35879,;406.540892,4.40891,;406.540892,4.45901,;406.540892,4.50912,;406.540892,4.55923,;406.540892,4.60935,;406.540892,4.65947,;406.540892,4.7096,;406.540892,4.75971,;406.540892,4.80978,;406.540892,4.8599,;406.540892,4.90997,;406.540892,4.96008,;406.540892,5.01018,;406.540892,5.06026,;406.540892,5.11033,;406.540892,5.16045,;406.540892,5.21053,;406.540892,5.2606,;406.540892,5.31068,;406.540892,5.36075,;406.540892,5.41083,;406.540892,5.4609,;406.540892,5.51098,;406.540892,5.56106,;406.540892,5.61113,;406.540892,5.66122,;406.540892,5.71129,;406.540892,5.76137,;406.540892,5.81149,;406.540892,5.86155,;406.540892,5.91163,;406.540892,5.9617,;406.540892,6.01179,;406.540892,6.06187,;406.540892,6.11194,;406.540892,6.16203,;406.540892,6.21212,;406.540892,6.26222,;405.975580,6.3123,;405.975580,6.36238,;405.975580,6.41251,;405.975580,6.4626,;405.975580,6.51269,;400.262279,6.56278,;400.262279,6.6129,;400.262279,6.66301,;400.262279,6.7131,;400.262279,6.76323,;400.262279,6.8133,;400.262279,6.86338,;400.262279,6.91347,;400.262279,6.96355,;383.878546,7.01363,;383.878546,7.06372,;383.878546,7.1138,;383.878546,7.16391,;383.878546,7.214,;383.878546,7.26409,;383.878546,7.31419,;383.878546,7.36427,;383.878546,7.41434,;383.878546,7.46443,;383.878546,7.51453,;383.878546,7.56465,;383.878546,7.61472,;383.878546,7.66481,;383.878546,7.71491,;383.878546,7.76503,;383.878546,7.81512,;383.878546,7.86524,;383.878546,7.91532,;383.878546,7.96543,;380.746785,8.01555,;380.746785,8.06563,;380.746785,8.11574,;380.746785,8.16582,;356.922729,8.21595,;356.922729,8.26604,;356.922729,8.31613,;356.922729,8.36623,;356.922729,8.41635,;356.922729,8.46647,;356.922729,8.51658,;356.922729,8.56667,;356.922729,8.61679,;356.922729,8.66688,;356.922729,8.717,;356.922729,8.76711,;356.922729,8.81722,;356.922729,8.86737,;356.922729,8.91749,;356.922729,8.96758,;356.922729,9.01766,;356.922729,9.06778,;356.922729,9.11787,;356.922729,9.168,;356.922729,9.21809,;356.922729,9.2682,;356.922729,9.3183,;356.922729,9.3684,;356.922729,9.41851,;356.922729,9.46863,;356.922729,9.51872,;356.922729,9.5688,;356.922729,9.6189,;356.922729,9.66902,;356.922729,9.71913,;356.922729,9.76925,;356.922729,9.81936,;356.922729,9.86948,;356.922729,9.91961,;356.922729,9.96968,;356.922729,10.0198,;
inf,0.050098,;inf,0.100218,;inf,0.150331,;inf,0.200441,;inf,0.250553,;632.458927,0.300665,;632.458927,0.35078,;632.458927,0.40089,;632.458927,0.451006,;606.627413,0.501081,;606.627413,0.551191,;606.627413,0.601267,;606.627413,0.651378,;606.627413,0.701453,;606.627413,0.751534,;606.627413,0.801607,;606.627413,0.851722,;572.662269,0.901836,;560.156254,0.951928,;554.221453,1.00202,;554.221453,1.05211,;549.776144,1.10223,;538.356444,1.15231,;538.356444,1.20238,;538.356444,1.2525,;529.749266,1.30262,;529.749266,1.35269,;529.749266,1.40277,;529.749266,1.45288,;529.749266,1.50299,;529.749266,1.55307,;529.749266,1.60318,;529.749266,1.65325,;529.749266,1.70336,;529.749266,1.75345,;529.749266,1.80354,;529.749266,1.85363,;529.749266,1.90372,;529.749266,1.95381,;519.562716,2.00389,;519.562716,2.05396,;519.562716,2.10408,;519.562716,2.15419,;519.562716,2.2043,;519.562716,2.25438,;519.562716,2.30447,;519.562716,2.35456,;519.562716,2.40465,;519.562716,2.45478,;519.562716,2.50489,;519.562716,2.55501,;519.562716,2.60508,;519.562716,2.65517,;519.562716,2.70525,;519.562716,2.75533,;517.342998,2.80542,;517.342998,2.85554,;517.342998,2.90562,;517.342998,2.95573,;517.342998,3.00581,;517.342998,3.05592,;517.342998,3.10604,;517.342998,3.15616,;517.342998,3.20625,;517.342998,3.25633,;517.342998,3.30642,;501.821818,3.35651,;501.821818,3.40659,;501.821818,3.45669,;501.821818,3.50677,;501.821818,3.55689,;501.821818,3.60697,;501.821818,3.65703,;496.068967,3.70712,;496.068967,3.7572,;496.068967,3.80728,;496.068967,3.85736,;496.068967,3.90745,;496.068967,3.95754,;496.068967,4.00762,;496.068967,4.05771,;496.068967,4.10779,;496.068967,4.15787,;496.068967,4.20795,;496.068967,4.25806,;496.068967,4.30819,;496.068967,4.35828,;496.068967,4.40837,;496.068967,4.45847,;496.068967,4.50857,;496.068967,4.55866,;496.068967,4.60878,;496.068967,4.65889,;496.068967,4.70897,;496.068967,4.75909,;496.068967,4.80921,;496.068967,4.8593,;496.068967,4.90938,;496.068967,4.95945,;475.956558,5.00954,;475.956558,5.05961,;475.956558,5.1097,;475.956558,5.15978,;475.956558,5.20987,;475.956558,5.25999,;475.956558,5.31008,;475.956558,5.3602,;475.956558,5.41032,;475.956558,5.4604,;475.956558,5.51049,;475.956558,5.56057,;475.956558,5.61066,;475.956558,5.66077,;475.956558,5.71085,;475.956558,5.76094,;475.956558,5.81103,;475.956558,5.86112,;475.956558,5.9112,;475.956558,5.96128,;475.956558,6.01137,;475.956558,6.06146,;475.956558,6.11154,;475.956558,6.16163,;475.956558,6.21171,;475.956558,6.2618,;475.956558,6.31189,;475.956558,6.36197,;475.956558,6.41206,;475.956558,6.46215,;475.956558,6.51224,;475.956558,6.56232,;475.956558,6.61241,;475.956558,6.66246,;475.956558,6.71255,;475.956558,6.76263,;475.956558,6.81272,;475.956558,6.86281,;475.956558,6.9129,;475.956558,6.96298,;475.956558,7.01307,;475.956558,7.06316,;475.956558,7.11324,;475.956558,7.16334,;436.453211,7.21342,;436.453211,7.26351,;436.453211,7.31361,;436.453211,7.3637,;436.453211,7.41378,;436.453211,7.46387,;436.453211,7.51395,;436.453211,7.56403,;436.453211,7.61412,;436.453211,7.6642,;435.516233,7.7143,;435.516233,7.76438,;435.516233,7.81447,;435.516233,7.86456,;435.516233,7.91465,;435.516233,7.96475,;435.516233,8.01484,;435.516233,8.06493,;435.516233,8.11502,;435.516233,8.1651,;435.516233,8.2152,;435.516233,8.26528,;435.516233,8.31536,;435.516233,8.36544,;435.516233,8.41553,;435.516233,8.46561,;435.516233,8.51569,;435.516233,8.56578,;435.516233,8.61587,;435.516233,8.66596,;435.516233,8.71604,;432.841918,8.76613,;432.841918,8.81622,;432.841918,8.8663,;432.841918,8.9164,;432.841918,8.96648,;432.841918,9.01657,;432.841918,9.06667,;432.841918,9.11679,;432.841918,9.1669,;432.841918,9.21702,;432.841918,9.26713,;432.841918,9.31721,;432.841918,9.36732,;432.841918,9.41742,;432.841918,9.46751,;432.841918,9.51761,;416.026243,9.56773,;416.026243,9.61781,;416.026243,9.6679,;389.450796,9.71799,;389.450796,9.76808,;389.450796,9.81817,;389.450796,9.86825,;389.450796,9.91834,;389.450796,9.96842,;
inf,0.0500664,;inf,0.100236,;inf,0.150346,;inf,0.200418,;inf,0.250496,;inf,0.300574,;inf,0.350649,;647.802228,0.400771,;647.802228,0.450881,;647.802228,0.50098,;647.802228,0.551053,;647.802228,0.601136,;647.802228,0.651269,;647.802228,0.701341,;647.802228,0.751422,;636.837710,0.801495,;636.837710,0.851579,;636.837710,0.901657,;636.837710,0.951774,;636.837710,1.00186,;636.837710,1.05198,;636.837710,1.10206,;636.837710,1.15215,;636.837710,1.20224,;636.837710,1.25233,;599.529560,1.30241,;597.447639,1.35251,;597.447639,1.40265,;597.447639,1.45278,;597.447639,1.50289,;597.447639,1.55299,;597.447639,1.6031,;597.447639,1.65321,;595.116863,1.70329,;593.022755,1.75336,;593.022755,1.80344,;593.022755,1.85353,;593.022755,1.90365,;593.022755,1.95372,;593.022755,2.00382,;593.022755,2.05391,;558.859167,2.10398,;558.859167,2.15406,;558.859167,2.20418,;558.859167,2.25427,;558.859167,2.30438,;558.859167,2.35446,;558.859167,2.40454,;558.859167,2.45461,;558.859167,2.50473,;558.859167,2.55482,;558.859167,2.60494,;558.859167,2.65503,;558.859167,2.70512,;558.859167,2.75521,;558.859167,2.8053,;558.859167,2.85538,;558.859167,2.90546,;558.859167,2.95558,;558.859167,3.00566,;558.859167,3.05578,;551.499049,3.10587,;551.499049,3.15595,;546.699509,3.20604,;546.699509,3.25613,;545.911155,3.30623,;545.911155,3.35631,;545.911155,3.40645,;545.911155,3.45654,;545.877448,3.50662,;545.877448,3.55669,;545.877448,3.60678,;545.877448,3.65685,;545.877448,3.70693,;545.877448,3.75705,;545.877448,3.80713,;545.877448,3.85725,;545.877448,3.90739,;545.877448,3.95747,;545.877448,4.00759,;545.877448,4.0577,;545.877448,4.10781,;545.877448,4.15792,;411.740435,4.20804,;411.740435,4.25817,;411.740435,4.30829,;411.740435,4.35838,;411.740435,4.40851,;411.740435,4.45863,;411.740435,4.50871,;411.740435,4.5588,;411.740435,4.6089,;411.740435,4.65902,;411.740435,4.70911,;411.740435,4.75922,;411.740435,4.80933,;411.740435,4.85942,;411.740435,4.90951,;411.740435,4.95963,;411.740435,5.00971,;411.740435,5.05979,;411.740435,5.10987,;411.740435,5.15996,;411.740435,5.21004,;411.740435,5.26013,;411.740435,5.31028,;411.740435,5.36037,;411.740435,5.41047,;411.740435,5.46056,;411.740435,5.51064,;411.740435,5.56075,;411.740435,5.61084,;411.740435,5.66093,;411.740435,5.71102,;411.740435,5.76111,;397.632261,5.81123,;397.632261,5.8613,;397.632261,5.91138,;397.632261,5.96147,;397.632261,6.01155,;397.632261,6.06165,;397.632261,6.11176,;397.632261,6.16185,;397.632261,6.21196,;397.632261,6.26205,;397.632261,6.31218,;397.632261,6.36227,;397.632261,6.41238,;397.632261,6.46245,;397.632261,6.51257,;397.632261,6.56268,;379.463557,6.61279,;379.463557,6.66287,;379.463557,6.71297,;379.463557,6.7631,;379.463557,6.81318,;379.463557,6.86329,;370.025987,6.91337,;370.025987,6.96348,;370.025987,7.01357,;370.025987,7.06369,;370.025987,7.11378,;370.025987,7.16387,;370.025987,7.21396,;370.025987,7.26408,;370.025987,7.3142,;370.025987,7.36431,;370.025987,7.4144,;370.025987,7.46449,;370.025987,7.51458,;370.025987,7.56467,;370.025987,7.61476,;370.025987,7.66487,;370.025987,7.71496,;370.025987,7.76504,;370.025987,7.81516,;370.025987,7.86522,;370.025987,7.91533,;370.025987,7.9654,;370.025987,8.01552,;370.025987,8.06561,;370.025987,8.1157,;370.025987,8.16578,;370.025987,8.21588,;350.874217,8.26598,;350.874217,8.3161,;350.874217,8.36619,;350.874217,8.41635,;350.874217,8.46643,;350.874217,8.51656,;350.874217,8.56664,;350.874217,8.61677,;350.874217,8.66686,;350.874217,8.71698,;350.874217,8.76706,;350.874217,8.81719,;350.874217,8.86728,;350.874217,8.91736,;350.874217,8.96748,;350.874217,9.01755,;350.874217,9.06763,;350.874217,9.11772,;350.874217,9.16782,;350.874217,9.21791,;350.874217,9.26803,;350.874217,9.31811,;350.874217,9.36823,;350.874217,9.41831,;350.874217,9.4684,;350.874217,9.51849,;350.874217,9.56859,;350.874217,9.6187,;350.874217,9.66882,;350.874217,9.71894,;350.874217,9.76906,;350.874217,9.81916,;350.874217,9.86922,;350.874217,9.91933,;350.874217,9.96941,;350.874217,10.0195,;
inf,0.0500762,;inf,0.100188,;inf,0.150346,;inf,0.200444,;inf,0.250567,;559.252814,0.30068,;559.252814,0.350808,;559.252814,0.400926,;559.252814,0.451016,;559.252814,0.501103,;559.252814,0.551199,;559.252814,0.601293,;559.252814,0.651419,;559.252814,0.701548,;559.252814,0.751673,;559.252814,0.801759,;559.252814,0.851846,;559.252814,0.90193,;559.252814,0.952028,;559.252814,1.00212,;559.252814,1.05224,;559.252814,1.10237,;559.252814,1.15248,;559.252814,1.20259,;559.252814,1.25271,;559.252814,1.30278,;559.252814,1.3529,;559.252814,1.403,;559.252814,1.45307,;559.252814,1.50316,;559.252814,1.55324,;559.252814,1.60333,;559.252814,1.65341,;556.823335,1.70353,;556.823335,1.75361,;556.823335,1.80369,;556.823335,1.85376,;556.823335,1.90389,;556.823335,1.95398,;556.823335,2.00406,;556.823335,2.05415,;556.823335,2.10424,;556.823335,2.15434,;556.823335,2.20442,;556.823335,2.25451,;556.823335,2.30462,;556.823335,2.35474,;556.823335,2.40485,;556.823335,2.45496,;556.823335,2.505,;556.823335,2.55511,;556.823335,2.60518,;556.823335,2.65527,;556.823335,2.70536,;556.823335,2.75545,;556.823335,2.80554,;525.501464,2.85562,;525.501464,2.90571,;525.501464,2.9558,;525.501464,3.00588,;525.501464,3.05597,;525.501464,3.10606,;525.501464,3.15618,;525.501464,3.20629,;525.501464,3.2564,;525.501464,3.30652,;525.501464,3.35663,;525.501464,3.40675,;525.501464,3.45683,;525.501464,3.50693,;525.501464,3.55701,;525.501464,3.60712,;525.501464,3.65719,;525.501464,3.70731,;525.501464,3.7574,;525.501464,3.80749,;525.501464,3.85758,;525.501464,3.90769,;525.501464,3.95778,;525.501464,4.00789,;525.466686,4.05796,;525.466686,4.10805,;525.466686,4.15813,;525.466686,4.20822,;525.466686,4.25835,;525.466686,4.30846,;525.466686,4.35855,;525.466686,4.40864,;525.466686,4.45873,;525.466686,4.50882,;525.466686,4.55889,;525.466686,4.60896,;525.466686,4.65904,;525.466686,4.70911,;525.466686,4.7592,;525.466686,4.8093,;525.466686,4.85939,;525.466686,4.90948,;525.466686,4.95956,;525.466686,5.00964,;525.466686,5.05973,;525.466686,5.10982,;525.466686,5.1599,;525.466686,5.20998,;525.466686,5.26007,;525.466686,5.31019,;525.466686,5.36031,;525.466686,5.41039,;525.466686,5.46048,;525.466686,5.51057,;525.466686,5.56066,;525.466686,5.61075,;525.466686,5.66084,;525.466686,5.71093,;525.466686,5.761,;525.466686,5.81112,;525.466686,5.8612,;525.466686,5.91129,;525.466686,5.96138,;525.466686,6.01149,;525.466686,6.06159,;525.466686,6.1117,;525.466686,6.16181,;525.466686,6.21189,;525.466686,6.26198,;519.896714,6.31207,;519.896714,6.36219,;519.896714,6.41231,;519.896714,6.4624,;519.896714,6.51253,;519.896714,6.56264,;519.896714,6.61273,;519.896714,6.66285,;519.896714,6.713,;519.896714,6.76312,;519.896714,6.8132,;519.896714,6.86332,;519.896714,6.91341,;519.896714,6.96352,;519.896714,7.01363,;519.896714,7.0637,;519.896714,7.11379,;518.037159,7.1639,;508.378651,7.21398,;508.378651,7.26409,;508.378651,7.31418,;508.378651,7.36431,;508.378651,7.4144,;448.445014,7.46452,;448.445014,7.5146,;448.445014,7.56469,;448.445014,7.61478,;448.445014,7.66488,;448.445014,7.71502,;448.445014,7.7651,;448.445014,7.81521,;448.445014,7.8653,;448.445014,7.91542,;448.445014,7.96551,;448.445014,8.01562,;448.445014,8.06571,;448.445014,8.11583,;448.445014,8.16592,;448.445014,8.21603,;448.445014,8.26612,;448.445014,8.31625,;448.445014,8.36634,;448.445014,8.41646,;448.445014,8.46654,;448.445014,8.51666,;435.821354,8.56677,;435.821354,8.61689,;435.821354,8.66696,;427.681113,8.71706,;427.681113,8.76715,;427.681113,8.81724,;427.681113,8.86731,;427.681113,8.9174,;427.681113,8.96749,;427.681113,9.01757,;427.681113,9.06769,;427.681113,9.11778,;427.681113,9.1679,;427.681113,9.21801,;420.477153,9.26813,;420.477153,9.31822,;420.477153,9.36834,;420.477153,9.41843,;420.477153,9.46855,;420.477153,9.51863,;420.477153,9.56875,;420.477153,9.61886,;420.477153,9.66896,;420.477153,9.71908,;420.477153,9.76916,;420.477153,9.81927,;415.611230,9.86936,;415.611230,9.91949,;415.611230,9.96958,;415.611230,10.0197,;
inf,0.0501007,;932.672765,0.100188,;920.088259,0.150281,;900.303466,0.200372,;900.303466,0.250486,;900.303466,0.300571,;900.303466,0.350699,;900.303466,0.400807,;900.303466,0.450882,;900.303466,0.500971,;876.579838,0.551088,;876.579838,0.601204,;871.352365,0.65133,;871.352365,0.701435,;871.352365,0.751529,;871.352365,0.801616,;871.352365,0.851733,;871.352365,0.901852,;871.352365,0.951925,;871.352365,1.00204,;871.352365,1.05212,;871.352365,1.10224,;871.352365,1.15233,;871.352365,1.20245,;779.648512,1.25254,;722.439316,1.30265,;722.439316,1.35273,;722.439316,1.40281,;722.439316,1.45289,;722.439316,1.50303,;722.439316,1.55311,;722.439316,1.60324,;722.439316,1.65334,;722.439316,1.70346,;722.439316,1.75357,;722.439316,1.80369,;722.439316,1.85379,;722.439316,1.90387,;722.439316,1.95398,;722.439316,2.00405,;686.414743,2.05416,;669.672670,2.10425,;669.672670,2.15436,;669.672670,2.20445,;669.672670,2.25456,;662.570279,2.30467,;662.570279,2.35476,;662.570279,2.40485,;662.570279,2.45496,;662.570279,2.50505,;662.570279,2.55516,;662.570279,2.60528,;662.570279,2.65538,;658.974291,2.70547,;648.674160,2.75557,;648.674160,2.80568,;648.674160,2.85578,;648.674160,2.9059,;625.198976,2.95598,;625.198976,3.0061,;625.198976,3.05617,;625.198976,3.10628,;625.198976,3.15636,;625.198976,3.20648,;625.198976,3.25657,;625.198976,3.30669,;625.198976,3.35678,;625.198976,3.40689,;625.198976,3.45696,;625.198976,3.50705,;625.198976,3.55713,;625.198976,3.6072,;625.198976,3.65733,;625.198976,3.70741,;625.198976,3.75753,;625.198976,3.8076,;625.198976,3.85768,;625.198976,3.90775,;625.198976,3.95785,;625.198976,4.00793,;625.198976,4.05801,;625.198976,4.1081,;625.198976,4.15818,;625.198976,4.20825,;625.198976,4.25837,;457.027033,4.30846,;457.027033,4.35857,;457.027033,4.40866,;457.027033,4.45878,;440.853141,4.50887,;440.853141,4.55896,;440.853141,4.60909,;436.036919,4.65918,;436.036919,4.7093,;436.036919,4.75938,;436.036919,4.80952,;436.036919,4.85963,;436.036919,4.90972,;436.036919,4.95978,;436.036919,5.0099,;436.036919,5.05997,;436.036919,5.11008,;436.036919,5.16017,;436.036919,5.21025,;436.036919,5.26034,;436.036919,5.31047,;436.036919,5.36055,;436.036919,5.41067,;436.036919,5.46076,;436.036919,5.51085,;436.036919,5.56095,;436.036919,5.61108,;436.036919,5.66117,;436.036919,5.71126,;436.036919,5.76134,;436.036919,5.81145,;436.036919,5.86154,;436.036919,5.91166,;436.036919,5.96174,;436.036919,6.01181,;436.036919,6.06192,;436.036919,6.11201,;436.036919,6.16212,;436.036919,6.21221,;378.982644,6.26233,;378.982644,6.31243,;378.982644,6.36252,;378.982644,6.41262,;378.982644,6.46273,;369.803163,6.51283,;369.803163,6.56294,;369.803163,6.61303,;369.803163,6.66312,;369.803163,6.71323,;369.803163,6.76334,;369.803163,6.81343,;369.803163,6.86355,;369.803163,6.91366,;369.803163,6.96376,;369.803163,7.01386,;369.803163,7.06394,;369.803163,7.11403,;369.803163,7.16412,;369.803163,7.21424,;369.803163,7.26434,;369.803163,7.31442,;369.803163,7.36452,;369.803163,7.4146,;369.803163,7.46469,;369.803163,7.51478,;369.803163,7.5649,;369.803163,7.61501,;369.803163,7.6651,;369.803163,7.71519,;369.803163,7.76534,;369.803163,7.81546,;369.803163,7.86554,;369.803163,7.91566,;369.803163,7.96575,;369.803163,8.01583,;369.803163,8.06592,;369.803163,8.116,;369.803163,8.16608,;369.803163,8.21616,;369.803163,8.26624,;369.803163,8.31632,;369.803163,8.36641,;369.803163,8.4165,;369.803163,8.46659,;369.803163,8.51667,;369.803163,8.56676,;369.803163,8.61685,;369.803163,8.66699,;369.803163,8.71711,;369.803163,8.7672,;369.803163,8.81732,;369.803163,8.86741,;369.803163,8.91754,;369.803163,8.96767,;369.803163,9.01779,;369.803163,9.06787,;369.803163,9.11799,;369.803163,9.16808,;369.803163,9.2182,;369.803163,9.26829,;369.803163,9.31839,;368.490961,9.36848,;368.490961,9.41858,;368.490961,9.46867,;368.490961,9.51875,;368.490961,9.56883,;368.490961,9.61896,;361.515521,9.66904,;361.515521,9.71916,;361.515521,9.76927,;361.515521,9.81938,;361.515521,9.8695,;361.515521,9.91962,;361.515521,9.96973,;361.515521,10.0198,;
inf,0.0500831,;inf,0.100197,;642.644032,0.150281,;616.423672,0.200398,;616.423672,0.25048,;616.423672,0.300563,;608.775907,0.350663,;608.775907,0.400775,;608.775907,0.450859,;608.775907,0.50099,;602.417946,0.551109,;521.134245,0.601218,;521.134245,0.651336,;521.134245,0.70141,;521.134245,0.751519,;521.134245,0.80161,;521.134245,0.851724,;521.134245,0.901798,;521.134245,0.951881,;521.134245,1.00196,;521.134245,1.05205,;521.134245,1.10214,;521.134245,1.15226,;521.134245,1.20234,;521.134245,1.25245,;521.134245,1.30252,;521.134245,1.3526,;521.134245,1.40269,;521.134245,1.45282,;521.134245,1.50293,;484.813434,1.553,;484.813434,1.60311,;484.813434,1.65319,;484.813434,1.70328,;484.813434,1.75341,;484.521585,1.80349,;484.521585,1.85361,;478.757365,1.90372,;478.757365,1.95379,;478.757365,2.0039,;478.757365,2.05397,;478.757365,2.10404,;478.757365,2.15412,;478.757365,2.20421,;478.333869,2.2543,;478.333869,2.30442,;478.333869,2.35451,;473.626023,2.40462,;473.626023,2.45474,;471.776264,2.50485,;471.776264,2.55497,;471.776264,2.60505,;471.776264,2.65516,;471.776264,2.70524,;471.776264,2.75531,;471.776264,2.8054,;471.776264,2.85549,;471.776264,2.90561,;471.776264,2.95573,;467.815001,3.0058,;467.815001,3.05591,;467.815001,3.10599,;467.815001,3.15607,;467.815001,3.20616,;467.815001,3.25624,;467.815001,3.30635,;460.015035,3.35646,;460.015035,3.40654,;460.015035,3.45662,;460.015035,3.5067,;458.728948,3.5568,;458.728948,3.6069,;458.728948,3.65698,;458.728948,3.70706,;458.728948,3.75719,;458.728948,3.80729,;458.728948,3.8574,;458.728948,3.90747,;458.728948,3.95756,;458.728948,4.00767,;458.728948,4.05774,;458.728948,4.10782,;458.728948,4.15791,;458.728948,4.20802,;458.728948,4.25811,;458.728948,4.30823,;458.728948,4.35832,;458.728948,4.40843,;458.728948,4.45852,;458.728948,4.50864,;458.728948,4.55873,;458.728948,4.60881,;458.728948,4.65893,;458.728948,4.70904,;458.728948,4.75915,;458.728948,4.80926,;458.728948,4.85937,;458.728948,4.90948,;458.728948,4.95956,;458.728948,5.00968,;458.728948,5.0598,;458.728948,5.10987,;458.728948,5.15995,;458.728948,5.21002,;457.928958,5.26011,;457.928958,5.31022,;457.928958,5.36032,;457.928958,5.41044,;457.928958,5.46051,;457.928958,5.51059,;457.928958,5.56067,;457.325663,5.61076,;457.325663,5.66083,;457.325663,5.71091,;457.325663,5.76099,;457.325663,5.81108,;457.325663,5.86116,;457.325663,5.91125,;457.325663,5.96132,;457.325663,6.01141,;449.413457,6.06148,;449.413457,6.11157,;445.392813,6.16164,;445.392813,6.21173,;445.392813,6.26181,;445.392813,6.31189,;445.392813,6.36197,;445.392813,6.41205,;445.392813,6.46214,;432.029943,6.51222,;432.029943,6.5623,;432.029943,6.61239,;432.029943,6.66246,;432.029943,6.71255,;432.029943,6.76262,;432.029943,6.8127,;432.029943,6.86278,;432.029943,6.91286,;423.240232,6.96293,;423.240232,7.01301,;423.240232,7.06309,;423.240232,7.11317,;423.240232,7.16326,;423.240232,7.21334,;423.240232,7.26342,;423.240232,7.3135,;423.240232,7.36358,;423.240232,7.41366,;423.240232,7.46375,;423.240232,7.51383,;423.240232,7.56391,;423.240232,7.614,;423.240232,7.66407,;381.497284,7.71416,;381.497284,7.76424,;381.497284,7.81433,;381.497284,7.8644,;381.497284,7.91449,;381.497284,7.96457,;381.497284,8.01465,;381.497284,8.06472,;381.497284,8.11481,;381.497284,8.16489,;381.497284,8.21498,;381.497284,8.26507,;381.497284,8.31515,;381.497284,8.36523,;381.497284,8.41531,;381.497284,8.4654,;381.497284,8.51548,;381.497284,8.56556,;381.497284,8.61564,;381.497284,8.66571,;381.497284,8.71579,;381.497284,8.76587,;381.497284,8.81595,;381.497284,8.86603,;381.497284,8.91611,;381.497284,8.96619,;381.497284,9.01627,;381.497284,9.06635,;381.497284,9.11643,;381.497284,9.16651,;381.497284,9.21659,;381.497284,9.26666,;381.497284,9.31675,;381.497284,9.36683,;381.497284,9.41691,;381.497284,9.46699,;381.497284,9.51708,;381.497284,9.56717,;381.497284,9.61725,;381.497284,9.66732,;381.497284,9.7174,;381.497284,9.76748,;381.497284,9.81756,;381.497284,9.86764,;381.497284,9.91771,;381.497284,9.96779,;378.538272,10.0179,;
inf,0.0500704,;902.624624,0.100186,;902.624624,0.15027,;824.580810,0.200373,;824.580810,0.250487,;824.580810,0.300575,;824.580810,0.350693,;824.580810,0.400789,;824.580810,0.45091,;824.580810,0.500965,;824.580810,0.551052,;824.580810,0.601143,;824.580810,0.651262,;716.473104,0.701378,;716.473104,0.751484,;716.473104,0.801562,;716.473104,0.851646,;716.473104,0.901733,;716.473104,0.951863,;716.473104,1.00198,;716.473104,1.0521,;716.473104,1.10218,;716.473104,1.15229,;716.473104,1.20242,;716.473104,1.2525,;716.473104,1.30259,;716.473104,1.35272,;716.473104,1.40283,;716.473104,1.45291,;716.473104,1.503,;716.473104,1.55307,;716.473104,1.60316,;716.473104,1.65326,;716.473104,1.70334,;716.473104,1.75344,;716.473104,1.80353,;714.796856,1.85365,;714.796856,1.90376,;714.796856,1.95383,;714.796856,2.00392,;714.796856,2.05401,;714.796856,2.10489,;714.796856,2.15497,;714.796856,2.20506,;714.796856,2.25517,;697.522717,2.30525,;697.522717,2.35537,;697.522717,2.40547,;697.522717,2.4556,;697.522717,2.50569,;697.522717,2.55581,;683.837777,2.60592,;683.837777,2.65603,;683.837777,2.70612,;683.837777,2.75623,;683.837777,2.80635,;683.837777,2.85644,;683.837777,2.90655,;672.599550,2.95665,;672.599550,3.00675,;672.599550,3.05686,;672.599550,3.10698,;672.599550,3.15706,;660.861805,3.20714,;660.861805,3.25722,;660.861805,3.30735,;660.861805,3.35745,;660.861805,3.40756,;660.861805,3.45765,;660.861805,3.50777,;660.861805,3.5579,;660.861805,3.60802,;660.861805,3.65811,;660.861805,3.70822,;660.861805,3.75834,;660.861805,3.80846,;660.861805,3.85857,;660.861805,3.90868,;660.861805,3.95877,;660.861805,4.00889,;660.861805,4.059,;660.861805,4.10908,;660.861805,4.15917,;660.861805,4.20925,;660.861805,4.25935,;660.861805,4.30943,;660.861805,4.35955,;660.861805,4.40964,;660.861805,4.45976,;660.861805,4.50985,;660.861805,4.55997,;660.861805,4.61009,;660.861805,4.66021,;660.861805,4.71032,;660.861805,4.76047,;660.861805,4.81054,;660.861805,4.86064,;660.861805,4.91072,;660.861805,4.96084,;660.861805,5.01095,;660.861805,5.06106,;660.861805,5.11118,;660.861805,5.1613,;660.861805,5.21146,;660.861805,5.26154,;660.861805,5.31167,;660.861805,5.36176,;660.861805,5.41186,;660.861805,5.46198,;660.861805,5.51209,;646.970539,5.56221,;646.970539,5.61233,;646.970539,5.66246,;646.970539,5.71256,;646.970539,5.76268,;646.970539,5.81279,;646.970539,5.86291,;646.970539,5.91295,;646.970539,5.96304,;646.970539,6.01314,;646.970539,6.06325,;646.970539,6.11335,;646.970539,6.16343,;646.970539,6.21355,;646.970539,6.26366,;646.970539,6.31376,;646.970539,6.36384,;646.970539,6.41392,;646.970539,6.46404,;646.970539,6.51413,;646.970539,6.56425,;646.970539,6.61433,;646.970539,6.66442,;646.970539,6.7145,;646.970539,6.76462,;480.713193,6.81472,;480.713193,6.86481,;480.713193,6.91489,;480.713193,6.96497,;480.713193,7.01509,;480.713193,7.06517,;480.713193,7.11528,;480.713193,7.16536,;480.713193,7.21544,;480.713193,7.26554,;480.713193,7.31565,;480.713193,7.36574,;480.713193,7.41586,;480.713193,7.46593,;480.713193,7.51604,;480.713193,7.56615,;480.713193,7.61627,;480.713193,7.66638,;480.713193,7.71646,;480.713193,7.76658,;480.713193,7.81669,;480.713193,7.8668,;480.713193,7.91691,;480.713193,7.96702,;480.713193,8.0171,;480.713193,8.06721,;480.713193,8.1173,;480.713193,8.16741,;480.713193,8.21751,;480.713193,8.26758,;480.713193,8.31766,;480.713193,8.36778,;480.713193,8.41789,;480.713193,8.46797,;480.713193,8.5181,;480.713193,8.56822,;480.713193,8.61836,;480.713193,8.66844,;480.713193,8.71855,;480.713193,8.76862,;480.713193,8.81873,;469.651967,8.86885,;469.651967,8.91896,;421.508017,8.96903,;421.508017,9.01915,;421.508017,9.06922,;421.508017,9.11934,;418.181394,9.16943,;418.181394,9.21952,;418.181394,9.26961,;418.181394,9.31972,;418.181394,9.36981,;418.181394,9.4199,;418.181394,9.46999,;418.181394,9.52007,;418.181394,9.57015,;418.181394,9.62024,;418.181394,9.67036,;418.181394,9.72045,;418.181394,9.77057,;418.181394,9.82068,;418.181394,9.87075,;418.181394,9.92083,;418.181394,9.97092,;418.181394,10.021,;
inf,0.0500679,;inf,0.100157,;654.588934,0.150248,;654.588934,0.20034,;654.588934,0.250431,;649.698122,0.300515,;649.698122,0.350589,;610.389856,0.400663,;605.748805,0.450752,;605.748805,0.500849,;589.939830,0.55094,;589.939830,0.601029,;589.939830,0.65111,;589.939830,0.701198,;589.939830,0.751288,;589.939830,0.801377,;589.939830,0.851467,;589.939830,0.901557,;589.939830,0.951654,;589.939830,1.00174,;589.939830,1.05183,;554.952150,1.10192,;554.780639,1.152,;541.476300,1.20212,;541.476300,1.2522,;541.476300,1.30233,;541.476300,1.35244,;541.476300,1.40256,;541.476300,1.45264,;541.476300,1.50275,;541.476300,1.55284,;541.476300,1.60294,;541.476300,1.65303,;541.476300,1.70314,;541.476300,1.75323,;541.476300,1.80335,;527.095834,1.85346,;527.095834,1.90355,;527.095834,1.95367,;517.211518,2.00378,;517.211518,2.05389,;510.249905,2.10396,;510.249905,2.15407,;510.249905,2.20418,;510.249905,2.25429,;510.249905,2.30437,;510.249905,2.35449,;510.249905,2.40457,;510.249905,2.45465,;510.249905,2.50472,;510.249905,2.55484,;510.249905,2.60491,;510.249905,2.65499,;510.249905,2.70507,;510.249905,2.75515,;510.249905,2.80524,;510.249905,2.85535,;510.249905,2.90547,;510.249905,2.95558,;510.249905,3.0057,;510.249905,3.05582,;510.249905,3.10593,;510.249905,3.15605,;510.249905,3.20616,;466.153376,3.25625,;466.153376,3.30638,;466.153376,3.35649,;466.153376,3.4066,;466.153376,3.45668,;466.153376,3.5068,;466.153376,3.55688,;466.153376,3.60701,;466.153376,3.6571,;466.153376,3.70718,;466.153376,3.75728,;466.153376,3.80739,;452.602417,3.85748,;452.602417,3.90756,;452.602417,3.95765,;452.602417,4.00778,;452.602417,4.05789,;452.602417,4.10797,;452.602417,4.15804,;452.602417,4.20816,;452.602417,4.25828,;452.602417,4.3084,;452.602417,4.35852,;452.602417,4.4086,;452.602417,4.45868,;452.602417,4.50877,;452.602417,4.55888,;452.602417,4.60897,;452.602417,4.65909,;452.602417,4.70919,;452.602417,4.7593,;452.602417,4.80943,;452.602417,4.85954,;452.602417,4.90963,;451.285978,4.95975,;451.285978,5.00984,;451.285978,5.05996,;451.285978,5.11008,;451.285978,5.16019,;451.285978,5.21031,;451.285978,5.26043,;451.285978,5.31053,;451.285978,5.36061,;451.285978,5.41069,;451.285978,5.46078,;451.285978,5.51087,;451.285978,5.56096,;451.231628,5.61104,;430.280804,5.66114,;430.280804,5.71125,;430.280804,5.76136,;430.280804,5.81146,;430.280804,5.86158,;430.280804,5.91169,;430.280804,5.9618,;430.280804,6.01192,;430.280804,6.06203,;430.280804,6.11214,;430.280804,6.16226,;430.280804,6.21235,;430.280804,6.26245,;430.280804,6.31249,;430.280804,6.36259,;430.280804,6.41267,;430.280804,6.46279,;430.280804,6.5129,;430.280804,6.56299,;430.280804,6.61308,;430.280804,6.66321,;430.280804,6.7133,;430.280804,6.76342,;430.280804,6.81351,;430.280804,6.86363,;430.280804,6.91372,;430.280804,6.96384,;430.280804,7.01393,;430.280804,7.06404,;430.280804,7.11415,;430.280804,7.16424,;430.280804,7.21436,;430.280804,7.26449,;430.280804,7.31458,;430.280804,7.36466,;430.280804,7.41477,;430.280804,7.46485,;430.280804,7.51497,;430.280804,7.56507,;430.280804,7.61519,;430.280804,7.66528,;430.280804,7.7154,;430.280804,7.76552,;430.280804,7.81561,;430.280804,7.86572,;430.280804,7.91583,;430.280804,7.96592,;422.029021,8.01604,;422.029021,8.06615,;422.029021,8.11627,;422.029021,8.16638,;422.029021,8.21649,;422.029021,8.26661,;422.029021,8.31669,;422.029021,8.36681,;422.029021,8.41691,;422.029021,8.46703,;422.029021,8.51717,;422.029021,8.56728,;422.029021,8.61737,;422.029021,8.66749,;422.029021,8.7176,;422.029021,8.76771,;422.029021,8.81783,;422.029021,8.8679,;422.029021,8.918,;422.029021,8.96807,;422.029021,9.0182,;422.029021,9.06827,;422.029021,9.11838,;422.029021,9.16849,;422.029021,9.21858,;422.029021,9.26866,;422.029021,9.31876,;422.029021,9.36885,;422.029021,9.41897,;422.029021,9.4691,;422.029021,9.51919,;422.029021,9.56929,;422.029021,9.61941,;422.029021,9.66953,;422.029021,9.71964,;422.029021,9.76976,;422.029021,9.81988,;422.029021,9.86996,;422.029021,9.92008,;422.029021,9.97019,;422.029021,10.0203,;422.029021,10.0704,;
inf,0.0500702,;671.397230,0.100149,;659.851979,0.150231,;659.851979,0.200316,;607.505800,0.250402,;607.505800,0.300489,;607.505800,0.350585,;607.505800,0.400694,;607.505800,0.450804,;607.505800,0.500885,;607.505800,0.550984,;607.505800,0.601095,;607.505800,0.651206,;607.505800,0.701298,;607.505800,0.751426,;607.505800,0.801502,;566.221961,0.851608,;566.221961,0.901701,;566.221961,0.951793,;566.221961,1.00188,;566.221961,1.05199,;566.221961,1.10208,;566.221961,1.15217,;566.221961,1.20225,;566.221961,1.25235,;566.221961,1.30243,;566.221961,1.35253,;566.221961,1.40262,;566.221961,1.4527,;566.221961,1.50279,;566.221961,1.55288,;566.221961,1.60299,;566.221961,1.65308,;566.221961,1.70319,;566.221961,1.75325,;566.221961,1.80333,;566.221961,1.8534,;566.221961,1.90348,;566.221961,1.95356,;566.221961,2.00367,;566.209889,2.05377,;566.209889,2.10388,;566.209889,2.15396,;566.209889,2.20407,;566.209889,2.25418,;566.209889,2.3043,;566.209889,2.35439,;566.209889,2.40447,;566.209889,2.45454,;566.209889,2.50463,;566.209889,2.55471,;566.209889,2.6048,;566.209889,2.65489,;566.209889,2.70499,;566.209889,2.75507,;566.209889,2.80516,;566.209889,2.85529,;566.209889,2.90536,;566.209889,2.95545,;566.209889,3.00554,;566.209889,3.0557,;566.209889,3.10578,;566.209889,3.15587,;566.209889,3.20596,;566.209889,3.25606,;566.209889,3.30616,;566.209889,3.35625,;566.209889,3.40634,;566.209889,3.45647,;566.209889,3.50659,;566.209889,3.5567,;566.209889,3.60678,;566.209889,3.65689,;566.209889,3.70701,;566.209889,3.75712,;566.209889,3.80725,;566.209889,3.85732,;566.209889,3.90742,;566.209889,3.95752,;566.209889,4.00761,;566.209889,4.0577,;566.209889,4.1078,;566.209889,4.15789,;566.209889,4.20798,;566.209889,4.25808,;566.209889,4.30818,;566.209889,4.35827,;566.209889,4.40836,;566.209889,4.45844,;566.209889,4.50853,;566.209889,4.55861,;566.209889,4.60871,;566.209889,4.6588,;566.209889,4.70888,;419.688059,4.75898,;419.688059,4.80907,;419.688059,4.85916,;419.688059,4.90923,;419.688059,4.95932,;419.688059,5.00941,;419.688059,5.05949,;419.688059,5.10959,;419.688059,5.15968,;419.688059,5.20977,;419.688059,5.25986,;419.688059,5.30995,;419.688059,5.36004,;419.688059,5.41013,;419.688059,5.46022,;419.688059,5.51033,;419.688059,5.56045,;419.688059,5.61054,;419.688059,5.66066,;401.908131,5.71077,;382.139301,5.76085,;382.139301,5.81097,;382.139301,5.86105,;382.139301,5.91116,;382.139301,5.96127,;382.139301,6.01138,;379.392165,6.06146,;379.392165,6.11154,;379.392165,6.16161,;379.392165,6.21169,;379.392165,6.26178,;379.392165,6.31186,;379.392165,6.36193,;379.392165,6.41202,;379.392165,6.4621,;379.392165,6.51219,;379.392165,6.56227,;379.392165,6.61235,;379.392165,6.66245,;379.392165,6.71252,;379.392165,6.76261,;379.392165,6.81273,;379.392165,6.86283,;379.392165,6.91292,;379.392165,6.96301,;379.392165,7.0131,;379.392165,7.06319,;379.392165,7.11327,;379.392165,7.16335,;379.392165,7.21344,;379.392165,7.26353,;379.392165,7.31362,;379.392165,7.36371,;379.392165,7.41379,;379.392165,7.46388,;379.392165,7.51396,;374.388795,7.56404,;374.388795,7.61412,;374.388795,7.66419,;374.388795,7.71426,;374.388795,7.76433,;374.388795,7.81441,;374.388795,7.86448,;374.388795,7.91455,;374.388795,7.96462,;374.388795,8.01469,;374.388795,8.06479,;374.388795,8.11488,;374.388795,8.16495,;374.388795,8.21507,;374.388795,8.26514,;374.388795,8.31521,;374.388795,8.36528,;374.388795,8.41535,;374.388795,8.46542,;374.388795,8.51549,;374.388795,8.56556,;374.388795,8.61563,;374.388795,8.66571,;374.388795,8.71578,;374.388795,8.76585,;374.388795,8.81592,;374.388795,8.86599,;374.388795,8.91607,;374.388795,8.96623,;374.388795,9.0163,;374.388795,9.06638,;374.388795,9.1165,;374.388795,9.16661,;374.388795,9.21672,;374.388795,9.26681,;374.388795,9.31694,;374.388795,9.36705,;374.388795,9.41717,;374.388795,9.46727,;374.388795,9.51735,;374.388795,9.56745,;374.388795,9.61754,;374.388795,9.66764,;374.388795,9.71773,;374.388795,9.76783,;374.388795,9.81792,;374.388795,9.86803,;374.388795,9.91813,;374.388795,9.96822,;
inf,0.050058,;inf,0.100171,;588.454663,0.150242,;588.454663,0.200354,;588.454663,0.250439,;588.454663,0.300556,;588.454663,0.35063,;573.944676,0.400713,;563.001050,0.450821,;563.001050,0.500935,;563.001050,0.551012,;563.001050,0.601132,;563.001050,0.651234,;563.001050,0.701311,;542.049699,0.751387,;542.049699,0.801481,;542.049699,0.851596,;537.716599,0.901695,;537.716599,0.95181,;537.716599,1.00188,;537.716599,1.05197,;537.716599,1.10205,;537.716599,1.15213,;537.716599,1.20222,;529.854455,1.25232,;519.110000,1.3024,;519.110000,1.3525,;519.110000,1.40258,;519.110000,1.4527,;519.110000,1.50282,;519.110000,1.55294,;519.110000,1.60306,;519.110000,1.65318,;519.110000,1.7033,;519.110000,1.75341,;519.110000,1.8035,;519.110000,1.8536,;519.110000,1.90368,;519.110000,1.95387,;519.110000,2.00394,;519.110000,2.05401,;519.110000,2.10409,;519.110000,2.15416,;519.110000,2.20424,;519.110000,2.25431,;519.110000,2.30439,;517.514219,2.35445,;517.514219,2.40456,;517.514219,2.45465,;517.514219,2.50476,;510.617750,2.55485,;495.353191,2.60496,;495.353191,2.65504,;495.353191,2.70514,;495.353191,2.75524,;495.353191,2.80537,;495.353191,2.85548,;495.353191,2.90557,;495.353191,2.95569,;495.353191,3.00582,;495.353191,3.0559,;495.353191,3.10597,;495.353191,3.15609,;495.353191,3.20618,;495.353191,3.25627,;495.353191,3.30638,;495.353191,3.35649,;495.353191,3.40659,;495.353191,3.45667,;495.353191,3.50678,;495.353191,3.55687,;495.353191,3.60697,;495.353191,3.65706,;495.353191,3.70718,;495.353191,3.75726,;495.353191,3.80734,;495.353191,3.85742,;495.353191,3.9075,;495.353191,3.95762,;495.353191,4.0077,;495.336251,4.0578,;495.336251,4.10789,;495.336251,4.15797,;495.336251,4.20809,;495.336251,4.25817,;495.336251,4.30826,;495.336251,4.35835,;495.336251,4.40844,;495.336251,4.45854,;495.336251,4.50866,;495.336251,4.55877,;495.336251,4.60886,;495.336251,4.65894,;495.336251,4.70905,;443.426308,4.75914,;443.426308,4.80922,;443.426308,4.85931,;443.426308,4.90939,;443.426308,4.95947,;443.426308,5.00953,;437.506969,5.05961,;437.506969,5.10969,;437.506969,5.15981,;437.506969,5.20988,;432.352444,5.26,;432.352444,5.3101,;432.352444,5.36018,;432.352444,5.41027,;432.352444,5.46038,;431.228084,5.51047,;431.228084,5.56056,;431.228084,5.61066,;431.228084,5.66078,;431.228084,5.71089,;431.228084,5.76101,;431.228084,5.8111,;431.228084,5.86122,;431.228084,5.9113,;431.228084,5.96142,;431.228084,6.0115,;431.228084,6.06163,;431.228084,6.11175,;431.228084,6.16187,;391.482780,6.21201,;391.482780,6.26209,;391.482780,6.31221,;391.482780,6.3623,;391.482780,6.41242,;391.482780,6.4625,;391.482780,6.51262,;391.482780,6.56271,;391.482780,6.61282,;391.482780,6.66291,;391.482780,6.71299,;389.940002,6.76309,;389.940002,6.81319,;389.940002,6.86331,;389.940002,6.9134,;389.940002,6.96348,;389.940002,7.01359,;389.940002,7.06367,;389.940002,7.1138,;389.940002,7.16389,;389.940002,7.21398,;389.940002,7.26407,;389.940002,7.31422,;389.940002,7.36433,;389.940002,7.41442,;389.940002,7.4645,;389.940002,7.51459,;389.940002,7.56471,;389.940002,7.61479,;389.940002,7.66491,;389.940002,7.715,;389.940002,7.76511,;389.940002,7.81523,;389.940002,7.86534,;389.940002,7.91547,;389.940002,7.96558,;389.940002,8.01568,;389.940002,8.06581,;389.940002,8.11592,;389.940002,8.166,;389.940002,8.21609,;389.940002,8.26618,;389.940002,8.31626,;389.940002,8.36636,;389.940002,8.41645,;389.940002,8.46655,;389.940002,8.51667,;389.940002,8.56676,;389.940002,8.61685,;389.940002,8.66693,;389.940002,8.71705,;389.940002,8.76714,;389.940002,8.81726,;389.940002,8.86738,;389.940002,8.91746,;389.940002,8.96758,;389.940002,9.0177,;385.532052,9.06778,;385.532052,9.11786,;385.532052,9.16798,;385.532052,9.21806,;385.532052,9.26815,;385.532052,9.31824,;385.532052,9.36833,;385.532052,9.41841,;385.532052,9.46849,;385.532052,9.5186,;385.532052,9.5687,;385.532052,9.61879,;385.532052,9.66889,;385.532052,9.71898,;385.532052,9.76908,;385.532052,9.81917,;385.532052,9.8693,;385.532052,9.91942,;385.532052,9.96954,;385.532052,10.0196,;
inf,0.0500925,;inf,0.10021,;inf,0.150328,;inf,0.200406,;706.951610,0.250486,;706.951610,0.30056,;706.951610,0.350637,;665.792305,0.400725,;665.792305,0.450805,;665.792305,0.500881,;665.792305,0.550955,;665.792305,0.601041,;665.792305,0.651129,;665.792305,0.701246,;665.792305,0.75136,;665.792305,0.801445,;665.792305,0.851532,;665.792305,0.901617,;655.830654,0.951708,;655.830654,1.00179,;655.830654,1.05195,;655.830654,1.10206,;655.830654,1.15217,;625.739740,1.20226,;625.739740,1.25234,;625.739740,1.30243,;625.739740,1.35255,;625.739740,1.40265,;625.739740,1.45274,;624.575391,1.50283,;617.503035,1.55291,;617.503035,1.60299,;617.246189,1.65309,;617.246189,1.70318,;617.246189,1.75327,;617.246189,1.80338,;617.246189,1.85347,;617.246189,1.90358,;617.246189,1.9537,;617.246189,2.00377,;617.246189,2.0539,;617.246189,2.10397,;617.246189,2.15408,;617.246189,2.20417,;617.246189,2.25428,;617.246189,2.30436,;617.246189,2.35447,;617.246189,2.40454,;617.246189,2.45464,;617.246189,2.50473,;617.246189,2.55485,;617.246189,2.60494,;617.246189,2.65503,;617.246189,2.70514,;617.246189,2.75523,;617.246189,2.80532,;617.246189,2.85544,;617.246189,2.90552,;617.246189,2.95561,;617.246189,3.00571,;617.246189,3.05583,;617.246189,3.10595,;617.246189,3.15602,;617.246189,3.20612,;617.246189,3.25622,;617.246189,3.30635,;617.246189,3.35642,;617.246189,3.40651,;617.246189,3.4566,;617.246189,3.50669,;617.246189,3.55679,;617.246189,3.60688,;617.246189,3.65698,;617.246189,3.70706,;617.246189,3.75714,;617.246189,3.80727,;617.246189,3.85736,;617.246189,3.90745,;617.246189,3.95754,;617.246189,4.00764,;617.246189,4.05776,;617.246189,4.10786,;617.246189,4.15794,;617.246189,4.20806,;617.246189,4.25814,;617.246189,4.30825,;617.246189,4.35838,;617.246189,4.40846,;617.246189,4.45858,;617.246189,4.50867,;614.706476,4.55874,;614.706476,4.60884,;614.706476,4.65899,;614.706476,4.70907,;614.706476,4.75918,;614.706476,4.8093,;614.706476,4.85942,;614.706476,4.90952,;614.706476,4.95964,;614.706476,5.00973,;614.706476,5.05983,;614.706476,5.10995,;614.706476,5.16007,;614.706476,5.21019,;614.706476,5.26032,;614.706476,5.31044,;614.706476,5.36052,;503.271376,5.41064,;503.271376,5.46073,;503.271376,5.51085,;374.358568,5.56095,;374.358568,5.61107,;374.358568,5.66119,;374.358568,5.71131,;374.358568,5.76141,;374.358568,5.81152,;374.358568,5.86162,;374.358568,5.91174,;374.358568,5.96183,;374.358568,6.01195,;370.057941,6.06207,;370.057941,6.11216,;370.057941,6.16227,;370.057941,6.21235,;370.057941,6.26249,;370.057941,6.31258,;370.057941,6.36268,;370.057941,6.41278,;370.057941,6.46285,;370.057941,6.51294,;370.057941,6.56302,;370.057941,6.6131,;370.057941,6.66317,;370.057941,6.71325,;370.057941,6.76333,;358.446309,6.81343,;358.446309,6.86359,;358.446309,6.91368,;358.446309,6.96378,;358.446309,7.0139,;358.446309,7.06403,;358.446309,7.11414,;358.446309,7.16427,;358.446309,7.21439,;358.446309,7.26447,;358.446309,7.31458,;358.446309,7.36468,;358.446309,7.4148,;358.446309,7.46489,;358.446309,7.515,;358.446309,7.56509,;358.446309,7.6152,;358.446309,7.6653,;358.446309,7.71541,;358.446309,7.76553,;358.446309,7.81561,;358.446309,7.86569,;358.446309,7.91577,;358.446309,7.96586,;358.446309,8.01597,;358.446309,8.06608,;358.446309,8.11619,;358.446309,8.16631,;358.446309,8.21638,;357.781615,8.26645,;357.781615,8.31653,;357.781615,8.36662,;357.781615,8.4167,;357.781615,8.46683,;357.781615,8.51692,;357.781615,8.56701,;357.781615,8.6171,;357.781615,8.66722,;357.781615,8.7173,;357.781615,8.76741,;357.781615,8.81752,;357.781615,8.86762,;357.781615,8.91771,;357.781615,8.96779,;357.781615,9.01789,;357.781615,9.06798,;357.781615,9.11806,;357.781615,9.16814,;357.781615,9.21821,;357.550280,9.26829,;357.550280,9.31841,;357.550280,9.36849,;357.550280,9.41863,;357.550280,9.46872,;357.550280,9.51879,;357.550280,9.56889,;357.550280,9.61896,;357.550280,9.66904,;357.550280,9.71915,;357.550280,9.76924,;357.550280,9.81934,;357.550280,9.86946,;357.550280,9.91953,;357.550280,9.96964,;357.550280,10.0198,;
553.989948,0.0500608,;553.989948,0.100145,;553.989948,0.150225,;553.989948,0.200308,;553.989948,0.250407,;553.989948,0.300481,;520.844685,0.350591,;520.844685,0.400703,;511.341076,0.450775,;511.341076,0.500904,;511.341076,0.551001,;511.341076,0.601118,;511.341076,0.651201,;511.341076,0.701313,;511.341076,0.751398,;511.341076,0.801473,;511.341076,0.851546,;511.341076,0.901621,;511.341076,0.951735,;508.545882,1.00184,;508.545882,1.05193,;508.545882,1.10204,;497.216232,1.15215,;497.216232,1.20223,;497.216232,1.25235,;497.216232,1.30243,;485.418834,1.35252,;482.268180,1.40259,;482.268180,1.4527,;482.268180,1.50278,;474.997510,1.55289,;474.997510,1.60301,;474.997510,1.65308,;474.997510,1.70316,;474.997510,1.75327,;474.997510,1.80335,;474.997510,1.85346,;474.997510,1.90354,;474.997510,1.95363,;474.997510,2.0037,;474.997510,2.05382,;474.997510,2.1039,;474.997510,2.15402,;474.997510,2.2041,;474.997510,2.25418,;474.997510,2.30429,;474.997510,2.35437,;474.997510,2.40446,;474.997510,2.45458,;469.592728,2.50467,;469.592728,2.55475,;469.592728,2.60487,;469.592728,2.65494,;469.592728,2.70504,;469.592728,2.75514,;469.592728,2.80526,;469.592728,2.85534,;469.592728,2.90543,;469.592728,2.95551,;469.592728,3.00565,;469.592728,3.05577,;469.592728,3.10584,;469.592728,3.15592,;469.592728,3.206,;469.592728,3.25608,;469.592728,3.30616,;469.592728,3.35625,;469.592728,3.40634,;469.592728,3.45643,;469.592728,3.50652,;469.592728,3.55664,;469.592728,3.60671,;469.592728,3.65683,;469.592728,3.7069,;469.592728,3.75699,;469.592728,3.80708,;469.592728,3.85715,;469.592728,3.90724,;469.592728,3.95736,;469.592728,4.00745,;469.592728,4.05753,;469.592728,4.10762,;469.592728,4.15774,;469.592728,4.20783,;469.592728,4.25791,;469.592728,4.30803,;469.592728,4.35811,;469.592728,4.4082,;469.592728,4.45828,;469.592728,4.50837,;469.592728,4.55847,;469.592728,4.60856,;469.592728,4.65868,;469.592728,4.70877,;469.592728,4.75885,;469.592728,4.80894,;469.592728,4.85903,;469.592728,4.90913,;469.592728,4.95923,;469.592728,5.00932,;469.592728,5.0594,;469.592728,5.10949,;469.592728,5.15957,;469.592728,5.20966,;469.592728,5.25974,;469.592728,5.30983,;469.592728,5.35991,;469.592728,5.40999,;469.592728,5.46007,;469.592728,5.51019,;469.592728,5.56028,;469.592728,5.61037,;469.592728,5.6605,;469.592728,5.71062,;469.592728,5.76074,;469.592728,5.81085,;469.592728,5.86094,;469.592728,5.91104,;469.592728,5.96112,;469.592728,6.01121,;469.592728,6.06129,;469.592728,6.11142,;469.592728,6.1615,;469.592728,6.21159,;469.592728,6.26169,;469.592728,6.31177,;469.592728,6.36186,;469.592728,6.41197,;461.115879,6.46206,;461.115879,6.51216,;461.115879,6.56225,;461.115879,6.61238,;461.115879,6.66246,;461.115879,6.71255,;461.115879,6.76265,;461.115879,6.81277,;461.115879,6.86285,;461.115879,6.91293,;461.115879,6.96303,;461.115879,7.01315,;461.115879,7.06323,;461.115879,7.11331,;461.115879,7.16341,;461.115879,7.21352,;430.022707,7.26366,;430.022707,7.31378,;430.022707,7.36387,;430.022707,7.414,;407.016146,7.46412,;407.016146,7.51424,;407.016146,7.56435,;407.016146,7.61445,;407.016146,7.66453,;407.016146,7.71462,;407.016146,7.7647,;383.587887,7.81478,;383.587887,7.8649,;383.587887,7.91499,;383.587887,7.96511,;383.587887,8.01518,;383.587887,8.06526,;383.587887,8.11535,;383.587887,8.16543,;383.587887,8.21551,;383.587887,8.26558,;383.587887,8.31568,;383.587887,8.36577,;383.587887,8.41585,;383.587887,8.46593,;383.587887,8.51601,;383.587887,8.56614,;383.587887,8.61626,;383.587887,8.66636,;383.587887,8.71644,;383.587887,8.76653,;383.587887,8.81661,;383.587887,8.86665,;383.587887,8.91677,;383.587887,8.96685,;383.587887,9.01696,;383.587887,9.06703,;383.587887,9.11711,;383.587887,9.16723,;383.587887,9.21734,;383.587887,9.26744,;383.587887,9.31757,;383.587887,9.36766,;383.587887,9.41774,;383.587887,9.46782,;383.587887,9.51791,;383.587887,9.568,;383.587887,9.61808,;383.587887,9.66817,;383.587887,9.71826,;383.587887,9.76835,;383.587887,9.81844,;383.587887,9.86854,;383.587887,9.91862,;383.587887,9.9687,;
inf,0.0500717,;inf,0.100164,;802.700268,0.150239,;802.700268,0.200332,;802.700268,0.250459,;802.700268,0.300549,;747.223005,0.350661,;747.223005,0.400746,;747.223005,0.450846,;747.223005,0.500956,;747.223005,0.551093,;747.223005,0.601207,;747.223005,0.651282,;747.223005,0.701392,;747.223005,0.751481,;747.223005,0.801597,;747.223005,0.851676,;743.803250,0.901778,;743.803250,0.951866,;743.803250,1.00196,;743.803250,1.05205,;743.803250,1.10215,;743.803250,1.15224,;743.803250,1.20233,;743.803250,1.25241,;743.803250,1.30249,;743.803250,1.35259,;743.803250,1.40267,;743.803250,1.45275,;743.803250,1.50284,;743.803250,1.55293,;743.803250,1.60301,;743.803250,1.65309,;743.803250,1.70318,;743.803250,1.75326,;743.803250,1.80334,;743.803250,1.85343,;737.715476,1.90352,;737.715476,1.9536,;737.715476,2.00368,;737.715476,2.0538,;737.715476,2.10389,;737.715476,2.15398,;737.715476,2.20407,;737.715476,2.25415,;737.715476,2.30424,;737.715476,2.35436,;737.715476,2.40445,;737.715476,2.45454,;737.715476,2.50465,;737.715476,2.55479,;737.715476,2.60491,;737.715476,2.65502,;737.715476,2.7051,;737.715476,2.75518,;737.715476,2.80526,;737.715476,2.85533,;737.715476,2.90546,;737.715476,2.95554,;737.715476,3.00568,;737.715476,3.05576,;737.715476,3.10588,;737.715476,3.15596,;737.715476,3.20606,;737.715476,3.25614,;734.791437,3.30625,;734.791437,3.35636,;734.791437,3.40644,;734.791437,3.45652,;731.573349,3.50663,;731.573349,3.55671,;731.573349,3.60681,;731.573349,3.65692,;731.573349,3.707,;655.604023,3.75708,;655.604023,3.80712,;655.604023,3.85721,;649.036564,3.90729,;649.036564,3.95738,;649.036564,4.00747,;649.036564,4.05756,;649.036564,4.10766,;649.036564,4.15778,;649.036564,4.20786,;649.036564,4.25798,;649.036564,4.30805,;649.036564,4.35813,;649.036564,4.40823,;470.906128,4.45831,;470.906128,4.50839,;463.291123,4.55848,;463.291123,4.60859,;463.291123,4.65868,;463.291123,4.70876,;463.291123,4.75885,;463.291123,4.80894,;463.291123,4.85902,;463.291123,4.90914,;448.352399,4.95923,;448.352399,5.00932,;448.352399,5.0594,;448.352399,5.10948,;448.352399,5.15962,;448.352399,5.20973,;448.352399,5.25982,;439.388631,5.3099,;439.388631,5.35999,;439.388631,5.41009,;439.388631,5.46019,;427.381386,5.51031,;427.381386,5.56041,;427.381386,5.6105,;427.381386,5.66059,;427.381386,5.7107,;427.381386,5.76078,;427.381386,5.8109,;427.381386,5.86099,;427.381386,5.91108,;427.381386,5.96115,;427.381386,6.01123,;427.381386,6.06134,;427.381386,6.11145,;427.381386,6.16154,;427.381386,6.21163,;427.381386,6.26172,;427.381386,6.3118,;427.381386,6.36188,;427.381386,6.41197,;427.381386,6.46206,;427.381386,6.51215,;427.381386,6.56224,;427.381386,6.61236,;427.381386,6.66247,;427.381386,6.7126,;427.381386,6.76272,;427.381386,6.81284,;427.381386,6.86295,;427.381386,6.91305,;427.381386,6.96314,;427.381386,7.01326,;427.381386,7.06334,;427.381386,7.11342,;427.381386,7.1635,;427.381386,7.21363,;427.381386,7.26372,;427.381386,7.31382,;427.381386,7.3639,;427.381386,7.41404,;427.381386,7.46414,;425.660734,7.51424,;425.660734,7.56433,;425.660734,7.61445,;425.660734,7.66457,;425.660734,7.71469,;425.660734,7.76478,;425.660734,7.8149,;425.660734,7.865,;425.660734,7.9151,;425.660734,7.96523,;425.660734,8.0153,;425.660734,8.06538,;425.660734,8.11548,;425.660734,8.1656,;425.660734,8.21568,;425.660734,8.2658,;425.660734,8.31589,;425.660734,8.36598,;425.660734,8.41608,;425.660734,8.4662,;425.660734,8.5163,;425.660734,8.56638,;425.660734,8.61648,;421.356898,8.6666,;421.356898,8.71672,;421.356898,8.76679,;421.356898,8.81691,;421.356898,8.867,;421.356898,8.91712,;421.356898,8.9672,;421.356898,9.01731,;421.356898,9.06739,;421.356898,9.1175,;421.356898,9.1676,;421.356898,9.21772,;421.356898,9.2678,;421.356898,9.31785,;421.356898,9.36796,;421.356898,9.41804,;420.013038,9.46813,;420.013038,9.51825,;420.013038,9.56834,;420.013038,9.61846,;420.013038,9.66857,;420.013038,9.71869,;420.013038,9.7688,;420.013038,9.81892,;420.013038,9.869,;417.632644,9.91913,;417.632644,9.96922,;417.632644,10.0193,;417.632644,10.0694,;
inf,0.050076,;inf,0.100188,;704.435547,0.150299,;704.435547,0.200376,;704.435547,0.250488,;677.622664,0.300599,;677.622664,0.350708,;677.622664,0.400818,;677.622664,0.450935,;677.622664,0.501009,;677.622664,0.551114,;677.622664,0.601196,;663.011736,0.651289,;663.011736,0.701381,;663.011736,0.751491,;663.011736,0.801634,;663.011736,0.851745,;663.011736,0.901853,;663.011736,0.951978,;663.011736,1.00206,;627.442153,1.05215,;627.442153,1.10226,;627.442153,1.15237,;627.442153,1.20249,;627.442153,1.25257,;627.442153,1.30268,;627.442153,1.35279,;627.442153,1.4029,;627.442153,1.45296,;627.442153,1.50305,;627.442153,1.55313,;627.442153,1.60324,;627.442153,1.65333,;627.442153,1.70345,;627.442153,1.75355,;627.442153,1.80367,;627.442153,1.85378,;627.442153,1.90389,;627.442153,1.954,;621.462249,2.00412,;621.462249,2.05423,;621.462249,2.10435,;617.337580,2.15447,;617.337580,2.20459,;617.337580,2.2547,;617.337580,2.30481,;617.337580,2.35492,;611.672935,2.40499,;611.672935,2.45507,;611.672935,2.50515,;611.672935,2.55528,;611.672935,2.60539,;611.672935,2.6555,;611.672935,2.70558,;611.672935,2.75571,;611.672935,2.8058,;611.672935,2.85588,;608.663360,2.90598,;608.663360,2.9561,;608.663360,3.00619,;608.663360,3.05629,;588.648939,3.10638,;588.648939,3.15651,;588.648939,3.20659,;588.648939,3.25669,;588.648939,3.30679,;588.648939,3.35691,;588.648939,3.40702,;588.648939,3.4571,;588.648939,3.50722,;588.648939,3.55731,;588.648939,3.60743,;588.648939,3.65752,;588.648939,3.70764,;588.648939,3.75774,;588.648939,3.80783,;588.648939,3.85794,;588.648939,3.90803,;588.648939,3.95812,;588.648939,4.00824,;588.648939,4.05833,;588.648939,4.10845,;588.648939,4.15854,;588.648939,4.20866,;588.648939,4.25878,;588.648939,4.30889,;588.648939,4.35901,;588.648939,4.40909,;588.648939,4.45921,;588.648939,4.5093,;588.648939,4.55938,;588.648939,4.60948,;588.648939,4.65958,;588.648939,4.7097,;588.648939,4.75981,;588.648939,4.80991,;588.648939,4.86002,;588.648939,4.91014,;588.648939,4.96025,;588.648939,5.01037,;588.648939,5.06046,;588.648939,5.11057,;588.648939,5.16068,;588.648939,5.21081,;588.648939,5.26093,;588.648939,5.31105,;588.648939,5.36113,;588.648939,5.41124,;588.648939,5.46133,;588.648939,5.51149,;588.648939,5.56158,;588.648939,5.61166,;588.648939,5.66174,;588.648939,5.71182,;588.648939,5.7619,;588.648939,5.81198,;588.648939,5.86206,;588.648939,5.91213,;588.648939,5.96221,;588.648939,6.01229,;588.648939,6.06236,;588.648939,6.11244,;588.648939,6.16252,;588.648939,6.2126,;588.648939,6.26267,;588.648939,6.31275,;588.648939,6.36283,;588.648939,6.41289,;588.648939,6.46297,;588.648939,6.51305,;588.648939,6.56313,;588.648939,6.61321,;588.648939,6.66329,;588.648939,6.71337,;588.648939,6.76344,;587.721987,6.81352,;587.721987,6.86359,;587.721987,6.91367,;587.721987,6.96375,;587.721987,7.01385,;587.721987,7.06393,;587.721987,7.11405,;587.721987,7.16414,;587.721987,7.21422,;587.721987,7.2643,;587.721987,7.3144,;587.721987,7.36448,;587.721987,7.41456,;587.721987,7.46465,;587.721987,7.51473,;587.721987,7.56481,;587.721987,7.61488,;587.721987,7.66496,;587.721987,7.71505,;587.721987,7.76513,;587.721987,7.81524,;571.231356,7.86534,;571.231356,7.91543,;571.231356,7.96552,;571.231356,8.01565,;571.079786,8.06574,;571.079786,8.11586,;571.079786,8.16595,;571.079786,8.21607,;571.079786,8.26615,;571.079786,8.31626,;564.254724,8.36635,;564.254724,8.41647,;564.254724,8.46656,;564.254724,8.51665,;564.254724,8.56676,;564.254724,8.61686,;564.254724,8.66698,;564.254724,8.71707,;564.254724,8.76716,;564.254724,8.81725,;564.254724,8.86733,;564.254724,8.91742,;564.254724,8.96751,;564.254724,9.01759,;564.254724,9.06769,;564.254724,9.11778,;564.254724,9.1679,;564.254724,9.21799,;564.134507,9.26808,;564.134507,9.31818,;555.676293,9.36827,;555.676293,9.41837,;555.676293,9.46855,;548.686284,9.51863,;548.686284,9.56875,;548.686284,9.61887,;548.686284,9.66895,;548.686284,9.71904,;548.686284,9.76912,;548.686284,9.8192,;548.686284,9.86929,;548.686284,9.91941,;548.686284,9.9695,;548.686284,10.0196,;548.686284,10.0697,;
inf,0.0500944,;inf,0.100202,;693.550412,0.150283,;693.550412,0.200368,;693.550412,0.250456,;693.550412,0.300542,;677.828599,0.350672,;677.828599,0.400759,;677.828599,0.450849,;677.828599,0.500981,;677.828599,0.551072,;677.828599,0.601192,;677.828599,0.651301,;677.828599,0.701409,;677.828599,0.751517,;677.828599,0.801587,;677.828599,0.851672,;677.828599,0.901756,;677.828599,0.951831,;677.828599,1.00195,;677.828599,1.05206,;677.828599,1.10214,;677.828599,1.15223,;677.828599,1.20231,;677.828599,1.2524,;677.828599,1.30248,;669.713009,1.35258,;669.713009,1.40267,;667.478518,1.45275,;667.478518,1.50283,;667.478518,1.55291,;649.772006,1.603,;649.772006,1.65308,;649.772006,1.70316,;649.772006,1.75324,;649.772006,1.80332,;649.772006,1.8534,;649.772006,1.90348,;649.772006,1.95357,;643.186325,2.00364,;643.186325,2.05372,;643.186325,2.10379,;643.186325,2.15389,;643.186325,2.20396,;643.186325,2.25404,;643.186325,2.30411,;643.186325,2.3542,;643.186325,2.40433,;643.186325,2.45441,;643.186325,2.50452,;643.186325,2.5546,;643.186325,2.60471,;643.186325,2.65483,;643.100081,2.70495,;643.100081,2.75506,;643.100081,2.80514,;643.100081,2.85523,;643.100081,2.90531,;643.100081,2.95541,;643.100081,3.00553,;394.899370,3.05561,;394.899370,3.10569,;394.899370,3.15577,;394.899370,3.20587,;394.899370,3.25595,;394.899370,3.30604,;394.899370,3.35613,;394.899370,3.40621,;386.602925,3.45636,;386.602925,3.50645,;386.602925,3.55654,;386.602925,3.60663,;386.602925,3.65672,;386.602925,3.70689,;379.154499,3.75703,;379.154499,3.80713,;379.154499,3.85725,;379.154499,3.90736,;379.154499,3.95748,;379.154499,4.00759,;379.154499,4.05766,;379.154499,4.10777,;379.154499,4.15785,;379.154499,4.20796,;379.154499,4.25805,;379.154499,4.30815,;379.154499,4.35824,;379.154499,4.40836,;379.154499,4.45847,;379.154499,4.50856,;379.154499,4.55863,;379.154499,4.60871,;379.154499,4.65879,;379.154499,4.70888,;379.154499,4.75897,;379.154499,4.80905,;379.154499,4.85914,;379.154499,4.90922,;379.154499,4.9593,;379.154499,5.00938,;378.707792,5.05946,;378.707792,5.10953,;378.707792,5.1596,;378.707792,5.20968,;378.707792,5.25975,;378.707792,5.30984,;378.707792,5.35996,;378.707792,5.41005,;378.707792,5.46019,;378.707792,5.51028,;378.707792,5.56037,;378.707792,5.61048,;378.707792,5.66059,;378.707792,5.71071,;378.707792,5.76082,;378.707792,5.81097,;378.707792,5.86109,;378.707792,5.91116,;378.707792,5.96123,;378.707792,6.01131,;378.707792,6.06148,;378.707792,6.11159,;378.707792,6.16167,;378.707792,6.21178,;378.707792,6.2619,;377.041246,6.31201,;377.041246,6.3621,;377.041246,6.41223,;371.744509,6.46232,;371.744509,6.5124,;371.744509,6.5625,;371.744509,6.61257,;371.744509,6.66266,;371.744509,6.71277,;371.744509,6.76286,;371.744509,6.81296,;371.744509,6.86309,;371.744509,6.91317,;371.744509,6.96329,;371.744509,7.01341,;371.744509,7.06353,;371.744509,7.11361,;371.744509,7.16373,;371.744509,7.2138,;371.744509,7.26392,;371.744509,7.31402,;371.744509,7.36415,;369.516313,7.41424,;369.516313,7.46437,;369.516313,7.51448,;369.516313,7.5646,;369.516313,7.6147,;369.516313,7.66481,;369.516313,7.71492,;369.516313,7.76504,;369.516313,7.81516,;369.516313,7.86527,;369.516313,7.91536,;369.516313,7.96546,;369.516313,8.01558,;369.516313,8.06566,;369.516313,8.11578,;369.516313,8.16587,;369.516313,8.21599,;369.516313,8.26608,;369.516313,8.3162,;369.516313,8.36629,;369.516313,8.41641,;369.516313,8.46653,;369.516313,8.51665,;369.516313,8.56676,;369.516313,8.61684,;369.516313,8.66692,;369.516313,8.717,;369.516313,8.76712,;369.516313,8.81723,;369.516313,8.86735,;369.516313,8.91743,;369.516313,8.96752,;369.516313,9.0176,;369.516313,9.06771,;369.516313,9.11783,;369.516313,9.16792,;369.516313,9.21801,;369.516313,9.26814,;369.516313,9.31823,;369.516313,9.36831,;369.516313,9.4184,;369.516313,9.4685,;369.516313,9.51858,;369.516313,9.56866,;369.516313,9.61875,;369.516313,9.66884,;369.516313,9.71896,;369.516313,9.76905,;353.230260,9.81914,;353.230260,9.8693,;353.230260,9.91941,;353.230260,9.96954,;353.230260,10.0196,;
inf,0.0500764,;578.313392,0.100197,;578.313392,0.150304,;578.313392,0.200426,;578.313392,0.250534,;576.591224,0.30061,;576.591224,0.350719,;576.591224,0.400809,;554.066545,0.450923,;554.066545,0.501007,;554.066545,0.551119,;554.066545,0.601202,;552.129907,0.651316,;552.129907,0.701395,;552.129907,0.751486,;552.129907,0.801589,;552.129907,0.851703,;552.129907,0.901814,;552.129907,0.951896,;552.129907,1.00201,;552.129907,1.05212,;552.129907,1.10224,;552.129907,1.15231,;552.129907,1.20238,;552.129907,1.25244,;552.129907,1.30255,;552.129907,1.35263,;552.129907,1.40276,;552.129907,1.45285,;552.129907,1.50294,;552.129907,1.55304,;552.129907,1.60315,;552.129907,1.65323,;552.129907,1.70331,;552.129907,1.75339,;552.129907,1.80347,;552.129907,1.85356,;552.129907,1.90364,;552.129907,1.95372,;552.129907,2.00383,;552.129907,2.05395,;552.129907,2.10403,;552.129907,2.15412,;552.129907,2.20421,;552.129907,2.25429,;552.129907,2.30437,;552.129907,2.35446,;552.129907,2.40453,;552.129907,2.45463,;552.129907,2.5047,;552.129907,2.55484,;552.129907,2.60493,;552.129907,2.65502,;552.129907,2.7051,;552.129907,2.75519,;552.129907,2.80528,;552.129907,2.8554,;552.129907,2.9055,;552.129907,2.95559,;552.129907,3.00569,;552.129907,3.05581,;552.129907,3.1059,;552.129907,3.156,;552.129907,3.20608,;552.129907,3.25618,;552.129907,3.30627,;552.129907,3.35635,;552.129907,3.40648,;552.129907,3.45658,;552.129907,3.50671,;552.129907,3.55679,;549.163437,3.60689,;549.163437,3.65698,;549.163437,3.70711,;549.163437,3.75719,;549.163437,3.80731,;549.163437,3.85741,;549.163437,3.90753,;549.163437,3.95765,;549.163437,4.00777,;549.163437,4.05789,;549.163437,4.10801,;549.163437,4.15811,;549.163437,4.20823,;549.163437,4.25835,;549.163437,4.30845,;549.163437,4.35858,;549.163437,4.40866,;549.163437,4.45875,;549.163437,4.50887,;549.163437,4.55899,;549.163437,4.60911,;549.163437,4.65919,;549.163437,4.70928,;549.163437,4.75941,;546.813783,4.80951,;546.813783,4.85965,;546.813783,4.90974,;546.813783,4.95986,;546.813783,5.00994,;546.813783,5.06006,;546.813783,5.11015,;546.813783,5.16027,;546.813783,5.21039,;546.813783,5.26043,;546.813783,5.31052,;546.813783,5.36062,;546.813783,5.41071,;450.301046,5.46079,;450.301046,5.51087,;450.301046,5.56095,;450.301046,5.61102,;450.301046,5.66112,;450.301046,5.7112,;450.301046,5.76128,;450.301046,5.81136,;429.964508,5.86145,;425.804470,5.91157,;425.804470,5.96165,;425.804470,6.01173,;425.804470,6.06182,;425.804470,6.11192,;425.804470,6.162,;425.804470,6.21208,;425.804470,6.26217,;425.804470,6.31225,;425.804470,6.36234,;425.804470,6.41248,;420.845838,6.46261,;420.845838,6.51269,;420.845838,6.56277,;420.845838,6.61288,;420.845838,6.663,;412.595657,6.71308,;412.595657,6.76319,;412.595657,6.81329,;412.595657,6.86338,;412.595657,6.91351,;412.595657,6.96363,;412.595657,7.01375,;412.595657,7.06388,;412.595657,7.11398,;412.595657,7.16411,;412.595657,7.21421,;412.595657,7.26433,;412.595657,7.31444,;385.097869,7.36449,;385.097869,7.41457,;373.775155,7.4646,;373.775155,7.51469,;373.775155,7.56479,;373.775155,7.61487,;373.775155,7.66496,;373.775155,7.71509,;373.775155,7.76518,;373.775155,7.81527,;373.775155,7.86536,;373.775155,7.91548,;373.775155,7.96556,;373.775155,8.01563,;365.514935,8.06571,;365.514935,8.11583,;365.514935,8.16595,;347.834048,8.21607,;347.834048,8.26615,;347.834048,8.31626,;347.834048,8.36634,;347.834048,8.41644,;347.834048,8.46654,;347.834048,8.51663,;347.834048,8.56675,;347.834048,8.61686,;347.834048,8.66694,;347.834048,8.71704,;347.834048,8.76714,;347.834048,8.81725,;347.834048,8.86735,;347.834048,8.91749,;347.834048,8.96762,;347.834048,9.0177,;347.834048,9.06787,;347.834048,9.11797,;347.834048,9.16805,;347.834048,9.21812,;347.834048,9.26824,;347.834048,9.31836,;347.834048,9.36849,;347.834048,9.41859,;347.834048,9.46867,;347.834048,9.51874,;347.834048,9.56883,;347.834048,9.61895,;347.834048,9.66905,;347.834048,9.71919,;347.834048,9.76929,;347.834048,9.81938,;342.185761,9.86948,;342.185761,9.91959,;342.185761,9.96968,;342.185761,10.0198,;
inf,0.0500593,;inf,0.100147,;inf,0.150246,;inf,0.200347,;inf,0.250441,;833.937858,0.300532,;742.829718,0.35065,;739.285096,0.400763,;739.285096,0.450886,;739.285096,0.501012,;728.644271,0.551094,;728.644271,0.601172,;728.644271,0.651265,;728.644271,0.701379,;728.644271,0.751498,;728.644271,0.80161,;728.644271,0.851706,;728.644271,0.901831,;721.136409,0.951949,;721.136409,1.00208,;721.136409,1.05217,;721.136409,1.10225,;721.136409,1.15233,;721.136409,1.20247,;721.136409,1.25256,;721.136409,1.30264,;721.136409,1.35276,;721.136409,1.40289,;716.078966,1.45302,;716.078966,1.5031,;716.078966,1.55321,;716.078966,1.60329,;716.078966,1.65337,;715.339308,1.70346,;715.339308,1.75358,;715.339308,1.80367,;715.339308,1.85379,;715.339308,1.9039,;715.339308,1.95402,;715.339308,2.00412,;715.339308,2.05423,;715.339308,2.10434,;715.339308,2.15446,;707.514017,2.20459,;707.514017,2.2547,;707.514017,2.3048,;707.514017,2.35493,;705.010746,2.40504,;705.010746,2.45511,;705.010746,2.50522,;705.010746,2.55529,;705.010746,2.60541,;705.010746,2.65551,;705.010746,2.70562,;705.010746,2.75571,;705.010746,2.80579,;699.142846,2.85591,;683.976871,2.90602,;683.976871,2.95614,;683.976871,3.00625,;683.976871,3.05637,;683.976871,3.10648,;683.976871,3.15659,;683.976871,3.2067,;683.976871,3.25678,;683.976871,3.3069,;683.976871,3.35698,;683.976871,3.40706,;683.976871,3.45717,;683.976871,3.50725,;683.976871,3.55736,;683.976871,3.60745,;683.976871,3.65757,;683.976871,3.70765,;683.976871,3.75776,;683.976871,3.80785,;680.042788,3.85797,;680.042788,3.90806,;680.042788,3.95817,;680.042788,4.00828,;680.042788,4.05839,;680.042788,4.1085,;680.042788,4.15861,;680.042788,4.20872,;680.042788,4.25883,;680.042788,4.30894,;680.042788,4.35902,;680.042788,4.40909,;680.042788,4.45916,;680.042788,4.50927,;680.042788,4.55936,;680.042788,4.60948,;680.042788,4.65956,;680.042788,4.70964,;680.042788,4.75973,;680.042788,4.80984,;680.042788,4.85995,;680.042788,4.91002,;680.042788,4.96009,;680.042788,5.0102,;680.042788,5.0603,;680.042788,5.11041,;680.042788,5.16052,;680.042788,5.21062,;680.042788,5.26071,;680.042788,5.3108,;680.042788,5.36089,;680.042788,5.41095,;680.042788,5.46105,;680.042788,5.51113,;680.042788,5.56124,;680.042788,5.61132,;680.042788,5.66143,;680.042788,5.71155,;680.042788,5.76166,;443.345615,5.81176,;443.345615,5.86185,;443.345615,5.91197,;443.345615,5.96207,;418.320965,6.01219,;418.320965,6.06231,;418.320965,6.11243,;418.320965,6.16254,;418.320965,6.21261,;418.320965,6.26271,;418.320965,6.31282,;418.320965,6.36292,;418.320965,6.41299,;412.271077,6.46308,;412.271077,6.51317,;412.271077,6.56325,;412.271077,6.61337,;412.271077,6.66346,;412.271077,6.71358,;412.271077,6.76365,;412.271077,6.81376,;412.271077,6.86384,;412.271077,6.91395,;412.271077,6.96405,;412.271077,7.01416,;406.642726,7.06425,;406.642726,7.11436,;406.642726,7.16445,;406.642726,7.21458,;406.642726,7.26467,;406.642726,7.31476,;406.642726,7.36486,;406.642726,7.41494,;406.642726,7.46506,;406.642726,7.51513,;406.642726,7.56524,;406.642726,7.61533,;406.642726,7.66541,;406.642726,7.71551,;406.642726,7.76563,;406.642726,7.81575,;406.642726,7.86587,;404.958996,7.91596,;404.958996,7.96608,;404.958996,8.0162,;404.958996,8.06628,;404.958996,8.1164,;404.958996,8.16652,;404.958996,8.21663,;404.958996,8.2667,;404.958996,8.31683,;404.958996,8.36691,;404.958996,8.41702,;404.958996,8.46714,;404.958996,8.51725,;404.958996,8.56737,;404.958996,8.61748,;404.958996,8.66757,;404.958996,8.71765,;404.958996,8.76773,;404.958996,8.81785,;404.958996,8.86794,;404.958996,8.91805,;404.958996,8.96814,;404.958996,9.01825,;404.958996,9.06836,;404.958996,9.11849,;404.958996,9.1686,;404.958996,9.21872,;404.958996,9.26883,;404.958996,9.31894,;404.958996,9.36902,;404.958996,9.4191,;404.958996,9.4692,;404.958996,9.51929,;404.958996,9.56941,;404.958996,9.61952,;404.958996,9.6696,;404.958996,9.71968,;404.958996,9.76976,;404.958996,9.81988,;404.958996,9.86999,;404.958996,9.92011,;404.958996,9.97022,;404.958996,10.0203,;
inf,0.050094,;598.234539,0.100168,;598.234539,0.150276,;598.234539,0.200367,;565.005246,0.250447,;565.005246,0.300529,;565.005246,0.35061,;565.005246,0.400704,;565.005246,0.450794,;565.005246,0.500894,;565.005246,0.551003,;565.005246,0.601088,;565.005246,0.651198,;565.005246,0.701305,;565.005246,0.751436,;565.005246,0.801552,;565.005246,0.85167,;565.005246,0.901786,;561.768226,0.951895,;561.768226,1.002,;561.768226,1.05207,;561.768226,1.10219,;561.768226,1.15226,;561.768226,1.20238,;561.768226,1.25246,;561.768226,1.30258,;561.768226,1.35267,;561.768226,1.40279,;561.768226,1.45288,;561.768226,1.50297,;561.768226,1.55305,;561.768226,1.60313,;561.768226,1.6532,;561.768226,1.70328,;561.768226,1.75341,;561.768226,1.80349,;561.768226,1.85357,;561.768226,1.90367,;561.768226,1.95378,;561.768226,2.0039,;558.114991,2.054,;558.114991,2.10408,;558.114991,2.15416,;558.114991,2.20424,;558.114991,2.25435,;547.207245,2.30443,;547.207245,2.35452,;547.207245,2.40461,;547.207245,2.45473,;547.207245,2.50481,;547.207245,2.55489,;547.207245,2.605,;547.207245,2.65508,;547.207245,2.70516,;547.207245,2.75527,;547.207245,2.80536,;547.207245,2.85545,;547.207245,2.90553,;547.207245,2.95562,;547.207245,3.00571,;547.207245,3.05583,;547.207245,3.10591,;547.207245,3.15596,;547.207245,3.20608,;547.207245,3.25615,;547.207245,3.30627,;547.207245,3.35635,;547.207245,3.40643,;547.207245,3.45652,;547.207245,3.5066,;547.207245,3.55668,;547.207245,3.60677,;547.207245,3.65685,;547.207245,3.70694,;547.207245,3.75701,;547.207245,3.80712,;544.841322,3.8572,;544.841322,3.90731,;544.841322,3.9574,;544.841322,4.00749,;544.841322,4.05758,;544.841322,4.10769,;544.841322,4.15777,;544.841322,4.20789,;544.841322,4.25797,;544.841322,4.30805,;544.841322,4.35814,;544.841322,4.40821,;544.841322,4.4583,;544.841322,4.50838,;544.841322,4.55847,;544.841322,4.60856,;544.841322,4.65868,;544.841322,4.70879,;544.841322,4.7589,;544.841322,4.80899,;544.841322,4.85912,;544.841322,4.9092,;544.841322,4.95928,;544.841322,5.00937,;544.841322,5.05949,;544.841322,5.10959,;544.841322,5.15969,;544.841322,5.20981,;544.841322,5.2599,;540.912322,5.31001,;540.912322,5.36009,;540.912322,5.4102,;540.912322,5.46027,;540.912322,5.51039,;538.760180,5.56047,;538.760180,5.61058,;538.760180,5.66067,;538.760180,5.71078,;538.760180,5.76087,;538.760180,5.81098,;538.760180,5.86107,;538.760180,5.91119,;538.760180,5.9613,;538.760180,6.01141,;538.760180,6.0615,;538.760180,6.11163,;452.542564,6.16174,;452.542564,6.21185,;452.542564,6.26196,;452.542564,6.31203,;452.542564,6.36211,;452.542564,6.41218,;430.751783,6.46229,;430.751783,6.51238,;430.751783,6.56248,;430.751783,6.61257,;430.751783,6.66268,;430.751783,6.71275,;430.751783,6.76287,;430.751783,6.81295,;430.751783,6.86303,;430.751783,6.91312,;430.751783,6.96321,;430.751783,7.01329,;430.751783,7.06341,;430.751783,7.11352,;430.751783,7.1636,;423.017727,7.21371,;423.017727,7.26382,;423.017727,7.31394,;423.017727,7.36401,;423.017727,7.41413,;423.017727,7.46421,;423.017727,7.51432,;423.017727,7.56442,;423.017727,7.61458,;423.017727,7.66467,;423.017727,7.71478,;423.017727,7.76487,;423.017727,7.81498,;423.017727,7.86507,;423.017727,7.91518,;423.017727,7.96527,;423.017727,8.01536,;423.017727,8.06546,;423.017727,8.11558,;423.017727,8.16565,;423.017727,8.21572,;423.017727,8.2658,;423.017727,8.31592,;423.017727,8.36601,;423.017727,8.4161,;423.017727,8.46618,;423.017727,8.51627,;423.017727,8.56636,;423.017727,8.61645,;423.017727,8.66654,;423.017727,8.71663,;423.017727,8.76673,;423.017727,8.81682,;423.017727,8.86693,;423.017727,8.91702,;423.017727,8.96713,;423.017727,9.01726,;423.017727,9.06736,;423.017727,9.11745,;423.017727,9.16752,;423.017727,9.2176,;423.017727,9.26768,;423.017727,9.31776,;423.017727,9.36784,;423.017727,9.41791,;423.017727,9.46799,;411.749499,9.51807,;411.749499,9.56814,;390.642002,9.61822,;390.642002,9.66831,;390.642002,9.7184,;390.642002,9.76848,;390.642002,9.81859,;390.642002,9.86867,;390.642002,9.91879,;390.642002,9.96892,;389.017244,10.019,;389.017244,10.0692,;
inf,0.0501296,;inf,0.100237,;747.702892,0.150308,;747.702892,0.200413,;732.302842,0.250494,;732.302842,0.30061,;732.302842,0.350694,;732.302842,0.400811,;732.302842,0.450897,;732.302842,0.501014,;732.302842,0.551102,;732.302842,0.601197,;732.302842,0.651371,;732.302842,0.701453,;727.421003,0.751526,;727.421003,0.801606,;727.421003,0.851697,;727.421003,0.901783,;727.421003,0.95188,;727.421003,1.00196,;727.421003,1.05205,;727.421003,1.10217,;727.421003,1.15226,;727.421003,1.20235,;727.421003,1.25244,;727.421003,1.30253,;727.421003,1.35263,;727.421003,1.40272,;727.421003,1.4528,;727.421003,1.50287,;727.421003,1.55294,;724.782655,1.60302,;724.782655,1.65311,;724.782655,1.70322,;724.782655,1.75329,;724.782655,1.80337,;724.782655,1.85344,;724.782655,1.90351,;724.782655,1.95358,;724.782655,2.00368,;724.782655,2.05376,;717.846186,2.10388,;717.846186,2.15396,;716.905485,2.20406,;716.905485,2.25414,;716.905485,2.30424,;716.905485,2.35432,;713.618745,2.40444,;700.766760,2.45452,;700.766760,2.50464,;700.766760,2.55472,;700.766760,2.60484,;700.766760,2.65495,;700.766760,2.70503,;700.492352,2.75514,;700.492352,2.80526,;700.492352,2.85537,;699.956281,2.90545,;699.956281,2.95553,;699.956281,3.00562,;699.956281,3.05573,;699.956281,3.10585,;699.956281,3.15597,;699.956281,3.20608,;694.783677,3.25616,;694.783677,3.30625,;694.783677,3.35634,;694.783677,3.40645,;694.783677,3.45656,;694.783677,3.50667,;507.337829,3.55678,;507.337829,3.60689,;507.337829,3.657,;487.265911,3.70712,;487.265911,3.75723,;487.265911,3.80734,;487.265911,3.85741,;487.265911,3.90752,;475.868285,3.95761,;475.868285,4.00773,;475.868285,4.05783,;475.868285,4.10791,;475.868285,4.158,;475.868285,4.20811,;475.868285,4.2582,;475.868285,4.30831,;475.868285,4.35838,;475.868285,4.4085,;475.868285,4.45859,;475.868285,4.50868,;475.868285,4.5588,;475.868285,4.60891,;475.154122,4.65902,;475.154122,4.70912,;463.041139,4.7592,;463.041139,4.80933,;463.041139,4.85945,;463.041139,4.90953,;463.041139,4.95962,;463.041139,5.00971,;463.041139,5.05983,;463.041139,5.10991,;463.041139,5.16002,;452.971102,5.21011,;452.971102,5.26019,;452.971102,5.31031,;452.971102,5.36039,;452.971102,5.41047,;452.971102,5.46055,;452.971102,5.51064,;452.971102,5.56077,;452.971102,5.61089,;452.971102,5.66101,;452.971102,5.71109,;452.971102,5.76118,;447.230999,5.81131,;447.230999,5.86139,;447.230999,5.91151,;447.230999,5.96161,;447.230999,6.01169,;447.230999,6.06176,;447.230999,6.11187,;447.230999,6.16197,;447.230999,6.21209,;447.230999,6.26218,;447.230999,6.31229,;441.127646,6.36236,;441.127646,6.41249,;441.127646,6.46257,;441.127646,6.51269,;441.127646,6.56281,;441.127646,6.61292,;441.127646,6.66303,;441.127646,6.71315,;441.127646,6.76323,;441.127646,6.81329,;441.127646,6.86337,;441.127646,6.91345,;441.127646,6.96354,;424.254082,7.01363,;424.254082,7.06375,;424.254082,7.11384,;424.254082,7.16395,;424.254082,7.21406,;424.254082,7.26417,;424.254082,7.31424,;424.254082,7.36437,;424.254082,7.41445,;424.254082,7.46453,;424.254082,7.51464,;424.088980,7.56475,;424.088980,7.61485,;424.088980,7.66496,;424.088980,7.71507,;424.088980,7.76519,;424.088980,7.81529,;424.088980,7.86537,;424.088980,7.91545,;424.088980,7.96558,;424.088980,8.0157,;424.088980,8.06581,;424.088980,8.11592,;424.088980,8.16601,;424.088980,8.2161,;424.088980,8.26618,;424.088980,8.3163,;424.088980,8.36638,;424.088980,8.41649,;424.088980,8.46658,;424.088980,8.51666,;424.088980,8.56673,;417.490073,8.61682,;417.490073,8.66693,;417.490073,8.71703,;417.490073,8.7671,;413.657650,8.81717,;413.657650,8.86724,;413.657650,8.91732,;413.657650,8.96741,;413.657650,9.01749,;413.657650,9.06758,;413.657650,9.11767,;413.657650,9.16779,;413.657650,9.21788,;413.657650,9.268,;413.657650,9.31808,;413.657650,9.36821,;413.657650,9.41829,;413.657650,9.46838,;413.657650,9.51847,;413.657650,9.56859,;413.657650,9.61867,;413.657650,9.66876,;413.657650,9.71888,;413.657650,9.769,;413.657650,9.81911,;413.657650,9.86923,;413.657650,9.91934,;413.657650,9.96941,;413.657650,10.0195,;
inf,0.050099,;inf,0.100193,;inf,0.150273,;778.516819,0.20036,;770.994315,0.250483,;770.994315,0.300556,;770.994315,0.350636,;770.994315,0.400751,;770.994315,0.450864,;770.994315,0.500975,;770.994315,0.551084,;770.994315,0.601171,;770.994315,0.651282,;770.994315,0.701396,;770.994315,0.751508,;705.230727,0.801628,;705.230727,0.851746,;705.230727,0.901858,;705.230727,0.951933,;705.230727,1.00205,;705.230727,1.05214,;705.230727,1.10223,;705.230727,1.15232,;705.230727,1.20244,;705.230727,1.25255,;705.230727,1.30266,;705.230727,1.35278,;664.007139,1.4029,;664.007139,1.45298,;664.007139,1.50306,;664.007139,1.55314,;664.007139,1.60325,;664.007139,1.65334,;664.007139,1.70346,;664.007139,1.75354,;664.007139,1.80362,;664.007139,1.8537,;664.007139,1.90378,;664.007139,1.95386,;664.007139,2.00394,;664.007139,2.05402,;664.007139,2.1041,;643.549684,2.1542,;643.549684,2.20428,;643.549684,2.25437,;643.549684,2.30446,;643.549684,2.35458,;643.549684,2.40467,;643.549684,2.45478,;643.549684,2.50486,;643.549684,2.55497,;643.549684,2.60508,;643.549684,2.65517,;643.549684,2.70529,;643.549684,2.75539,;643.549684,2.8055,;643.549684,2.85563,;643.549684,2.9057,;643.549684,2.95581,;643.549684,3.00589,;643.549684,3.05598,;643.549684,3.1061,;608.991079,3.15618,;608.991079,3.20626,;604.722971,3.25634,;604.722971,3.30643,;604.722971,3.35652,;604.722971,3.4066,;604.722971,3.45671,;604.722971,3.50679,;604.722971,3.55688,;604.722971,3.60697,;604.722971,3.65709,;604.722971,3.70716,;604.722971,3.75727,;604.722971,3.80738,;604.722971,3.8575,;604.722971,3.90761,;604.722971,3.95772,;604.722971,4.00779,;604.722971,4.05789,;604.722971,4.10801,;604.722971,4.15812,;446.644909,4.20823,;446.644909,4.25835,;446.644909,4.30842,;446.644909,4.35848,;446.644909,4.40857,;446.644909,4.45862,;446.644909,4.50874,;446.644909,4.55881,;446.644909,4.60892,;446.644909,4.659,;440.674392,4.70912,;440.674392,4.7592,;440.674392,4.80932,;440.674392,4.85941,;440.674392,4.90952,;440.674392,4.95961,;440.674392,5.00973,;440.674392,5.05981,;440.674392,5.10993,;440.674392,5.16,;440.674392,5.21011,;440.674392,5.2602,;440.674392,5.31029,;440.674392,5.36039,;440.674392,5.41051,;440.674392,5.46064,;440.674392,5.51075,;426.711591,5.56083,;426.711591,5.61096,;426.711591,5.66105,;423.341258,5.71117,;423.341258,5.76128,;423.341258,5.81136,;423.341258,5.86145,;423.341258,5.91155,;398.574665,5.96166,;398.574665,6.01174,;398.574665,6.06186,;398.574665,6.11194,;390.646514,6.16203,;390.646514,6.21212,;390.646514,6.26221,;390.646514,6.31229,;390.646514,6.36238,;390.646514,6.41248,;390.646514,6.46256,;390.646514,6.51268,;390.646514,6.5628,;390.646514,6.61287,;390.646514,6.66296,;390.646514,6.71305,;390.646514,6.76312,;390.646514,6.8132,;390.646514,6.86332,;390.646514,6.91344,;390.646514,6.96352,;390.646514,7.01364,;390.646514,7.06369,;390.646514,7.11378,;390.646514,7.16386,;390.646514,7.21397,;390.646514,7.26406,;390.646514,7.31415,;390.646514,7.36425,;390.646514,7.41434,;389.363002,7.46443,;389.363002,7.51455,;389.363002,7.56467,;367.088736,7.61478,;367.088736,7.66488,;367.088736,7.71496,;367.088736,7.76504,;367.088736,7.81513,;367.088736,7.86522,;367.088736,7.9153,;367.088736,7.96539,;367.088736,8.01548,;367.088736,8.06556,;367.088736,8.11565,;367.088736,8.1657,;367.088736,8.21578,;367.088736,8.26588,;367.088736,8.31597,;367.088736,8.36605,;367.088736,8.41615,;367.088736,8.46624,;367.088736,8.51634,;367.088736,8.56643,;367.088736,8.61652,;367.088736,8.66663,;367.088736,8.71673,;367.088736,8.76685,;367.088736,8.81694,;367.088736,8.86705,;367.088736,8.91714,;367.088736,8.96727,;367.088736,9.01735,;367.088736,9.06748,;367.088736,9.11757,;357.839431,9.16765,;357.839431,9.21774,;357.839431,9.26782,;357.839431,9.31794,;357.839431,9.36803,;357.839431,9.4181,;357.839431,9.46819,;357.839431,9.51827,;357.839431,9.56836,;357.839431,9.61848,;357.839431,9.66856,;357.839431,9.71865,;357.839431,9.76874,;357.839431,9.81884,;357.839431,9.86894,;357.839431,9.91905,;357.839431,9.96916,;357.839431,10.0193,;
inf,0.0500908,;inf,0.100173,;593.640018,0.150248,;583.980386,0.200329,;583.432970,0.250414,;583.432970,0.300488,;583.432970,0.350605,;583.432970,0.400712,;583.432970,0.450834,;583.432970,0.50092,;582.504618,0.551016,;582.504618,0.601094,;567.018707,0.651178,;567.018707,0.701273,;567.018707,0.75136,;567.018707,0.80145,;567.018707,0.851574,;567.018707,0.901659,;567.018707,0.951786,;567.018707,1.00187,;562.298426,1.05194,;562.298426,1.10202,;562.298426,1.15209,;525.341571,1.20222,;525.341571,1.2523,;525.341571,1.30247,;525.341571,1.35257,;525.341571,1.40269,;525.341571,1.45276,;525.341571,1.50285,;525.341571,1.55294,;525.341571,1.60306,;525.341571,1.65313,;525.341571,1.7032,;525.341571,1.75328,;525.341571,1.80341,;525.341571,1.8535,;525.101664,1.90361,;525.101664,1.95372,;525.101664,2.00378,;525.101664,2.0539,;525.101664,2.10397,;523.090995,2.15408,;523.090995,2.20417,;523.090995,2.25428,;523.090995,2.30437,;523.090995,2.3545,;523.090995,2.40458,;523.090995,2.45466,;523.090995,2.50474,;523.090995,2.55486,;523.090995,2.60496,;523.090995,2.65507,;523.090995,2.70515,;523.090995,2.75526,;523.090995,2.80538,;523.090995,2.85547,;523.090995,2.90559,;523.090995,2.9557,;523.090995,3.00582,;523.090995,3.05589,;523.090995,3.10601,;523.090995,3.1561,;523.090995,3.20618,;523.090995,3.25627,;521.413745,3.30639,;518.697461,3.35647,;518.697461,3.40656,;518.697461,3.45665,;518.697461,3.50676,;518.697461,3.55685,;518.697461,3.60696,;518.697461,3.65704,;518.697461,3.70715,;518.697461,3.75726,;518.697461,3.80736,;518.697461,3.85747,;518.697461,3.90754,;518.697461,3.95761,;518.697461,4.00771,;518.697461,4.05781,;518.697461,4.10789,;518.697461,4.158,;518.697461,4.20809,;518.697461,4.25821,;518.697461,4.30828,;518.697461,4.3584,;518.697461,4.40849,;518.697461,4.4586,;518.697461,4.50871,;518.697461,4.55885,;518.697461,4.60896,;518.697461,4.65907,;518.697461,4.70918,;518.697461,4.75929,;518.697461,4.8094,;518.697461,4.85947,;518.697461,4.90959,;515.949596,4.9597,;515.949596,5.00981,;515.949596,5.05988,;515.949596,5.11,;515.949596,5.16009,;515.949596,5.21018,;515.949596,5.26027,;515.949596,5.31035,;515.949596,5.36044,;515.949596,5.41055,;511.428495,5.46064,;511.428495,5.51075,;511.428495,5.56084,;511.428495,5.61095,;511.428495,5.66106,;511.428495,5.71117,;511.428495,5.76128,;511.428495,5.8114,;511.428495,5.86148,;511.428495,5.91158,;511.428495,5.9617,;511.428495,6.01177,;511.428495,6.06188,;511.428495,6.11197,;511.428495,6.16208,;511.428495,6.21217,;511.428495,6.26225,;511.428495,6.31233,;511.428495,6.36245,;511.428495,6.41253,;511.428495,6.46265,;511.428495,6.51274,;511.428495,6.56285,;511.428495,6.61294,;511.428495,6.66305,;511.428495,6.71316,;511.428495,6.76324,;511.428495,6.81335,;511.428495,6.86344,;511.428495,6.91353,;511.428495,6.96362,;511.428495,7.01371,;511.428495,7.06378,;511.428495,7.1139,;511.428495,7.16398,;511.428495,7.2141,;511.428495,7.2642,;511.428495,7.31432,;511.428495,7.36441,;511.428495,7.41453,;511.428495,7.46463,;511.428495,7.51474,;511.428495,7.56484,;511.428495,7.61495,;511.428495,7.66503,;511.428495,7.71515,;511.428495,7.76527,;511.428495,7.81539,;511.428495,7.8655,;511.428495,7.91563,;511.428495,7.96575,;511.428495,8.01582,;511.428495,8.06594,;511.428495,8.11603,;511.428495,8.16611,;511.428495,8.2162,;511.428495,8.26633,;511.428495,8.31642,;511.428495,8.36651,;511.428495,8.41661,;511.428495,8.46673,;511.428495,8.51685,;511.428495,8.56696,;511.428495,8.61707,;511.428495,8.66716,;511.428495,8.71728,;511.428495,8.7674,;511.428495,8.81754,;511.428495,8.86766,;511.428495,8.91778,;511.428495,8.96786,;511.428495,9.01799,;511.428495,9.06808,;511.428495,9.11817,;511.428495,9.16826,;511.428495,9.21839,;511.428495,9.26847,;511.428495,9.3186,;511.428495,9.36868,;511.428495,9.41878,;511.428495,9.46887,;511.428495,9.51895,;511.428495,9.56905,;511.428495,9.61912,;511.428495,9.66921,;511.428495,9.71929,;511.428495,9.76938,;511.428495,9.81943,;511.428495,9.86953,;511.428495,9.91962,;511.428495,9.96975,;511.428495,10.0198,;511.428495,10.0699,;
inf,0.0500733,;inf,0.100163,;inf,0.150279,;inf,0.20035,;678.365378,0.250425,;678.365378,0.300539,;667.709567,0.350659,;667.709567,0.400769,;667.709567,0.450844,;667.709567,0.500958,;667.709567,0.55105,;667.709567,0.601166,;667.709567,0.651254,;667.709567,0.701403,;667.229517,0.751517,;667.229517,0.801625,;667.229517,0.851735,;667.229517,0.901846,;667.229517,0.951923,;667.229517,1.00201,;667.229517,1.05213,;667.229517,1.10222,;612.473416,1.1523,;612.473416,1.20239,;612.473416,1.25251,;612.473416,1.30263,;612.473416,1.3527,;603.433671,1.40277,;603.433671,1.45289,;600.130361,1.50298,;600.130361,1.55307,;600.130361,1.60317,;600.130361,1.6533,;570.906396,1.7034,;570.906396,1.75352,;570.906396,1.80361,;570.906396,1.85372,;570.906396,1.90383,;570.906396,1.95394,;570.906396,2.00404,;570.906396,2.05419,;570.906396,2.10429,;570.906396,2.15441,;570.906396,2.20452,;570.906396,2.25459,;570.906396,2.30473,;570.906396,2.35485,;570.906396,2.40496,;570.906396,2.45507,;570.906396,2.50519,;570.906396,2.55528,;570.906396,2.60537,;570.906396,2.65549,;570.906396,2.7056,;570.906396,2.75569,;570.906396,2.80582,;570.906396,2.85593,;570.906396,2.90604,;570.906396,2.95615,;570.906396,3.00623,;570.906396,3.05635,;570.906396,3.10647,;570.906396,3.15659,;570.906396,3.20666,;570.906396,3.25673,;570.906396,3.30681,;570.906396,3.35692,;570.906396,3.40699,;570.906396,3.45707,;570.906396,3.50715,;570.906396,3.55723,;570.906396,3.60733,;570.906396,3.65744,;570.906396,3.70753,;570.906396,3.75766,;570.906396,3.80779,;570.906396,3.8579,;570.906396,3.90798,;570.906396,3.95805,;570.906396,4.00814,;570.906396,4.05825,;570.906396,4.10835,;570.906396,4.15844,;570.906396,4.20855,;570.906396,4.25861,;570.906396,4.3087,;570.906396,4.35878,;570.906396,4.40886,;570.906396,4.45895,;570.906396,4.50903,;570.906396,4.55913,;570.906396,4.60925,;570.906396,4.65933,;570.906396,4.70944,;570.906396,4.75952,;570.906396,4.80965,;570.906396,4.85972,;570.906396,4.90983,;570.906396,4.95995,;570.906396,5.01003,;570.906396,5.0601,;570.906396,5.11022,;570.906396,5.16033,;490.280794,5.21045,;490.280794,5.26057,;490.280794,5.31064,;490.280794,5.36073,;490.280794,5.4108,;490.280794,5.4609,;490.280794,5.51097,;481.437075,5.56108,;481.437075,5.61117,;481.437075,5.66126,;481.437075,5.71133,;421.268116,5.76142,;421.268116,5.81154,;421.268116,5.86163,;421.268116,5.91175,;421.268116,5.96184,;421.268116,6.01196,;421.268116,6.06206,;421.268116,6.11217,;421.268116,6.16229,;421.268116,6.21237,;421.268116,6.26249,;421.268116,6.31259,;421.268116,6.36266,;421.268116,6.41278,;421.268116,6.46285,;421.268116,6.51293,;421.268116,6.56301,;421.268116,6.61309,;421.268116,6.66318,;421.268116,6.71329,;421.268116,6.76336,;421.268116,6.81346,;421.268116,6.86357,;421.268116,6.91367,;421.268116,6.96375,;421.268116,7.01387,;421.268116,7.06399,;421.268116,7.1141,;421.268116,7.16422,;421.268116,7.21429,;421.268116,7.26437,;421.268116,7.31449,;421.268116,7.3646,;421.268116,7.41467,;421.268116,7.46478,;421.268116,7.51485,;421.268116,7.56494,;421.268116,7.61503,;421.268116,7.66514,;421.268116,7.71521,;421.268116,7.76534,;421.268116,7.81547,;421.268116,7.86558,;421.268116,7.91565,;421.268116,7.96578,;421.268116,8.01586,;421.268116,8.06593,;421.268116,8.11605,;421.268116,8.16612,;421.268116,8.21621,;421.268116,8.26629,;421.268116,8.31639,;421.268116,8.36647,;421.268116,8.41659,;421.268116,8.46666,;421.268116,8.51675,;421.268116,8.56683,;421.268116,8.61695,;421.268116,8.66703,;421.268116,8.71712,;421.268116,8.76722,;421.268116,8.8173,;421.268116,8.8674,;421.268116,8.91751,;421.268116,8.96762,;421.268116,9.01774,;421.268116,9.06785,;372.416410,9.11796,;372.416410,9.16807,;372.416410,9.21819,;372.416410,9.26831,;372.416410,9.31842,;372.416410,9.36853,;372.416410,9.41866,;372.416410,9.46878,;372.416410,9.51885,;372.416410,9.56897,;372.416410,9.61906,;372.416410,9.66918,;372.416410,9.71927,;372.416410,9.76939,;372.416410,9.81951,;372.416410,9.8696,;372.416410,9.91972,;372.416410,9.96983,;372.416410,10.0199,;
inf,0.0500657,;inf,0.100143,;inf,0.150225,;inf,0.200302,;inf,0.250412,;inf,0.300503,;711.951199,0.350611,;709.177365,0.400716,;709.177365,0.450803,;709.177365,0.500885,;709.177365,0.550967,;695.616187,0.601057,;695.616187,0.651165,;695.616187,0.70125,;695.616187,0.751361,;690.371713,0.801443,;690.371713,0.851524,;690.371713,0.901624,;690.371713,0.951702,;690.371713,1.00181,;690.371713,1.05192,;690.371713,1.102,;690.371713,1.15211,;690.371713,1.20219,;690.371713,1.25227,;690.371713,1.30238,;690.371713,1.35246,;690.371713,1.40257,;690.371713,1.45265,;690.371713,1.50277,;690.371713,1.55284,;690.371713,1.60295,;690.371713,1.65302,;690.371713,1.70313,;690.371713,1.75323,;690.371713,1.8033,;690.371713,1.8534,;690.371713,1.90351,;688.716292,1.9536,;688.716292,2.00371,;688.716292,2.0538,;688.716292,2.10387,;641.693870,2.15394,;471.848598,2.20405,;471.848598,2.25416,;471.848598,2.30427,;471.848598,2.35437,;471.848598,2.40449,;471.848598,2.4546,;471.848598,2.5047,;471.848598,2.55482,;471.848598,2.60489,;471.848598,2.65501,;471.848598,2.70508,;471.848598,2.75519,;471.848598,2.80526,;471.848598,2.85535,;471.848598,2.90543,;471.589911,2.95555,;471.589911,3.00563,;467.222052,3.0557,;467.222052,3.10581,;467.222052,3.15592,;467.222052,3.20599,;467.222052,3.25606,;467.222052,3.30619,;467.222052,3.35627,;448.307892,3.40635,;448.307892,3.45643,;448.307892,3.5065,;448.307892,3.55658,;448.307892,3.60667,;448.307892,3.65675,;448.307892,3.70684,;448.307892,3.75696,;448.307892,3.80703,;448.307892,3.85713,;448.307892,3.90724,;448.307892,3.95732,;446.409375,4.00743,;446.409375,4.05751,;446.409375,4.10759,;446.409375,4.15766,;446.409375,4.20777,;446.409375,4.25788,;446.409375,4.30797,;446.409375,4.35804,;446.409375,4.40816,;446.409375,4.45824,;443.455847,4.50834,;443.455847,4.5584,;443.455847,4.60856,;443.455847,4.65865,;434.449264,4.70875,;434.449264,4.75885,;420.571365,4.80893,;420.571365,4.85904,;420.571365,4.90912,;420.571365,4.95921,;420.571365,5.0093,;420.571365,5.05938,;420.571365,5.10947,;420.571365,5.15959,;420.571365,5.2097,;420.571365,5.25981,;420.571365,5.30989,;420.571365,5.36,;420.571365,5.41013,;420.571365,5.46023,;420.571365,5.51033,;420.571365,5.56042,;420.571365,5.61051,;420.571365,5.66059,;420.571365,5.71067,;420.571365,5.76076,;420.571365,5.81087,;420.571365,5.86095,;420.571365,5.91104,;420.571365,5.96113,;420.571365,6.01124,;420.571365,6.06132,;416.143264,6.1114,;408.339668,6.16148,;408.339668,6.21156,;408.339668,6.26165,;408.339668,6.31174,;408.339668,6.36184,;408.339668,6.41196,;408.339668,6.46204,;408.339668,6.51214,;408.339668,6.56226,;408.339668,6.6124,;408.339668,6.66252,;408.339668,6.7126,;408.339668,6.76274,;408.339668,6.81278,;408.339668,6.8629,;408.339668,6.91298,;408.339668,6.9631,;408.339668,7.01319,;408.339668,7.06332,;408.339668,7.1134,;408.339668,7.16349,;408.339668,7.21362,;408.339668,7.26371,;408.339668,7.3138,;408.339668,7.36388,;408.339668,7.41398,;408.339668,7.4641,;408.339668,7.51422,;408.339668,7.56431,;408.339668,7.61441,;408.339668,7.66453,;408.339668,7.71462,;408.339668,7.76469,;408.339668,7.81481,;408.339668,7.86492,;408.339668,7.915,;408.339668,7.9651,;408.339668,8.01522,;408.339668,8.06532,;408.339668,8.11543,;408.339668,8.16552,;408.339668,8.21564,;408.339668,8.26573,;408.339668,8.31582,;408.339668,8.3659,;408.339668,8.41598,;408.339668,8.46606,;408.339668,8.51617,;393.337267,8.56624,;393.337267,8.61633,;393.337267,8.66642,;393.337267,8.7165,;393.337267,8.76658,;393.337267,8.81666,;393.337267,8.86674,;393.337267,8.91682,;393.337267,8.96689,;393.337267,9.01697,;393.337267,9.06705,;393.337267,9.11713,;393.337267,9.16721,;393.337267,9.21729,;393.337267,9.26737,;393.337267,9.31745,;393.337267,9.36754,;393.337267,9.41762,;393.337267,9.4677,;393.337267,9.51777,;393.337267,9.56786,;393.337267,9.61793,;393.337267,9.66802,;393.337267,9.7181,;393.337267,9.7682,;393.337267,9.8183,;393.337267,9.8684,;393.337267,9.9185,;393.337267,9.96858,;
inf,0.0500702,;inf,0.100187,;684.657238,0.150274,;684.657238,0.200389,;684.657238,0.250504,;670.819871,0.300622,;670.819871,0.350742,;670.819871,0.400852,;670.819871,0.450965,;670.819871,0.501047,;670.819871,0.551166,;670.819871,0.601337,;670.819871,0.651457,;670.819871,0.701545,;651.688841,0.751634,;651.688841,0.801713,;651.688841,0.851829,;651.688841,0.901906,;651.688841,0.952083,;651.688841,1.00217,;651.688841,1.05229,;637.686187,1.1024,;637.686187,1.15251,;637.686187,1.20263,;637.686187,1.25275,;637.686187,1.30286,;637.686187,1.35297,;637.686187,1.40308,;621.755841,1.45317,;621.755841,1.50326,;619.946208,1.55334,;619.946208,1.60346,;619.946208,1.65355,;619.946208,1.70367,;619.946208,1.75378,;619.946208,1.80385,;619.946208,1.85394,;616.088120,1.90402,;616.088120,1.95409,;616.088120,2.00421,;616.088120,2.05433,;616.088120,2.10442,;616.088120,2.15453,;616.088120,2.20464,;616.088120,2.25475,;616.088120,2.30483,;616.088120,2.35491,;616.088120,2.40499,;616.088120,2.45511,;616.088120,2.5052,;593.647239,2.55531,;593.647239,2.60543,;593.647239,2.65554,;593.647239,2.70563,;593.647239,2.75574,;593.647239,2.80585,;593.647239,2.85594,;593.647239,2.90602,;593.647239,2.95614,;593.647239,3.00622,;593.647239,3.05633,;593.647239,3.10644,;591.766962,3.15653,;591.766962,3.20665,;591.766962,3.25676,;591.766962,3.30689,;591.766962,3.35697,;591.766962,3.40707,;591.766962,3.45715,;591.766962,3.50725,;469.951922,3.55733,;469.951922,3.60745,;469.951922,3.65753,;469.951922,3.70764,;469.951922,3.75772,;469.951922,3.80783,;469.951922,3.85793,;469.951922,3.90805,;450.687758,3.95812,;450.687758,4.00823,;450.687758,4.05831,;450.687758,4.10842,;450.687758,4.15853,;450.687758,4.2086,;450.687758,4.25871,;450.687758,4.30883,;450.687758,4.35894,;450.687758,4.40901,;450.687758,4.45913,;450.687758,4.50921,;450.687758,4.5593,;450.687758,4.60939,;450.687758,4.65947,;450.687758,4.70956,;450.687758,4.75966,;450.687758,4.80975,;450.687758,4.85986,;450.687758,4.90994,;450.687758,4.96006,;450.687758,5.01015,;450.687758,5.06027,;450.687758,5.11037,;450.687758,5.16049,;450.687758,5.2106,;450.687758,5.26071,;450.687758,5.31083,;450.687758,5.3609,;450.687758,5.41097,;450.687758,5.46105,;450.687758,5.51116,;450.687758,5.56125,;450.687758,5.61136,;450.687758,5.66145,;450.687758,5.71158,;450.687758,5.76167,;450.687758,5.81178,;450.687758,5.86188,;450.687758,5.91199,;450.687758,5.96208,;450.687758,6.01219,;450.687758,6.06231,;450.687758,6.11242,;450.687758,6.16253,;450.687758,6.21264,;450.687758,6.26276,;450.687758,6.31286,;450.687758,6.36297,;450.687758,6.41304,;450.687758,6.46312,;450.687758,6.51321,;450.687758,6.56329,;450.687758,6.6134,;450.687758,6.66351,;450.687758,6.7136,;450.687758,6.76371,;450.687758,6.81382,;450.687758,6.86393,;450.687758,6.91402,;450.687758,6.96413,;450.687758,7.01424,;450.687758,7.06436,;450.687758,7.11448,;450.687758,7.16459,;450.687758,7.2147,;450.687758,7.26481,;450.687758,7.31492,;450.687758,7.365,;450.687758,7.41511,;450.687758,7.46519,;450.687758,7.51527,;450.687758,7.56536,;450.687758,7.61544,;450.687758,7.66554,;450.687758,7.71566,;450.687758,7.76575,;450.687758,7.81587,;450.687758,7.86596,;450.687758,7.91607,;450.687758,7.96618,;450.687758,8.01629,;450.687758,8.0664,;450.687758,8.11649,;450.687758,8.1666,;445.767494,8.21671,;445.767494,8.26679,;445.767494,8.31688,;429.809086,8.36699,;429.809086,8.41707,;429.809086,8.46715,;429.809086,8.51724,;429.809086,8.56735,;429.809086,8.61744,;429.809086,8.66755,;429.809086,8.71764,;414.769527,8.76773,;414.769527,8.81785,;414.769527,8.86797,;414.769527,8.91808,;414.769527,8.96819,;414.769527,9.01827,;381.499335,9.06839,;381.499335,9.1185,;381.499335,9.16862,;381.499335,9.2187,;381.499335,9.26883,;381.499335,9.31892,;381.499335,9.369,;381.499335,9.41912,;381.499335,9.4692,;381.499335,9.5193,;381.499335,9.56939,;381.499335,9.61952,;381.499335,9.66961,;381.499335,9.71972,;376.250881,9.76983,;376.250881,9.81995,;376.250881,9.87003,;376.250881,9.92011,;376.250881,9.97021,;376.250881,10.0203,;
inf,0.0500937,;585.970457,0.100207,;585.970457,0.150293,;527.892236,0.200415,;527.892236,0.250534,;527.892236,0.300624,;527.892236,0.350748,;527.892236,0.400861,;527.892236,0.450939,;527.892236,0.501042,;527.892236,0.551136,;527.892236,0.601218,;527.892236,0.651332,;527.892236,0.701416,;527.892236,0.751511,;525.522529,0.801607,;525.522529,0.851723,;525.522529,0.901822,;525.522529,0.951937,;517.511566,1.00203,;517.511566,1.05211,;517.511566,1.1022,;517.511566,1.15231,;517.511566,1.20241,;517.511566,1.2525,;517.511566,1.30262,;517.511566,1.35273,;517.511566,1.40282,;508.548749,1.45291,;508.548749,1.50303,;508.548749,1.55311,;508.548749,1.6032,;508.548749,1.65328,;508.548749,1.7034,;508.548749,1.75352,;508.548749,1.80363,;508.548749,1.85372,;508.548749,1.90384,;508.548749,1.95393,;508.548749,2.00404,;508.548749,2.05413,;508.548749,2.10425,;508.548749,2.15434,;508.548749,2.20444,;488.641335,2.25452,;488.641335,2.30461,;488.641335,2.3547,;488.641335,2.40478,;488.641335,2.45485,;488.641335,2.50497,;488.641335,2.55509,;488.641335,2.6052,;483.872916,2.65531,;483.872916,2.70542,;472.377561,2.75553,;472.377561,2.80563,;468.355960,2.85571,;468.355960,2.90578,;468.355960,2.95586,;465.930618,3.00596,;465.930618,3.05608,;465.930618,3.1062,;465.930618,3.15631,;465.930618,3.20641,;465.930618,3.25648,;465.930618,3.30661,;465.930618,3.35669,;465.930618,3.40679,;465.930618,3.45688,;465.930618,3.50698,;465.930618,3.55706,;465.930618,3.60718,;465.930618,3.65726,;465.930618,3.70733,;465.930618,3.75742,;465.930618,3.8075,;465.930618,3.85758,;465.930618,3.90766,;465.930618,3.95775,;449.108374,4.00783,;449.108374,4.05792,;449.108374,4.10803,;449.108374,4.15811,;446.527531,4.20822,;446.527531,4.25829,;446.527531,4.30837,;446.527531,4.35846,;446.527531,4.40859,;446.527531,4.45871,;446.527531,4.50879,;446.527531,4.5589,;446.527531,4.60902,;446.527531,4.65912,;446.527531,4.7092,;443.666538,4.75927,;443.666538,4.80937,;435.760772,4.85949,;435.760772,4.90958,;435.760772,4.95972,;435.760772,5.0098,;435.760772,5.05992,;435.760772,5.11005,;435.760772,5.16013,;435.760772,5.21022,;435.760772,5.2603,;435.760772,5.31038,;435.760772,5.36047,;435.760772,5.41056,;435.760772,5.46068,;435.760772,5.51075,;435.760772,5.56086,;435.760772,5.61094,;435.760772,5.66104,;435.760772,5.71112,;435.760772,5.7612,;435.760772,5.81128,;435.760772,5.86136,;433.259270,5.91145,;433.259270,5.96154,;433.259270,6.01162,;433.259270,6.0617,;433.259270,6.11179,;433.259270,6.16186,;433.259270,6.21194,;433.259270,6.26203,;433.259270,6.31212,;433.259270,6.36224,;433.259270,6.41235,;433.259270,6.46245,;433.259270,6.51256,;433.259270,6.56267,;433.259270,6.61278,;433.259270,6.66289,;433.259270,6.713,;433.259270,6.76312,;433.259270,6.81319,;433.259270,6.86331,;433.259270,6.9134,;433.259270,6.96352,;433.259270,7.0136,;426.467310,7.06373,;426.467310,7.11382,;426.467310,7.16391,;426.467310,7.214,;426.467310,7.26412,;419.990920,7.31421,;419.990920,7.3643,;419.990920,7.4144,;419.990920,7.46448,;419.990920,7.51459,;419.990920,7.5647,;419.990920,7.61481,;419.990920,7.66488,;419.990920,7.71498,;419.990920,7.76502,;419.990920,7.81509,;419.990920,7.86516,;419.990920,7.91523,;419.990920,7.96531,;419.990920,8.0154,;419.990920,8.06549,;419.990920,8.11558,;419.990920,8.16567,;419.990920,8.21576,;419.990920,8.26586,;419.990920,8.31594,;419.990920,8.36606,;419.990920,8.41614,;409.307522,8.46623,;409.307522,8.51633,;409.307522,8.56642,;409.307522,8.6165,;409.307522,8.66662,;409.307522,8.71673,;409.307522,8.76681,;409.307522,8.81689,;409.307522,8.86696,;409.307522,8.91702,;409.307522,8.96709,;409.307522,9.01717,;409.307522,9.06725,;409.307522,9.11737,;409.307522,9.16749,;409.307522,9.21757,;409.307522,9.26769,;409.307522,9.31777,;403.894540,9.36789,;403.894540,9.41798,;403.894540,9.4681,;403.894540,9.51823,;403.894540,9.56834,;403.894540,9.61843,;403.894540,9.66854,;403.894540,9.71863,;403.894540,9.76874,;403.894540,9.81886,;403.894540,9.86897,;403.894540,9.91909,;403.894540,9.96916,;403.894540,10.0193,;
inf,0.0500945,;inf,0.100208,;inf,0.150356,;inf,0.20045,;726.196081,0.25053,;695.304558,0.300622,;695.304558,0.350719,;683.101320,0.400843,;683.101320,0.450936,;683.101320,0.501059,;677.389458,0.551137,;626.622816,0.601227,;626.622816,0.651346,;626.622816,0.701461,;626.622816,0.751554,;626.622816,0.80164,;626.622816,0.851734,;626.622816,0.901823,;626.622816,0.951944,;626.622816,1.00206,;626.622816,1.05218,;626.622816,1.1023,;626.622816,1.15238,;626.622816,1.20246,;626.622816,1.25258,;626.622816,1.30268,;621.886607,1.35278,;621.886607,1.40287,;576.838708,1.45298,;576.838708,1.50307,;576.838708,1.55318,;576.838708,1.60331,;576.838708,1.65343,;576.838708,1.7035,;576.838708,1.75361,;576.838708,1.80369,;576.838708,1.8538,;576.838708,1.90389,;576.838708,1.95397,;576.838708,2.00408,;576.838708,2.0542,;576.838708,2.1043,;576.838708,2.15435,;576.838708,2.20446,;576.838708,2.25453,;576.838708,2.30464,;576.838708,2.35474,;576.838708,2.40487,;576.838708,2.45495,;576.838708,2.50503,;576.838708,2.5551,;572.802356,2.60522,;572.802356,2.65533,;572.802356,2.70544,;572.802356,2.75552,;572.802356,2.80562,;572.802356,2.8557,;572.802356,2.90581,;572.802356,2.9559,;572.802356,3.00603,;572.802356,3.05614,;565.075899,3.10623,;565.075899,3.15634,;565.075899,3.20646,;565.075899,3.25653,;565.075899,3.30661,;565.075899,3.35669,;558.938492,3.40678,;558.938492,3.45688,;558.938492,3.50697,;558.938492,3.55708,;558.938492,3.60718,;558.938492,3.65729,;558.938492,3.70737,;558.938492,3.75748,;558.938492,3.80759,;558.938492,3.8577,;558.938492,3.90781,;558.938492,3.95789,;558.938492,4.008,;545.786427,4.05812,;545.786427,4.1082,;545.786427,4.15833,;545.786427,4.20843,;545.786427,4.25851,;545.786427,4.30859,;545.786427,4.35867,;545.786427,4.40879,;545.786427,4.45887,;542.379792,4.50895,;538.150175,4.55903,;538.150175,4.60916,;538.150175,4.65927,;538.150175,4.70938,;538.150175,4.75947,;538.150175,4.80956,;538.150175,4.85965,;538.150175,4.90978,;538.150175,4.95986,;538.150175,5.00995,;532.649089,5.06003,;532.649089,5.11014,;532.649089,5.16022,;532.649089,5.21029,;532.649089,5.26038,;532.649089,5.31046,;532.649089,5.36055,;532.649089,5.41063,;532.649089,5.46072,;532.649089,5.5108,;532.649089,5.56089,;532.649089,5.61098,;532.649089,5.6611,;532.649089,5.71118,;532.649089,5.76127,;532.649089,5.81136,;532.649089,5.86144,;532.649089,5.91152,;532.649089,5.96159,;532.649089,6.01168,;532.649089,6.06181,;532.649089,6.11192,;532.649089,6.16203,;532.649089,6.21212,;532.649089,6.26222,;532.649089,6.31231,;532.649089,6.36239,;532.649089,6.41251,;532.649089,6.46259,;532.649089,6.51271,;532.649089,6.56279,;532.649089,6.61288,;532.649089,6.66296,;532.649089,6.71308,;532.649089,6.76317,;532.649089,6.81325,;532.649089,6.86338,;532.649089,6.9135,;532.649089,6.96358,;532.649089,7.01366,;532.649089,7.06377,;532.649089,7.11388,;532.649089,7.16397,;532.649089,7.21409,;532.649089,7.26421,;531.359455,7.31433,;531.359455,7.36444,;531.359455,7.41451,;531.359455,7.46462,;531.359455,7.51471,;531.359455,7.56482,;531.359455,7.6149,;531.359455,7.66498,;531.359455,7.71507,;531.359455,7.76519,;531.359455,7.81528,;531.359455,7.86539,;531.359455,7.91547,;531.359455,7.96555,;531.359455,8.01565,;531.359455,8.06573,;452.491090,8.11583,;452.491090,8.16596,;450.684813,8.21604,;450.684813,8.26612,;450.684813,8.31623,;450.684813,8.36631,;450.684813,8.41642,;450.684813,8.46649,;450.684813,8.51662,;450.684813,8.56671,;450.684813,8.61679,;450.684813,8.66688,;450.684813,8.717,;391.740320,8.76709,;391.740320,8.81721,;391.740320,8.86732,;391.740320,8.91743,;391.740320,8.96752,;391.740320,9.01759,;391.740320,9.06768,;391.740320,9.11777,;391.740320,9.16786,;391.740320,9.21794,;391.740320,9.26808,;391.740320,9.31817,;391.740320,9.36829,;391.740320,9.41836,;391.740320,9.46844,;391.740320,9.51851,;391.740320,9.56863,;391.740320,9.61871,;391.740320,9.66883,;391.740320,9.71892,;391.740320,9.76903,;391.740320,9.81912,;391.740320,9.86923,;391.740320,9.91935,;391.740320,9.96946,;391.740320,10.0195,;
inf,0.0500952,;inf,0.100181,;inf,0.15026,;inf,0.200385,;853.061070,0.250465,;762.784011,0.300577,;762.784011,0.350688,;738.850608,0.400805,;738.850608,0.4509,;738.850608,0.501009,;715.108979,0.551099,;715.108979,0.601205,;715.108979,0.651316,;715.108979,0.701426,;680.411051,0.751507,;680.411051,0.801626,;680.411051,0.85174,;680.411051,0.901853,;680.411051,0.951937,;679.978319,1.00207,;679.978319,1.05219,;679.978319,1.10231,;679.978319,1.15242,;655.004504,1.2025,;655.004504,1.25258,;655.004504,1.30266,;655.004504,1.35274,;645.805233,1.40283,;645.805233,1.45294,;645.805233,1.50302,;645.805233,1.55311,;645.805233,1.60318,;645.805233,1.65327,;645.805233,1.70335,;645.805233,1.75347,;645.805233,1.80354,;645.805233,1.85366,;645.805233,1.90377,;636.170114,1.95385,;636.170114,2.00395,;636.170114,2.05406,;636.170114,2.10416,;636.170114,2.15427,;636.170114,2.20438,;636.170114,2.25445,;636.170114,2.30452,;636.170114,2.35461,;619.705795,2.40472,;619.705795,2.45481,;599.855396,2.50493,;599.855396,2.55501,;599.855396,2.6051,;599.855396,2.65522,;599.855396,2.70533,;599.855396,2.75544,;599.855396,2.80551,;599.855396,2.85561,;599.855396,2.90565,;599.855396,2.95576,;599.855396,3.00583,;599.855396,3.05594,;599.855396,3.10602,;599.855396,3.15613,;599.855396,3.20621,;599.855396,3.25633,;599.855396,3.3064,;599.855396,3.35652,;599.855396,3.4066,;599.855396,3.45671,;599.855396,3.50679,;599.855396,3.55687,;585.840082,3.60696,;585.840082,3.65707,;585.840082,3.70715,;585.840082,3.75727,;585.840082,3.80738,;585.840082,3.85749,;585.840082,3.90761,;585.840082,3.95771,;585.840082,4.00783,;463.348044,4.05794,;463.348044,4.10802,;422.746892,4.15813,;422.746892,4.20824,;414.011562,4.25829,;414.011562,4.30837,;414.011562,4.35844,;414.011562,4.40852,;414.011562,4.45864,;414.011562,4.50875,;414.011562,4.55886,;414.011562,4.60897,;414.011562,4.65904,;414.011562,4.70915,;414.011562,4.75923,;414.011562,4.80934,;414.011562,4.85945,;412.825373,4.90956,;412.825373,4.95967,;393.667809,5.00978,;393.667809,5.05989,;393.667809,5.11,;393.667809,5.16012,;393.667809,5.2102,;393.667809,5.26029,;393.667809,5.31036,;393.667809,5.36044,;393.667809,5.41052,;393.667809,5.4606,;393.667809,5.51067,;393.667809,5.56079,;393.667809,5.61086,;393.667809,5.66095,;393.667809,5.71104,;393.667809,5.76115,;393.667809,5.81127,;393.667809,5.86134,;393.667809,5.91143,;393.667809,5.96151,;393.667809,6.0116,;393.667809,6.06175,;393.667809,6.11184,;393.667809,6.16196,;393.667809,6.21205,;393.667809,6.26212,;393.667809,6.31221,;393.667809,6.36227,;392.226778,6.41235,;392.226778,6.46243,;392.226778,6.51251,;392.226778,6.56261,;392.226778,6.61269,;392.226778,6.66282,;383.482519,6.71293,;383.482519,6.76301,;383.482519,6.81309,;383.482519,6.86317,;383.482519,6.91327,;373.888412,6.96336,;373.888412,7.01344,;373.888412,7.06356,;373.888412,7.11367,;373.888412,7.16378,;373.888412,7.21385,;373.888412,7.26398,;373.888412,7.31407,;373.888412,7.36418,;369.655654,7.41426,;369.655654,7.46438,;369.655654,7.51445,;369.655654,7.56452,;369.655654,7.6146,;369.655654,7.66469,;369.655654,7.71478,;361.440048,7.7649,;361.440048,7.81498,;361.440048,7.86508,;361.440048,7.91517,;361.440048,7.96526,;361.440048,8.01538,;361.440048,8.06549,;355.725387,8.11557,;355.725387,8.16565,;355.725387,8.21572,;355.725387,8.26579,;355.725387,8.31587,;355.725387,8.36598,;355.725387,8.41609,;355.725387,8.46621,;355.725387,8.5163,;355.725387,8.56638,;355.725387,8.61649,;355.725387,8.66657,;355.725387,8.71668,;355.725387,8.76678,;355.725387,8.81687,;355.725387,8.86696,;355.725387,8.91705,;355.725387,8.96715,;355.725387,9.01723,;355.725387,9.06731,;355.725387,9.1174,;355.725387,9.16751,;355.725387,9.21761,;355.725387,9.26773,;355.725387,9.31781,;355.725387,9.36794,;355.725387,9.41805,;355.725387,9.46814,;355.725387,9.51823,;355.725387,9.56837,;355.725387,9.61845,;355.725387,9.66856,;355.725387,9.71864,;355.725387,9.76875,;355.725387,9.81884,;355.725387,9.86892,;355.725387,9.919,;355.725387,9.96911,;355.725387,10.0192,;355.725387,10.0693,;
inf,0.050067,;inf,0.100165,;1010.010699,0.150256,;1010.010699,0.200335,;1010.010699,0.250418,;1010.010699,0.300508,;1010.010699,0.350596,;829.822120,0.400712,;829.822120,0.450824,;829.822120,0.500896,;829.822120,0.550988,;829.822120,0.601099,;829.822120,0.651192,;829.822120,0.701303,;829.822120,0.751386,;777.492782,0.801506,;777.492782,0.851626,;777.492782,0.901715,;777.492782,0.951854,;777.492782,1.00193,;777.492782,1.05205,;777.492782,1.10215,;777.492782,1.15228,;777.492782,1.20238,;777.492782,1.2525,;777.492782,1.30259,;777.492782,1.3527,;777.492782,1.40281,;772.082612,1.45286,;772.082612,1.50293,;772.082612,1.55301,;772.082612,1.6031,;772.082612,1.65319,;772.082612,1.70328,;772.082612,1.75337,;772.082612,1.80345,;772.082612,1.85354,;772.082612,1.90365,;766.659064,1.95377,;766.659064,2.00386,;766.659064,2.05395,;766.659064,2.10404,;766.659064,2.15413,;766.659064,2.20426,;766.659064,2.25435,;766.659064,2.30446,;766.659064,2.35456,;740.947825,2.40465,;740.947825,2.45475,;740.947825,2.50487,;740.947825,2.55496,;740.947825,2.60508,;740.947825,2.65517,;740.947825,2.70526,;740.947825,2.75537,;727.394492,2.80545,;727.394492,2.85552,;727.394492,2.90563,;727.394492,2.95576,;727.394492,3.00583,;727.394492,3.05595,;727.394492,3.10602,;727.394492,3.15614,;727.394492,3.20624,;727.394492,3.25635,;727.394492,3.30645,;727.394492,3.35656,;727.394492,3.40666,;727.394492,3.45674,;727.394492,3.50684,;727.394492,3.55691,;727.394492,3.607,;727.394492,3.65713,;727.394492,3.70722,;727.394492,3.7573,;709.543847,3.8074,;690.049537,3.8575,;690.049537,3.90757,;690.049537,3.95766,;690.049537,4.00779,;690.049537,4.05787,;690.049537,4.10796,;690.049537,4.15806,;690.049537,4.20815,;690.049537,4.25825,;690.049537,4.30838,;690.049537,4.35847,;690.049537,4.4086,;690.049537,4.4587,;690.049537,4.50881,;690.049537,4.5589,;690.049537,4.60902,;690.049537,4.65913,;690.049537,4.70924,;690.049537,4.75938,;690.049537,4.80949,;690.049537,4.85959,;690.049537,4.90972,;690.049537,4.95979,;690.049537,5.00987,;690.049537,5.05995,;690.049537,5.11003,;690.049537,5.16011,;690.049537,5.2102,;690.049537,5.26026,;690.049537,5.31037,;690.049537,5.36045,;690.049537,5.41056,;690.049537,5.46064,;690.049537,5.51076,;479.512458,5.56084,;479.512458,5.61097,;479.512458,5.66105,;479.512458,5.71117,;443.710360,5.76126,;443.710360,5.81139,;443.710360,5.86148,;443.710360,5.91159,;443.710360,5.96168,;443.710360,6.0118,;443.710360,6.06188,;443.710360,6.112,;443.710360,6.16208,;443.710360,6.21217,;443.710360,6.26227,;443.710360,6.31239,;443.710360,6.36247,;443.710360,6.41257,;443.710360,6.4627,;443.710360,6.51285,;443.710360,6.56294,;443.710360,6.61306,;443.710360,6.66315,;443.710360,6.71328,;443.710360,6.76336,;443.710360,6.81345,;443.710360,6.86356,;443.710360,6.91367,;443.710360,6.96376,;443.710360,7.01382,;443.710360,7.0639,;443.710360,7.11398,;443.710360,7.1641,;443.710360,7.21421,;437.987629,7.2643,;434.769600,7.31438,;434.769600,7.36447,;434.769600,7.41455,;434.769600,7.46463,;434.769600,7.51472,;432.026149,7.56481,;432.026149,7.6149,;432.026149,7.66502,;432.026149,7.7151,;430.575287,7.76519,;430.575287,7.81527,;430.575287,7.86536,;430.575287,7.91548,;430.575287,7.9656,;429.333926,8.01573,;429.333926,8.06583,;429.333926,8.11595,;429.333926,8.16603,;429.333926,8.21611,;429.333926,8.2662,;429.333926,8.31628,;429.333926,8.36636,;429.333926,8.41648,;425.761333,8.46658,;425.761333,8.51667,;425.761333,8.56675,;425.761333,8.61685,;425.761333,8.66697,;425.761333,8.71705,;425.761333,8.76714,;425.761333,8.81723,;425.761333,8.86734,;425.761333,8.91744,;425.761333,8.96756,;425.761333,9.01769,;425.761333,9.06781,;415.726663,9.11789,;415.726663,9.16796,;415.726663,9.21805,;415.726663,9.26817,;415.726663,9.31826,;415.726663,9.36839,;415.726663,9.41848,;415.726663,9.46861,;415.726663,9.51873,;415.726663,9.56885,;415.726663,9.61894,;415.726663,9.66905,;415.726663,9.71915,;415.726663,9.76927,;415.726663,9.81936,;415.726663,9.86948,;415.726663,9.9196,;415.726663,9.96971,;415.726663,10.0198,;415.726663,10.0699,;
inf,0.0500982,;inf,0.100193,;inf,0.150266,;inf,0.20038,;651.009143,0.250459,;646.140870,0.300576,;630.127758,0.350668,;630.127758,0.400754,;630.127758,0.450847,;607.989981,0.500966,;607.989981,0.551077,;607.989981,0.601187,;607.989981,0.651305,;596.751174,0.701412,;596.751174,0.751521,;596.751174,0.801629,;576.040144,0.851704,;576.040144,0.901813,;573.225920,0.951929,;573.225920,1.00202,;573.225920,1.05213,;573.225920,1.10221,;573.225920,1.15233,;573.225920,1.20241,;572.133626,1.25252,;572.133626,1.30261,;572.133626,1.35274,;572.133626,1.40283,;572.133626,1.45293,;572.133626,1.50305,;546.060088,1.55312,;546.060088,1.60323,;546.060088,1.65335,;546.060088,1.70347,;546.060088,1.75358,;546.060088,1.80368,;546.060088,1.85375,;546.060088,1.90386,;530.492706,1.95396,;530.492706,2.00405,;530.492706,2.05418,;530.492706,2.10432,;530.492706,2.1544,;530.492706,2.20453,;530.492706,2.25462,;530.492706,2.30475,;530.492706,2.35489,;530.492706,2.40496,;530.492706,2.45504,;530.492706,2.50511,;530.492706,2.55519,;530.492706,2.60531,;530.492706,2.65541,;530.492706,2.70549,;530.492706,2.75559,;530.492706,2.80576,;530.492706,2.85584,;530.492706,2.90593,;524.281992,2.95601,;524.281992,3.0061,;524.281992,3.05622,;518.896137,3.1063,;512.674308,3.15638,;512.674308,3.20647,;512.674308,3.25656,;512.674308,3.30663,;512.674308,3.35671,;512.674308,3.40679,;512.674308,3.45687,;512.674308,3.50697,;512.674308,3.55708,;499.938849,3.6072,;499.938849,3.65731,;489.779036,3.70742,;489.779036,3.75754,;489.779036,3.80766,;489.779036,3.85778,;489.779036,3.90789,;489.779036,3.95801,;489.779036,4.0081,;489.779036,4.05821,;489.779036,4.10833,;489.779036,4.15842,;489.779036,4.20855,;489.779036,4.25865,;489.779036,4.30878,;489.779036,4.35889,;489.779036,4.40901,;489.779036,4.45911,;476.527061,4.50923,;466.686389,4.55933,;466.686389,4.60946,;448.932345,4.6596,;432.556113,4.70973,;432.556113,4.75983,;432.556113,4.80995,;432.556113,4.86003,;432.556113,4.91016,;432.556113,4.96024,;432.556113,5.01033,;432.556113,5.06041,;432.556113,5.1105,;432.556113,5.16059,;432.556113,5.2107,;432.556113,5.26081,;432.556113,5.31091,;432.556113,5.361,;432.556113,5.41115,;432.556113,5.46123,;432.556113,5.51133,;432.556113,5.56142,;432.556113,5.6115,;432.556113,5.66163,;432.556113,5.7117,;432.556113,5.76178,;432.556113,5.81195,;432.556113,5.86205,;432.556113,5.91214,;432.556113,5.9622,;432.556113,6.01229,;432.556113,6.06237,;432.556113,6.11245,;432.556113,6.16254,;432.556113,6.21268,;432.556113,6.26277,;432.556113,6.31285,;432.556113,6.36294,;432.556113,6.41303,;432.556113,6.46314,;432.556113,6.51323,;432.556113,6.56332,;432.556113,6.61343,;432.556113,6.66353,;432.556113,6.7136,;432.556113,6.7637,;432.556113,6.8138,;432.556113,6.8639,;432.556113,6.91403,;432.556113,6.96413,;432.556113,7.0142,;432.556113,7.06432,;432.556113,7.1144,;432.556113,7.16453,;432.556113,7.21466,;432.556113,7.26476,;432.556113,7.31487,;432.556113,7.36497,;432.556113,7.41508,;432.556113,7.4652,;432.556113,7.51531,;432.556113,7.56544,;432.556113,7.61556,;432.556113,7.66569,;432.556113,7.71581,;432.556113,7.76593,;432.556113,7.81606,;432.556113,7.86619,;432.556113,7.91629,;432.556113,7.96638,;412.741700,8.01647,;412.741700,8.06657,;412.741700,8.11668,;412.741700,8.16678,;412.741700,8.21692,;412.741700,8.26701,;393.038289,8.31712,;393.038289,8.36723,;393.038289,8.41735,;393.038289,8.46744,;393.038289,8.51756,;389.837282,8.56765,;389.837282,8.61772,;389.837282,8.66785,;389.837282,8.71796,;389.837282,8.76808,;389.837282,8.81819,;389.837282,8.8683,;389.837282,8.91838,;389.837282,8.9685,;389.837282,9.01858,;389.837282,9.0687,;389.837282,9.11879,;389.837282,9.16891,;389.837282,9.21905,;389.837282,9.26912,;389.837282,9.3192,;380.147199,9.36931,;380.147199,9.4194,;380.147199,9.46947,;380.147199,9.51955,;380.147199,9.56962,;380.147199,9.6197,;380.147199,9.66982,;373.826399,9.71991,;373.826399,9.77,;373.826399,9.82009,;371.528814,9.87017,;371.528814,9.92025,;371.528814,9.97033,;371.528814,10.0204,;
inf,0.0500953,;inf,0.100203,;627.012560,0.150311,;627.012560,0.200427,;627.012560,0.250539,;627.012560,0.300615,;627.012560,0.350725,;604.398484,0.400796,;604.398484,0.450879,;604.398484,0.500973,;604.398484,0.551064,;604.398484,0.601182,;604.398484,0.651268,;599.478454,0.701365,;599.478454,0.751444,;599.478454,0.801555,;599.478454,0.851629,;599.478454,0.901717,;599.478454,0.951796,;599.478454,1.00189,;599.478454,1.05201,;599.478454,1.1021,;599.478454,1.15221,;563.406038,1.20234,;563.406038,1.25242,;563.406038,1.30251,;563.406038,1.35258,;559.201947,1.40269,;559.201947,1.4528,;559.201947,1.50289,;555.991504,1.55297,;555.991504,1.60309,;555.991504,1.65318,;555.991504,1.70329,;555.991504,1.75337,;555.991504,1.80349,;531.992110,1.85357,;531.992110,1.90369,;531.992110,1.95378,;531.992110,2.00391,;531.992110,2.05399,;531.992110,2.10411,;531.992110,2.15423,;531.992110,2.20435,;531.992110,2.25446,;531.992110,2.30457,;531.992110,2.35468,;531.992110,2.40475,;531.992110,2.45486,;531.992110,2.50495,;531.992110,2.55506,;531.992110,2.60515,;531.992110,2.65523,;531.992110,2.7053,;531.992110,2.75537,;531.992110,2.80545,;531.992110,2.85553,;531.992110,2.90561,;531.992110,2.95572,;531.992110,3.0058,;531.992110,3.05591,;531.992110,3.10599,;531.992110,3.15608,;531.992110,3.2062,;531.992110,3.25632,;531.992110,3.30641,;531.992110,3.35652,;531.992110,3.40663,;531.992110,3.4567,;531.992110,3.50678,;531.992110,3.55687,;531.992110,3.60695,;531.992110,3.65705,;531.992110,3.70716,;531.992110,3.75726,;531.992110,3.80735,;531.992110,3.85744,;531.992110,3.90756,;531.992110,3.95765,;531.992110,4.00777,;531.992110,4.05786,;531.992110,4.10798,;531.992110,4.15805,;531.992110,4.20814,;531.992110,4.25825,;531.992110,4.30835,;531.992110,4.35846,;531.992110,4.40855,;531.992110,4.45867,;531.992110,4.50874,;527.058482,4.55882,;527.058482,4.6089,;527.058482,4.65901,;527.058482,4.7091,;527.058482,4.75921,;527.058482,4.80929,;527.058482,4.85941,;527.058482,4.9095,;526.955251,4.95963,;526.495046,5.00974,;526.495046,5.05982,;526.495046,5.1099,;526.495046,5.15998,;526.495046,5.21008,;526.495046,5.26018,;526.495046,5.31027,;526.495046,5.36039,;526.495046,5.4105,;526.495046,5.46058,;526.495046,5.51067,;523.796858,5.56075,;523.796858,5.61086,;523.796858,5.66095,;523.796858,5.71104,;523.796858,5.76113,;523.796858,5.81122,;523.796858,5.86131,;523.796858,5.9114,;523.796858,5.96149,;523.796858,6.01158,;457.701058,6.06167,;457.701058,6.11176,;455.088602,6.16185,;455.088602,6.21193,;455.088602,6.26206,;455.088602,6.31214,;442.294877,6.36226,;442.294877,6.41238,;442.294877,6.4625,;442.294877,6.51261,;442.294877,6.56269,;432.683398,6.61277,;432.683398,6.66285,;432.683398,6.71294,;432.683398,6.76302,;432.683398,6.81315,;432.683398,6.86325,;432.683398,6.91334,;430.287925,6.96346,;430.287925,7.01358,;430.287925,7.06371,;430.287925,7.11379,;425.519828,7.16393,;408.282778,7.21405,;408.282778,7.26417,;408.282778,7.31426,;408.282778,7.36435,;408.282778,7.41447,;408.282778,7.46457,;408.282778,7.51465,;408.282778,7.56472,;408.282778,7.61481,;408.282778,7.6649,;408.282778,7.71499,;408.282778,7.76509,;408.282778,7.81521,;408.282778,7.8653,;408.282778,7.91539,;408.282778,7.96552,;408.282778,8.01561,;408.282778,8.06571,;408.282778,8.1158,;408.282778,8.16588,;408.282778,8.21597,;408.282778,8.26609,;408.282778,8.31621,;408.282778,8.36632,;408.282778,8.41644,;408.282778,8.46656,;408.282778,8.51661,;408.282778,8.56669,;408.282778,8.61677,;408.282778,8.66689,;408.282778,8.71698,;408.282778,8.76707,;408.282778,8.81717,;408.282778,8.86728,;408.282778,8.91738,;408.282778,8.96746,;394.784090,9.01756,;394.784090,9.06769,;394.784090,9.11778,;394.784090,9.16786,;394.784090,9.21796,;394.784090,9.26807,;394.784090,9.31819,;394.784090,9.36831,;380.269801,9.41838,;380.269801,9.46846,;380.269801,9.51861,;380.269801,9.56869,;373.561867,9.61882,;373.561867,9.6689,;373.561867,9.71902,;373.561867,9.76912,;373.561867,9.81924,;373.561867,9.86934,;373.561867,9.91946,;373.561867,9.96959,;373.561867,10.0197,;
inf,0.0501487,;inf,0.100239,;691.242240,0.150361,;691.242240,0.200443,;691.242240,0.25054,;691.242240,0.300635,;691.242240,0.350699,;656.632584,0.400785,;656.632584,0.45087,;656.632584,0.500945,;656.632584,0.551028,;641.201264,0.601131,;641.201264,0.651219,;641.201264,0.701311,;641.201264,0.751405,;641.201264,0.801526,;641.201264,0.851614,;641.201264,0.901708,;641.201264,0.951793,;641.201264,1.00192,;641.201264,1.05201,;641.201264,1.10213,;641.201264,1.15222,;641.201264,1.20235,;544.547715,1.25244,;544.547715,1.30251,;497.236409,1.35259,;497.236409,1.40269,;497.236409,1.45278,;497.236409,1.50285,;497.236409,1.55293,;497.236409,1.603,;497.236409,1.65309,;496.920312,1.70318,;496.920312,1.7533,;496.920312,1.80337,;496.920312,1.85349,;496.920312,1.90358,;496.920312,1.95369,;496.920312,2.00381,;496.920312,2.05391,;496.920312,2.10402,;496.920312,2.15414,;496.920312,2.20425,;496.920312,2.25432,;496.920312,2.30442,;487.626645,2.35451,;487.626645,2.40459,;476.657651,2.45467,;476.657651,2.50478,;476.657651,2.55486,;476.657651,2.60498,;464.778038,2.65506,;464.778038,2.70514,;464.778038,2.75523,;464.778038,2.80531,;464.778038,2.8554,;464.778038,2.90552,;464.778038,2.95562,;464.778038,3.00575,;464.778038,3.05583,;464.778038,3.10595,;464.778038,3.15608,;464.778038,3.20619,;464.778038,3.25631,;464.778038,3.30643,;464.778038,3.35655,;464.778038,3.40666,;464.778038,3.45678,;464.778038,3.50685,;464.778038,3.55697,;464.778038,3.60706,;464.778038,3.65714,;464.778038,3.70723,;464.778038,3.75734,;464.778038,3.80744,;464.778038,3.85756,;464.778038,3.90765,;464.778038,3.95777,;464.778038,4.00786,;464.778038,4.05798,;464.778038,4.1081,;464.778038,4.15823,;464.778038,4.20834,;464.778038,4.25846,;464.778038,4.30858,;464.778038,4.3587,;464.778038,4.40882,;464.778038,4.4589,;464.778038,4.50902,;464.778038,4.5591,;464.778038,4.60922,;464.778038,4.65932,;464.778038,4.70943,;464.778038,4.75952,;464.778038,4.80965,;464.778038,4.85974,;464.778038,4.90986,;464.778038,4.95994,;464.778038,5.01006,;464.778038,5.06018,;464.778038,5.1103,;464.778038,5.16041,;464.778038,5.21052,;464.778038,5.26064,;464.778038,5.31074,;464.778038,5.36086,;464.778038,5.41094,;464.778038,5.46105,;464.778038,5.51113,;464.778038,5.56125,;464.778038,5.61134,;464.778038,5.66147,;464.778038,5.71159,;464.778038,5.7617,;464.778038,5.8118,;464.778038,5.86192,;464.778038,5.912,;464.778038,5.96212,;464.778038,6.01221,;464.778038,6.06234,;464.778038,6.11245,;464.778038,6.16254,;464.778038,6.21263,;464.778038,6.26273,;464.778038,6.31282,;464.778038,6.3629,;464.778038,6.41299,;464.778038,6.46312,;464.778038,6.51324,;464.778038,6.56335,;464.778038,6.61347,;464.778038,6.66355,;464.268770,6.71366,;464.268770,6.76375,;464.268770,6.81387,;464.268770,6.86396,;464.268770,6.91405,;464.268770,6.96414,;464.268770,7.01426,;464.268770,7.06435,;464.268770,7.11444,;464.268770,7.16452,;464.268770,7.21461,;464.268770,7.2647,;464.268770,7.31483,;464.268770,7.36495,;464.268770,7.41504,;464.268770,7.46513,;464.268770,7.51522,;464.268770,7.56535,;464.268770,7.61542,;464.268770,7.66554,;464.268770,7.71564,;464.268770,7.76576,;464.268770,7.81586,;464.268770,7.86597,;464.268770,7.91606,;464.268770,7.96618,;464.268770,8.01626,;464.268770,8.06635,;464.268770,8.11648,;464.268770,8.16657,;464.268770,8.21669,;464.268770,8.26677,;464.268770,8.31688,;464.268770,8.36695,;429.134805,8.41703,;429.134805,8.46712,;429.134805,8.51722,;398.262841,8.56731,;398.262841,8.61739,;398.262841,8.66747,;380.660582,8.71759,;380.660582,8.76772,;380.660582,8.8178,;380.660582,8.86793,;380.660582,8.91802,;380.660582,8.96812,;380.660582,9.01823,;372.467231,9.06835,;372.467231,9.11846,;372.467231,9.16855,;372.467231,9.21863,;372.467231,9.26876,;372.467231,9.31884,;372.467231,9.36892,;372.467231,9.41901,;372.467231,9.46909,;372.467231,9.51917,;372.467231,9.56926,;372.467231,9.61936,;372.467231,9.66948,;372.467231,9.71956,;372.467231,9.76964,;372.467231,9.81975,;372.467231,9.86983,;372.467231,9.91991,;372.467231,9.97003,;372.467231,10.0201,;
.
control_mod_RRT
10 common properties
goal_bias = 0.05
intermediate_states = 0
longest_valid_segment_fraction = 0.01
max_control_duration = 20
min_control_duration = 1
projection.cellsize.0 = 5
projection.cellsize.1 = 5
projection.cellsize_factor = 0
propagation_step_size = 0.1
valid_segment_count_factor = 1
14 properties for each run
approximate solution BOOLEAN
correct solution BOOLEAN
graph motions INTEGER
graph states INTEGER
memory REAL
solution clearance REAL
solution difference REAL
solution length REAL
solution path length REAL
solution segments INTEGER
solved BOOLEAN
status ENUM
time REAL
valid segment fraction REAL
100 runs
0; 1; 6388; 6389; 142.215; 0; 0; 28.6; 213.349; 286; 1; 6; 0.16947; 0; 
0; 1; 7208; 7209; 142.215; 0; 0; 29.3; 236.149; 293; 1; 6; 0.199094; 0; 
0; 1; 4235; 4236; 142.215; 0; 0; 25.1; 198.137; 251; 1; 6; 0.111466; 0; 
0; 1; 11404; 11405; 142.215; 0; 0; 32.1; 220.263; 320; 1; 6; 0.351573; 0; 
0; 1; 22979; 22980; 142.984; 0; 0; 38.5; 284.736; 385; 1; 6; 0.85317; 0; 
0; 1; 3492; 3493; 148.398; 0; 0; 28.5; 209.42; 285; 1; 6; 0.0925921; 0; 
0; 1; 14122; 14123; 148.398; 0; 0; 29.5; 225.297; 295; 1; 6; 0.471567; 0; 
0; 1; 9272; 9273; 148.398; 0; 0; 35.2; 239.066; 352; 1; 6; 0.290148; 0; 
0; 1; 9922; 9923; 148.398; 0; 0; 36.5; 301.727; 365; 1; 6; 0.299608; 0; 
0; 1; 4046; 4047; 148.398; 0; 0; 21.6; 172.926; 208; 1; 6; 0.10988; 0; 
0; 1; 8631; 8632; 148.398; 0; 0; 24.2; 201.305; 242; 1; 6; 0.243453; 0; 
0; 1; 5070; 5071; 148.398; 0; 0; 32.2; 223.182; 322; 1; 6; 0.124881; 0; 
0; 1; 4795; 4796; 148.398; 0; 0; 38.5; 277.079; 385; 1; 6; 0.138381; 0; 
0; 1; 5543; 5544; 148.398; 0; 0; 33.4; 259.489; 334; 1; 6; 0.151437; 0; 
0; 1; 9376; 9377; 148.398; 0; 0; 29.7; 231.972; 297; 1; 6; 0.312046; 0; 
0; 1; 15972; 15973; 148.398; 0; 0; 36; 214.612; 357; 1; 6; 0.559839; 0; 
0; 1; 6282; 6283; 148.398; 0; 0; 30.4; 240.387; 304; 1; 6; 0.174839; 0; 
0; 1; 9184; 9185; 148.398; 0; 0; 31.7; 248.086; 317; 1; 6; 0.274905; 0; 
0; 1; 21039; 21040; 148.398; 0; 0; 37.5; 257.162; 375; 1; 6; 0.71165; 0; 
0; 1; 3096; 3097; 148.398; 0; 0; 31.6; 228.857; 316; 1; 6; 0.0855415; 0; 
0; 1; 7141; 7142; 148.398; 0; 0; 28.4; 219.591; 284; 1; 6; 0.197566; 0; 
0; 1; 9250; 9251; 148.398; 0; 0; 35.1; 252.59; 351; 1; 6; 0.296629; 0; 
0; 1; 8259; 8260; 148.398; 0; 0; 30.7; 226.637; 307; 1; 6; 0.238576; 0; 
0; 1; 4837; 4838; 148.398; 0; 0; 31.7; 237.06; 317; 1; 6; 0.137566; 0; 
0; 1; 7475; 7476; 148.398; 0; 0; 31; 246.296; 310; 1; 6; 0.208906; 0; 
0; 1; 6803; 6804; 148.398; 0; 0; 31; 227.993; 310; 1; 6; 0.206452; 0; 
0; 1; 6961; 6962; 148.398; 0; 0; 32.7; 239.278; 327; 1; 6; 0.195212; 0; 
0; 1; 11202; 11203; 148.398; 0; 0; 35; 245.99; 350; 1; 6; 0.351709; 0; 
0; 1; 6970; 6971; 148.398; 0; 0; 41; 270.748; 410; 1; 6; 0.199187; 0; 
0; 1; 5902; 5903; 148.398; 0; 0; 26.8; 192.545; 268; 1; 6; 0.164328; 0; 
0; 1; 6855; 6856; 148.398; 0; 0; 25.6; 203.488; 256; 1; 6; 0.192138; 0; 
0; 1; 8748; 8749; 148.398; 0; 0; 38.7; 284.114; 387; 1; 6; 0.281015; 0; 
0; 1; 4056; 4057; 148.398; 0; 0; 28.1; 211.381; 281; 1; 6; 0.110154; 0; 
0; 1; 6752; 6753; 148.398; 0; 0; 31.6; 236.595; 316; 1; 6; 0.202275; 0; 
0; 1; 3755; 3756; 148.398; 0; 0; 30; 240.225; 300; 1; 6; 0.0957487; 0; 
0; 1; 5015; 5016; 148.398; 0; 0; 31.1; 227.329; 311; 1; 6; 0.135203; 0; 
0; 1; 10034; 10035; 148.398; 0; 0; 39.4; 274.55; 394; 1; 6; 0.325144; 0; 
0; 1; 5944; 5945; 148.398; 0; 0; 28.8; 201.699; 288; 1; 6; 0.163642; 0; 
0; 1; 4763; 4764; 148.398; 0; 0; 32.9; 234.588; 329; 1; 6; 0.122731; 0; 
0; 1; 14015; 14016; 148.398; 0; 0; 30.9; 222.399; 309; 1; 6; 0.482325; 0; 
0; 1; 3879; 3880; 148.398; 0; 0; 21.7; 189.942; 217; 1; 6; 0.103956; 0; 
0; 1; 3971; 3972; 148.398; 0; 0; 26.8; 213.648; 268; 1; 6; 0.100643; 0; 
0; 1; 10615; 10616; 148.398; 0; 0; 30; 219.861; 294; 1; 6; 0.331808; 0; 
0; 1; 8193; 8194; 148.398; 0; 0; 33.4; 252.336; 334; 1; 6; 0.245629; 0; 
0; 1; 5774; 5775; 148.398; 0; 0; 37.2; 252.881; 372; 1; 6; 0.150432; 0; 
0; 1; 5740; 5741; 148.398; 0; 0; 34.5; 234.789; 345; 1; 6; 0.169628; 0; 
0; 1; 14081; 14082; 148.398; 0; 0; 34; 253.958; 340; 1; 6; 0.488651; 0; 
0; 1; 5130; 5131; 148.398; 0; 0; 27.2; 203.967; 272; 1; 6; 0.139793; 0; 
0; 1; 6232; 6233; 148.398; 0; 0; 29.5; 239.302; 295; 1; 6; 0.175017; 0; 
0; 1; 5585; 5586; 148.398; 0; 0; 27.7; 224.611; 277; 1; 6; 0.150661; 0; 
0; 1; 6733; 6734; 148.398; 0; 0; 28.8; 200.863; 288; 1; 6; 0.181175; 0; 
0; 1; 6601; 6602; 148.398; 0; 0; 38; 285.186; 380; 1; 6; 0.188574; 0; 
0; 1; 4457; 4458; 148.398; 0; 0; 29.4; 223.804; 294; 1; 6; 0.113811; 0; 
0; 1; 4200; 4201; 148.398; 0; 0; 34.3; 266.458; 343; 1; 6; 0.115095; 0; 
0; 1; 6588; 6589; 148.398; 0; 0; 33; 226.607; 330; 1; 6; 0.195366; 0; 
0; 1; 10641; 10642; 148.398; 0; 0; 29.1; 223.116; 291; 1; 6; 0.32133; 0; 
0; 1; 5129; 5130; 148.398; 0; 0; 27.7; 206.714; 277; 1; 6; 0.144177; 0; 
0; 1; 11675; 11676; 148.398; 0; 0; 27.1; 195.064; 271; 1; 6; 0.398594; 0; 
0; 1; 4125; 4126; 148.398; 0; 0; 24.8; 185.275; 248; 1; 6; 0.104641; 0; 
0; 1; 11431; 11432; 148.398; 0; 0; 29.7; 237.761; 297; 1; 6; 0.336575; 0; 
0; 1; 8602; 8603; 148.398; 0; 0; 25.6; 184.882; 248; 1; 6; 0.230464; 0; 
0; 1; 6627; 6628; 148.398; 0; 0; 30.4; 219.345; 304; 1; 6; 0.191601; 0; 
0; 1; 6101; 6102; 148.398; 0; 0; 36.9; 272.462; 369; 1; 6; 0.192643; 0; 
0; 1; 4536; 4537; 148.398; 0; 0; 27.5; 197.649; 275; 1; 6; 0.114967; 0; 
0; 1; 5011; 5012; 148.398; 0; 0; 33.6; 219.96; 336; 1; 6; 0.117671; 0; 
0; 1; 11091; 11092; 148.398; 0; 0; 39.6; 256.74; 396; 1; 6; 0.338457; 0; 
0; 1; 9349; 9350; 148.398; 0; 0; 31.6; 234.269; 316; 1; 6; 0.247069; 0; 
0; 1; 4584; 4585; 148.398; 0; 0; 28.9; 219.946; 282; 1; 6; 0.117756; 0; 
0; 1; 8055; 8056; 148.398; 0; 0; 34.8; 245.295; 344; 1; 6; 0.217767; 0; 
0; 1; 10497; 10498; 148.398; 0; 0; 35.8; 234.177; 358; 1; 6; 0.321609; 0; 
0; 1; 4804; 4805; 148.398; 0; 0; 28; 218.258; 280; 1; 6; 0.12952; 0; 
0; 1; 13594; 13595; 148.398; 0; 0; 27.2; 215.419; 270; 1; 6; 0.462011; 0; 
0; 1; 6590; 6591; 148.398; 0; 0; 31.3; 232.237; 313; 1; 6; 0.183247; 0; 
0; 1; 7210; 7211; 148.398; 0; 0; 33.8; 264.042; 338; 1; 6; 0.231666; 0; 
0; 1; 5339; 5340; 148.398; 0; 0; 35.6; 258.152; 356; 1; 6; 0.152125; 0; 
0; 1; 23302; 23303; 148.398; 0; 0; 25.4; 213.825; 242; 1; 6; 0.762009; 0; 
0; 1; 7496; 7497; 148.914; 0; 0; 28; 241.159; 280; 1; 6; 0.214964; 0; 
0; 1; 11647; 11648; 148.914; 0; 0; 27.4; 224.058; 274; 1; 6; 0.331982; 0; 
0; 1; 5403; 5404; 148.914; 0; 0; 32.1; 244.475; 321; 1; 6; 0.16832; 0; 
0; 1; 16565; 16566; 148.914; 0; 0; 35.2; 286.287; 338; 1; 6; 0.580032; 0; 
0; 1; 8755; 8756; 148.914; 0; 0; 28.2; 233.995; 282; 1; 6; 0.266407; 0; 
0; 1; 5931; 5932; 148.914; 0; 0; 26.9; 236.367; 269; 1; 6; 0.156232; 0; 
0; 1; 4473; 4474; 148.914; 0; 0; 36.1; 257.177; 361; 1; 6; 0.126486; 0; 
0; 1; 11186; 11187; 148.914; 0; 0; 38.4; 266.533; 384; 1; 6; 0.349535; 0; 
0; 1; 5240; 5241; 148.914; 0; 0; 29; 235.762; 290; 1; 6; 0.140021; 0; 
0; 1; 4181; 4182; 148.914; 0; 0; 28; 190.074; 280; 1; 6; 0.121026; 0; 
0; 1; 5965; 5966; 148.914; 0; 0; 28; 196.122; 280; 1; 6; 0.170944; 0; 
0; 1; 12711; 12712; 148.914; 0; 0; 36.9; 221.377; 369; 1; 6; 0.437287; 0; 
0; 1; 5968; 5969; 148.914; 0; 0; 29.5; 195.788; 295; 1; 6; 0.169761; 0; 
0; 1; 3629; 3630; 148.914; 0; 0; 30.1; 219.123; 301; 1; 6; 0.0962175; 0; 
0; 1; 7557; 7558; 148.914; 0; 0; 31.5; 218.257; 312; 1; 6; 0.236742; 0; 
0; 1; 3611; 3612; 148.914; 0; 0; 23.9; 201.495; 239; 1; 6; 0.0838293; 0; 
0; 1; 12473; 12474; 148.914; 0; 0; 35.3; 253.608; 352; 1; 6; 0.357708; 0; 
0; 1; 13144; 13145; 148.914; 0; 0; 39.5; 283.406; 395; 1; 6; 0.399788; 0; 
0; 1; 4327; 4328; 148.914; 0; 0; 34.8; 259.148; 348; 1; 6; 0.114211; 0; 
0; 1; 7126; 7127; 148.914; 0; 0; 35; 260.757; 350; 1; 6; 0.227911; 0; 
0; 1; 13540; 13541; 148.914; 0; 0; 38; 263.637; 380; 1; 6; 0.396657; 0; 
0; 1; 5564; 5565; 148.914; 0; 0; 35.5; 258.614; 355; 1; 6; 0.147468; 0; 
0; 1; 7540; 7541; 148.914; 0; 0; 31.2; 223.584; 312; 1; 6; 0.214875; 0; 
0; 1; 10341; 10342; 148.914; 0; 0; 26.9; 215.109; 255; 1; 6; 0.33753; 0; 
.
